ISO-10303-21;
HEADER;
/* Generated by software containing ST-Developer
 * from STEP Tools, Inc. (www.steptools.com) 
 */

FILE_DESCRIPTION(
/* description */ (''),
/* implementation_level */ '2;1');

FILE_NAME(
/* name */ 'layer table step.step',
/* time_stamp */ '2026-08-11T16:10:06+02:00',
/* author */ (''),
/* organization */ (''),
/* preprocessor_version */ 'ST-DEVELOPER v20.1',
/* originating_system */ 'Autodesk Translation Framework v15.8.0.0',
/* authorisation */ '');

FILE_SCHEMA (('AUTOMOTIVE_DESIGN { 1 0 10303 214 3 1 1 }'));
ENDSEC;

DATA;
#10=MECHANICAL_DESIGN_GEOMETRIC_PRESENTATION_REPRESENTATION('',(#109,#110,
#111,#112,#113,#114,#115,#116,#117,#118,#119,#120,#121),#10677);
#11=SHAPE_REPRESENTATION_RELATIONSHIP('SRR','None',#10684,#12);
#12=ADVANCED_BREP_SHAPE_REPRESENTATION('',(#122,#123,#124,#125,#126,#127,
#128,#129,#130,#131,#132,#133,#134),#10676);
#13=B_SPLINE_SURFACE_WITH_KNOTS('',3,1,((#3337,#3338),(#3339,#3340),(#3341,
#3342),(#3343,#3344),(#3345,#3346),(#3347,#3348),(#3349,#3350),(#3351,#3352),
(#3353,#3354),(#3355,#3356),(#3357,#3358),(#3359,#3360),(#3361,#3362),(#3363,
#3364),(#3365,#3366),(#3367,#3368),(#3369,#3370),(#3371,#3372),(#3373,#3374),
(#3375,#3376),(#3377,#3378),(#3379,#3380),(#3381,#3382),(#3383,#3384),(#3385,
#3386)),.UNSPECIFIED.,.F.,.F.,.F.,(4,3,3,3,3,3,3,3,4),(2,2),(8.,9.,10.,
11.,12.,13.,14.,15.,16.),(0.,2.664),.UNSPECIFIED.);
#14=B_SPLINE_SURFACE_WITH_KNOTS('',3,1,((#3389,#3390),(#3391,#3392),(#3393,
#3394),(#3395,#3396),(#3397,#3398),(#3399,#3400),(#3401,#3402),(#3403,#3404),
(#3405,#3406),(#3407,#3408),(#3409,#3410),(#3411,#3412),(#3413,#3414),(#3415,
#3416),(#3417,#3418),(#3419,#3420),(#3421,#3422),(#3423,#3424),(#3425,#3426),
(#3427,#3428),(#3429,#3430),(#3431,#3432),(#3433,#3434),(#3435,#3436),(#3437,
#3438)),.UNSPECIFIED.,.F.,.F.,.F.,(4,3,3,3,3,3,3,3,4),(2,2),(0.,1.,2.,3.,
4.,5.,6.,7.,8.),(0.,2.664),.UNSPECIFIED.);
#15=B_SPLINE_SURFACE_WITH_KNOTS('',3,1,((#4123,#4124),(#4125,#4126),(#4127,
#4128),(#4129,#4130),(#4131,#4132),(#4133,#4134),(#4135,#4136),(#4137,#4138),
(#4139,#4140),(#4141,#4142),(#4143,#4144),(#4145,#4146),(#4147,#4148),(#4149,
#4150),(#4151,#4152),(#4153,#4154),(#4155,#4156),(#4157,#4158),(#4159,#4160),
(#4161,#4162),(#4163,#4164),(#4165,#4166)),.UNSPECIFIED.,.F.,.F.,.F.,(4,
3,3,3,3,3,3,4),(2,2),(0.,1.,2.,3.,4.,5.,6.,7.),(0.,2.664),.UNSPECIFIED.);
#16=B_SPLINE_SURFACE_WITH_KNOTS('',3,1,((#4899,#4900),(#4901,#4902),(#4903,
#4904),(#4905,#4906),(#4907,#4908),(#4909,#4910),(#4911,#4912),(#4913,#4914),
(#4915,#4916),(#4917,#4918),(#4919,#4920),(#4921,#4922),(#4923,#4924),(#4925,
#4926),(#4927,#4928),(#4929,#4930),(#4931,#4932),(#4933,#4934),(#4935,#4936),
(#4937,#4938),(#4939,#4940),(#4941,#4942)),.UNSPECIFIED.,.F.,.F.,.F.,(4,
3,3,3,3,3,3,4),(2,2),(0.,1.,2.,3.,4.,5.,6.,7.),(0.,2.664),.UNSPECIFIED.);
#17=B_SPLINE_SURFACE_WITH_KNOTS('',3,1,((#5675,#5676),(#5677,#5678),(#5679,
#5680),(#5681,#5682),(#5683,#5684),(#5685,#5686),(#5687,#5688),(#5689,#5690),
(#5691,#5692),(#5693,#5694),(#5695,#5696),(#5697,#5698),(#5699,#5700),(#5701,
#5702),(#5703,#5704),(#5705,#5706),(#5707,#5708),(#5709,#5710),(#5711,#5712),
(#5713,#5714),(#5715,#5716),(#5717,#5718)),.UNSPECIFIED.,.F.,.F.,.F.,(4,
3,3,3,3,3,3,4),(2,2),(0.,1.,2.,3.,4.,5.,6.,7.),(0.,2.664),.UNSPECIFIED.);
#18=B_SPLINE_SURFACE_WITH_KNOTS('',3,1,((#6451,#6452),(#6453,#6454),(#6455,
#6456),(#6457,#6458),(#6459,#6460),(#6461,#6462),(#6463,#6464),(#6465,#6466),
(#6467,#6468),(#6469,#6470),(#6471,#6472),(#6473,#6474),(#6475,#6476),(#6477,
#6478),(#6479,#6480),(#6481,#6482),(#6483,#6484),(#6485,#6486),(#6487,#6488),
(#6489,#6490),(#6491,#6492),(#6493,#6494)),.UNSPECIFIED.,.F.,.F.,.F.,(4,
3,3,3,3,3,3,4),(2,2),(0.,1.,2.,3.,4.,5.,6.,7.),(0.,2.664),.UNSPECIFIED.);
#19=B_SPLINE_SURFACE_WITH_KNOTS('',3,1,((#7468,#7469),(#7470,#7471),(#7472,
#7473),(#7474,#7475),(#7476,#7477),(#7478,#7479),(#7480,#7481),(#7482,#7483),
(#7484,#7485),(#7486,#7487),(#7488,#7489),(#7490,#7491),(#7492,#7493),(#7494,
#7495),(#7496,#7497),(#7498,#7499),(#7500,#7501),(#7502,#7503),(#7504,#7505),
(#7506,#7507),(#7508,#7509),(#7510,#7511),(#7512,#7513),(#7514,#7515),(#7516,
#7517)),.UNSPECIFIED.,.F.,.F.,.F.,(4,3,3,3,3,3,3,3,4),(2,2),(8.,9.,10.,
11.,12.,13.,14.,15.,16.),(0.,2.664),.UNSPECIFIED.);
#20=B_SPLINE_SURFACE_WITH_KNOTS('',3,1,((#7520,#7521),(#7522,#7523),(#7524,
#7525),(#7526,#7527),(#7528,#7529),(#7530,#7531),(#7532,#7533),(#7534,#7535),
(#7536,#7537),(#7538,#7539),(#7540,#7541),(#7542,#7543),(#7544,#7545),(#7546,
#7547),(#7548,#7549),(#7550,#7551),(#7552,#7553),(#7554,#7555),(#7556,#7557),
(#7558,#7559),(#7560,#7561),(#7562,#7563),(#7564,#7565),(#7566,#7567),(#7568,
#7569)),.UNSPECIFIED.,.F.,.F.,.F.,(4,3,3,3,3,3,3,3,4),(2,2),(0.,1.,2.,3.,
4.,5.,6.,7.,8.),(0.,2.664),.UNSPECIFIED.);
#21=B_SPLINE_SURFACE_WITH_KNOTS('',3,1,((#8254,#8255),(#8256,#8257),(#8258,
#8259),(#8260,#8261),(#8262,#8263),(#8264,#8265),(#8266,#8267),(#8268,#8269),
(#8270,#8271),(#8272,#8273),(#8274,#8275),(#8276,#8277),(#8278,#8279),(#8280,
#8281),(#8282,#8283),(#8284,#8285),(#8286,#8287),(#8288,#8289),(#8290,#8291),
(#8292,#8293),(#8294,#8295),(#8296,#8297)),.UNSPECIFIED.,.F.,.F.,.F.,(4,
3,3,3,3,3,3,4),(2,2),(0.,1.,2.,3.,4.,5.,6.,7.),(0.,2.664),.UNSPECIFIED.);
#22=B_SPLINE_SURFACE_WITH_KNOTS('',3,1,((#9030,#9031),(#9032,#9033),(#9034,
#9035),(#9036,#9037),(#9038,#9039),(#9040,#9041),(#9042,#9043),(#9044,#9045),
(#9046,#9047),(#9048,#9049),(#9050,#9051),(#9052,#9053),(#9054,#9055),(#9056,
#9057),(#9058,#9059),(#9060,#9061),(#9062,#9063),(#9064,#9065),(#9066,#9067),
(#9068,#9069),(#9070,#9071),(#9072,#9073)),.UNSPECIFIED.,.F.,.F.,.F.,(4,
3,3,3,3,3,3,4),(2,2),(0.,1.,2.,3.,4.,5.,6.,7.),(0.,2.664),.UNSPECIFIED.);
#23=B_SPLINE_SURFACE_WITH_KNOTS('',3,1,((#9806,#9807),(#9808,#9809),(#9810,
#9811),(#9812,#9813),(#9814,#9815),(#9816,#9817),(#9818,#9819),(#9820,#9821),
(#9822,#9823),(#9824,#9825),(#9826,#9827),(#9828,#9829),(#9830,#9831),(#9832,
#9833),(#9834,#9835),(#9836,#9837),(#9838,#9839),(#9840,#9841),(#9842,#9843),
(#9844,#9845),(#9846,#9847),(#9848,#9849)),.UNSPECIFIED.,.F.,.F.,.F.,(4,
3,3,3,3,3,3,4),(2,2),(0.,1.,2.,3.,4.,5.,6.,7.),(0.,2.664),.UNSPECIFIED.);
#24=B_SPLINE_SURFACE_WITH_KNOTS('',3,1,((#10582,#10583),(#10584,#10585),
(#10586,#10587),(#10588,#10589),(#10590,#10591),(#10592,#10593),(#10594,
#10595),(#10596,#10597),(#10598,#10599),(#10600,#10601),(#10602,#10603),
(#10604,#10605),(#10606,#10607),(#10608,#10609),(#10610,#10611),(#10612,
#10613),(#10614,#10615),(#10616,#10617),(#10618,#10619),(#10620,#10621),
(#10622,#10623),(#10624,#10625)),.UNSPECIFIED.,.F.,.F.,.F.,(4,3,3,3,3,3,
3,4),(2,2),(0.,1.,2.,3.,4.,5.,6.,7.),(0.,2.664),.UNSPECIFIED.);
#25=B_SPLINE_CURVE_WITH_KNOTS('',3,(#2415,#2416,#2417,#2418,#2419,#2420,
#2421,#2422,#2423,#2424,#2425,#2426,#2427,#2428,#2429,#2430,#2431,#2432,
#2433,#2434,#2435,#2436,#2437,#2438,#2439),.UNSPECIFIED.,.F.,.F.,(4,3,3,
3,3,3,3,3,4),(-16.,-15.,-14.,-13.,-12.,-11.,-10.,-9.,-8.),.UNSPECIFIED.);
#26=B_SPLINE_CURVE_WITH_KNOTS('',3,(#2440,#2441,#2442,#2443,#2444,#2445,
#2446,#2447,#2448,#2449,#2450,#2451,#2452,#2453,#2454,#2455,#2456,#2457,
#2458,#2459,#2460,#2461,#2462,#2463,#2464),.UNSPECIFIED.,.F.,.F.,(4,3,3,
3,3,3,3,3,4),(-8.,-7.,-6.,-5.,-4.,-3.,-2.,-1.,0.),.UNSPECIFIED.);
#27=B_SPLINE_CURVE_WITH_KNOTS('',3,(#2468,#2469,#2470,#2471,#2472,#2473,
#2474,#2475,#2476,#2477,#2478,#2479,#2480,#2481,#2482,#2483,#2484,#2485,
#2486,#2487,#2488,#2489,#2490,#2491,#2492,#2493,#2494,#2495,#2496,#2497,
#2498,#2499,#2500,#2501,#2502,#2503,#2504,#2505,#2506,#2507,#2508,#2509,
#2510,#2511,#2512,#2513,#2514,#2515,#2516,#2517,#2518,#2519,#2520,#2521,
#2522,#2523,#2524,#2525,#2526,#2527,#2528,#2529,#2530,#2531,#2532,#2533,
#2534,#2535,#2536,#2537,#2538,#2539,#2540,#2541,#2542,#2543,#2544,#2545,
#2546,#2547,#2548,#2549,#2550,#2551,#2552,#2553,#2554,#2555,#2556,#2557,
#2558,#2559,#2560,#2561,#2562,#2563,#2564,#2565,#2566,#2567,#2568,#2569,
#2570,#2571,#2572,#2573,#2574,#2575,#2576,#2577,#2578,#2579,#2580,#2581,
#2582,#2583,#2584,#2585,#2586,#2587,#2588,#2589,#2590,#2591,#2592,#2593,
#2594,#2595,#2596,#2597,#2598,#2599,#2600,#2601,#2602,#2603,#2604,#2605,
#2606,#2607,#2608,#2609,#2610,#2611,#2612,#2613,#2614,#2615,#2616,#2617,
#2618,#2619,#2620,#2621,#2622,#2623,#2624,#2625,#2626,#2627,#2628,#2629,
#2630,#2631,#2632,#2633,#2634,#2635,#2636,#2637,#2638,#2639,#2640,#2641,
#2642,#2643,#2644,#2645,#2646,#2647,#2648,#2649,#2650,#2651,#2652,#2653,
#2654,#2655,#2656,#2657,#2658,#2659,#2660,#2661,#2662,#2663,#2664,#2665,
#2666,#2667,#2668,#2669,#2670,#2671,#2672,#2673,#2674,#2675,#2676,#2677,
#2678,#2679,#2680,#2681,#2682,#2683,#2684,#2685,#2686,#2687,#2688,#2689,
#2690,#2691,#2692,#2693,#2694,#2695,#2696,#2697,#2698,#2699,#2700,#2701,
#2702,#2703,#2704,#2705,#2706,#2707,#2708,#2709,#2710,#2711,#2712,#2713,
#2714,#2715,#2716,#2717,#2718,#2719,#2720,#2721,#2722,#2723,#2724,#2725,
#2726,#2727,#2728,#2729,#2730,#2731,#2732,#2733,#2734,#2735,#2736,#2737,
#2738,#2739,#2740,#2741,#2742,#2743,#2744,#2745,#2746,#2747,#2748,#2749,
#2750,#2751,#2752,#2753,#2754,#2755,#2756,#2757,#2758,#2759,#2760,#2761,
#2762,#2763,#2764,#2765,#2766,#2767,#2768,#2769,#2770,#2771,#2772,#2773,
#2774,#2775,#2776,#2777,#2778,#2779,#2780,#2781,#2782,#2783,#2784,#2785,
#2786,#2787,#2788,#2789,#2790,#2791,#2792,#2793,#2794,#2795,#2796,#2797,
#2798,#2799,#2800,#2801,#2802,#2803,#2804,#2805,#2806,#2807,#2808,#2809,
#2810,#2811,#2812,#2813,#2814,#2815,#2816,#2817,#2818,#2819,#2820,#2821,
#2822,#2823,#2824,#2825,#2826,#2827,#2828,#2829,#2830,#2831,#2832,#2833,
#2834,#2835,#2836,#2837,#2838,#2839,#2840,#2841,#2842,#2843,#2844,#2845,
#2846,#2847,#2848,#2849,#2850,#2851,#2852,#2853,#2854,#2855,#2856,#2857,
#2858,#2859,#2860,#2861,#2862,#2863,#2864,#2865,#2866,#2867,#2868,#2869,
#2870,#2871,#2872,#2873,#2874,#2875,#2876,#2877,#2878,#2879,#2880,#2881,
#2882,#2883,#2884,#2885,#2886,#2887,#2888,#2889,#2890,#2891,#2892,#2893,
#2894,#2895,#2896,#2897,#2898,#2899,#2900),.UNSPECIFIED.,.F.,.F.,(4,3,3,
3,3,3,3,3,3,3,3,3,3,3,3,3,3,3,3,3,3,3,3,3,3,3,3,3,3,3,3,3,3,3,3,3,3,3,3,
3,3,3,3,3,3,3,3,3,3,3,3,3,3,3,3,3,3,3,3,3,3,3,3,3,3,3,3,3,3,3,3,3,3,3,3,
3,3,3,3,3,3,3,3,3,3,3,3,3,3,3,3,3,3,3,3,3,3,3,3,3,3,3,3,3,3,3,3,3,3,3,3,
3,3,3,3,3,3,3,3,3,3,3,3,3,3,3,3,3,3,3,3,3,3,3,3,3,3,3,3,3,3,3,3,3,4),(0.,
0.60054716155767,0.900820742336504,0.975889137531213,0.989964461630221,
0.996562269801631,0.999758083134657,0.999951972464554,1.00011265931685,
1.20109432311534,1.22718912418457,1.25234461805822,1.27679962074832,1.30071227641834,
1.32419500830349,1.34733200996698,1.37018894083323,1.39281872448928,1.41526522837997,
1.43756571513354,1.45975254478025,1.48185440170454,1.50389721092101,1.52590484718714,
1.54789970495996,1.56990317599192,1.59193606856857,1.61401899484866,1.6361727487799,
1.65891195198116,1.68134222243621,1.70391846191491,1.7266661069744,1.74961346659423,
1.77279263425611,1.79624070274527,1.82000143201231,1.84433609135197,1.86910625313207,
1.89439321905233,1.92079491428924,1.94788413355058,1.97662109955983,2.,
2.1382166247573,2.56945665407383,2.78507666873209,2.89288667606122,2.94679167972579,
2.97374418155807,2.98722043247422,2.99395855793229,2.99732762066132,2.99901215202584,
2.9998544177081,2.99995970091838,2.99998586024513,2.99999890162723,3.00001117795642,
3.00069668339036,3.00180407018925,3.00235722287249,3.00251085372695,3.00260400364558,
3.00267845202689,3.05027187392898,3.09787281679874,3.14546944910999,3.19305317467718,
3.24062010716156,3.28817226140928,3.33571845298312,3.38565234751271,3.43328176150347,
3.48099656647139,3.52884040295821,3.57686626499763,3.62513779901219,3.67373123562261,
3.72273824040595,3.77422855603728,3.82484230722386,3.87632756574804,3.92890391597338,
3.98034312834418,3.99963283298324,4.00085593547015,4.04416062407216,4.08941069476438,
4.13113239347956,4.1346607654566,5.,6.,6.01046173817808,6.59953697804889,
6.8940745979843,6.96770900296815,6.99532190483709,6.99834206597901,6.99982855154104,
6.9999972864391,7.00015440450708,7.1886122179197,7.21164147490279,7.23381306950615,
7.25532962389576,7.27632738313685,7.2969035742364,7.31713078194103,7.33706514441347,
7.35778185865055,7.37785117556772,7.39729332633123,7.4163500835944,7.43528636414207,
7.4541195197599,7.4728650465124,7.4915369592069,7.51014809253329,7.52871034882638,
7.54723490683492,7.56573240215831,7.58421308750767,7.60268697926635,7.62116399574679,
7.63965409189973,7.65816739496202,7.67671434559326,7.69530584943983,7.71434923384984,
7.7331066584565,7.75195012942043,7.77089413864296,7.78995482573192,7.8091503773183,
7.82850153812629,7.84803227887079,7.8678920332691,7.88799381072281,7.90837632307267,
7.92908715764123,7.95040225596728,7.97214861029765,7.99466130635155,8.),
 .UNSPECIFIED.);
#28=B_SPLINE_CURVE_WITH_KNOTS('',3,(#2901,#2902,#2903,#2904,#2905,#2906,
#2907,#2908,#2909,#2910,#2911,#2912,#2913,#2914,#2915,#2916,#2917,#2918,
#2919,#2920,#2921,#2922,#2923,#2924,#2925,#2926,#2927,#2928,#2929,#2930,
#2931,#2932,#2933,#2934,#2935,#2936,#2937,#2938,#2939,#2940,#2941,#2942,
#2943,#2944,#2945,#2946,#2947,#2948,#2949,#2950,#2951,#2952,#2953,#2954,
#2955,#2956,#2957,#2958,#2959,#2960,#2961,#2962,#2963,#2964,#2965,#2966,
#2967,#2968,#2969,#2970,#2971,#2972,#2973,#2974,#2975,#2976,#2977,#2978,
#2979,#2980,#2981,#2982,#2983,#2984,#2985,#2986,#2987,#2988,#2989,#2990,
#2991,#2992,#2993,#2994,#2995,#2996,#2997,#2998,#2999,#3000,#3001,#3002,
#3003,#3004,#3005,#3006,#3007,#3008,#3009,#3010,#3011,#3012,#3013,#3014,
#3015,#3016,#3017,#3018,#3019,#3020,#3021,#3022,#3023,#3024,#3025,#3026,
#3027,#3028,#3029,#3030,#3031,#3032,#3033,#3034,#3035,#3036,#3037,#3038,
#3039,#3040,#3041,#3042,#3043,#3044,#3045,#3046,#3047,#3048,#3049,#3050,
#3051,#3052,#3053,#3054,#3055,#3056,#3057,#3058,#3059,#3060,#3061,#3062,
#3063,#3064,#3065,#3066,#3067,#3068,#3069,#3070,#3071,#3072,#3073,#3074,
#3075,#3076,#3077,#3078,#3079,#3080,#3081,#3082,#3083,#3084,#3085,#3086,
#3087,#3088,#3089,#3090,#3091,#3092,#3093,#3094,#3095,#3096,#3097,#3098,
#3099,#3100,#3101,#3102,#3103,#3104,#3105,#3106,#3107,#3108,#3109,#3110,
#3111,#3112,#3113,#3114,#3115,#3116,#3117,#3118,#3119,#3120,#3121,#3122,
#3123,#3124,#3125,#3126,#3127,#3128,#3129,#3130,#3131,#3132,#3133,#3134,
#3135,#3136,#3137,#3138,#3139,#3140,#3141,#3142,#3143,#3144,#3145,#3146,
#3147,#3148,#3149,#3150,#3151,#3152,#3153,#3154,#3155,#3156,#3157,#3158,
#3159,#3160,#3161,#3162,#3163,#3164,#3165,#3166,#3167,#3168,#3169,#3170,
#3171,#3172,#3173,#3174,#3175,#3176,#3177,#3178,#3179,#3180,#3181,#3182,
#3183,#3184,#3185,#3186,#3187,#3188,#3189,#3190,#3191,#3192,#3193,#3194,
#3195,#3196,#3197,#3198,#3199,#3200,#3201,#3202,#3203,#3204,#3205,#3206,
#3207,#3208,#3209,#3210,#3211,#3212,#3213,#3214,#3215,#3216,#3217,#3218,
#3219,#3220,#3221,#3222,#3223,#3224,#3225,#3226,#3227,#3228,#3229,#3230,
#3231,#3232,#3233,#3234,#3235,#3236,#3237,#3238,#3239,#3240,#3241,#3242,
#3243,#3244,#3245,#3246,#3247,#3248,#3249,#3250,#3251,#3252,#3253,#3254,
#3255,#3256,#3257,#3258,#3259,#3260,#3261,#3262,#3263,#3264,#3265,#3266,
#3267,#3268,#3269,#3270,#3271,#3272,#3273,#3274,#3275,#3276,#3277,#3278,
#3279,#3280,#3281,#3282,#3283,#3284,#3285,#3286,#3287,#3288,#3289,#3290,
#3291,#3292,#3293,#3294,#3295,#3296,#3297,#3298,#3299,#3300,#3301,#3302,
#3303,#3304,#3305,#3306,#3307,#3308,#3309,#3310,#3311,#3312,#3313,#3314,
#3315,#3316,#3317,#3318,#3319,#3320,#3321,#3322,#3323,#3324,#3325,#3326,
#3327,#3328,#3329,#3330,#3331,#3332,#3333,#3334,#3335,#3336),
 .UNSPECIFIED.,.F.,.F.,(4,3,3,3,3,3,3,3,3,3,3,3,3,3,3,3,3,3,3,3,3,3,3,3,
3,3,3,3,3,3,3,3,3,3,3,3,3,3,3,3,3,3,3,3,3,3,3,3,3,3,3,3,3,3,3,3,3,3,3,3,
3,3,3,3,3,3,3,3,3,3,3,3,3,3,3,3,3,3,3,3,3,3,3,3,3,3,3,3,3,3,3,3,3,3,3,3,
3,3,3,3,3,3,3,3,3,3,3,3,3,3,3,3,3,3,3,3,3,3,3,3,3,3,3,3,3,3,3,3,3,3,3,3,
3,3,3,3,3,3,3,3,3,3,3,3,3,4),(8.,8.59454347424939,8.89181521137408,8.96613314565526,
8.9940023710107,8.99705056753395,8.99855085176024,8.9993591888978,8.99974089376138,
8.99998210360675,9.00015814786594,9.18908694849878,9.21209167316306,9.23424141187943,
9.25573792720454,9.27671696129197,9.29727542266893,9.3174856818093,9.33740372572992,
9.35707412004837,9.37716555379686,9.3966291302407,9.4156778683087,9.43460546511468,
9.45342934733961,9.4721650698867,9.49082669366656,9.50942708912693,9.5279781857451,
9.54649118204666,9.56497672693116,9.5834450805376,9.6019062611852,9.62037018381358,
9.63884679469526,9.65734620691591,9.67587884115577,9.6944555766899,9.71355210314678,
9.73229390655981,9.75112124407707,9.77004855010048,9.78909189396289,9.80826937591336,
9.82760163357649,9.84711250336636,9.86695147531601,9.88703121466168,9.90739017136109,
9.92807558099748,9.94936503905126,9.97108343336926,9.99357395484529,10.,
10.1337990779841,10.5672484357217,10.7839731145905,10.8923354540249,10.946516623742,
10.9736072086006,10.9871525010299,10.9939251472446,10.9973114703519,10.9990046319056,
10.9998512126824,10.9999570352795,10.9999849262931,10.9999989761995,11.0000108317673,
11.0006977934592,11.0018051791539,11.0023583312856,11.0025267625255,11.0026038697004,
11.002678835382,11.0492074341776,11.0959804034326,11.1429807753187,11.1901871972595,
11.2375760014755,11.2851237364321,11.3328099114964,11.3829255885795,11.4309227185741,
11.4790416292028,11.527301761666,11.5757343684557,11.6243834519449,11.6733069561984,
11.7225784849629,11.7740887674458,11.8247035798455,11.8760405458429,11.9282710324275,
11.9798684605272,11.9992174960646,12.0008528799405,12.0426013162414,12.0842161034296,
12.1237460630325,12.1346607448262,13.,14.,14.0105015055935,14.605794247114,
14.9034406178743,14.9778522105644,14.9918043841938,14.9983444655825,14.9999283915439,
15.0001082974178,15.2010869886346,15.2298266239359,15.257153739206,15.283458827159,
15.308980460457,15.3338783621238,15.3582666061718,15.3822307224224,15.4058373558335,
15.4291401174506,15.4521833317724,15.4750045500294,15.4976363039526,15.5201073740002,
15.54244373803,15.5646693054328,15.5868065060195,15.6088767814654,15.6309010140663,
15.6539697006871,15.6759728717705,15.6980040916457,15.7200851692889,15.7422395198956,
15.7644927150348,15.7868731713299,15.8094130417564,15.8332364115368,15.8563643430061,
15.8797936016732,15.9035873200959,15.9281301609765,15.9531999854124,15.97940835787,
16.),.UNSPECIFIED.);
#29=B_SPLINE_CURVE_WITH_KNOTS('',3,(#3470,#3471,#3472,#3473,#3474,#3475,
#3476,#3477,#3478,#3479,#3480,#3481,#3482,#3483,#3484,#3485,#3486,#3487,
#3488,#3489,#3490,#3491,#3492,#3493,#3494,#3495,#3496,#3497,#3498,#3499,
#3500,#3501,#3502,#3503,#3504,#3505,#3506,#3507,#3508,#3509,#3510,#3511,
#3512,#3513,#3514,#3515,#3516,#3517,#3518,#3519,#3520,#3521,#3522,#3523,
#3524,#3525,#3526,#3527,#3528,#3529,#3530,#3531,#3532,#3533,#3534,#3535,
#3536,#3537,#3538,#3539,#3540,#3541,#3542,#3543,#3544,#3545,#3546,#3547,
#3548,#3549,#3550,#3551,#3552,#3553,#3554,#3555,#3556,#3557,#3558,#3559,
#3560,#3561,#3562,#3563,#3564,#3565,#3566,#3567,#3568,#3569,#3570,#3571,
#3572,#3573,#3574,#3575,#3576,#3577,#3578,#3579,#3580,#3581,#3582,#3583,
#3584,#3585,#3586,#3587,#3588,#3589,#3590,#3591,#3592,#3593,#3594,#3595,
#3596,#3597,#3598,#3599,#3600,#3601,#3602,#3603,#3604,#3605,#3606,#3607,
#3608,#3609,#3610,#3611,#3612,#3613,#3614,#3615,#3616,#3617,#3618,#3619,
#3620,#3621,#3622,#3623,#3624,#3625,#3626,#3627,#3628,#3629,#3630,#3631,
#3632,#3633,#3634,#3635,#3636,#3637,#3638,#3639,#3640,#3641,#3642,#3643,
#3644,#3645,#3646,#3647,#3648,#3649,#3650,#3651,#3652,#3653,#3654,#3655,
#3656,#3657,#3658,#3659,#3660,#3661,#3662,#3663,#3664,#3665,#3666,#3667,
#3668,#3669,#3670,#3671,#3672,#3673,#3674,#3675,#3676,#3677,#3678,#3679,
#3680,#3681,#3682,#3683,#3684,#3685,#3686,#3687,#3688,#3689,#3690,#3691,
#3692,#3693,#3694,#3695,#3696,#3697,#3698,#3699,#3700,#3701,#3702,#3703,
#3704,#3705,#3706,#3707,#3708,#3709,#3710,#3711,#3712,#3713,#3714,#3715,
#3716,#3717,#3718,#3719,#3720,#3721,#3722,#3723,#3724,#3725,#3726,#3727,
#3728,#3729,#3730,#3731,#3732,#3733,#3734,#3735,#3736,#3737,#3738,#3739,
#3740,#3741,#3742,#3743,#3744,#3745,#3746,#3747,#3748,#3749,#3750,#3751,
#3752,#3753,#3754,#3755,#3756,#3757,#3758,#3759,#3760,#3761,#3762,#3763,
#3764,#3765,#3766,#3767,#3768,#3769,#3770,#3771,#3772,#3773,#3774,#3775,
#3776,#3777,#3778,#3779),.UNSPECIFIED.,.F.,.F.,(4,3,3,3,3,3,3,3,3,3,3,3,
3,3,3,3,3,3,3,3,3,3,3,3,3,3,3,3,3,3,3,3,3,3,3,3,3,3,3,3,3,3,3,3,3,3,3,3,
3,3,3,3,3,3,3,3,3,3,3,3,3,3,3,3,3,3,3,3,3,3,3,3,3,3,3,3,3,3,3,3,3,3,3,3,
3,3,3,3,3,3,3,3,3,3,3,3,3,3,3,3,3,3,3,4),(0.,1.,1.13823368035556,1.56946518187296,
1.78508093263166,1.89288880801101,1.94679274570068,1.97374471454552,1.98722069896794,
1.99395869117915,1.99732768728475,1.99901218533755,1.99985443436395,1.99995971549225,
1.99998586480279,1.99999892795974,2.00001118253891,2.00069668339036,2.00180407018925,
2.00235722287248,2.00251085372698,2.0026040036475,2.0026784520272,2.05027187392937,
2.09787281679891,2.1454694491095,2.19305317467712,2.24062010716135,2.28817226140937,
2.33571845298317,2.38565234751276,2.4332817615035,2.48099656647148,2.5288404029584,
2.5768662649979,2.62513779901232,2.67373123562272,2.72273824040595,2.77422855603728,
2.8248423072239,2.8763275657483,2.92890391597364,2.98034312834438,2.9996328329834,
3.0008559354384,3.04416062403878,3.08941069474769,3.13113239346437,3.1346607654566,
4.,4.00202678363694,5.,5.01046180235902,5.59953701013936,5.89407461402953,
5.96770901500207,5.99532191536678,5.99834207634417,5.99982856182523,5.9999972950249,
6.00015440611405,6.1886122179197,6.21164147490218,6.23381306950442,6.25532962389429,
6.27632738313613,6.29690357423545,6.31713078194067,6.33706514441316,6.35778185865024,
6.37785117556742,6.39729332633094,6.41635008359404,6.43528636414166,6.45411951975957,
6.47286504651204,6.4915369592065,6.51014809253292,6.52871034882602,6.54723490683441,
6.56573240215768,6.58421308750719,6.60268697926598,6.62116399574636,6.63965409189934,
6.65816739496192,6.67671434559356,6.69530584944076,6.71434923385072,6.73310665845747,
6.75195012942162,6.77089413864414,6.78995482573277,6.80915037731973,6.82850153812801,
6.84803227887221,6.86789203327061,6.8879938107245,6.90837632307448,6.92908715764251,
6.95040225596839,6.97214861029893,6.99466130635259,7.),.UNSPECIFIED.);
#30=B_SPLINE_CURVE_WITH_KNOTS('',3,(#3784,#3785,#3786,#3787,#3788,#3789,
#3790,#3791,#3792,#3793,#3794,#3795,#3796,#3797,#3798,#3799,#3800,#3801,
#3802,#3803,#3804,#3805,#3806,#3807,#3808,#3809,#3810,#3811,#3812,#3813,
#3814,#3815,#3816,#3817,#3818,#3819,#3820,#3821,#3822,#3823,#3824,#3825,
#3826,#3827,#3828,#3829,#3830,#3831,#3832,#3833,#3834,#3835,#3836,#3837,
#3838,#3839,#3840,#3841,#3842,#3843,#3844,#3845,#3846,#3847,#3848,#3849,
#3850,#3851,#3852,#3853,#3854,#3855,#3856,#3857,#3858,#3859,#3860,#3861,
#3862,#3863,#3864,#3865,#3866,#3867,#3868,#3869,#3870,#3871,#3872,#3873,
#3874,#3875,#3876,#3877,#3878,#3879,#3880,#3881,#3882,#3883,#3884,#3885,
#3886,#3887,#3888,#3889,#3890,#3891,#3892,#3893,#3894,#3895,#3896,#3897,
#3898,#3899,#3900,#3901,#3902,#3903,#3904,#3905,#3906,#3907,#3908,#3909,
#3910,#3911,#3912,#3913,#3914,#3915,#3916,#3917,#3918,#3919,#3920,#3921,
#3922,#3923,#3924,#3925,#3926,#3927,#3928,#3929,#3930,#3931,#3932,#3933,
#3934,#3935,#3936,#3937,#3938,#3939,#3940,#3941,#3942,#3943,#3944,#3945,
#3946,#3947,#3948,#3949,#3950,#3951,#3952,#3953,#3954,#3955,#3956,#3957,
#3958,#3959,#3960,#3961,#3962,#3963,#3964,#3965,#3966,#3967,#3968,#3969,
#3970,#3971,#3972,#3973,#3974,#3975,#3976,#3977,#3978,#3979,#3980,#3981,
#3982,#3983,#3984,#3985,#3986,#3987,#3988,#3989,#3990,#3991,#3992,#3993,
#3994,#3995,#3996,#3997,#3998,#3999,#4000,#4001,#4002,#4003,#4004,#4005,
#4006,#4007,#4008,#4009,#4010,#4011,#4012,#4013,#4014,#4015,#4016,#4017,
#4018,#4019,#4020,#4021,#4022,#4023,#4024,#4025,#4026,#4027,#4028,#4029,
#4030,#4031,#4032,#4033,#4034,#4035,#4036,#4037,#4038,#4039,#4040,#4041,
#4042,#4043,#4044,#4045,#4046,#4047,#4048,#4049,#4050,#4051,#4052,#4053,
#4054,#4055,#4056,#4057,#4058,#4059,#4060,#4061,#4062,#4063,#4064,#4065,
#4066,#4067,#4068,#4069,#4070,#4071,#4072,#4073,#4074,#4075,#4076,#4077,
#4078,#4079,#4080,#4081,#4082,#4083,#4084,#4085,#4086,#4087,#4088,#4089,
#4090),.UNSPECIFIED.,.F.,.F.,(4,3,3,3,3,3,3,3,3,3,3,3,3,3,3,3,3,3,3,3,3,
3,3,3,3,3,3,3,3,3,3,3,3,3,3,3,3,3,3,3,3,3,3,3,3,3,3,3,3,3,3,3,3,3,3,3,3,
3,3,3,3,3,3,3,3,3,3,3,3,3,3,3,3,3,3,3,3,3,3,3,3,3,3,3,3,3,3,3,3,3,3,3,3,
3,3,3,3,3,3,3,3,3,4),(0.,1.,1.13823368035556,1.56946518187296,1.78508093263166,
1.89288880801101,1.94679274570068,1.97374471454552,1.98722069896794,1.99395869117915,
1.99732768728475,1.99901218533755,1.99985443436395,1.99995971549225,1.99998586480279,
1.99999892795974,2.00001118253891,2.00069668339036,2.00180407018925,2.00235722287248,
2.00251085372698,2.0026040036475,2.0026784520272,2.05027187392937,2.09787281679891,
2.1454694491095,2.19305317467712,2.24062010716135,2.28817226140937,2.33571845298317,
2.38565234751276,2.4332817615035,2.48099656647148,2.5288404029584,2.5768662649979,
2.62513779901232,2.67373123562272,2.72273824040595,2.77422855603728,2.8248423072239,
2.8763275657483,2.92890391597364,2.98034312834438,2.9996328329834,3.0008559354384,
3.04416062403878,3.08941069474769,3.13113239346437,3.1346607654566,4.,5.,
5.01046180235902,5.59953701013936,5.89407461402953,5.96770901500207,5.99532191536678,
5.99834207634417,5.99982856182523,5.9999972950249,6.00015440611405,6.1886122179197,
6.21164147490218,6.23381306950442,6.25532962389429,6.27632738313613,6.29690357423545,
6.31713078194067,6.33706514441316,6.35778185865024,6.37785117556742,6.39729332633094,
6.41635008359404,6.43528636414166,6.45411951975957,6.47286504651204,6.4915369592065,
6.51014809253292,6.52871034882602,6.54723490683441,6.56573240215768,6.58421308750719,
6.60268697926598,6.62116399574636,6.63965409189934,6.65816739496192,6.67671434559356,
6.69530584944076,6.71434923385072,6.73310665845747,6.75195012942162,6.77089413864414,
6.78995482573277,6.80915037731973,6.82850153812801,6.84803227887221,6.86789203327061,
6.8879938107245,6.90837632307448,6.92908715764251,6.95040225596839,6.97214861029893,
6.99466130635259,7.),.UNSPECIFIED.);
#31=B_SPLINE_CURVE_WITH_KNOTS('',3,(#4246,#4247,#4248,#4249,#4250,#4251,
#4252,#4253,#4254,#4255,#4256,#4257,#4258,#4259,#4260,#4261,#4262,#4263,
#4264,#4265,#4266,#4267,#4268,#4269,#4270,#4271,#4272,#4273,#4274,#4275,
#4276,#4277,#4278,#4279,#4280,#4281,#4282,#4283,#4284,#4285,#4286,#4287,
#4288,#4289,#4290,#4291,#4292,#4293,#4294,#4295,#4296,#4297,#4298,#4299,
#4300,#4301,#4302,#4303,#4304,#4305,#4306,#4307,#4308,#4309,#4310,#4311,
#4312,#4313,#4314,#4315,#4316,#4317,#4318,#4319,#4320,#4321,#4322,#4323,
#4324,#4325,#4326,#4327,#4328,#4329,#4330,#4331,#4332,#4333,#4334,#4335,
#4336,#4337,#4338,#4339,#4340,#4341,#4342,#4343,#4344,#4345,#4346,#4347,
#4348,#4349,#4350,#4351,#4352,#4353,#4354,#4355,#4356,#4357,#4358,#4359,
#4360,#4361,#4362,#4363,#4364,#4365,#4366,#4367,#4368,#4369,#4370,#4371,
#4372,#4373,#4374,#4375,#4376,#4377,#4378,#4379,#4380,#4381,#4382,#4383,
#4384,#4385,#4386,#4387,#4388,#4389,#4390,#4391,#4392,#4393,#4394,#4395,
#4396,#4397,#4398,#4399,#4400,#4401,#4402,#4403,#4404,#4405,#4406,#4407,
#4408,#4409,#4410,#4411,#4412,#4413,#4414,#4415,#4416,#4417,#4418,#4419,
#4420,#4421,#4422,#4423,#4424,#4425,#4426,#4427,#4428,#4429,#4430,#4431,
#4432,#4433,#4434,#4435,#4436,#4437,#4438,#4439,#4440,#4441,#4442,#4443,
#4444,#4445,#4446,#4447,#4448,#4449,#4450,#4451,#4452,#4453,#4454,#4455,
#4456,#4457,#4458,#4459,#4460,#4461,#4462,#4463,#4464,#4465,#4466,#4467,
#4468,#4469,#4470,#4471,#4472,#4473,#4474,#4475,#4476,#4477,#4478,#4479,
#4480,#4481,#4482,#4483,#4484,#4485,#4486,#4487,#4488,#4489,#4490,#4491,
#4492,#4493,#4494,#4495,#4496,#4497,#4498,#4499,#4500,#4501,#4502,#4503,
#4504,#4505,#4506,#4507,#4508,#4509,#4510,#4511,#4512,#4513,#4514,#4515,
#4516,#4517,#4518,#4519,#4520,#4521,#4522,#4523,#4524,#4525,#4526,#4527,
#4528,#4529,#4530,#4531,#4532,#4533,#4534,#4535,#4536,#4537,#4538,#4539,
#4540,#4541,#4542,#4543,#4544,#4545,#4546,#4547,#4548,#4549,#4550,#4551,
#4552,#4553,#4554,#4555),.UNSPECIFIED.,.F.,.F.,(4,3,3,3,3,3,3,3,3,3,3,3,
3,3,3,3,3,3,3,3,3,3,3,3,3,3,3,3,3,3,3,3,3,3,3,3,3,3,3,3,3,3,3,3,3,3,3,3,
3,3,3,3,3,3,3,3,3,3,3,3,3,3,3,3,3,3,3,3,3,3,3,3,3,3,3,3,3,3,3,3,3,3,3,3,
3,3,3,3,3,3,3,3,3,3,3,3,3,3,3,3,3,3,3,4),(0.,1.,1.13823368035556,1.56946518187296,
1.78508093263166,1.89288880801101,1.94679274570068,1.97374471454552,1.98722069896794,
1.99395869117915,1.99732768728475,1.99901218533755,1.99985443436395,1.99995971549225,
1.99998586480279,1.99999892795974,2.00001118253891,2.00069668339036,2.00180407018925,
2.00235722287248,2.00251085372698,2.0026040036475,2.0026784520272,2.05027187392937,
2.09787281679891,2.1454694491095,2.19305317467712,2.24062010716135,2.28817226140937,
2.33571845298317,2.38565234751276,2.4332817615035,2.48099656647148,2.5288404029584,
2.5768662649979,2.62513779901232,2.67373123562272,2.72273824040595,2.77422855603728,
2.8248423072239,2.8763275657483,2.92890391597364,2.98034312834438,2.9996328329834,
3.0008559354384,3.04416062403878,3.08941069474769,3.13113239346437,3.1346607654566,
4.,4.00202678363694,5.,5.01046180235902,5.59953701013936,5.89407461402953,
5.96770901500207,5.99532191536678,5.99834207634417,5.99982856182523,5.9999972950249,
6.00015440611405,6.1886122179197,6.21164147490218,6.23381306950442,6.25532962389429,
6.27632738313613,6.29690357423545,6.31713078194067,6.33706514441316,6.35778185865024,
6.37785117556742,6.39729332633094,6.41635008359404,6.43528636414166,6.45411951975957,
6.47286504651204,6.4915369592065,6.51014809253292,6.52871034882602,6.54723490683441,
6.56573240215768,6.58421308750719,6.60268697926598,6.62116399574636,6.63965409189934,
6.65816739496192,6.67671434559356,6.69530584944076,6.71434923385072,6.73310665845747,
6.75195012942162,6.77089413864414,6.78995482573277,6.80915037731973,6.82850153812801,
6.84803227887221,6.86789203327061,6.8879938107245,6.90837632307448,6.92908715764251,
6.95040225596839,6.97214861029893,6.99466130635259,7.),.UNSPECIFIED.);
#32=B_SPLINE_CURVE_WITH_KNOTS('',3,(#4560,#4561,#4562,#4563,#4564,#4565,
#4566,#4567,#4568,#4569,#4570,#4571,#4572,#4573,#4574,#4575,#4576,#4577,
#4578,#4579,#4580,#4581,#4582,#4583,#4584,#4585,#4586,#4587,#4588,#4589,
#4590,#4591,#4592,#4593,#4594,#4595,#4596,#4597,#4598,#4599,#4600,#4601,
#4602,#4603,#4604,#4605,#4606,#4607,#4608,#4609,#4610,#4611,#4612,#4613,
#4614,#4615,#4616,#4617,#4618,#4619,#4620,#4621,#4622,#4623,#4624,#4625,
#4626,#4627,#4628,#4629,#4630,#4631,#4632,#4633,#4634,#4635,#4636,#4637,
#4638,#4639,#4640,#4641,#4642,#4643,#4644,#4645,#4646,#4647,#4648,#4649,
#4650,#4651,#4652,#4653,#4654,#4655,#4656,#4657,#4658,#4659,#4660,#4661,
#4662,#4663,#4664,#4665,#4666,#4667,#4668,#4669,#4670,#4671,#4672,#4673,
#4674,#4675,#4676,#4677,#4678,#4679,#4680,#4681,#4682,#4683,#4684,#4685,
#4686,#4687,#4688,#4689,#4690,#4691,#4692,#4693,#4694,#4695,#4696,#4697,
#4698,#4699,#4700,#4701,#4702,#4703,#4704,#4705,#4706,#4707,#4708,#4709,
#4710,#4711,#4712,#4713,#4714,#4715,#4716,#4717,#4718,#4719,#4720,#4721,
#4722,#4723,#4724,#4725,#4726,#4727,#4728,#4729,#4730,#4731,#4732,#4733,
#4734,#4735,#4736,#4737,#4738,#4739,#4740,#4741,#4742,#4743,#4744,#4745,
#4746,#4747,#4748,#4749,#4750,#4751,#4752,#4753,#4754,#4755,#4756,#4757,
#4758,#4759,#4760,#4761,#4762,#4763,#4764,#4765,#4766,#4767,#4768,#4769,
#4770,#4771,#4772,#4773,#4774,#4775,#4776,#4777,#4778,#4779,#4780,#4781,
#4782,#4783,#4784,#4785,#4786,#4787,#4788,#4789,#4790,#4791,#4792,#4793,
#4794,#4795,#4796,#4797,#4798,#4799,#4800,#4801,#4802,#4803,#4804,#4805,
#4806,#4807,#4808,#4809,#4810,#4811,#4812,#4813,#4814,#4815,#4816,#4817,
#4818,#4819,#4820,#4821,#4822,#4823,#4824,#4825,#4826,#4827,#4828,#4829,
#4830,#4831,#4832,#4833,#4834,#4835,#4836,#4837,#4838,#4839,#4840,#4841,
#4842,#4843,#4844,#4845,#4846,#4847,#4848,#4849,#4850,#4851,#4852,#4853,
#4854,#4855,#4856,#4857,#4858,#4859,#4860,#4861,#4862,#4863,#4864,#4865,
#4866),.UNSPECIFIED.,.F.,.F.,(4,3,3,3,3,3,3,3,3,3,3,3,3,3,3,3,3,3,3,3,3,
3,3,3,3,3,3,3,3,3,3,3,3,3,3,3,3,3,3,3,3,3,3,3,3,3,3,3,3,3,3,3,3,3,3,3,3,
3,3,3,3,3,3,3,3,3,3,3,3,3,3,3,3,3,3,3,3,3,3,3,3,3,3,3,3,3,3,3,3,3,3,3,3,
3,3,3,3,3,3,3,3,3,4),(0.,1.,1.13823368035556,1.56946518187296,1.78508093263166,
1.89288880801101,1.94679274570068,1.97374471454552,1.98722069896794,1.99395869117915,
1.99732768728475,1.99901218533755,1.99985443436395,1.99995971549225,1.99998586480279,
1.99999892795974,2.00001118253891,2.00069668339036,2.00180407018925,2.00235722287248,
2.00251085372698,2.0026040036475,2.0026784520272,2.05027187392937,2.09787281679891,
2.1454694491095,2.19305317467712,2.24062010716135,2.28817226140937,2.33571845298317,
2.38565234751276,2.4332817615035,2.48099656647148,2.5288404029584,2.5768662649979,
2.62513779901232,2.67373123562272,2.72273824040595,2.77422855603728,2.8248423072239,
2.8763275657483,2.92890391597364,2.98034312834438,2.9996328329834,3.0008559354384,
3.04416062403878,3.08941069474769,3.13113239346437,3.1346607654566,4.,5.,
5.01046180235902,5.59953701013936,5.89407461402953,5.96770901500207,5.99532191536678,
5.99834207634417,5.99982856182523,5.9999972950249,6.00015440611405,6.1886122179197,
6.21164147490218,6.23381306950442,6.25532962389429,6.27632738313613,6.29690357423545,
6.31713078194067,6.33706514441316,6.35778185865024,6.37785117556742,6.39729332633094,
6.41635008359404,6.43528636414166,6.45411951975957,6.47286504651204,6.4915369592065,
6.51014809253292,6.52871034882602,6.54723490683441,6.56573240215768,6.58421308750719,
6.60268697926598,6.62116399574636,6.63965409189934,6.65816739496192,6.67671434559356,
6.69530584944076,6.71434923385072,6.73310665845747,6.75195012942162,6.77089413864414,
6.78995482573277,6.80915037731973,6.82850153812801,6.84803227887221,6.86789203327061,
6.8879938107245,6.90837632307448,6.92908715764251,6.95040225596839,6.97214861029893,
6.99466130635259,7.),.UNSPECIFIED.);
#33=B_SPLINE_CURVE_WITH_KNOTS('',3,(#4996,#4997,#4998,#4999,#5000,#5001,
#5002,#5003,#5004,#5005,#5006,#5007,#5008,#5009,#5010,#5011,#5012,#5013,
#5014,#5015,#5016,#5017,#5018,#5019,#5020,#5021,#5022,#5023,#5024,#5025,
#5026,#5027,#5028,#5029,#5030,#5031,#5032,#5033,#5034,#5035,#5036,#5037,
#5038,#5039,#5040,#5041,#5042,#5043,#5044,#5045,#5046,#5047,#5048,#5049,
#5050,#5051,#5052,#5053,#5054,#5055,#5056,#5057,#5058,#5059,#5060,#5061,
#5062,#5063,#5064,#5065,#5066,#5067,#5068,#5069,#5070,#5071,#5072,#5073,
#5074,#5075,#5076,#5077,#5078,#5079,#5080,#5081,#5082,#5083,#5084,#5085,
#5086,#5087,#5088,#5089,#5090,#5091,#5092,#5093,#5094,#5095,#5096,#5097,
#5098,#5099,#5100,#5101,#5102,#5103,#5104,#5105,#5106,#5107,#5108,#5109,
#5110,#5111,#5112,#5113,#5114,#5115,#5116,#5117,#5118,#5119,#5120,#5121,
#5122,#5123,#5124,#5125,#5126,#5127,#5128,#5129,#5130,#5131,#5132,#5133,
#5134,#5135,#5136,#5137,#5138,#5139,#5140,#5141,#5142,#5143,#5144,#5145,
#5146,#5147,#5148,#5149,#5150,#5151,#5152,#5153,#5154,#5155,#5156,#5157,
#5158,#5159,#5160,#5161,#5162,#5163,#5164,#5165,#5166,#5167,#5168,#5169,
#5170,#5171,#5172,#5173,#5174,#5175,#5176,#5177,#5178,#5179,#5180,#5181,
#5182,#5183,#5184,#5185,#5186,#5187,#5188,#5189,#5190,#5191,#5192,#5193,
#5194,#5195,#5196,#5197,#5198,#5199,#5200,#5201,#5202,#5203,#5204,#5205,
#5206,#5207,#5208,#5209,#5210,#5211,#5212,#5213,#5214,#5215,#5216,#5217,
#5218,#5219,#5220,#5221,#5222,#5223,#5224,#5225,#5226,#5227,#5228,#5229,
#5230,#5231,#5232,#5233,#5234,#5235,#5236,#5237,#5238,#5239,#5240,#5241,
#5242,#5243,#5244,#5245,#5246,#5247,#5248,#5249,#5250,#5251,#5252,#5253,
#5254,#5255,#5256,#5257,#5258,#5259,#5260,#5261,#5262,#5263,#5264,#5265,
#5266,#5267,#5268,#5269,#5270,#5271,#5272,#5273,#5274,#5275,#5276,#5277,
#5278,#5279,#5280,#5281,#5282,#5283,#5284,#5285,#5286,#5287,#5288,#5289,
#5290,#5291,#5292,#5293,#5294,#5295,#5296,#5297,#5298,#5299,#5300,#5301,
#5302,#5303,#5304,#5305),.UNSPECIFIED.,.F.,.F.,(4,3,3,3,3,3,3,3,3,3,3,3,
3,3,3,3,3,3,3,3,3,3,3,3,3,3,3,3,3,3,3,3,3,3,3,3,3,3,3,3,3,3,3,3,3,3,3,3,
3,3,3,3,3,3,3,3,3,3,3,3,3,3,3,3,3,3,3,3,3,3,3,3,3,3,3,3,3,3,3,3,3,3,3,3,
3,3,3,3,3,3,3,3,3,3,3,3,3,3,3,3,3,3,3,4),(0.,1.,1.13855899446738,1.56962783892885,
1.78516226115959,1.89292947227496,1.94681307783264,1.97375488061149,1.98722578200091,
1.99396123269562,1.99732895804297,1.99901282071665,1.99985475205349,1.99995999347059,
1.99998595922673,1.99999951007111,2.00001130393683,2.00069668339033,2.00180407018922,
2.00235722287246,2.00251085372843,2.002604003655,2.00267845202833,2.0502718739307,
2.09787281680045,2.14546944911134,2.19305317467913,2.24062010716373,2.28817226141229,
2.33571845298629,2.38565234751568,2.43328176150651,2.48099656647446,2.52884040296138,
2.5768662650008,2.62513779901514,2.67373123562558,2.72273824040909,2.77422855604003,
2.82484230722669,2.87632756575097,2.92890391597652,2.98034312834654,2.9996328329853,
3.00085593539619,3.04416062399433,3.08941069472546,3.131132393443,3.13466076545659,
4.,4.00202678363687,5.,5.01046177145959,5.59953699468965,5.89407460630467,
5.96770900920843,5.99532191029734,5.99834207135394,5.99982855687398,5.99999729086342,
6.00015440533509,6.1886122179197,6.21164147490218,6.23381306950531,6.25532962389477,
6.27632738313694,6.29690357423523,6.31713078194019,6.33706514441174,6.35778185864887,
6.37785117556609,6.39729332632965,6.41635008359276,6.43528636414036,6.45411951975832,
6.47286504651078,6.49153695920516,6.51014809253166,6.52871034882483,6.54723490683328,
6.56573240215664,6.58421308750599,6.60268697926502,6.62116399574538,6.63965409189808,
6.65816739496086,6.67671434559264,6.69530584944,6.71434923385,6.73310665845669,
6.75195012942082,6.77089413864329,6.78995482573213,6.80915037731855,6.82850153812691,
6.84803227887152,6.86789203326973,6.88799381072364,6.90837632307362,6.92908715764177,
6.95040225596751,6.97214861029792,6.99466130635204,7.),.UNSPECIFIED.);
#34=B_SPLINE_CURVE_WITH_KNOTS('',3,(#5365,#5366,#5367,#5368,#5369,#5370,
#5371,#5372,#5373,#5374,#5375,#5376,#5377,#5378,#5379,#5380,#5381,#5382,
#5383,#5384,#5385,#5386,#5387,#5388,#5389,#5390,#5391,#5392,#5393,#5394,
#5395,#5396,#5397,#5398,#5399,#5400,#5401,#5402,#5403,#5404,#5405,#5406,
#5407,#5408,#5409,#5410,#5411,#5412,#5413,#5414,#5415,#5416,#5417,#5418,
#5419,#5420,#5421,#5422,#5423,#5424,#5425,#5426,#5427,#5428,#5429,#5430,
#5431,#5432,#5433,#5434,#5435,#5436,#5437,#5438,#5439,#5440,#5441,#5442,
#5443,#5444,#5445,#5446,#5447,#5448,#5449,#5450,#5451,#5452,#5453,#5454,
#5455,#5456,#5457,#5458,#5459,#5460,#5461,#5462,#5463,#5464,#5465,#5466,
#5467,#5468,#5469,#5470,#5471,#5472,#5473,#5474,#5475,#5476,#5477,#5478,
#5479,#5480,#5481,#5482,#5483,#5484,#5485,#5486,#5487,#5488,#5489,#5490,
#5491,#5492,#5493,#5494,#5495,#5496,#5497,#5498,#5499,#5500,#5501,#5502,
#5503,#5504,#5505,#5506,#5507,#5508,#5509,#5510,#5511,#5512,#5513,#5514,
#5515,#5516,#5517,#5518,#5519,#5520,#5521,#5522,#5523,#5524,#5525,#5526,
#5527,#5528,#5529,#5530,#5531,#5532,#5533,#5534,#5535,#5536,#5537,#5538,
#5539,#5540,#5541,#5542,#5543,#5544,#5545,#5546,#5547,#5548,#5549,#5550,
#5551,#5552,#5553,#5554,#5555,#5556,#5557,#5558,#5559,#5560,#5561,#5562,
#5563,#5564,#5565,#5566,#5567,#5568,#5569,#5570,#5571,#5572,#5573,#5574,
#5575,#5576,#5577,#5578,#5579,#5580,#5581,#5582,#5583,#5584,#5585,#5586,
#5587,#5588,#5589,#5590,#5591,#5592,#5593,#5594,#5595,#5596,#5597,#5598,
#5599,#5600,#5601,#5602,#5603,#5604,#5605,#5606,#5607,#5608,#5609,#5610,
#5611,#5612,#5613,#5614,#5615,#5616,#5617,#5618,#5619,#5620,#5621,#5622,
#5623,#5624,#5625,#5626,#5627,#5628,#5629,#5630,#5631,#5632,#5633,#5634,
#5635,#5636,#5637,#5638,#5639,#5640,#5641,#5642,#5643,#5644,#5645,#5646,
#5647,#5648,#5649,#5650,#5651,#5652,#5653,#5654,#5655,#5656,#5657,#5658,
#5659,#5660,#5661,#5662,#5663,#5664,#5665,#5666,#5667,#5668,#5669,#5670,
#5671),.UNSPECIFIED.,.F.,.F.,(4,3,3,3,3,3,3,3,3,3,3,3,3,3,3,3,3,3,3,3,3,
3,3,3,3,3,3,3,3,3,3,3,3,3,3,3,3,3,3,3,3,3,3,3,3,3,3,3,3,3,3,3,3,3,3,3,3,
3,3,3,3,3,3,3,3,3,3,3,3,3,3,3,3,3,3,3,3,3,3,3,3,3,3,3,3,3,3,3,3,3,3,3,3,
3,3,3,3,3,3,3,3,3,4),(0.,1.,1.13855899446738,1.56962783892885,1.78516226115959,
1.89292947227496,1.94681307783264,1.97375488061149,1.98722578200091,1.99396123269562,
1.99732895804297,1.99901282071665,1.99985475205349,1.99995999347059,1.99998595922673,
1.99999951007111,2.00001130393683,2.00069668339033,2.00180407018922,2.00235722287246,
2.00251085372843,2.002604003655,2.00267845202833,2.0502718739307,2.0978728168002,
2.14546944911101,2.19305317467893,2.24062010716324,2.28817226141153,2.33571845298567,
2.38565234751511,2.43328176150596,2.48099656647397,2.5288404029609,2.57686626500034,
2.62513779901481,2.67373123562516,2.72273824040846,2.77422855603948,2.82484230722612,
2.87632756575042,2.92890391597597,2.98034312834613,2.99963283298493,3.0008559354956,
3.044160624099,3.0894106947778,3.13113239349409,3.1346607654566,4.,5.,5.01046180235902,
5.59953701013936,5.89407461402953,5.96770901500207,5.99532191536678,5.99834207634417,
5.99982856182523,5.9999972950249,6.00015440611405,6.1886122179197,6.21164147490218,
6.23381306950531,6.25532962389477,6.27632738313694,6.29690357423523,6.31713078194019,
6.33706514441174,6.35778185864887,6.37785117556609,6.39729332632965,6.41635008359276,
6.43528636414036,6.45411951975832,6.47286504651078,6.49153695920516,6.51014809253166,
6.52871034882483,6.54723490683328,6.56573240215664,6.58421308750599,6.60268697926502,
6.62116399574538,6.63965409189808,6.65816739496086,6.67671434559264,6.69530584944,
6.71434923385,6.73310665845669,6.75195012942082,6.77089413864329,6.78995482573213,
6.80915037731855,6.82850153812691,6.84803227887152,6.86789203326973,6.88799381072364,
6.90837632307362,6.92908715764177,6.95040225596751,6.97214861029792,6.99466130635204,
7.),.UNSPECIFIED.);
#35=B_SPLINE_CURVE_WITH_KNOTS('',3,(#5772,#5773,#5774,#5775,#5776,#5777,
#5778,#5779,#5780,#5781,#5782,#5783,#5784,#5785,#5786,#5787,#5788,#5789,
#5790,#5791,#5792,#5793,#5794,#5795,#5796,#5797,#5798,#5799,#5800,#5801,
#5802,#5803,#5804,#5805,#5806,#5807,#5808,#5809,#5810,#5811,#5812,#5813,
#5814,#5815,#5816,#5817,#5818,#5819,#5820,#5821,#5822,#5823,#5824,#5825,
#5826,#5827,#5828,#5829,#5830,#5831,#5832,#5833,#5834,#5835,#5836,#5837,
#5838,#5839,#5840,#5841,#5842,#5843,#5844,#5845,#5846,#5847,#5848,#5849,
#5850,#5851,#5852,#5853,#5854,#5855,#5856,#5857,#5858,#5859,#5860,#5861,
#5862,#5863,#5864,#5865,#5866,#5867,#5868,#5869,#5870,#5871,#5872,#5873,
#5874,#5875,#5876,#5877,#5878,#5879,#5880,#5881,#5882,#5883,#5884,#5885,
#5886,#5887,#5888,#5889,#5890,#5891,#5892,#5893,#5894,#5895,#5896,#5897,
#5898,#5899,#5900,#5901,#5902,#5903,#5904,#5905,#5906,#5907,#5908,#5909,
#5910,#5911,#5912,#5913,#5914,#5915,#5916,#5917,#5918,#5919,#5920,#5921,
#5922,#5923,#5924,#5925,#5926,#5927,#5928,#5929,#5930,#5931,#5932,#5933,
#5934,#5935,#5936,#5937,#5938,#5939,#5940,#5941,#5942,#5943,#5944,#5945,
#5946,#5947,#5948,#5949,#5950,#5951,#5952,#5953,#5954,#5955,#5956,#5957,
#5958,#5959,#5960,#5961,#5962,#5963,#5964,#5965,#5966,#5967,#5968,#5969,
#5970,#5971,#5972,#5973,#5974,#5975,#5976,#5977,#5978,#5979,#5980,#5981,
#5982,#5983,#5984,#5985,#5986,#5987,#5988,#5989,#5990,#5991,#5992,#5993,
#5994,#5995,#5996,#5997,#5998,#5999,#6000,#6001,#6002,#6003,#6004,#6005,
#6006,#6007,#6008,#6009,#6010,#6011,#6012,#6013,#6014,#6015,#6016,#6017,
#6018,#6019,#6020,#6021,#6022,#6023,#6024,#6025,#6026,#6027,#6028,#6029,
#6030,#6031,#6032,#6033,#6034,#6035,#6036,#6037,#6038,#6039,#6040,#6041,
#6042,#6043,#6044,#6045,#6046,#6047,#6048,#6049,#6050,#6051,#6052,#6053,
#6054,#6055,#6056,#6057,#6058,#6059,#6060,#6061,#6062,#6063,#6064,#6065,
#6066,#6067,#6068,#6069,#6070,#6071,#6072,#6073,#6074,#6075,#6076,#6077,
#6078,#6079,#6080,#6081),.UNSPECIFIED.,.F.,.F.,(4,3,3,3,3,3,3,3,3,3,3,3,
3,3,3,3,3,3,3,3,3,3,3,3,3,3,3,3,3,3,3,3,3,3,3,3,3,3,3,3,3,3,3,3,3,3,3,3,
3,3,3,3,3,3,3,3,3,3,3,3,3,3,3,3,3,3,3,3,3,3,3,3,3,3,3,3,3,3,3,3,3,3,3,3,
3,3,3,3,3,3,3,3,3,3,3,3,3,3,3,3,3,3,3,4),(0.,1.,1.13855899446738,1.56962783892885,
1.78516226115959,1.89292947227496,1.94681307783264,1.97375488061149,1.98722578200091,
1.99396123269562,1.99732895804297,1.99901282071665,1.99985475205349,1.99995999347059,
1.99998595922673,1.99999951007111,2.00001130393683,2.00069668339033,2.00180407018922,
2.00235722287246,2.00251085372843,2.002604003655,2.00267845202833,2.0502718739307,
2.09787281680045,2.14546944911134,2.19305317467913,2.24062010716373,2.28817226141229,
2.33571845298629,2.38565234751568,2.43328176150651,2.48099656647446,2.52884040296138,
2.5768662650008,2.62513779901514,2.67373123562558,2.72273824040909,2.77422855604003,
2.82484230722669,2.87632756575097,2.92890391597652,2.98034312834654,2.9996328329853,
3.00085593539619,3.04416062399433,3.08941069472546,3.131132393443,3.13466076545659,
4.,4.00202678363687,5.,5.01046177145959,5.59953699468965,5.89407460630467,
5.96770900920843,5.99532191029734,5.99834207135394,5.99982855687398,5.99999729086342,
6.00015440533509,6.1886122179197,6.21164147490218,6.23381306950531,6.25532962389477,
6.27632738313694,6.29690357423523,6.31713078194019,6.33706514441174,6.35778185864887,
6.37785117556609,6.39729332632965,6.41635008359276,6.43528636414036,6.45411951975832,
6.47286504651078,6.49153695920516,6.51014809253166,6.52871034882483,6.54723490683328,
6.56573240215664,6.58421308750599,6.60268697926502,6.62116399574538,6.63965409189808,
6.65816739496086,6.67671434559264,6.69530584944,6.71434923385,6.73310665845669,
6.75195012942082,6.77089413864329,6.78995482573213,6.80915037731855,6.82850153812691,
6.84803227887152,6.86789203326973,6.88799381072364,6.90837632307362,6.92908715764177,
6.95040225596751,6.97214861029792,6.99466130635204,7.),.UNSPECIFIED.);
#36=B_SPLINE_CURVE_WITH_KNOTS('',3,(#6141,#6142,#6143,#6144,#6145,#6146,
#6147,#6148,#6149,#6150,#6151,#6152,#6153,#6154,#6155,#6156,#6157,#6158,
#6159,#6160,#6161,#6162,#6163,#6164,#6165,#6166,#6167,#6168,#6169,#6170,
#6171,#6172,#6173,#6174,#6175,#6176,#6177,#6178,#6179,#6180,#6181,#6182,
#6183,#6184,#6185,#6186,#6187,#6188,#6189,#6190,#6191,#6192,#6193,#6194,
#6195,#6196,#6197,#6198,#6199,#6200,#6201,#6202,#6203,#6204,#6205,#6206,
#6207,#6208,#6209,#6210,#6211,#6212,#6213,#6214,#6215,#6216,#6217,#6218,
#6219,#6220,#6221,#6222,#6223,#6224,#6225,#6226,#6227,#6228,#6229,#6230,
#6231,#6232,#6233,#6234,#6235,#6236,#6237,#6238,#6239,#6240,#6241,#6242,
#6243,#6244,#6245,#6246,#6247,#6248,#6249,#6250,#6251,#6252,#6253,#6254,
#6255,#6256,#6257,#6258,#6259,#6260,#6261,#6262,#6263,#6264,#6265,#6266,
#6267,#6268,#6269,#6270,#6271,#6272,#6273,#6274,#6275,#6276,#6277,#6278,
#6279,#6280,#6281,#6282,#6283,#6284,#6285,#6286,#6287,#6288,#6289,#6290,
#6291,#6292,#6293,#6294,#6295,#6296,#6297,#6298,#6299,#6300,#6301,#6302,
#6303,#6304,#6305,#6306,#6307,#6308,#6309,#6310,#6311,#6312,#6313,#6314,
#6315,#6316,#6317,#6318,#6319,#6320,#6321,#6322,#6323,#6324,#6325,#6326,
#6327,#6328,#6329,#6330,#6331,#6332,#6333,#6334,#6335,#6336,#6337,#6338,
#6339,#6340,#6341,#6342,#6343,#6344,#6345,#6346,#6347,#6348,#6349,#6350,
#6351,#6352,#6353,#6354,#6355,#6356,#6357,#6358,#6359,#6360,#6361,#6362,
#6363,#6364,#6365,#6366,#6367,#6368,#6369,#6370,#6371,#6372,#6373,#6374,
#6375,#6376,#6377,#6378,#6379,#6380,#6381,#6382,#6383,#6384,#6385,#6386,
#6387,#6388,#6389,#6390,#6391,#6392,#6393,#6394,#6395,#6396,#6397,#6398,
#6399,#6400,#6401,#6402,#6403,#6404,#6405,#6406,#6407,#6408,#6409,#6410,
#6411,#6412,#6413,#6414,#6415,#6416,#6417,#6418,#6419,#6420,#6421,#6422,
#6423,#6424,#6425,#6426,#6427,#6428,#6429,#6430,#6431,#6432,#6433,#6434,
#6435,#6436,#6437,#6438,#6439,#6440,#6441,#6442,#6443,#6444,#6445,#6446,
#6447),.UNSPECIFIED.,.F.,.F.,(4,3,3,3,3,3,3,3,3,3,3,3,3,3,3,3,3,3,3,3,3,
3,3,3,3,3,3,3,3,3,3,3,3,3,3,3,3,3,3,3,3,3,3,3,3,3,3,3,3,3,3,3,3,3,3,3,3,
3,3,3,3,3,3,3,3,3,3,3,3,3,3,3,3,3,3,3,3,3,3,3,3,3,3,3,3,3,3,3,3,3,3,3,3,
3,3,3,3,3,3,3,3,3,4),(0.,1.,1.13855899446738,1.56962783892885,1.78516226115959,
1.89292947227496,1.94681307783264,1.97375488061149,1.98722578200091,1.99396123269562,
1.99732895804297,1.99901282071665,1.99985475205349,1.99995999347059,1.99998595922673,
1.99999951007111,2.00001130393683,2.00069668339033,2.00180407018922,2.00235722287246,
2.00251085372843,2.002604003655,2.00267845202833,2.0502718739307,2.0978728168002,
2.14546944911101,2.19305317467893,2.24062010716324,2.28817226141153,2.33571845298567,
2.38565234751511,2.43328176150596,2.48099656647397,2.5288404029609,2.57686626500034,
2.62513779901481,2.67373123562516,2.72273824040846,2.77422855603948,2.82484230722612,
2.87632756575042,2.92890391597597,2.98034312834613,2.99963283298493,3.0008559354956,
3.044160624099,3.0894106947778,3.13113239349409,3.1346607654566,4.,5.,5.01046180235902,
5.59953701013936,5.89407461402953,5.96770901500207,5.99532191536678,5.99834207634417,
5.99982856182523,5.9999972950249,6.00015440611405,6.1886122179197,6.21164147490218,
6.23381306950531,6.25532962389477,6.27632738313694,6.29690357423523,6.31713078194019,
6.33706514441174,6.35778185864887,6.37785117556609,6.39729332632965,6.41635008359276,
6.43528636414036,6.45411951975832,6.47286504651078,6.49153695920516,6.51014809253166,
6.52871034882483,6.54723490683328,6.56573240215664,6.58421308750599,6.60268697926502,
6.62116399574538,6.63965409189808,6.65816739496086,6.67671434559264,6.69530584944,
6.71434923385,6.73310665845669,6.75195012942082,6.77089413864329,6.78995482573213,
6.80915037731855,6.82850153812691,6.84803227887152,6.86789203326973,6.88799381072364,
6.90837632307362,6.92908715764177,6.95040225596751,6.97214861029792,6.99466130635204,
7.),.UNSPECIFIED.);
#37=B_SPLINE_CURVE_WITH_KNOTS('',3,(#6546,#6547,#6548,#6549,#6550,#6551,
#6552,#6553,#6554,#6555,#6556,#6557,#6558,#6559,#6560,#6561,#6562,#6563,
#6564,#6565,#6566,#6567,#6568,#6569,#6570),.UNSPECIFIED.,.F.,.F.,(4,3,3,
3,3,3,3,3,4),(-8.,-7.,-6.,-5.,-4.,-3.,-2.,-1.,0.),.UNSPECIFIED.);
#38=B_SPLINE_CURVE_WITH_KNOTS('',3,(#6571,#6572,#6573,#6574,#6575,#6576,
#6577,#6578,#6579,#6580,#6581,#6582,#6583,#6584,#6585,#6586,#6587,#6588,
#6589,#6590,#6591,#6592,#6593,#6594,#6595),.UNSPECIFIED.,.F.,.F.,(4,3,3,
3,3,3,3,3,4),(-16.,-15.,-14.,-13.,-12.,-11.,-10.,-9.,-8.),.UNSPECIFIED.);
#39=B_SPLINE_CURVE_WITH_KNOTS('',3,(#6599,#6600,#6601,#6602,#6603,#6604,
#6605,#6606,#6607,#6608,#6609,#6610,#6611,#6612,#6613,#6614,#6615,#6616,
#6617,#6618,#6619,#6620,#6621,#6622,#6623,#6624,#6625,#6626,#6627,#6628,
#6629,#6630,#6631,#6632,#6633,#6634,#6635,#6636,#6637,#6638,#6639,#6640,
#6641,#6642,#6643,#6644,#6645,#6646,#6647,#6648,#6649,#6650,#6651,#6652,
#6653,#6654,#6655,#6656,#6657,#6658,#6659,#6660,#6661,#6662,#6663,#6664,
#6665,#6666,#6667,#6668,#6669,#6670,#6671,#6672,#6673,#6674,#6675,#6676,
#6677,#6678,#6679,#6680,#6681,#6682,#6683,#6684,#6685,#6686,#6687,#6688,
#6689,#6690,#6691,#6692,#6693,#6694,#6695,#6696,#6697,#6698,#6699,#6700,
#6701,#6702,#6703,#6704,#6705,#6706,#6707,#6708,#6709,#6710,#6711,#6712,
#6713,#6714,#6715,#6716,#6717,#6718,#6719,#6720,#6721,#6722,#6723,#6724,
#6725,#6726,#6727,#6728,#6729,#6730,#6731,#6732,#6733,#6734,#6735,#6736,
#6737,#6738,#6739,#6740,#6741,#6742,#6743,#6744,#6745,#6746,#6747,#6748,
#6749,#6750,#6751,#6752,#6753,#6754,#6755,#6756,#6757,#6758,#6759,#6760,
#6761,#6762,#6763,#6764,#6765,#6766,#6767,#6768,#6769,#6770,#6771,#6772,
#6773,#6774,#6775,#6776,#6777,#6778,#6779,#6780,#6781,#6782,#6783,#6784,
#6785,#6786,#6787,#6788,#6789,#6790,#6791,#6792,#6793,#6794,#6795,#6796,
#6797,#6798,#6799,#6800,#6801,#6802,#6803,#6804,#6805,#6806,#6807,#6808,
#6809,#6810,#6811,#6812,#6813,#6814,#6815,#6816,#6817,#6818,#6819,#6820,
#6821,#6822,#6823,#6824,#6825,#6826,#6827,#6828,#6829,#6830,#6831,#6832,
#6833,#6834,#6835,#6836,#6837,#6838,#6839,#6840,#6841,#6842,#6843,#6844,
#6845,#6846,#6847,#6848,#6849,#6850,#6851,#6852,#6853,#6854,#6855,#6856,
#6857,#6858,#6859,#6860,#6861,#6862,#6863,#6864,#6865,#6866,#6867,#6868,
#6869,#6870,#6871,#6872,#6873,#6874,#6875,#6876,#6877,#6878,#6879,#6880,
#6881,#6882,#6883,#6884,#6885,#6886,#6887,#6888,#6889,#6890,#6891,#6892,
#6893,#6894,#6895,#6896,#6897,#6898,#6899,#6900,#6901,#6902,#6903,#6904,
#6905,#6906,#6907,#6908,#6909,#6910,#6911,#6912,#6913,#6914,#6915,#6916,
#6917,#6918,#6919,#6920,#6921,#6922,#6923,#6924,#6925,#6926,#6927,#6928,
#6929,#6930,#6931,#6932,#6933,#6934,#6935,#6936,#6937,#6938,#6939,#6940,
#6941,#6942,#6943,#6944,#6945,#6946,#6947,#6948,#6949,#6950,#6951,#6952,
#6953,#6954,#6955,#6956,#6957,#6958,#6959,#6960,#6961,#6962,#6963,#6964,
#6965,#6966,#6967,#6968,#6969,#6970,#6971,#6972,#6973,#6974,#6975,#6976,
#6977,#6978,#6979,#6980,#6981,#6982,#6983,#6984,#6985,#6986,#6987,#6988,
#6989,#6990,#6991,#6992,#6993,#6994,#6995,#6996,#6997,#6998,#6999,#7000,
#7001,#7002,#7003,#7004,#7005,#7006,#7007,#7008,#7009,#7010,#7011,#7012,
#7013,#7014,#7015,#7016,#7017,#7018,#7019,#7020,#7021,#7022,#7023,#7024,
#7025,#7026,#7027,#7028,#7029,#7030,#7031,#7032,#7033,#7034),
 .UNSPECIFIED.,.F.,.F.,(4,3,3,3,3,3,3,3,3,3,3,3,3,3,3,3,3,3,3,3,3,3,3,3,
3,3,3,3,3,3,3,3,3,3,3,3,3,3,3,3,3,3,3,3,3,3,3,3,3,3,3,3,3,3,3,3,3,3,3,3,
3,3,3,3,3,3,3,3,3,3,3,3,3,3,3,3,3,3,3,3,3,3,3,3,3,3,3,3,3,3,3,3,3,3,3,3,
3,3,3,3,3,3,3,3,3,3,3,3,3,3,3,3,3,3,3,3,3,3,3,3,3,3,3,3,3,3,3,3,3,3,3,3,
3,3,3,3,3,3,3,3,3,3,3,3,3,4),(8.,8.59454347424939,8.89181521137408,8.96613314565526,
8.9940023710107,8.99705056753395,8.99855085176024,8.9993591888978,8.99974089376138,
8.99998210360675,9.00015814786594,9.18908694849878,9.21209167316306,9.23424141187943,
9.25573792720454,9.27671696129197,9.29727542266893,9.3174856818093,9.33740372572992,
9.35707412004837,9.37716555379686,9.3966291302407,9.4156778683087,9.43460546511468,
9.45342934733961,9.4721650698867,9.49082669366656,9.50942708912693,9.5279781857451,
9.54649118204666,9.56497672693116,9.5834450805376,9.6019062611852,9.62037018381358,
9.63884679469526,9.65734620691591,9.67587884115577,9.6944555766899,9.71355210314678,
9.73229390655981,9.75112124407707,9.77004855010048,9.78909189396289,9.80826937591336,
9.82760163357649,9.84711250336636,9.86695147531601,9.88703121466168,9.90739017136109,
9.92807558099748,9.94936503905126,9.97108343336926,9.99357395484529,10.,
10.1337990779841,10.5672484357217,10.7839731145905,10.8923354540249,10.946516623742,
10.9736072086006,10.9871525010299,10.9939251472446,10.9973114703519,10.9990046319056,
10.9998512126824,10.9999570352795,10.9999849262931,10.9999989761995,11.0000108317673,
11.0006977934592,11.0018051791539,11.0023583312856,11.0025267625255,11.0026038697004,
11.002678835382,11.0492074341776,11.0959804034326,11.1429807753187,11.1901871972595,
11.2375760014755,11.2851237364321,11.3328099114964,11.3829255885795,11.4309227185741,
11.4790416292028,11.527301761666,11.5757343684557,11.6243834519449,11.6733069561984,
11.7225784849629,11.7740887674458,11.8247035798455,11.8760405458429,11.9282710324275,
11.9798684605272,11.9992174960646,12.0008528799405,12.0426013162414,12.0842161034296,
12.1237460630325,12.1346607448262,13.,14.,14.0105015055935,14.605794247114,
14.9034406178743,14.9778522105644,14.9918043841938,14.9983444655825,14.9999283915439,
15.0001082974178,15.2010869886346,15.2298266239359,15.257153739206,15.283458827159,
15.308980460457,15.3338783621238,15.3582666061718,15.3822307224224,15.4058373558335,
15.4291401174506,15.4521833317724,15.4750045500294,15.4976363039526,15.5201073740002,
15.54244373803,15.5646693054328,15.5868065060195,15.6088767814654,15.6309010140663,
15.6539697006871,15.6759728717705,15.6980040916457,15.7200851692889,15.7422395198956,
15.7644927150348,15.7868731713299,15.8094130417564,15.8332364115368,15.8563643430061,
15.8797936016732,15.9035873200959,15.9281301609765,15.9531999854124,15.97940835787,
16.),.UNSPECIFIED.);
#40=B_SPLINE_CURVE_WITH_KNOTS('',3,(#7035,#7036,#7037,#7038,#7039,#7040,
#7041,#7042,#7043,#7044,#7045,#7046,#7047,#7048,#7049,#7050,#7051,#7052,
#7053,#7054,#7055,#7056,#7057,#7058,#7059,#7060,#7061,#7062,#7063,#7064,
#7065,#7066,#7067,#7068,#7069,#7070,#7071,#7072,#7073,#7074,#7075,#7076,
#7077,#7078,#7079,#7080,#7081,#7082,#7083,#7084,#7085,#7086,#7087,#7088,
#7089,#7090,#7091,#7092,#7093,#7094,#7095,#7096,#7097,#7098,#7099,#7100,
#7101,#7102,#7103,#7104,#7105,#7106,#7107,#7108,#7109,#7110,#7111,#7112,
#7113,#7114,#7115,#7116,#7117,#7118,#7119,#7120,#7121,#7122,#7123,#7124,
#7125,#7126,#7127,#7128,#7129,#7130,#7131,#7132,#7133,#7134,#7135,#7136,
#7137,#7138,#7139,#7140,#7141,#7142,#7143,#7144,#7145,#7146,#7147,#7148,
#7149,#7150,#7151,#7152,#7153,#7154,#7155,#7156,#7157,#7158,#7159,#7160,
#7161,#7162,#7163,#7164,#7165,#7166,#7167,#7168,#7169,#7170,#7171,#7172,
#7173,#7174,#7175,#7176,#7177,#7178,#7179,#7180,#7181,#7182,#7183,#7184,
#7185,#7186,#7187,#7188,#7189,#7190,#7191,#7192,#7193,#7194,#7195,#7196,
#7197,#7198,#7199,#7200,#7201,#7202,#7203,#7204,#7205,#7206,#7207,#7208,
#7209,#7210,#7211,#7212,#7213,#7214,#7215,#7216,#7217,#7218,#7219,#7220,
#7221,#7222,#7223,#7224,#7225,#7226,#7227,#7228,#7229,#7230,#7231,#7232,
#7233,#7234,#7235,#7236,#7237,#7238,#7239,#7240,#7241,#7242,#7243,#7244,
#7245,#7246,#7247,#7248,#7249,#7250,#7251,#7252,#7253,#7254,#7255,#7256,
#7257,#7258,#7259,#7260,#7261,#7262,#7263,#7264,#7265,#7266,#7267,#7268,
#7269,#7270,#7271,#7272,#7273,#7274,#7275,#7276,#7277,#7278,#7279,#7280,
#7281,#7282,#7283,#7284,#7285,#7286,#7287,#7288,#7289,#7290,#7291,#7292,
#7293,#7294,#7295,#7296,#7297,#7298,#7299,#7300,#7301,#7302,#7303,#7304,
#7305,#7306,#7307,#7308,#7309,#7310,#7311,#7312,#7313,#7314,#7315,#7316,
#7317,#7318,#7319,#7320,#7321,#7322,#7323,#7324,#7325,#7326,#7327,#7328,
#7329,#7330,#7331,#7332,#7333,#7334,#7335,#7336,#7337,#7338,#7339,#7340,
#7341,#7342,#7343,#7344,#7345,#7346,#7347,#7348,#7349,#7350,#7351,#7352,
#7353,#7354,#7355,#7356,#7357,#7358,#7359,#7360,#7361,#7362,#7363,#7364,
#7365,#7366,#7367,#7368,#7369,#7370,#7371,#7372,#7373,#7374,#7375,#7376,
#7377,#7378,#7379,#7380,#7381,#7382,#7383,#7384,#7385,#7386,#7387,#7388,
#7389,#7390,#7391,#7392,#7393,#7394,#7395,#7396,#7397,#7398,#7399,#7400,
#7401,#7402,#7403,#7404,#7405,#7406,#7407,#7408,#7409,#7410,#7411,#7412,
#7413,#7414,#7415,#7416,#7417,#7418,#7419,#7420,#7421,#7422,#7423,#7424,
#7425,#7426,#7427,#7428,#7429,#7430,#7431,#7432,#7433,#7434,#7435,#7436,
#7437,#7438,#7439,#7440,#7441,#7442,#7443,#7444,#7445,#7446,#7447,#7448,
#7449,#7450,#7451,#7452,#7453,#7454,#7455,#7456,#7457,#7458,#7459,#7460,
#7461,#7462,#7463,#7464,#7465,#7466,#7467),.UNSPECIFIED.,.F.,.F.,(4,3,3,
3,3,3,3,3,3,3,3,3,3,3,3,3,3,3,3,3,3,3,3,3,3,3,3,3,3,3,3,3,3,3,3,3,3,3,3,
3,3,3,3,3,3,3,3,3,3,3,3,3,3,3,3,3,3,3,3,3,3,3,3,3,3,3,3,3,3,3,3,3,3,3,3,
3,3,3,3,3,3,3,3,3,3,3,3,3,3,3,3,3,3,3,3,3,3,3,3,3,3,3,3,3,3,3,3,3,3,3,3,
3,3,3,3,3,3,3,3,3,3,3,3,3,3,3,3,3,3,3,3,3,3,3,3,3,3,3,3,3,3,3,3,3,4),(0.,
0.60054716155767,0.900820742336504,0.975889137531213,0.989964461630221,
0.996562269801631,0.999758083134657,0.999951972464554,1.00011265931685,
1.20109432311534,1.22718912418457,1.25234461805822,1.27679962074832,1.30071227641834,
1.32419500830349,1.34733200996698,1.37018894083323,1.39281872448928,1.41526522837997,
1.43756571513354,1.45975254478025,1.48185440170454,1.50389721092101,1.52590484718714,
1.54789970495996,1.56990317599192,1.59193606856857,1.61401899484866,1.6361727487799,
1.65891195198116,1.68134222243621,1.70391846191491,1.7266661069744,1.74961346659423,
1.77279263425611,1.79624070274527,1.82000143201231,1.84433609135197,1.86910625313207,
1.89439321905233,1.92079491428924,1.94788413355058,1.97662109955983,2.,
2.1382166247573,2.56945665407383,2.78507666873209,2.89288667606122,2.94679167972579,
2.97374418155807,2.98722043247422,2.99395855793229,2.99732762066132,2.99901215202584,
2.9998544177081,2.99995970091838,2.99998586024513,2.99999890162723,3.00001117795642,
3.00069668339036,3.00180407018925,3.00235722287249,3.00251085372695,3.00260400364558,
3.00267845202689,3.05027187392898,3.09787281679874,3.14546944910999,3.19305317467718,
3.24062010716156,3.28817226140928,3.33571845298312,3.38565234751271,3.43328176150347,
3.48099656647139,3.52884040295821,3.57686626499763,3.62513779901219,3.67373123562261,
3.72273824040595,3.77422855603728,3.82484230722386,3.87632756574804,3.92890391597338,
3.98034312834418,3.99963283298324,4.00085593547015,4.04416062407216,4.08941069476438,
4.13113239347956,4.1346607654566,5.,6.,6.01046173817808,6.59953697804889,
6.8940745979843,6.96770900296815,6.99532190483709,6.99834206597901,6.99982855154104,
6.9999972864391,7.00015440450708,7.1886122179197,7.21164147490279,7.23381306950615,
7.25532962389576,7.27632738313685,7.2969035742364,7.31713078194103,7.33706514441347,
7.35778185865055,7.37785117556772,7.39729332633123,7.4163500835944,7.43528636414207,
7.4541195197599,7.4728650465124,7.4915369592069,7.51014809253329,7.52871034882638,
7.54723490683492,7.56573240215831,7.58421308750767,7.60268697926635,7.62116399574679,
7.63965409189973,7.65816739496202,7.67671434559326,7.69530584943983,7.71434923384984,
7.7331066584565,7.75195012942043,7.77089413864296,7.78995482573192,7.8091503773183,
7.82850153812629,7.84803227887079,7.8678920332691,7.88799381072281,7.90837632307267,
7.92908715764123,7.95040225596728,7.97214861029765,7.99466130635155,8.),
 .UNSPECIFIED.);
#41=B_SPLINE_CURVE_WITH_KNOTS('',3,(#7575,#7576,#7577,#7578,#7579,#7580,
#7581,#7582,#7583,#7584,#7585,#7586,#7587,#7588,#7589,#7590,#7591,#7592,
#7593,#7594,#7595,#7596,#7597,#7598,#7599,#7600,#7601,#7602,#7603,#7604,
#7605,#7606,#7607,#7608,#7609,#7610,#7611,#7612,#7613,#7614,#7615,#7616,
#7617,#7618,#7619,#7620,#7621,#7622,#7623,#7624,#7625,#7626,#7627,#7628,
#7629,#7630,#7631,#7632,#7633,#7634,#7635,#7636,#7637,#7638,#7639,#7640,
#7641,#7642,#7643,#7644,#7645,#7646,#7647,#7648,#7649,#7650,#7651,#7652,
#7653,#7654,#7655,#7656,#7657,#7658,#7659,#7660,#7661,#7662,#7663,#7664,
#7665,#7666,#7667,#7668,#7669,#7670,#7671,#7672,#7673,#7674,#7675,#7676,
#7677,#7678,#7679,#7680,#7681,#7682,#7683,#7684,#7685,#7686,#7687,#7688,
#7689,#7690,#7691,#7692,#7693,#7694,#7695,#7696,#7697,#7698,#7699,#7700,
#7701,#7702,#7703,#7704,#7705,#7706,#7707,#7708,#7709,#7710,#7711,#7712,
#7713,#7714,#7715,#7716,#7717,#7718,#7719,#7720,#7721,#7722,#7723,#7724,
#7725,#7726,#7727,#7728,#7729,#7730,#7731,#7732,#7733,#7734,#7735,#7736,
#7737,#7738,#7739,#7740,#7741,#7742,#7743,#7744,#7745,#7746,#7747,#7748,
#7749,#7750,#7751,#7752,#7753,#7754,#7755,#7756,#7757,#7758,#7759,#7760,
#7761,#7762,#7763,#7764,#7765,#7766,#7767,#7768,#7769,#7770,#7771,#7772,
#7773,#7774,#7775,#7776,#7777,#7778,#7779,#7780,#7781,#7782,#7783,#7784,
#7785,#7786,#7787,#7788,#7789,#7790,#7791,#7792,#7793,#7794,#7795,#7796,
#7797,#7798,#7799,#7800,#7801,#7802,#7803,#7804,#7805,#7806,#7807,#7808,
#7809,#7810,#7811,#7812,#7813,#7814,#7815,#7816,#7817,#7818,#7819,#7820,
#7821,#7822,#7823,#7824,#7825,#7826,#7827,#7828,#7829,#7830,#7831,#7832,
#7833,#7834,#7835,#7836,#7837,#7838,#7839,#7840,#7841,#7842,#7843,#7844,
#7845,#7846,#7847,#7848,#7849,#7850,#7851,#7852,#7853,#7854,#7855,#7856,
#7857,#7858,#7859,#7860,#7861,#7862,#7863,#7864,#7865,#7866,#7867,#7868,
#7869,#7870,#7871,#7872,#7873,#7874,#7875,#7876,#7877,#7878,#7879,#7880,
#7881,#7882,#7883,#7884),.UNSPECIFIED.,.F.,.F.,(4,3,3,3,3,3,3,3,3,3,3,3,
3,3,3,3,3,3,3,3,3,3,3,3,3,3,3,3,3,3,3,3,3,3,3,3,3,3,3,3,3,3,3,3,3,3,3,3,
3,3,3,3,3,3,3,3,3,3,3,3,3,3,3,3,3,3,3,3,3,3,3,3,3,3,3,3,3,3,3,3,3,3,3,3,
3,3,3,3,3,3,3,3,3,3,3,3,3,3,3,3,3,3,3,4),(0.,1.,1.13823368035556,1.56946518187296,
1.78508093263166,1.89288880801101,1.94679274570068,1.97374471454552,1.98722069896794,
1.99395869117915,1.99732768728475,1.99901218533755,1.99985443436395,1.99995971549225,
1.99998586480279,1.99999892795974,2.00001118253891,2.00069668339036,2.00180407018925,
2.00235722287248,2.00251085372698,2.0026040036475,2.0026784520272,2.05027187392937,
2.09787281679891,2.1454694491095,2.19305317467712,2.24062010716135,2.28817226140937,
2.33571845298317,2.38565234751276,2.4332817615035,2.48099656647148,2.5288404029584,
2.5768662649979,2.62513779901232,2.67373123562272,2.72273824040595,2.77422855603728,
2.8248423072239,2.8763275657483,2.92890391597364,2.98034312834438,2.9996328329834,
3.0008559354384,3.04416062403878,3.08941069474769,3.13113239346437,3.1346607654566,
4.,4.00202678363694,5.,5.01046180235902,5.59953701013936,5.89407461402953,
5.96770901500207,5.99532191536678,5.99834207634417,5.99982856182523,5.9999972950249,
6.00015440611405,6.1886122179197,6.21164147490218,6.23381306950442,6.25532962389429,
6.27632738313613,6.29690357423545,6.31713078194067,6.33706514441316,6.35778185865024,
6.37785117556742,6.39729332633094,6.41635008359404,6.43528636414166,6.45411951975957,
6.47286504651204,6.4915369592065,6.51014809253292,6.52871034882602,6.54723490683441,
6.56573240215768,6.58421308750719,6.60268697926598,6.62116399574636,6.63965409189934,
6.65816739496192,6.67671434559356,6.69530584944076,6.71434923385072,6.73310665845747,
6.75195012942162,6.77089413864414,6.78995482573277,6.80915037731973,6.82850153812801,
6.84803227887221,6.86789203327061,6.8879938107245,6.90837632307448,6.92908715764251,
6.95040225596839,6.97214861029893,6.99466130635259,7.),.UNSPECIFIED.);
#42=B_SPLINE_CURVE_WITH_KNOTS('',3,(#7944,#7945,#7946,#7947,#7948,#7949,
#7950,#7951,#7952,#7953,#7954,#7955,#7956,#7957,#7958,#7959,#7960,#7961,
#7962,#7963,#7964,#7965,#7966,#7967,#7968,#7969,#7970,#7971,#7972,#7973,
#7974,#7975,#7976,#7977,#7978,#7979,#7980,#7981,#7982,#7983,#7984,#7985,
#7986,#7987,#7988,#7989,#7990,#7991,#7992,#7993,#7994,#7995,#7996,#7997,
#7998,#7999,#8000,#8001,#8002,#8003,#8004,#8005,#8006,#8007,#8008,#8009,
#8010,#8011,#8012,#8013,#8014,#8015,#8016,#8017,#8018,#8019,#8020,#8021,
#8022,#8023,#8024,#8025,#8026,#8027,#8028,#8029,#8030,#8031,#8032,#8033,
#8034,#8035,#8036,#8037,#8038,#8039,#8040,#8041,#8042,#8043,#8044,#8045,
#8046,#8047,#8048,#8049,#8050,#8051,#8052,#8053,#8054,#8055,#8056,#8057,
#8058,#8059,#8060,#8061,#8062,#8063,#8064,#8065,#8066,#8067,#8068,#8069,
#8070,#8071,#8072,#8073,#8074,#8075,#8076,#8077,#8078,#8079,#8080,#8081,
#8082,#8083,#8084,#8085,#8086,#8087,#8088,#8089,#8090,#8091,#8092,#8093,
#8094,#8095,#8096,#8097,#8098,#8099,#8100,#8101,#8102,#8103,#8104,#8105,
#8106,#8107,#8108,#8109,#8110,#8111,#8112,#8113,#8114,#8115,#8116,#8117,
#8118,#8119,#8120,#8121,#8122,#8123,#8124,#8125,#8126,#8127,#8128,#8129,
#8130,#8131,#8132,#8133,#8134,#8135,#8136,#8137,#8138,#8139,#8140,#8141,
#8142,#8143,#8144,#8145,#8146,#8147,#8148,#8149,#8150,#8151,#8152,#8153,
#8154,#8155,#8156,#8157,#8158,#8159,#8160,#8161,#8162,#8163,#8164,#8165,
#8166,#8167,#8168,#8169,#8170,#8171,#8172,#8173,#8174,#8175,#8176,#8177,
#8178,#8179,#8180,#8181,#8182,#8183,#8184,#8185,#8186,#8187,#8188,#8189,
#8190,#8191,#8192,#8193,#8194,#8195,#8196,#8197,#8198,#8199,#8200,#8201,
#8202,#8203,#8204,#8205,#8206,#8207,#8208,#8209,#8210,#8211,#8212,#8213,
#8214,#8215,#8216,#8217,#8218,#8219,#8220,#8221,#8222,#8223,#8224,#8225,
#8226,#8227,#8228,#8229,#8230,#8231,#8232,#8233,#8234,#8235,#8236,#8237,
#8238,#8239,#8240,#8241,#8242,#8243,#8244,#8245,#8246,#8247,#8248,#8249,
#8250),.UNSPECIFIED.,.F.,.F.,(4,3,3,3,3,3,3,3,3,3,3,3,3,3,3,3,3,3,3,3,3,
3,3,3,3,3,3,3,3,3,3,3,3,3,3,3,3,3,3,3,3,3,3,3,3,3,3,3,3,3,3,3,3,3,3,3,3,
3,3,3,3,3,3,3,3,3,3,3,3,3,3,3,3,3,3,3,3,3,3,3,3,3,3,3,3,3,3,3,3,3,3,3,3,
3,3,3,3,3,3,3,3,3,4),(0.,1.,1.13823368035556,1.56946518187296,1.78508093263166,
1.89288880801101,1.94679274570068,1.97374471454552,1.98722069896794,1.99395869117915,
1.99732768728475,1.99901218533755,1.99985443436395,1.99995971549225,1.99998586480279,
1.99999892795974,2.00001118253891,2.00069668339036,2.00180407018925,2.00235722287248,
2.00251085372698,2.0026040036475,2.0026784520272,2.05027187392937,2.09787281679891,
2.1454694491095,2.19305317467712,2.24062010716135,2.28817226140937,2.33571845298317,
2.38565234751276,2.4332817615035,2.48099656647148,2.5288404029584,2.5768662649979,
2.62513779901232,2.67373123562272,2.72273824040595,2.77422855603728,2.8248423072239,
2.8763275657483,2.92890391597364,2.98034312834438,2.9996328329834,3.0008559354384,
3.04416062403878,3.08941069474769,3.13113239346437,3.1346607654566,4.,5.,
5.01046180235902,5.59953701013936,5.89407461402953,5.96770901500207,5.99532191536678,
5.99834207634417,5.99982856182523,5.9999972950249,6.00015440611405,6.1886122179197,
6.21164147490218,6.23381306950442,6.25532962389429,6.27632738313613,6.29690357423545,
6.31713078194067,6.33706514441316,6.35778185865024,6.37785117556742,6.39729332633094,
6.41635008359404,6.43528636414166,6.45411951975957,6.47286504651204,6.4915369592065,
6.51014809253292,6.52871034882602,6.54723490683441,6.56573240215768,6.58421308750719,
6.60268697926598,6.62116399574636,6.63965409189934,6.65816739496192,6.67671434559356,
6.69530584944076,6.71434923385072,6.73310665845747,6.75195012942162,6.77089413864414,
6.78995482573277,6.80915037731973,6.82850153812801,6.84803227887221,6.86789203327061,
6.8879938107245,6.90837632307448,6.92908715764251,6.95040225596839,6.97214861029893,
6.99466130635259,7.),.UNSPECIFIED.);
#43=B_SPLINE_CURVE_WITH_KNOTS('',3,(#8351,#8352,#8353,#8354,#8355,#8356,
#8357,#8358,#8359,#8360,#8361,#8362,#8363,#8364,#8365,#8366,#8367,#8368,
#8369,#8370,#8371,#8372,#8373,#8374,#8375,#8376,#8377,#8378,#8379,#8380,
#8381,#8382,#8383,#8384,#8385,#8386,#8387,#8388,#8389,#8390,#8391,#8392,
#8393,#8394,#8395,#8396,#8397,#8398,#8399,#8400,#8401,#8402,#8403,#8404,
#8405,#8406,#8407,#8408,#8409,#8410,#8411,#8412,#8413,#8414,#8415,#8416,
#8417,#8418,#8419,#8420,#8421,#8422,#8423,#8424,#8425,#8426,#8427,#8428,
#8429,#8430,#8431,#8432,#8433,#8434,#8435,#8436,#8437,#8438,#8439,#8440,
#8441,#8442,#8443,#8444,#8445,#8446,#8447,#8448,#8449,#8450,#8451,#8452,
#8453,#8454,#8455,#8456,#8457,#8458,#8459,#8460,#8461,#8462,#8463,#8464,
#8465,#8466,#8467,#8468,#8469,#8470,#8471,#8472,#8473,#8474,#8475,#8476,
#8477,#8478,#8479,#8480,#8481,#8482,#8483,#8484,#8485,#8486,#8487,#8488,
#8489,#8490,#8491,#8492,#8493,#8494,#8495,#8496,#8497,#8498,#8499,#8500,
#8501,#8502,#8503,#8504,#8505,#8506,#8507,#8508,#8509,#8510,#8511,#8512,
#8513,#8514,#8515,#8516,#8517,#8518,#8519,#8520,#8521,#8522,#8523,#8524,
#8525,#8526,#8527,#8528,#8529,#8530,#8531,#8532,#8533,#8534,#8535,#8536,
#8537,#8538,#8539,#8540,#8541,#8542,#8543,#8544,#8545,#8546,#8547,#8548,
#8549,#8550,#8551,#8552,#8553,#8554,#8555,#8556,#8557,#8558,#8559,#8560,
#8561,#8562,#8563,#8564,#8565,#8566,#8567,#8568,#8569,#8570,#8571,#8572,
#8573,#8574,#8575,#8576,#8577,#8578,#8579,#8580,#8581,#8582,#8583,#8584,
#8585,#8586,#8587,#8588,#8589,#8590,#8591,#8592,#8593,#8594,#8595,#8596,
#8597,#8598,#8599,#8600,#8601,#8602,#8603,#8604,#8605,#8606,#8607,#8608,
#8609,#8610,#8611,#8612,#8613,#8614,#8615,#8616,#8617,#8618,#8619,#8620,
#8621,#8622,#8623,#8624,#8625,#8626,#8627,#8628,#8629,#8630,#8631,#8632,
#8633,#8634,#8635,#8636,#8637,#8638,#8639,#8640,#8641,#8642,#8643,#8644,
#8645,#8646,#8647,#8648,#8649,#8650,#8651,#8652,#8653,#8654,#8655,#8656,
#8657,#8658,#8659,#8660),.UNSPECIFIED.,.F.,.F.,(4,3,3,3,3,3,3,3,3,3,3,3,
3,3,3,3,3,3,3,3,3,3,3,3,3,3,3,3,3,3,3,3,3,3,3,3,3,3,3,3,3,3,3,3,3,3,3,3,
3,3,3,3,3,3,3,3,3,3,3,3,3,3,3,3,3,3,3,3,3,3,3,3,3,3,3,3,3,3,3,3,3,3,3,3,
3,3,3,3,3,3,3,3,3,3,3,3,3,3,3,3,3,3,3,4),(0.,1.,1.13823368035556,1.56946518187296,
1.78508093263166,1.89288880801101,1.94679274570068,1.97374471454552,1.98722069896794,
1.99395869117915,1.99732768728475,1.99901218533755,1.99985443436395,1.99995971549225,
1.99998586480279,1.99999892795974,2.00001118253891,2.00069668339036,2.00180407018925,
2.00235722287248,2.00251085372698,2.0026040036475,2.0026784520272,2.05027187392937,
2.09787281679891,2.1454694491095,2.19305317467712,2.24062010716135,2.28817226140937,
2.33571845298317,2.38565234751276,2.4332817615035,2.48099656647148,2.5288404029584,
2.5768662649979,2.62513779901232,2.67373123562272,2.72273824040595,2.77422855603728,
2.8248423072239,2.8763275657483,2.92890391597364,2.98034312834438,2.9996328329834,
3.0008559354384,3.04416062403878,3.08941069474769,3.13113239346437,3.1346607654566,
4.,4.00202678363694,5.,5.01046180235902,5.59953701013936,5.89407461402953,
5.96770901500207,5.99532191536678,5.99834207634417,5.99982856182523,5.9999972950249,
6.00015440611405,6.1886122179197,6.21164147490218,6.23381306950442,6.25532962389429,
6.27632738313613,6.29690357423545,6.31713078194067,6.33706514441316,6.35778185865024,
6.37785117556742,6.39729332633094,6.41635008359404,6.43528636414166,6.45411951975957,
6.47286504651204,6.4915369592065,6.51014809253292,6.52871034882602,6.54723490683441,
6.56573240215768,6.58421308750719,6.60268697926598,6.62116399574636,6.63965409189934,
6.65816739496192,6.67671434559356,6.69530584944076,6.71434923385072,6.73310665845747,
6.75195012942162,6.77089413864414,6.78995482573277,6.80915037731973,6.82850153812801,
6.84803227887221,6.86789203327061,6.8879938107245,6.90837632307448,6.92908715764251,
6.95040225596839,6.97214861029893,6.99466130635259,7.),.UNSPECIFIED.);
#44=B_SPLINE_CURVE_WITH_KNOTS('',3,(#8720,#8721,#8722,#8723,#8724,#8725,
#8726,#8727,#8728,#8729,#8730,#8731,#8732,#8733,#8734,#8735,#8736,#8737,
#8738,#8739,#8740,#8741,#8742,#8743,#8744,#8745,#8746,#8747,#8748,#8749,
#8750,#8751,#8752,#8753,#8754,#8755,#8756,#8757,#8758,#8759,#8760,#8761,
#8762,#8763,#8764,#8765,#8766,#8767,#8768,#8769,#8770,#8771,#8772,#8773,
#8774,#8775,#8776,#8777,#8778,#8779,#8780,#8781,#8782,#8783,#8784,#8785,
#8786,#8787,#8788,#8789,#8790,#8791,#8792,#8793,#8794,#8795,#8796,#8797,
#8798,#8799,#8800,#8801,#8802,#8803,#8804,#8805,#8806,#8807,#8808,#8809,
#8810,#8811,#8812,#8813,#8814,#8815,#8816,#8817,#8818,#8819,#8820,#8821,
#8822,#8823,#8824,#8825,#8826,#8827,#8828,#8829,#8830,#8831,#8832,#8833,
#8834,#8835,#8836,#8837,#8838,#8839,#8840,#8841,#8842,#8843,#8844,#8845,
#8846,#8847,#8848,#8849,#8850,#8851,#8852,#8853,#8854,#8855,#8856,#8857,
#8858,#8859,#8860,#8861,#8862,#8863,#8864,#8865,#8866,#8867,#8868,#8869,
#8870,#8871,#8872,#8873,#8874,#8875,#8876,#8877,#8878,#8879,#8880,#8881,
#8882,#8883,#8884,#8885,#8886,#8887,#8888,#8889,#8890,#8891,#8892,#8893,
#8894,#8895,#8896,#8897,#8898,#8899,#8900,#8901,#8902,#8903,#8904,#8905,
#8906,#8907,#8908,#8909,#8910,#8911,#8912,#8913,#8914,#8915,#8916,#8917,
#8918,#8919,#8920,#8921,#8922,#8923,#8924,#8925,#8926,#8927,#8928,#8929,
#8930,#8931,#8932,#8933,#8934,#8935,#8936,#8937,#8938,#8939,#8940,#8941,
#8942,#8943,#8944,#8945,#8946,#8947,#8948,#8949,#8950,#8951,#8952,#8953,
#8954,#8955,#8956,#8957,#8958,#8959,#8960,#8961,#8962,#8963,#8964,#8965,
#8966,#8967,#8968,#8969,#8970,#8971,#8972,#8973,#8974,#8975,#8976,#8977,
#8978,#8979,#8980,#8981,#8982,#8983,#8984,#8985,#8986,#8987,#8988,#8989,
#8990,#8991,#8992,#8993,#8994,#8995,#8996,#8997,#8998,#8999,#9000,#9001,
#9002,#9003,#9004,#9005,#9006,#9007,#9008,#9009,#9010,#9011,#9012,#9013,
#9014,#9015,#9016,#9017,#9018,#9019,#9020,#9021,#9022,#9023,#9024,#9025,
#9026),.UNSPECIFIED.,.F.,.F.,(4,3,3,3,3,3,3,3,3,3,3,3,3,3,3,3,3,3,3,3,3,
3,3,3,3,3,3,3,3,3,3,3,3,3,3,3,3,3,3,3,3,3,3,3,3,3,3,3,3,3,3,3,3,3,3,3,3,
3,3,3,3,3,3,3,3,3,3,3,3,3,3,3,3,3,3,3,3,3,3,3,3,3,3,3,3,3,3,3,3,3,3,3,3,
3,3,3,3,3,3,3,3,3,4),(0.,1.,1.13823368035556,1.56946518187296,1.78508093263166,
1.89288880801101,1.94679274570068,1.97374471454552,1.98722069896794,1.99395869117915,
1.99732768728475,1.99901218533755,1.99985443436395,1.99995971549225,1.99998586480279,
1.99999892795974,2.00001118253891,2.00069668339036,2.00180407018925,2.00235722287248,
2.00251085372698,2.0026040036475,2.0026784520272,2.05027187392937,2.09787281679891,
2.1454694491095,2.19305317467712,2.24062010716135,2.28817226140937,2.33571845298317,
2.38565234751276,2.4332817615035,2.48099656647148,2.5288404029584,2.5768662649979,
2.62513779901232,2.67373123562272,2.72273824040595,2.77422855603728,2.8248423072239,
2.8763275657483,2.92890391597364,2.98034312834438,2.9996328329834,3.0008559354384,
3.04416062403878,3.08941069474769,3.13113239346437,3.1346607654566,4.,5.,
5.01046180235902,5.59953701013936,5.89407461402953,5.96770901500207,5.99532191536678,
5.99834207634417,5.99982856182523,5.9999972950249,6.00015440611405,6.1886122179197,
6.21164147490218,6.23381306950442,6.25532962389429,6.27632738313613,6.29690357423545,
6.31713078194067,6.33706514441316,6.35778185865024,6.37785117556742,6.39729332633094,
6.41635008359404,6.43528636414166,6.45411951975957,6.47286504651204,6.4915369592065,
6.51014809253292,6.52871034882602,6.54723490683441,6.56573240215768,6.58421308750719,
6.60268697926598,6.62116399574636,6.63965409189934,6.65816739496192,6.67671434559356,
6.69530584944076,6.71434923385072,6.73310665845747,6.75195012942162,6.77089413864414,
6.78995482573277,6.80915037731973,6.82850153812801,6.84803227887221,6.86789203327061,
6.8879938107245,6.90837632307448,6.92908715764251,6.95040225596839,6.97214861029893,
6.99466130635259,7.),.UNSPECIFIED.);
#45=B_SPLINE_CURVE_WITH_KNOTS('',3,(#9153,#9154,#9155,#9156,#9157,#9158,
#9159,#9160,#9161,#9162,#9163,#9164,#9165,#9166,#9167,#9168,#9169,#9170,
#9171,#9172,#9173,#9174,#9175,#9176,#9177,#9178,#9179,#9180,#9181,#9182,
#9183,#9184,#9185,#9186,#9187,#9188,#9189,#9190,#9191,#9192,#9193,#9194,
#9195,#9196,#9197,#9198,#9199,#9200,#9201,#9202,#9203,#9204,#9205,#9206,
#9207,#9208,#9209,#9210,#9211,#9212,#9213,#9214,#9215,#9216,#9217,#9218,
#9219,#9220,#9221,#9222,#9223,#9224,#9225,#9226,#9227,#9228,#9229,#9230,
#9231,#9232,#9233,#9234,#9235,#9236,#9237,#9238,#9239,#9240,#9241,#9242,
#9243,#9244,#9245,#9246,#9247,#9248,#9249,#9250,#9251,#9252,#9253,#9254,
#9255,#9256,#9257,#9258,#9259,#9260,#9261,#9262,#9263,#9264,#9265,#9266,
#9267,#9268,#9269,#9270,#9271,#9272,#9273,#9274,#9275,#9276,#9277,#9278,
#9279,#9280,#9281,#9282,#9283,#9284,#9285,#9286,#9287,#9288,#9289,#9290,
#9291,#9292,#9293,#9294,#9295,#9296,#9297,#9298,#9299,#9300,#9301,#9302,
#9303,#9304,#9305,#9306,#9307,#9308,#9309,#9310,#9311,#9312,#9313,#9314,
#9315,#9316,#9317,#9318,#9319,#9320,#9321,#9322,#9323,#9324,#9325,#9326,
#9327,#9328,#9329,#9330,#9331,#9332,#9333,#9334,#9335,#9336,#9337,#9338,
#9339,#9340,#9341,#9342,#9343,#9344,#9345,#9346,#9347,#9348,#9349,#9350,
#9351,#9352,#9353,#9354,#9355,#9356,#9357,#9358,#9359,#9360,#9361,#9362,
#9363,#9364,#9365,#9366,#9367,#9368,#9369,#9370,#9371,#9372,#9373,#9374,
#9375,#9376,#9377,#9378,#9379,#9380,#9381,#9382,#9383,#9384,#9385,#9386,
#9387,#9388,#9389,#9390,#9391,#9392,#9393,#9394,#9395,#9396,#9397,#9398,
#9399,#9400,#9401,#9402,#9403,#9404,#9405,#9406,#9407,#9408,#9409,#9410,
#9411,#9412,#9413,#9414,#9415,#9416,#9417,#9418,#9419,#9420,#9421,#9422,
#9423,#9424,#9425,#9426,#9427,#9428,#9429,#9430,#9431,#9432,#9433,#9434,
#9435,#9436,#9437,#9438,#9439,#9440,#9441,#9442,#9443,#9444,#9445,#9446,
#9447,#9448,#9449,#9450,#9451,#9452,#9453,#9454,#9455,#9456,#9457,#9458,
#9459,#9460,#9461,#9462),.UNSPECIFIED.,.F.,.F.,(4,3,3,3,3,3,3,3,3,3,3,3,
3,3,3,3,3,3,3,3,3,3,3,3,3,3,3,3,3,3,3,3,3,3,3,3,3,3,3,3,3,3,3,3,3,3,3,3,
3,3,3,3,3,3,3,3,3,3,3,3,3,3,3,3,3,3,3,3,3,3,3,3,3,3,3,3,3,3,3,3,3,3,3,3,
3,3,3,3,3,3,3,3,3,3,3,3,3,3,3,3,3,3,3,4),(0.,1.,1.13855899446738,1.56962783892885,
1.78516226115959,1.89292947227496,1.94681307783264,1.97375488061149,1.98722578200091,
1.99396123269562,1.99732895804297,1.99901282071665,1.99985475205349,1.99995999347059,
1.99998595922673,1.99999951007111,2.00001130393683,2.00069668339033,2.00180407018922,
2.00235722287246,2.00251085372843,2.002604003655,2.00267845202833,2.0502718739307,
2.09787281680045,2.14546944911134,2.19305317467913,2.24062010716373,2.28817226141229,
2.33571845298629,2.38565234751568,2.43328176150651,2.48099656647446,2.52884040296138,
2.5768662650008,2.62513779901514,2.67373123562558,2.72273824040909,2.77422855604003,
2.82484230722669,2.87632756575097,2.92890391597652,2.98034312834654,2.9996328329853,
3.00085593539619,3.04416062399433,3.08941069472546,3.131132393443,3.13466076545659,
4.,4.00202678363687,5.,5.01046177145959,5.59953699468965,5.89407460630467,
5.96770900920843,5.99532191029734,5.99834207135394,5.99982855687398,5.99999729086342,
6.00015440533509,6.1886122179197,6.21164147490218,6.23381306950531,6.25532962389477,
6.27632738313694,6.29690357423523,6.31713078194019,6.33706514441174,6.35778185864887,
6.37785117556609,6.39729332632965,6.41635008359276,6.43528636414036,6.45411951975832,
6.47286504651078,6.49153695920516,6.51014809253166,6.52871034882483,6.54723490683328,
6.56573240215664,6.58421308750599,6.60268697926502,6.62116399574538,6.63965409189808,
6.65816739496086,6.67671434559264,6.69530584944,6.71434923385,6.73310665845669,
6.75195012942082,6.77089413864329,6.78995482573213,6.80915037731855,6.82850153812691,
6.84803227887152,6.86789203326973,6.88799381072364,6.90837632307362,6.92908715764177,
6.95040225596751,6.97214861029792,6.99466130635204,7.),.UNSPECIFIED.);
#46=B_SPLINE_CURVE_WITH_KNOTS('',3,(#9467,#9468,#9469,#9470,#9471,#9472,
#9473,#9474,#9475,#9476,#9477,#9478,#9479,#9480,#9481,#9482,#9483,#9484,
#9485,#9486,#9487,#9488,#9489,#9490,#9491,#9492,#9493,#9494,#9495,#9496,
#9497,#9498,#9499,#9500,#9501,#9502,#9503,#9504,#9505,#9506,#9507,#9508,
#9509,#9510,#9511,#9512,#9513,#9514,#9515,#9516,#9517,#9518,#9519,#9520,
#9521,#9522,#9523,#9524,#9525,#9526,#9527,#9528,#9529,#9530,#9531,#9532,
#9533,#9534,#9535,#9536,#9537,#9538,#9539,#9540,#9541,#9542,#9543,#9544,
#9545,#9546,#9547,#9548,#9549,#9550,#9551,#9552,#9553,#9554,#9555,#9556,
#9557,#9558,#9559,#9560,#9561,#9562,#9563,#9564,#9565,#9566,#9567,#9568,
#9569,#9570,#9571,#9572,#9573,#9574,#9575,#9576,#9577,#9578,#9579,#9580,
#9581,#9582,#9583,#9584,#9585,#9586,#9587,#9588,#9589,#9590,#9591,#9592,
#9593,#9594,#9595,#9596,#9597,#9598,#9599,#9600,#9601,#9602,#9603,#9604,
#9605,#9606,#9607,#9608,#9609,#9610,#9611,#9612,#9613,#9614,#9615,#9616,
#9617,#9618,#9619,#9620,#9621,#9622,#9623,#9624,#9625,#9626,#9627,#9628,
#9629,#9630,#9631,#9632,#9633,#9634,#9635,#9636,#9637,#9638,#9639,#9640,
#9641,#9642,#9643,#9644,#9645,#9646,#9647,#9648,#9649,#9650,#9651,#9652,
#9653,#9654,#9655,#9656,#9657,#9658,#9659,#9660,#9661,#9662,#9663,#9664,
#9665,#9666,#9667,#9668,#9669,#9670,#9671,#9672,#9673,#9674,#9675,#9676,
#9677,#9678,#9679,#9680,#9681,#9682,#9683,#9684,#9685,#9686,#9687,#9688,
#9689,#9690,#9691,#9692,#9693,#9694,#9695,#9696,#9697,#9698,#9699,#9700,
#9701,#9702,#9703,#9704,#9705,#9706,#9707,#9708,#9709,#9710,#9711,#9712,
#9713,#9714,#9715,#9716,#9717,#9718,#9719,#9720,#9721,#9722,#9723,#9724,
#9725,#9726,#9727,#9728,#9729,#9730,#9731,#9732,#9733,#9734,#9735,#9736,
#9737,#9738,#9739,#9740,#9741,#9742,#9743,#9744,#9745,#9746,#9747,#9748,
#9749,#9750,#9751,#9752,#9753,#9754,#9755,#9756,#9757,#9758,#9759,#9760,
#9761,#9762,#9763,#9764,#9765,#9766,#9767,#9768,#9769,#9770,#9771,#9772,
#9773),.UNSPECIFIED.,.F.,.F.,(4,3,3,3,3,3,3,3,3,3,3,3,3,3,3,3,3,3,3,3,3,
3,3,3,3,3,3,3,3,3,3,3,3,3,3,3,3,3,3,3,3,3,3,3,3,3,3,3,3,3,3,3,3,3,3,3,3,
3,3,3,3,3,3,3,3,3,3,3,3,3,3,3,3,3,3,3,3,3,3,3,3,3,3,3,3,3,3,3,3,3,3,3,3,
3,3,3,3,3,3,3,3,3,4),(0.,1.,1.13855899446738,1.56962783892885,1.78516226115959,
1.89292947227496,1.94681307783264,1.97375488061149,1.98722578200091,1.99396123269562,
1.99732895804297,1.99901282071665,1.99985475205349,1.99995999347059,1.99998595922673,
1.99999951007111,2.00001130393683,2.00069668339033,2.00180407018922,2.00235722287246,
2.00251085372843,2.002604003655,2.00267845202833,2.0502718739307,2.0978728168002,
2.14546944911101,2.19305317467893,2.24062010716324,2.28817226141153,2.33571845298567,
2.38565234751511,2.43328176150596,2.48099656647397,2.5288404029609,2.57686626500034,
2.62513779901481,2.67373123562516,2.72273824040846,2.77422855603948,2.82484230722612,
2.87632756575042,2.92890391597597,2.98034312834613,2.99963283298493,3.0008559354956,
3.044160624099,3.0894106947778,3.13113239349409,3.1346607654566,4.,5.,5.01046180235902,
5.59953701013936,5.89407461402953,5.96770901500207,5.99532191536678,5.99834207634417,
5.99982856182523,5.9999972950249,6.00015440611405,6.1886122179197,6.21164147490218,
6.23381306950531,6.25532962389477,6.27632738313694,6.29690357423523,6.31713078194019,
6.33706514441174,6.35778185864887,6.37785117556609,6.39729332632965,6.41635008359276,
6.43528636414036,6.45411951975832,6.47286504651078,6.49153695920516,6.51014809253166,
6.52871034882483,6.54723490683328,6.56573240215664,6.58421308750599,6.60268697926502,
6.62116399574538,6.63965409189808,6.65816739496086,6.67671434559264,6.69530584944,
6.71434923385,6.73310665845669,6.75195012942082,6.77089413864329,6.78995482573213,
6.80915037731855,6.82850153812691,6.84803227887152,6.86789203326973,6.88799381072364,
6.90837632307362,6.92908715764177,6.95040225596751,6.97214861029792,6.99466130635204,
7.),.UNSPECIFIED.);
#47=B_SPLINE_CURVE_WITH_KNOTS('',3,(#9929,#9930,#9931,#9932,#9933,#9934,
#9935,#9936,#9937,#9938,#9939,#9940,#9941,#9942,#9943,#9944,#9945,#9946,
#9947,#9948,#9949,#9950,#9951,#9952,#9953,#9954,#9955,#9956,#9957,#9958,
#9959,#9960,#9961,#9962,#9963,#9964,#9965,#9966,#9967,#9968,#9969,#9970,
#9971,#9972,#9973,#9974,#9975,#9976,#9977,#9978,#9979,#9980,#9981,#9982,
#9983,#9984,#9985,#9986,#9987,#9988,#9989,#9990,#9991,#9992,#9993,#9994,
#9995,#9996,#9997,#9998,#9999,#10000,#10001,#10002,#10003,#10004,#10005,
#10006,#10007,#10008,#10009,#10010,#10011,#10012,#10013,#10014,#10015,#10016,
#10017,#10018,#10019,#10020,#10021,#10022,#10023,#10024,#10025,#10026,#10027,
#10028,#10029,#10030,#10031,#10032,#10033,#10034,#10035,#10036,#10037,#10038,
#10039,#10040,#10041,#10042,#10043,#10044,#10045,#10046,#10047,#10048,#10049,
#10050,#10051,#10052,#10053,#10054,#10055,#10056,#10057,#10058,#10059,#10060,
#10061,#10062,#10063,#10064,#10065,#10066,#10067,#10068,#10069,#10070,#10071,
#10072,#10073,#10074,#10075,#10076,#10077,#10078,#10079,#10080,#10081,#10082,
#10083,#10084,#10085,#10086,#10087,#10088,#10089,#10090,#10091,#10092,#10093,
#10094,#10095,#10096,#10097,#10098,#10099,#10100,#10101,#10102,#10103,#10104,
#10105,#10106,#10107,#10108,#10109,#10110,#10111,#10112,#10113,#10114,#10115,
#10116,#10117,#10118,#10119,#10120,#10121,#10122,#10123,#10124,#10125,#10126,
#10127,#10128,#10129,#10130,#10131,#10132,#10133,#10134,#10135,#10136,#10137,
#10138,#10139,#10140,#10141,#10142,#10143,#10144,#10145,#10146,#10147,#10148,
#10149,#10150,#10151,#10152,#10153,#10154,#10155,#10156,#10157,#10158,#10159,
#10160,#10161,#10162,#10163,#10164,#10165,#10166,#10167,#10168,#10169,#10170,
#10171,#10172,#10173,#10174,#10175,#10176,#10177,#10178,#10179,#10180,#10181,
#10182,#10183,#10184,#10185,#10186,#10187,#10188,#10189,#10190,#10191,#10192,
#10193,#10194,#10195,#10196,#10197,#10198,#10199,#10200,#10201,#10202,#10203,
#10204,#10205,#10206,#10207,#10208,#10209,#10210,#10211,#10212,#10213,#10214,
#10215,#10216,#10217,#10218,#10219,#10220,#10221,#10222,#10223,#10224,#10225,
#10226,#10227,#10228,#10229,#10230,#10231,#10232,#10233,#10234,#10235,#10236,
#10237,#10238),.UNSPECIFIED.,.F.,.F.,(4,3,3,3,3,3,3,3,3,3,3,3,3,3,3,3,3,
3,3,3,3,3,3,3,3,3,3,3,3,3,3,3,3,3,3,3,3,3,3,3,3,3,3,3,3,3,3,3,3,3,3,3,3,
3,3,3,3,3,3,3,3,3,3,3,3,3,3,3,3,3,3,3,3,3,3,3,3,3,3,3,3,3,3,3,3,3,3,3,3,
3,3,3,3,3,3,3,3,3,3,3,3,3,3,4),(0.,1.,1.13855899446738,1.56962783892885,
1.78516226115959,1.89292947227496,1.94681307783264,1.97375488061149,1.98722578200091,
1.99396123269562,1.99732895804297,1.99901282071665,1.99985475205349,1.99995999347059,
1.99998595922673,1.99999951007111,2.00001130393683,2.00069668339033,2.00180407018922,
2.00235722287246,2.00251085372843,2.002604003655,2.00267845202833,2.0502718739307,
2.09787281680045,2.14546944911134,2.19305317467913,2.24062010716373,2.28817226141229,
2.33571845298629,2.38565234751568,2.43328176150651,2.48099656647446,2.52884040296138,
2.5768662650008,2.62513779901514,2.67373123562558,2.72273824040909,2.77422855604003,
2.82484230722669,2.87632756575097,2.92890391597652,2.98034312834654,2.9996328329853,
3.00085593539619,3.04416062399433,3.08941069472546,3.131132393443,3.13466076545659,
4.,4.00202678363687,5.,5.01046177145959,5.59953699468965,5.89407460630467,
5.96770900920843,5.99532191029734,5.99834207135394,5.99982855687398,5.99999729086342,
6.00015440533509,6.1886122179197,6.21164147490218,6.23381306950531,6.25532962389477,
6.27632738313694,6.29690357423523,6.31713078194019,6.33706514441174,6.35778185864887,
6.37785117556609,6.39729332632965,6.41635008359276,6.43528636414036,6.45411951975832,
6.47286504651078,6.49153695920516,6.51014809253166,6.52871034882483,6.54723490683328,
6.56573240215664,6.58421308750599,6.60268697926502,6.62116399574538,6.63965409189808,
6.65816739496086,6.67671434559264,6.69530584944,6.71434923385,6.73310665845669,
6.75195012942082,6.77089413864329,6.78995482573213,6.80915037731855,6.82850153812691,
6.84803227887152,6.86789203326973,6.88799381072364,6.90837632307362,6.92908715764177,
6.95040225596751,6.97214861029792,6.99466130635204,7.),.UNSPECIFIED.);
#48=B_SPLINE_CURVE_WITH_KNOTS('',3,(#10243,#10244,#10245,#10246,#10247,
#10248,#10249,#10250,#10251,#10252,#10253,#10254,#10255,#10256,#10257,#10258,
#10259,#10260,#10261,#10262,#10263,#10264,#10265,#10266,#10267,#10268,#10269,
#10270,#10271,#10272,#10273,#10274,#10275,#10276,#10277,#10278,#10279,#10280,
#10281,#10282,#10283,#10284,#10285,#10286,#10287,#10288,#10289,#10290,#10291,
#10292,#10293,#10294,#10295,#10296,#10297,#10298,#10299,#10300,#10301,#10302,
#10303,#10304,#10305,#10306,#10307,#10308,#10309,#10310,#10311,#10312,#10313,
#10314,#10315,#10316,#10317,#10318,#10319,#10320,#10321,#10322,#10323,#10324,
#10325,#10326,#10327,#10328,#10329,#10330,#10331,#10332,#10333,#10334,#10335,
#10336,#10337,#10338,#10339,#10340,#10341,#10342,#10343,#10344,#10345,#10346,
#10347,#10348,#10349,#10350,#10351,#10352,#10353,#10354,#10355,#10356,#10357,
#10358,#10359,#10360,#10361,#10362,#10363,#10364,#10365,#10366,#10367,#10368,
#10369,#10370,#10371,#10372,#10373,#10374,#10375,#10376,#10377,#10378,#10379,
#10380,#10381,#10382,#10383,#10384,#10385,#10386,#10387,#10388,#10389,#10390,
#10391,#10392,#10393,#10394,#10395,#10396,#10397,#10398,#10399,#10400,#10401,
#10402,#10403,#10404,#10405,#10406,#10407,#10408,#10409,#10410,#10411,#10412,
#10413,#10414,#10415,#10416,#10417,#10418,#10419,#10420,#10421,#10422,#10423,
#10424,#10425,#10426,#10427,#10428,#10429,#10430,#10431,#10432,#10433,#10434,
#10435,#10436,#10437,#10438,#10439,#10440,#10441,#10442,#10443,#10444,#10445,
#10446,#10447,#10448,#10449,#10450,#10451,#10452,#10453,#10454,#10455,#10456,
#10457,#10458,#10459,#10460,#10461,#10462,#10463,#10464,#10465,#10466,#10467,
#10468,#10469,#10470,#10471,#10472,#10473,#10474,#10475,#10476,#10477,#10478,
#10479,#10480,#10481,#10482,#10483,#10484,#10485,#10486,#10487,#10488,#10489,
#10490,#10491,#10492,#10493,#10494,#10495,#10496,#10497,#10498,#10499,#10500,
#10501,#10502,#10503,#10504,#10505,#10506,#10507,#10508,#10509,#10510,#10511,
#10512,#10513,#10514,#10515,#10516,#10517,#10518,#10519,#10520,#10521,#10522,
#10523,#10524,#10525,#10526,#10527,#10528,#10529,#10530,#10531,#10532,#10533,
#10534,#10535,#10536,#10537,#10538,#10539,#10540,#10541,#10542,#10543,#10544,
#10545,#10546,#10547,#10548,#10549),.UNSPECIFIED.,.F.,.F.,(4,3,3,3,3,3,
3,3,3,3,3,3,3,3,3,3,3,3,3,3,3,3,3,3,3,3,3,3,3,3,3,3,3,3,3,3,3,3,3,3,3,3,
3,3,3,3,3,3,3,3,3,3,3,3,3,3,3,3,3,3,3,3,3,3,3,3,3,3,3,3,3,3,3,3,3,3,3,3,
3,3,3,3,3,3,3,3,3,3,3,3,3,3,3,3,3,3,3,3,3,3,3,3,4),(0.,1.,1.13855899446738,
1.56962783892885,1.78516226115959,1.89292947227496,1.94681307783264,1.97375488061149,
1.98722578200091,1.99396123269562,1.99732895804297,1.99901282071665,1.99985475205349,
1.99995999347059,1.99998595922673,1.99999951007111,2.00001130393683,2.00069668339033,
2.00180407018922,2.00235722287246,2.00251085372843,2.002604003655,2.00267845202833,
2.0502718739307,2.0978728168002,2.14546944911101,2.19305317467893,2.24062010716324,
2.28817226141153,2.33571845298567,2.38565234751511,2.43328176150596,2.48099656647397,
2.5288404029609,2.57686626500034,2.62513779901481,2.67373123562516,2.72273824040846,
2.77422855603948,2.82484230722612,2.87632756575042,2.92890391597597,2.98034312834613,
2.99963283298493,3.0008559354956,3.044160624099,3.0894106947778,3.13113239349409,
3.1346607654566,4.,5.,5.01046180235902,5.59953701013936,5.89407461402953,
5.96770901500207,5.99532191536678,5.99834207634417,5.99982856182523,5.9999972950249,
6.00015440611405,6.1886122179197,6.21164147490218,6.23381306950531,6.25532962389477,
6.27632738313694,6.29690357423523,6.31713078194019,6.33706514441174,6.35778185864887,
6.37785117556609,6.39729332632965,6.41635008359276,6.43528636414036,6.45411951975832,
6.47286504651078,6.49153695920516,6.51014809253166,6.52871034882483,6.54723490683328,
6.56573240215664,6.58421308750599,6.60268697926502,6.62116399574538,6.63965409189808,
6.65816739496086,6.67671434559264,6.69530584944,6.71434923385,6.73310665845669,
6.75195012942082,6.77089413864329,6.78995482573213,6.80915037731855,6.82850153812691,
6.84803227887152,6.86789203326973,6.88799381072364,6.90837632307362,6.92908715764177,
6.95040225596751,6.97214861029792,6.99466130635204,7.),.UNSPECIFIED.);
#49=(
BOUNDED_SURFACE()
B_SPLINE_SURFACE(2,1,((#2270,#2271),(#2272,#2273),(#2274,#2275),(#2276,
#2277),(#2278,#2279),(#2280,#2281),(#2282,#2283)),.UNSPECIFIED.,.F.,.F.,
 .F.)
B_SPLINE_SURFACE_WITH_KNOTS((3,2,2,3),(2,2),(22.1318572920053,23.1318572920053,
26.4148216150067,29.697785938008),(0.,2.664),.UNSPECIFIED.)
GEOMETRIC_REPRESENTATION_ITEM()
RATIONAL_B_SPLINE_SURFACE(((1.,1.),(1.,1.),(1.,1.),(0.707106781186548,0.707106781186548),
(1.,1.),(0.707106781186548,0.707106781186548),(1.,1.)))
REPRESENTATION_ITEM('')
SURFACE()
);
#50=(
BOUNDED_SURFACE()
B_SPLINE_SURFACE(2,1,((#2292,#2293),(#2294,#2295),(#2296,#2297),(#2298,
#2299),(#2300,#2301),(#2302,#2303),(#2304,#2305)),.UNSPECIFIED.,.F.,.F.,
 .F.)
B_SPLINE_SURFACE_WITH_KNOTS((3,2,2,3),(2,2),(11.5659286460027,14.848892969004,
18.1318572920053,19.1318572920053),(0.,2.664),.UNSPECIFIED.)
GEOMETRIC_REPRESENTATION_ITEM()
RATIONAL_B_SPLINE_SURFACE(((1.,1.),(0.707106781186548,0.707106781186548),
(1.,1.),(0.707106781186548,0.707106781186548),(1.,1.),(1.,1.),(1.,1.)))
REPRESENTATION_ITEM('')
SURFACE()
);
#51=(
BOUNDED_SURFACE()
B_SPLINE_SURFACE(2,1,((#2370,#2371),(#2372,#2373),(#2374,#2375),(#2376,
#2377),(#2378,#2379),(#2380,#2381),(#2382,#2383)),.UNSPECIFIED.,.F.,.F.,
 .F.)
B_SPLINE_SURFACE_WITH_KNOTS((3,2,2,3),(2,2),(22.1318572920053,23.1318572920053,
26.4148216150067,29.697785938008),(0.,2.66400000000003),.UNSPECIFIED.)
GEOMETRIC_REPRESENTATION_ITEM()
RATIONAL_B_SPLINE_SURFACE(((1.,1.),(1.,1.),(1.,1.),(0.707106781186548,0.707106781186548),
(1.,1.),(0.707106781186548,0.707106781186548),(1.,1.)))
REPRESENTATION_ITEM('')
SURFACE()
);
#52=(
BOUNDED_SURFACE()
B_SPLINE_SURFACE(2,1,((#2392,#2393),(#2394,#2395),(#2396,#2397),(#2398,
#2399),(#2400,#2401),(#2402,#2403),(#2404,#2405)),.UNSPECIFIED.,.F.,.F.,
 .F.)
B_SPLINE_SURFACE_WITH_KNOTS((3,2,2,3),(2,2),(11.5659286460027,14.848892969004,
18.1318572920053,19.1318572920053),(0.,2.66400000000003),.UNSPECIFIED.)
GEOMETRIC_REPRESENTATION_ITEM()
RATIONAL_B_SPLINE_SURFACE(((1.,1.),(0.707106781186548,0.707106781186548),
(1.,1.),(0.707106781186548,0.707106781186548),(1.,1.),(1.,1.),(1.,1.)))
REPRESENTATION_ITEM('')
SURFACE()
);
#53=(
BOUNDED_SURFACE()
B_SPLINE_SURFACE(3,1,((#4168,#4169),(#4170,#4171),(#4172,#4173),(#4174,
#4175),(#4176,#4177),(#4178,#4179),(#4180,#4181),(#4182,#4183),(#4184,#4185),
(#4186,#4187)),.UNSPECIFIED.,.F.,.F.,.F.)
B_SPLINE_SURFACE_WITH_KNOTS((4,3,3,4),(2,2),(7.,8.,11.2829643230013,14.5659286460027),
(0.,2.664),.UNSPECIFIED.)
GEOMETRIC_REPRESENTATION_ITEM()
RATIONAL_B_SPLINE_SURFACE(((1.,1.),(1.,1.),(1.,1.),(1.,1.),(0.804737854124365,
0.804737854124365),(0.804737854124365,0.804737854124365),(1.,1.),(0.804737854124365,
0.804737854124365),(0.804737854124365,0.804737854124365),(1.,1.)))
REPRESENTATION_ITEM('')
SURFACE()
);
#54=(
BOUNDED_SURFACE()
B_SPLINE_SURFACE(3,1,((#4191,#4192),(#4193,#4194),(#4195,#4196),(#4197,
#4198),(#4199,#4200),(#4201,#4202),(#4203,#4204),(#4205,#4206),(#4207,#4208),
(#4209,#4210)),.UNSPECIFIED.,.F.,.F.,.F.)
B_SPLINE_SURFACE_WITH_KNOTS((4,3,3,4),(2,2),(15.5659286460027,18.848892969004,
22.1318572920053,23.1318572920053),(0.,2.664),.UNSPECIFIED.)
GEOMETRIC_REPRESENTATION_ITEM()
RATIONAL_B_SPLINE_SURFACE(((1.,1.),(0.804737854124365,0.804737854124365),
(0.804737854124365,0.804737854124365),(1.,1.),(0.804737854124365,0.804737854124365),
(0.804737854124365,0.804737854124365),(1.,1.),(1.,1.),(1.,1.),(1.,1.)))
REPRESENTATION_ITEM('')
SURFACE()
);
#55=(
BOUNDED_SURFACE()
B_SPLINE_SURFACE(3,1,((#4944,#4945),(#4946,#4947),(#4948,#4949),(#4950,
#4951),(#4952,#4953),(#4954,#4955),(#4956,#4957),(#4958,#4959),(#4960,#4961),
(#4962,#4963)),.UNSPECIFIED.,.F.,.F.,.F.)
B_SPLINE_SURFACE_WITH_KNOTS((4,3,3,4),(2,2),(7.,8.,11.2829643230013,14.5659286460027),
(0.,2.664),.UNSPECIFIED.)
GEOMETRIC_REPRESENTATION_ITEM()
RATIONAL_B_SPLINE_SURFACE(((1.,1.),(1.,1.),(1.,1.),(1.,1.),(0.804737854124365,
0.804737854124365),(0.804737854124365,0.804737854124365),(1.,1.),(0.804737854124365,
0.804737854124365),(0.804737854124365,0.804737854124365),(1.,1.)))
REPRESENTATION_ITEM('')
SURFACE()
);
#56=(
BOUNDED_SURFACE()
B_SPLINE_SURFACE(3,1,((#4967,#4968),(#4969,#4970),(#4971,#4972),(#4973,
#4974),(#4975,#4976),(#4977,#4978),(#4979,#4980),(#4981,#4982),(#4983,#4984),
(#4985,#4986)),.UNSPECIFIED.,.F.,.F.,.F.)
B_SPLINE_SURFACE_WITH_KNOTS((4,3,3,4),(2,2),(15.5659286460027,18.848892969004,
22.1318572920053,23.1318572920053),(0.,2.664),.UNSPECIFIED.)
GEOMETRIC_REPRESENTATION_ITEM()
RATIONAL_B_SPLINE_SURFACE(((1.,1.),(0.804737854124365,0.804737854124365),
(0.804737854124365,0.804737854124365),(1.,1.),(0.804737854124365,0.804737854124365),
(0.804737854124365,0.804737854124365),(1.,1.),(1.,1.),(1.,1.),(1.,1.)))
REPRESENTATION_ITEM('')
SURFACE()
);
#57=(
BOUNDED_SURFACE()
B_SPLINE_SURFACE(3,1,((#5720,#5721),(#5722,#5723),(#5724,#5725),(#5726,
#5727),(#5728,#5729),(#5730,#5731),(#5732,#5733),(#5734,#5735),(#5736,#5737),
(#5738,#5739)),.UNSPECIFIED.,.F.,.F.,.F.)
B_SPLINE_SURFACE_WITH_KNOTS((4,3,3,4),(2,2),(7.,8.,11.2829643230013,14.5659286460027),
(0.,2.664),.UNSPECIFIED.)
GEOMETRIC_REPRESENTATION_ITEM()
RATIONAL_B_SPLINE_SURFACE(((1.,1.),(1.,1.),(1.,1.),(1.,1.),(0.804737854124365,
0.804737854124365),(0.804737854124365,0.804737854124365),(1.,1.),(0.804737854124365,
0.804737854124365),(0.804737854124365,0.804737854124365),(1.,1.)))
REPRESENTATION_ITEM('')
SURFACE()
);
#58=(
BOUNDED_SURFACE()
B_SPLINE_SURFACE(3,1,((#5743,#5744),(#5745,#5746),(#5747,#5748),(#5749,
#5750),(#5751,#5752),(#5753,#5754),(#5755,#5756),(#5757,#5758),(#5759,#5760),
(#5761,#5762)),.UNSPECIFIED.,.F.,.F.,.F.)
B_SPLINE_SURFACE_WITH_KNOTS((4,3,3,4),(2,2),(15.5659286460027,18.848892969004,
22.1318572920053,23.1318572920053),(0.,2.664),.UNSPECIFIED.)
GEOMETRIC_REPRESENTATION_ITEM()
RATIONAL_B_SPLINE_SURFACE(((1.,1.),(0.804737854124365,0.804737854124365),
(0.804737854124365,0.804737854124365),(1.,1.),(0.804737854124365,0.804737854124365),
(0.804737854124365,0.804737854124365),(1.,1.),(1.,1.),(1.,1.),(1.,1.)))
REPRESENTATION_ITEM('')
SURFACE()
);
#59=(
BOUNDED_SURFACE()
B_SPLINE_SURFACE(3,1,((#6496,#6497),(#6498,#6499),(#6500,#6501),(#6502,
#6503),(#6504,#6505),(#6506,#6507),(#6508,#6509),(#6510,#6511),(#6512,#6513),
(#6514,#6515)),.UNSPECIFIED.,.F.,.F.,.F.)
B_SPLINE_SURFACE_WITH_KNOTS((4,3,3,4),(2,2),(7.,8.,11.2829643230013,14.5659286460027),
(0.,2.664),.UNSPECIFIED.)
GEOMETRIC_REPRESENTATION_ITEM()
RATIONAL_B_SPLINE_SURFACE(((1.,1.),(1.,1.),(1.,1.),(1.,1.),(0.804737854124365,
0.804737854124365),(0.804737854124365,0.804737854124365),(1.,1.),(0.804737854124365,
0.804737854124365),(0.804737854124365,0.804737854124365),(1.,1.)))
REPRESENTATION_ITEM('')
SURFACE()
);
#60=(
BOUNDED_SURFACE()
B_SPLINE_SURFACE(3,1,((#6519,#6520),(#6521,#6522),(#6523,#6524),(#6525,
#6526),(#6527,#6528),(#6529,#6530),(#6531,#6532),(#6533,#6534),(#6535,#6536),
(#6537,#6538)),.UNSPECIFIED.,.F.,.F.,.F.)
B_SPLINE_SURFACE_WITH_KNOTS((4,3,3,4),(2,2),(15.5659286460027,18.848892969004,
22.1318572920053,23.1318572920053),(0.,2.664),.UNSPECIFIED.)
GEOMETRIC_REPRESENTATION_ITEM()
RATIONAL_B_SPLINE_SURFACE(((1.,1.),(0.804737854124365,0.804737854124365),
(0.804737854124365,0.804737854124365),(1.,1.),(0.804737854124365,0.804737854124365),
(0.804737854124365,0.804737854124365),(1.,1.),(1.,1.),(1.,1.),(1.,1.)))
REPRESENTATION_ITEM('')
SURFACE()
);
#61=(
BOUNDED_SURFACE()
B_SPLINE_SURFACE(3,1,((#8299,#8300),(#8301,#8302),(#8303,#8304),(#8305,
#8306),(#8307,#8308),(#8309,#8310),(#8311,#8312),(#8313,#8314),(#8315,#8316),
(#8317,#8318)),.UNSPECIFIED.,.F.,.F.,.F.)
B_SPLINE_SURFACE_WITH_KNOTS((4,3,3,4),(2,2),(7.,8.,11.2829643230013,14.5659286460027),
(0.,2.664),.UNSPECIFIED.)
GEOMETRIC_REPRESENTATION_ITEM()
RATIONAL_B_SPLINE_SURFACE(((1.,1.),(1.,1.),(1.,1.),(1.,1.),(0.804737854124365,
0.804737854124365),(0.804737854124365,0.804737854124365),(1.,1.),(0.804737854124365,
0.804737854124365),(0.804737854124365,0.804737854124365),(1.,1.)))
REPRESENTATION_ITEM('')
SURFACE()
);
#62=(
BOUNDED_SURFACE()
B_SPLINE_SURFACE(3,1,((#8322,#8323),(#8324,#8325),(#8326,#8327),(#8328,
#8329),(#8330,#8331),(#8332,#8333),(#8334,#8335),(#8336,#8337),(#8338,#8339),
(#8340,#8341)),.UNSPECIFIED.,.F.,.F.,.F.)
B_SPLINE_SURFACE_WITH_KNOTS((4,3,3,4),(2,2),(15.5659286460027,18.848892969004,
22.1318572920053,23.1318572920053),(0.,2.664),.UNSPECIFIED.)
GEOMETRIC_REPRESENTATION_ITEM()
RATIONAL_B_SPLINE_SURFACE(((1.,1.),(0.804737854124365,0.804737854124365),
(0.804737854124365,0.804737854124365),(1.,1.),(0.804737854124365,0.804737854124365),
(0.804737854124365,0.804737854124365),(1.,1.),(1.,1.),(1.,1.),(1.,1.)))
REPRESENTATION_ITEM('')
SURFACE()
);
#63=(
BOUNDED_SURFACE()
B_SPLINE_SURFACE(3,1,((#9075,#9076),(#9077,#9078),(#9079,#9080),(#9081,
#9082),(#9083,#9084),(#9085,#9086),(#9087,#9088),(#9089,#9090),(#9091,#9092),
(#9093,#9094)),.UNSPECIFIED.,.F.,.F.,.F.)
B_SPLINE_SURFACE_WITH_KNOTS((4,3,3,4),(2,2),(7.,8.,11.2829643230013,14.5659286460027),
(0.,2.664),.UNSPECIFIED.)
GEOMETRIC_REPRESENTATION_ITEM()
RATIONAL_B_SPLINE_SURFACE(((1.,1.),(1.,1.),(1.,1.),(1.,1.),(0.804737854124365,
0.804737854124365),(0.804737854124365,0.804737854124365),(1.,1.),(0.804737854124365,
0.804737854124365),(0.804737854124365,0.804737854124365),(1.,1.)))
REPRESENTATION_ITEM('')
SURFACE()
);
#64=(
BOUNDED_SURFACE()
B_SPLINE_SURFACE(3,1,((#9098,#9099),(#9100,#9101),(#9102,#9103),(#9104,
#9105),(#9106,#9107),(#9108,#9109),(#9110,#9111),(#9112,#9113),(#9114,#9115),
(#9116,#9117)),.UNSPECIFIED.,.F.,.F.,.F.)
B_SPLINE_SURFACE_WITH_KNOTS((4,3,3,4),(2,2),(15.5659286460027,18.848892969004,
22.1318572920053,23.1318572920053),(0.,2.664),.UNSPECIFIED.)
GEOMETRIC_REPRESENTATION_ITEM()
RATIONAL_B_SPLINE_SURFACE(((1.,1.),(0.804737854124365,0.804737854124365),
(0.804737854124365,0.804737854124365),(1.,1.),(0.804737854124365,0.804737854124365),
(0.804737854124365,0.804737854124365),(1.,1.),(1.,1.),(1.,1.),(1.,1.)))
REPRESENTATION_ITEM('')
SURFACE()
);
#65=(
BOUNDED_SURFACE()
B_SPLINE_SURFACE(3,1,((#9851,#9852),(#9853,#9854),(#9855,#9856),(#9857,
#9858),(#9859,#9860),(#9861,#9862),(#9863,#9864),(#9865,#9866),(#9867,#9868),
(#9869,#9870)),.UNSPECIFIED.,.F.,.F.,.F.)
B_SPLINE_SURFACE_WITH_KNOTS((4,3,3,4),(2,2),(7.,8.,11.2829643230013,14.5659286460027),
(0.,2.664),.UNSPECIFIED.)
GEOMETRIC_REPRESENTATION_ITEM()
RATIONAL_B_SPLINE_SURFACE(((1.,1.),(1.,1.),(1.,1.),(1.,1.),(0.804737854124365,
0.804737854124365),(0.804737854124365,0.804737854124365),(1.,1.),(0.804737854124365,
0.804737854124365),(0.804737854124365,0.804737854124365),(1.,1.)))
REPRESENTATION_ITEM('')
SURFACE()
);
#66=(
BOUNDED_SURFACE()
B_SPLINE_SURFACE(3,1,((#9874,#9875),(#9876,#9877),(#9878,#9879),(#9880,
#9881),(#9882,#9883),(#9884,#9885),(#9886,#9887),(#9888,#9889),(#9890,#9891),
(#9892,#9893)),.UNSPECIFIED.,.F.,.F.,.F.)
B_SPLINE_SURFACE_WITH_KNOTS((4,3,3,4),(2,2),(15.5659286460027,18.848892969004,
22.1318572920053,23.1318572920053),(0.,2.664),.UNSPECIFIED.)
GEOMETRIC_REPRESENTATION_ITEM()
RATIONAL_B_SPLINE_SURFACE(((1.,1.),(0.804737854124365,0.804737854124365),
(0.804737854124365,0.804737854124365),(1.,1.),(0.804737854124365,0.804737854124365),
(0.804737854124365,0.804737854124365),(1.,1.),(1.,1.),(1.,1.),(1.,1.)))
REPRESENTATION_ITEM('')
SURFACE()
);
#67=(
BOUNDED_SURFACE()
B_SPLINE_SURFACE(3,1,((#10627,#10628),(#10629,#10630),(#10631,#10632),(#10633,
#10634),(#10635,#10636),(#10637,#10638),(#10639,#10640),(#10641,#10642),
(#10643,#10644),(#10645,#10646)),.UNSPECIFIED.,.F.,.F.,.F.)
B_SPLINE_SURFACE_WITH_KNOTS((4,3,3,4),(2,2),(7.,8.,11.2829643230013,14.5659286460027),
(0.,2.664),.UNSPECIFIED.)
GEOMETRIC_REPRESENTATION_ITEM()
RATIONAL_B_SPLINE_SURFACE(((1.,1.),(1.,1.),(1.,1.),(1.,1.),(0.804737854124365,
0.804737854124365),(0.804737854124365,0.804737854124365),(1.,1.),(0.804737854124365,
0.804737854124365),(0.804737854124365,0.804737854124365),(1.,1.)))
REPRESENTATION_ITEM('')
SURFACE()
);
#68=(
BOUNDED_SURFACE()
B_SPLINE_SURFACE(3,1,((#10650,#10651),(#10652,#10653),(#10654,#10655),(#10656,
#10657),(#10658,#10659),(#10660,#10661),(#10662,#10663),(#10664,#10665),
(#10666,#10667),(#10668,#10669)),.UNSPECIFIED.,.F.,.F.,.F.)
B_SPLINE_SURFACE_WITH_KNOTS((4,3,3,4),(2,2),(15.5659286460027,18.848892969004,
22.1318572920053,23.1318572920053),(0.,2.664),.UNSPECIFIED.)
GEOMETRIC_REPRESENTATION_ITEM()
RATIONAL_B_SPLINE_SURFACE(((1.,1.),(0.804737854124365,0.804737854124365),
(0.804737854124365,0.804737854124365),(1.,1.),(0.804737854124365,0.804737854124365),
(0.804737854124365,0.804737854124365),(1.,1.),(1.,1.),(1.,1.),(1.,1.)))
REPRESENTATION_ITEM('')
SURFACE()
);
#69=(
BOUNDED_CURVE()
B_SPLINE_CURVE(2,(#2221,#2222,#2223,#2224,#2225,#2226,#2227),
 .UNSPECIFIED.,.F.,.F.)
B_SPLINE_CURVE_WITH_KNOTS((3,2,2,3),(11.5659286460027,14.848892969004,18.1318572920053,
19.1318572920053),.UNSPECIFIED.)
CURVE()
GEOMETRIC_REPRESENTATION_ITEM()
RATIONAL_B_SPLINE_CURVE((1.,0.707106781186548,1.,0.707106781186548,1.,1.,
1.))
REPRESENTATION_ITEM('')
);
#70=(
BOUNDED_CURVE()
B_SPLINE_CURVE(2,(#2234,#2235,#2236,#2237,#2238,#2239,#2240),
 .UNSPECIFIED.,.F.,.F.)
B_SPLINE_CURVE_WITH_KNOTS((3,2,2,3),(22.1318572920053,23.1318572920053,
26.4148216150067,29.697785938008),.UNSPECIFIED.)
CURVE()
GEOMETRIC_REPRESENTATION_ITEM()
RATIONAL_B_SPLINE_CURVE((1.,1.,1.,0.707106781186548,1.,0.707106781186548,
1.))
REPRESENTATION_ITEM('')
);
#71=(
BOUNDED_CURVE()
B_SPLINE_CURVE(2,(#2250,#2251,#2252,#2253,#2254,#2255,#2256),
 .UNSPECIFIED.,.F.,.F.)
B_SPLINE_CURVE_WITH_KNOTS((3,2,2,3),(-19.1318572920053,-18.1318572920053,
-14.848892969004,-11.5659286460027),.UNSPECIFIED.)
CURVE()
GEOMETRIC_REPRESENTATION_ITEM()
RATIONAL_B_SPLINE_CURVE((1.,1.,1.,0.707106781186548,1.,0.707106781186548,
1.))
REPRESENTATION_ITEM('')
);
#72=(
BOUNDED_CURVE()
B_SPLINE_CURVE(2,(#2263,#2264,#2265,#2266,#2267,#2268,#2269),
 .UNSPECIFIED.,.F.,.F.)
B_SPLINE_CURVE_WITH_KNOTS((3,2,2,3),(-29.697785938008,-26.4148216150067,
-23.1318572920053,-22.1318572920053),.UNSPECIFIED.)
CURVE()
GEOMETRIC_REPRESENTATION_ITEM()
RATIONAL_B_SPLINE_CURVE((1.,0.707106781186548,1.,0.707106781186548,1.,1.,
1.))
REPRESENTATION_ITEM('')
);
#73=(
BOUNDED_CURVE()
B_SPLINE_CURVE(2,(#2315,#2316,#2317,#2318,#2319,#2320,#2321),
 .UNSPECIFIED.,.F.,.F.)
B_SPLINE_CURVE_WITH_KNOTS((3,2,2,3),(22.1318572920053,23.1318572920053,
26.4148216150067,29.697785938008),.UNSPECIFIED.)
CURVE()
GEOMETRIC_REPRESENTATION_ITEM()
RATIONAL_B_SPLINE_CURVE((1.,1.,1.,0.707106781186548,1.,0.707106781186548,
1.))
REPRESENTATION_ITEM('')
);
#74=(
BOUNDED_CURVE()
B_SPLINE_CURVE(2,(#2329,#2330,#2331,#2332,#2333,#2334,#2335),
 .UNSPECIFIED.,.F.,.F.)
B_SPLINE_CURVE_WITH_KNOTS((3,2,2,3),(11.5659286460027,14.848892969004,18.1318572920053,
19.1318572920053),.UNSPECIFIED.)
CURVE()
GEOMETRIC_REPRESENTATION_ITEM()
RATIONAL_B_SPLINE_CURVE((1.,0.707106781186548,1.,0.707106781186548,1.,1.,
1.))
REPRESENTATION_ITEM('')
);
#75=(
BOUNDED_CURVE()
B_SPLINE_CURVE(2,(#2344,#2345,#2346,#2347,#2348,#2349,#2350),
 .UNSPECIFIED.,.F.,.F.)
B_SPLINE_CURVE_WITH_KNOTS((3,2,2,3),(-29.697785938008,-26.4148216150067,
-23.1318572920053,-22.1318572920053),.UNSPECIFIED.)
CURVE()
GEOMETRIC_REPRESENTATION_ITEM()
RATIONAL_B_SPLINE_CURVE((1.,0.707106781186548,1.,0.707106781186548,1.,1.,
1.))
REPRESENTATION_ITEM('')
);
#76=(
BOUNDED_CURVE()
B_SPLINE_CURVE(2,(#2358,#2359,#2360,#2361,#2362,#2363,#2364),
 .UNSPECIFIED.,.F.,.F.)
B_SPLINE_CURVE_WITH_KNOTS((3,2,2,3),(-19.1318572920053,-18.1318572920053,
-14.848892969004,-11.5659286460027),.UNSPECIFIED.)
CURVE()
GEOMETRIC_REPRESENTATION_ITEM()
RATIONAL_B_SPLINE_CURVE((1.,1.,1.,0.707106781186548,1.,0.707106781186548,
1.))
REPRESENTATION_ITEM('')
);
#77=(
BOUNDED_CURVE()
B_SPLINE_CURVE(3,(#3446,#3447,#3448,#3449,#3450,#3451,#3452,#3453,#3454,
#3455),.UNSPECIFIED.,.F.,.F.)
B_SPLINE_CURVE_WITH_KNOTS((4,3,3,4),(15.5659286460027,18.848892969004,22.1318572920053,
23.1318572920053),.UNSPECIFIED.)
CURVE()
GEOMETRIC_REPRESENTATION_ITEM()
RATIONAL_B_SPLINE_CURVE((1.,0.804737854124365,0.804737854124365,1.,0.804737854124365,
0.804737854124365,1.,1.,1.,1.))
REPRESENTATION_ITEM('')
);
#78=(
BOUNDED_CURVE()
B_SPLINE_CURVE(3,(#3459,#3460,#3461,#3462,#3463,#3464,#3465,#3466,#3467,
#3468),.UNSPECIFIED.,.F.,.F.)
B_SPLINE_CURVE_WITH_KNOTS((4,3,3,4),(7.,8.,11.2829643230013,14.5659286460027),
 .UNSPECIFIED.)
CURVE()
GEOMETRIC_REPRESENTATION_ITEM()
RATIONAL_B_SPLINE_CURVE((1.,1.,1.,1.,0.804737854124365,0.804737854124365,
1.,0.804737854124365,0.804737854124365,1.))
REPRESENTATION_ITEM('')
);
#79=(
BOUNDED_CURVE()
B_SPLINE_CURVE(3,(#4092,#4093,#4094,#4095,#4096,#4097,#4098,#4099,#4100,
#4101),.UNSPECIFIED.,.F.,.F.)
B_SPLINE_CURVE_WITH_KNOTS((4,3,3,4),(7.,8.,11.2829643230013,14.5659286460027),
 .UNSPECIFIED.)
CURVE()
GEOMETRIC_REPRESENTATION_ITEM()
RATIONAL_B_SPLINE_CURVE((1.,1.,1.,1.,0.804737854124365,0.804737854124365,
1.,0.804737854124365,0.804737854124365,1.))
REPRESENTATION_ITEM('')
);
#80=(
BOUNDED_CURVE()
B_SPLINE_CURVE(3,(#4105,#4106,#4107,#4108,#4109,#4110,#4111,#4112,#4113,
#4114),.UNSPECIFIED.,.F.,.F.)
B_SPLINE_CURVE_WITH_KNOTS((4,3,3,4),(15.5659286460027,18.848892969004,22.1318572920053,
23.1318572920053),.UNSPECIFIED.)
CURVE()
GEOMETRIC_REPRESENTATION_ITEM()
RATIONAL_B_SPLINE_CURVE((1.,0.804737854124365,0.804737854124365,1.,0.804737854124365,
0.804737854124365,1.,1.,1.,1.))
REPRESENTATION_ITEM('')
);
#81=(
BOUNDED_CURVE()
B_SPLINE_CURVE(3,(#4222,#4223,#4224,#4225,#4226,#4227,#4228,#4229,#4230,
#4231),.UNSPECIFIED.,.F.,.F.)
B_SPLINE_CURVE_WITH_KNOTS((4,3,3,4),(15.5659286460027,18.848892969004,22.1318572920053,
23.1318572920053),.UNSPECIFIED.)
CURVE()
GEOMETRIC_REPRESENTATION_ITEM()
RATIONAL_B_SPLINE_CURVE((1.,0.804737854124365,0.804737854124365,1.,0.804737854124365,
0.804737854124365,1.,1.,1.,1.))
REPRESENTATION_ITEM('')
);
#82=(
BOUNDED_CURVE()
B_SPLINE_CURVE(3,(#4235,#4236,#4237,#4238,#4239,#4240,#4241,#4242,#4243,
#4244),.UNSPECIFIED.,.F.,.F.)
B_SPLINE_CURVE_WITH_KNOTS((4,3,3,4),(7.,8.,11.2829643230013,14.5659286460027),
 .UNSPECIFIED.)
CURVE()
GEOMETRIC_REPRESENTATION_ITEM()
RATIONAL_B_SPLINE_CURVE((1.,1.,1.,1.,0.804737854124365,0.804737854124365,
1.,0.804737854124365,0.804737854124365,1.))
REPRESENTATION_ITEM('')
);
#83=(
BOUNDED_CURVE()
B_SPLINE_CURVE(3,(#4868,#4869,#4870,#4871,#4872,#4873,#4874,#4875,#4876,
#4877),.UNSPECIFIED.,.F.,.F.)
B_SPLINE_CURVE_WITH_KNOTS((4,3,3,4),(7.,8.,11.2829643230013,14.5659286460027),
 .UNSPECIFIED.)
CURVE()
GEOMETRIC_REPRESENTATION_ITEM()
RATIONAL_B_SPLINE_CURVE((1.,1.,1.,1.,0.804737854124365,0.804737854124365,
1.,0.804737854124365,0.804737854124365,1.))
REPRESENTATION_ITEM('')
);
#84=(
BOUNDED_CURVE()
B_SPLINE_CURVE(3,(#4881,#4882,#4883,#4884,#4885,#4886,#4887,#4888,#4889,
#4890),.UNSPECIFIED.,.F.,.F.)
B_SPLINE_CURVE_WITH_KNOTS((4,3,3,4),(15.5659286460027,18.848892969004,22.1318572920053,
23.1318572920053),.UNSPECIFIED.)
CURVE()
GEOMETRIC_REPRESENTATION_ITEM()
RATIONAL_B_SPLINE_CURVE((1.,0.804737854124365,0.804737854124365,1.,0.804737854124365,
0.804737854124365,1.,1.,1.,1.))
REPRESENTATION_ITEM('')
);
#85=(
BOUNDED_CURVE()
B_SPLINE_CURVE(3,(#5307,#5308,#5309,#5310,#5311,#5312,#5313,#5314,#5315,
#5316),.UNSPECIFIED.,.F.,.F.)
B_SPLINE_CURVE_WITH_KNOTS((4,3,3,4),(7.,8.,11.2829643230013,14.5659286460027),
 .UNSPECIFIED.)
CURVE()
GEOMETRIC_REPRESENTATION_ITEM()
RATIONAL_B_SPLINE_CURVE((1.,1.,1.,1.,0.804737854124365,0.804737854124365,
1.,0.804737854124365,0.804737854124365,1.))
REPRESENTATION_ITEM('')
);
#86=(
BOUNDED_CURVE()
B_SPLINE_CURVE(3,(#5320,#5321,#5322,#5323,#5324,#5325,#5326,#5327,#5328,
#5329),.UNSPECIFIED.,.F.,.F.)
B_SPLINE_CURVE_WITH_KNOTS((4,3,3,4),(15.5659286460027,18.848892969004,22.1318572920053,
23.1318572920053),.UNSPECIFIED.)
CURVE()
GEOMETRIC_REPRESENTATION_ITEM()
RATIONAL_B_SPLINE_CURVE((1.,0.804737854124365,0.804737854124365,1.,0.804737854124365,
0.804737854124365,1.,1.,1.,1.))
REPRESENTATION_ITEM('')
);
#87=(
BOUNDED_CURVE()
B_SPLINE_CURVE(3,(#5342,#5343,#5344,#5345,#5346,#5347,#5348,#5349,#5350,
#5351),.UNSPECIFIED.,.F.,.F.)
B_SPLINE_CURVE_WITH_KNOTS((4,3,3,4),(15.5659286460027,18.848892969004,22.1318572920053,
23.1318572920053),.UNSPECIFIED.)
CURVE()
GEOMETRIC_REPRESENTATION_ITEM()
RATIONAL_B_SPLINE_CURVE((1.,0.804737854124365,0.804737854124365,1.,0.804737854124365,
0.804737854124365,1.,1.,1.,1.))
REPRESENTATION_ITEM('')
);
#88=(
BOUNDED_CURVE()
B_SPLINE_CURVE(3,(#5355,#5356,#5357,#5358,#5359,#5360,#5361,#5362,#5363,
#5364),.UNSPECIFIED.,.F.,.F.)
B_SPLINE_CURVE_WITH_KNOTS((4,3,3,4),(7.,8.,11.2829643230013,14.5659286460027),
 .UNSPECIFIED.)
CURVE()
GEOMETRIC_REPRESENTATION_ITEM()
RATIONAL_B_SPLINE_CURVE((1.,1.,1.,1.,0.804737854124365,0.804737854124365,
1.,0.804737854124365,0.804737854124365,1.))
REPRESENTATION_ITEM('')
);
#89=(
BOUNDED_CURVE()
B_SPLINE_CURVE(3,(#6083,#6084,#6085,#6086,#6087,#6088,#6089,#6090,#6091,
#6092),.UNSPECIFIED.,.F.,.F.)
B_SPLINE_CURVE_WITH_KNOTS((4,3,3,4),(7.,8.,11.2829643230013,14.5659286460027),
 .UNSPECIFIED.)
CURVE()
GEOMETRIC_REPRESENTATION_ITEM()
RATIONAL_B_SPLINE_CURVE((1.,1.,1.,1.,0.804737854124365,0.804737854124365,
1.,0.804737854124365,0.804737854124365,1.))
REPRESENTATION_ITEM('')
);
#90=(
BOUNDED_CURVE()
B_SPLINE_CURVE(3,(#6096,#6097,#6098,#6099,#6100,#6101,#6102,#6103,#6104,
#6105),.UNSPECIFIED.,.F.,.F.)
B_SPLINE_CURVE_WITH_KNOTS((4,3,3,4),(15.5659286460027,18.848892969004,22.1318572920053,
23.1318572920053),.UNSPECIFIED.)
CURVE()
GEOMETRIC_REPRESENTATION_ITEM()
RATIONAL_B_SPLINE_CURVE((1.,0.804737854124365,0.804737854124365,1.,0.804737854124365,
0.804737854124365,1.,1.,1.,1.))
REPRESENTATION_ITEM('')
);
#91=(
BOUNDED_CURVE()
B_SPLINE_CURVE(3,(#6118,#6119,#6120,#6121,#6122,#6123,#6124,#6125,#6126,
#6127),.UNSPECIFIED.,.F.,.F.)
B_SPLINE_CURVE_WITH_KNOTS((4,3,3,4),(15.5659286460027,18.848892969004,22.1318572920053,
23.1318572920053),.UNSPECIFIED.)
CURVE()
GEOMETRIC_REPRESENTATION_ITEM()
RATIONAL_B_SPLINE_CURVE((1.,0.804737854124365,0.804737854124365,1.,0.804737854124365,
0.804737854124365,1.,1.,1.,1.))
REPRESENTATION_ITEM('')
);
#92=(
BOUNDED_CURVE()
B_SPLINE_CURVE(3,(#6131,#6132,#6133,#6134,#6135,#6136,#6137,#6138,#6139,
#6140),.UNSPECIFIED.,.F.,.F.)
B_SPLINE_CURVE_WITH_KNOTS((4,3,3,4),(7.,8.,11.2829643230013,14.5659286460027),
 .UNSPECIFIED.)
CURVE()
GEOMETRIC_REPRESENTATION_ITEM()
RATIONAL_B_SPLINE_CURVE((1.,1.,1.,1.,0.804737854124365,0.804737854124365,
1.,0.804737854124365,0.804737854124365,1.))
REPRESENTATION_ITEM('')
);
#93=(
BOUNDED_CURVE()
B_SPLINE_CURVE(3,(#7886,#7887,#7888,#7889,#7890,#7891,#7892,#7893,#7894,
#7895),.UNSPECIFIED.,.F.,.F.)
B_SPLINE_CURVE_WITH_KNOTS((4,3,3,4),(7.,8.,11.2829643230013,14.5659286460027),
 .UNSPECIFIED.)
CURVE()
GEOMETRIC_REPRESENTATION_ITEM()
RATIONAL_B_SPLINE_CURVE((1.,1.,1.,1.,0.804737854124365,0.804737854124365,
1.,0.804737854124365,0.804737854124365,1.))
REPRESENTATION_ITEM('')
);
#94=(
BOUNDED_CURVE()
B_SPLINE_CURVE(3,(#7899,#7900,#7901,#7902,#7903,#7904,#7905,#7906,#7907,
#7908),.UNSPECIFIED.,.F.,.F.)
B_SPLINE_CURVE_WITH_KNOTS((4,3,3,4),(15.5659286460027,18.848892969004,22.1318572920053,
23.1318572920053),.UNSPECIFIED.)
CURVE()
GEOMETRIC_REPRESENTATION_ITEM()
RATIONAL_B_SPLINE_CURVE((1.,0.804737854124365,0.804737854124365,1.,0.804737854124365,
0.804737854124365,1.,1.,1.,1.))
REPRESENTATION_ITEM('')
);
#95=(
BOUNDED_CURVE()
B_SPLINE_CURVE(3,(#7921,#7922,#7923,#7924,#7925,#7926,#7927,#7928,#7929,
#7930),.UNSPECIFIED.,.F.,.F.)
B_SPLINE_CURVE_WITH_KNOTS((4,3,3,4),(15.5659286460027,18.848892969004,22.1318572920053,
23.1318572920053),.UNSPECIFIED.)
CURVE()
GEOMETRIC_REPRESENTATION_ITEM()
RATIONAL_B_SPLINE_CURVE((1.,0.804737854124365,0.804737854124365,1.,0.804737854124365,
0.804737854124365,1.,1.,1.,1.))
REPRESENTATION_ITEM('')
);
#96=(
BOUNDED_CURVE()
B_SPLINE_CURVE(3,(#7934,#7935,#7936,#7937,#7938,#7939,#7940,#7941,#7942,
#7943),.UNSPECIFIED.,.F.,.F.)
B_SPLINE_CURVE_WITH_KNOTS((4,3,3,4),(7.,8.,11.2829643230013,14.5659286460027),
 .UNSPECIFIED.)
CURVE()
GEOMETRIC_REPRESENTATION_ITEM()
RATIONAL_B_SPLINE_CURVE((1.,1.,1.,1.,0.804737854124365,0.804737854124365,
1.,0.804737854124365,0.804737854124365,1.))
REPRESENTATION_ITEM('')
);
#97=(
BOUNDED_CURVE()
B_SPLINE_CURVE(3,(#8662,#8663,#8664,#8665,#8666,#8667,#8668,#8669,#8670,
#8671),.UNSPECIFIED.,.F.,.F.)
B_SPLINE_CURVE_WITH_KNOTS((4,3,3,4),(7.,8.,11.2829643230013,14.5659286460027),
 .UNSPECIFIED.)
CURVE()
GEOMETRIC_REPRESENTATION_ITEM()
RATIONAL_B_SPLINE_CURVE((1.,1.,1.,1.,0.804737854124365,0.804737854124365,
1.,0.804737854124365,0.804737854124365,1.))
REPRESENTATION_ITEM('')
);
#98=(
BOUNDED_CURVE()
B_SPLINE_CURVE(3,(#8675,#8676,#8677,#8678,#8679,#8680,#8681,#8682,#8683,
#8684),.UNSPECIFIED.,.F.,.F.)
B_SPLINE_CURVE_WITH_KNOTS((4,3,3,4),(15.5659286460027,18.848892969004,22.1318572920053,
23.1318572920053),.UNSPECIFIED.)
CURVE()
GEOMETRIC_REPRESENTATION_ITEM()
RATIONAL_B_SPLINE_CURVE((1.,0.804737854124365,0.804737854124365,1.,0.804737854124365,
0.804737854124365,1.,1.,1.,1.))
REPRESENTATION_ITEM('')
);
#99=(
BOUNDED_CURVE()
B_SPLINE_CURVE(3,(#8697,#8698,#8699,#8700,#8701,#8702,#8703,#8704,#8705,
#8706),.UNSPECIFIED.,.F.,.F.)
B_SPLINE_CURVE_WITH_KNOTS((4,3,3,4),(15.5659286460027,18.848892969004,22.1318572920053,
23.1318572920053),.UNSPECIFIED.)
CURVE()
GEOMETRIC_REPRESENTATION_ITEM()
RATIONAL_B_SPLINE_CURVE((1.,0.804737854124365,0.804737854124365,1.,0.804737854124365,
0.804737854124365,1.,1.,1.,1.))
REPRESENTATION_ITEM('')
);
#100=(
BOUNDED_CURVE()
B_SPLINE_CURVE(3,(#8710,#8711,#8712,#8713,#8714,#8715,#8716,#8717,#8718,
#8719),.UNSPECIFIED.,.F.,.F.)
B_SPLINE_CURVE_WITH_KNOTS((4,3,3,4),(7.,8.,11.2829643230013,14.5659286460027),
 .UNSPECIFIED.)
CURVE()
GEOMETRIC_REPRESENTATION_ITEM()
RATIONAL_B_SPLINE_CURVE((1.,1.,1.,1.,0.804737854124365,0.804737854124365,
1.,0.804737854124365,0.804737854124365,1.))
REPRESENTATION_ITEM('')
);
#101=(
BOUNDED_CURVE()
B_SPLINE_CURVE(3,(#9129,#9130,#9131,#9132,#9133,#9134,#9135,#9136,#9137,
#9138),.UNSPECIFIED.,.F.,.F.)
B_SPLINE_CURVE_WITH_KNOTS((4,3,3,4),(15.5659286460027,18.848892969004,22.1318572920053,
23.1318572920053),.UNSPECIFIED.)
CURVE()
GEOMETRIC_REPRESENTATION_ITEM()
RATIONAL_B_SPLINE_CURVE((1.,0.804737854124365,0.804737854124365,1.,0.804737854124365,
0.804737854124365,1.,1.,1.,1.))
REPRESENTATION_ITEM('')
);
#102=(
BOUNDED_CURVE()
B_SPLINE_CURVE(3,(#9142,#9143,#9144,#9145,#9146,#9147,#9148,#9149,#9150,
#9151),.UNSPECIFIED.,.F.,.F.)
B_SPLINE_CURVE_WITH_KNOTS((4,3,3,4),(7.,8.,11.2829643230013,14.5659286460027),
 .UNSPECIFIED.)
CURVE()
GEOMETRIC_REPRESENTATION_ITEM()
RATIONAL_B_SPLINE_CURVE((1.,1.,1.,1.,0.804737854124365,0.804737854124365,
1.,0.804737854124365,0.804737854124365,1.))
REPRESENTATION_ITEM('')
);
#103=(
BOUNDED_CURVE()
B_SPLINE_CURVE(3,(#9775,#9776,#9777,#9778,#9779,#9780,#9781,#9782,#9783,
#9784),.UNSPECIFIED.,.F.,.F.)
B_SPLINE_CURVE_WITH_KNOTS((4,3,3,4),(7.,8.,11.2829643230013,14.5659286460027),
 .UNSPECIFIED.)
CURVE()
GEOMETRIC_REPRESENTATION_ITEM()
RATIONAL_B_SPLINE_CURVE((1.,1.,1.,1.,0.804737854124365,0.804737854124365,
1.,0.804737854124365,0.804737854124365,1.))
REPRESENTATION_ITEM('')
);
#104=(
BOUNDED_CURVE()
B_SPLINE_CURVE(3,(#9788,#9789,#9790,#9791,#9792,#9793,#9794,#9795,#9796,
#9797),.UNSPECIFIED.,.F.,.F.)
B_SPLINE_CURVE_WITH_KNOTS((4,3,3,4),(15.5659286460027,18.848892969004,22.1318572920053,
23.1318572920053),.UNSPECIFIED.)
CURVE()
GEOMETRIC_REPRESENTATION_ITEM()
RATIONAL_B_SPLINE_CURVE((1.,0.804737854124365,0.804737854124365,1.,0.804737854124365,
0.804737854124365,1.,1.,1.,1.))
REPRESENTATION_ITEM('')
);
#105=(
BOUNDED_CURVE()
B_SPLINE_CURVE(3,(#9905,#9906,#9907,#9908,#9909,#9910,#9911,#9912,#9913,
#9914),.UNSPECIFIED.,.F.,.F.)
B_SPLINE_CURVE_WITH_KNOTS((4,3,3,4),(15.5659286460027,18.848892969004,22.1318572920053,
23.1318572920053),.UNSPECIFIED.)
CURVE()
GEOMETRIC_REPRESENTATION_ITEM()
RATIONAL_B_SPLINE_CURVE((1.,0.804737854124365,0.804737854124365,1.,0.804737854124365,
0.804737854124365,1.,1.,1.,1.))
REPRESENTATION_ITEM('')
);
#106=(
BOUNDED_CURVE()
B_SPLINE_CURVE(3,(#9918,#9919,#9920,#9921,#9922,#9923,#9924,#9925,#9926,
#9927),.UNSPECIFIED.,.F.,.F.)
B_SPLINE_CURVE_WITH_KNOTS((4,3,3,4),(7.,8.,11.2829643230013,14.5659286460027),
 .UNSPECIFIED.)
CURVE()
GEOMETRIC_REPRESENTATION_ITEM()
RATIONAL_B_SPLINE_CURVE((1.,1.,1.,1.,0.804737854124365,0.804737854124365,
1.,0.804737854124365,0.804737854124365,1.))
REPRESENTATION_ITEM('')
);
#107=(
BOUNDED_CURVE()
B_SPLINE_CURVE(3,(#10551,#10552,#10553,#10554,#10555,#10556,#10557,#10558,
#10559,#10560),.UNSPECIFIED.,.F.,.F.)
B_SPLINE_CURVE_WITH_KNOTS((4,3,3,4),(7.,8.,11.2829643230013,14.5659286460027),
 .UNSPECIFIED.)
CURVE()
GEOMETRIC_REPRESENTATION_ITEM()
RATIONAL_B_SPLINE_CURVE((1.,1.,1.,1.,0.804737854124365,0.804737854124365,
1.,0.804737854124365,0.804737854124365,1.))
REPRESENTATION_ITEM('')
);
#108=(
BOUNDED_CURVE()
B_SPLINE_CURVE(3,(#10564,#10565,#10566,#10567,#10568,#10569,#10570,#10571,
#10572,#10573),.UNSPECIFIED.,.F.,.F.)
B_SPLINE_CURVE_WITH_KNOTS((4,3,3,4),(15.5659286460027,18.848892969004,22.1318572920053,
23.1318572920053),.UNSPECIFIED.)
CURVE()
GEOMETRIC_REPRESENTATION_ITEM()
RATIONAL_B_SPLINE_CURVE((1.,0.804737854124365,0.804737854124365,1.,0.804737854124365,
0.804737854124365,1.,1.,1.,1.))
REPRESENTATION_ITEM('')
);
#109=STYLED_ITEM('',(#10694),#122);
#110=STYLED_ITEM('',(#10694),#123);
#111=STYLED_ITEM('',(#10694),#124);
#112=STYLED_ITEM('',(#10694),#125);
#113=STYLED_ITEM('',(#10694),#126);
#114=STYLED_ITEM('',(#10694),#127);
#115=STYLED_ITEM('',(#10694),#128);
#116=STYLED_ITEM('',(#10694),#129);
#117=STYLED_ITEM('',(#10694),#130);
#118=STYLED_ITEM('',(#10694),#131);
#119=STYLED_ITEM('',(#10694),#132);
#120=STYLED_ITEM('',(#10694),#133);
#121=STYLED_ITEM('',(#10694),#134);
#122=MANIFOLD_SOLID_BREP('Body1',#1759);
#123=MANIFOLD_SOLID_BREP('Body2',#1760);
#124=MANIFOLD_SOLID_BREP('Body3',#1761);
#125=MANIFOLD_SOLID_BREP('Body4',#1762);
#126=MANIFOLD_SOLID_BREP('Body5',#1763);
#127=MANIFOLD_SOLID_BREP('Body6',#1764);
#128=MANIFOLD_SOLID_BREP('Body7',#1765);
#129=MANIFOLD_SOLID_BREP('Body8',#1766);
#130=MANIFOLD_SOLID_BREP('Body9',#1767);
#131=MANIFOLD_SOLID_BREP('Body10',#1768);
#132=MANIFOLD_SOLID_BREP('Body11',#1769);
#133=MANIFOLD_SOLID_BREP('Body12',#1770);
#134=MANIFOLD_SOLID_BREP('Body13',#1771);
#135=FACE_OUTER_BOUND('',#241,.T.);
#136=FACE_OUTER_BOUND('',#242,.T.);
#137=FACE_OUTER_BOUND('',#243,.T.);
#138=FACE_OUTER_BOUND('',#244,.T.);
#139=FACE_OUTER_BOUND('',#245,.T.);
#140=FACE_OUTER_BOUND('',#246,.T.);
#141=FACE_OUTER_BOUND('',#247,.T.);
#142=FACE_OUTER_BOUND('',#248,.T.);
#143=FACE_OUTER_BOUND('',#249,.T.);
#144=FACE_OUTER_BOUND('',#250,.T.);
#145=FACE_OUTER_BOUND('',#251,.T.);
#146=FACE_OUTER_BOUND('',#252,.T.);
#147=FACE_OUTER_BOUND('',#253,.T.);
#148=FACE_OUTER_BOUND('',#254,.T.);
#149=FACE_OUTER_BOUND('',#255,.T.);
#150=FACE_OUTER_BOUND('',#256,.T.);
#151=FACE_OUTER_BOUND('',#257,.T.);
#152=FACE_OUTER_BOUND('',#258,.T.);
#153=FACE_OUTER_BOUND('',#259,.T.);
#154=FACE_OUTER_BOUND('',#260,.T.);
#155=FACE_OUTER_BOUND('',#261,.T.);
#156=FACE_OUTER_BOUND('',#262,.T.);
#157=FACE_OUTER_BOUND('',#263,.T.);
#158=FACE_OUTER_BOUND('',#264,.T.);
#159=FACE_OUTER_BOUND('',#265,.T.);
#160=FACE_OUTER_BOUND('',#266,.T.);
#161=FACE_OUTER_BOUND('',#267,.T.);
#162=FACE_OUTER_BOUND('',#268,.T.);
#163=FACE_OUTER_BOUND('',#269,.T.);
#164=FACE_OUTER_BOUND('',#270,.T.);
#165=FACE_OUTER_BOUND('',#271,.T.);
#166=FACE_OUTER_BOUND('',#272,.T.);
#167=FACE_OUTER_BOUND('',#273,.T.);
#168=FACE_OUTER_BOUND('',#274,.T.);
#169=FACE_OUTER_BOUND('',#275,.T.);
#170=FACE_OUTER_BOUND('',#276,.T.);
#171=FACE_OUTER_BOUND('',#277,.T.);
#172=FACE_OUTER_BOUND('',#278,.T.);
#173=FACE_OUTER_BOUND('',#279,.T.);
#174=FACE_OUTER_BOUND('',#280,.T.);
#175=FACE_OUTER_BOUND('',#281,.T.);
#176=FACE_OUTER_BOUND('',#282,.T.);
#177=FACE_OUTER_BOUND('',#283,.T.);
#178=FACE_OUTER_BOUND('',#284,.T.);
#179=FACE_OUTER_BOUND('',#285,.T.);
#180=FACE_OUTER_BOUND('',#286,.T.);
#181=FACE_OUTER_BOUND('',#287,.T.);
#182=FACE_OUTER_BOUND('',#288,.T.);
#183=FACE_OUTER_BOUND('',#289,.T.);
#184=FACE_OUTER_BOUND('',#290,.T.);
#185=FACE_OUTER_BOUND('',#291,.T.);
#186=FACE_OUTER_BOUND('',#292,.T.);
#187=FACE_OUTER_BOUND('',#293,.T.);
#188=FACE_OUTER_BOUND('',#294,.T.);
#189=FACE_OUTER_BOUND('',#295,.T.);
#190=FACE_OUTER_BOUND('',#296,.T.);
#191=FACE_OUTER_BOUND('',#297,.T.);
#192=FACE_OUTER_BOUND('',#298,.T.);
#193=FACE_OUTER_BOUND('',#299,.T.);
#194=FACE_OUTER_BOUND('',#300,.T.);
#195=FACE_OUTER_BOUND('',#301,.T.);
#196=FACE_OUTER_BOUND('',#302,.T.);
#197=FACE_OUTER_BOUND('',#303,.T.);
#198=FACE_OUTER_BOUND('',#304,.T.);
#199=FACE_OUTER_BOUND('',#305,.T.);
#200=FACE_OUTER_BOUND('',#306,.T.);
#201=FACE_OUTER_BOUND('',#307,.T.);
#202=FACE_OUTER_BOUND('',#308,.T.);
#203=FACE_OUTER_BOUND('',#309,.T.);
#204=FACE_OUTER_BOUND('',#310,.T.);
#205=FACE_OUTER_BOUND('',#311,.T.);
#206=FACE_OUTER_BOUND('',#312,.T.);
#207=FACE_OUTER_BOUND('',#313,.T.);
#208=FACE_OUTER_BOUND('',#314,.T.);
#209=FACE_OUTER_BOUND('',#315,.T.);
#210=FACE_OUTER_BOUND('',#316,.T.);
#211=FACE_OUTER_BOUND('',#317,.T.);
#212=FACE_OUTER_BOUND('',#318,.T.);
#213=FACE_OUTER_BOUND('',#319,.T.);
#214=FACE_OUTER_BOUND('',#320,.T.);
#215=FACE_OUTER_BOUND('',#321,.T.);
#216=FACE_OUTER_BOUND('',#322,.T.);
#217=FACE_OUTER_BOUND('',#323,.T.);
#218=FACE_OUTER_BOUND('',#324,.T.);
#219=FACE_OUTER_BOUND('',#325,.T.);
#220=FACE_OUTER_BOUND('',#326,.T.);
#221=FACE_OUTER_BOUND('',#327,.T.);
#222=FACE_OUTER_BOUND('',#328,.T.);
#223=FACE_OUTER_BOUND('',#329,.T.);
#224=FACE_OUTER_BOUND('',#330,.T.);
#225=FACE_OUTER_BOUND('',#331,.T.);
#226=FACE_OUTER_BOUND('',#332,.T.);
#227=FACE_OUTER_BOUND('',#333,.T.);
#228=FACE_OUTER_BOUND('',#334,.T.);
#229=FACE_OUTER_BOUND('',#335,.T.);
#230=FACE_OUTER_BOUND('',#336,.T.);
#231=FACE_OUTER_BOUND('',#337,.T.);
#232=FACE_OUTER_BOUND('',#338,.T.);
#233=FACE_OUTER_BOUND('',#339,.T.);
#234=FACE_OUTER_BOUND('',#340,.T.);
#235=FACE_OUTER_BOUND('',#341,.T.);
#236=FACE_OUTER_BOUND('',#342,.T.);
#237=FACE_OUTER_BOUND('',#343,.T.);
#238=FACE_OUTER_BOUND('',#344,.T.);
#239=FACE_OUTER_BOUND('',#345,.T.);
#240=FACE_OUTER_BOUND('',#346,.T.);
#241=EDGE_LOOP('',(#1099,#1100,#1101,#1102));
#242=EDGE_LOOP('',(#1103,#1104,#1105,#1106));
#243=EDGE_LOOP('',(#1107,#1108,#1109,#1110));
#244=EDGE_LOOP('',(#1111,#1112,#1113,#1114));
#245=EDGE_LOOP('',(#1115,#1116,#1117,#1118));
#246=EDGE_LOOP('',(#1119,#1120,#1121,#1122));
#247=EDGE_LOOP('',(#1123,#1124,#1125,#1126,#1127,#1128,#1129,#1130));
#248=EDGE_LOOP('',(#1131,#1132,#1133,#1134,#1135,#1136,#1137,#1138));
#249=EDGE_LOOP('',(#1139,#1140,#1141,#1142));
#250=EDGE_LOOP('',(#1143,#1144,#1145,#1146));
#251=EDGE_LOOP('',(#1147,#1148,#1149,#1150));
#252=EDGE_LOOP('',(#1151,#1152,#1153,#1154));
#253=EDGE_LOOP('',(#1155,#1156,#1157,#1158));
#254=EDGE_LOOP('',(#1159,#1160,#1161,#1162));
#255=EDGE_LOOP('',(#1163,#1164,#1165,#1166));
#256=EDGE_LOOP('',(#1167,#1168,#1169,#1170));
#257=EDGE_LOOP('',(#1171,#1172,#1173,#1174,#1175,#1176,#1177,#1178));
#258=EDGE_LOOP('',(#1179,#1180,#1181,#1182,#1183,#1184,#1185,#1186));
#259=EDGE_LOOP('',(#1187,#1188,#1189,#1190));
#260=EDGE_LOOP('',(#1191,#1192,#1193,#1194));
#261=EDGE_LOOP('',(#1195,#1196,#1197,#1198));
#262=EDGE_LOOP('',(#1199,#1200,#1201,#1202));
#263=EDGE_LOOP('',(#1203,#1204,#1205,#1206));
#264=EDGE_LOOP('',(#1207,#1208,#1209,#1210));
#265=EDGE_LOOP('',(#1211,#1212,#1213,#1214));
#266=EDGE_LOOP('',(#1215,#1216,#1217,#1218));
#267=EDGE_LOOP('',(#1219,#1220));
#268=EDGE_LOOP('',(#1221,#1222));
#269=EDGE_LOOP('',(#1223,#1224,#1225,#1226));
#270=EDGE_LOOP('',(#1227,#1228,#1229,#1230));
#271=EDGE_LOOP('',(#1231,#1232,#1233,#1234,#1235,#1236,#1237));
#272=EDGE_LOOP('',(#1238,#1239,#1240,#1241,#1242,#1243,#1244));
#273=EDGE_LOOP('',(#1245,#1246,#1247,#1248));
#274=EDGE_LOOP('',(#1249,#1250,#1251,#1252));
#275=EDGE_LOOP('',(#1253,#1254,#1255,#1256));
#276=EDGE_LOOP('',(#1257,#1258,#1259,#1260));
#277=EDGE_LOOP('',(#1261,#1262,#1263,#1264));
#278=EDGE_LOOP('',(#1265,#1266,#1267,#1268));
#279=EDGE_LOOP('',(#1269,#1270,#1271,#1272));
#280=EDGE_LOOP('',(#1273,#1274,#1275,#1276,#1277,#1278,#1279));
#281=EDGE_LOOP('',(#1280,#1281,#1282,#1283,#1284,#1285,#1286));
#282=EDGE_LOOP('',(#1287,#1288,#1289,#1290));
#283=EDGE_LOOP('',(#1291,#1292,#1293,#1294));
#284=EDGE_LOOP('',(#1295,#1296,#1297,#1298));
#285=EDGE_LOOP('',(#1299,#1300,#1301,#1302));
#286=EDGE_LOOP('',(#1303,#1304,#1305,#1306));
#287=EDGE_LOOP('',(#1307,#1308,#1309,#1310));
#288=EDGE_LOOP('',(#1311,#1312,#1313,#1314));
#289=EDGE_LOOP('',(#1315,#1316,#1317,#1318,#1319,#1320,#1321));
#290=EDGE_LOOP('',(#1322,#1323,#1324,#1325,#1326,#1327,#1328));
#291=EDGE_LOOP('',(#1329,#1330,#1331,#1332));
#292=EDGE_LOOP('',(#1333,#1334,#1335,#1336));
#293=EDGE_LOOP('',(#1337,#1338,#1339,#1340));
#294=EDGE_LOOP('',(#1341,#1342,#1343,#1344));
#295=EDGE_LOOP('',(#1345,#1346,#1347,#1348));
#296=EDGE_LOOP('',(#1349,#1350,#1351,#1352));
#297=EDGE_LOOP('',(#1353,#1354,#1355,#1356));
#298=EDGE_LOOP('',(#1357,#1358,#1359,#1360,#1361,#1362,#1363));
#299=EDGE_LOOP('',(#1364,#1365,#1366,#1367,#1368,#1369,#1370));
#300=EDGE_LOOP('',(#1371,#1372,#1373,#1374));
#301=EDGE_LOOP('',(#1375,#1376,#1377,#1378));
#302=EDGE_LOOP('',(#1379,#1380,#1381,#1382));
#303=EDGE_LOOP('',(#1383,#1384,#1385,#1386));
#304=EDGE_LOOP('',(#1387,#1388,#1389,#1390));
#305=EDGE_LOOP('',(#1391,#1392,#1393,#1394));
#306=EDGE_LOOP('',(#1395,#1396,#1397,#1398));
#307=EDGE_LOOP('',(#1399,#1400));
#308=EDGE_LOOP('',(#1401,#1402));
#309=EDGE_LOOP('',(#1403,#1404,#1405,#1406));
#310=EDGE_LOOP('',(#1407,#1408,#1409,#1410));
#311=EDGE_LOOP('',(#1411,#1412,#1413,#1414,#1415,#1416,#1417));
#312=EDGE_LOOP('',(#1418,#1419,#1420,#1421,#1422,#1423,#1424));
#313=EDGE_LOOP('',(#1425,#1426,#1427,#1428));
#314=EDGE_LOOP('',(#1429,#1430,#1431,#1432));
#315=EDGE_LOOP('',(#1433,#1434,#1435,#1436));
#316=EDGE_LOOP('',(#1437,#1438,#1439,#1440));
#317=EDGE_LOOP('',(#1441,#1442,#1443,#1444));
#318=EDGE_LOOP('',(#1445,#1446,#1447,#1448));
#319=EDGE_LOOP('',(#1449,#1450,#1451,#1452));
#320=EDGE_LOOP('',(#1453,#1454,#1455,#1456,#1457,#1458,#1459));
#321=EDGE_LOOP('',(#1460,#1461,#1462,#1463,#1464,#1465,#1466));
#322=EDGE_LOOP('',(#1467,#1468,#1469,#1470));
#323=EDGE_LOOP('',(#1471,#1472,#1473,#1474));
#324=EDGE_LOOP('',(#1475,#1476,#1477,#1478));
#325=EDGE_LOOP('',(#1479,#1480,#1481,#1482));
#326=EDGE_LOOP('',(#1483,#1484,#1485,#1486));
#327=EDGE_LOOP('',(#1487,#1488,#1489,#1490));
#328=EDGE_LOOP('',(#1491,#1492,#1493,#1494));
#329=EDGE_LOOP('',(#1495,#1496,#1497,#1498,#1499,#1500,#1501));
#330=EDGE_LOOP('',(#1502,#1503,#1504,#1505,#1506,#1507,#1508));
#331=EDGE_LOOP('',(#1509,#1510,#1511,#1512));
#332=EDGE_LOOP('',(#1513,#1514,#1515,#1516));
#333=EDGE_LOOP('',(#1517,#1518,#1519,#1520));
#334=EDGE_LOOP('',(#1521,#1522,#1523,#1524));
#335=EDGE_LOOP('',(#1525,#1526,#1527,#1528));
#336=EDGE_LOOP('',(#1529,#1530,#1531,#1532));
#337=EDGE_LOOP('',(#1533,#1534,#1535,#1536));
#338=EDGE_LOOP('',(#1537,#1538,#1539,#1540,#1541,#1542,#1543));
#339=EDGE_LOOP('',(#1544,#1545,#1546,#1547,#1548,#1549,#1550));
#340=EDGE_LOOP('',(#1551,#1552,#1553,#1554));
#341=EDGE_LOOP('',(#1555,#1556,#1557,#1558));
#342=EDGE_LOOP('',(#1559,#1560,#1561,#1562));
#343=EDGE_LOOP('',(#1563,#1564,#1565,#1566));
#344=EDGE_LOOP('',(#1567,#1568,#1569,#1570));
#345=EDGE_LOOP('',(#1571,#1572,#1573,#1574));
#346=EDGE_LOOP('',(#1575,#1576,#1577,#1578));
#347=LINE('',#2189,#523);
#348=LINE('',#2191,#524);
#349=LINE('',#2193,#525);
#350=LINE('',#2194,#526);
#351=LINE('',#2198,#527);
#352=LINE('',#2200,#528);
#353=LINE('',#2202,#529);
#354=LINE('',#2203,#530);
#355=LINE('',#2205,#531);
#356=LINE('',#2206,#532);
#357=LINE('',#2208,#533);
#358=LINE('',#2210,#534);
#359=LINE('',#2215,#535);
#360=LINE('',#2217,#536);
#361=LINE('',#2219,#537);
#362=LINE('',#2229,#538);
#363=LINE('',#2231,#539);
#364=LINE('',#2233,#540);
#365=LINE('',#2244,#541);
#366=LINE('',#2246,#542);
#367=LINE('',#2248,#543);
#368=LINE('',#2258,#544);
#369=LINE('',#2260,#545);
#370=LINE('',#2262,#546);
#371=LINE('',#2284,#547);
#372=LINE('',#2285,#548);
#373=LINE('',#2287,#549);
#374=LINE('',#2289,#550);
#375=LINE('',#2291,#551);
#376=LINE('',#2306,#552);
#377=LINE('',#2308,#553);
#378=LINE('',#2310,#554);
#379=LINE('',#2323,#555);
#380=LINE('',#2325,#556);
#381=LINE('',#2327,#557);
#382=LINE('',#2337,#558);
#383=LINE('',#2339,#559);
#384=LINE('',#2340,#560);
#385=LINE('',#2352,#561);
#386=LINE('',#2354,#562);
#387=LINE('',#2356,#563);
#388=LINE('',#2366,#564);
#389=LINE('',#2368,#565);
#390=LINE('',#2369,#566);
#391=LINE('',#2384,#567);
#392=LINE('',#2385,#568);
#393=LINE('',#2387,#569);
#394=LINE('',#2389,#570);
#395=LINE('',#2391,#571);
#396=LINE('',#2406,#572);
#397=LINE('',#2408,#573);
#398=LINE('',#2410,#574);
#399=LINE('',#3387,#575);
#400=LINE('',#3388,#576);
#401=LINE('',#3442,#577);
#402=LINE('',#3444,#578);
#403=LINE('',#3457,#579);
#404=LINE('',#3780,#580);
#405=LINE('',#4103,#581);
#406=LINE('',#4116,#582);
#407=LINE('',#4118,#583);
#408=LINE('',#4119,#584);
#409=LINE('',#4121,#585);
#410=LINE('',#4122,#586);
#411=LINE('',#4167,#587);
#412=LINE('',#4188,#588);
#413=LINE('',#4190,#589);
#414=LINE('',#4211,#590);
#415=LINE('',#4213,#591);
#416=LINE('',#4218,#592);
#417=LINE('',#4220,#593);
#418=LINE('',#4233,#594);
#419=LINE('',#4556,#595);
#420=LINE('',#4879,#596);
#421=LINE('',#4892,#597);
#422=LINE('',#4894,#598);
#423=LINE('',#4895,#599);
#424=LINE('',#4897,#600);
#425=LINE('',#4898,#601);
#426=LINE('',#4943,#602);
#427=LINE('',#4964,#603);
#428=LINE('',#4966,#604);
#429=LINE('',#4987,#605);
#430=LINE('',#4989,#606);
#431=LINE('',#4994,#607);
#432=LINE('',#5318,#608);
#433=LINE('',#5331,#609);
#434=LINE('',#5332,#610);
#435=LINE('',#5336,#611);
#436=LINE('',#5338,#612);
#437=LINE('',#5340,#613);
#438=LINE('',#5353,#614);
#439=LINE('',#5673,#615);
#440=LINE('',#5674,#616);
#441=LINE('',#5719,#617);
#442=LINE('',#5740,#618);
#443=LINE('',#5742,#619);
#444=LINE('',#5763,#620);
#445=LINE('',#5765,#621);
#446=LINE('',#5770,#622);
#447=LINE('',#6094,#623);
#448=LINE('',#6107,#624);
#449=LINE('',#6108,#625);
#450=LINE('',#6112,#626);
#451=LINE('',#6114,#627);
#452=LINE('',#6116,#628);
#453=LINE('',#6129,#629);
#454=LINE('',#6449,#630);
#455=LINE('',#6450,#631);
#456=LINE('',#6495,#632);
#457=LINE('',#6516,#633);
#458=LINE('',#6518,#634);
#459=LINE('',#6539,#635);
#460=LINE('',#6541,#636);
#461=LINE('',#7518,#637);
#462=LINE('',#7519,#638);
#463=LINE('',#7573,#639);
#464=LINE('',#7897,#640);
#465=LINE('',#7910,#641);
#466=LINE('',#7911,#642);
#467=LINE('',#7915,#643);
#468=LINE('',#7917,#644);
#469=LINE('',#7919,#645);
#470=LINE('',#7932,#646);
#471=LINE('',#8252,#647);
#472=LINE('',#8253,#648);
#473=LINE('',#8298,#649);
#474=LINE('',#8319,#650);
#475=LINE('',#8321,#651);
#476=LINE('',#8342,#652);
#477=LINE('',#8344,#653);
#478=LINE('',#8349,#654);
#479=LINE('',#8673,#655);
#480=LINE('',#8686,#656);
#481=LINE('',#8687,#657);
#482=LINE('',#8691,#658);
#483=LINE('',#8693,#659);
#484=LINE('',#8695,#660);
#485=LINE('',#8708,#661);
#486=LINE('',#9028,#662);
#487=LINE('',#9029,#663);
#488=LINE('',#9074,#664);
#489=LINE('',#9095,#665);
#490=LINE('',#9097,#666);
#491=LINE('',#9118,#667);
#492=LINE('',#9120,#668);
#493=LINE('',#9125,#669);
#494=LINE('',#9127,#670);
#495=LINE('',#9140,#671);
#496=LINE('',#9463,#672);
#497=LINE('',#9786,#673);
#498=LINE('',#9799,#674);
#499=LINE('',#9801,#675);
#500=LINE('',#9802,#676);
#501=LINE('',#9804,#677);
#502=LINE('',#9805,#678);
#503=LINE('',#9850,#679);
#504=LINE('',#9871,#680);
#505=LINE('',#9873,#681);
#506=LINE('',#9894,#682);
#507=LINE('',#9896,#683);
#508=LINE('',#9901,#684);
#509=LINE('',#9903,#685);
#510=LINE('',#9916,#686);
#511=LINE('',#10239,#687);
#512=LINE('',#10562,#688);
#513=LINE('',#10575,#689);
#514=LINE('',#10577,#690);
#515=LINE('',#10578,#691);
#516=LINE('',#10580,#692);
#517=LINE('',#10581,#693);
#518=LINE('',#10626,#694);
#519=LINE('',#10647,#695);
#520=LINE('',#10649,#696);
#521=LINE('',#10670,#697);
#522=LINE('',#10672,#698);
#523=VECTOR('',#1863,10.);
#524=VECTOR('',#1864,10.);
#525=VECTOR('',#1865,10.);
#526=VECTOR('',#1866,10.);
#527=VECTOR('',#1869,10.);
#528=VECTOR('',#1870,10.);
#529=VECTOR('',#1871,10.);
#530=VECTOR('',#1872,10.);
#531=VECTOR('',#1875,10.);
#532=VECTOR('',#1876,10.);
#533=VECTOR('',#1879,10.);
#534=VECTOR('',#1882,10.);
#535=VECTOR('',#1887,10.);
#536=VECTOR('',#1888,10.);
#537=VECTOR('',#1889,10.);
#538=VECTOR('',#1890,10.);
#539=VECTOR('',#1891,10.);
#540=VECTOR('',#1892,10.);
#541=VECTOR('',#1895,10.);
#542=VECTOR('',#1896,10.);
#543=VECTOR('',#1897,10.);
#544=VECTOR('',#1898,10.);
#545=VECTOR('',#1899,10.);
#546=VECTOR('',#1900,10.);
#547=VECTOR('',#1901,10.);
#548=VECTOR('',#1902,10.);
#549=VECTOR('',#1905,10.);
#550=VECTOR('',#1908,10.);
#551=VECTOR('',#1911,10.);
#552=VECTOR('',#1912,10.);
#553=VECTOR('',#1915,10.);
#554=VECTOR('',#1918,10.);
#555=VECTOR('',#1923,10.);
#556=VECTOR('',#1924,10.);
#557=VECTOR('',#1925,10.);
#558=VECTOR('',#1926,10.);
#559=VECTOR('',#1927,10.);
#560=VECTOR('',#1928,10.);
#561=VECTOR('',#1931,10.);
#562=VECTOR('',#1932,10.);
#563=VECTOR('',#1933,10.);
#564=VECTOR('',#1934,10.);
#565=VECTOR('',#1935,10.);
#566=VECTOR('',#1936,10.);
#567=VECTOR('',#1937,10.);
#568=VECTOR('',#1938,10.);
#569=VECTOR('',#1941,10.);
#570=VECTOR('',#1944,10.);
#571=VECTOR('',#1947,10.);
#572=VECTOR('',#1948,10.);
#573=VECTOR('',#1951,10.);
#574=VECTOR('',#1954,10.);
#575=VECTOR('',#1961,10.);
#576=VECTOR('',#1962,10.);
#577=VECTOR('',#1965,10.);
#578=VECTOR('',#1966,10.);
#579=VECTOR('',#1967,10.);
#580=VECTOR('',#1968,10.);
#581=VECTOR('',#1971,10.);
#582=VECTOR('',#1972,10.);
#583=VECTOR('',#1973,10.);
#584=VECTOR('',#1974,10.);
#585=VECTOR('',#1977,10.);
#586=VECTOR('',#1978,10.);
#587=VECTOR('',#1979,10.);
#588=VECTOR('',#1980,10.);
#589=VECTOR('',#1983,10.);
#590=VECTOR('',#1984,10.);
#591=VECTOR('',#1987,10.);
#592=VECTOR('',#1992,10.);
#593=VECTOR('',#1993,10.);
#594=VECTOR('',#1994,10.);
#595=VECTOR('',#1995,10.);
#596=VECTOR('',#1998,10.);
#597=VECTOR('',#1999,10.);
#598=VECTOR('',#2000,10.);
#599=VECTOR('',#2001,10.);
#600=VECTOR('',#2004,10.);
#601=VECTOR('',#2005,10.);
#602=VECTOR('',#2006,10.);
#603=VECTOR('',#2007,10.);
#604=VECTOR('',#2010,10.);
#605=VECTOR('',#2011,10.);
#606=VECTOR('',#2014,10.);
#607=VECTOR('',#2019,10.);
#608=VECTOR('',#2020,10.);
#609=VECTOR('',#2021,10.);
#610=VECTOR('',#2022,10.);
#611=VECTOR('',#2025,10.);
#612=VECTOR('',#2026,10.);
#613=VECTOR('',#2027,10.);
#614=VECTOR('',#2028,10.);
#615=VECTOR('',#2031,10.);
#616=VECTOR('',#2032,10.);
#617=VECTOR('',#2033,10.);
#618=VECTOR('',#2034,10.);
#619=VECTOR('',#2037,10.);
#620=VECTOR('',#2038,10.);
#621=VECTOR('',#2041,10.);
#622=VECTOR('',#2046,10.);
#623=VECTOR('',#2047,10.);
#624=VECTOR('',#2048,10.);
#625=VECTOR('',#2049,10.);
#626=VECTOR('',#2052,10.);
#627=VECTOR('',#2053,10.);
#628=VECTOR('',#2054,10.);
#629=VECTOR('',#2055,10.);
#630=VECTOR('',#2058,10.);
#631=VECTOR('',#2059,10.);
#632=VECTOR('',#2060,10.);
#633=VECTOR('',#2061,10.);
#634=VECTOR('',#2064,10.);
#635=VECTOR('',#2065,10.);
#636=VECTOR('',#2068,10.);
#637=VECTOR('',#2075,10.);
#638=VECTOR('',#2076,10.);
#639=VECTOR('',#2079,10.);
#640=VECTOR('',#2080,10.);
#641=VECTOR('',#2081,10.);
#642=VECTOR('',#2082,10.);
#643=VECTOR('',#2085,10.);
#644=VECTOR('',#2086,10.);
#645=VECTOR('',#2087,10.);
#646=VECTOR('',#2088,10.);
#647=VECTOR('',#2091,10.);
#648=VECTOR('',#2092,10.);
#649=VECTOR('',#2093,10.);
#650=VECTOR('',#2094,10.);
#651=VECTOR('',#2097,10.);
#652=VECTOR('',#2098,10.);
#653=VECTOR('',#2101,10.);
#654=VECTOR('',#2106,10.);
#655=VECTOR('',#2107,10.);
#656=VECTOR('',#2108,10.);
#657=VECTOR('',#2109,10.);
#658=VECTOR('',#2112,10.);
#659=VECTOR('',#2113,10.);
#660=VECTOR('',#2114,10.);
#661=VECTOR('',#2115,10.);
#662=VECTOR('',#2118,10.);
#663=VECTOR('',#2119,10.);
#664=VECTOR('',#2120,10.);
#665=VECTOR('',#2121,10.);
#666=VECTOR('',#2124,10.);
#667=VECTOR('',#2125,10.);
#668=VECTOR('',#2128,10.);
#669=VECTOR('',#2133,10.);
#670=VECTOR('',#2134,10.);
#671=VECTOR('',#2135,10.);
#672=VECTOR('',#2136,10.);
#673=VECTOR('',#2139,10.);
#674=VECTOR('',#2140,10.);
#675=VECTOR('',#2141,10.);
#676=VECTOR('',#2142,10.);
#677=VECTOR('',#2145,10.);
#678=VECTOR('',#2146,10.);
#679=VECTOR('',#2147,10.);
#680=VECTOR('',#2148,10.);
#681=VECTOR('',#2151,10.);
#682=VECTOR('',#2152,10.);
#683=VECTOR('',#2155,10.);
#684=VECTOR('',#2160,10.);
#685=VECTOR('',#2161,10.);
#686=VECTOR('',#2162,10.);
#687=VECTOR('',#2163,10.);
#688=VECTOR('',#2166,10.);
#689=VECTOR('',#2167,10.);
#690=VECTOR('',#2168,10.);
#691=VECTOR('',#2169,10.);
#692=VECTOR('',#2172,10.);
#693=VECTOR('',#2173,10.);
#694=VECTOR('',#2174,10.);
#695=VECTOR('',#2175,10.);
#696=VECTOR('',#2178,10.);
#697=VECTOR('',#2179,10.);
#698=VECTOR('',#2182,10.);
#699=VERTEX_POINT('',#2187);
#700=VERTEX_POINT('',#2188);
#701=VERTEX_POINT('',#2190);
#702=VERTEX_POINT('',#2192);
#703=VERTEX_POINT('',#2196);
#704=VERTEX_POINT('',#2197);
#705=VERTEX_POINT('',#2199);
#706=VERTEX_POINT('',#2201);
#707=VERTEX_POINT('',#2213);
#708=VERTEX_POINT('',#2214);
#709=VERTEX_POINT('',#2216);
#710=VERTEX_POINT('',#2218);
#711=VERTEX_POINT('',#2220);
#712=VERTEX_POINT('',#2228);
#713=VERTEX_POINT('',#2230);
#714=VERTEX_POINT('',#2232);
#715=VERTEX_POINT('',#2242);
#716=VERTEX_POINT('',#2243);
#717=VERTEX_POINT('',#2245);
#718=VERTEX_POINT('',#2247);
#719=VERTEX_POINT('',#2249);
#720=VERTEX_POINT('',#2257);
#721=VERTEX_POINT('',#2259);
#722=VERTEX_POINT('',#2261);
#723=VERTEX_POINT('',#2313);
#724=VERTEX_POINT('',#2314);
#725=VERTEX_POINT('',#2322);
#726=VERTEX_POINT('',#2324);
#727=VERTEX_POINT('',#2326);
#728=VERTEX_POINT('',#2328);
#729=VERTEX_POINT('',#2336);
#730=VERTEX_POINT('',#2338);
#731=VERTEX_POINT('',#2342);
#732=VERTEX_POINT('',#2343);
#733=VERTEX_POINT('',#2351);
#734=VERTEX_POINT('',#2353);
#735=VERTEX_POINT('',#2355);
#736=VERTEX_POINT('',#2357);
#737=VERTEX_POINT('',#2365);
#738=VERTEX_POINT('',#2367);
#739=VERTEX_POINT('',#2413);
#740=VERTEX_POINT('',#2414);
#741=VERTEX_POINT('',#2466);
#742=VERTEX_POINT('',#2467);
#743=VERTEX_POINT('',#3440);
#744=VERTEX_POINT('',#3441);
#745=VERTEX_POINT('',#3443);
#746=VERTEX_POINT('',#3445);
#747=VERTEX_POINT('',#3456);
#748=VERTEX_POINT('',#3458);
#749=VERTEX_POINT('',#3469);
#750=VERTEX_POINT('',#3782);
#751=VERTEX_POINT('',#3783);
#752=VERTEX_POINT('',#4091);
#753=VERTEX_POINT('',#4102);
#754=VERTEX_POINT('',#4104);
#755=VERTEX_POINT('',#4115);
#756=VERTEX_POINT('',#4117);
#757=VERTEX_POINT('',#4216);
#758=VERTEX_POINT('',#4217);
#759=VERTEX_POINT('',#4219);
#760=VERTEX_POINT('',#4221);
#761=VERTEX_POINT('',#4232);
#762=VERTEX_POINT('',#4234);
#763=VERTEX_POINT('',#4245);
#764=VERTEX_POINT('',#4558);
#765=VERTEX_POINT('',#4559);
#766=VERTEX_POINT('',#4867);
#767=VERTEX_POINT('',#4878);
#768=VERTEX_POINT('',#4880);
#769=VERTEX_POINT('',#4891);
#770=VERTEX_POINT('',#4893);
#771=VERTEX_POINT('',#4992);
#772=VERTEX_POINT('',#4993);
#773=VERTEX_POINT('',#4995);
#774=VERTEX_POINT('',#5306);
#775=VERTEX_POINT('',#5317);
#776=VERTEX_POINT('',#5319);
#777=VERTEX_POINT('',#5330);
#778=VERTEX_POINT('',#5334);
#779=VERTEX_POINT('',#5335);
#780=VERTEX_POINT('',#5337);
#781=VERTEX_POINT('',#5339);
#782=VERTEX_POINT('',#5341);
#783=VERTEX_POINT('',#5352);
#784=VERTEX_POINT('',#5354);
#785=VERTEX_POINT('',#5768);
#786=VERTEX_POINT('',#5769);
#787=VERTEX_POINT('',#5771);
#788=VERTEX_POINT('',#6082);
#789=VERTEX_POINT('',#6093);
#790=VERTEX_POINT('',#6095);
#791=VERTEX_POINT('',#6106);
#792=VERTEX_POINT('',#6110);
#793=VERTEX_POINT('',#6111);
#794=VERTEX_POINT('',#6113);
#795=VERTEX_POINT('',#6115);
#796=VERTEX_POINT('',#6117);
#797=VERTEX_POINT('',#6128);
#798=VERTEX_POINT('',#6130);
#799=VERTEX_POINT('',#6544);
#800=VERTEX_POINT('',#6545);
#801=VERTEX_POINT('',#6597);
#802=VERTEX_POINT('',#6598);
#803=VERTEX_POINT('',#7571);
#804=VERTEX_POINT('',#7572);
#805=VERTEX_POINT('',#7574);
#806=VERTEX_POINT('',#7885);
#807=VERTEX_POINT('',#7896);
#808=VERTEX_POINT('',#7898);
#809=VERTEX_POINT('',#7909);
#810=VERTEX_POINT('',#7913);
#811=VERTEX_POINT('',#7914);
#812=VERTEX_POINT('',#7916);
#813=VERTEX_POINT('',#7918);
#814=VERTEX_POINT('',#7920);
#815=VERTEX_POINT('',#7931);
#816=VERTEX_POINT('',#7933);
#817=VERTEX_POINT('',#8347);
#818=VERTEX_POINT('',#8348);
#819=VERTEX_POINT('',#8350);
#820=VERTEX_POINT('',#8661);
#821=VERTEX_POINT('',#8672);
#822=VERTEX_POINT('',#8674);
#823=VERTEX_POINT('',#8685);
#824=VERTEX_POINT('',#8689);
#825=VERTEX_POINT('',#8690);
#826=VERTEX_POINT('',#8692);
#827=VERTEX_POINT('',#8694);
#828=VERTEX_POINT('',#8696);
#829=VERTEX_POINT('',#8707);
#830=VERTEX_POINT('',#8709);
#831=VERTEX_POINT('',#9123);
#832=VERTEX_POINT('',#9124);
#833=VERTEX_POINT('',#9126);
#834=VERTEX_POINT('',#9128);
#835=VERTEX_POINT('',#9139);
#836=VERTEX_POINT('',#9141);
#837=VERTEX_POINT('',#9152);
#838=VERTEX_POINT('',#9465);
#839=VERTEX_POINT('',#9466);
#840=VERTEX_POINT('',#9774);
#841=VERTEX_POINT('',#9785);
#842=VERTEX_POINT('',#9787);
#843=VERTEX_POINT('',#9798);
#844=VERTEX_POINT('',#9800);
#845=VERTEX_POINT('',#9899);
#846=VERTEX_POINT('',#9900);
#847=VERTEX_POINT('',#9902);
#848=VERTEX_POINT('',#9904);
#849=VERTEX_POINT('',#9915);
#850=VERTEX_POINT('',#9917);
#851=VERTEX_POINT('',#9928);
#852=VERTEX_POINT('',#10241);
#853=VERTEX_POINT('',#10242);
#854=VERTEX_POINT('',#10550);
#855=VERTEX_POINT('',#10561);
#856=VERTEX_POINT('',#10563);
#857=VERTEX_POINT('',#10574);
#858=VERTEX_POINT('',#10576);
#859=EDGE_CURVE('',#699,#700,#347,.T.);
#860=EDGE_CURVE('',#701,#699,#348,.T.);
#861=EDGE_CURVE('',#702,#701,#349,.T.);
#862=EDGE_CURVE('',#700,#702,#350,.T.);
#863=EDGE_CURVE('',#703,#704,#351,.T.);
#864=EDGE_CURVE('',#705,#703,#352,.T.);
#865=EDGE_CURVE('',#706,#705,#353,.T.);
#866=EDGE_CURVE('',#704,#706,#354,.T.);
#867=EDGE_CURVE('',#702,#704,#355,.T.);
#868=EDGE_CURVE('',#700,#706,#356,.T.);
#869=EDGE_CURVE('',#699,#705,#357,.T.);
#870=EDGE_CURVE('',#701,#703,#358,.T.);
#871=EDGE_CURVE('',#707,#708,#359,.T.);
#872=EDGE_CURVE('',#709,#707,#360,.T.);
#873=EDGE_CURVE('',#710,#709,#361,.T.);
#874=EDGE_CURVE('',#711,#710,#69,.T.);
#875=EDGE_CURVE('',#712,#711,#362,.T.);
#876=EDGE_CURVE('',#713,#712,#363,.T.);
#877=EDGE_CURVE('',#714,#713,#364,.T.);
#878=EDGE_CURVE('',#708,#714,#70,.T.);
#879=EDGE_CURVE('',#715,#716,#365,.T.);
#880=EDGE_CURVE('',#717,#715,#366,.T.);
#881=EDGE_CURVE('',#718,#717,#367,.T.);
#882=EDGE_CURVE('',#719,#718,#71,.T.);
#883=EDGE_CURVE('',#720,#719,#368,.T.);
#884=EDGE_CURVE('',#721,#720,#369,.T.);
#885=EDGE_CURVE('',#722,#721,#370,.T.);
#886=EDGE_CURVE('',#716,#722,#72,.T.);
#887=EDGE_CURVE('',#722,#708,#371,.T.);
#888=EDGE_CURVE('',#716,#714,#372,.T.);
#889=EDGE_CURVE('',#715,#713,#373,.T.);
#890=EDGE_CURVE('',#717,#712,#374,.T.);
#891=EDGE_CURVE('',#718,#711,#375,.T.);
#892=EDGE_CURVE('',#719,#710,#376,.T.);
#893=EDGE_CURVE('',#720,#709,#377,.T.);
#894=EDGE_CURVE('',#721,#707,#378,.T.);
#895=EDGE_CURVE('',#723,#724,#73,.T.);
#896=EDGE_CURVE('',#724,#725,#379,.T.);
#897=EDGE_CURVE('',#725,#726,#380,.T.);
#898=EDGE_CURVE('',#726,#727,#381,.T.);
#899=EDGE_CURVE('',#727,#728,#74,.T.);
#900=EDGE_CURVE('',#728,#729,#382,.T.);
#901=EDGE_CURVE('',#729,#730,#383,.T.);
#902=EDGE_CURVE('',#730,#723,#384,.T.);
#903=EDGE_CURVE('',#731,#732,#75,.T.);
#904=EDGE_CURVE('',#732,#733,#385,.T.);
#905=EDGE_CURVE('',#733,#734,#386,.T.);
#906=EDGE_CURVE('',#734,#735,#387,.T.);
#907=EDGE_CURVE('',#735,#736,#76,.T.);
#908=EDGE_CURVE('',#736,#737,#388,.T.);
#909=EDGE_CURVE('',#737,#738,#389,.T.);
#910=EDGE_CURVE('',#738,#731,#390,.T.);
#911=EDGE_CURVE('',#731,#724,#391,.T.);
#912=EDGE_CURVE('',#732,#723,#392,.T.);
#913=EDGE_CURVE('',#738,#725,#393,.T.);
#914=EDGE_CURVE('',#737,#726,#394,.T.);
#915=EDGE_CURVE('',#736,#727,#395,.T.);
#916=EDGE_CURVE('',#735,#728,#396,.T.);
#917=EDGE_CURVE('',#734,#729,#397,.T.);
#918=EDGE_CURVE('',#733,#730,#398,.T.);
#919=EDGE_CURVE('',#739,#740,#25,.T.);
#920=EDGE_CURVE('',#740,#739,#26,.T.);
#921=EDGE_CURVE('',#741,#742,#27,.T.);
#922=EDGE_CURVE('',#742,#741,#28,.T.);
#923=EDGE_CURVE('',#742,#740,#399,.T.);
#924=EDGE_CURVE('',#741,#739,#400,.T.);
#925=EDGE_CURVE('',#743,#744,#401,.T.);
#926=EDGE_CURVE('',#745,#743,#402,.T.);
#927=EDGE_CURVE('',#746,#745,#77,.T.);
#928=EDGE_CURVE('',#747,#746,#403,.T.);
#929=EDGE_CURVE('',#748,#747,#78,.T.);
#930=EDGE_CURVE('',#749,#748,#29,.T.);
#931=EDGE_CURVE('',#744,#749,#404,.T.);
#932=EDGE_CURVE('',#750,#751,#30,.T.);
#933=EDGE_CURVE('',#751,#752,#79,.T.);
#934=EDGE_CURVE('',#752,#753,#405,.T.);
#935=EDGE_CURVE('',#753,#754,#80,.T.);
#936=EDGE_CURVE('',#754,#755,#406,.T.);
#937=EDGE_CURVE('',#755,#756,#407,.T.);
#938=EDGE_CURVE('',#756,#750,#408,.T.);
#939=EDGE_CURVE('',#756,#744,#409,.T.);
#940=EDGE_CURVE('',#750,#749,#410,.T.);
#941=EDGE_CURVE('',#751,#748,#411,.T.);
#942=EDGE_CURVE('',#752,#747,#412,.T.);
#943=EDGE_CURVE('',#753,#746,#413,.T.);
#944=EDGE_CURVE('',#754,#745,#414,.T.);
#945=EDGE_CURVE('',#755,#743,#415,.T.);
#946=EDGE_CURVE('',#757,#758,#416,.T.);
#947=EDGE_CURVE('',#759,#757,#417,.T.);
#948=EDGE_CURVE('',#760,#759,#81,.T.);
#949=EDGE_CURVE('',#761,#760,#418,.T.);
#950=EDGE_CURVE('',#762,#761,#82,.T.);
#951=EDGE_CURVE('',#763,#762,#31,.T.);
#952=EDGE_CURVE('',#758,#763,#419,.T.);
#953=EDGE_CURVE('',#764,#765,#32,.T.);
#954=EDGE_CURVE('',#765,#766,#83,.T.);
#955=EDGE_CURVE('',#766,#767,#420,.T.);
#956=EDGE_CURVE('',#767,#768,#84,.T.);
#957=EDGE_CURVE('',#768,#769,#421,.T.);
#958=EDGE_CURVE('',#769,#770,#422,.T.);
#959=EDGE_CURVE('',#770,#764,#423,.T.);
#960=EDGE_CURVE('',#770,#758,#424,.T.);
#961=EDGE_CURVE('',#764,#763,#425,.T.);
#962=EDGE_CURVE('',#765,#762,#426,.T.);
#963=EDGE_CURVE('',#766,#761,#427,.T.);
#964=EDGE_CURVE('',#767,#760,#428,.T.);
#965=EDGE_CURVE('',#768,#759,#429,.T.);
#966=EDGE_CURVE('',#769,#757,#430,.T.);
#967=EDGE_CURVE('',#771,#772,#431,.T.);
#968=EDGE_CURVE('',#772,#773,#33,.T.);
#969=EDGE_CURVE('',#773,#774,#85,.T.);
#970=EDGE_CURVE('',#774,#775,#432,.T.);
#971=EDGE_CURVE('',#775,#776,#86,.T.);
#972=EDGE_CURVE('',#776,#777,#433,.T.);
#973=EDGE_CURVE('',#777,#771,#434,.T.);
#974=EDGE_CURVE('',#778,#779,#435,.T.);
#975=EDGE_CURVE('',#780,#778,#436,.T.);
#976=EDGE_CURVE('',#781,#780,#437,.T.);
#977=EDGE_CURVE('',#782,#781,#87,.T.);
#978=EDGE_CURVE('',#783,#782,#438,.T.);
#979=EDGE_CURVE('',#784,#783,#88,.T.);
#980=EDGE_CURVE('',#779,#784,#34,.T.);
#981=EDGE_CURVE('',#779,#772,#439,.T.);
#982=EDGE_CURVE('',#778,#771,#440,.T.);
#983=EDGE_CURVE('',#784,#773,#441,.T.);
#984=EDGE_CURVE('',#783,#774,#442,.T.);
#985=EDGE_CURVE('',#782,#775,#443,.T.);
#986=EDGE_CURVE('',#781,#776,#444,.T.);
#987=EDGE_CURVE('',#780,#777,#445,.T.);
#988=EDGE_CURVE('',#785,#786,#446,.T.);
#989=EDGE_CURVE('',#786,#787,#35,.T.);
#990=EDGE_CURVE('',#787,#788,#89,.T.);
#991=EDGE_CURVE('',#788,#789,#447,.T.);
#992=EDGE_CURVE('',#789,#790,#90,.T.);
#993=EDGE_CURVE('',#790,#791,#448,.T.);
#994=EDGE_CURVE('',#791,#785,#449,.T.);
#995=EDGE_CURVE('',#792,#793,#450,.T.);
#996=EDGE_CURVE('',#794,#792,#451,.T.);
#997=EDGE_CURVE('',#795,#794,#452,.T.);
#998=EDGE_CURVE('',#796,#795,#91,.T.);
#999=EDGE_CURVE('',#797,#796,#453,.T.);
#1000=EDGE_CURVE('',#798,#797,#92,.T.);
#1001=EDGE_CURVE('',#793,#798,#36,.T.);
#1002=EDGE_CURVE('',#793,#786,#454,.T.);
#1003=EDGE_CURVE('',#792,#785,#455,.T.);
#1004=EDGE_CURVE('',#798,#787,#456,.T.);
#1005=EDGE_CURVE('',#797,#788,#457,.T.);
#1006=EDGE_CURVE('',#796,#789,#458,.T.);
#1007=EDGE_CURVE('',#795,#790,#459,.T.);
#1008=EDGE_CURVE('',#794,#791,#460,.T.);
#1009=EDGE_CURVE('',#799,#800,#37,.T.);
#1010=EDGE_CURVE('',#800,#799,#38,.T.);
#1011=EDGE_CURVE('',#801,#802,#39,.T.);
#1012=EDGE_CURVE('',#802,#801,#40,.T.);
#1013=EDGE_CURVE('',#802,#800,#461,.T.);
#1014=EDGE_CURVE('',#801,#799,#462,.T.);
#1015=EDGE_CURVE('',#803,#804,#463,.T.);
#1016=EDGE_CURVE('',#804,#805,#41,.T.);
#1017=EDGE_CURVE('',#805,#806,#93,.T.);
#1018=EDGE_CURVE('',#806,#807,#464,.T.);
#1019=EDGE_CURVE('',#807,#808,#94,.T.);
#1020=EDGE_CURVE('',#808,#809,#465,.T.);
#1021=EDGE_CURVE('',#809,#803,#466,.T.);
#1022=EDGE_CURVE('',#810,#811,#467,.T.);
#1023=EDGE_CURVE('',#812,#810,#468,.T.);
#1024=EDGE_CURVE('',#813,#812,#469,.T.);
#1025=EDGE_CURVE('',#814,#813,#95,.T.);
#1026=EDGE_CURVE('',#815,#814,#470,.T.);
#1027=EDGE_CURVE('',#816,#815,#96,.T.);
#1028=EDGE_CURVE('',#811,#816,#42,.T.);
#1029=EDGE_CURVE('',#811,#804,#471,.T.);
#1030=EDGE_CURVE('',#810,#803,#472,.T.);
#1031=EDGE_CURVE('',#816,#805,#473,.T.);
#1032=EDGE_CURVE('',#815,#806,#474,.T.);
#1033=EDGE_CURVE('',#814,#807,#475,.T.);
#1034=EDGE_CURVE('',#813,#808,#476,.T.);
#1035=EDGE_CURVE('',#812,#809,#477,.T.);
#1036=EDGE_CURVE('',#817,#818,#478,.T.);
#1037=EDGE_CURVE('',#818,#819,#43,.T.);
#1038=EDGE_CURVE('',#819,#820,#97,.T.);
#1039=EDGE_CURVE('',#820,#821,#479,.T.);
#1040=EDGE_CURVE('',#821,#822,#98,.T.);
#1041=EDGE_CURVE('',#822,#823,#480,.T.);
#1042=EDGE_CURVE('',#823,#817,#481,.T.);
#1043=EDGE_CURVE('',#824,#825,#482,.T.);
#1044=EDGE_CURVE('',#826,#824,#483,.T.);
#1045=EDGE_CURVE('',#827,#826,#484,.T.);
#1046=EDGE_CURVE('',#828,#827,#99,.T.);
#1047=EDGE_CURVE('',#829,#828,#485,.T.);
#1048=EDGE_CURVE('',#830,#829,#100,.T.);
#1049=EDGE_CURVE('',#825,#830,#44,.T.);
#1050=EDGE_CURVE('',#825,#818,#486,.T.);
#1051=EDGE_CURVE('',#824,#817,#487,.T.);
#1052=EDGE_CURVE('',#830,#819,#488,.T.);
#1053=EDGE_CURVE('',#829,#820,#489,.T.);
#1054=EDGE_CURVE('',#828,#821,#490,.T.);
#1055=EDGE_CURVE('',#827,#822,#491,.T.);
#1056=EDGE_CURVE('',#826,#823,#492,.T.);
#1057=EDGE_CURVE('',#831,#832,#493,.T.);
#1058=EDGE_CURVE('',#833,#831,#494,.T.);
#1059=EDGE_CURVE('',#834,#833,#101,.T.);
#1060=EDGE_CURVE('',#835,#834,#495,.T.);
#1061=EDGE_CURVE('',#836,#835,#102,.T.);
#1062=EDGE_CURVE('',#837,#836,#45,.T.);
#1063=EDGE_CURVE('',#832,#837,#496,.T.);
#1064=EDGE_CURVE('',#838,#839,#46,.T.);
#1065=EDGE_CURVE('',#839,#840,#103,.T.);
#1066=EDGE_CURVE('',#840,#841,#497,.T.);
#1067=EDGE_CURVE('',#841,#842,#104,.T.);
#1068=EDGE_CURVE('',#842,#843,#498,.T.);
#1069=EDGE_CURVE('',#843,#844,#499,.T.);
#1070=EDGE_CURVE('',#844,#838,#500,.T.);
#1071=EDGE_CURVE('',#844,#832,#501,.T.);
#1072=EDGE_CURVE('',#838,#837,#502,.T.);
#1073=EDGE_CURVE('',#839,#836,#503,.T.);
#1074=EDGE_CURVE('',#840,#835,#504,.T.);
#1075=EDGE_CURVE('',#841,#834,#505,.T.);
#1076=EDGE_CURVE('',#842,#833,#506,.T.);
#1077=EDGE_CURVE('',#843,#831,#507,.T.);
#1078=EDGE_CURVE('',#845,#846,#508,.T.);
#1079=EDGE_CURVE('',#847,#845,#509,.T.);
#1080=EDGE_CURVE('',#848,#847,#105,.T.);
#1081=EDGE_CURVE('',#849,#848,#510,.T.);
#1082=EDGE_CURVE('',#850,#849,#106,.T.);
#1083=EDGE_CURVE('',#851,#850,#47,.T.);
#1084=EDGE_CURVE('',#846,#851,#511,.T.);
#1085=EDGE_CURVE('',#852,#853,#48,.T.);
#1086=EDGE_CURVE('',#853,#854,#107,.T.);
#1087=EDGE_CURVE('',#854,#855,#512,.T.);
#1088=EDGE_CURVE('',#855,#856,#108,.T.);
#1089=EDGE_CURVE('',#856,#857,#513,.T.);
#1090=EDGE_CURVE('',#857,#858,#514,.T.);
#1091=EDGE_CURVE('',#858,#852,#515,.T.);
#1092=EDGE_CURVE('',#858,#846,#516,.T.);
#1093=EDGE_CURVE('',#852,#851,#517,.T.);
#1094=EDGE_CURVE('',#853,#850,#518,.T.);
#1095=EDGE_CURVE('',#854,#849,#519,.T.);
#1096=EDGE_CURVE('',#855,#848,#520,.T.);
#1097=EDGE_CURVE('',#856,#847,#521,.T.);
#1098=EDGE_CURVE('',#857,#845,#522,.T.);
#1099=ORIENTED_EDGE('',*,*,#859,.F.);
#1100=ORIENTED_EDGE('',*,*,#860,.F.);
#1101=ORIENTED_EDGE('',*,*,#861,.F.);
#1102=ORIENTED_EDGE('',*,*,#862,.F.);
#1103=ORIENTED_EDGE('',*,*,#863,.F.);
#1104=ORIENTED_EDGE('',*,*,#864,.F.);
#1105=ORIENTED_EDGE('',*,*,#865,.F.);
#1106=ORIENTED_EDGE('',*,*,#866,.F.);
#1107=ORIENTED_EDGE('',*,*,#867,.T.);
#1108=ORIENTED_EDGE('',*,*,#866,.T.);
#1109=ORIENTED_EDGE('',*,*,#868,.F.);
#1110=ORIENTED_EDGE('',*,*,#862,.T.);
#1111=ORIENTED_EDGE('',*,*,#859,.T.);
#1112=ORIENTED_EDGE('',*,*,#868,.T.);
#1113=ORIENTED_EDGE('',*,*,#865,.T.);
#1114=ORIENTED_EDGE('',*,*,#869,.F.);
#1115=ORIENTED_EDGE('',*,*,#860,.T.);
#1116=ORIENTED_EDGE('',*,*,#869,.T.);
#1117=ORIENTED_EDGE('',*,*,#864,.T.);
#1118=ORIENTED_EDGE('',*,*,#870,.F.);
#1119=ORIENTED_EDGE('',*,*,#861,.T.);
#1120=ORIENTED_EDGE('',*,*,#870,.T.);
#1121=ORIENTED_EDGE('',*,*,#863,.T.);
#1122=ORIENTED_EDGE('',*,*,#867,.F.);
#1123=ORIENTED_EDGE('',*,*,#871,.F.);
#1124=ORIENTED_EDGE('',*,*,#872,.F.);
#1125=ORIENTED_EDGE('',*,*,#873,.F.);
#1126=ORIENTED_EDGE('',*,*,#874,.F.);
#1127=ORIENTED_EDGE('',*,*,#875,.F.);
#1128=ORIENTED_EDGE('',*,*,#876,.F.);
#1129=ORIENTED_EDGE('',*,*,#877,.F.);
#1130=ORIENTED_EDGE('',*,*,#878,.F.);
#1131=ORIENTED_EDGE('',*,*,#879,.F.);
#1132=ORIENTED_EDGE('',*,*,#880,.F.);
#1133=ORIENTED_EDGE('',*,*,#881,.F.);
#1134=ORIENTED_EDGE('',*,*,#882,.F.);
#1135=ORIENTED_EDGE('',*,*,#883,.F.);
#1136=ORIENTED_EDGE('',*,*,#884,.F.);
#1137=ORIENTED_EDGE('',*,*,#885,.F.);
#1138=ORIENTED_EDGE('',*,*,#886,.F.);
#1139=ORIENTED_EDGE('',*,*,#887,.T.);
#1140=ORIENTED_EDGE('',*,*,#878,.T.);
#1141=ORIENTED_EDGE('',*,*,#888,.F.);
#1142=ORIENTED_EDGE('',*,*,#886,.T.);
#1143=ORIENTED_EDGE('',*,*,#879,.T.);
#1144=ORIENTED_EDGE('',*,*,#888,.T.);
#1145=ORIENTED_EDGE('',*,*,#877,.T.);
#1146=ORIENTED_EDGE('',*,*,#889,.F.);
#1147=ORIENTED_EDGE('',*,*,#880,.T.);
#1148=ORIENTED_EDGE('',*,*,#889,.T.);
#1149=ORIENTED_EDGE('',*,*,#876,.T.);
#1150=ORIENTED_EDGE('',*,*,#890,.F.);
#1151=ORIENTED_EDGE('',*,*,#881,.T.);
#1152=ORIENTED_EDGE('',*,*,#890,.T.);
#1153=ORIENTED_EDGE('',*,*,#875,.T.);
#1154=ORIENTED_EDGE('',*,*,#891,.F.);
#1155=ORIENTED_EDGE('',*,*,#882,.T.);
#1156=ORIENTED_EDGE('',*,*,#891,.T.);
#1157=ORIENTED_EDGE('',*,*,#874,.T.);
#1158=ORIENTED_EDGE('',*,*,#892,.F.);
#1159=ORIENTED_EDGE('',*,*,#883,.T.);
#1160=ORIENTED_EDGE('',*,*,#892,.T.);
#1161=ORIENTED_EDGE('',*,*,#873,.T.);
#1162=ORIENTED_EDGE('',*,*,#893,.F.);
#1163=ORIENTED_EDGE('',*,*,#884,.T.);
#1164=ORIENTED_EDGE('',*,*,#893,.T.);
#1165=ORIENTED_EDGE('',*,*,#872,.T.);
#1166=ORIENTED_EDGE('',*,*,#894,.F.);
#1167=ORIENTED_EDGE('',*,*,#885,.T.);
#1168=ORIENTED_EDGE('',*,*,#894,.T.);
#1169=ORIENTED_EDGE('',*,*,#871,.T.);
#1170=ORIENTED_EDGE('',*,*,#887,.F.);
#1171=ORIENTED_EDGE('',*,*,#895,.T.);
#1172=ORIENTED_EDGE('',*,*,#896,.T.);
#1173=ORIENTED_EDGE('',*,*,#897,.T.);
#1174=ORIENTED_EDGE('',*,*,#898,.T.);
#1175=ORIENTED_EDGE('',*,*,#899,.T.);
#1176=ORIENTED_EDGE('',*,*,#900,.T.);
#1177=ORIENTED_EDGE('',*,*,#901,.T.);
#1178=ORIENTED_EDGE('',*,*,#902,.T.);
#1179=ORIENTED_EDGE('',*,*,#903,.T.);
#1180=ORIENTED_EDGE('',*,*,#904,.T.);
#1181=ORIENTED_EDGE('',*,*,#905,.T.);
#1182=ORIENTED_EDGE('',*,*,#906,.T.);
#1183=ORIENTED_EDGE('',*,*,#907,.T.);
#1184=ORIENTED_EDGE('',*,*,#908,.T.);
#1185=ORIENTED_EDGE('',*,*,#909,.T.);
#1186=ORIENTED_EDGE('',*,*,#910,.T.);
#1187=ORIENTED_EDGE('',*,*,#903,.F.);
#1188=ORIENTED_EDGE('',*,*,#911,.T.);
#1189=ORIENTED_EDGE('',*,*,#895,.F.);
#1190=ORIENTED_EDGE('',*,*,#912,.F.);
#1191=ORIENTED_EDGE('',*,*,#913,.T.);
#1192=ORIENTED_EDGE('',*,*,#896,.F.);
#1193=ORIENTED_EDGE('',*,*,#911,.F.);
#1194=ORIENTED_EDGE('',*,*,#910,.F.);
#1195=ORIENTED_EDGE('',*,*,#914,.T.);
#1196=ORIENTED_EDGE('',*,*,#897,.F.);
#1197=ORIENTED_EDGE('',*,*,#913,.F.);
#1198=ORIENTED_EDGE('',*,*,#909,.F.);
#1199=ORIENTED_EDGE('',*,*,#915,.T.);
#1200=ORIENTED_EDGE('',*,*,#898,.F.);
#1201=ORIENTED_EDGE('',*,*,#914,.F.);
#1202=ORIENTED_EDGE('',*,*,#908,.F.);
#1203=ORIENTED_EDGE('',*,*,#916,.T.);
#1204=ORIENTED_EDGE('',*,*,#899,.F.);
#1205=ORIENTED_EDGE('',*,*,#915,.F.);
#1206=ORIENTED_EDGE('',*,*,#907,.F.);
#1207=ORIENTED_EDGE('',*,*,#917,.T.);
#1208=ORIENTED_EDGE('',*,*,#900,.F.);
#1209=ORIENTED_EDGE('',*,*,#916,.F.);
#1210=ORIENTED_EDGE('',*,*,#906,.F.);
#1211=ORIENTED_EDGE('',*,*,#918,.T.);
#1212=ORIENTED_EDGE('',*,*,#901,.F.);
#1213=ORIENTED_EDGE('',*,*,#917,.F.);
#1214=ORIENTED_EDGE('',*,*,#905,.F.);
#1215=ORIENTED_EDGE('',*,*,#912,.T.);
#1216=ORIENTED_EDGE('',*,*,#902,.F.);
#1217=ORIENTED_EDGE('',*,*,#918,.F.);
#1218=ORIENTED_EDGE('',*,*,#904,.F.);
#1219=ORIENTED_EDGE('',*,*,#919,.T.);
#1220=ORIENTED_EDGE('',*,*,#920,.T.);
#1221=ORIENTED_EDGE('',*,*,#921,.T.);
#1222=ORIENTED_EDGE('',*,*,#922,.T.);
#1223=ORIENTED_EDGE('',*,*,#923,.T.);
#1224=ORIENTED_EDGE('',*,*,#919,.F.);
#1225=ORIENTED_EDGE('',*,*,#924,.F.);
#1226=ORIENTED_EDGE('',*,*,#922,.F.);
#1227=ORIENTED_EDGE('',*,*,#921,.F.);
#1228=ORIENTED_EDGE('',*,*,#924,.T.);
#1229=ORIENTED_EDGE('',*,*,#920,.F.);
#1230=ORIENTED_EDGE('',*,*,#923,.F.);
#1231=ORIENTED_EDGE('',*,*,#925,.F.);
#1232=ORIENTED_EDGE('',*,*,#926,.F.);
#1233=ORIENTED_EDGE('',*,*,#927,.F.);
#1234=ORIENTED_EDGE('',*,*,#928,.F.);
#1235=ORIENTED_EDGE('',*,*,#929,.F.);
#1236=ORIENTED_EDGE('',*,*,#930,.F.);
#1237=ORIENTED_EDGE('',*,*,#931,.F.);
#1238=ORIENTED_EDGE('',*,*,#932,.T.);
#1239=ORIENTED_EDGE('',*,*,#933,.T.);
#1240=ORIENTED_EDGE('',*,*,#934,.T.);
#1241=ORIENTED_EDGE('',*,*,#935,.T.);
#1242=ORIENTED_EDGE('',*,*,#936,.T.);
#1243=ORIENTED_EDGE('',*,*,#937,.T.);
#1244=ORIENTED_EDGE('',*,*,#938,.T.);
#1245=ORIENTED_EDGE('',*,*,#939,.T.);
#1246=ORIENTED_EDGE('',*,*,#931,.T.);
#1247=ORIENTED_EDGE('',*,*,#940,.F.);
#1248=ORIENTED_EDGE('',*,*,#938,.F.);
#1249=ORIENTED_EDGE('',*,*,#932,.F.);
#1250=ORIENTED_EDGE('',*,*,#940,.T.);
#1251=ORIENTED_EDGE('',*,*,#930,.T.);
#1252=ORIENTED_EDGE('',*,*,#941,.F.);
#1253=ORIENTED_EDGE('',*,*,#933,.F.);
#1254=ORIENTED_EDGE('',*,*,#941,.T.);
#1255=ORIENTED_EDGE('',*,*,#929,.T.);
#1256=ORIENTED_EDGE('',*,*,#942,.F.);
#1257=ORIENTED_EDGE('',*,*,#934,.F.);
#1258=ORIENTED_EDGE('',*,*,#942,.T.);
#1259=ORIENTED_EDGE('',*,*,#928,.T.);
#1260=ORIENTED_EDGE('',*,*,#943,.F.);
#1261=ORIENTED_EDGE('',*,*,#935,.F.);
#1262=ORIENTED_EDGE('',*,*,#943,.T.);
#1263=ORIENTED_EDGE('',*,*,#927,.T.);
#1264=ORIENTED_EDGE('',*,*,#944,.F.);
#1265=ORIENTED_EDGE('',*,*,#936,.F.);
#1266=ORIENTED_EDGE('',*,*,#944,.T.);
#1267=ORIENTED_EDGE('',*,*,#926,.T.);
#1268=ORIENTED_EDGE('',*,*,#945,.F.);
#1269=ORIENTED_EDGE('',*,*,#937,.F.);
#1270=ORIENTED_EDGE('',*,*,#945,.T.);
#1271=ORIENTED_EDGE('',*,*,#925,.T.);
#1272=ORIENTED_EDGE('',*,*,#939,.F.);
#1273=ORIENTED_EDGE('',*,*,#946,.F.);
#1274=ORIENTED_EDGE('',*,*,#947,.F.);
#1275=ORIENTED_EDGE('',*,*,#948,.F.);
#1276=ORIENTED_EDGE('',*,*,#949,.F.);
#1277=ORIENTED_EDGE('',*,*,#950,.F.);
#1278=ORIENTED_EDGE('',*,*,#951,.F.);
#1279=ORIENTED_EDGE('',*,*,#952,.F.);
#1280=ORIENTED_EDGE('',*,*,#953,.T.);
#1281=ORIENTED_EDGE('',*,*,#954,.T.);
#1282=ORIENTED_EDGE('',*,*,#955,.T.);
#1283=ORIENTED_EDGE('',*,*,#956,.T.);
#1284=ORIENTED_EDGE('',*,*,#957,.T.);
#1285=ORIENTED_EDGE('',*,*,#958,.T.);
#1286=ORIENTED_EDGE('',*,*,#959,.T.);
#1287=ORIENTED_EDGE('',*,*,#960,.T.);
#1288=ORIENTED_EDGE('',*,*,#952,.T.);
#1289=ORIENTED_EDGE('',*,*,#961,.F.);
#1290=ORIENTED_EDGE('',*,*,#959,.F.);
#1291=ORIENTED_EDGE('',*,*,#953,.F.);
#1292=ORIENTED_EDGE('',*,*,#961,.T.);
#1293=ORIENTED_EDGE('',*,*,#951,.T.);
#1294=ORIENTED_EDGE('',*,*,#962,.F.);
#1295=ORIENTED_EDGE('',*,*,#954,.F.);
#1296=ORIENTED_EDGE('',*,*,#962,.T.);
#1297=ORIENTED_EDGE('',*,*,#950,.T.);
#1298=ORIENTED_EDGE('',*,*,#963,.F.);
#1299=ORIENTED_EDGE('',*,*,#955,.F.);
#1300=ORIENTED_EDGE('',*,*,#963,.T.);
#1301=ORIENTED_EDGE('',*,*,#949,.T.);
#1302=ORIENTED_EDGE('',*,*,#964,.F.);
#1303=ORIENTED_EDGE('',*,*,#956,.F.);
#1304=ORIENTED_EDGE('',*,*,#964,.T.);
#1305=ORIENTED_EDGE('',*,*,#948,.T.);
#1306=ORIENTED_EDGE('',*,*,#965,.F.);
#1307=ORIENTED_EDGE('',*,*,#957,.F.);
#1308=ORIENTED_EDGE('',*,*,#965,.T.);
#1309=ORIENTED_EDGE('',*,*,#947,.T.);
#1310=ORIENTED_EDGE('',*,*,#966,.F.);
#1311=ORIENTED_EDGE('',*,*,#958,.F.);
#1312=ORIENTED_EDGE('',*,*,#966,.T.);
#1313=ORIENTED_EDGE('',*,*,#946,.T.);
#1314=ORIENTED_EDGE('',*,*,#960,.F.);
#1315=ORIENTED_EDGE('',*,*,#967,.T.);
#1316=ORIENTED_EDGE('',*,*,#968,.T.);
#1317=ORIENTED_EDGE('',*,*,#969,.T.);
#1318=ORIENTED_EDGE('',*,*,#970,.T.);
#1319=ORIENTED_EDGE('',*,*,#971,.T.);
#1320=ORIENTED_EDGE('',*,*,#972,.T.);
#1321=ORIENTED_EDGE('',*,*,#973,.T.);
#1322=ORIENTED_EDGE('',*,*,#974,.F.);
#1323=ORIENTED_EDGE('',*,*,#975,.F.);
#1324=ORIENTED_EDGE('',*,*,#976,.F.);
#1325=ORIENTED_EDGE('',*,*,#977,.F.);
#1326=ORIENTED_EDGE('',*,*,#978,.F.);
#1327=ORIENTED_EDGE('',*,*,#979,.F.);
#1328=ORIENTED_EDGE('',*,*,#980,.F.);
#1329=ORIENTED_EDGE('',*,*,#974,.T.);
#1330=ORIENTED_EDGE('',*,*,#981,.T.);
#1331=ORIENTED_EDGE('',*,*,#967,.F.);
#1332=ORIENTED_EDGE('',*,*,#982,.F.);
#1333=ORIENTED_EDGE('',*,*,#983,.T.);
#1334=ORIENTED_EDGE('',*,*,#968,.F.);
#1335=ORIENTED_EDGE('',*,*,#981,.F.);
#1336=ORIENTED_EDGE('',*,*,#980,.T.);
#1337=ORIENTED_EDGE('',*,*,#984,.T.);
#1338=ORIENTED_EDGE('',*,*,#969,.F.);
#1339=ORIENTED_EDGE('',*,*,#983,.F.);
#1340=ORIENTED_EDGE('',*,*,#979,.T.);
#1341=ORIENTED_EDGE('',*,*,#985,.T.);
#1342=ORIENTED_EDGE('',*,*,#970,.F.);
#1343=ORIENTED_EDGE('',*,*,#984,.F.);
#1344=ORIENTED_EDGE('',*,*,#978,.T.);
#1345=ORIENTED_EDGE('',*,*,#986,.T.);
#1346=ORIENTED_EDGE('',*,*,#971,.F.);
#1347=ORIENTED_EDGE('',*,*,#985,.F.);
#1348=ORIENTED_EDGE('',*,*,#977,.T.);
#1349=ORIENTED_EDGE('',*,*,#987,.T.);
#1350=ORIENTED_EDGE('',*,*,#972,.F.);
#1351=ORIENTED_EDGE('',*,*,#986,.F.);
#1352=ORIENTED_EDGE('',*,*,#976,.T.);
#1353=ORIENTED_EDGE('',*,*,#982,.T.);
#1354=ORIENTED_EDGE('',*,*,#973,.F.);
#1355=ORIENTED_EDGE('',*,*,#987,.F.);
#1356=ORIENTED_EDGE('',*,*,#975,.T.);
#1357=ORIENTED_EDGE('',*,*,#988,.T.);
#1358=ORIENTED_EDGE('',*,*,#989,.T.);
#1359=ORIENTED_EDGE('',*,*,#990,.T.);
#1360=ORIENTED_EDGE('',*,*,#991,.T.);
#1361=ORIENTED_EDGE('',*,*,#992,.T.);
#1362=ORIENTED_EDGE('',*,*,#993,.T.);
#1363=ORIENTED_EDGE('',*,*,#994,.T.);
#1364=ORIENTED_EDGE('',*,*,#995,.F.);
#1365=ORIENTED_EDGE('',*,*,#996,.F.);
#1366=ORIENTED_EDGE('',*,*,#997,.F.);
#1367=ORIENTED_EDGE('',*,*,#998,.F.);
#1368=ORIENTED_EDGE('',*,*,#999,.F.);
#1369=ORIENTED_EDGE('',*,*,#1000,.F.);
#1370=ORIENTED_EDGE('',*,*,#1001,.F.);
#1371=ORIENTED_EDGE('',*,*,#995,.T.);
#1372=ORIENTED_EDGE('',*,*,#1002,.T.);
#1373=ORIENTED_EDGE('',*,*,#988,.F.);
#1374=ORIENTED_EDGE('',*,*,#1003,.F.);
#1375=ORIENTED_EDGE('',*,*,#1004,.T.);
#1376=ORIENTED_EDGE('',*,*,#989,.F.);
#1377=ORIENTED_EDGE('',*,*,#1002,.F.);
#1378=ORIENTED_EDGE('',*,*,#1001,.T.);
#1379=ORIENTED_EDGE('',*,*,#1005,.T.);
#1380=ORIENTED_EDGE('',*,*,#990,.F.);
#1381=ORIENTED_EDGE('',*,*,#1004,.F.);
#1382=ORIENTED_EDGE('',*,*,#1000,.T.);
#1383=ORIENTED_EDGE('',*,*,#1006,.T.);
#1384=ORIENTED_EDGE('',*,*,#991,.F.);
#1385=ORIENTED_EDGE('',*,*,#1005,.F.);
#1386=ORIENTED_EDGE('',*,*,#999,.T.);
#1387=ORIENTED_EDGE('',*,*,#1007,.T.);
#1388=ORIENTED_EDGE('',*,*,#992,.F.);
#1389=ORIENTED_EDGE('',*,*,#1006,.F.);
#1390=ORIENTED_EDGE('',*,*,#998,.T.);
#1391=ORIENTED_EDGE('',*,*,#1008,.T.);
#1392=ORIENTED_EDGE('',*,*,#993,.F.);
#1393=ORIENTED_EDGE('',*,*,#1007,.F.);
#1394=ORIENTED_EDGE('',*,*,#997,.T.);
#1395=ORIENTED_EDGE('',*,*,#1003,.T.);
#1396=ORIENTED_EDGE('',*,*,#994,.F.);
#1397=ORIENTED_EDGE('',*,*,#1008,.F.);
#1398=ORIENTED_EDGE('',*,*,#996,.T.);
#1399=ORIENTED_EDGE('',*,*,#1009,.F.);
#1400=ORIENTED_EDGE('',*,*,#1010,.F.);
#1401=ORIENTED_EDGE('',*,*,#1011,.F.);
#1402=ORIENTED_EDGE('',*,*,#1012,.F.);
#1403=ORIENTED_EDGE('',*,*,#1011,.T.);
#1404=ORIENTED_EDGE('',*,*,#1013,.T.);
#1405=ORIENTED_EDGE('',*,*,#1010,.T.);
#1406=ORIENTED_EDGE('',*,*,#1014,.F.);
#1407=ORIENTED_EDGE('',*,*,#1014,.T.);
#1408=ORIENTED_EDGE('',*,*,#1009,.T.);
#1409=ORIENTED_EDGE('',*,*,#1013,.F.);
#1410=ORIENTED_EDGE('',*,*,#1012,.T.);
#1411=ORIENTED_EDGE('',*,*,#1015,.T.);
#1412=ORIENTED_EDGE('',*,*,#1016,.T.);
#1413=ORIENTED_EDGE('',*,*,#1017,.T.);
#1414=ORIENTED_EDGE('',*,*,#1018,.T.);
#1415=ORIENTED_EDGE('',*,*,#1019,.T.);
#1416=ORIENTED_EDGE('',*,*,#1020,.T.);
#1417=ORIENTED_EDGE('',*,*,#1021,.T.);
#1418=ORIENTED_EDGE('',*,*,#1022,.F.);
#1419=ORIENTED_EDGE('',*,*,#1023,.F.);
#1420=ORIENTED_EDGE('',*,*,#1024,.F.);
#1421=ORIENTED_EDGE('',*,*,#1025,.F.);
#1422=ORIENTED_EDGE('',*,*,#1026,.F.);
#1423=ORIENTED_EDGE('',*,*,#1027,.F.);
#1424=ORIENTED_EDGE('',*,*,#1028,.F.);
#1425=ORIENTED_EDGE('',*,*,#1022,.T.);
#1426=ORIENTED_EDGE('',*,*,#1029,.T.);
#1427=ORIENTED_EDGE('',*,*,#1015,.F.);
#1428=ORIENTED_EDGE('',*,*,#1030,.F.);
#1429=ORIENTED_EDGE('',*,*,#1031,.T.);
#1430=ORIENTED_EDGE('',*,*,#1016,.F.);
#1431=ORIENTED_EDGE('',*,*,#1029,.F.);
#1432=ORIENTED_EDGE('',*,*,#1028,.T.);
#1433=ORIENTED_EDGE('',*,*,#1032,.T.);
#1434=ORIENTED_EDGE('',*,*,#1017,.F.);
#1435=ORIENTED_EDGE('',*,*,#1031,.F.);
#1436=ORIENTED_EDGE('',*,*,#1027,.T.);
#1437=ORIENTED_EDGE('',*,*,#1033,.T.);
#1438=ORIENTED_EDGE('',*,*,#1018,.F.);
#1439=ORIENTED_EDGE('',*,*,#1032,.F.);
#1440=ORIENTED_EDGE('',*,*,#1026,.T.);
#1441=ORIENTED_EDGE('',*,*,#1034,.T.);
#1442=ORIENTED_EDGE('',*,*,#1019,.F.);
#1443=ORIENTED_EDGE('',*,*,#1033,.F.);
#1444=ORIENTED_EDGE('',*,*,#1025,.T.);
#1445=ORIENTED_EDGE('',*,*,#1035,.T.);
#1446=ORIENTED_EDGE('',*,*,#1020,.F.);
#1447=ORIENTED_EDGE('',*,*,#1034,.F.);
#1448=ORIENTED_EDGE('',*,*,#1024,.T.);
#1449=ORIENTED_EDGE('',*,*,#1030,.T.);
#1450=ORIENTED_EDGE('',*,*,#1021,.F.);
#1451=ORIENTED_EDGE('',*,*,#1035,.F.);
#1452=ORIENTED_EDGE('',*,*,#1023,.T.);
#1453=ORIENTED_EDGE('',*,*,#1036,.T.);
#1454=ORIENTED_EDGE('',*,*,#1037,.T.);
#1455=ORIENTED_EDGE('',*,*,#1038,.T.);
#1456=ORIENTED_EDGE('',*,*,#1039,.T.);
#1457=ORIENTED_EDGE('',*,*,#1040,.T.);
#1458=ORIENTED_EDGE('',*,*,#1041,.T.);
#1459=ORIENTED_EDGE('',*,*,#1042,.T.);
#1460=ORIENTED_EDGE('',*,*,#1043,.F.);
#1461=ORIENTED_EDGE('',*,*,#1044,.F.);
#1462=ORIENTED_EDGE('',*,*,#1045,.F.);
#1463=ORIENTED_EDGE('',*,*,#1046,.F.);
#1464=ORIENTED_EDGE('',*,*,#1047,.F.);
#1465=ORIENTED_EDGE('',*,*,#1048,.F.);
#1466=ORIENTED_EDGE('',*,*,#1049,.F.);
#1467=ORIENTED_EDGE('',*,*,#1043,.T.);
#1468=ORIENTED_EDGE('',*,*,#1050,.T.);
#1469=ORIENTED_EDGE('',*,*,#1036,.F.);
#1470=ORIENTED_EDGE('',*,*,#1051,.F.);
#1471=ORIENTED_EDGE('',*,*,#1052,.T.);
#1472=ORIENTED_EDGE('',*,*,#1037,.F.);
#1473=ORIENTED_EDGE('',*,*,#1050,.F.);
#1474=ORIENTED_EDGE('',*,*,#1049,.T.);
#1475=ORIENTED_EDGE('',*,*,#1053,.T.);
#1476=ORIENTED_EDGE('',*,*,#1038,.F.);
#1477=ORIENTED_EDGE('',*,*,#1052,.F.);
#1478=ORIENTED_EDGE('',*,*,#1048,.T.);
#1479=ORIENTED_EDGE('',*,*,#1054,.T.);
#1480=ORIENTED_EDGE('',*,*,#1039,.F.);
#1481=ORIENTED_EDGE('',*,*,#1053,.F.);
#1482=ORIENTED_EDGE('',*,*,#1047,.T.);
#1483=ORIENTED_EDGE('',*,*,#1055,.T.);
#1484=ORIENTED_EDGE('',*,*,#1040,.F.);
#1485=ORIENTED_EDGE('',*,*,#1054,.F.);
#1486=ORIENTED_EDGE('',*,*,#1046,.T.);
#1487=ORIENTED_EDGE('',*,*,#1056,.T.);
#1488=ORIENTED_EDGE('',*,*,#1041,.F.);
#1489=ORIENTED_EDGE('',*,*,#1055,.F.);
#1490=ORIENTED_EDGE('',*,*,#1045,.T.);
#1491=ORIENTED_EDGE('',*,*,#1051,.T.);
#1492=ORIENTED_EDGE('',*,*,#1042,.F.);
#1493=ORIENTED_EDGE('',*,*,#1056,.F.);
#1494=ORIENTED_EDGE('',*,*,#1044,.T.);
#1495=ORIENTED_EDGE('',*,*,#1057,.F.);
#1496=ORIENTED_EDGE('',*,*,#1058,.F.);
#1497=ORIENTED_EDGE('',*,*,#1059,.F.);
#1498=ORIENTED_EDGE('',*,*,#1060,.F.);
#1499=ORIENTED_EDGE('',*,*,#1061,.F.);
#1500=ORIENTED_EDGE('',*,*,#1062,.F.);
#1501=ORIENTED_EDGE('',*,*,#1063,.F.);
#1502=ORIENTED_EDGE('',*,*,#1064,.T.);
#1503=ORIENTED_EDGE('',*,*,#1065,.T.);
#1504=ORIENTED_EDGE('',*,*,#1066,.T.);
#1505=ORIENTED_EDGE('',*,*,#1067,.T.);
#1506=ORIENTED_EDGE('',*,*,#1068,.T.);
#1507=ORIENTED_EDGE('',*,*,#1069,.T.);
#1508=ORIENTED_EDGE('',*,*,#1070,.T.);
#1509=ORIENTED_EDGE('',*,*,#1071,.T.);
#1510=ORIENTED_EDGE('',*,*,#1063,.T.);
#1511=ORIENTED_EDGE('',*,*,#1072,.F.);
#1512=ORIENTED_EDGE('',*,*,#1070,.F.);
#1513=ORIENTED_EDGE('',*,*,#1064,.F.);
#1514=ORIENTED_EDGE('',*,*,#1072,.T.);
#1515=ORIENTED_EDGE('',*,*,#1062,.T.);
#1516=ORIENTED_EDGE('',*,*,#1073,.F.);
#1517=ORIENTED_EDGE('',*,*,#1065,.F.);
#1518=ORIENTED_EDGE('',*,*,#1073,.T.);
#1519=ORIENTED_EDGE('',*,*,#1061,.T.);
#1520=ORIENTED_EDGE('',*,*,#1074,.F.);
#1521=ORIENTED_EDGE('',*,*,#1066,.F.);
#1522=ORIENTED_EDGE('',*,*,#1074,.T.);
#1523=ORIENTED_EDGE('',*,*,#1060,.T.);
#1524=ORIENTED_EDGE('',*,*,#1075,.F.);
#1525=ORIENTED_EDGE('',*,*,#1067,.F.);
#1526=ORIENTED_EDGE('',*,*,#1075,.T.);
#1527=ORIENTED_EDGE('',*,*,#1059,.T.);
#1528=ORIENTED_EDGE('',*,*,#1076,.F.);
#1529=ORIENTED_EDGE('',*,*,#1068,.F.);
#1530=ORIENTED_EDGE('',*,*,#1076,.T.);
#1531=ORIENTED_EDGE('',*,*,#1058,.T.);
#1532=ORIENTED_EDGE('',*,*,#1077,.F.);
#1533=ORIENTED_EDGE('',*,*,#1069,.F.);
#1534=ORIENTED_EDGE('',*,*,#1077,.T.);
#1535=ORIENTED_EDGE('',*,*,#1057,.T.);
#1536=ORIENTED_EDGE('',*,*,#1071,.F.);
#1537=ORIENTED_EDGE('',*,*,#1078,.F.);
#1538=ORIENTED_EDGE('',*,*,#1079,.F.);
#1539=ORIENTED_EDGE('',*,*,#1080,.F.);
#1540=ORIENTED_EDGE('',*,*,#1081,.F.);
#1541=ORIENTED_EDGE('',*,*,#1082,.F.);
#1542=ORIENTED_EDGE('',*,*,#1083,.F.);
#1543=ORIENTED_EDGE('',*,*,#1084,.F.);
#1544=ORIENTED_EDGE('',*,*,#1085,.T.);
#1545=ORIENTED_EDGE('',*,*,#1086,.T.);
#1546=ORIENTED_EDGE('',*,*,#1087,.T.);
#1547=ORIENTED_EDGE('',*,*,#1088,.T.);
#1548=ORIENTED_EDGE('',*,*,#1089,.T.);
#1549=ORIENTED_EDGE('',*,*,#1090,.T.);
#1550=ORIENTED_EDGE('',*,*,#1091,.T.);
#1551=ORIENTED_EDGE('',*,*,#1092,.T.);
#1552=ORIENTED_EDGE('',*,*,#1084,.T.);
#1553=ORIENTED_EDGE('',*,*,#1093,.F.);
#1554=ORIENTED_EDGE('',*,*,#1091,.F.);
#1555=ORIENTED_EDGE('',*,*,#1085,.F.);
#1556=ORIENTED_EDGE('',*,*,#1093,.T.);
#1557=ORIENTED_EDGE('',*,*,#1083,.T.);
#1558=ORIENTED_EDGE('',*,*,#1094,.F.);
#1559=ORIENTED_EDGE('',*,*,#1086,.F.);
#1560=ORIENTED_EDGE('',*,*,#1094,.T.);
#1561=ORIENTED_EDGE('',*,*,#1082,.T.);
#1562=ORIENTED_EDGE('',*,*,#1095,.F.);
#1563=ORIENTED_EDGE('',*,*,#1087,.F.);
#1564=ORIENTED_EDGE('',*,*,#1095,.T.);
#1565=ORIENTED_EDGE('',*,*,#1081,.T.);
#1566=ORIENTED_EDGE('',*,*,#1096,.F.);
#1567=ORIENTED_EDGE('',*,*,#1088,.F.);
#1568=ORIENTED_EDGE('',*,*,#1096,.T.);
#1569=ORIENTED_EDGE('',*,*,#1080,.T.);
#1570=ORIENTED_EDGE('',*,*,#1097,.F.);
#1571=ORIENTED_EDGE('',*,*,#1089,.F.);
#1572=ORIENTED_EDGE('',*,*,#1097,.T.);
#1573=ORIENTED_EDGE('',*,*,#1079,.T.);
#1574=ORIENTED_EDGE('',*,*,#1098,.F.);
#1575=ORIENTED_EDGE('',*,*,#1090,.F.);
#1576=ORIENTED_EDGE('',*,*,#1098,.T.);
#1577=ORIENTED_EDGE('',*,*,#1078,.T.);
#1578=ORIENTED_EDGE('',*,*,#1092,.F.);
#1579=PLANE('',#1785);
#1580=PLANE('',#1786);
#1581=PLANE('',#1787);
#1582=PLANE('',#1788);
#1583=PLANE('',#1789);
#1584=PLANE('',#1790);
#1585=PLANE('',#1791);
#1586=PLANE('',#1792);
#1587=PLANE('',#1793);
#1588=PLANE('',#1794);
#1589=PLANE('',#1795);
#1590=PLANE('',#1796);
#1591=PLANE('',#1797);
#1592=PLANE('',#1798);
#1593=PLANE('',#1799);
#1594=PLANE('',#1800);
#1595=PLANE('',#1801);
#1596=PLANE('',#1802);
#1597=PLANE('',#1803);
#1598=PLANE('',#1804);
#1599=PLANE('',#1805);
#1600=PLANE('',#1806);
#1601=PLANE('',#1807);
#1602=PLANE('',#1808);
#1603=PLANE('',#1809);
#1604=PLANE('',#1810);
#1605=PLANE('',#1811);
#1606=PLANE('',#1812);
#1607=PLANE('',#1813);
#1608=PLANE('',#1814);
#1609=PLANE('',#1815);
#1610=PLANE('',#1816);
#1611=PLANE('',#1817);
#1612=PLANE('',#1818);
#1613=PLANE('',#1819);
#1614=PLANE('',#1820);
#1615=PLANE('',#1821);
#1616=PLANE('',#1822);
#1617=PLANE('',#1823);
#1618=PLANE('',#1824);
#1619=PLANE('',#1825);
#1620=PLANE('',#1826);
#1621=PLANE('',#1827);
#1622=PLANE('',#1828);
#1623=PLANE('',#1829);
#1624=PLANE('',#1830);
#1625=PLANE('',#1831);
#1626=PLANE('',#1832);
#1627=PLANE('',#1833);
#1628=PLANE('',#1834);
#1629=PLANE('',#1835);
#1630=PLANE('',#1836);
#1631=PLANE('',#1837);
#1632=PLANE('',#1838);
#1633=PLANE('',#1839);
#1634=PLANE('',#1840);
#1635=PLANE('',#1841);
#1636=PLANE('',#1842);
#1637=PLANE('',#1843);
#1638=PLANE('',#1844);
#1639=PLANE('',#1845);
#1640=PLANE('',#1846);
#1641=PLANE('',#1847);
#1642=PLANE('',#1848);
#1643=PLANE('',#1849);
#1644=PLANE('',#1850);
#1645=PLANE('',#1851);
#1646=PLANE('',#1852);
#1647=PLANE('',#1853);
#1648=PLANE('',#1854);
#1649=PLANE('',#1855);
#1650=PLANE('',#1856);
#1651=PLANE('',#1857);
#1652=PLANE('',#1858);
#1653=ADVANCED_FACE('',(#135),#1579,.T.);
#1654=ADVANCED_FACE('',(#136),#1580,.T.);
#1655=ADVANCED_FACE('',(#137),#1581,.T.);
#1656=ADVANCED_FACE('',(#138),#1582,.T.);
#1657=ADVANCED_FACE('',(#139),#1583,.T.);
#1658=ADVANCED_FACE('',(#140),#1584,.T.);
#1659=ADVANCED_FACE('',(#141),#1585,.T.);
#1660=ADVANCED_FACE('',(#142),#1586,.T.);
#1661=ADVANCED_FACE('',(#143),#49,.F.);
#1662=ADVANCED_FACE('',(#144),#1587,.T.);
#1663=ADVANCED_FACE('',(#145),#1588,.T.);
#1664=ADVANCED_FACE('',(#146),#1589,.T.);
#1665=ADVANCED_FACE('',(#147),#50,.F.);
#1666=ADVANCED_FACE('',(#148),#1590,.T.);
#1667=ADVANCED_FACE('',(#149),#1591,.T.);
#1668=ADVANCED_FACE('',(#150),#1592,.T.);
#1669=ADVANCED_FACE('',(#151),#1593,.T.);
#1670=ADVANCED_FACE('',(#152),#1594,.T.);
#1671=ADVANCED_FACE('',(#153),#51,.T.);
#1672=ADVANCED_FACE('',(#154),#1595,.T.);
#1673=ADVANCED_FACE('',(#155),#1596,.T.);
#1674=ADVANCED_FACE('',(#156),#1597,.T.);
#1675=ADVANCED_FACE('',(#157),#52,.T.);
#1676=ADVANCED_FACE('',(#158),#1598,.T.);
#1677=ADVANCED_FACE('',(#159),#1599,.T.);
#1678=ADVANCED_FACE('',(#160),#1600,.T.);
#1679=ADVANCED_FACE('',(#161),#1601,.T.);
#1680=ADVANCED_FACE('',(#162),#1602,.T.);
#1681=ADVANCED_FACE('',(#163),#13,.F.);
#1682=ADVANCED_FACE('',(#164),#14,.F.);
#1683=ADVANCED_FACE('',(#165),#1603,.T.);
#1684=ADVANCED_FACE('',(#166),#1604,.T.);
#1685=ADVANCED_FACE('',(#167),#1605,.T.);
#1686=ADVANCED_FACE('',(#168),#15,.F.);
#1687=ADVANCED_FACE('',(#169),#53,.F.);
#1688=ADVANCED_FACE('',(#170),#1606,.T.);
#1689=ADVANCED_FACE('',(#171),#54,.F.);
#1690=ADVANCED_FACE('',(#172),#1607,.T.);
#1691=ADVANCED_FACE('',(#173),#1608,.T.);
#1692=ADVANCED_FACE('',(#174),#1609,.T.);
#1693=ADVANCED_FACE('',(#175),#1610,.T.);
#1694=ADVANCED_FACE('',(#176),#1611,.T.);
#1695=ADVANCED_FACE('',(#177),#16,.F.);
#1696=ADVANCED_FACE('',(#178),#55,.F.);
#1697=ADVANCED_FACE('',(#179),#1612,.T.);
#1698=ADVANCED_FACE('',(#180),#56,.F.);
#1699=ADVANCED_FACE('',(#181),#1613,.T.);
#1700=ADVANCED_FACE('',(#182),#1614,.T.);
#1701=ADVANCED_FACE('',(#183),#1615,.T.);
#1702=ADVANCED_FACE('',(#184),#1616,.T.);
#1703=ADVANCED_FACE('',(#185),#1617,.T.);
#1704=ADVANCED_FACE('',(#186),#17,.T.);
#1705=ADVANCED_FACE('',(#187),#57,.T.);
#1706=ADVANCED_FACE('',(#188),#1618,.T.);
#1707=ADVANCED_FACE('',(#189),#58,.T.);
#1708=ADVANCED_FACE('',(#190),#1619,.T.);
#1709=ADVANCED_FACE('',(#191),#1620,.T.);
#1710=ADVANCED_FACE('',(#192),#1621,.T.);
#1711=ADVANCED_FACE('',(#193),#1622,.T.);
#1712=ADVANCED_FACE('',(#194),#1623,.T.);
#1713=ADVANCED_FACE('',(#195),#18,.T.);
#1714=ADVANCED_FACE('',(#196),#59,.T.);
#1715=ADVANCED_FACE('',(#197),#1624,.T.);
#1716=ADVANCED_FACE('',(#198),#60,.T.);
#1717=ADVANCED_FACE('',(#199),#1625,.T.);
#1718=ADVANCED_FACE('',(#200),#1626,.T.);
#1719=ADVANCED_FACE('',(#201),#1627,.T.);
#1720=ADVANCED_FACE('',(#202),#1628,.T.);
#1721=ADVANCED_FACE('',(#203),#19,.T.);
#1722=ADVANCED_FACE('',(#204),#20,.T.);
#1723=ADVANCED_FACE('',(#205),#1629,.T.);
#1724=ADVANCED_FACE('',(#206),#1630,.T.);
#1725=ADVANCED_FACE('',(#207),#1631,.T.);
#1726=ADVANCED_FACE('',(#208),#21,.T.);
#1727=ADVANCED_FACE('',(#209),#61,.T.);
#1728=ADVANCED_FACE('',(#210),#1632,.T.);
#1729=ADVANCED_FACE('',(#211),#62,.T.);
#1730=ADVANCED_FACE('',(#212),#1633,.T.);
#1731=ADVANCED_FACE('',(#213),#1634,.T.);
#1732=ADVANCED_FACE('',(#214),#1635,.T.);
#1733=ADVANCED_FACE('',(#215),#1636,.T.);
#1734=ADVANCED_FACE('',(#216),#1637,.T.);
#1735=ADVANCED_FACE('',(#217),#22,.T.);
#1736=ADVANCED_FACE('',(#218),#63,.T.);
#1737=ADVANCED_FACE('',(#219),#1638,.T.);
#1738=ADVANCED_FACE('',(#220),#64,.T.);
#1739=ADVANCED_FACE('',(#221),#1639,.T.);
#1740=ADVANCED_FACE('',(#222),#1640,.T.);
#1741=ADVANCED_FACE('',(#223),#1641,.T.);
#1742=ADVANCED_FACE('',(#224),#1642,.T.);
#1743=ADVANCED_FACE('',(#225),#1643,.T.);
#1744=ADVANCED_FACE('',(#226),#23,.F.);
#1745=ADVANCED_FACE('',(#227),#65,.F.);
#1746=ADVANCED_FACE('',(#228),#1644,.T.);
#1747=ADVANCED_FACE('',(#229),#66,.F.);
#1748=ADVANCED_FACE('',(#230),#1645,.T.);
#1749=ADVANCED_FACE('',(#231),#1646,.T.);
#1750=ADVANCED_FACE('',(#232),#1647,.T.);
#1751=ADVANCED_FACE('',(#233),#1648,.T.);
#1752=ADVANCED_FACE('',(#234),#1649,.T.);
#1753=ADVANCED_FACE('',(#235),#24,.F.);
#1754=ADVANCED_FACE('',(#236),#67,.F.);
#1755=ADVANCED_FACE('',(#237),#1650,.T.);
#1756=ADVANCED_FACE('',(#238),#68,.F.);
#1757=ADVANCED_FACE('',(#239),#1651,.T.);
#1758=ADVANCED_FACE('',(#240),#1652,.T.);
#1759=CLOSED_SHELL('',(#1653,#1654,#1655,#1656,#1657,#1658));
#1760=CLOSED_SHELL('',(#1659,#1660,#1661,#1662,#1663,#1664,#1665,#1666,
#1667,#1668));
#1761=CLOSED_SHELL('',(#1669,#1670,#1671,#1672,#1673,#1674,#1675,#1676,
#1677,#1678));
#1762=CLOSED_SHELL('',(#1679,#1680,#1681,#1682));
#1763=CLOSED_SHELL('',(#1683,#1684,#1685,#1686,#1687,#1688,#1689,#1690,
#1691));
#1764=CLOSED_SHELL('',(#1692,#1693,#1694,#1695,#1696,#1697,#1698,#1699,
#1700));
#1765=CLOSED_SHELL('',(#1701,#1702,#1703,#1704,#1705,#1706,#1707,#1708,
#1709));
#1766=CLOSED_SHELL('',(#1710,#1711,#1712,#1713,#1714,#1715,#1716,#1717,
#1718));
#1767=CLOSED_SHELL('',(#1719,#1720,#1721,#1722));
#1768=CLOSED_SHELL('',(#1723,#1724,#1725,#1726,#1727,#1728,#1729,#1730,
#1731));
#1769=CLOSED_SHELL('',(#1732,#1733,#1734,#1735,#1736,#1737,#1738,#1739,
#1740));
#1770=CLOSED_SHELL('',(#1741,#1742,#1743,#1744,#1745,#1746,#1747,#1748,
#1749));
#1771=CLOSED_SHELL('',(#1750,#1751,#1752,#1753,#1754,#1755,#1756,#1757,
#1758));
#1772=DERIVED_UNIT_ELEMENT(#1774,1.);
#1773=DERIVED_UNIT_ELEMENT(#10679,-3.);
#1774=(
MASS_UNIT()
NAMED_UNIT(*)
SI_UNIT(.KILO.,.GRAM.)
);
#1775=DERIVED_UNIT((#1772,#1773));
#1776=MEASURE_REPRESENTATION_ITEM('density measure',
POSITIVE_RATIO_MEASURE(7850.),#1775);
#1777=PROPERTY_DEFINITION_REPRESENTATION(#1782,#1779);
#1778=PROPERTY_DEFINITION_REPRESENTATION(#1783,#1780);
#1779=REPRESENTATION('material name',(#1781),#10676);
#1780=REPRESENTATION('density',(#1776),#10676);
#1781=DESCRIPTIVE_REPRESENTATION_ITEM('Steel','Steel');
#1782=PROPERTY_DEFINITION('material property','material name',#10686);
#1783=PROPERTY_DEFINITION('material property','density of part',#10686);
#1784=AXIS2_PLACEMENT_3D('',#2185,#1859,#1860);
#1785=AXIS2_PLACEMENT_3D('',#2186,#1861,#1862);
#1786=AXIS2_PLACEMENT_3D('',#2195,#1867,#1868);
#1787=AXIS2_PLACEMENT_3D('',#2204,#1873,#1874);
#1788=AXIS2_PLACEMENT_3D('',#2207,#1877,#1878);
#1789=AXIS2_PLACEMENT_3D('',#2209,#1880,#1881);
#1790=AXIS2_PLACEMENT_3D('',#2211,#1883,#1884);
#1791=AXIS2_PLACEMENT_3D('',#2212,#1885,#1886);
#1792=AXIS2_PLACEMENT_3D('',#2241,#1893,#1894);
#1793=AXIS2_PLACEMENT_3D('',#2286,#1903,#1904);
#1794=AXIS2_PLACEMENT_3D('',#2288,#1906,#1907);
#1795=AXIS2_PLACEMENT_3D('',#2290,#1909,#1910);
#1796=AXIS2_PLACEMENT_3D('',#2307,#1913,#1914);
#1797=AXIS2_PLACEMENT_3D('',#2309,#1916,#1917);
#1798=AXIS2_PLACEMENT_3D('',#2311,#1919,#1920);
#1799=AXIS2_PLACEMENT_3D('',#2312,#1921,#1922);
#1800=AXIS2_PLACEMENT_3D('',#2341,#1929,#1930);
#1801=AXIS2_PLACEMENT_3D('',#2386,#1939,#1940);
#1802=AXIS2_PLACEMENT_3D('',#2388,#1942,#1943);
#1803=AXIS2_PLACEMENT_3D('',#2390,#1945,#1946);
#1804=AXIS2_PLACEMENT_3D('',#2407,#1949,#1950);
#1805=AXIS2_PLACEMENT_3D('',#2409,#1952,#1953);
#1806=AXIS2_PLACEMENT_3D('',#2411,#1955,#1956);
#1807=AXIS2_PLACEMENT_3D('',#2412,#1957,#1958);
#1808=AXIS2_PLACEMENT_3D('',#2465,#1959,#1960);
#1809=AXIS2_PLACEMENT_3D('',#3439,#1963,#1964);
#1810=AXIS2_PLACEMENT_3D('',#3781,#1969,#1970);
#1811=AXIS2_PLACEMENT_3D('',#4120,#1975,#1976);
#1812=AXIS2_PLACEMENT_3D('',#4189,#1981,#1982);
#1813=AXIS2_PLACEMENT_3D('',#4212,#1985,#1986);
#1814=AXIS2_PLACEMENT_3D('',#4214,#1988,#1989);
#1815=AXIS2_PLACEMENT_3D('',#4215,#1990,#1991);
#1816=AXIS2_PLACEMENT_3D('',#4557,#1996,#1997);
#1817=AXIS2_PLACEMENT_3D('',#4896,#2002,#2003);
#1818=AXIS2_PLACEMENT_3D('',#4965,#2008,#2009);
#1819=AXIS2_PLACEMENT_3D('',#4988,#2012,#2013);
#1820=AXIS2_PLACEMENT_3D('',#4990,#2015,#2016);
#1821=AXIS2_PLACEMENT_3D('',#4991,#2017,#2018);
#1822=AXIS2_PLACEMENT_3D('',#5333,#2023,#2024);
#1823=AXIS2_PLACEMENT_3D('',#5672,#2029,#2030);
#1824=AXIS2_PLACEMENT_3D('',#5741,#2035,#2036);
#1825=AXIS2_PLACEMENT_3D('',#5764,#2039,#2040);
#1826=AXIS2_PLACEMENT_3D('',#5766,#2042,#2043);
#1827=AXIS2_PLACEMENT_3D('',#5767,#2044,#2045);
#1828=AXIS2_PLACEMENT_3D('',#6109,#2050,#2051);
#1829=AXIS2_PLACEMENT_3D('',#6448,#2056,#2057);
#1830=AXIS2_PLACEMENT_3D('',#6517,#2062,#2063);
#1831=AXIS2_PLACEMENT_3D('',#6540,#2066,#2067);
#1832=AXIS2_PLACEMENT_3D('',#6542,#2069,#2070);
#1833=AXIS2_PLACEMENT_3D('',#6543,#2071,#2072);
#1834=AXIS2_PLACEMENT_3D('',#6596,#2073,#2074);
#1835=AXIS2_PLACEMENT_3D('',#7570,#2077,#2078);
#1836=AXIS2_PLACEMENT_3D('',#7912,#2083,#2084);
#1837=AXIS2_PLACEMENT_3D('',#8251,#2089,#2090);
#1838=AXIS2_PLACEMENT_3D('',#8320,#2095,#2096);
#1839=AXIS2_PLACEMENT_3D('',#8343,#2099,#2100);
#1840=AXIS2_PLACEMENT_3D('',#8345,#2102,#2103);
#1841=AXIS2_PLACEMENT_3D('',#8346,#2104,#2105);
#1842=AXIS2_PLACEMENT_3D('',#8688,#2110,#2111);
#1843=AXIS2_PLACEMENT_3D('',#9027,#2116,#2117);
#1844=AXIS2_PLACEMENT_3D('',#9096,#2122,#2123);
#1845=AXIS2_PLACEMENT_3D('',#9119,#2126,#2127);
#1846=AXIS2_PLACEMENT_3D('',#9121,#2129,#2130);
#1847=AXIS2_PLACEMENT_3D('',#9122,#2131,#2132);
#1848=AXIS2_PLACEMENT_3D('',#9464,#2137,#2138);
#1849=AXIS2_PLACEMENT_3D('',#9803,#2143,#2144);
#1850=AXIS2_PLACEMENT_3D('',#9872,#2149,#2150);
#1851=AXIS2_PLACEMENT_3D('',#9895,#2153,#2154);
#1852=AXIS2_PLACEMENT_3D('',#9897,#2156,#2157);
#1853=AXIS2_PLACEMENT_3D('',#9898,#2158,#2159);
#1854=AXIS2_PLACEMENT_3D('',#10240,#2164,#2165);
#1855=AXIS2_PLACEMENT_3D('',#10579,#2170,#2171);
#1856=AXIS2_PLACEMENT_3D('',#10648,#2176,#2177);
#1857=AXIS2_PLACEMENT_3D('',#10671,#2180,#2181);
#1858=AXIS2_PLACEMENT_3D('',#10673,#2183,#2184);
#1859=DIRECTION('axis',(0.,0.,1.));
#1860=DIRECTION('refdir',(1.,0.,0.));
#1861=DIRECTION('center_axis',(0.,1.,-2.22044604925031E-16));
#1862=DIRECTION('ref_axis',(-1.,0.,0.));
#1863=DIRECTION('',(-1.,0.,0.));
#1864=DIRECTION('',(0.,2.22044604925031E-16,1.));
#1865=DIRECTION('',(1.,0.,0.));
#1866=DIRECTION('',(0.,-2.22044604925031E-16,-1.));
#1867=DIRECTION('center_axis',(0.,-1.,2.22044604925031E-16));
#1868=DIRECTION('ref_axis',(1.,0.,0.));
#1869=DIRECTION('',(-1.,0.,0.));
#1870=DIRECTION('',(0.,-2.22044604925031E-16,-1.));
#1871=DIRECTION('',(1.,0.,0.));
#1872=DIRECTION('',(0.,2.22044604925031E-16,1.));
#1873=DIRECTION('center_axis',(-1.,0.,0.));
#1874=DIRECTION('ref_axis',(0.,-2.22044604925031E-16,-1.));
#1875=DIRECTION('',(0.,-1.,2.22044604925031E-16));
#1876=DIRECTION('',(0.,-1.,2.22044604925031E-16));
#1877=DIRECTION('center_axis',(0.,2.22044604925031E-16,1.));
#1878=DIRECTION('ref_axis',(0.,1.,-2.22044604925031E-16));
#1879=DIRECTION('',(0.,-1.,2.22044604925031E-16));
#1880=DIRECTION('center_axis',(1.,0.,0.));
#1881=DIRECTION('ref_axis',(0.,2.22044604925031E-16,1.));
#1882=DIRECTION('',(0.,-1.,2.22044604925031E-16));
#1883=DIRECTION('center_axis',(0.,-2.22044604925031E-16,-1.));
#1884=DIRECTION('ref_axis',(0.,-1.,2.22044604925031E-16));
#1885=DIRECTION('center_axis',(0.,2.22044604925031E-16,1.));
#1886=DIRECTION('ref_axis',(0.,1.,-2.22044604925031E-16));
#1887=DIRECTION('',(0.,-1.,2.22044604925031E-16));
#1888=DIRECTION('',(1.,0.,0.));
#1889=DIRECTION('',(0.,1.,-2.22044604925031E-16));
#1890=DIRECTION('',(0.,1.,-2.22044604925031E-16));
#1891=DIRECTION('',(-1.,0.,0.));
#1892=DIRECTION('',(0.,-1.,2.22044604925031E-16));
#1893=DIRECTION('center_axis',(0.,-2.22044604925031E-16,-1.));
#1894=DIRECTION('ref_axis',(0.,-1.,2.22044604925031E-16));
#1895=DIRECTION('',(0.,1.,-2.22044604925031E-16));
#1896=DIRECTION('',(1.,0.,0.));
#1897=DIRECTION('',(0.,-1.,2.22044604925031E-16));
#1898=DIRECTION('',(0.,-1.,2.22044604925031E-16));
#1899=DIRECTION('',(-1.,0.,0.));
#1900=DIRECTION('',(0.,1.,-2.22044604925031E-16));
#1901=DIRECTION('',(0.,2.22044604925031E-16,1.));
#1902=DIRECTION('',(0.,2.22044604925031E-16,1.));
#1903=DIRECTION('center_axis',(1.,0.,0.));
#1904=DIRECTION('ref_axis',(0.,2.22044604925031E-16,1.));
#1905=DIRECTION('',(0.,2.22044604925031E-16,1.));
#1906=DIRECTION('center_axis',(0.,-1.,2.22044604925031E-16));
#1907=DIRECTION('ref_axis',(1.,0.,0.));
#1908=DIRECTION('',(0.,2.22044604925031E-16,1.));
#1909=DIRECTION('center_axis',(-1.,0.,0.));
#1910=DIRECTION('ref_axis',(0.,-2.22044604925031E-16,-1.));
#1911=DIRECTION('',(0.,2.22044604925031E-16,1.));
#1912=DIRECTION('',(0.,2.22044604925031E-16,1.));
#1913=DIRECTION('center_axis',(-1.,0.,0.));
#1914=DIRECTION('ref_axis',(0.,-2.22044604925031E-16,-1.));
#1915=DIRECTION('',(0.,2.22044604925031E-16,1.));
#1916=DIRECTION('center_axis',(0.,1.,-2.22044604925031E-16));
#1917=DIRECTION('ref_axis',(-1.,0.,0.));
#1918=DIRECTION('',(0.,2.22044604925031E-16,1.));
#1919=DIRECTION('center_axis',(1.,0.,0.));
#1920=DIRECTION('ref_axis',(0.,2.22044604925031E-16,1.));
#1921=DIRECTION('center_axis',(0.,-2.22044604925031E-16,-1.));
#1922=DIRECTION('ref_axis',(0.,-1.,2.22044604925031E-16));
#1923=DIRECTION('',(0.,-1.,2.22044604925031E-16));
#1924=DIRECTION('',(-1.,0.,0.));
#1925=DIRECTION('',(0.,1.,-2.22044604925031E-16));
#1926=DIRECTION('',(0.,1.,-2.22044604925031E-16));
#1927=DIRECTION('',(1.,0.,0.));
#1928=DIRECTION('',(0.,-1.,2.22044604925031E-16));
#1929=DIRECTION('center_axis',(0.,2.22044604925031E-16,1.));
#1930=DIRECTION('ref_axis',(0.,1.,-2.22044604925031E-16));
#1931=DIRECTION('',(0.,1.,-2.22044604925031E-16));
#1932=DIRECTION('',(-1.,0.,0.));
#1933=DIRECTION('',(0.,-1.,2.22044604925031E-16));
#1934=DIRECTION('',(0.,-1.,2.22044604925031E-16));
#1935=DIRECTION('',(1.,0.,0.));
#1936=DIRECTION('',(0.,1.,-2.22044604925031E-16));
#1937=DIRECTION('',(0.,-2.22044604925031E-16,-1.));
#1938=DIRECTION('',(0.,-2.22044604925031E-16,-1.));
#1939=DIRECTION('center_axis',(1.,0.,0.));
#1940=DIRECTION('ref_axis',(0.,2.22044604925031E-16,1.));
#1941=DIRECTION('',(0.,-2.22044604925031E-16,-1.));
#1942=DIRECTION('center_axis',(0.,-1.,2.22044604925031E-16));
#1943=DIRECTION('ref_axis',(1.,0.,0.));
#1944=DIRECTION('',(0.,-2.22044604925031E-16,-1.));
#1945=DIRECTION('center_axis',(-1.,0.,0.));
#1946=DIRECTION('ref_axis',(0.,-2.22044604925031E-16,-1.));
#1947=DIRECTION('',(0.,-2.22044604925031E-16,-1.));
#1948=DIRECTION('',(0.,-2.22044604925031E-16,-1.));
#1949=DIRECTION('center_axis',(-1.,0.,0.));
#1950=DIRECTION('ref_axis',(0.,-2.22044604925031E-16,-1.));
#1951=DIRECTION('',(0.,-2.22044604925031E-16,-1.));
#1952=DIRECTION('center_axis',(0.,1.,-2.22044604925031E-16));
#1953=DIRECTION('ref_axis',(-1.,0.,0.));
#1954=DIRECTION('',(0.,-2.22044604925031E-16,-1.));
#1955=DIRECTION('center_axis',(1.,0.,0.));
#1956=DIRECTION('ref_axis',(0.,2.22044604925031E-16,1.));
#1957=DIRECTION('center_axis',(-1.,0.,0.));
#1958=DIRECTION('ref_axis',(0.,-2.22044604925031E-16,-1.));
#1959=DIRECTION('center_axis',(1.,0.,0.));
#1960=DIRECTION('ref_axis',(0.,2.22044604925031E-16,1.));
#1961=DIRECTION('',(-1.,0.,0.));
#1962=DIRECTION('',(-1.,0.,0.));
#1963=DIRECTION('center_axis',(-1.,0.,0.));
#1964=DIRECTION('ref_axis',(0.,-2.22044604925031E-16,-1.));
#1965=DIRECTION('',(0.,-1.,2.22044604925031E-16));
#1966=DIRECTION('',(0.,2.22044604925031E-16,1.));
#1967=DIRECTION('',(0.,2.22044604925031E-16,1.));
#1968=DIRECTION('',(0.,-2.22044604925031E-16,-1.));
#1969=DIRECTION('center_axis',(1.,0.,0.));
#1970=DIRECTION('ref_axis',(0.,2.22044604925031E-16,1.));
#1971=DIRECTION('',(0.,2.22044604925031E-16,1.));
#1972=DIRECTION('',(0.,2.22044604925031E-16,1.));
#1973=DIRECTION('',(0.,-1.,2.22044604925031E-16));
#1974=DIRECTION('',(0.,-2.22044604925031E-16,-1.));
#1975=DIRECTION('center_axis',(0.,-1.,2.22044604925031E-16));
#1976=DIRECTION('ref_axis',(1.,0.,0.));
#1977=DIRECTION('',(-1.,0.,0.));
#1978=DIRECTION('',(-1.,0.,0.));
#1979=DIRECTION('',(-1.,0.,0.));
#1980=DIRECTION('',(-1.,0.,0.));
#1981=DIRECTION('center_axis',(0.,1.,-2.22044604925031E-16));
#1982=DIRECTION('ref_axis',(-1.,0.,0.));
#1983=DIRECTION('',(-1.,0.,0.));
#1984=DIRECTION('',(-1.,0.,0.));
#1985=DIRECTION('center_axis',(0.,1.,-2.22044604925031E-16));
#1986=DIRECTION('ref_axis',(-1.,0.,0.));
#1987=DIRECTION('',(-1.,0.,0.));
#1988=DIRECTION('center_axis',(0.,2.22044604925031E-16,1.));
#1989=DIRECTION('ref_axis',(0.,1.,-2.22044604925031E-16));
#1990=DIRECTION('center_axis',(-1.,0.,0.));
#1991=DIRECTION('ref_axis',(0.,-2.22044604925031E-16,-1.));
#1992=DIRECTION('',(0.,-1.,2.22044604925031E-16));
#1993=DIRECTION('',(0.,2.22044604925031E-16,1.));
#1994=DIRECTION('',(0.,2.22044604925031E-16,1.));
#1995=DIRECTION('',(0.,-2.22044604925031E-16,-1.));
#1996=DIRECTION('center_axis',(1.,0.,0.));
#1997=DIRECTION('ref_axis',(0.,2.22044604925031E-16,1.));
#1998=DIRECTION('',(0.,2.22044604925031E-16,1.));
#1999=DIRECTION('',(0.,2.22044604925031E-16,1.));
#2000=DIRECTION('',(0.,-1.,2.22044604925031E-16));
#2001=DIRECTION('',(0.,-2.22044604925031E-16,-1.));
#2002=DIRECTION('center_axis',(0.,-1.,2.22044604925031E-16));
#2003=DIRECTION('ref_axis',(1.,0.,0.));
#2004=DIRECTION('',(-1.,0.,0.));
#2005=DIRECTION('',(-1.,0.,0.));
#2006=DIRECTION('',(-1.,0.,0.));
#2007=DIRECTION('',(-1.,0.,0.));
#2008=DIRECTION('center_axis',(0.,1.,-2.22044604925031E-16));
#2009=DIRECTION('ref_axis',(-1.,0.,0.));
#2010=DIRECTION('',(-1.,0.,0.));
#2011=DIRECTION('',(-1.,0.,0.));
#2012=DIRECTION('center_axis',(0.,1.,-2.22044604925031E-16));
#2013=DIRECTION('ref_axis',(-1.,0.,0.));
#2014=DIRECTION('',(-1.,0.,0.));
#2015=DIRECTION('center_axis',(0.,2.22044604925031E-16,1.));
#2016=DIRECTION('ref_axis',(0.,1.,-2.22044604925031E-16));
#2017=DIRECTION('center_axis',(-1.,0.,0.));
#2018=DIRECTION('ref_axis',(0.,-2.22044604925031E-16,-1.));
#2019=DIRECTION('',(0.,2.22044604925031E-16,1.));
#2020=DIRECTION('',(0.,-2.22044604925031E-16,-1.));
#2021=DIRECTION('',(0.,-2.22044604925031E-16,-1.));
#2022=DIRECTION('',(0.,-1.,2.22044604925031E-16));
#2023=DIRECTION('center_axis',(1.,0.,0.));
#2024=DIRECTION('ref_axis',(0.,2.22044604925031E-16,1.));
#2025=DIRECTION('',(0.,2.22044604925031E-16,1.));
#2026=DIRECTION('',(0.,-1.,2.22044604925031E-16));
#2027=DIRECTION('',(0.,-2.22044604925031E-16,-1.));
#2028=DIRECTION('',(0.,-2.22044604925031E-16,-1.));
#2029=DIRECTION('center_axis',(0.,-1.,2.22044604925031E-16));
#2030=DIRECTION('ref_axis',(1.,0.,0.));
#2031=DIRECTION('',(-1.,0.,0.));
#2032=DIRECTION('',(-1.,0.,0.));
#2033=DIRECTION('',(-1.,0.,0.));
#2034=DIRECTION('',(-1.,0.,0.));
#2035=DIRECTION('center_axis',(0.,1.,-2.22044604925031E-16));
#2036=DIRECTION('ref_axis',(-1.,0.,0.));
#2037=DIRECTION('',(-1.,0.,0.));
#2038=DIRECTION('',(-1.,0.,0.));
#2039=DIRECTION('center_axis',(0.,1.,-2.22044604925031E-16));
#2040=DIRECTION('ref_axis',(-1.,0.,0.));
#2041=DIRECTION('',(-1.,0.,0.));
#2042=DIRECTION('center_axis',(0.,-2.22044604925031E-16,-1.));
#2043=DIRECTION('ref_axis',(0.,-1.,2.22044604925031E-16));
#2044=DIRECTION('center_axis',(-1.,0.,0.));
#2045=DIRECTION('ref_axis',(0.,-2.22044604925031E-16,-1.));
#2046=DIRECTION('',(0.,2.22044604925031E-16,1.));
#2047=DIRECTION('',(0.,-2.22044604925031E-16,-1.));
#2048=DIRECTION('',(0.,-2.22044604925031E-16,-1.));
#2049=DIRECTION('',(0.,-1.,2.22044604925031E-16));
#2050=DIRECTION('center_axis',(1.,0.,0.));
#2051=DIRECTION('ref_axis',(0.,2.22044604925031E-16,1.));
#2052=DIRECTION('',(0.,2.22044604925031E-16,1.));
#2053=DIRECTION('',(0.,-1.,2.22044604925031E-16));
#2054=DIRECTION('',(0.,-2.22044604925031E-16,-1.));
#2055=DIRECTION('',(0.,-2.22044604925031E-16,-1.));
#2056=DIRECTION('center_axis',(0.,-1.,2.22044604925031E-16));
#2057=DIRECTION('ref_axis',(1.,0.,0.));
#2058=DIRECTION('',(-1.,0.,0.));
#2059=DIRECTION('',(-1.,0.,0.));
#2060=DIRECTION('',(-1.,0.,0.));
#2061=DIRECTION('',(-1.,0.,0.));
#2062=DIRECTION('center_axis',(0.,1.,-2.22044604925031E-16));
#2063=DIRECTION('ref_axis',(-1.,0.,0.));
#2064=DIRECTION('',(-1.,0.,0.));
#2065=DIRECTION('',(-1.,0.,0.));
#2066=DIRECTION('center_axis',(0.,1.,-2.22044604925031E-16));
#2067=DIRECTION('ref_axis',(-1.,0.,0.));
#2068=DIRECTION('',(-1.,0.,0.));
#2069=DIRECTION('center_axis',(0.,-2.22044604925031E-16,-1.));
#2070=DIRECTION('ref_axis',(0.,-1.,2.22044604925031E-16));
#2071=DIRECTION('center_axis',(1.,0.,0.));
#2072=DIRECTION('ref_axis',(0.,2.22044604925031E-16,1.));
#2073=DIRECTION('center_axis',(-1.,0.,0.));
#2074=DIRECTION('ref_axis',(0.,-2.22044604925031E-16,-1.));
#2075=DIRECTION('',(1.,0.,0.));
#2076=DIRECTION('',(1.,0.,0.));
#2077=DIRECTION('center_axis',(1.,0.,0.));
#2078=DIRECTION('ref_axis',(0.,2.22044604925031E-16,1.));
#2079=DIRECTION('',(0.,-2.22044604925031E-16,-1.));
#2080=DIRECTION('',(0.,2.22044604925031E-16,1.));
#2081=DIRECTION('',(0.,2.22044604925031E-16,1.));
#2082=DIRECTION('',(0.,-1.,2.22044604925031E-16));
#2083=DIRECTION('center_axis',(-1.,0.,0.));
#2084=DIRECTION('ref_axis',(0.,-2.22044604925031E-16,-1.));
#2085=DIRECTION('',(0.,-2.22044604925031E-16,-1.));
#2086=DIRECTION('',(0.,-1.,2.22044604925031E-16));
#2087=DIRECTION('',(0.,2.22044604925031E-16,1.));
#2088=DIRECTION('',(0.,2.22044604925031E-16,1.));
#2089=DIRECTION('center_axis',(0.,-1.,2.22044604925031E-16));
#2090=DIRECTION('ref_axis',(1.,0.,0.));
#2091=DIRECTION('',(1.,0.,0.));
#2092=DIRECTION('',(1.,0.,0.));
#2093=DIRECTION('',(1.,0.,0.));
#2094=DIRECTION('',(1.,0.,0.));
#2095=DIRECTION('center_axis',(0.,1.,-2.22044604925031E-16));
#2096=DIRECTION('ref_axis',(-1.,0.,0.));
#2097=DIRECTION('',(1.,0.,0.));
#2098=DIRECTION('',(1.,0.,0.));
#2099=DIRECTION('center_axis',(0.,1.,-2.22044604925031E-16));
#2100=DIRECTION('ref_axis',(-1.,0.,0.));
#2101=DIRECTION('',(1.,0.,0.));
#2102=DIRECTION('center_axis',(0.,2.22044604925031E-16,1.));
#2103=DIRECTION('ref_axis',(0.,1.,-2.22044604925031E-16));
#2104=DIRECTION('center_axis',(1.,0.,0.));
#2105=DIRECTION('ref_axis',(0.,2.22044604925031E-16,1.));
#2106=DIRECTION('',(0.,-2.22044604925031E-16,-1.));
#2107=DIRECTION('',(0.,2.22044604925031E-16,1.));
#2108=DIRECTION('',(0.,2.22044604925031E-16,1.));
#2109=DIRECTION('',(0.,-1.,2.22044604925031E-16));
#2110=DIRECTION('center_axis',(-1.,0.,0.));
#2111=DIRECTION('ref_axis',(0.,-2.22044604925031E-16,-1.));
#2112=DIRECTION('',(0.,-2.22044604925031E-16,-1.));
#2113=DIRECTION('',(0.,-1.,2.22044604925031E-16));
#2114=DIRECTION('',(0.,2.22044604925031E-16,1.));
#2115=DIRECTION('',(0.,2.22044604925031E-16,1.));
#2116=DIRECTION('center_axis',(0.,-1.,2.22044604925031E-16));
#2117=DIRECTION('ref_axis',(1.,0.,0.));
#2118=DIRECTION('',(1.,0.,0.));
#2119=DIRECTION('',(1.,0.,0.));
#2120=DIRECTION('',(1.,0.,0.));
#2121=DIRECTION('',(1.,0.,0.));
#2122=DIRECTION('center_axis',(0.,1.,-2.22044604925031E-16));
#2123=DIRECTION('ref_axis',(-1.,0.,0.));
#2124=DIRECTION('',(1.,0.,0.));
#2125=DIRECTION('',(1.,0.,0.));
#2126=DIRECTION('center_axis',(0.,1.,-2.22044604925031E-16));
#2127=DIRECTION('ref_axis',(-1.,0.,0.));
#2128=DIRECTION('',(1.,0.,0.));
#2129=DIRECTION('center_axis',(0.,2.22044604925031E-16,1.));
#2130=DIRECTION('ref_axis',(0.,1.,-2.22044604925031E-16));
#2131=DIRECTION('center_axis',(1.,0.,0.));
#2132=DIRECTION('ref_axis',(0.,2.22044604925031E-16,1.));
#2133=DIRECTION('',(0.,-1.,2.22044604925031E-16));
#2134=DIRECTION('',(0.,-2.22044604925031E-16,-1.));
#2135=DIRECTION('',(0.,-2.22044604925031E-16,-1.));
#2136=DIRECTION('',(0.,2.22044604925031E-16,1.));
#2137=DIRECTION('center_axis',(-1.,0.,0.));
#2138=DIRECTION('ref_axis',(0.,-2.22044604925031E-16,-1.));
#2139=DIRECTION('',(0.,-2.22044604925031E-16,-1.));
#2140=DIRECTION('',(0.,-2.22044604925031E-16,-1.));
#2141=DIRECTION('',(0.,-1.,2.22044604925031E-16));
#2142=DIRECTION('',(0.,2.22044604925031E-16,1.));
#2143=DIRECTION('center_axis',(0.,-1.,2.22044604925031E-16));
#2144=DIRECTION('ref_axis',(1.,0.,0.));
#2145=DIRECTION('',(1.,0.,0.));
#2146=DIRECTION('',(1.,0.,0.));
#2147=DIRECTION('',(1.,0.,0.));
#2148=DIRECTION('',(1.,0.,0.));
#2149=DIRECTION('center_axis',(0.,1.,-2.22044604925031E-16));
#2150=DIRECTION('ref_axis',(-1.,0.,0.));
#2151=DIRECTION('',(1.,0.,0.));
#2152=DIRECTION('',(1.,0.,0.));
#2153=DIRECTION('center_axis',(0.,1.,-2.22044604925031E-16));
#2154=DIRECTION('ref_axis',(-1.,0.,0.));
#2155=DIRECTION('',(1.,0.,0.));
#2156=DIRECTION('center_axis',(0.,-2.22044604925031E-16,-1.));
#2157=DIRECTION('ref_axis',(0.,-1.,2.22044604925031E-16));
#2158=DIRECTION('center_axis',(1.,0.,0.));
#2159=DIRECTION('ref_axis',(0.,2.22044604925031E-16,1.));
#2160=DIRECTION('',(0.,-1.,2.22044604925031E-16));
#2161=DIRECTION('',(0.,-2.22044604925031E-16,-1.));
#2162=DIRECTION('',(0.,-2.22044604925031E-16,-1.));
#2163=DIRECTION('',(0.,2.22044604925031E-16,1.));
#2164=DIRECTION('center_axis',(-1.,0.,0.));
#2165=DIRECTION('ref_axis',(0.,-2.22044604925031E-16,-1.));
#2166=DIRECTION('',(0.,-2.22044604925031E-16,-1.));
#2167=DIRECTION('',(0.,-2.22044604925031E-16,-1.));
#2168=DIRECTION('',(0.,-1.,2.22044604925031E-16));
#2169=DIRECTION('',(0.,2.22044604925031E-16,1.));
#2170=DIRECTION('center_axis',(0.,-1.,2.22044604925031E-16));
#2171=DIRECTION('ref_axis',(1.,0.,0.));
#2172=DIRECTION('',(1.,0.,0.));
#2173=DIRECTION('',(1.,0.,0.));
#2174=DIRECTION('',(1.,0.,0.));
#2175=DIRECTION('',(1.,0.,0.));
#2176=DIRECTION('center_axis',(0.,1.,-2.22044604925031E-16));
#2177=DIRECTION('ref_axis',(-1.,0.,0.));
#2178=DIRECTION('',(1.,0.,0.));
#2179=DIRECTION('',(1.,0.,0.));
#2180=DIRECTION('center_axis',(0.,1.,-2.22044604925031E-16));
#2181=DIRECTION('ref_axis',(-1.,0.,0.));
#2182=DIRECTION('',(1.,0.,0.));
#2183=DIRECTION('center_axis',(0.,-2.22044604925031E-16,-1.));
#2184=DIRECTION('ref_axis',(0.,-1.,2.22044604925031E-16));
#2185=CARTESIAN_POINT('',(0.,0.,0.));
#2186=CARTESIAN_POINT('Origin',(-520.404,387.626666666667,677.079333333333));
#2187=CARTESIAN_POINT('',(510.2,387.626666666667,1384.48333333333));
#2188=CARTESIAN_POINT('',(-510.2,387.626666666667,1384.48333333333));
#2189=CARTESIAN_POINT('',(510.2,387.626666666667,1384.48333333333));
#2190=CARTESIAN_POINT('',(510.2,387.626666666667,684.083333333333));
#2191=CARTESIAN_POINT('',(510.2,387.626666666667,684.083333333333));
#2192=CARTESIAN_POINT('',(-510.2,387.626666666667,684.083333333333));
#2193=CARTESIAN_POINT('',(-510.2,387.626666666667,684.083333333333));
#2194=CARTESIAN_POINT('',(-510.2,387.626666666667,1384.48333333333));
#2195=CARTESIAN_POINT('Origin',(-520.404,375.626666666667,1391.48733333333));
#2196=CARTESIAN_POINT('',(510.2,375.626666666667,684.083333333333));
#2197=CARTESIAN_POINT('',(-510.2,375.626666666667,684.083333333333));
#2198=CARTESIAN_POINT('',(510.2,375.626666666667,684.083333333333));
#2199=CARTESIAN_POINT('',(510.2,375.626666666667,1384.48333333333));
#2200=CARTESIAN_POINT('',(510.2,375.626666666667,1384.48333333333));
#2201=CARTESIAN_POINT('',(-510.2,375.626666666667,1384.48333333333));
#2202=CARTESIAN_POINT('',(-510.2,375.626666666667,1384.48333333333));
#2203=CARTESIAN_POINT('',(-510.2,375.626666666667,684.083333333333));
#2204=CARTESIAN_POINT('Origin',(-510.2,387.626666666667,684.083333333333));
#2205=CARTESIAN_POINT('',(-510.2,387.626666666667,684.083333333333));
#2206=CARTESIAN_POINT('',(-510.2,387.626666666667,1384.48333333333));
#2207=CARTESIAN_POINT('Origin',(-510.2,387.626666666667,1384.48333333333));
#2208=CARTESIAN_POINT('',(510.2,387.626666666667,1384.48333333333));
#2209=CARTESIAN_POINT('Origin',(510.2,387.626666666667,1384.48333333333));
#2210=CARTESIAN_POINT('',(510.2,387.626666666667,684.083333333333));
#2211=CARTESIAN_POINT('Origin',(510.2,387.626666666667,684.083333333333));
#2212=CARTESIAN_POINT('Origin',(-507.654,376.196666666667,702.583333333333));
#2213=CARTESIAN_POINT('',(497.7,375.616666666667,702.583333333333));
#2214=CARTESIAN_POINT('',(497.7,340.95,702.583333333333));
#2215=CARTESIAN_POINT('',(497.7,375.616666666667,702.583333333333));
#2216=CARTESIAN_POINT('',(-497.7,375.616666666667,702.583333333333));
#2217=CARTESIAN_POINT('',(-497.7,375.616666666667,702.583333333333));
#2218=CARTESIAN_POINT('',(-497.7,340.95,702.583333333333));
#2219=CARTESIAN_POINT('',(-497.7,340.95,702.583333333333));
#2220=CARTESIAN_POINT('',(-460.7,336.77,702.583333333333));
#2221=CARTESIAN_POINT('Ctrl Pts',(-460.7,336.77,702.583333333333));
#2222=CARTESIAN_POINT('Ctrl Pts',(-458.61,336.77,702.583333333333));
#2223=CARTESIAN_POINT('Ctrl Pts',(-458.61,338.86,702.583333333333));
#2224=CARTESIAN_POINT('Ctrl Pts',(-458.61,340.95,702.583333333333));
#2225=CARTESIAN_POINT('Ctrl Pts',(-460.7,340.95,702.583333333333));
#2226=CARTESIAN_POINT('Ctrl Pts',(-479.2,340.95,702.583333333333));
#2227=CARTESIAN_POINT('Ctrl Pts',(-497.7,340.95,702.583333333333));
#2228=CARTESIAN_POINT('',(-460.7,317.616666666667,702.583333333333));
#2229=CARTESIAN_POINT('',(-460.7,317.616666666667,702.583333333333));
#2230=CARTESIAN_POINT('',(460.7,317.616666666667,702.583333333333));
#2231=CARTESIAN_POINT('',(460.7,317.616666666667,702.583333333333));
#2232=CARTESIAN_POINT('',(460.7,336.77,702.583333333333));
#2233=CARTESIAN_POINT('',(460.7,336.77,702.583333333333));
#2234=CARTESIAN_POINT('Ctrl Pts',(497.7,340.95,702.583333333333));
#2235=CARTESIAN_POINT('Ctrl Pts',(479.2,340.95,702.583333333333));
#2236=CARTESIAN_POINT('Ctrl Pts',(460.7,340.95,702.583333333333));
#2237=CARTESIAN_POINT('Ctrl Pts',(458.61,340.95,702.583333333333));
#2238=CARTESIAN_POINT('Ctrl Pts',(458.61,338.86,702.583333333333));
#2239=CARTESIAN_POINT('Ctrl Pts',(458.61,336.77,702.583333333333));
#2240=CARTESIAN_POINT('Ctrl Pts',(460.7,336.77,702.583333333333));
#2241=CARTESIAN_POINT('Origin',(-507.654,317.036666666667,684.083333333333));
#2242=CARTESIAN_POINT('',(460.7,317.616666666667,684.083333333333));
#2243=CARTESIAN_POINT('',(460.7,336.77,684.083333333333));
#2244=CARTESIAN_POINT('',(460.7,317.616666666667,684.083333333333));
#2245=CARTESIAN_POINT('',(-460.7,317.616666666667,684.083333333333));
#2246=CARTESIAN_POINT('',(-460.7,317.616666666667,684.083333333333));
#2247=CARTESIAN_POINT('',(-460.7,336.77,684.083333333333));
#2248=CARTESIAN_POINT('',(-460.7,336.77,684.083333333333));
#2249=CARTESIAN_POINT('',(-497.7,340.95,684.083333333333));
#2250=CARTESIAN_POINT('Ctrl Pts',(-497.7,340.95,684.083333333333));
#2251=CARTESIAN_POINT('Ctrl Pts',(-479.2,340.95,684.083333333333));
#2252=CARTESIAN_POINT('Ctrl Pts',(-460.7,340.95,684.083333333333));
#2253=CARTESIAN_POINT('Ctrl Pts',(-458.61,340.95,684.083333333333));
#2254=CARTESIAN_POINT('Ctrl Pts',(-458.61,338.86,684.083333333333));
#2255=CARTESIAN_POINT('Ctrl Pts',(-458.61,336.77,684.083333333333));
#2256=CARTESIAN_POINT('Ctrl Pts',(-460.7,336.77,684.083333333333));
#2257=CARTESIAN_POINT('',(-497.7,375.616666666667,684.083333333333));
#2258=CARTESIAN_POINT('',(-497.7,375.616666666667,684.083333333333));
#2259=CARTESIAN_POINT('',(497.7,375.616666666667,684.083333333333));
#2260=CARTESIAN_POINT('',(497.7,375.616666666667,684.083333333333));
#2261=CARTESIAN_POINT('',(497.7,340.95,684.083333333333));
#2262=CARTESIAN_POINT('',(497.7,340.95,684.083333333333));
#2263=CARTESIAN_POINT('Ctrl Pts',(460.7,336.77,684.083333333333));
#2264=CARTESIAN_POINT('Ctrl Pts',(458.61,336.77,684.083333333333));
#2265=CARTESIAN_POINT('Ctrl Pts',(458.61,338.86,684.083333333333));
#2266=CARTESIAN_POINT('Ctrl Pts',(458.61,340.95,684.083333333333));
#2267=CARTESIAN_POINT('Ctrl Pts',(460.7,340.95,684.083333333333));
#2268=CARTESIAN_POINT('Ctrl Pts',(479.2,340.95,684.083333333333));
#2269=CARTESIAN_POINT('Ctrl Pts',(497.7,340.95,684.083333333333));
#2270=CARTESIAN_POINT('Ctrl Pts',(497.7,340.95,684.083333333333));
#2271=CARTESIAN_POINT('Ctrl Pts',(497.7,340.95,710.723333333333));
#2272=CARTESIAN_POINT('Ctrl Pts',(479.2,340.95,684.083333333333));
#2273=CARTESIAN_POINT('Ctrl Pts',(479.2,340.95,710.723333333333));
#2274=CARTESIAN_POINT('Ctrl Pts',(460.7,340.95,684.083333333333));
#2275=CARTESIAN_POINT('Ctrl Pts',(460.7,340.95,710.723333333333));
#2276=CARTESIAN_POINT('Ctrl Pts',(458.61,340.95,684.083333333333));
#2277=CARTESIAN_POINT('Ctrl Pts',(458.61,340.95,710.723333333333));
#2278=CARTESIAN_POINT('Ctrl Pts',(458.61,338.86,684.083333333333));
#2279=CARTESIAN_POINT('Ctrl Pts',(458.61,338.86,710.723333333333));
#2280=CARTESIAN_POINT('Ctrl Pts',(458.61,336.77,684.083333333333));
#2281=CARTESIAN_POINT('Ctrl Pts',(458.61,336.77,710.723333333333));
#2282=CARTESIAN_POINT('Ctrl Pts',(460.7,336.77,684.083333333333));
#2283=CARTESIAN_POINT('Ctrl Pts',(460.7,336.77,710.723333333333));
#2284=CARTESIAN_POINT('',(497.7,340.95,684.083333333333));
#2285=CARTESIAN_POINT('',(460.7,336.77,684.083333333333));
#2286=CARTESIAN_POINT('Origin',(460.7,336.77,684.083333333333));
#2287=CARTESIAN_POINT('',(460.7,317.616666666667,684.083333333333));
#2288=CARTESIAN_POINT('Origin',(460.7,317.616666666667,684.083333333333));
#2289=CARTESIAN_POINT('',(-460.7,317.616666666667,684.083333333333));
#2290=CARTESIAN_POINT('Origin',(-460.7,317.616666666667,684.083333333333));
#2291=CARTESIAN_POINT('',(-460.7,336.77,684.083333333333));
#2292=CARTESIAN_POINT('Ctrl Pts',(-460.7,336.77,684.083333333333));
#2293=CARTESIAN_POINT('Ctrl Pts',(-460.7,336.77,710.723333333333));
#2294=CARTESIAN_POINT('Ctrl Pts',(-458.61,336.77,684.083333333333));
#2295=CARTESIAN_POINT('Ctrl Pts',(-458.61,336.77,710.723333333333));
#2296=CARTESIAN_POINT('Ctrl Pts',(-458.61,338.86,684.083333333333));
#2297=CARTESIAN_POINT('Ctrl Pts',(-458.61,338.86,710.723333333333));
#2298=CARTESIAN_POINT('Ctrl Pts',(-458.61,340.95,684.083333333333));
#2299=CARTESIAN_POINT('Ctrl Pts',(-458.61,340.95,710.723333333333));
#2300=CARTESIAN_POINT('Ctrl Pts',(-460.7,340.95,684.083333333333));
#2301=CARTESIAN_POINT('Ctrl Pts',(-460.7,340.95,710.723333333333));
#2302=CARTESIAN_POINT('Ctrl Pts',(-479.2,340.95,684.083333333333));
#2303=CARTESIAN_POINT('Ctrl Pts',(-479.2,340.95,710.723333333333));
#2304=CARTESIAN_POINT('Ctrl Pts',(-497.7,340.95,684.083333333333));
#2305=CARTESIAN_POINT('Ctrl Pts',(-497.7,340.95,710.723333333333));
#2306=CARTESIAN_POINT('',(-497.7,340.95,684.083333333333));
#2307=CARTESIAN_POINT('Origin',(-497.7,340.95,684.083333333333));
#2308=CARTESIAN_POINT('',(-497.7,375.616666666667,684.083333333333));
#2309=CARTESIAN_POINT('Origin',(-497.7,375.616666666667,684.083333333333));
#2310=CARTESIAN_POINT('',(497.7,375.616666666667,684.083333333333));
#2311=CARTESIAN_POINT('Origin',(497.7,375.616666666667,684.083333333333));
#2312=CARTESIAN_POINT('Origin',(-507.654,376.196666666667,1365.98333333333));
#2313=CARTESIAN_POINT('',(497.7,340.95,1365.98333333333));
#2314=CARTESIAN_POINT('',(460.7,336.77,1365.98333333333));
#2315=CARTESIAN_POINT('Ctrl Pts',(497.7,340.95,1365.98333333333));
#2316=CARTESIAN_POINT('Ctrl Pts',(479.2,340.95,1365.98333333333));
#2317=CARTESIAN_POINT('Ctrl Pts',(460.7,340.95,1365.98333333333));
#2318=CARTESIAN_POINT('Ctrl Pts',(458.61,340.95,1365.98333333333));
#2319=CARTESIAN_POINT('Ctrl Pts',(458.61,338.86,1365.98333333333));
#2320=CARTESIAN_POINT('Ctrl Pts',(458.61,336.77,1365.98333333333));
#2321=CARTESIAN_POINT('Ctrl Pts',(460.7,336.77,1365.98333333333));
#2322=CARTESIAN_POINT('',(460.7,317.616666666667,1365.98333333333));
#2323=CARTESIAN_POINT('',(460.7,336.77,1365.98333333333));
#2324=CARTESIAN_POINT('',(-460.7,317.616666666667,1365.98333333333));
#2325=CARTESIAN_POINT('',(460.7,317.616666666667,1365.98333333333));
#2326=CARTESIAN_POINT('',(-460.7,336.77,1365.98333333333));
#2327=CARTESIAN_POINT('',(-460.7,317.616666666667,1365.98333333333));
#2328=CARTESIAN_POINT('',(-497.7,340.95,1365.98333333333));
#2329=CARTESIAN_POINT('Ctrl Pts',(-460.7,336.77,1365.98333333333));
#2330=CARTESIAN_POINT('Ctrl Pts',(-458.61,336.77,1365.98333333333));
#2331=CARTESIAN_POINT('Ctrl Pts',(-458.61,338.86,1365.98333333333));
#2332=CARTESIAN_POINT('Ctrl Pts',(-458.61,340.95,1365.98333333333));
#2333=CARTESIAN_POINT('Ctrl Pts',(-460.7,340.95,1365.98333333333));
#2334=CARTESIAN_POINT('Ctrl Pts',(-479.2,340.95,1365.98333333333));
#2335=CARTESIAN_POINT('Ctrl Pts',(-497.7,340.95,1365.98333333333));
#2336=CARTESIAN_POINT('',(-497.7,375.616666666667,1365.98333333333));
#2337=CARTESIAN_POINT('',(-497.7,340.95,1365.98333333333));
#2338=CARTESIAN_POINT('',(497.7,375.616666666667,1365.98333333333));
#2339=CARTESIAN_POINT('',(-497.7,375.616666666667,1365.98333333333));
#2340=CARTESIAN_POINT('',(497.7,375.616666666667,1365.98333333333));
#2341=CARTESIAN_POINT('Origin',(-507.654,317.036666666667,1384.48333333333));
#2342=CARTESIAN_POINT('',(460.7,336.77,1384.48333333333));
#2343=CARTESIAN_POINT('',(497.7,340.95,1384.48333333333));
#2344=CARTESIAN_POINT('Ctrl Pts',(460.7,336.77,1384.48333333333));
#2345=CARTESIAN_POINT('Ctrl Pts',(458.61,336.77,1384.48333333333));
#2346=CARTESIAN_POINT('Ctrl Pts',(458.61,338.86,1384.48333333333));
#2347=CARTESIAN_POINT('Ctrl Pts',(458.61,340.95,1384.48333333333));
#2348=CARTESIAN_POINT('Ctrl Pts',(460.7,340.95,1384.48333333333));
#2349=CARTESIAN_POINT('Ctrl Pts',(479.2,340.95,1384.48333333333));
#2350=CARTESIAN_POINT('Ctrl Pts',(497.7,340.95,1384.48333333333));
#2351=CARTESIAN_POINT('',(497.7,375.616666666667,1384.48333333333));
#2352=CARTESIAN_POINT('',(497.7,340.95,1384.48333333333));
#2353=CARTESIAN_POINT('',(-497.7,375.616666666667,1384.48333333333));
#2354=CARTESIAN_POINT('',(497.7,375.616666666667,1384.48333333333));
#2355=CARTESIAN_POINT('',(-497.7,340.95,1384.48333333333));
#2356=CARTESIAN_POINT('',(-497.7,375.616666666667,1384.48333333333));
#2357=CARTESIAN_POINT('',(-460.7,336.77,1384.48333333333));
#2358=CARTESIAN_POINT('Ctrl Pts',(-497.7,340.95,1384.48333333333));
#2359=CARTESIAN_POINT('Ctrl Pts',(-479.2,340.95,1384.48333333333));
#2360=CARTESIAN_POINT('Ctrl Pts',(-460.7,340.95,1384.48333333333));
#2361=CARTESIAN_POINT('Ctrl Pts',(-458.61,340.95,1384.48333333333));
#2362=CARTESIAN_POINT('Ctrl Pts',(-458.61,338.86,1384.48333333333));
#2363=CARTESIAN_POINT('Ctrl Pts',(-458.61,336.77,1384.48333333333));
#2364=CARTESIAN_POINT('Ctrl Pts',(-460.7,336.77,1384.48333333333));
#2365=CARTESIAN_POINT('',(-460.7,317.616666666667,1384.48333333333));
#2366=CARTESIAN_POINT('',(-460.7,336.77,1384.48333333333));
#2367=CARTESIAN_POINT('',(460.7,317.616666666667,1384.48333333333));
#2368=CARTESIAN_POINT('',(-460.7,317.616666666667,1384.48333333333));
#2369=CARTESIAN_POINT('',(460.7,317.616666666667,1384.48333333333));
#2370=CARTESIAN_POINT('Ctrl Pts',(497.7,340.95,1384.48333333333));
#2371=CARTESIAN_POINT('Ctrl Pts',(497.7,340.95,1357.84333333333));
#2372=CARTESIAN_POINT('Ctrl Pts',(479.2,340.95,1384.48333333333));
#2373=CARTESIAN_POINT('Ctrl Pts',(479.2,340.95,1357.84333333333));
#2374=CARTESIAN_POINT('Ctrl Pts',(460.7,340.95,1384.48333333333));
#2375=CARTESIAN_POINT('Ctrl Pts',(460.7,340.95,1357.84333333333));
#2376=CARTESIAN_POINT('Ctrl Pts',(458.61,340.95,1384.48333333333));
#2377=CARTESIAN_POINT('Ctrl Pts',(458.61,340.95,1357.84333333333));
#2378=CARTESIAN_POINT('Ctrl Pts',(458.61,338.86,1384.48333333333));
#2379=CARTESIAN_POINT('Ctrl Pts',(458.61,338.86,1357.84333333333));
#2380=CARTESIAN_POINT('Ctrl Pts',(458.61,336.77,1384.48333333333));
#2381=CARTESIAN_POINT('Ctrl Pts',(458.61,336.77,1357.84333333333));
#2382=CARTESIAN_POINT('Ctrl Pts',(460.7,336.77,1384.48333333333));
#2383=CARTESIAN_POINT('Ctrl Pts',(460.7,336.77,1357.84333333333));
#2384=CARTESIAN_POINT('',(460.7,336.77,1384.48333333333));
#2385=CARTESIAN_POINT('',(497.7,340.95,1384.48333333333));
#2386=CARTESIAN_POINT('Origin',(460.7,336.77,1384.48333333333));
#2387=CARTESIAN_POINT('',(460.7,317.616666666667,1384.48333333333));
#2388=CARTESIAN_POINT('Origin',(460.7,317.616666666667,1384.48333333333));
#2389=CARTESIAN_POINT('',(-460.7,317.616666666667,1384.48333333333));
#2390=CARTESIAN_POINT('Origin',(-460.7,317.616666666667,1384.48333333333));
#2391=CARTESIAN_POINT('',(-460.7,336.77,1384.48333333333));
#2392=CARTESIAN_POINT('Ctrl Pts',(-460.7,336.77,1384.48333333333));
#2393=CARTESIAN_POINT('Ctrl Pts',(-460.7,336.77,1357.84333333333));
#2394=CARTESIAN_POINT('Ctrl Pts',(-458.61,336.77,1384.48333333333));
#2395=CARTESIAN_POINT('Ctrl Pts',(-458.61,336.77,1357.84333333333));
#2396=CARTESIAN_POINT('Ctrl Pts',(-458.61,338.86,1384.48333333333));
#2397=CARTESIAN_POINT('Ctrl Pts',(-458.61,338.86,1357.84333333333));
#2398=CARTESIAN_POINT('Ctrl Pts',(-458.61,340.95,1384.48333333333));
#2399=CARTESIAN_POINT('Ctrl Pts',(-458.61,340.95,1357.84333333333));
#2400=CARTESIAN_POINT('Ctrl Pts',(-460.7,340.95,1384.48333333333));
#2401=CARTESIAN_POINT('Ctrl Pts',(-460.7,340.95,1357.84333333333));
#2402=CARTESIAN_POINT('Ctrl Pts',(-479.2,340.95,1384.48333333333));
#2403=CARTESIAN_POINT('Ctrl Pts',(-479.2,340.95,1357.84333333333));
#2404=CARTESIAN_POINT('Ctrl Pts',(-497.7,340.95,1384.48333333333));
#2405=CARTESIAN_POINT('Ctrl Pts',(-497.7,340.95,1357.84333333333));
#2406=CARTESIAN_POINT('',(-497.7,340.95,1384.48333333333));
#2407=CARTESIAN_POINT('Origin',(-497.7,340.95,1384.48333333333));
#2408=CARTESIAN_POINT('',(-497.7,375.616666666667,1384.48333333333));
#2409=CARTESIAN_POINT('Origin',(-497.7,375.616666666667,1384.48333333333));
#2410=CARTESIAN_POINT('',(497.7,375.616666666667,1384.48333333333));
#2411=CARTESIAN_POINT('Origin',(497.7,375.616666666667,1384.48333333333));
#2412=CARTESIAN_POINT('Origin',(497.7,395.016666666667,1434.32733333333));
#2413=CARTESIAN_POINT('',(497.7,317.616666666667,1354.11733333333));
#2414=CARTESIAN_POINT('',(497.7,387.616666666667,684.083333333333));
#2415=CARTESIAN_POINT('Ctrl Pts',(497.7,317.616666666667,1354.11733333333));
#2416=CARTESIAN_POINT('Ctrl Pts',(497.7,317.616666666667,1366.34886733333));
#2417=CARTESIAN_POINT('Ctrl Pts',(497.7,310.391196005397,1373.04459768351));
#2418=CARTESIAN_POINT('Ctrl Pts',(497.7,298.170666666667,1373.56333333333));
#2419=CARTESIAN_POINT('Ctrl Pts',(497.7,84.5685154933341,1382.63029333333));
#2420=CARTESIAN_POINT('Ctrl Pts',(497.7,-129.03363568,1391.69725333333));
#2421=CARTESIAN_POINT('Ctrl Pts',(497.7,-342.635786853333,1400.76421333333));
#2422=CARTESIAN_POINT('Ctrl Pts',(497.7,-348.479052844637,1401.0122476285));
#2423=CARTESIAN_POINT('Ctrl Pts',(497.7,-352.383333333333,1404.66323192533));
#2424=CARTESIAN_POINT('Ctrl Pts',(497.7,-352.383333333333,1410.51175981333));
#2425=CARTESIAN_POINT('Ctrl Pts',(497.7,-352.383333333333,1412.58643549333));
#2426=CARTESIAN_POINT('Ctrl Pts',(497.7,-352.383333333333,1414.66111117333));
#2427=CARTESIAN_POINT('Ctrl Pts',(497.7,-352.383333333333,1416.73578685333));
#2428=CARTESIAN_POINT('Ctrl Pts',(497.7,-352.383333333333,1422.58431474133));
#2429=CARTESIAN_POINT('Ctrl Pts',(497.7,-348.484314741333,1426.48333333333));
#2430=CARTESIAN_POINT('Ctrl Pts',(497.7,-342.635786853333,1426.48333333333));
#2431=CARTESIAN_POINT('Ctrl Pts',(497.7,-113.218302346666,1426.48333333333));
#2432=CARTESIAN_POINT('Ctrl Pts',(497.7,116.19918216,1426.48333333333));
#2433=CARTESIAN_POINT('Ctrl Pts',(497.7,345.616666666667,1426.48333333333));
#2434=CARTESIAN_POINT('Ctrl Pts',(497.7,372.034666666667,1426.48333333333));
#2435=CARTESIAN_POINT('Ctrl Pts',(497.7,387.616666666667,1410.90133333333));
#2436=CARTESIAN_POINT('Ctrl Pts',(497.7,387.616666666667,1384.48333333333));
#2437=CARTESIAN_POINT('Ctrl Pts',(497.7,387.616666666667,1151.01666666667));
#2438=CARTESIAN_POINT('Ctrl Pts',(497.7,387.616666666667,917.55));
#2439=CARTESIAN_POINT('Ctrl Pts',(497.7,387.616666666667,684.083333333333));
#2440=CARTESIAN_POINT('Ctrl Pts',(497.7,387.616666666667,684.083333333333));
#2441=CARTESIAN_POINT('Ctrl Pts',(497.7,387.616666666667,657.665333333333));
#2442=CARTESIAN_POINT('Ctrl Pts',(497.7,372.034666666667,642.083333333333));
#2443=CARTESIAN_POINT('Ctrl Pts',(497.7,345.616666666667,642.083333333333));
#2444=CARTESIAN_POINT('Ctrl Pts',(497.7,116.19918216,642.083333333333));
#2445=CARTESIAN_POINT('Ctrl Pts',(497.7,-113.218302346666,642.083333333333));
#2446=CARTESIAN_POINT('Ctrl Pts',(497.7,-342.635786853333,642.083333333333));
#2447=CARTESIAN_POINT('Ctrl Pts',(497.7,-348.484314741333,642.083333333333));
#2448=CARTESIAN_POINT('Ctrl Pts',(497.7,-352.383333333333,645.982351925333));
#2449=CARTESIAN_POINT('Ctrl Pts',(497.7,-352.383333333333,651.830879813333));
#2450=CARTESIAN_POINT('Ctrl Pts',(497.7,-352.383333333333,653.905555493333));
#2451=CARTESIAN_POINT('Ctrl Pts',(497.7,-352.383333333333,655.980231173333));
#2452=CARTESIAN_POINT('Ctrl Pts',(497.7,-352.383333333333,658.054906853333));
#2453=CARTESIAN_POINT('Ctrl Pts',(497.7,-352.383333333333,663.903434741333));
#2454=CARTESIAN_POINT('Ctrl Pts',(497.7,-348.479052844638,667.554419038166));
#2455=CARTESIAN_POINT('Ctrl Pts',(497.7,-342.635786853333,667.802453333333));
#2456=CARTESIAN_POINT('Ctrl Pts',(497.7,-129.03363568,676.869413333333));
#2457=CARTESIAN_POINT('Ctrl Pts',(497.7,84.5685154933339,685.936373333333));
#2458=CARTESIAN_POINT('Ctrl Pts',(497.7,298.170666666667,695.003333333333));
#2459=CARTESIAN_POINT('Ctrl Pts',(497.7,310.391196005397,695.522068983159));
#2460=CARTESIAN_POINT('Ctrl Pts',(497.7,317.616666666667,702.217799333333));
#2461=CARTESIAN_POINT('Ctrl Pts',(497.7,317.616666666667,714.449333333333));
#2462=CARTESIAN_POINT('Ctrl Pts',(497.7,317.616666666667,927.672));
#2463=CARTESIAN_POINT('Ctrl Pts',(497.7,317.616666666667,1140.89466666667));
#2464=CARTESIAN_POINT('Ctrl Pts',(497.7,317.616666666667,1354.11733333333));
#2465=CARTESIAN_POINT('Origin',(516.2,-359.783333333333,1434.32733333333));
#2466=CARTESIAN_POINT('',(516.2,317.616666666667,1354.11733333333));
#2467=CARTESIAN_POINT('',(516.2,387.616666666667,684.083333333333));
#2468=CARTESIAN_POINT('Ctrl Pts',(516.2,317.616666666667,1354.11733333333));
#2469=CARTESIAN_POINT('Ctrl Pts',(516.2,317.616666666667,1226.06706608691));
#2470=CARTESIAN_POINT('Ctrl Pts',(516.2,317.616666666667,1098.01679884049));
#2471=CARTESIAN_POINT('Ctrl Pts',(516.2,317.616666666667,991.733014390485));
#2472=CARTESIAN_POINT('Ctrl Pts',(516.2,317.616666666667,938.591122165484));
#2473=CARTESIAN_POINT('Ctrl Pts',(516.2,317.616666666667,890.890850639588));
#2474=CARTESIAN_POINT('Ctrl Pts',(516.2,317.616666666667,851.353010162351));
#2475=CARTESIAN_POINT('Ctrl Pts',(516.2,317.616666666667,841.468550043041));
#2476=CARTESIAN_POINT('Ctrl Pts',(516.2,317.616666666667,832.094241864273));
#2477=CARTESIAN_POINT('Ctrl Pts',(516.2,317.616666666667,823.272598287758));
#2478=CARTESIAN_POINT('Ctrl Pts',(516.2,317.616666666667,821.618540117161));
#2479=CARTESIAN_POINT('Ctrl Pts',(516.2,317.616666666667,819.983911561487));
#2480=CARTESIAN_POINT('Ctrl Pts',(516.2,317.616666666667,818.368992855567));
#2481=CARTESIAN_POINT('Ctrl Pts',(516.2,317.616666666667,817.611999712167));
#2482=CARTESIAN_POINT('Ctrl Pts',(516.2,317.616666666667,816.859337346301));
#2483=CARTESIAN_POINT('Ctrl Pts',(516.2,317.616666666667,816.111034621266));
#2484=CARTESIAN_POINT('Ctrl Pts',(516.2,317.616666666667,815.748575488828));
#2485=CARTESIAN_POINT('Ctrl Pts',(516.2,317.616666666667,815.387139211575));
#2486=CARTESIAN_POINT('Ctrl Pts',(516.2,317.616666666667,815.026729069637));
#2487=CARTESIAN_POINT('Ctrl Pts',(516.2,317.616666666667,815.004863061324));
#2488=CARTESIAN_POINT('Ctrl Pts',(516.2,317.616666666667,814.983000830034));
#2489=CARTESIAN_POINT('Ctrl Pts',(516.2,317.616666666667,814.961142376499));
#2490=CARTESIAN_POINT('Ctrl Pts',(516.2,317.616666666667,814.943027062488));
#2491=CARTESIAN_POINT('Ctrl Pts',(516.2,317.616666666667,814.924913590972));
#2492=CARTESIAN_POINT('Ctrl Pts',(516.2,317.616666666667,814.906788913527));
#2493=CARTESIAN_POINT('Ctrl Pts',(516.2,317.616666666667,792.237057215915));
#2494=CARTESIAN_POINT('Ctrl Pts',(516.2,317.616666666667,757.391470230476));
#2495=CARTESIAN_POINT('Ctrl Pts',(516.2,317.616666666667,714.449333333333));
#2496=CARTESIAN_POINT('Ctrl Pts',(516.2,317.616666666667,714.129496290271));
#2497=CARTESIAN_POINT('Ctrl Pts',(516.2,317.611722723528,713.805616368613));
#2498=CARTESIAN_POINT('Ctrl Pts',(516.2,317.601169962978,713.478763348641));
#2499=CARTESIAN_POINT('Ctrl Pts',(516.2,317.590997059087,713.163675714147));
#2500=CARTESIAN_POINT('Ctrl Pts',(516.2,317.575611699716,712.84582536723));
#2501=CARTESIAN_POINT('Ctrl Pts',(516.2,317.554459468311,712.526149943179));
#2502=CARTESIAN_POINT('Ctrl Pts',(516.2,317.533896251445,712.215376344601));
#2503=CARTESIAN_POINT('Ctrl Pts',(516.2,317.50788274611,711.9028780565));
#2504=CARTESIAN_POINT('Ctrl Pts',(516.2,317.475951303262,711.589493987272));
#2505=CARTESIAN_POINT('Ctrl Pts',(516.2,317.444728015024,711.283059944517));
#2506=CARTESIAN_POINT('Ctrl Pts',(516.2,317.407846277887,710.975779106359));
#2507=CARTESIAN_POINT('Ctrl Pts',(516.2,317.364910886739,710.668411777101));
#2508=CARTESIAN_POINT('Ctrl Pts',(516.2,317.322747427665,710.366570581258));
#2509=CARTESIAN_POINT('Ctrl Pts',(516.2,317.274745967331,710.064646090907));
#2510=CARTESIAN_POINT('Ctrl Pts',(516.2,317.220574382321,709.763333082972));
#2511=CARTESIAN_POINT('Ctrl Pts',(516.2,317.167200351624,709.466456228954));
#2512=CARTESIAN_POINT('Ctrl Pts',(516.2,317.107836491872,709.170173085472));
#2513=CARTESIAN_POINT('Ctrl Pts',(516.2,317.042207300429,708.875121854697));
#2514=CARTESIAN_POINT('Ctrl Pts',(516.2,316.977372542951,708.583642185814));
#2515=CARTESIAN_POINT('Ctrl Pts',(516.2,316.906423183117,708.293364876348));
#2516=CARTESIAN_POINT('Ctrl Pts',(516.2,316.829135702719,708.004877909904));
#2517=CARTESIAN_POINT('Ctrl Pts',(516.2,316.7526162885,707.719257864219));
#2518=CARTESIAN_POINT('Ctrl Pts',(516.2,316.669884078753,707.435392836478));
#2519=CARTESIAN_POINT('Ctrl Pts',(516.2,316.58076411744,707.153825218275));
#2520=CARTESIAN_POINT('Ctrl Pts',(516.2,316.492365943214,706.87453803049));
#2521=CARTESIAN_POINT('Ctrl Pts',(516.2,316.397683055632,706.597511264587));
#2522=CARTESIAN_POINT('Ctrl Pts',(516.2,316.296586484572,706.32324514068));
#2523=CARTESIAN_POINT('Ctrl Pts',(516.2,316.196147558549,706.050763150035));
#2524=CARTESIAN_POINT('Ctrl Pts',(516.2,316.089378118221,705.781006071108));
#2525=CARTESIAN_POINT('Ctrl Pts',(516.2,315.976193216437,705.514434499235));
#2526=CARTESIAN_POINT('Ctrl Pts',(516.2,315.863585175087,705.249221541367));
#2527=CARTESIAN_POINT('Ctrl Pts',(516.2,315.744626905392,704.987161767101));
#2528=CARTESIAN_POINT('Ctrl Pts',(516.2,315.619275981065,704.72867803903));
#2529=CARTESIAN_POINT('Ctrl Pts',(516.2,315.494405134759,704.471184270606));
#2530=CARTESIAN_POINT('Ctrl Pts',(516.2,315.363190519228,704.217239269159));
#2531=CARTESIAN_POINT('Ctrl Pts',(516.2,315.225631085291,703.967229551006));
#2532=CARTESIAN_POINT('Ctrl Pts',(516.2,315.088439157545,703.717887763192));
#2533=CARTESIAN_POINT('Ctrl Pts',(516.2,314.944936288145,703.472460315419));
#2534=CARTESIAN_POINT('Ctrl Pts',(516.2,314.795161949736,703.231298362493));
#2535=CARTESIAN_POINT('Ctrl Pts',(516.2,314.645626601073,702.990521223376));
#2536=CARTESIAN_POINT('Ctrl Pts',(516.2,314.489839808636,702.753996029294));
#2537=CARTESIAN_POINT('Ctrl Pts',(516.2,314.327880952497,702.522039230062));
#2538=CARTESIAN_POINT('Ctrl Pts',(516.2,314.166016135996,702.29021711401));
#2539=CARTESIAN_POINT('Ctrl Pts',(516.2,313.997986454435,702.062958137396));
#2540=CARTESIAN_POINT('Ctrl Pts',(516.2,313.823910790165,701.840544425657));
#2541=CARTESIAN_POINT('Ctrl Pts',(516.2,313.649766957289,701.618043615973));
#2542=CARTESIAN_POINT('Ctrl Pts',(516.2,313.469572444907,701.400391911337));
#2543=CARTESIAN_POINT('Ctrl Pts',(516.2,313.283485422297,701.187837254473));
#2544=CARTESIAN_POINT('Ctrl Pts',(516.2,313.097149576779,700.974998383981));
#2545=CARTESIAN_POINT('Ctrl Pts',(516.2,312.904905497745,700.767270242163));
#2546=CARTESIAN_POINT('Ctrl Pts',(516.2,312.706950606259,700.564866517055));
#2547=CARTESIAN_POINT('Ctrl Pts',(516.2,312.508546186127,700.362003160607));
#2548=CARTESIAN_POINT('Ctrl Pts',(516.2,312.304405038418,700.164488467587));
#2549=CARTESIAN_POINT('Ctrl Pts',(516.2,312.09476398024,699.972501601614));
#2550=CARTESIAN_POINT('Ctrl Pts',(516.2,311.884450530028,699.779898966761));
#2551=CARTESIAN_POINT('Ctrl Pts',(516.2,311.668601889676,699.592859708487));
#2552=CARTESIAN_POINT('Ctrl Pts',(516.2,311.447494603681,699.411528006242));
#2553=CARTESIAN_POINT('Ctrl Pts',(516.2,311.220544195136,699.225404316462));
#2554=CARTESIAN_POINT('Ctrl Pts',(516.2,310.988053457046,699.045294008759));
#2555=CARTESIAN_POINT('Ctrl Pts',(516.2,310.750361167477,698.871312565889));
#2556=CARTESIAN_POINT('Ctrl Pts',(516.2,310.515898143733,698.699694819075));
#2557=CARTESIAN_POINT('Ctrl Pts',(516.2,310.276374133349,698.534040438049));
#2558=CARTESIAN_POINT('Ctrl Pts',(516.2,310.032151176213,698.374421252801));
#2559=CARTESIAN_POINT('Ctrl Pts',(516.2,309.78633889421,698.213763316964));
#2560=CARTESIAN_POINT('Ctrl Pts',(516.2,309.535766383222,698.059219404646));
#2561=CARTESIAN_POINT('Ctrl Pts',(516.2,309.2808386181,697.910823342628));
#2562=CARTESIAN_POINT('Ctrl Pts',(516.2,309.023975364932,697.761300613202));
#2563=CARTESIAN_POINT('Ctrl Pts',(516.2,308.762690556178,697.61801945732));
#2564=CARTESIAN_POINT('Ctrl Pts',(516.2,308.497433527067,697.480974291355));
#2565=CARTESIAN_POINT('Ctrl Pts',(516.2,308.229847655088,697.342725927652));
#2566=CARTESIAN_POINT('Ctrl Pts',(516.2,307.958219597795,697.210823542998));
#2567=CARTESIAN_POINT('Ctrl Pts',(516.2,307.683044883896,697.085220452934));
#2568=CARTESIAN_POINT('Ctrl Pts',(516.2,307.405090429202,696.958348554306));
#2569=CARTESIAN_POINT('Ctrl Pts',(516.2,307.123517399541,696.837903863173));
#2570=CARTESIAN_POINT('Ctrl Pts',(516.2,306.838869873327,696.723796554151));
#2571=CARTESIAN_POINT('Ctrl Pts',(516.2,306.550920159718,696.608365489666));
#2572=CARTESIAN_POINT('Ctrl Pts',(516.2,306.259824309037,696.499419693857));
#2573=CARTESIAN_POINT('Ctrl Pts',(516.2,305.966177992489,696.396823714086));
#2574=CARTESIAN_POINT('Ctrl Pts',(516.2,305.668616142949,696.292859701));
#2575=CARTESIAN_POINT('Ctrl Pts',(516.2,305.368435475444,696.195415956303));
#2576=CARTESIAN_POINT('Ctrl Pts',(516.2,305.066287221152,696.104308325337));
#2577=CARTESIAN_POINT('Ctrl Pts',(516.2,304.7568407073,696.011000029203));
#2578=CARTESIAN_POINT('Ctrl Pts',(516.2,304.445330497062,695.924337670657));
#2579=CARTESIAN_POINT('Ctrl Pts',(516.2,304.132487371438,695.84407813502));
#2580=CARTESIAN_POINT('Ctrl Pts',(516.2,303.814045484689,695.762382243807));
#2581=CARTESIAN_POINT('Ctrl Pts',(516.2,303.494222699947,695.687320355439));
#2582=CARTESIAN_POINT('Ctrl Pts',(516.2,303.173819778202,695.618589835899));
#2583=CARTESIAN_POINT('Ctrl Pts',(516.2,302.846731976563,695.548425324229));
#2584=CARTESIAN_POINT('Ctrl Pts',(516.2,302.519039751594,695.484859066102));
#2585=CARTESIAN_POINT('Ctrl Pts',(516.2,302.191623580675,695.4275221466));
#2586=CARTESIAN_POINT('Ctrl Pts',(516.2,301.849773870927,695.367657634609));
#2587=CARTESIAN_POINT('Ctrl Pts',(516.2,301.50822522013,695.314583837549));
#2588=CARTESIAN_POINT('Ctrl Pts',(516.2,301.168008342838,695.267830054972));
#2589=CARTESIAN_POINT('Ctrl Pts',(516.2,300.818931910334,695.219858761608));
#2590=CARTESIAN_POINT('Ctrl Pts',(516.2,300.471257796181,695.178540747184));
#2591=CARTESIAN_POINT('Ctrl Pts',(516.2,300.126125504833,695.143316378449));
#2592=CARTESIAN_POINT('Ctrl Pts',(516.2,299.759999968711,695.10594942899));
#2593=CARTESIAN_POINT('Ctrl Pts',(516.2,299.396735148466,695.075439955518));
#2594=CARTESIAN_POINT('Ctrl Pts',(516.2,299.037716350934,695.051064158801));
#2595=CARTESIAN_POINT('Ctrl Pts',(516.2,298.745637336019,695.031233278798));
#2596=CARTESIAN_POINT('Ctrl Pts',(516.2,298.456369205403,695.015460802445));
#2597=CARTESIAN_POINT('Ctrl Pts',(516.2,298.170666666667,695.003333333333));
#2598=CARTESIAN_POINT('Ctrl Pts',(516.2,268.647298290591,693.750128725324));
#2599=CARTESIAN_POINT('Ctrl Pts',(516.2,239.123919700354,692.496923683745));
#2600=CARTESIAN_POINT('Ctrl Pts',(516.2,209.601963091073,691.243779002253));
#2601=CARTESIAN_POINT('Ctrl Pts',(516.2,117.492569911904,687.333929878579));
#2602=CARTESIAN_POINT('Ctrl Pts',(516.2,25.3970198558449,683.424668366233));
#2603=CARTESIAN_POINT('Ctrl Pts',(516.2,-66.6411813515681,679.51784119134));
#2604=CARTESIAN_POINT('Ctrl Pts',(516.2,-112.660281955274,677.564427603894));
#2605=CARTESIAN_POINT('Ctrl Pts',(516.2,-158.665045346819,675.611622600811));
#2606=CARTESIAN_POINT('Ctrl Pts',(516.2,-204.65003331051,673.659657022857));
#2607=CARTESIAN_POINT('Ctrl Pts',(516.2,-227.642527292356,672.68367423388));
#2608=CARTESIAN_POINT('Ctrl Pts',(516.2,-250.630077417239,671.707901301185));
#2609=CARTESIAN_POINT('Ctrl Pts',(516.2,-273.612003908196,670.732367079868));
#2610=CARTESIAN_POINT('Ctrl Pts',(516.2,-285.102967153675,670.24459996921));
#2611=CARTESIAN_POINT('Ctrl Pts',(516.2,-296.592524490672,669.756892536396));
#2612=CARTESIAN_POINT('Ctrl Pts',(516.2,-308.080590947068,669.269248388314));
#2613=CARTESIAN_POINT('Ctrl Pts',(516.2,-313.824624175266,669.025426314272));
#2614=CARTESIAN_POINT('Ctrl Pts',(516.2,-319.568284683314,668.781620061414));
#2615=CARTESIAN_POINT('Ctrl Pts',(516.2,-325.311561849696,668.5378300806));
#2616=CARTESIAN_POINT('Ctrl Pts',(516.2,-328.183200432887,668.415935090192));
#2617=CARTESIAN_POINT('Ctrl Pts',(516.2,-331.054743180662,668.294044167796));
#2618=CARTESIAN_POINT('Ctrl Pts',(516.2,-333.926188765331,668.172157369768));
#2619=CARTESIAN_POINT('Ctrl Pts',(516.2,-335.361911557666,668.111213970754));
#2620=CARTESIAN_POINT('Ctrl Pts',(516.2,-336.797610059224,668.050271602832));
#2621=CARTESIAN_POINT('Ctrl Pts',(516.2,-338.233284104044,667.989330273047));
#2622=CARTESIAN_POINT('Ctrl Pts',(516.2,-338.951121126454,667.958859608155));
#2623=CARTESIAN_POINT('Ctrl Pts',(516.2,-339.66895203468,667.928389202797));
#2624=CARTESIAN_POINT('Ctrl Pts',(516.2,-340.386776807977,667.897919057853));
#2625=CARTESIAN_POINT('Ctrl Pts',(516.2,-340.745689194625,667.882683985382));
#2626=CARTESIAN_POINT('Ctrl Pts',(516.2,-341.104600047541,667.867448978013));
#2627=CARTESIAN_POINT('Ctrl Pts',(516.2,-341.463509364131,667.852214035859));
#2628=CARTESIAN_POINT('Ctrl Pts',(516.2,-341.642964022426,667.844596564782));
#2629=CARTESIAN_POINT('Ctrl Pts',(516.2,-341.82241829664,667.836979110008));
#2630=CARTESIAN_POINT('Ctrl Pts',(516.2,-342.001872186448,667.829361671552));
#2631=CARTESIAN_POINT('Ctrl Pts',(516.2,-342.024303922674,667.828409491745));
#2632=CARTESIAN_POINT('Ctrl Pts',(516.2,-342.046735652894,667.827457312193));
#2633=CARTESIAN_POINT('Ctrl Pts',(516.2,-342.069167377107,667.826505132896));
#2634=CARTESIAN_POINT('Ctrl Pts',(516.2,-342.074740903994,667.826268548455));
#2635=CARTESIAN_POINT('Ctrl Pts',(516.2,-342.080314430509,667.826031964031));
#2636=CARTESIAN_POINT('Ctrl Pts',(516.2,-342.085887956654,667.825795379622));
#2637=CARTESIAN_POINT('Ctrl Pts',(516.2,-342.088666563489,667.825677433633));
#2638=CARTESIAN_POINT('Ctrl Pts',(516.2,-342.091445170232,667.825559487648));
#2639=CARTESIAN_POINT('Ctrl Pts',(516.2,-342.094223776882,667.825441541666));
#2640=CARTESIAN_POINT('Ctrl Pts',(516.2,-342.096839380786,667.825330514807));
#2641=CARTESIAN_POINT('Ctrl Pts',(516.2,-342.099463004803,667.825219147511));
#2642=CARTESIAN_POINT('Ctrl Pts',(516.2,-342.102100417407,667.825107194919));
#2643=CARTESIAN_POINT('Ctrl Pts',(516.2,-342.249372508527,667.81885580582));
#2644=CARTESIAN_POINT('Ctrl Pts',(516.2,-342.433825633339,667.8110261604));
#2645=CARTESIAN_POINT('Ctrl Pts',(516.2,-342.635786853333,667.802453333333));
#2646=CARTESIAN_POINT('Ctrl Pts',(516.2,-342.644711817063,667.80207448748));
#2647=CARTESIAN_POINT('Ctrl Pts',(516.2,-342.654881334687,667.801633252964));
#2648=CARTESIAN_POINT('Ctrl Pts',(516.2,-342.664027502195,667.801227416738));
#2649=CARTESIAN_POINT('Ctrl Pts',(516.2,-342.668596120047,667.801024696788));
#2650=CARTESIAN_POINT('Ctrl Pts',(516.2,-342.672909562429,667.800831094348));
#2651=CARTESIAN_POINT('Ctrl Pts',(516.2,-342.676686007578,667.800660261038));
#2652=CARTESIAN_POINT('Ctrl Pts',(516.2,-342.677734865357,667.800612814342));
#2653=CARTESIAN_POINT('Ctrl Pts',(516.2,-342.678742302906,667.800567128397));
#2654=CARTESIAN_POINT('Ctrl Pts',(516.2,-342.679702287354,667.800523504177));
#2655=CARTESIAN_POINT('Ctrl Pts',(516.2,-342.680284347992,667.800497053809));
#2656=CARTESIAN_POINT('Ctrl Pts',(516.2,-342.680848963593,667.800471361442));
#2657=CARTESIAN_POINT('Ctrl Pts',(516.2,-342.681394789637,667.800446494534));
#2658=CARTESIAN_POINT('Ctrl Pts',(516.2,-342.681831031193,667.800426620109));
#2659=CARTESIAN_POINT('Ctrl Pts',(516.2,-342.682263559672,667.800406895497));
#2660=CARTESIAN_POINT('Ctrl Pts',(516.2,-342.682697807024,667.800387073249));
#2661=CARTESIAN_POINT('Ctrl Pts',(516.2,-342.960303808247,667.787715090332));
#2662=CARTESIAN_POINT('Ctrl Pts',(516.2,-343.233503268124,667.767338585754));
#2663=CARTESIAN_POINT('Ctrl Pts',(516.2,-343.501893562849,667.739419244901));
#2664=CARTESIAN_POINT('Ctrl Pts',(516.2,-343.770326270047,667.711495492083));
#2665=CARTESIAN_POINT('Ctrl Pts',(516.2,-344.033948090895,667.676026655679));
#2666=CARTESIAN_POINT('Ctrl Pts',(516.2,-344.292385201318,667.633217835627));
#2667=CARTESIAN_POINT('Ctrl Pts',(516.2,-344.55079890867,667.590412892178));
#2668=CARTESIAN_POINT('Ctrl Pts',(516.2,-344.804028654259,667.540269442082));
#2669=CARTESIAN_POINT('Ctrl Pts',(516.2,-345.051732634758,667.483033718501));
#2670=CARTESIAN_POINT('Ctrl Pts',(516.2,-345.299369445549,667.425813515489));
#2671=CARTESIAN_POINT('Ctrl Pts',(516.2,-345.541483310325,667.361505041406));
#2672=CARTESIAN_POINT('Ctrl Pts',(516.2,-345.777767364406,667.290393213397));
#2673=CARTESIAN_POINT('Ctrl Pts',(516.2,-346.013968029941,667.219306481926));
#2674=CARTESIAN_POINT('Ctrl Pts',(516.2,-346.244342836207,667.141421360926));
#2675=CARTESIAN_POINT('Ctrl Pts',(516.2,-346.46862243493,667.057058928955));
#2676=CARTESIAN_POINT('Ctrl Pts',(516.2,-346.692832353797,666.972722706956));
#2677=CARTESIAN_POINT('Ctrl Pts',(516.2,-346.91095070501,666.881913366008));
#2678=CARTESIAN_POINT('Ctrl Pts',(516.2,-347.122747889609,666.784985649299));
#2679=CARTESIAN_POINT('Ctrl Pts',(516.2,-347.334518516472,666.68807008658));
#2680=CARTESIAN_POINT('Ctrl Pts',(516.2,-347.539969431626,666.5850378531));
#2681=CARTESIAN_POINT('Ctrl Pts',(516.2,-347.738912698617,666.476274980902));
#2682=CARTESIAN_POINT('Ctrl Pts',(516.2,-347.947846617033,666.362050190035));
#2683=CARTESIAN_POINT('Ctrl Pts',(516.2,-348.149602322714,666.241504671957));
#2684=CARTESIAN_POINT('Ctrl Pts',(516.2,-348.344013677189,666.115119793494));
#2685=CARTESIAN_POINT('Ctrl Pts',(516.2,-348.529452825769,665.99456765641));
#2686=CARTESIAN_POINT('Ctrl Pts',(516.2,-348.708210150406,665.86870310896));
#2687=CARTESIAN_POINT('Ctrl Pts',(516.2,-348.880187836553,665.737970865467));
#2688=CARTESIAN_POINT('Ctrl Pts',(516.2,-349.052473847775,665.607004242563));
#2689=CARTESIAN_POINT('Ctrl Pts',(516.2,-349.217955808645,665.471152625228));
#2690=CARTESIAN_POINT('Ctrl Pts',(516.2,-349.376582135793,665.330886909727));
#2691=CARTESIAN_POINT('Ctrl Pts',(516.2,-349.535637424055,665.190241884317));
#2692=CARTESIAN_POINT('Ctrl Pts',(516.2,-349.68779988651,665.045159025487));
#2693=CARTESIAN_POINT('Ctrl Pts',(516.2,-349.833065588476,664.896134388812));
#2694=CARTESIAN_POINT('Ctrl Pts',(516.2,-349.978883964968,664.746542776455));
#2695=CARTESIAN_POINT('Ctrl Pts',(516.2,-350.117752956485,664.592979505565));
#2696=CARTESIAN_POINT('Ctrl Pts',(516.2,-350.249717795528,664.43596521853));
#2697=CARTESIAN_POINT('Ctrl Pts',(516.2,-350.382357688829,664.27814773904));
#2698=CARTESIAN_POINT('Ctrl Pts',(516.2,-350.508022585787,664.116844016395));
#2699=CARTESIAN_POINT('Ctrl Pts',(516.2,-350.626808618786,663.952599225594));
#2700=CARTESIAN_POINT('Ctrl Pts',(516.2,-350.746386785972,663.787259155233));
#2701=CARTESIAN_POINT('Ctrl Pts',(516.2,-350.858994029815,663.618938831499));
#2702=CARTESIAN_POINT('Ctrl Pts',(516.2,-350.964779466808,663.448208516858));
#2703=CARTESIAN_POINT('Ctrl Pts',(516.2,-351.071465220654,663.276025153631));
#2704=CARTESIAN_POINT('Ctrl Pts',(516.2,-351.171212567421,663.101390776788));
#2705=CARTESIAN_POINT('Ctrl Pts',(516.2,-351.264226219959,662.92490202969));
#2706=CARTESIAN_POINT('Ctrl Pts',(516.2,-351.361953113254,662.739470144317));
#2707=CARTESIAN_POINT('Ctrl Pts',(516.2,-351.452246259846,662.551991334425));
#2708=CARTESIAN_POINT('Ctrl Pts',(516.2,-351.535403021346,662.363168151617));
#2709=CARTESIAN_POINT('Ctrl Pts',(516.2,-351.61714413294,662.177559470145));
#2710=CARTESIAN_POINT('Ctrl Pts',(516.2,-351.691990124113,661.990652038523));
#2711=CARTESIAN_POINT('Ctrl Pts',(516.2,-351.760278723836,661.803120021456));
#2712=CARTESIAN_POINT('Ctrl Pts',(516.2,-351.829743170326,661.612358930767));
#2713=CARTESIAN_POINT('Ctrl Pts',(516.2,-351.892422558513,661.420951769124));
#2714=CARTESIAN_POINT('Ctrl Pts',(516.2,-351.94872712078,661.229611989476));
#2715=CARTESIAN_POINT('Ctrl Pts',(516.2,-352.006224906941,661.034217277374));
#2716=CARTESIAN_POINT('Ctrl Pts',(516.2,-352.057074954954,660.838893065433));
#2717=CARTESIAN_POINT('Ctrl Pts',(516.2,-352.101768957102,660.64439974435));
#2718=CARTESIAN_POINT('Ctrl Pts',(516.2,-352.145496303302,660.454112986045));
#2719=CARTESIAN_POINT('Ctrl Pts',(516.2,-352.183331558245,660.264621771324));
#2720=CARTESIAN_POINT('Ctrl Pts',(516.2,-352.215781371194,660.076635532249));
#2721=CARTESIAN_POINT('Ctrl Pts',(516.2,-352.22795005105,660.006140692596));
#2722=CARTESIAN_POINT('Ctrl Pts',(516.2,-352.239361834326,659.935857447248));
#2723=CARTESIAN_POINT('Ctrl Pts',(516.2,-352.250044924795,659.865823019967));
#2724=CARTESIAN_POINT('Ctrl Pts',(516.2,-352.250722307614,659.861382346365));
#2725=CARTESIAN_POINT('Ctrl Pts',(516.2,-352.251396876266,659.856941953251));
#2726=CARTESIAN_POINT('Ctrl Pts',(516.2,-352.252070597018,659.852488775809));
#2727=CARTESIAN_POINT('Ctrl Pts',(516.2,-352.275924090649,659.694821315801));
#2728=CARTESIAN_POINT('Ctrl Pts',(516.2,-352.298063921844,659.525415016632));
#2729=CARTESIAN_POINT('Ctrl Pts',(516.2,-352.317122457887,659.344264879992));
#2730=CARTESIAN_POINT('Ctrl Pts',(516.2,-352.337037162993,659.154976912488));
#2731=CARTESIAN_POINT('Ctrl Pts',(516.2,-352.353585694416,658.952864213038));
#2732=CARTESIAN_POINT('Ctrl Pts',(516.2,-352.365160309307,658.737953261204));
#2733=CARTESIAN_POINT('Ctrl Pts',(516.2,-352.375832394186,658.539799979986));
#2734=CARTESIAN_POINT('Ctrl Pts',(516.2,-352.382274113075,658.330765869901));
#2735=CARTESIAN_POINT('Ctrl Pts',(516.2,-352.383213752834,658.110916287471));
#2736=CARTESIAN_POINT('Ctrl Pts',(516.2,-352.383293217446,658.092323777346));
#2737=CARTESIAN_POINT('Ctrl Pts',(516.2,-352.383333333333,658.073653946788));
#2738=CARTESIAN_POINT('Ctrl Pts',(516.2,-352.383333333333,658.054906853333));
#2739=CARTESIAN_POINT('Ctrl Pts',(516.2,-352.383333333333,656.423923132804));
#2740=CARTESIAN_POINT('Ctrl Pts',(516.2,-352.383333333333,653.62617807819));
#2741=CARTESIAN_POINT('Ctrl Pts',(516.2,-352.383333333333,651.830879813333));
#2742=CARTESIAN_POINT('Ctrl Pts',(516.2,-352.383333333333,645.98235192533));
#2743=CARTESIAN_POINT('Ctrl Pts',(516.2,-348.484314741333,642.083333333333));
#2744=CARTESIAN_POINT('Ctrl Pts',(516.2,-342.635786853333,642.083333333333));
#2745=CARTESIAN_POINT('Ctrl Pts',(516.2,-340.235681196952,642.083333333333));
#2746=CARTESIAN_POINT('Ctrl Pts',(516.2,-337.835566431099,642.083333333333));
#2747=CARTESIAN_POINT('Ctrl Pts',(516.2,-335.435556075585,642.083333333333));
#2748=CARTESIAN_POINT('Ctrl Pts',(516.2,-200.296762521339,642.083333333333));
#2749=CARTESIAN_POINT('Ctrl Pts',(516.2,-65.4920590838416,642.083333333333));
#2750=CARTESIAN_POINT('Ctrl Pts',(516.2,48.178547730956,642.083333333333));
#2751=CARTESIAN_POINT('Ctrl Pts',(516.2,105.013851138355,642.083333333333));
#2752=CARTESIAN_POINT('Ctrl Pts',(516.2,156.565630390077,642.083333333333));
#2753=CARTESIAN_POINT('Ctrl Pts',(516.2,200.233884672882,642.083333333333));
#2754=CARTESIAN_POINT('Ctrl Pts',(516.2,211.150948243583,642.083333333333));
#2755=CARTESIAN_POINT('Ctrl Pts',(516.2,221.575291503727,642.083333333333));
#2756=CARTESIAN_POINT('Ctrl Pts',(516.2,231.466289440606,642.083333333333));
#2757=CARTESIAN_POINT('Ctrl Pts',(516.2,235.175413666936,642.083333333333));
#2758=CARTESIAN_POINT('Ctrl Pts',(516.2,238.809536207182,642.083333333333));
#2759=CARTESIAN_POINT('Ctrl Pts',(516.2,242.366514726689,642.083333333333));
#2760=CARTESIAN_POINT('Ctrl Pts',(516.2,242.75555925226,642.083333333333));
#2761=CARTESIAN_POINT('Ctrl Pts',(516.2,243.143680912349,642.083333333333));
#2762=CARTESIAN_POINT('Ctrl Pts',(516.2,243.530876903836,642.083333333333));
#2763=CARTESIAN_POINT('Ctrl Pts',(516.2,243.721449930896,642.083333333333));
#2764=CARTESIAN_POINT('Ctrl Pts',(516.2,243.911798716094,642.083333333333));
#2765=CARTESIAN_POINT('Ctrl Pts',(516.2,244.101922925208,642.083333333333));
#2766=CARTESIAN_POINT('Ctrl Pts',(516.2,244.123504425803,642.083333333333));
#2767=CARTESIAN_POINT('Ctrl Pts',(516.2,244.14508303271,642.083333333333));
#2768=CARTESIAN_POINT('Ctrl Pts',(516.2,244.166658745437,642.083333333333));
#2769=CARTESIAN_POINT('Ctrl Pts',(516.2,244.186749042929,642.083333333333));
#2770=CARTESIAN_POINT('Ctrl Pts',(516.2,244.206846174837,642.083333333333));
#2771=CARTESIAN_POINT('Ctrl Pts',(516.2,244.226951160356,642.083333333333));
#2772=CARTESIAN_POINT('Ctrl Pts',(516.2,268.342201927535,642.083333333333));
#2773=CARTESIAN_POINT('Ctrl Pts',(516.2,303.271173035559,642.083333333333));
#2774=CARTESIAN_POINT('Ctrl Pts',(516.2,345.616666666667,642.083333333333));
#2775=CARTESIAN_POINT('Ctrl Pts',(516.2,346.21252964138,642.083333333333));
#2776=CARTESIAN_POINT('Ctrl Pts',(516.2,346.815631845932,642.091264602823));
#2777=CARTESIAN_POINT('Ctrl Pts',(516.2,347.424502186539,642.108066216047));
#2778=CARTESIAN_POINT('Ctrl Pts',(516.2,348.010696798369,642.124242098636));
#2779=CARTESIAN_POINT('Ctrl Pts',(516.2,348.602237671513,642.148640062115));
#2780=CARTESIAN_POINT('Ctrl Pts',(516.2,349.197824218648,642.182050642886));
#2781=CARTESIAN_POINT('Ctrl Pts',(516.2,349.775814686378,642.214474137507));
#2782=CARTESIAN_POINT('Ctrl Pts',(516.2,350.35761511581,642.255385678964));
#2783=CARTESIAN_POINT('Ctrl Pts',(516.2,350.94205162108,642.305460427831));
#2784=CARTESIAN_POINT('Ctrl Pts',(516.2,351.512396519578,642.354327802306));
#2785=CARTESIAN_POINT('Ctrl Pts',(516.2,352.085251744512,642.411921912295));
#2786=CARTESIAN_POINT('Ctrl Pts',(516.2,352.65954318192,642.47882311719));
#2787=CARTESIAN_POINT('Ctrl Pts',(516.2,353.222304676005,642.544381158927));
#2788=CARTESIAN_POINT('Ctrl Pts',(516.2,353.78644514941,642.618876391482));
#2789=CARTESIAN_POINT('Ctrl Pts',(516.2,354.350972552766,642.702808079762));
#2790=CARTESIAN_POINT('Ctrl Pts',(516.2,354.905925264247,642.785316240948));
#2791=CARTESIAN_POINT('Ctrl Pts',(516.2,355.461251763269,642.876943520342));
#2792=CARTESIAN_POINT('Ctrl Pts',(516.2,356.016029844395,642.978117718291));
#2793=CARTESIAN_POINT('Ctrl Pts',(516.2,356.562775965878,643.077827137615));
#2794=CARTESIAN_POINT('Ctrl Pts',(516.2,357.108989316402,643.186809070347));
#2795=CARTESIAN_POINT('Ctrl Pts',(516.2,357.653808796985,643.305426902435));
#2796=CARTESIAN_POINT('Ctrl Pts',(516.2,358.2200104754,643.428700056226));
#2797=CARTESIAN_POINT('Ctrl Pts',(516.2,358.784706366822,643.562380781787));
#2798=CARTESIAN_POINT('Ctrl Pts',(516.2,359.346957423021,643.706822303415));
#2799=CARTESIAN_POINT('Ctrl Pts',(516.2,359.891638133714,643.846750027492));
#2800=CARTESIAN_POINT('Ctrl Pts',(516.2,360.434024396991,643.996776339015));
#2801=CARTESIAN_POINT('Ctrl Pts',(516.2,360.973290133737,644.157170756202));
#2802=CARTESIAN_POINT('Ctrl Pts',(516.2,361.49570381621,644.312552847852));
#2803=CARTESIAN_POINT('Ctrl Pts',(516.2,362.015188953871,644.477664989158));
#2804=CARTESIAN_POINT('Ctrl Pts',(516.2,362.531021099489,644.652705472248));
#2805=CARTESIAN_POINT('Ctrl Pts',(516.2,363.036628123484,644.824276202156));
#2806=CARTESIAN_POINT('Ctrl Pts',(516.2,363.538725504876,645.005385470628));
#2807=CARTESIAN_POINT('Ctrl Pts',(516.2,364.036657360677,645.196176203461));
#2808=CARTESIAN_POINT('Ctrl Pts',(516.2,364.531441294001,645.385760758321));
#2809=CARTESIAN_POINT('Ctrl Pts',(516.2,365.022112115426,645.584904744571));
#2810=CARTESIAN_POINT('Ctrl Pts',(516.2,365.508053595024,645.793705306465));
#2811=CARTESIAN_POINT('Ctrl Pts',(516.2,365.991348690034,646.001368763149));
#2812=CARTESIAN_POINT('Ctrl Pts',(516.2,366.469965729014,646.218583890584));
#2813=CARTESIAN_POINT('Ctrl Pts',(516.2,366.943326874873,646.445403651751));
#2814=CARTESIAN_POINT('Ctrl Pts',(516.2,367.414485516757,646.671168042341));
#2815=CARTESIAN_POINT('Ctrl Pts',(516.2,367.880436980669,646.906447875909));
#2816=CARTESIAN_POINT('Ctrl Pts',(516.2,368.340640896289,647.151253301448));
#2817=CARTESIAN_POINT('Ctrl Pts',(516.2,368.799037581939,647.395097371191));
#2818=CARTESIAN_POINT('Ctrl Pts',(516.2,369.251731694074,647.648392340192));
#2819=CARTESIAN_POINT('Ctrl Pts',(516.2,369.698219674416,647.911106722103));
#2820=CARTESIAN_POINT('Ctrl Pts',(516.2,370.143254281568,648.172965936448));
#2821=CARTESIAN_POINT('Ctrl Pts',(516.2,370.582123019773,648.444183310539));
#2822=CARTESIAN_POINT('Ctrl Pts',(516.2,371.014358711593,648.724686745351));
#2823=CARTESIAN_POINT('Ctrl Pts',(516.2,371.445459255009,649.004453514885));
#2824=CARTESIAN_POINT('Ctrl Pts',(516.2,371.869961474375,649.293457599598));
#2825=CARTESIAN_POINT('Ctrl Pts',(516.2,372.287434328679,649.591587178407));
#2826=CARTESIAN_POINT('Ctrl Pts',(516.2,372.704059332905,649.889111282671));
#2827=CARTESIAN_POINT('Ctrl Pts',(516.2,373.113683426593,650.19572381308));
#2828=CARTESIAN_POINT('Ctrl Pts',(516.2,373.515911619188,650.511274002217));
#2829=CARTESIAN_POINT('Ctrl Pts',(516.2,373.917552193179,650.826363201385));
#2830=CARTESIAN_POINT('Ctrl Pts',(516.2,374.311818394441,651.150363920476));
#2831=CARTESIAN_POINT('Ctrl Pts',(516.2,374.698351333566,651.48308711835));
#2832=CARTESIAN_POINT('Ctrl Pts',(516.2,375.084533003043,651.81550794727));
#2833=CARTESIAN_POINT('Ctrl Pts',(516.2,375.462995397438,652.156635361038));
#2834=CARTESIAN_POINT('Ctrl Pts',(516.2,375.833415899298,652.506242621592));
#2835=CARTESIAN_POINT('Ctrl Pts',(516.2,376.203700232762,652.855721364801));
#2836=CARTESIAN_POINT('Ctrl Pts',(516.2,376.565948526342,653.213673669972));
#2837=CARTESIAN_POINT('Ctrl Pts',(516.2,376.919874713345,653.579835586538));
#2838=CARTESIAN_POINT('Ctrl Pts',(516.2,377.273860764337,653.946059436676));
#2839=CARTESIAN_POINT('Ctrl Pts',(516.2,377.619521837981,654.320495620459));
#2840=CARTESIAN_POINT('Ctrl Pts',(516.2,377.956608796845,654.702843366773));
#2841=CARTESIAN_POINT('Ctrl Pts',(516.2,378.293934375782,655.085461772762));
#2842=CARTESIAN_POINT('Ctrl Pts',(516.2,378.622673644912,655.476002887542));
#2843=CARTESIAN_POINT('Ctrl Pts',(516.2,378.942614869473,655.874129415502));
#2844=CARTESIAN_POINT('Ctrl Pts',(516.2,379.262957652086,656.272755631846));
#2845=CARTESIAN_POINT('Ctrl Pts',(516.2,379.574480243502,656.678986252056));
#2846=CARTESIAN_POINT('Ctrl Pts',(516.2,379.877008878524,657.092447649363));
#2847=CARTESIAN_POINT('Ctrl Pts',(516.2,380.180087353467,657.506660504734));
#2848=CARTESIAN_POINT('Ctrl Pts',(516.2,380.474139105658,657.92813037915));
#2849=CARTESIAN_POINT('Ctrl Pts',(516.2,380.759029001868,658.35644739486));
#2850=CARTESIAN_POINT('Ctrl Pts',(516.2,381.044603256447,658.785793307483));
#2851=CARTESIAN_POINT('Ctrl Pts',(516.2,381.320971545442,659.222019228253));
#2852=CARTESIAN_POINT('Ctrl Pts',(516.2,381.588038131201,659.664678980982));
#2853=CARTESIAN_POINT('Ctrl Pts',(516.2,381.861595972334,660.118097913825));
#2854=CARTESIAN_POINT('Ctrl Pts',(516.2,382.12539425431,660.578267280646));
#2855=CARTESIAN_POINT('Ctrl Pts',(516.2,382.379374369371,661.044672664156));
#2856=CARTESIAN_POINT('Ctrl Pts',(516.2,382.629540661102,661.504074398059));
#2857=CARTESIAN_POINT('Ctrl Pts',(516.2,382.870181538998,661.969526091726));
#2858=CARTESIAN_POINT('Ctrl Pts',(516.2,383.101283652506,662.440504073448));
#2859=CARTESIAN_POINT('Ctrl Pts',(516.2,383.333445905956,662.913642583096));
#2860=CARTESIAN_POINT('Ctrl Pts',(516.2,383.555981652528,663.392358119767));
#2861=CARTESIAN_POINT('Ctrl Pts',(516.2,383.768920369902,663.876088931582));
#2862=CARTESIAN_POINT('Ctrl Pts',(516.2,383.982995209589,664.362400661401));
#2863=CARTESIAN_POINT('Ctrl Pts',(516.2,384.187370316818,664.853781243611));
#2864=CARTESIAN_POINT('Ctrl Pts',(516.2,384.382119390753,665.349630004591));
#2865=CARTESIAN_POINT('Ctrl Pts',(516.2,384.578067941851,665.848532742942));
#2866=CARTESIAN_POINT('Ctrl Pts',(516.2,384.764271504257,666.351958782314));
#2867=CARTESIAN_POINT('Ctrl Pts',(516.2,384.940849601986,666.859267389102));
#2868=CARTESIAN_POINT('Ctrl Pts',(516.2,385.118677083659,667.370165474064));
#2869=CARTESIAN_POINT('Ctrl Pts',(516.2,385.28674240007,667.885001171709));
#2870=CARTESIAN_POINT('Ctrl Pts',(516.2,385.445212765298,668.403092182511));
#2871=CARTESIAN_POINT('Ctrl Pts',(516.2,385.604967774526,668.92538311112));
#2872=CARTESIAN_POINT('Ctrl Pts',(516.2,385.754971638121,669.450982248824));
#2873=CARTESIAN_POINT('Ctrl Pts',(516.2,385.895441457265,669.979163762011));
#2874=CARTESIAN_POINT('Ctrl Pts',(516.2,386.037214844782,670.512246831417));
#2875=CARTESIAN_POINT('Ctrl Pts',(516.2,386.169276421906,671.047960325694));
#2876=CARTESIAN_POINT('Ctrl Pts',(516.2,386.291895801651,671.585532318679));
#2877=CARTESIAN_POINT('Ctrl Pts',(516.2,386.416580819903,672.132160216298));
#2878=CARTESIAN_POINT('Ctrl Pts',(516.2,386.531502805903,672.680709670408));
#2879=CARTESIAN_POINT('Ctrl Pts',(516.2,386.636993252203,673.230344022059));
#2880=CARTESIAN_POINT('Ctrl Pts',(516.2,386.743769269292,673.786676552472));
#2881=CARTESIAN_POINT('Ctrl Pts',(516.2,386.840882500321,674.344120463188));
#2882=CARTESIAN_POINT('Ctrl Pts',(516.2,386.92872543831,674.901784275066));
#2883=CARTESIAN_POINT('Ctrl Pts',(516.2,387.017795162245,675.467236238647));
#2884=CARTESIAN_POINT('Ctrl Pts',(516.2,387.097333899627,676.03291415716));
#2885=CARTESIAN_POINT('Ctrl Pts',(516.2,387.167800054561,676.597866205886));
#2886=CARTESIAN_POINT('Ctrl Pts',(516.2,387.239401280773,677.171918521886));
#2887=CARTESIAN_POINT('Ctrl Pts',(516.2,387.301635352235,677.745221250658));
#2888=CARTESIAN_POINT('Ctrl Pts',(516.2,387.355032852555,678.31675487851));
#2889=CARTESIAN_POINT('Ctrl Pts',(516.2,387.409988289813,678.904963694238));
#2890=CARTESIAN_POINT('Ctrl Pts',(516.2,387.455584003447,679.491298537259));
#2891=CARTESIAN_POINT('Ctrl Pts',(516.2,387.492450206464,680.074628100343));
#2892=CARTESIAN_POINT('Ctrl Pts',(516.2,387.530062301954,680.669759831671));
#2893=CARTESIAN_POINT('Ctrl Pts',(516.2,387.558588215559,681.261763245305));
#2894=CARTESIAN_POINT('Ctrl Pts',(516.2,387.578749147734,681.849419132746));
#2895=CARTESIAN_POINT('Ctrl Pts',(516.2,387.599620551341,682.457784018981));
#2896=CARTESIAN_POINT('Ctrl Pts',(516.2,387.611527120086,683.061489352831));
#2897=CARTESIAN_POINT('Ctrl Pts',(516.2,387.615322499734,683.659166644179));
#2898=CARTESIAN_POINT('Ctrl Pts',(516.2,387.616222541612,683.800900710659));
#2899=CARTESIAN_POINT('Ctrl Pts',(516.2,387.616666666667,683.942295724528));
#2900=CARTESIAN_POINT('Ctrl Pts',(516.2,387.616666666667,684.083333333333));
#2901=CARTESIAN_POINT('Ctrl Pts',(516.2,387.616666666667,684.083333333333));
#2902=CARTESIAN_POINT('Ctrl Pts',(516.2,387.616666666667,822.889416454757));
#2903=CARTESIAN_POINT('Ctrl Pts',(516.2,387.616666666667,961.695499576182));
#2904=CARTESIAN_POINT('Ctrl Pts',(516.2,387.616666666667,1078.74486922274));
#2905=CARTESIAN_POINT('Ctrl Pts',(516.2,387.616666666667,1137.26955404601));
#2906=CARTESIAN_POINT('Ctrl Pts',(516.2,387.616666666667,1190.35506050057));
#2907=CARTESIAN_POINT('Ctrl Pts',(516.2,387.616666666667,1235.28179940206));
#2908=CARTESIAN_POINT('Ctrl Pts',(516.2,387.616666666667,1246.51348412743));
#2909=CARTESIAN_POINT('Ctrl Pts',(516.2,387.616666666667,1257.23524588073));
#2910=CARTESIAN_POINT('Ctrl Pts',(516.2,387.616666666667,1267.40459108096));
#2911=CARTESIAN_POINT('Ctrl Pts',(516.2,387.616666666667,1271.21809553105));
#2912=CARTESIAN_POINT('Ctrl Pts',(516.2,387.616666666667,1274.95391640336));
#2913=CARTESIAN_POINT('Ctrl Pts',(516.2,387.616666666667,1278.60981282546));
#2914=CARTESIAN_POINT('Ctrl Pts',(516.2,387.616666666667,1279.00967649663));
#2915=CARTESIAN_POINT('Ctrl Pts',(516.2,387.616666666667,1279.40858404034));
#2916=CARTESIAN_POINT('Ctrl Pts',(516.2,387.616666666667,1279.80653252454));
#2917=CARTESIAN_POINT('Ctrl Pts',(516.2,387.616666666667,1280.00239779411));
#2918=CARTESIAN_POINT('Ctrl Pts',(516.2,387.616666666667,1280.19803073292));
#2919=CARTESIAN_POINT('Ctrl Pts',(516.2,387.616666666667,1280.39343099138));
#2920=CARTESIAN_POINT('Ctrl Pts',(516.2,387.616666666667,1280.4987105663));
#2921=CARTESIAN_POINT('Ctrl Pts',(516.2,387.616666666667,1280.60392259552));
#2922=CARTESIAN_POINT('Ctrl Pts',(516.2,387.616666666667,1280.70906702436));
#2923=CARTESIAN_POINT('Ctrl Pts',(516.2,387.616666666667,1280.758717273));
#2924=CARTESIAN_POINT('Ctrl Pts',(516.2,387.616666666667,1280.80835244796));
#2925=CARTESIAN_POINT('Ctrl Pts',(516.2,387.616666666667,1280.85797254348));
#2926=CARTESIAN_POINT('Ctrl Pts',(516.2,387.616666666667,1280.88932885226));
#2927=CARTESIAN_POINT('Ctrl Pts',(516.2,387.616666666667,1280.92067913933));
#2928=CARTESIAN_POINT('Ctrl Pts',(516.2,387.616666666667,1280.95202340324));
#2929=CARTESIAN_POINT('Ctrl Pts',(516.2,387.616666666667,1280.97489965736));
#2930=CARTESIAN_POINT('Ctrl Pts',(516.2,387.616666666667,1280.9977807162));
#2931=CARTESIAN_POINT('Ctrl Pts',(516.2,387.616666666667,1281.02067360908));
#2932=CARTESIAN_POINT('Ctrl Pts',(516.2,387.616666666667,1305.58907937797));
#2933=CARTESIAN_POINT('Ctrl Pts',(516.2,387.616666666667,1341.24018434552));
#2934=CARTESIAN_POINT('Ctrl Pts',(516.2,387.616666666667,1384.48333333333));
#2935=CARTESIAN_POINT('Ctrl Pts',(516.2,387.616666666667,1385.07914806529));
#2936=CARTESIAN_POINT('Ctrl Pts',(516.2,387.608736681225,1385.68218725257));
#2937=CARTESIAN_POINT('Ctrl Pts',(516.2,387.591938953607,1386.29098150119));
#2938=CARTESIAN_POINT('Ctrl Pts',(516.2,387.575765524748,1386.87714950519));
#2939=CARTESIAN_POINT('Ctrl Pts',(516.2,387.55137111826,1387.4686525012));
#2940=CARTESIAN_POINT('Ctrl Pts',(516.2,387.517966171715,1388.06419113022));
#2941=CARTESIAN_POINT('Ctrl Pts',(516.2,387.485546378664,1388.64216658309));
#2942=CARTESIAN_POINT('Ctrl Pts',(516.2,387.444639570617,1389.22394295568));
#2943=CARTESIAN_POINT('Ctrl Pts',(516.2,387.394571356544,1389.80834730934));
#2944=CARTESIAN_POINT('Ctrl Pts',(516.2,387.345708424397,1390.37868341596));
#2945=CARTESIAN_POINT('Ctrl Pts',(516.2,387.288119781432,1390.95152233833));
#2946=CARTESIAN_POINT('Ctrl Pts',(516.2,387.221225705955,1391.5257907284));
#2947=CARTESIAN_POINT('Ctrl Pts',(516.2,387.155672675186,1392.08854659543));
#2948=CARTESIAN_POINT('Ctrl Pts',(516.2,387.081183511504,1392.65267504799));
#2949=CARTESIAN_POINT('Ctrl Pts',(516.2,386.997259497496,1393.21718467886));
#2950=CARTESIAN_POINT('Ctrl Pts',(516.2,386.914756919112,1393.77213311191));
#2951=CARTESIAN_POINT('Ctrl Pts',(516.2,386.823136340514,1394.32744979192));
#2952=CARTESIAN_POINT('Ctrl Pts',(516.2,386.721970444293,1394.88221306741));
#2953=CARTESIAN_POINT('Ctrl Pts',(516.2,386.622267281151,1395.42895515568));
#2954=CARTESIAN_POINT('Ctrl Pts',(516.2,386.513292801527,1395.97515960904));
#2955=CARTESIAN_POINT('Ctrl Pts',(516.2,386.394684054568,1396.51996581755));
#2956=CARTESIAN_POINT('Ctrl Pts',(516.2,386.277550021146,1397.05799821628));
#2957=CARTESIAN_POINT('Ctrl Pts',(516.2,386.151019785391,1397.59466681458));
#2958=CARTESIAN_POINT('Ctrl Pts',(516.2,386.014789440193,1398.12916564961));
#2959=CARTESIAN_POINT('Ctrl Pts',(516.2,385.875643121581,1398.67510528655));
#2960=CARTESIAN_POINT('Ctrl Pts',(516.2,385.726376713183,1399.21878102157));
#2961=CARTESIAN_POINT('Ctrl Pts',(516.2,385.566716958985,1399.75936107907));
#2962=CARTESIAN_POINT('Ctrl Pts',(516.2,385.412046572107,1400.28304800978));
#2963=CARTESIAN_POINT('Ctrl Pts',(516.2,385.247622448454,1400.80382971497));
#2964=CARTESIAN_POINT('Ctrl Pts',(516.2,385.073243188831,1401.32097666759));
#2965=CARTESIAN_POINT('Ctrl Pts',(516.2,384.902580574452,1401.82710137039));
#2966=CARTESIAN_POINT('Ctrl Pts',(516.2,384.722382765391,1402.32974457611));
#2967=CARTESIAN_POINT('Ctrl Pts',(516.2,384.532504824479,1402.82824871746));
#2968=CARTESIAN_POINT('Ctrl Pts',(516.2,384.343834420428,1403.32358260048));
#2969=CARTESIAN_POINT('Ctrl Pts',(516.2,384.145606622745,1403.814829808));
#2970=CARTESIAN_POINT('Ctrl Pts',(516.2,383.937722349784,1404.30137248275));
#2971=CARTESIAN_POINT('Ctrl Pts',(516.2,383.730977187642,1404.78524912598));
#2972=CARTESIAN_POINT('Ctrl Pts',(516.2,383.514681100121,1405.26447256752));
#2973=CARTESIAN_POINT('Ctrl Pts',(516.2,383.288779250084,1405.73846338436));
#2974=CARTESIAN_POINT('Ctrl Pts',(516.2,383.063935387665,1406.21023431493));
#2975=CARTESIAN_POINT('Ctrl Pts',(516.2,382.829575546769,1406.67682143739));
#2976=CARTESIAN_POINT('Ctrl Pts',(516.2,382.585687758906,1407.13768282447));
#2977=CARTESIAN_POINT('Ctrl Pts',(516.2,382.342764534025,1407.59672152974));
#2978=CARTESIAN_POINT('Ctrl Pts',(516.2,382.09038860318,1408.05007962183));
#2979=CARTESIAN_POINT('Ctrl Pts',(516.2,381.82858968092,1408.4972520042));
#2980=CARTESIAN_POINT('Ctrl Pts',(516.2,381.567649714357,1408.9429572252));
#2981=CARTESIAN_POINT('Ctrl Pts',(516.2,381.297348518209,1409.38251718526));
#2982=CARTESIAN_POINT('Ctrl Pts',(516.2,381.017756461623,1409.81546317892));
#2983=CARTESIAN_POINT('Ctrl Pts',(516.2,380.738905441145,1410.24726168428));
#2984=CARTESIAN_POINT('Ctrl Pts',(516.2,380.450812779123,1410.67248116456));
#2985=CARTESIAN_POINT('Ctrl Pts',(516.2,380.153588603779,1411.09068905381));
#2986=CARTESIAN_POINT('Ctrl Pts',(516.2,379.856974868638,1411.50803802603));
#2987=CARTESIAN_POINT('Ctrl Pts',(516.2,379.551267129612,1411.91840410988));
#2988=CARTESIAN_POINT('Ctrl Pts',(516.2,379.236614493994,1412.32139078686));
#2989=CARTESIAN_POINT('Ctrl Pts',(516.2,378.922428431187,1412.72377990767));
#2990=CARTESIAN_POINT('Ctrl Pts',(516.2,378.599324022939,1413.11881142458));
#2991=CARTESIAN_POINT('Ctrl Pts',(516.2,378.267488679141,1413.50612491192));
#2992=CARTESIAN_POINT('Ctrl Pts',(516.2,377.93596193721,1413.89307820355));
#2993=CARTESIAN_POINT('Ctrl Pts',(516.2,377.595720538966,1414.27232775203));
#2994=CARTESIAN_POINT('Ctrl Pts',(516.2,377.246989616487,1414.6435493906));
#2995=CARTESIAN_POINT('Ctrl Pts',(516.2,376.898394138272,1415.0146268497));
#2996=CARTESIAN_POINT('Ctrl Pts',(516.2,376.54131578041,1415.37768257475));
#2997=CARTESIAN_POINT('Ctrl Pts',(516.2,376.176016909246,1415.73242893245));
#2998=CARTESIAN_POINT('Ctrl Pts',(516.2,375.810663781395,1416.08722797951));
#2999=CARTESIAN_POINT('Ctrl Pts',(516.2,375.437087753147,1416.43371513528));
#3000=CARTESIAN_POINT('Ctrl Pts',(516.2,375.055588029619,1416.77163967444));
#3001=CARTESIAN_POINT('Ctrl Pts',(516.2,374.67382614267,1417.10979643252));
#3002=CARTESIAN_POINT('Ctrl Pts',(516.2,374.284129725073,1417.43937874979));
#3003=CARTESIAN_POINT('Ctrl Pts',(516.2,373.886834520955,1417.76017327846));
#3004=CARTESIAN_POINT('Ctrl Pts',(516.2,373.489049028727,1418.08136368844));
#3005=CARTESIAN_POINT('Ctrl Pts',(516.2,373.083646045629,1418.39374455895));
#3006=CARTESIAN_POINT('Ctrl Pts',(516.2,372.670997657458,1418.69714048282));
#3007=CARTESIAN_POINT('Ctrl Pts',(516.2,372.25760821803,1419.0010812578));
#3008=CARTESIAN_POINT('Ctrl Pts',(516.2,371.83694739235,1419.29600474195));
#3009=CARTESIAN_POINT('Ctrl Pts',(516.2,371.409423523252,1419.58177412715));
#3010=CARTESIAN_POINT('Ctrl Pts',(516.2,370.980882294415,1419.86822354518));
#3011=CARTESIAN_POINT('Ctrl Pts',(516.2,370.545445388657,1420.14547520526));
#3012=CARTESIAN_POINT('Ctrl Pts',(516.2,370.103557448237,1420.4134316577));
#3013=CARTESIAN_POINT('Ctrl Pts',(516.2,369.649305153493,1420.68888573163));
#3014=CARTESIAN_POINT('Ctrl Pts',(516.2,369.188235699541,1420.95451692718));
#3015=CARTESIAN_POINT('Ctrl Pts',(516.2,368.720867504039,1421.21026419264));
#3016=CARTESIAN_POINT('Ctrl Pts',(516.2,368.262180796726,1421.46126088481));
#3017=CARTESIAN_POINT('Ctrl Pts',(516.2,367.797427376597,1421.70273755897));
#3018=CARTESIAN_POINT('Ctrl Pts',(516.2,367.327129486031,1421.93467920576));
#3019=CARTESIAN_POINT('Ctrl Pts',(516.2,366.854685243382,1422.16767939108));
#3020=CARTESIAN_POINT('Ctrl Pts',(516.2,366.376645885869,1422.39105729106));
#3021=CARTESIAN_POINT('Ctrl Pts',(516.2,365.893571718717,1422.6048406735));
#3022=CARTESIAN_POINT('Ctrl Pts',(516.2,365.407932547205,1422.81975919282));
#3023=CARTESIAN_POINT('Ctrl Pts',(516.2,364.917205039722,1423.02498101357));
#3024=CARTESIAN_POINT('Ctrl Pts',(516.2,364.42198839719,1423.22057806733));
#3025=CARTESIAN_POINT('Ctrl Pts',(516.2,363.92373572465,1423.41737427005));
#3026=CARTESIAN_POINT('Ctrl Pts',(516.2,363.420938792087,1423.60442731544));
#3027=CARTESIAN_POINT('Ctrl Pts',(516.2,362.914236823591,1423.78185489412));
#3028=CARTESIAN_POINT('Ctrl Pts',(516.2,362.403965732268,1423.9605322426));
#3029=CARTESIAN_POINT('Ctrl Pts',(516.2,361.88973448984,1424.12944803807));
#3030=CARTESIAN_POINT('Ctrl Pts',(516.2,361.37222383607,1424.28876758524));
#3031=CARTESIAN_POINT('Ctrl Pts',(516.2,360.850536508822,1424.44937295276));
#3032=CARTESIAN_POINT('Ctrl Pts',(516.2,360.325516718691,1424.60022654924));
#3033=CARTESIAN_POINT('Ctrl Pts',(516.2,359.797888672261,1424.74154347757));
#3034=CARTESIAN_POINT('Ctrl Pts',(516.2,359.26538583215,1424.88416604322));
#3035=CARTESIAN_POINT('Ctrl Pts',(516.2,358.730226419358,1425.01707491453));
#3036=CARTESIAN_POINT('Ctrl Pts',(516.2,358.193180643839,1425.14053760051));
#3037=CARTESIAN_POINT('Ctrl Pts',(516.2,357.647103703604,1425.26607648168));
#3038=CARTESIAN_POINT('Ctrl Pts',(516.2,357.099076509191,1425.38184877448));
#3039=CARTESIAN_POINT('Ctrl Pts',(516.2,356.549933896734,1425.48818371631));
#3040=CARTESIAN_POINT('Ctrl Pts',(516.2,355.994126844346,1425.59580914773));
#3041=CARTESIAN_POINT('Ctrl Pts',(516.2,355.437177256515,1425.69376680407));
#3042=CARTESIAN_POINT('Ctrl Pts',(516.2,354.87997464837,1425.78244677314));
#3043=CARTESIAN_POINT('Ctrl Pts',(516.2,354.315023899921,1425.87235987506));
#3044=CARTESIAN_POINT('Ctrl Pts',(516.2,353.7498131764,1425.95273552113));
#3045=CARTESIAN_POINT('Ctrl Pts',(516.2,353.185292149935,1426.0240295234));
#3046=CARTESIAN_POINT('Ctrl Pts',(516.2,352.611719110156,1426.09646671472));
#3047=CARTESIAN_POINT('Ctrl Pts',(516.2,352.0388582071,1426.15952874547));
#3048=CARTESIAN_POINT('Ctrl Pts',(516.2,351.467726546603,1426.21374336838));
#3049=CARTESIAN_POINT('Ctrl Pts',(516.2,350.879916890277,1426.2695411486));
#3050=CARTESIAN_POINT('Ctrl Pts',(516.2,350.293939078026,1426.31596726151));
#3051=CARTESIAN_POINT('Ctrl Pts',(516.2,349.710921958307,1426.35364889409));
#3052=CARTESIAN_POINT('Ctrl Pts',(516.2,349.11615831199,1426.39208972959));
#3053=CARTESIAN_POINT('Ctrl Pts',(516.2,348.524476061621,1426.42143030955));
#3054=CARTESIAN_POINT('Ctrl Pts',(516.2,347.937091603075,1426.44238848759));
#3055=CARTESIAN_POINT('Ctrl Pts',(516.2,347.328824592806,1426.46409176575));
#3056=CARTESIAN_POINT('Ctrl Pts',(516.2,346.725166605892,1426.47680612226));
#3057=CARTESIAN_POINT('Ctrl Pts',(516.2,346.12748437085,1426.48138233654));
#3058=CARTESIAN_POINT('Ctrl Pts',(516.2,345.956713184657,1426.48268986334));
#3059=CARTESIAN_POINT('Ctrl Pts',(516.2,345.786429927564,1426.48333333333));
#3060=CARTESIAN_POINT('Ctrl Pts',(516.2,345.616666666667,1426.48333333333));
#3061=CARTESIAN_POINT('Ctrl Pts',(516.2,314.920818766353,1426.48333333333));
#3062=CARTESIAN_POINT('Ctrl Pts',(516.2,284.224960568597,1426.48333333333));
#3063=CARTESIAN_POINT('Ctrl Pts',(516.2,253.530490427551,1426.48333333333));
#3064=CARTESIAN_POINT('Ctrl Pts',(516.2,154.094092440464,1426.48333333333));
#3065=CARTESIAN_POINT('Ctrl Pts',(516.2,54.6722625201165,1426.48333333333));
#3066=CARTESIAN_POINT('Ctrl Pts',(516.2,-44.6874499132186,1426.48333333333));
#3067=CARTESIAN_POINT('Ctrl Pts',(516.2,-94.367306129886,1426.48333333333));
#3068=CARTESIAN_POINT('Ctrl Pts',(516.2,-144.031632974799,1426.48333333333));
#3069=CARTESIAN_POINT('Ctrl Pts',(516.2,-193.674486770426,1426.48333333333));
#3070=CARTESIAN_POINT('Ctrl Pts',(516.2,-218.495913668239,1426.48333333333));
#3071=CARTESIAN_POINT('Ctrl Pts',(516.2,-243.311972303731,1426.48333333333));
#3072=CARTESIAN_POINT('Ctrl Pts',(516.2,-268.121919717209,1426.48333333333));
#3073=CARTESIAN_POINT('Ctrl Pts',(516.2,-280.526893423948,1426.48333333333));
#3074=CARTESIAN_POINT('Ctrl Pts',(516.2,-292.930339325184,1426.48333333333));
#3075=CARTESIAN_POINT('Ctrl Pts',(516.2,-305.332164550954,1426.48333333333));
#3076=CARTESIAN_POINT('Ctrl Pts',(516.2,-311.533077163839,1426.48333333333));
#3077=CARTESIAN_POINT('Ctrl Pts',(516.2,-317.733584607858,1426.48333333333));
#3078=CARTESIAN_POINT('Ctrl Pts',(516.2,-323.933675274266,1426.48333333333));
#3079=CARTESIAN_POINT('Ctrl Pts',(516.2,-327.033720607469,1426.48333333333));
#3080=CARTESIAN_POINT('Ctrl Pts',(516.2,-330.133661746273,1426.48333333333));
#3081=CARTESIAN_POINT('Ctrl Pts',(516.2,-333.233497239578,1426.48333333333));
#3082=CARTESIAN_POINT('Ctrl Pts',(516.2,-334.78341498623,1426.48333333333));
#3083=CARTESIAN_POINT('Ctrl Pts',(516.2,-336.333306321509,1426.48333333333));
#3084=CARTESIAN_POINT('Ctrl Pts',(516.2,-337.883171064027,1426.48333333333));
#3085=CARTESIAN_POINT('Ctrl Pts',(516.2,-338.658103435285,1426.48333333333));
#3086=CARTESIAN_POINT('Ctrl Pts',(516.2,-339.433029158352,1426.48333333333));
#3087=CARTESIAN_POINT('Ctrl Pts',(516.2,-340.207948210557,1426.48333333333));
#3088=CARTESIAN_POINT('Ctrl Pts',(516.2,-340.59540773666,1426.48333333333));
#3089=CARTESIAN_POINT('Ctrl Pts',(516.2,-340.98286559505,1426.48333333333));
#3090=CARTESIAN_POINT('Ctrl Pts',(516.2,-341.370321782887,1426.48333333333));
#3091=CARTESIAN_POINT('Ctrl Pts',(516.2,-341.564049876805,1426.48333333333));
#3092=CARTESIAN_POINT('Ctrl Pts',(516.2,-341.757777553082,1426.48333333333));
#3093=CARTESIAN_POINT('Ctrl Pts',(516.2,-341.951504811371,1426.48333333333));
#3094=CARTESIAN_POINT('Ctrl Pts',(516.2,-341.975720718657,1426.48333333333));
#3095=CARTESIAN_POINT('Ctrl Pts',(516.2,-341.999936619414,1426.48333333333));
#3096=CARTESIAN_POINT('Ctrl Pts',(516.2,-342.024152513637,1426.48333333333));
#3097=CARTESIAN_POINT('Ctrl Pts',(516.2,-342.03053494852,1426.48333333333));
#3098=CARTESIAN_POINT('Ctrl Pts',(516.2,-342.036917382949,1426.48333333333));
#3099=CARTESIAN_POINT('Ctrl Pts',(516.2,-342.043299816925,1426.48333333333));
#3100=CARTESIAN_POINT('Ctrl Pts',(516.2,-342.046514924177,1426.48333333333));
#3101=CARTESIAN_POINT('Ctrl Pts',(516.2,-342.049730031313,1426.48333333333));
#3102=CARTESIAN_POINT('Ctrl Pts',(516.2,-342.052945138335,1426.48333333333));
#3103=CARTESIAN_POINT('Ctrl Pts',(516.2,-342.055658104394,1426.48333333333));
#3104=CARTESIAN_POINT('Ctrl Pts',(516.2,-342.058379247777,1426.48333333333));
#3105=CARTESIAN_POINT('Ctrl Pts',(516.2,-342.061114174301,1426.48333333333));
#3106=CARTESIAN_POINT('Ctrl Pts',(516.2,-342.219587373153,1426.48333333333));
#3107=CARTESIAN_POINT('Ctrl Pts',(516.2,-342.418243755456,1426.48333333333));
#3108=CARTESIAN_POINT('Ctrl Pts',(516.2,-342.635786853332,1426.48333333333));
#3109=CARTESIAN_POINT('Ctrl Pts',(516.2,-342.644726734577,1426.48333333333));
#3110=CARTESIAN_POINT('Ctrl Pts',(516.2,-342.654912408947,1426.4833226209));
#3111=CARTESIAN_POINT('Ctrl Pts',(516.2,-342.66407053342,1426.48330291304));
#3112=CARTESIAN_POINT('Ctrl Pts',(516.2,-342.668645123917,1426.48329306873));
#3113=CARTESIAN_POINT('Ctrl Pts',(516.2,-342.672963492307,1426.48328130747));
#3114=CARTESIAN_POINT('Ctrl Pts',(516.2,-342.676743144915,1426.48326952311));
#3115=CARTESIAN_POINT('Ctrl Pts',(516.2,-342.677894024644,1426.48326593485));
#3116=CARTESIAN_POINT('Ctrl Pts',(516.2,-342.678994959653,1426.48326235045));
#3117=CARTESIAN_POINT('Ctrl Pts',(516.2,-342.680037981262,1426.48325883636));
#3118=CARTESIAN_POINT('Ctrl Pts',(516.2,-342.680515472549,1426.48325722762));
#3119=CARTESIAN_POINT('Ctrl Pts',(516.2,-342.68098082653,1426.48325563368));
#3120=CARTESIAN_POINT('Ctrl Pts',(516.2,-342.681433278779,1426.48325406114));
#3121=CARTESIAN_POINT('Ctrl Pts',(516.2,-342.681873165095,1426.48325253228));
#3122=CARTESIAN_POINT('Ctrl Pts',(516.2,-342.68230892138,1426.48325099583));
#3123=CARTESIAN_POINT('Ctrl Pts',(516.2,-342.682746576206,1426.48324943087));
#3124=CARTESIAN_POINT('Ctrl Pts',(516.2,-342.954383749251,1426.4822781153));
#3125=CARTESIAN_POINT('Ctrl Pts',(516.2,-343.221786748275,1426.47287322308));
#3126=CARTESIAN_POINT('Ctrl Pts',(516.2,-343.484580563561,1426.45525514901));
#3127=CARTESIAN_POINT('Ctrl Pts',(516.2,-343.748754584721,1426.43754454396));
#3128=CARTESIAN_POINT('Ctrl Pts',(516.2,-344.0082706754,1426.41153441675));
#3129=CARTESIAN_POINT('Ctrl Pts',(516.2,-344.262774892146,1426.37749403307));
#3130=CARTESIAN_POINT('Ctrl Pts',(516.2,-344.518516467338,1426.34328815054));
#3131=CARTESIAN_POINT('Ctrl Pts',(516.2,-344.769197115276,1426.30097391489));
#3132=CARTESIAN_POINT('Ctrl Pts',(516.2,-345.01448796127,1426.25086770673));
#3133=CARTESIAN_POINT('Ctrl Pts',(516.2,-345.260854164547,1426.2005418325));
#3134=CARTESIAN_POINT('Ctrl Pts',(516.2,-345.501783010345,1426.14235570982));
#3135=CARTESIAN_POINT('Ctrl Pts',(516.2,-345.736974706683,1426.07667053815));
#3136=CARTESIAN_POINT('Ctrl Pts',(516.2,-345.973075067454,1426.01073159146));
#3137=CARTESIAN_POINT('Ctrl Pts',(516.2,-346.20339367868,1425.93723574771));
#3138=CARTESIAN_POINT('Ctrl Pts',(516.2,-346.427663716269,1425.85658622871));
#3139=CARTESIAN_POINT('Ctrl Pts',(516.2,-346.652685902045,1425.77566623047));
#3140=CARTESIAN_POINT('Ctrl Pts',(516.2,-346.871618705857,1425.68754471465));
#3141=CARTESIAN_POINT('Ctrl Pts',(516.2,-347.084231895939,1425.59266372324));
#3142=CARTESIAN_POINT('Ctrl Pts',(516.2,-347.297464131134,1425.49750647609));
#3143=CARTESIAN_POINT('Ctrl Pts',(516.2,-347.504339746303,1425.39555056517));
#3144=CARTESIAN_POINT('Ctrl Pts',(516.2,-347.704668361866,1425.28727338651));
#3145=CARTESIAN_POINT('Ctrl Pts',(516.2,-347.915203264162,1425.17347973219));
#3146=CARTESIAN_POINT('Ctrl Pts',(516.2,-348.118506508261,1425.05270432074));
#3147=CARTESIAN_POINT('Ctrl Pts',(516.2,-348.314409241176,1424.92553434709));
#3148=CARTESIAN_POINT('Ctrl Pts',(516.2,-348.502030550221,1424.80374024769));
#3149=CARTESIAN_POINT('Ctrl Pts',(516.2,-348.682864059075,1424.6760812502));
#3150=CARTESIAN_POINT('Ctrl Pts',(516.2,-348.856809013903,1424.54309835867));
#3151=CARTESIAN_POINT('Ctrl Pts',(516.2,-349.031195310264,1424.40977805653));
#3152=CARTESIAN_POINT('Ctrl Pts',(516.2,-349.198657962522,1424.27110705165));
#3153=CARTESIAN_POINT('Ctrl Pts',(516.2,-349.359143661636,1424.12765148041));
#3154=CARTESIAN_POINT('Ctrl Pts',(516.2,-349.520100362369,1423.98377488844));
#3155=CARTESIAN_POINT('Ctrl Pts',(516.2,-349.674039029319,1423.83508584437));
#3156=CARTESIAN_POINT('Ctrl Pts',(516.2,-349.820955512859,1423.68217296389));
#3157=CARTESIAN_POINT('Ctrl Pts',(516.2,-349.968397053424,1423.52871359619));
#3158=CARTESIAN_POINT('Ctrl Pts',(516.2,-350.108766082822,1423.37100038343));
#3159=CARTESIAN_POINT('Ctrl Pts',(516.2,-350.242109185394,1423.20964227462));
#3160=CARTESIAN_POINT('Ctrl Pts',(516.2,-350.376048284686,1423.04756295188));
#3161=CARTESIAN_POINT('Ctrl Pts',(516.2,-350.502898487007,1422.88180630946));
#3162=CARTESIAN_POINT('Ctrl Pts',(516.2,-350.6227586784,1422.71300007172));
#3163=CARTESIAN_POINT('Ctrl Pts',(516.2,-350.74329497966,1422.54324162825));
#3164=CARTESIAN_POINT('Ctrl Pts',(516.2,-350.856762189288,1422.37039931609));
#3165=CARTESIAN_POINT('Ctrl Pts',(516.2,-350.963313207288,1422.19511873957));
#3166=CARTESIAN_POINT('Ctrl Pts',(516.2,-351.070622191557,1422.01859127901));
#3167=CARTESIAN_POINT('Ctrl Pts',(516.2,-351.17091626081,1421.83959096588));
#3168=CARTESIAN_POINT('Ctrl Pts',(516.2,-351.264404359881,1421.65878113376));
#3169=CARTESIAN_POINT('Ctrl Pts',(516.2,-351.362140283907,1421.46975583333));
#3170=CARTESIAN_POINT('Ctrl Pts',(516.2,-351.452437413967,1421.27875308992));
#3171=CARTESIAN_POINT('Ctrl Pts',(516.2,-351.535594451825,1421.08653136131));
#3172=CARTESIAN_POINT('Ctrl Pts',(516.2,-351.617305862984,1420.89765127246));
#3173=CARTESIAN_POINT('Ctrl Pts',(516.2,-351.692123633414,1420.70759444004));
#3174=CARTESIAN_POINT('Ctrl Pts',(516.2,-351.760386263863,1420.51707733906));
#3175=CARTESIAN_POINT('Ctrl Pts',(516.2,-351.829622840511,1420.32384200988));
#3176=CARTESIAN_POINT('Ctrl Pts',(516.2,-351.89211601334,1420.13013342277));
#3177=CARTESIAN_POINT('Ctrl Pts',(516.2,-351.948272974072,1419.93669239993));
#3178=CARTESIAN_POINT('Ctrl Pts',(516.2,-352.005407347465,1419.73988453347));
#3179=CARTESIAN_POINT('Ctrl Pts',(516.2,-352.05598319904,1419.54335387575));
#3180=CARTESIAN_POINT('Ctrl Pts',(516.2,-352.100482639871,1419.3478699215));
#3181=CARTESIAN_POINT('Ctrl Pts',(516.2,-352.14444272619,1419.1547553263));
#3182=CARTESIAN_POINT('Ctrl Pts',(516.2,-352.182473275578,1418.9626623812));
#3183=CARTESIAN_POINT('Ctrl Pts',(516.2,-352.215085424266,1418.77231957251));
#3184=CARTESIAN_POINT('Ctrl Pts',(516.2,-352.227314980024,1418.70094101924));
#3185=CARTESIAN_POINT('Ctrl Pts',(516.2,-352.238783008119,1418.6298084306));
#3186=CARTESIAN_POINT('Ctrl Pts',(516.2,-352.249517961565,1418.55895966043));
#3187=CARTESIAN_POINT('Ctrl Pts',(516.2,-352.250425281712,1418.55297150996));
#3188=CARTESIAN_POINT('Ctrl Pts',(516.2,-352.251326737417,1418.54698963313));
#3189=CARTESIAN_POINT('Ctrl Pts',(516.2,-352.252226515972,1418.54098606303));
#3190=CARTESIAN_POINT('Ctrl Pts',(516.2,-352.275196259182,1418.38772561601));
#3191=CARTESIAN_POINT('Ctrl Pts',(516.2,-352.296574352008,1418.2236141299));
#3192=CARTESIAN_POINT('Ctrl Pts',(516.2,-352.31513785843,1418.0487240518));
#3193=CARTESIAN_POINT('Ctrl Pts',(516.2,-352.333641937569,1417.87439384866));
#3194=CARTESIAN_POINT('Ctrl Pts',(516.2,-352.349347879981,1417.68935265722));
#3195=CARTESIAN_POINT('Ctrl Pts',(516.2,-352.36100885497,1417.49370854265));
#3196=CARTESIAN_POINT('Ctrl Pts',(516.2,-352.372085635639,1417.30786585384));
#3197=CARTESIAN_POINT('Ctrl Pts',(516.2,-352.379511231916,1417.1124554739));
#3198=CARTESIAN_POINT('Ctrl Pts',(516.2,-352.382205933176,1416.90761530355));
#3199=CARTESIAN_POINT('Ctrl Pts',(516.2,-352.382949971548,1416.85105654912));
#3200=CARTESIAN_POINT('Ctrl Pts',(516.2,-352.383333333333,1416.79377919068));
#3201=CARTESIAN_POINT('Ctrl Pts',(516.2,-352.383333333333,1416.73578685333));
#3202=CARTESIAN_POINT('Ctrl Pts',(516.2,-352.383333333333,1415.1048032662));
#3203=CARTESIAN_POINT('Ctrl Pts',(516.2,-352.383333333333,1412.30705812099));
#3204=CARTESIAN_POINT('Ctrl Pts',(516.2,-352.383333333333,1410.51175981333));
#3205=CARTESIAN_POINT('Ctrl Pts',(516.2,-352.383333333333,1404.66323192534));
#3206=CARTESIAN_POINT('Ctrl Pts',(516.2,-348.479052844637,1401.0122476285));
#3207=CARTESIAN_POINT('Ctrl Pts',(516.2,-342.635786853333,1400.76421333333));
#3208=CARTESIAN_POINT('Ctrl Pts',(516.2,-340.392642667996,1400.66899660217));
#3209=CARTESIAN_POINT('Ctrl Pts',(516.2,-338.149489369676,1400.57377948419));
#3210=CARTESIAN_POINT('Ctrl Pts',(516.2,-335.906440884464,1400.4785668153));
#3211=CARTESIAN_POINT('Ctrl Pts',(516.2,-208.756055614941,1395.08130161507));
#3212=CARTESIAN_POINT('Ctrl Pts',(516.2,-81.9455535202182,1389.69846373747));
#3213=CARTESIAN_POINT('Ctrl Pts',(516.2,23.2305468697784,1385.23396050117));
#3214=CARTESIAN_POINT('Ctrl Pts',(516.2,75.8185970647765,1383.00170888303));
#3215=CARTESIAN_POINT('Ctrl Pts',(516.2,122.998046833594,1380.99904092521));
#3216=CARTESIAN_POINT('Ctrl Pts',(516.2,162.107081359988,1379.33894504255));
#3217=CARTESIAN_POINT('Ctrl Pts',(516.2,171.884339991586,1378.92392107189));
#3218=CARTESIAN_POINT('Ctrl Pts',(516.2,181.157197670533,1378.53030785592));
#3219=CARTESIAN_POINT('Ctrl Pts',(516.2,189.884063540326,1378.15987083864));
#3220=CARTESIAN_POINT('Ctrl Pts',(516.2,191.520350890912,1378.0904138979));
#3221=CARTESIAN_POINT('Ctrl Pts',(516.2,193.137443216956,1378.02177174539));
#3222=CARTESIAN_POINT('Ctrl Pts',(516.2,194.735066359983,1377.95395601857));
#3223=CARTESIAN_POINT('Ctrl Pts',(516.2,195.483952208277,1377.92216739662));
#3224=CARTESIAN_POINT('Ctrl Pts',(516.2,196.228560159912,1377.89056036234));
#3225=CARTESIAN_POINT('Ctrl Pts',(516.2,196.968861977434,1377.85913611436));
#3226=CARTESIAN_POINT('Ctrl Pts',(516.2,197.148153823865,1377.85152555431));
#3227=CARTESIAN_POINT('Ctrl Pts',(516.2,197.327193094923,1377.84392571554));
#3228=CARTESIAN_POINT('Ctrl Pts',(516.2,197.505979389485,1377.83633661509));
#3229=CARTESIAN_POINT('Ctrl Pts',(516.2,197.526286339029,1377.83547462799));
#3230=CARTESIAN_POINT('Ctrl Pts',(516.2,197.546588501392,1377.83461284409));
#3231=CARTESIAN_POINT('Ctrl Pts',(516.2,197.566904624438,1377.83375046759));
#3232=CARTESIAN_POINT('Ctrl Pts',(516.2,220.262705102002,1376.87036169099));
#3233=CARTESIAN_POINT('Ctrl Pts',(516.2,255.159778543209,1375.389054657));
#3234=CARTESIAN_POINT('Ctrl Pts',(516.2,298.170666666668,1373.56333333333));
#3235=CARTESIAN_POINT('Ctrl Pts',(516.2,298.52254623067,1373.54839678932));
#3236=CARTESIAN_POINT('Ctrl Pts',(516.2,298.87977549618,1373.52793228342));
#3237=CARTESIAN_POINT('Ctrl Pts',(516.2,299.240953851695,1373.501176742));
#3238=CARTESIAN_POINT('Ctrl Pts',(516.2,299.584380706305,1373.47573620468));
#3239=CARTESIAN_POINT('Ctrl Pts',(516.2,299.931377675821,1373.44460763699));
#3240=CARTESIAN_POINT('Ctrl Pts',(516.2,300.280756816476,1373.40717696099));
#3241=CARTESIAN_POINT('Ctrl Pts',(516.2,300.617069264134,1373.37114618296));
#3242=CARTESIAN_POINT('Ctrl Pts',(516.2,300.955588780482,1373.32927574086));
#3243=CARTESIAN_POINT('Ctrl Pts',(516.2,301.295275231105,1373.28106014112));
#3244=CARTESIAN_POINT('Ctrl Pts',(516.2,301.624844668189,1373.23428056532));
#3245=CARTESIAN_POINT('Ctrl Pts',(516.2,301.95551236113,1373.18152806565));
#3246=CARTESIAN_POINT('Ctrl Pts',(516.2,302.28635029987,1373.12238322866));
#3247=CARTESIAN_POINT('Ctrl Pts',(516.2,302.609102780882,1373.06468385189));
#3248=CARTESIAN_POINT('Ctrl Pts',(516.2,302.932017115281,1373.00090069646));
#3249=CARTESIAN_POINT('Ctrl Pts',(516.2,303.254255615006,1372.93068644676));
#3250=CARTESIAN_POINT('Ctrl Pts',(516.2,303.569897924069,1372.8619094759));
#3251=CARTESIAN_POINT('Ctrl Pts',(516.2,303.884891632623,1372.78696195118));
#3252=CARTESIAN_POINT('Ctrl Pts',(516.2,304.198475076487,1372.70555928134));
#3253=CARTESIAN_POINT('Ctrl Pts',(516.2,304.506605095533,1372.62557225811));
#3254=CARTESIAN_POINT('Ctrl Pts',(516.2,304.813373339294,1372.53935261878));
#3255=CARTESIAN_POINT('Ctrl Pts',(516.2,305.118084307291,1372.44667185213));
#3256=CARTESIAN_POINT('Ctrl Pts',(516.2,305.418249773134,1372.35537364361));
#3257=CARTESIAN_POINT('Ctrl Pts',(516.2,305.716418761785,1372.25780561183));
#3258=CARTESIAN_POINT('Ctrl Pts',(516.2,306.0119548822,1372.15379041179));
#3259=CARTESIAN_POINT('Ctrl Pts',(516.2,306.303686771426,1372.05111412717));
#3260=CARTESIAN_POINT('Ctrl Pts',(516.2,306.592853026783,1371.94215557125));
#3261=CARTESIAN_POINT('Ctrl Pts',(516.2,306.878871180753,1371.82678481));
#3262=CARTESIAN_POINT('Ctrl Pts',(516.2,307.161703650575,1371.71269905391));
#3263=CARTESIAN_POINT('Ctrl Pts',(516.2,307.441457653362,1371.59234313));
#3264=CARTESIAN_POINT('Ctrl Pts',(516.2,307.717600756203,1371.4656315718));
#3265=CARTESIAN_POINT('Ctrl Pts',(516.2,307.991083523499,1371.34014074031));
#3266=CARTESIAN_POINT('Ctrl Pts',(516.2,308.261024535232,1371.20841614531));
#3267=CARTESIAN_POINT('Ctrl Pts',(516.2,308.526938436338,1371.07041443671));
#3268=CARTESIAN_POINT('Ctrl Pts',(516.2,308.790644690177,1370.9335584339));
#3269=CARTESIAN_POINT('Ctrl Pts',(516.2,309.050390335428,1370.79052911953));
#3270=CARTESIAN_POINT('Ctrl Pts',(516.2,309.305734828579,1370.64132335727));
#3271=CARTESIAN_POINT('Ctrl Pts',(516.2,309.559266393624,1370.49317694552));
#3272=CARTESIAN_POINT('Ctrl Pts',(516.2,309.808458999598,1370.3389414931));
#3273=CARTESIAN_POINT('Ctrl Pts',(516.2,310.052915173882,1370.17865252724));
#3274=CARTESIAN_POINT('Ctrl Pts',(516.2,310.295905920941,1370.01932443633));
#3275=CARTESIAN_POINT('Ctrl Pts',(516.2,310.534216777859,1369.85401521082));
#3276=CARTESIAN_POINT('Ctrl Pts',(516.2,310.767492013096,1369.68279777876));
#3277=CARTESIAN_POINT('Ctrl Pts',(516.2,310.999610116887,1369.5124296485));
#3278=CARTESIAN_POINT('Ctrl Pts',(516.2,311.226742363439,1369.33621180393));
#3279=CARTESIAN_POINT('Ctrl Pts',(516.2,311.448573762284,1369.15425355503));
#3280=CARTESIAN_POINT('Ctrl Pts',(516.2,311.669523179848,1368.97301875544));
#3281=CARTESIAN_POINT('Ctrl Pts',(516.2,311.885213754279,1368.78608913563));
#3282=CARTESIAN_POINT('Ctrl Pts',(516.2,312.09537050861,1368.5936095839));
#3283=CARTESIAN_POINT('Ctrl Pts',(516.2,312.30489191746,1368.40171193596));
#3284=CARTESIAN_POINT('Ctrl Pts',(516.2,312.508912857961,1368.20429789478));
#3285=CARTESIAN_POINT('Ctrl Pts',(516.2,312.707197871363,1368.00154732167));
#3286=CARTESIAN_POINT('Ctrl Pts',(516.2,312.90506922404,1367.79921972531));
#3287=CARTESIAN_POINT('Ctrl Pts',(516.2,313.097228505458,1367.59157787612));
#3288=CARTESIAN_POINT('Ctrl Pts',(516.2,313.283479485107,1367.37883619384));
#3289=CARTESIAN_POINT('Ctrl Pts',(516.2,313.478563035133,1367.156005674));
#3290=CARTESIAN_POINT('Ctrl Pts',(516.2,313.667164212175,1366.92757988066));
#3291=CARTESIAN_POINT('Ctrl Pts',(516.2,313.84910295151,1366.69384662542));
#3292=CARTESIAN_POINT('Ctrl Pts',(516.2,314.022638154188,1366.47090923469));
#3293=CARTESIAN_POINT('Ctrl Pts',(516.2,314.190112445558,1366.24314368124));
#3294=CARTESIAN_POINT('Ctrl Pts',(516.2,314.351409717807,1366.01083503267));
#3295=CARTESIAN_POINT('Ctrl Pts',(516.2,314.512912605583,1365.77823024602));
#3296=CARTESIAN_POINT('Ctrl Pts',(516.2,314.668222678793,1365.54107081951));
#3297=CARTESIAN_POINT('Ctrl Pts',(516.2,314.817263284722,1365.29967682595));
#3298=CARTESIAN_POINT('Ctrl Pts',(516.2,314.9666411771,1365.05773654553));
#3299=CARTESIAN_POINT('Ctrl Pts',(516.2,315.109721163377,1364.81154255994));
#3300=CARTESIAN_POINT('Ctrl Pts',(516.2,315.246466642074,1364.56145045964));
#3301=CARTESIAN_POINT('Ctrl Pts',(516.2,315.38366589149,1364.31052846373));
#3302=CARTESIAN_POINT('Ctrl Pts',(516.2,315.514488499655,1364.05568249361));
#3303=CARTESIAN_POINT('Ctrl Pts',(516.2,315.638938714728,1363.79730444284));
#3304=CARTESIAN_POINT('Ctrl Pts',(516.2,315.76394418071,1363.5377736046));
#3305=CARTESIAN_POINT('Ctrl Pts',(516.2,315.882520248084,1363.27467915664));
#3306=CARTESIAN_POINT('Ctrl Pts',(516.2,315.994713049842,1363.0084504088));
#3307=CARTESIAN_POINT('Ctrl Pts',(516.2,316.107547457695,1362.74069915698));
#3308=CARTESIAN_POINT('Ctrl Pts',(516.2,316.213925374155,1362.46977771821));
#3309=CARTESIAN_POINT('Ctrl Pts',(516.2,316.313936139196,1362.19615433527));
#3310=CARTESIAN_POINT('Ctrl Pts',(516.2,316.41465927261,1361.92058195571));
#3311=CARTESIAN_POINT('Ctrl Pts',(516.2,316.508924227175,1361.64226907356));
#3312=CARTESIAN_POINT('Ctrl Pts',(516.2,316.596865231004,1361.36172489045));
#3313=CARTESIAN_POINT('Ctrl Pts',(516.2,316.68981390433,1361.06520553663));
#3314=CARTESIAN_POINT('Ctrl Pts',(516.2,316.775697532746,1360.76619335341));
#3315=CARTESIAN_POINT('Ctrl Pts',(516.2,316.854725818232,1360.46532513406));
#3316=CARTESIAN_POINT('Ctrl Pts',(516.2,316.931447154789,1360.17323968928));
#3317=CARTESIAN_POINT('Ctrl Pts',(516.2,317.001707882014,1359.87940529217));
#3318=CARTESIAN_POINT('Ctrl Pts',(516.2,317.06574589018,1359.58443541089));
#3319=CARTESIAN_POINT('Ctrl Pts',(516.2,317.130618231221,1359.28562245147));
#3320=CARTESIAN_POINT('Ctrl Pts',(516.2,317.189104686961,1358.98564432553));
#3321=CARTESIAN_POINT('Ctrl Pts',(516.2,317.241498142835,1358.68516820753));
#3322=CARTESIAN_POINT('Ctrl Pts',(516.2,317.294706618356,1358.38001795732));
#3323=CARTESIAN_POINT('Ctrl Pts',(516.2,317.341631114186,1358.0743542135));
#3324=CARTESIAN_POINT('Ctrl Pts',(516.2,317.382624409605,1357.76890432921));
#3325=CARTESIAN_POINT('Ctrl Pts',(516.2,317.424908339707,1357.45383764757));
#3326=CARTESIAN_POINT('Ctrl Pts',(516.2,317.460881700063,1357.13899858181));
#3327=CARTESIAN_POINT('Ctrl Pts',(516.2,317.490980084504,1356.82521416568));
#3328=CARTESIAN_POINT('Ctrl Pts',(516.2,317.521724741059,1356.50469217471));
#3329=CARTESIAN_POINT('Ctrl Pts',(516.2,317.546339549407,1356.18527078222));
#3330=CARTESIAN_POINT('Ctrl Pts',(516.2,317.565337530587,1355.86785904557));
#3331=CARTESIAN_POINT('Ctrl Pts',(516.2,317.585198306556,1355.53603203027));
#3332=CARTESIAN_POINT('Ctrl Pts',(516.2,317.598920533092,1355.20640149625));
#3333=CARTESIAN_POINT('Ctrl Pts',(516.2,317.607142050056,1354.88003362073));
#3334=CARTESIAN_POINT('Ctrl Pts',(516.2,317.61360160932,1354.62360981929));
#3335=CARTESIAN_POINT('Ctrl Pts',(516.2,317.616666666667,1354.36920070416));
#3336=CARTESIAN_POINT('Ctrl Pts',(516.2,317.616666666667,1354.11733333333));
#3337=CARTESIAN_POINT('Ctrl Pts',(516.2,387.616666666667,684.083333333333));
#3338=CARTESIAN_POINT('Ctrl Pts',(489.56,387.616666666667,684.083333333333));
#3339=CARTESIAN_POINT('Ctrl Pts',(516.2,387.616666666667,917.55));
#3340=CARTESIAN_POINT('Ctrl Pts',(489.56,387.616666666667,917.55));
#3341=CARTESIAN_POINT('Ctrl Pts',(516.2,387.616666666667,1151.01666666667));
#3342=CARTESIAN_POINT('Ctrl Pts',(489.56,387.616666666667,1151.01666666667));
#3343=CARTESIAN_POINT('Ctrl Pts',(516.2,387.616666666667,1384.48333333333));
#3344=CARTESIAN_POINT('Ctrl Pts',(489.56,387.616666666667,1384.48333333333));
#3345=CARTESIAN_POINT('Ctrl Pts',(516.2,387.616666666667,1410.90133333333));
#3346=CARTESIAN_POINT('Ctrl Pts',(489.56,387.616666666667,1410.90133333333));
#3347=CARTESIAN_POINT('Ctrl Pts',(516.2,372.034666666667,1426.48333333333));
#3348=CARTESIAN_POINT('Ctrl Pts',(489.56,372.034666666667,1426.48333333333));
#3349=CARTESIAN_POINT('Ctrl Pts',(516.2,345.616666666667,1426.48333333333));
#3350=CARTESIAN_POINT('Ctrl Pts',(489.56,345.616666666667,1426.48333333333));
#3351=CARTESIAN_POINT('Ctrl Pts',(516.2,116.19918216,1426.48333333333));
#3352=CARTESIAN_POINT('Ctrl Pts',(489.56,116.19918216,1426.48333333333));
#3353=CARTESIAN_POINT('Ctrl Pts',(516.2,-113.218302346666,1426.48333333333));
#3354=CARTESIAN_POINT('Ctrl Pts',(489.56,-113.218302346666,1426.48333333333));
#3355=CARTESIAN_POINT('Ctrl Pts',(516.2,-342.635786853333,1426.48333333333));
#3356=CARTESIAN_POINT('Ctrl Pts',(489.56,-342.635786853333,1426.48333333333));
#3357=CARTESIAN_POINT('Ctrl Pts',(516.2,-348.484314741333,1426.48333333333));
#3358=CARTESIAN_POINT('Ctrl Pts',(489.56,-348.484314741333,1426.48333333333));
#3359=CARTESIAN_POINT('Ctrl Pts',(516.2,-352.383333333333,1422.58431474133));
#3360=CARTESIAN_POINT('Ctrl Pts',(489.56,-352.383333333333,1422.58431474133));
#3361=CARTESIAN_POINT('Ctrl Pts',(516.2,-352.383333333333,1416.73578685333));
#3362=CARTESIAN_POINT('Ctrl Pts',(489.56,-352.383333333333,1416.73578685333));
#3363=CARTESIAN_POINT('Ctrl Pts',(516.2,-352.383333333333,1414.66111117333));
#3364=CARTESIAN_POINT('Ctrl Pts',(489.56,-352.383333333333,1414.66111117333));
#3365=CARTESIAN_POINT('Ctrl Pts',(516.2,-352.383333333333,1412.58643549333));
#3366=CARTESIAN_POINT('Ctrl Pts',(489.56,-352.383333333333,1412.58643549333));
#3367=CARTESIAN_POINT('Ctrl Pts',(516.2,-352.383333333333,1410.51175981333));
#3368=CARTESIAN_POINT('Ctrl Pts',(489.56,-352.383333333333,1410.51175981333));
#3369=CARTESIAN_POINT('Ctrl Pts',(516.2,-352.383333333333,1404.66323192533));
#3370=CARTESIAN_POINT('Ctrl Pts',(489.56,-352.383333333333,1404.66323192533));
#3371=CARTESIAN_POINT('Ctrl Pts',(516.2,-348.479052844637,1401.0122476285));
#3372=CARTESIAN_POINT('Ctrl Pts',(489.56,-348.479052844637,1401.0122476285));
#3373=CARTESIAN_POINT('Ctrl Pts',(516.2,-342.635786853333,1400.76421333333));
#3374=CARTESIAN_POINT('Ctrl Pts',(489.56,-342.635786853333,1400.76421333333));
#3375=CARTESIAN_POINT('Ctrl Pts',(516.2,-129.03363568,1391.69725333333));
#3376=CARTESIAN_POINT('Ctrl Pts',(489.56,-129.03363568,1391.69725333333));
#3377=CARTESIAN_POINT('Ctrl Pts',(516.2,84.5685154933341,1382.63029333333));
#3378=CARTESIAN_POINT('Ctrl Pts',(489.56,84.5685154933341,1382.63029333333));
#3379=CARTESIAN_POINT('Ctrl Pts',(516.2,298.170666666667,1373.56333333333));
#3380=CARTESIAN_POINT('Ctrl Pts',(489.56,298.170666666667,1373.56333333333));
#3381=CARTESIAN_POINT('Ctrl Pts',(516.2,310.391196005397,1373.04459768351));
#3382=CARTESIAN_POINT('Ctrl Pts',(489.56,310.391196005397,1373.04459768351));
#3383=CARTESIAN_POINT('Ctrl Pts',(516.2,317.616666666667,1366.34886733333));
#3384=CARTESIAN_POINT('Ctrl Pts',(489.56,317.616666666667,1366.34886733333));
#3385=CARTESIAN_POINT('Ctrl Pts',(516.2,317.616666666667,1354.11733333333));
#3386=CARTESIAN_POINT('Ctrl Pts',(489.56,317.616666666667,1354.11733333333));
#3387=CARTESIAN_POINT('',(516.2,387.616666666667,684.083333333333));
#3388=CARTESIAN_POINT('',(516.2,317.616666666667,1354.11733333333));
#3389=CARTESIAN_POINT('Ctrl Pts',(516.2,317.616666666667,1354.11733333333));
#3390=CARTESIAN_POINT('Ctrl Pts',(489.56,317.616666666667,1354.11733333333));
#3391=CARTESIAN_POINT('Ctrl Pts',(516.2,317.616666666667,1140.89466666667));
#3392=CARTESIAN_POINT('Ctrl Pts',(489.56,317.616666666667,1140.89466666667));
#3393=CARTESIAN_POINT('Ctrl Pts',(516.2,317.616666666667,927.672));
#3394=CARTESIAN_POINT('Ctrl Pts',(489.56,317.616666666667,927.672));
#3395=CARTESIAN_POINT('Ctrl Pts',(516.2,317.616666666667,714.449333333333));
#3396=CARTESIAN_POINT('Ctrl Pts',(489.56,317.616666666667,714.449333333333));
#3397=CARTESIAN_POINT('Ctrl Pts',(516.2,317.616666666667,702.217799333333));
#3398=CARTESIAN_POINT('Ctrl Pts',(489.56,317.616666666667,702.217799333333));
#3399=CARTESIAN_POINT('Ctrl Pts',(516.2,310.391196005397,695.522068983159));
#3400=CARTESIAN_POINT('Ctrl Pts',(489.56,310.391196005397,695.522068983159));
#3401=CARTESIAN_POINT('Ctrl Pts',(516.2,298.170666666667,695.003333333333));
#3402=CARTESIAN_POINT('Ctrl Pts',(489.56,298.170666666667,695.003333333333));
#3403=CARTESIAN_POINT('Ctrl Pts',(516.2,84.5685154933339,685.936373333333));
#3404=CARTESIAN_POINT('Ctrl Pts',(489.56,84.5685154933339,685.936373333333));
#3405=CARTESIAN_POINT('Ctrl Pts',(516.2,-129.03363568,676.869413333333));
#3406=CARTESIAN_POINT('Ctrl Pts',(489.56,-129.03363568,676.869413333333));
#3407=CARTESIAN_POINT('Ctrl Pts',(516.2,-342.635786853333,667.802453333333));
#3408=CARTESIAN_POINT('Ctrl Pts',(489.56,-342.635786853333,667.802453333333));
#3409=CARTESIAN_POINT('Ctrl Pts',(516.2,-348.479052844638,667.554419038166));
#3410=CARTESIAN_POINT('Ctrl Pts',(489.56,-348.479052844638,667.554419038166));
#3411=CARTESIAN_POINT('Ctrl Pts',(516.2,-352.383333333333,663.903434741333));
#3412=CARTESIAN_POINT('Ctrl Pts',(489.56,-352.383333333333,663.903434741333));
#3413=CARTESIAN_POINT('Ctrl Pts',(516.2,-352.383333333333,658.054906853333));
#3414=CARTESIAN_POINT('Ctrl Pts',(489.56,-352.383333333333,658.054906853333));
#3415=CARTESIAN_POINT('Ctrl Pts',(516.2,-352.383333333333,655.980231173333));
#3416=CARTESIAN_POINT('Ctrl Pts',(489.56,-352.383333333333,655.980231173333));
#3417=CARTESIAN_POINT('Ctrl Pts',(516.2,-352.383333333333,653.905555493333));
#3418=CARTESIAN_POINT('Ctrl Pts',(489.56,-352.383333333333,653.905555493333));
#3419=CARTESIAN_POINT('Ctrl Pts',(516.2,-352.383333333333,651.830879813333));
#3420=CARTESIAN_POINT('Ctrl Pts',(489.56,-352.383333333333,651.830879813333));
#3421=CARTESIAN_POINT('Ctrl Pts',(516.2,-352.383333333333,645.982351925333));
#3422=CARTESIAN_POINT('Ctrl Pts',(489.56,-352.383333333333,645.982351925333));
#3423=CARTESIAN_POINT('Ctrl Pts',(516.2,-348.484314741333,642.083333333333));
#3424=CARTESIAN_POINT('Ctrl Pts',(489.56,-348.484314741333,642.083333333333));
#3425=CARTESIAN_POINT('Ctrl Pts',(516.2,-342.635786853333,642.083333333333));
#3426=CARTESIAN_POINT('Ctrl Pts',(489.56,-342.635786853333,642.083333333333));
#3427=CARTESIAN_POINT('Ctrl Pts',(516.2,-113.218302346666,642.083333333333));
#3428=CARTESIAN_POINT('Ctrl Pts',(489.56,-113.218302346666,642.083333333333));
#3429=CARTESIAN_POINT('Ctrl Pts',(516.2,116.19918216,642.083333333333));
#3430=CARTESIAN_POINT('Ctrl Pts',(489.56,116.19918216,642.083333333333));
#3431=CARTESIAN_POINT('Ctrl Pts',(516.2,345.616666666667,642.083333333333));
#3432=CARTESIAN_POINT('Ctrl Pts',(489.56,345.616666666667,642.083333333333));
#3433=CARTESIAN_POINT('Ctrl Pts',(516.2,372.034666666667,642.083333333333));
#3434=CARTESIAN_POINT('Ctrl Pts',(489.56,372.034666666667,642.083333333333));
#3435=CARTESIAN_POINT('Ctrl Pts',(516.2,387.616666666667,657.665333333333));
#3436=CARTESIAN_POINT('Ctrl Pts',(489.56,387.616666666667,657.665333333333));
#3437=CARTESIAN_POINT('Ctrl Pts',(516.2,387.616666666667,684.083333333333));
#3438=CARTESIAN_POINT('Ctrl Pts',(489.56,387.616666666667,684.083333333333));
#3439=CARTESIAN_POINT('Origin',(479.2,-359.783333333333,802.168333333333));
#3440=CARTESIAN_POINT('',(479.2,375.616666666667,800.583333333333));
#3441=CARTESIAN_POINT('',(479.2,317.616666666667,800.583333333333));
#3442=CARTESIAN_POINT('',(479.2,375.616666666667,800.583333333333));
#3443=CARTESIAN_POINT('',(479.2,375.616666666667,702.583333333333));
#3444=CARTESIAN_POINT('',(479.2,375.616666666667,702.583333333333));
#3445=CARTESIAN_POINT('',(479.2,340.95,698.403333333333));
#3446=CARTESIAN_POINT('Ctrl Pts',(479.2,340.95,698.403333333333));
#3447=CARTESIAN_POINT('Ctrl Pts',(479.2,339.72570634536,698.403333333333));
#3448=CARTESIAN_POINT('Ctrl Pts',(479.2,338.860000000001,699.269039678693));
#3449=CARTESIAN_POINT('Ctrl Pts',(479.2,338.86,700.493333333333));
#3450=CARTESIAN_POINT('Ctrl Pts',(479.2,338.86,701.717626987973));
#3451=CARTESIAN_POINT('Ctrl Pts',(479.2,339.72570634536,702.583333333333));
#3452=CARTESIAN_POINT('Ctrl Pts',(479.2,340.95,702.583333333333));
#3453=CARTESIAN_POINT('Ctrl Pts',(479.2,352.505555555556,702.583333333333));
#3454=CARTESIAN_POINT('Ctrl Pts',(479.2,364.061111111111,702.583333333333));
#3455=CARTESIAN_POINT('Ctrl Pts',(479.2,375.616666666667,702.583333333333));
#3456=CARTESIAN_POINT('',(479.2,340.95,688.263333333333));
#3457=CARTESIAN_POINT('',(479.2,340.95,688.263333333333));
#3458=CARTESIAN_POINT('',(479.2,387.616666666667,684.083333333333));
#3459=CARTESIAN_POINT('Ctrl Pts',(479.2,387.616666666667,684.083333333333));
#3460=CARTESIAN_POINT('Ctrl Pts',(479.2,372.061111111111,684.083333333333));
#3461=CARTESIAN_POINT('Ctrl Pts',(479.2,356.505555555556,684.083333333333));
#3462=CARTESIAN_POINT('Ctrl Pts',(479.2,340.95,684.083333333333));
#3463=CARTESIAN_POINT('Ctrl Pts',(479.2,339.72570634536,684.083333333333));
#3464=CARTESIAN_POINT('Ctrl Pts',(479.2,338.860000000001,684.949039678693));
#3465=CARTESIAN_POINT('Ctrl Pts',(479.2,338.86,686.173333333333));
#3466=CARTESIAN_POINT('Ctrl Pts',(479.2,338.86,687.397626987973));
#3467=CARTESIAN_POINT('Ctrl Pts',(479.2,339.72570634536,688.263333333333));
#3468=CARTESIAN_POINT('Ctrl Pts',(479.2,340.95,688.263333333333));
#3469=CARTESIAN_POINT('',(479.2,317.616666666667,714.449333333333));
#3470=CARTESIAN_POINT('Ctrl Pts',(479.2,317.616666666667,714.449333333333));
#3471=CARTESIAN_POINT('Ctrl Pts',(479.2,317.616666666667,702.217799333333));
#3472=CARTESIAN_POINT('Ctrl Pts',(479.2,310.391196005397,695.522068983159));
#3473=CARTESIAN_POINT('Ctrl Pts',(479.2,298.170666666667,695.003333333333));
#3474=CARTESIAN_POINT('Ctrl Pts',(479.2,268.643655178112,693.749974082896));
#3475=CARTESIAN_POINT('Ctrl Pts',(479.2,239.116633472856,692.496614398782));
#3476=CARTESIAN_POINT('Ctrl Pts',(479.2,209.591034276326,691.243315097158));
#3477=CARTESIAN_POINT('Ctrl Pts',(479.2,117.483463661334,687.333543337483));
#3478=CARTESIAN_POINT('Ctrl Pts',(479.2,25.3897373425477,683.424359238931));
#3479=CARTESIAN_POINT('Ctrl Pts',(479.2,-66.6466415354292,679.517609418072));
#3480=CARTESIAN_POINT('Ctrl Pts',(479.2,-112.664830974418,677.564234507643));
#3481=CARTESIAN_POINT('Ctrl Pts',(479.2,-158.668683553204,675.611468166637));
#3482=CARTESIAN_POINT('Ctrl Pts',(479.2,-204.652761378713,673.659541222126));
#3483=CARTESIAN_POINT('Ctrl Pts',(479.2,-227.644800291467,672.68357774987));
#3484=CARTESIAN_POINT('Ctrl Pts',(479.2,-250.631895515902,671.707824126738));
#3485=CARTESIAN_POINT('Ctrl Pts',(479.2,-273.613367315384,670.732309206114));
#3486=CARTESIAN_POINT('Ctrl Pts',(479.2,-285.104103215124,670.244551745802));
#3487=CARTESIAN_POINT('Ctrl Pts',(479.2,-296.593433258626,669.756853961116));
#3488=CARTESIAN_POINT('Ctrl Pts',(479.2,-308.081272478811,669.269219458731));
#3489=CARTESIAN_POINT('Ctrl Pts',(479.2,-313.825192088903,669.025402207538));
#3490=CARTESIAN_POINT('Ctrl Pts',(479.2,-319.568738993166,668.781600776921));
#3491=CARTESIAN_POINT('Ctrl Pts',(479.2,-325.311902570715,668.537815617712));
#3492=CARTESIAN_POINT('Ctrl Pts',(479.2,-328.183484359489,668.415923038108));
#3493=CARTESIAN_POINT('Ctrl Pts',(479.2,-331.054970316584,668.294034526356));
#3494=CARTESIAN_POINT('Ctrl Pts',(479.2,-333.926359114391,668.17215013881));
#3495=CARTESIAN_POINT('Ctrl Pts',(479.2,-335.362053513294,668.111207945038));
#3496=CARTESIAN_POINT('Ctrl Pts',(479.2,-336.797723622375,668.050266782316));
#3497=CARTESIAN_POINT('Ctrl Pts',(479.2,-338.233369275682,667.989326657691));
#3498=CARTESIAN_POINT('Ctrl Pts',(479.2,-338.951192102336,667.958856595379));
#3499=CARTESIAN_POINT('Ctrl Pts',(479.2,-339.669008815046,667.92838679259));
#3500=CARTESIAN_POINT('Ctrl Pts',(479.2,-340.386819393069,667.897917250206));
#3501=CARTESIAN_POINT('Ctrl Pts',(479.2,-340.745724682081,667.882682479014));
#3502=CARTESIAN_POINT('Ctrl Pts',(479.2,-341.10462843742,667.867447772923));
#3503=CARTESIAN_POINT('Ctrl Pts',(479.2,-341.463530656495,667.852213132043));
#3504=CARTESIAN_POINT('Ctrl Pts',(479.2,-341.642981766033,667.844595811604));
#3505=CARTESIAN_POINT('Ctrl Pts',(479.2,-341.822432491503,667.836978507466));
#3506=CARTESIAN_POINT('Ctrl Pts',(479.2,-342.001882832584,667.829361219646));
#3507=CARTESIAN_POINT('Ctrl Pts',(479.2,-342.024314125219,667.828409058668));
#3508=CARTESIAN_POINT('Ctrl Pts',(479.2,-342.046745411848,667.827456897946));
#3509=CARTESIAN_POINT('Ctrl Pts',(479.2,-342.069176692471,667.826504737478));
#3510=CARTESIAN_POINT('Ctrl Pts',(479.2,-342.074748085295,667.826268243624));
#3511=CARTESIAN_POINT('Ctrl Pts',(479.2,-342.080319477748,667.826031749786));
#3512=CARTESIAN_POINT('Ctrl Pts',(479.2,-342.085890869831,667.825795255964));
#3513=CARTESIAN_POINT('Ctrl Pts',(479.2,-342.088674116033,667.825677113044));
#3514=CARTESIAN_POINT('Ctrl Pts',(479.2,-342.091457362141,667.825558970127));
#3515=CARTESIAN_POINT('Ctrl Pts',(479.2,-342.094240608158,667.825440827214));
#3516=CARTESIAN_POINT('Ctrl Pts',(479.2,-342.096851577985,667.825329997062));
#3517=CARTESIAN_POINT('Ctrl Pts',(479.2,-342.099470622106,667.825218824173));
#3518=CARTESIAN_POINT('Ctrl Pts',(479.2,-342.102103370881,667.82510706955));
#3519=CARTESIAN_POINT('Ctrl Pts',(479.2,-342.249374974606,667.81885570114));
#3520=CARTESIAN_POINT('Ctrl Pts',(479.2,-342.433826983416,667.811026103092));
#3521=CARTESIAN_POINT('Ctrl Pts',(479.2,-342.635786853333,667.802453333333));
#3522=CARTESIAN_POINT('Ctrl Pts',(479.2,-342.644711817063,667.80207448748));
#3523=CARTESIAN_POINT('Ctrl Pts',(479.2,-342.654881334687,667.801633252964));
#3524=CARTESIAN_POINT('Ctrl Pts',(479.2,-342.664027502195,667.801227416738));
#3525=CARTESIAN_POINT('Ctrl Pts',(479.2,-342.668596120047,667.801024696788));
#3526=CARTESIAN_POINT('Ctrl Pts',(479.2,-342.672909562429,667.800831094348));
#3527=CARTESIAN_POINT('Ctrl Pts',(479.2,-342.676686007578,667.800660261038));
#3528=CARTESIAN_POINT('Ctrl Pts',(479.2,-342.677734865357,667.800612814342));
#3529=CARTESIAN_POINT('Ctrl Pts',(479.2,-342.678742302907,667.800567128397));
#3530=CARTESIAN_POINT('Ctrl Pts',(479.2,-342.679702287354,667.800523504177));
#3531=CARTESIAN_POINT('Ctrl Pts',(479.2,-342.680284348004,667.800497053808));
#3532=CARTESIAN_POINT('Ctrl Pts',(479.2,-342.680848963616,667.800471361441));
#3533=CARTESIAN_POINT('Ctrl Pts',(479.2,-342.681394789671,667.800446494533));
#3534=CARTESIAN_POINT('Ctrl Pts',(479.2,-342.681831031217,667.800426620108));
#3535=CARTESIAN_POINT('Ctrl Pts',(479.2,-342.682263559687,667.800406895497));
#3536=CARTESIAN_POINT('Ctrl Pts',(479.2,-342.68269780703,667.800387073249));
#3537=CARTESIAN_POINT('Ctrl Pts',(479.2,-342.960303808252,667.787715090331));
#3538=CARTESIAN_POINT('Ctrl Pts',(479.2,-343.23350326813,667.767338585754));
#3539=CARTESIAN_POINT('Ctrl Pts',(479.2,-343.501893562855,667.7394192449));
#3540=CARTESIAN_POINT('Ctrl Pts',(479.2,-343.770326270052,667.711495492082));
#3541=CARTESIAN_POINT('Ctrl Pts',(479.2,-344.033948090899,667.676026655678));
#3542=CARTESIAN_POINT('Ctrl Pts',(479.2,-344.292385201321,667.633217835627));
#3543=CARTESIAN_POINT('Ctrl Pts',(479.2,-344.550798908669,667.590412892178));
#3544=CARTESIAN_POINT('Ctrl Pts',(479.2,-344.804028654254,667.540269442083));
#3545=CARTESIAN_POINT('Ctrl Pts',(479.2,-345.05173263475,667.483033718503));
#3546=CARTESIAN_POINT('Ctrl Pts',(479.2,-345.299369445544,667.425813515491));
#3547=CARTESIAN_POINT('Ctrl Pts',(479.2,-345.541483310322,667.361505041407));
#3548=CARTESIAN_POINT('Ctrl Pts',(479.2,-345.777767364405,667.290393213397));
#3549=CARTESIAN_POINT('Ctrl Pts',(479.2,-346.01396802994,667.219306481926));
#3550=CARTESIAN_POINT('Ctrl Pts',(479.2,-346.244342836205,667.141421360927));
#3551=CARTESIAN_POINT('Ctrl Pts',(479.2,-346.468622434927,667.057058928956));
#3552=CARTESIAN_POINT('Ctrl Pts',(479.2,-346.692832353795,666.972722706956));
#3553=CARTESIAN_POINT('Ctrl Pts',(479.2,-346.91095070501,666.881913366009));
#3554=CARTESIAN_POINT('Ctrl Pts',(479.2,-347.12274788961,666.784985649299));
#3555=CARTESIAN_POINT('Ctrl Pts',(479.2,-347.334518516473,666.688070086579));
#3556=CARTESIAN_POINT('Ctrl Pts',(479.2,-347.539969431627,666.585037853099));
#3557=CARTESIAN_POINT('Ctrl Pts',(479.2,-347.738912698617,666.476274980902));
#3558=CARTESIAN_POINT('Ctrl Pts',(479.2,-347.947846617034,666.362050190035));
#3559=CARTESIAN_POINT('Ctrl Pts',(479.2,-348.149602322714,666.241504671956));
#3560=CARTESIAN_POINT('Ctrl Pts',(479.2,-348.34401367719,666.115119793494));
#3561=CARTESIAN_POINT('Ctrl Pts',(479.2,-348.52945282577,665.994567656409));
#3562=CARTESIAN_POINT('Ctrl Pts',(479.2,-348.708210150406,665.86870310896));
#3563=CARTESIAN_POINT('Ctrl Pts',(479.2,-348.880187836553,665.737970865467));
#3564=CARTESIAN_POINT('Ctrl Pts',(479.2,-349.052473847776,665.607004242563));
#3565=CARTESIAN_POINT('Ctrl Pts',(479.2,-349.217955808645,665.471152625227));
#3566=CARTESIAN_POINT('Ctrl Pts',(479.2,-349.376582135794,665.330886909726));
#3567=CARTESIAN_POINT('Ctrl Pts',(479.2,-349.535637424057,665.190241884316));
#3568=CARTESIAN_POINT('Ctrl Pts',(479.2,-349.687799886512,665.045159025486));
#3569=CARTESIAN_POINT('Ctrl Pts',(479.2,-349.833065588478,664.89613438881));
#3570=CARTESIAN_POINT('Ctrl Pts',(479.2,-349.97888396497,664.746542776453));
#3571=CARTESIAN_POINT('Ctrl Pts',(479.2,-350.117752956487,664.592979505563));
#3572=CARTESIAN_POINT('Ctrl Pts',(479.2,-350.24971779553,664.435965218527));
#3573=CARTESIAN_POINT('Ctrl Pts',(479.2,-350.382357688831,664.278147739038));
#3574=CARTESIAN_POINT('Ctrl Pts',(479.2,-350.508022585789,664.116844016394));
#3575=CARTESIAN_POINT('Ctrl Pts',(479.2,-350.626808618787,663.952599225593));
#3576=CARTESIAN_POINT('Ctrl Pts',(479.2,-350.746386785973,663.787259155231));
#3577=CARTESIAN_POINT('Ctrl Pts',(479.2,-350.858994029816,663.618938831498));
#3578=CARTESIAN_POINT('Ctrl Pts',(479.2,-350.964779466809,663.448208516856));
#3579=CARTESIAN_POINT('Ctrl Pts',(479.2,-351.071465220654,663.27602515363));
#3580=CARTESIAN_POINT('Ctrl Pts',(479.2,-351.171212567421,663.101390776788));
#3581=CARTESIAN_POINT('Ctrl Pts',(479.2,-351.264226219959,662.92490202969));
#3582=CARTESIAN_POINT('Ctrl Pts',(479.2,-351.361953113254,662.739470144317));
#3583=CARTESIAN_POINT('Ctrl Pts',(479.2,-351.452246259846,662.551991334425));
#3584=CARTESIAN_POINT('Ctrl Pts',(479.2,-351.535403021346,662.363168151617));
#3585=CARTESIAN_POINT('Ctrl Pts',(479.2,-351.61714413294,662.177559470145));
#3586=CARTESIAN_POINT('Ctrl Pts',(479.2,-351.691990124113,661.990652038523));
#3587=CARTESIAN_POINT('Ctrl Pts',(479.2,-351.760278723836,661.803120021456));
#3588=CARTESIAN_POINT('Ctrl Pts',(479.2,-351.829743170327,661.612358930765));
#3589=CARTESIAN_POINT('Ctrl Pts',(479.2,-351.892422558514,661.420951769122));
#3590=CARTESIAN_POINT('Ctrl Pts',(479.2,-351.948727120781,661.229611989473));
#3591=CARTESIAN_POINT('Ctrl Pts',(479.2,-352.006224906942,661.034217277371));
#3592=CARTESIAN_POINT('Ctrl Pts',(479.2,-352.057074954955,660.83889306543));
#3593=CARTESIAN_POINT('Ctrl Pts',(479.2,-352.101768957103,660.644399744347));
#3594=CARTESIAN_POINT('Ctrl Pts',(479.2,-352.145496303302,660.454112986042));
#3595=CARTESIAN_POINT('Ctrl Pts',(479.2,-352.183331558246,660.264621771322));
#3596=CARTESIAN_POINT('Ctrl Pts',(479.2,-352.215781371195,660.076635532247));
#3597=CARTESIAN_POINT('Ctrl Pts',(479.2,-352.22795005105,660.006140692594));
#3598=CARTESIAN_POINT('Ctrl Pts',(479.2,-352.239361834326,659.935857447246));
#3599=CARTESIAN_POINT('Ctrl Pts',(479.2,-352.250044924795,659.865823019965));
#3600=CARTESIAN_POINT('Ctrl Pts',(479.2,-352.250722307597,659.861382346479));
#3601=CARTESIAN_POINT('Ctrl Pts',(479.2,-352.251396876231,659.856941953482));
#3602=CARTESIAN_POINT('Ctrl Pts',(479.2,-352.252070596966,659.852488776156));
#3603=CARTESIAN_POINT('Ctrl Pts',(479.2,-352.275924090598,659.694821316171));
#3604=CARTESIAN_POINT('Ctrl Pts',(479.2,-352.298063921796,659.525415017026));
#3605=CARTESIAN_POINT('Ctrl Pts',(479.2,-352.317122457843,659.344264880411));
#3606=CARTESIAN_POINT('Ctrl Pts',(479.2,-352.337037162962,659.154976912856));
#3607=CARTESIAN_POINT('Ctrl Pts',(479.2,-352.353585694396,658.952864213346));
#3608=CARTESIAN_POINT('Ctrl Pts',(479.2,-352.365160309294,658.737953261442));
#3609=CARTESIAN_POINT('Ctrl Pts',(479.2,-352.375832394177,658.539799980225));
#3610=CARTESIAN_POINT('Ctrl Pts',(479.2,-352.38227411307,658.330765870141));
#3611=CARTESIAN_POINT('Ctrl Pts',(479.2,-352.383213752833,658.110916287711));
#3612=CARTESIAN_POINT('Ctrl Pts',(479.2,-352.383293217446,658.092323777507));
#3613=CARTESIAN_POINT('Ctrl Pts',(479.2,-352.383333333333,658.073653946869));
#3614=CARTESIAN_POINT('Ctrl Pts',(479.2,-352.383333333333,658.054906853333));
#3615=CARTESIAN_POINT('Ctrl Pts',(479.2,-352.383333333333,656.423923132804));
#3616=CARTESIAN_POINT('Ctrl Pts',(479.2,-352.383333333333,653.62617807819));
#3617=CARTESIAN_POINT('Ctrl Pts',(479.2,-352.383333333333,651.830879813333));
#3618=CARTESIAN_POINT('Ctrl Pts',(479.2,-352.383333333333,651.819026112709));
#3619=CARTESIAN_POINT('Ctrl Pts',(479.2,-352.383317316742,651.807180420381));
#3620=CARTESIAN_POINT('Ctrl Pts',(479.2,-352.383285299791,651.79534275258));
#3621=CARTESIAN_POINT('Ctrl Pts',(479.2,-352.367520390873,645.966563007759));
#3622=CARTESIAN_POINT('Ctrl Pts',(479.2,-348.472461040709,642.083333333333));
#3623=CARTESIAN_POINT('Ctrl Pts',(479.2,-342.635786853333,642.083333333333));
#3624=CARTESIAN_POINT('Ctrl Pts',(479.2,-340.235666472719,642.083333333333));
#3625=CARTESIAN_POINT('Ctrl Pts',(479.2,-337.835536982517,642.083333333333));
#3626=CARTESIAN_POINT('Ctrl Pts',(479.2,-335.435511904651,642.083333333333));
#3627=CARTESIAN_POINT('Ctrl Pts',(479.2,-200.296725785028,642.083333333333));
#3628=CARTESIAN_POINT('Ctrl Pts',(479.2,-65.4920320119553,642.083333333333));
#3629=CARTESIAN_POINT('Ctrl Pts',(479.2,48.1785663079183,642.083333333333));
#3630=CARTESIAN_POINT('Ctrl Pts',(479.2,105.013865467855,642.083333333333));
#3631=CARTESIAN_POINT('Ctrl Pts',(479.2,156.565640764493,642.083333333333));
#3632=CARTESIAN_POINT('Ctrl Pts',(479.2,200.233891809499,642.083333333333));
#3633=CARTESIAN_POINT('Ctrl Pts',(479.2,211.150954570751,642.083333333333));
#3634=CARTESIAN_POINT('Ctrl Pts',(479.2,221.575297066275,642.083333333333));
#3635=CARTESIAN_POINT('Ctrl Pts',(479.2,231.466294290006,642.083333333333));
#3636=CARTESIAN_POINT('Ctrl Pts',(479.2,235.175418248904,642.083333333333));
#3637=CARTESIAN_POINT('Ctrl Pts',(479.2,238.809540528957,642.083333333333));
#3638=CARTESIAN_POINT('Ctrl Pts',(479.2,242.366518795859,642.083333333333));
#3639=CARTESIAN_POINT('Ctrl Pts',(479.2,242.755563293802,642.083333333333));
#3640=CARTESIAN_POINT('Ctrl Pts',(479.2,243.143684926352,642.083333333333));
#3641=CARTESIAN_POINT('Ctrl Pts',(479.2,243.530880890392,642.083333333333));
#3642=CARTESIAN_POINT('Ctrl Pts',(479.2,243.721453903944,642.083333333333));
#3643=CARTESIAN_POINT('Ctrl Pts',(479.2,243.911802675655,642.083333333333));
#3644=CARTESIAN_POINT('Ctrl Pts',(479.2,244.101926871305,642.083333333333));
#3645=CARTESIAN_POINT('Ctrl Pts',(479.2,244.123508154321,642.083333333333));
#3646=CARTESIAN_POINT('Ctrl Pts',(479.2,244.145086543706,642.083333333333));
#3647=CARTESIAN_POINT('Ctrl Pts',(479.2,244.166662038971,642.083333333333));
#3648=CARTESIAN_POINT('Ctrl Pts',(479.2,244.186751443823,642.083333333333));
#3649=CARTESIAN_POINT('Ctrl Pts',(479.2,244.20684768459,642.083333333333));
#3650=CARTESIAN_POINT('Ctrl Pts',(479.2,244.226951777244,642.083333333333));
#3651=CARTESIAN_POINT('Ctrl Pts',(479.2,268.34220252321,642.083333333333));
#3652=CARTESIAN_POINT('Ctrl Pts',(479.2,303.271173396636,642.083333333333));
#3653=CARTESIAN_POINT('Ctrl Pts',(479.2,345.616666666667,642.083333333333));
#3654=CARTESIAN_POINT('Ctrl Pts',(479.2,346.212529641365,642.083333333333));
#3655=CARTESIAN_POINT('Ctrl Pts',(479.2,346.8156318459,642.091264602823));
#3656=CARTESIAN_POINT('Ctrl Pts',(479.2,347.42450218649,642.108066216045));
#3657=CARTESIAN_POINT('Ctrl Pts',(479.2,348.010696798291,642.124242098634));
#3658=CARTESIAN_POINT('Ctrl Pts',(479.2,348.602237671405,642.14864006211));
#3659=CARTESIAN_POINT('Ctrl Pts',(479.2,349.197824218509,642.182050642878));
#3660=CARTESIAN_POINT('Ctrl Pts',(479.2,349.775814686245,642.214474137498));
#3661=CARTESIAN_POINT('Ctrl Pts',(479.2,350.357615115683,642.255385678954));
#3662=CARTESIAN_POINT('Ctrl Pts',(479.2,350.94205162096,642.30546042782));
#3663=CARTESIAN_POINT('Ctrl Pts',(479.2,351.512396519478,642.354327802296));
#3664=CARTESIAN_POINT('Ctrl Pts',(479.2,352.085251744433,642.411921912286));
#3665=CARTESIAN_POINT('Ctrl Pts',(479.2,352.659543181861,642.478823117183));
#3666=CARTESIAN_POINT('Ctrl Pts',(479.2,353.222304675939,642.544381158919));
#3667=CARTESIAN_POINT('Ctrl Pts',(479.2,353.786445149339,642.618876391473));
#3668=CARTESIAN_POINT('Ctrl Pts',(479.2,354.350972552688,642.702808079751));
#3669=CARTESIAN_POINT('Ctrl Pts',(479.2,354.905925264185,642.785316240938));
#3670=CARTESIAN_POINT('Ctrl Pts',(479.2,355.461251763223,642.876943520334));
#3671=CARTESIAN_POINT('Ctrl Pts',(479.2,356.016029844365,642.978117718285));
#3672=CARTESIAN_POINT('Ctrl Pts',(479.2,356.562775965849,643.077827137609));
#3673=CARTESIAN_POINT('Ctrl Pts',(479.2,357.108989316375,643.186809070341));
#3674=CARTESIAN_POINT('Ctrl Pts',(479.2,357.653808796959,643.305426902429));
#3675=CARTESIAN_POINT('Ctrl Pts',(479.2,358.220010475375,643.42870005622));
#3676=CARTESIAN_POINT('Ctrl Pts',(479.2,358.784706366797,643.562380781781));
#3677=CARTESIAN_POINT('Ctrl Pts',(479.2,359.346957422996,643.706822303409));
#3678=CARTESIAN_POINT('Ctrl Pts',(479.2,359.891638133689,643.846750027486));
#3679=CARTESIAN_POINT('Ctrl Pts',(479.2,360.434024396967,643.996776339008));
#3680=CARTESIAN_POINT('Ctrl Pts',(479.2,360.973290133713,644.157170756195));
#3681=CARTESIAN_POINT('Ctrl Pts',(479.2,361.495703816187,644.312552847845));
#3682=CARTESIAN_POINT('Ctrl Pts',(479.2,362.015188953848,644.47766498915));
#3683=CARTESIAN_POINT('Ctrl Pts',(479.2,362.531021099467,644.65270547224));
#3684=CARTESIAN_POINT('Ctrl Pts',(479.2,363.036628123459,644.824276202148));
#3685=CARTESIAN_POINT('Ctrl Pts',(479.2,363.538725504849,645.005385470619));
#3686=CARTESIAN_POINT('Ctrl Pts',(479.2,364.036657360649,645.19617620345));
#3687=CARTESIAN_POINT('Ctrl Pts',(479.2,364.531441293972,645.385760758309));
#3688=CARTESIAN_POINT('Ctrl Pts',(479.2,365.022112115395,645.584904744558));
#3689=CARTESIAN_POINT('Ctrl Pts',(479.2,365.508053594992,645.793705306452));
#3690=CARTESIAN_POINT('Ctrl Pts',(479.2,365.991348690005,646.001368763136));
#3691=CARTESIAN_POINT('Ctrl Pts',(479.2,366.469965728987,646.218583890571));
#3692=CARTESIAN_POINT('Ctrl Pts',(479.2,366.943326874848,646.445403651739));
#3693=CARTESIAN_POINT('Ctrl Pts',(479.2,367.414485516731,646.671168042329));
#3694=CARTESIAN_POINT('Ctrl Pts',(479.2,367.880436980643,646.906447875896));
#3695=CARTESIAN_POINT('Ctrl Pts',(479.2,368.340640896262,647.151253301434));
#3696=CARTESIAN_POINT('Ctrl Pts',(479.2,368.799037581912,647.395097371176));
#3697=CARTESIAN_POINT('Ctrl Pts',(479.2,369.251731694046,647.648392340176));
#3698=CARTESIAN_POINT('Ctrl Pts',(479.2,369.698219674388,647.911106722086));
#3699=CARTESIAN_POINT('Ctrl Pts',(479.2,370.143254281541,648.172965936432));
#3700=CARTESIAN_POINT('Ctrl Pts',(479.2,370.582123019746,648.444183310522));
#3701=CARTESIAN_POINT('Ctrl Pts',(479.2,371.014358711567,648.724686745334));
#3702=CARTESIAN_POINT('Ctrl Pts',(479.2,371.445459254983,649.004453514868));
#3703=CARTESIAN_POINT('Ctrl Pts',(479.2,371.86996147435,649.293457599581));
#3704=CARTESIAN_POINT('Ctrl Pts',(479.2,372.287434328655,649.59158717839));
#3705=CARTESIAN_POINT('Ctrl Pts',(479.2,372.704059332878,649.889111282651));
#3706=CARTESIAN_POINT('Ctrl Pts',(479.2,373.113683426562,650.195723813057));
#3707=CARTESIAN_POINT('Ctrl Pts',(479.2,373.515911619155,650.511274002191));
#3708=CARTESIAN_POINT('Ctrl Pts',(479.2,373.917552193144,650.826363201356));
#3709=CARTESIAN_POINT('Ctrl Pts',(479.2,374.311818394404,651.150363920444));
#3710=CARTESIAN_POINT('Ctrl Pts',(479.2,374.698351333527,651.483087118316));
#3711=CARTESIAN_POINT('Ctrl Pts',(479.2,375.084533003007,651.815507947238));
#3712=CARTESIAN_POINT('Ctrl Pts',(479.2,375.462995397406,652.156635361009));
#3713=CARTESIAN_POINT('Ctrl Pts',(479.2,375.833415899269,652.506242621566));
#3714=CARTESIAN_POINT('Ctrl Pts',(479.2,376.203700232736,652.855721364776));
#3715=CARTESIAN_POINT('Ctrl Pts',(479.2,376.565948526318,653.213673669948));
#3716=CARTESIAN_POINT('Ctrl Pts',(479.2,376.919874713323,653.579835586516));
#3717=CARTESIAN_POINT('Ctrl Pts',(479.2,377.273860764314,653.946059436652));
#3718=CARTESIAN_POINT('Ctrl Pts',(479.2,377.619521837958,654.320495620434));
#3719=CARTESIAN_POINT('Ctrl Pts',(479.2,377.956608796821,654.702843366746));
#3720=CARTESIAN_POINT('Ctrl Pts',(479.2,378.29393437576,655.085461772736));
#3721=CARTESIAN_POINT('Ctrl Pts',(479.2,378.622673644891,655.476002887516));
#3722=CARTESIAN_POINT('Ctrl Pts',(479.2,378.942614869453,655.874129415477));
#3723=CARTESIAN_POINT('Ctrl Pts',(479.2,379.262957652072,656.272755631826));
#3724=CARTESIAN_POINT('Ctrl Pts',(479.2,379.574480243492,656.678986252042));
#3725=CARTESIAN_POINT('Ctrl Pts',(479.2,379.877008878519,657.092447649356));
#3726=CARTESIAN_POINT('Ctrl Pts',(479.2,380.180087353469,657.506660504736));
#3727=CARTESIAN_POINT('Ctrl Pts',(479.2,380.474139105666,657.928130379162));
#3728=CARTESIAN_POINT('Ctrl Pts',(479.2,380.759029001882,658.356447394881));
#3729=CARTESIAN_POINT('Ctrl Pts',(479.2,381.044603256471,658.785793307518));
#3730=CARTESIAN_POINT('Ctrl Pts',(479.2,381.320971545474,659.222019228304));
#3731=CARTESIAN_POINT('Ctrl Pts',(479.2,381.588038131241,659.664678981048));
#3732=CARTESIAN_POINT('Ctrl Pts',(479.2,381.861595972373,660.118097913891));
#3733=CARTESIAN_POINT('Ctrl Pts',(479.2,382.125394254347,660.578267280711));
#3734=CARTESIAN_POINT('Ctrl Pts',(479.2,382.379374369406,661.04467266422));
#3735=CARTESIAN_POINT('Ctrl Pts',(479.2,382.629540661138,661.504074398126));
#3736=CARTESIAN_POINT('Ctrl Pts',(479.2,382.870181539034,661.969526091796));
#3737=CARTESIAN_POINT('Ctrl Pts',(479.2,383.101283652542,662.440504073522));
#3738=CARTESIAN_POINT('Ctrl Pts',(479.2,383.333445905993,662.913642583176));
#3739=CARTESIAN_POINT('Ctrl Pts',(479.2,383.555981652567,663.392358119853));
#3740=CARTESIAN_POINT('Ctrl Pts',(479.2,383.768920369942,663.876088931674));
#3741=CARTESIAN_POINT('Ctrl Pts',(479.2,383.982995209628,664.362400661493));
#3742=CARTESIAN_POINT('Ctrl Pts',(479.2,384.187370316855,664.853781243704));
#3743=CARTESIAN_POINT('Ctrl Pts',(479.2,384.382119390789,665.349630004683));
#3744=CARTESIAN_POINT('Ctrl Pts',(479.2,384.578067941883,665.848532743027));
#3745=CARTESIAN_POINT('Ctrl Pts',(479.2,384.764271504285,666.351958782391));
#3746=CARTESIAN_POINT('Ctrl Pts',(479.2,384.94084960201,666.85926738917));
#3747=CARTESIAN_POINT('Ctrl Pts',(479.2,385.118677083688,667.370165474148));
#3748=CARTESIAN_POINT('Ctrl Pts',(479.2,385.286742400102,667.885001171809));
#3749=CARTESIAN_POINT('Ctrl Pts',(479.2,385.445212765333,668.403092182627));
#3750=CARTESIAN_POINT('Ctrl Pts',(479.2,385.604967774563,668.925383111244));
#3751=CARTESIAN_POINT('Ctrl Pts',(479.2,385.754971638158,669.450982248957));
#3752=CARTESIAN_POINT('Ctrl Pts',(479.2,385.895441457303,669.979163762152));
#3753=CARTESIAN_POINT('Ctrl Pts',(479.2,386.037214844815,670.51224683155));
#3754=CARTESIAN_POINT('Ctrl Pts',(479.2,386.169276421936,671.047960325819));
#3755=CARTESIAN_POINT('Ctrl Pts',(479.2,386.291895801678,671.585532318797));
#3756=CARTESIAN_POINT('Ctrl Pts',(479.2,386.416580819929,672.132160216418));
#3757=CARTESIAN_POINT('Ctrl Pts',(479.2,386.531502805928,672.680709670531));
#3758=CARTESIAN_POINT('Ctrl Pts',(479.2,386.636993252227,673.230344022184));
#3759=CARTESIAN_POINT('Ctrl Pts',(479.2,386.743769269315,673.786676552603));
#3760=CARTESIAN_POINT('Ctrl Pts',(479.2,386.840882500344,674.344120463324));
#3761=CARTESIAN_POINT('Ctrl Pts',(479.2,386.928725438332,674.901784275207));
#3762=CARTESIAN_POINT('Ctrl Pts',(479.2,387.017795162267,675.467236238791));
#3763=CARTESIAN_POINT('Ctrl Pts',(479.2,387.097333899647,676.032914157307));
#3764=CARTESIAN_POINT('Ctrl Pts',(479.2,387.16780005458,676.597866206036));
#3765=CARTESIAN_POINT('Ctrl Pts',(479.2,387.239401280788,677.171918522022));
#3766=CARTESIAN_POINT('Ctrl Pts',(479.2,387.301635352248,677.745221250778));
#3767=CARTESIAN_POINT('Ctrl Pts',(479.2,387.355032852565,678.316754878616));
#3768=CARTESIAN_POINT('Ctrl Pts',(479.2,387.409988289821,678.904963694339));
#3769=CARTESIAN_POINT('Ctrl Pts',(479.2,387.455584003454,679.491298537355));
#3770=CARTESIAN_POINT('Ctrl Pts',(479.2,387.49245020647,680.074628100434));
#3771=CARTESIAN_POINT('Ctrl Pts',(479.2,387.53006230196,680.669759831767));
#3772=CARTESIAN_POINT('Ctrl Pts',(479.2,387.558588215564,681.261763245405));
#3773=CARTESIAN_POINT('Ctrl Pts',(479.2,387.578749147738,681.849419132849));
#3774=CARTESIAN_POINT('Ctrl Pts',(479.2,387.599620551344,682.457784019077));
#3775=CARTESIAN_POINT('Ctrl Pts',(479.2,387.611527120087,683.06148935292));
#3776=CARTESIAN_POINT('Ctrl Pts',(479.2,387.615322499735,683.659166644262));
#3777=CARTESIAN_POINT('Ctrl Pts',(479.2,387.616222541612,683.800900710714));
#3778=CARTESIAN_POINT('Ctrl Pts',(479.2,387.616666666667,683.942295724556));
#3779=CARTESIAN_POINT('Ctrl Pts',(479.2,387.616666666667,684.083333333333));
#3780=CARTESIAN_POINT('',(479.2,317.616666666667,800.583333333333));
#3781=CARTESIAN_POINT('Origin',(497.7,-359.783333333333,802.168333333333));
#3782=CARTESIAN_POINT('',(497.7,317.616666666667,714.449333333333));
#3783=CARTESIAN_POINT('',(497.7,387.616666666667,684.083333333333));
#3784=CARTESIAN_POINT('Ctrl Pts',(497.7,317.616666666667,714.449333333333));
#3785=CARTESIAN_POINT('Ctrl Pts',(497.7,317.616666666667,702.217799333333));
#3786=CARTESIAN_POINT('Ctrl Pts',(497.7,310.391196005397,695.522068983159));
#3787=CARTESIAN_POINT('Ctrl Pts',(497.7,298.170666666667,695.003333333333));
#3788=CARTESIAN_POINT('Ctrl Pts',(497.7,268.643655178112,693.749974082896));
#3789=CARTESIAN_POINT('Ctrl Pts',(497.7,239.116633472856,692.496614398782));
#3790=CARTESIAN_POINT('Ctrl Pts',(497.7,209.591034276326,691.243315097158));
#3791=CARTESIAN_POINT('Ctrl Pts',(497.7,117.483463661334,687.333543337483));
#3792=CARTESIAN_POINT('Ctrl Pts',(497.7,25.3897373425477,683.424359238931));
#3793=CARTESIAN_POINT('Ctrl Pts',(497.7,-66.6466415354292,679.517609418072));
#3794=CARTESIAN_POINT('Ctrl Pts',(497.7,-112.664830974418,677.564234507643));
#3795=CARTESIAN_POINT('Ctrl Pts',(497.7,-158.668683553204,675.611468166637));
#3796=CARTESIAN_POINT('Ctrl Pts',(497.7,-204.652761378713,673.659541222126));
#3797=CARTESIAN_POINT('Ctrl Pts',(497.7,-227.644800291467,672.68357774987));
#3798=CARTESIAN_POINT('Ctrl Pts',(497.7,-250.631895515902,671.707824126738));
#3799=CARTESIAN_POINT('Ctrl Pts',(497.7,-273.613367315384,670.732309206114));
#3800=CARTESIAN_POINT('Ctrl Pts',(497.7,-285.104103215124,670.244551745802));
#3801=CARTESIAN_POINT('Ctrl Pts',(497.7,-296.593433258626,669.756853961116));
#3802=CARTESIAN_POINT('Ctrl Pts',(497.7,-308.081272478811,669.269219458731));
#3803=CARTESIAN_POINT('Ctrl Pts',(497.7,-313.825192088903,669.025402207538));
#3804=CARTESIAN_POINT('Ctrl Pts',(497.7,-319.568738993166,668.781600776921));
#3805=CARTESIAN_POINT('Ctrl Pts',(497.7,-325.311902570715,668.537815617712));
#3806=CARTESIAN_POINT('Ctrl Pts',(497.7,-328.183484359489,668.415923038108));
#3807=CARTESIAN_POINT('Ctrl Pts',(497.7,-331.054970316584,668.294034526356));
#3808=CARTESIAN_POINT('Ctrl Pts',(497.7,-333.926359114391,668.17215013881));
#3809=CARTESIAN_POINT('Ctrl Pts',(497.7,-335.362053513294,668.111207945038));
#3810=CARTESIAN_POINT('Ctrl Pts',(497.7,-336.797723622375,668.050266782316));
#3811=CARTESIAN_POINT('Ctrl Pts',(497.7,-338.233369275682,667.989326657691));
#3812=CARTESIAN_POINT('Ctrl Pts',(497.7,-338.951192102336,667.958856595379));
#3813=CARTESIAN_POINT('Ctrl Pts',(497.7,-339.669008815046,667.92838679259));
#3814=CARTESIAN_POINT('Ctrl Pts',(497.7,-340.386819393069,667.897917250206));
#3815=CARTESIAN_POINT('Ctrl Pts',(497.7,-340.745724682081,667.882682479014));
#3816=CARTESIAN_POINT('Ctrl Pts',(497.7,-341.10462843742,667.867447772923));
#3817=CARTESIAN_POINT('Ctrl Pts',(497.7,-341.463530656495,667.852213132043));
#3818=CARTESIAN_POINT('Ctrl Pts',(497.7,-341.642981766033,667.844595811604));
#3819=CARTESIAN_POINT('Ctrl Pts',(497.7,-341.822432491503,667.836978507466));
#3820=CARTESIAN_POINT('Ctrl Pts',(497.7,-342.001882832584,667.829361219646));
#3821=CARTESIAN_POINT('Ctrl Pts',(497.7,-342.024314125219,667.828409058668));
#3822=CARTESIAN_POINT('Ctrl Pts',(497.7,-342.046745411848,667.827456897946));
#3823=CARTESIAN_POINT('Ctrl Pts',(497.7,-342.069176692471,667.826504737478));
#3824=CARTESIAN_POINT('Ctrl Pts',(497.7,-342.074748085295,667.826268243624));
#3825=CARTESIAN_POINT('Ctrl Pts',(497.7,-342.080319477748,667.826031749786));
#3826=CARTESIAN_POINT('Ctrl Pts',(497.7,-342.085890869831,667.825795255964));
#3827=CARTESIAN_POINT('Ctrl Pts',(497.7,-342.088674116033,667.825677113044));
#3828=CARTESIAN_POINT('Ctrl Pts',(497.7,-342.091457362141,667.825558970127));
#3829=CARTESIAN_POINT('Ctrl Pts',(497.7,-342.094240608158,667.825440827214));
#3830=CARTESIAN_POINT('Ctrl Pts',(497.7,-342.096851577985,667.825329997062));
#3831=CARTESIAN_POINT('Ctrl Pts',(497.7,-342.099470622106,667.825218824173));
#3832=CARTESIAN_POINT('Ctrl Pts',(497.7,-342.102103370881,667.82510706955));
#3833=CARTESIAN_POINT('Ctrl Pts',(497.7,-342.249374974606,667.81885570114));
#3834=CARTESIAN_POINT('Ctrl Pts',(497.7,-342.433826983416,667.811026103092));
#3835=CARTESIAN_POINT('Ctrl Pts',(497.7,-342.635786853333,667.802453333333));
#3836=CARTESIAN_POINT('Ctrl Pts',(497.7,-342.644711817063,667.80207448748));
#3837=CARTESIAN_POINT('Ctrl Pts',(497.7,-342.654881334687,667.801633252964));
#3838=CARTESIAN_POINT('Ctrl Pts',(497.7,-342.664027502195,667.801227416738));
#3839=CARTESIAN_POINT('Ctrl Pts',(497.7,-342.668596120047,667.801024696788));
#3840=CARTESIAN_POINT('Ctrl Pts',(497.7,-342.672909562429,667.800831094348));
#3841=CARTESIAN_POINT('Ctrl Pts',(497.7,-342.676686007578,667.800660261038));
#3842=CARTESIAN_POINT('Ctrl Pts',(497.7,-342.677734865357,667.800612814342));
#3843=CARTESIAN_POINT('Ctrl Pts',(497.7,-342.678742302907,667.800567128397));
#3844=CARTESIAN_POINT('Ctrl Pts',(497.7,-342.679702287354,667.800523504177));
#3845=CARTESIAN_POINT('Ctrl Pts',(497.7,-342.680284348004,667.800497053808));
#3846=CARTESIAN_POINT('Ctrl Pts',(497.7,-342.680848963616,667.800471361441));
#3847=CARTESIAN_POINT('Ctrl Pts',(497.7,-342.681394789671,667.800446494533));
#3848=CARTESIAN_POINT('Ctrl Pts',(497.7,-342.681831031217,667.800426620108));
#3849=CARTESIAN_POINT('Ctrl Pts',(497.7,-342.682263559687,667.800406895497));
#3850=CARTESIAN_POINT('Ctrl Pts',(497.7,-342.68269780703,667.800387073249));
#3851=CARTESIAN_POINT('Ctrl Pts',(497.7,-342.960303808252,667.787715090331));
#3852=CARTESIAN_POINT('Ctrl Pts',(497.7,-343.23350326813,667.767338585754));
#3853=CARTESIAN_POINT('Ctrl Pts',(497.7,-343.501893562855,667.7394192449));
#3854=CARTESIAN_POINT('Ctrl Pts',(497.7,-343.770326270052,667.711495492082));
#3855=CARTESIAN_POINT('Ctrl Pts',(497.7,-344.033948090899,667.676026655678));
#3856=CARTESIAN_POINT('Ctrl Pts',(497.7,-344.292385201321,667.633217835627));
#3857=CARTESIAN_POINT('Ctrl Pts',(497.7,-344.550798908669,667.590412892178));
#3858=CARTESIAN_POINT('Ctrl Pts',(497.7,-344.804028654254,667.540269442083));
#3859=CARTESIAN_POINT('Ctrl Pts',(497.7,-345.05173263475,667.483033718503));
#3860=CARTESIAN_POINT('Ctrl Pts',(497.7,-345.299369445544,667.425813515491));
#3861=CARTESIAN_POINT('Ctrl Pts',(497.7,-345.541483310322,667.361505041407));
#3862=CARTESIAN_POINT('Ctrl Pts',(497.7,-345.777767364405,667.290393213397));
#3863=CARTESIAN_POINT('Ctrl Pts',(497.7,-346.01396802994,667.219306481926));
#3864=CARTESIAN_POINT('Ctrl Pts',(497.7,-346.244342836205,667.141421360927));
#3865=CARTESIAN_POINT('Ctrl Pts',(497.7,-346.468622434927,667.057058928956));
#3866=CARTESIAN_POINT('Ctrl Pts',(497.7,-346.692832353795,666.972722706956));
#3867=CARTESIAN_POINT('Ctrl Pts',(497.7,-346.91095070501,666.881913366009));
#3868=CARTESIAN_POINT('Ctrl Pts',(497.7,-347.12274788961,666.784985649299));
#3869=CARTESIAN_POINT('Ctrl Pts',(497.7,-347.334518516473,666.688070086579));
#3870=CARTESIAN_POINT('Ctrl Pts',(497.7,-347.539969431627,666.585037853099));
#3871=CARTESIAN_POINT('Ctrl Pts',(497.7,-347.738912698617,666.476274980902));
#3872=CARTESIAN_POINT('Ctrl Pts',(497.7,-347.947846617034,666.362050190035));
#3873=CARTESIAN_POINT('Ctrl Pts',(497.7,-348.149602322714,666.241504671956));
#3874=CARTESIAN_POINT('Ctrl Pts',(497.7,-348.34401367719,666.115119793494));
#3875=CARTESIAN_POINT('Ctrl Pts',(497.7,-348.52945282577,665.994567656409));
#3876=CARTESIAN_POINT('Ctrl Pts',(497.7,-348.708210150406,665.86870310896));
#3877=CARTESIAN_POINT('Ctrl Pts',(497.7,-348.880187836553,665.737970865467));
#3878=CARTESIAN_POINT('Ctrl Pts',(497.7,-349.052473847776,665.607004242563));
#3879=CARTESIAN_POINT('Ctrl Pts',(497.7,-349.217955808645,665.471152625227));
#3880=CARTESIAN_POINT('Ctrl Pts',(497.7,-349.376582135794,665.330886909726));
#3881=CARTESIAN_POINT('Ctrl Pts',(497.7,-349.535637424057,665.190241884316));
#3882=CARTESIAN_POINT('Ctrl Pts',(497.7,-349.687799886512,665.045159025486));
#3883=CARTESIAN_POINT('Ctrl Pts',(497.7,-349.833065588478,664.89613438881));
#3884=CARTESIAN_POINT('Ctrl Pts',(497.7,-349.97888396497,664.746542776453));
#3885=CARTESIAN_POINT('Ctrl Pts',(497.7,-350.117752956487,664.592979505563));
#3886=CARTESIAN_POINT('Ctrl Pts',(497.7,-350.24971779553,664.435965218527));
#3887=CARTESIAN_POINT('Ctrl Pts',(497.7,-350.382357688831,664.278147739038));
#3888=CARTESIAN_POINT('Ctrl Pts',(497.7,-350.508022585789,664.116844016394));
#3889=CARTESIAN_POINT('Ctrl Pts',(497.7,-350.626808618787,663.952599225593));
#3890=CARTESIAN_POINT('Ctrl Pts',(497.7,-350.746386785973,663.787259155231));
#3891=CARTESIAN_POINT('Ctrl Pts',(497.7,-350.858994029816,663.618938831498));
#3892=CARTESIAN_POINT('Ctrl Pts',(497.7,-350.964779466809,663.448208516856));
#3893=CARTESIAN_POINT('Ctrl Pts',(497.7,-351.071465220654,663.27602515363));
#3894=CARTESIAN_POINT('Ctrl Pts',(497.7,-351.171212567421,663.101390776788));
#3895=CARTESIAN_POINT('Ctrl Pts',(497.7,-351.264226219959,662.92490202969));
#3896=CARTESIAN_POINT('Ctrl Pts',(497.7,-351.361953113254,662.739470144317));
#3897=CARTESIAN_POINT('Ctrl Pts',(497.7,-351.452246259846,662.551991334425));
#3898=CARTESIAN_POINT('Ctrl Pts',(497.7,-351.535403021346,662.363168151617));
#3899=CARTESIAN_POINT('Ctrl Pts',(497.7,-351.61714413294,662.177559470145));
#3900=CARTESIAN_POINT('Ctrl Pts',(497.7,-351.691990124113,661.990652038523));
#3901=CARTESIAN_POINT('Ctrl Pts',(497.7,-351.760278723836,661.803120021456));
#3902=CARTESIAN_POINT('Ctrl Pts',(497.7,-351.829743170327,661.612358930765));
#3903=CARTESIAN_POINT('Ctrl Pts',(497.7,-351.892422558514,661.420951769122));
#3904=CARTESIAN_POINT('Ctrl Pts',(497.7,-351.948727120781,661.229611989473));
#3905=CARTESIAN_POINT('Ctrl Pts',(497.7,-352.006224906942,661.034217277371));
#3906=CARTESIAN_POINT('Ctrl Pts',(497.7,-352.057074954955,660.83889306543));
#3907=CARTESIAN_POINT('Ctrl Pts',(497.7,-352.101768957103,660.644399744347));
#3908=CARTESIAN_POINT('Ctrl Pts',(497.7,-352.145496303302,660.454112986042));
#3909=CARTESIAN_POINT('Ctrl Pts',(497.7,-352.183331558246,660.264621771322));
#3910=CARTESIAN_POINT('Ctrl Pts',(497.7,-352.215781371195,660.076635532247));
#3911=CARTESIAN_POINT('Ctrl Pts',(497.7,-352.22795005105,660.006140692594));
#3912=CARTESIAN_POINT('Ctrl Pts',(497.7,-352.239361834326,659.935857447246));
#3913=CARTESIAN_POINT('Ctrl Pts',(497.7,-352.250044924795,659.865823019965));
#3914=CARTESIAN_POINT('Ctrl Pts',(497.7,-352.250722307597,659.861382346479));
#3915=CARTESIAN_POINT('Ctrl Pts',(497.7,-352.251396876231,659.856941953482));
#3916=CARTESIAN_POINT('Ctrl Pts',(497.7,-352.252070596966,659.852488776156));
#3917=CARTESIAN_POINT('Ctrl Pts',(497.7,-352.275924090598,659.694821316171));
#3918=CARTESIAN_POINT('Ctrl Pts',(497.7,-352.298063921796,659.525415017026));
#3919=CARTESIAN_POINT('Ctrl Pts',(497.7,-352.317122457843,659.344264880411));
#3920=CARTESIAN_POINT('Ctrl Pts',(497.7,-352.337037162962,659.154976912856));
#3921=CARTESIAN_POINT('Ctrl Pts',(497.7,-352.353585694396,658.952864213346));
#3922=CARTESIAN_POINT('Ctrl Pts',(497.7,-352.365160309294,658.737953261442));
#3923=CARTESIAN_POINT('Ctrl Pts',(497.7,-352.375832394177,658.539799980225));
#3924=CARTESIAN_POINT('Ctrl Pts',(497.7,-352.38227411307,658.330765870141));
#3925=CARTESIAN_POINT('Ctrl Pts',(497.7,-352.383213752833,658.110916287711));
#3926=CARTESIAN_POINT('Ctrl Pts',(497.7,-352.383293217446,658.092323777507));
#3927=CARTESIAN_POINT('Ctrl Pts',(497.7,-352.383333333333,658.073653946869));
#3928=CARTESIAN_POINT('Ctrl Pts',(497.7,-352.383333333333,658.054906853333));
#3929=CARTESIAN_POINT('Ctrl Pts',(497.7,-352.383333333333,656.423923132804));
#3930=CARTESIAN_POINT('Ctrl Pts',(497.7,-352.383333333333,653.62617807819));
#3931=CARTESIAN_POINT('Ctrl Pts',(497.7,-352.383333333333,651.830879813333));
#3932=CARTESIAN_POINT('Ctrl Pts',(497.7,-352.383333333333,645.982351925338));
#3933=CARTESIAN_POINT('Ctrl Pts',(497.7,-348.484314741333,642.083333333333));
#3934=CARTESIAN_POINT('Ctrl Pts',(497.7,-342.635786853333,642.083333333333));
#3935=CARTESIAN_POINT('Ctrl Pts',(497.7,-340.235666472719,642.083333333333));
#3936=CARTESIAN_POINT('Ctrl Pts',(497.7,-337.835536982517,642.083333333333));
#3937=CARTESIAN_POINT('Ctrl Pts',(497.7,-335.435511904651,642.083333333333));
#3938=CARTESIAN_POINT('Ctrl Pts',(497.7,-200.296725785028,642.083333333333));
#3939=CARTESIAN_POINT('Ctrl Pts',(497.7,-65.4920320119553,642.083333333333));
#3940=CARTESIAN_POINT('Ctrl Pts',(497.7,48.1785663079183,642.083333333333));
#3941=CARTESIAN_POINT('Ctrl Pts',(497.7,105.013865467855,642.083333333333));
#3942=CARTESIAN_POINT('Ctrl Pts',(497.7,156.565640764493,642.083333333333));
#3943=CARTESIAN_POINT('Ctrl Pts',(497.7,200.233891809499,642.083333333333));
#3944=CARTESIAN_POINT('Ctrl Pts',(497.7,211.150954570751,642.083333333333));
#3945=CARTESIAN_POINT('Ctrl Pts',(497.7,221.575297066275,642.083333333333));
#3946=CARTESIAN_POINT('Ctrl Pts',(497.7,231.466294290006,642.083333333333));
#3947=CARTESIAN_POINT('Ctrl Pts',(497.7,235.175418248904,642.083333333333));
#3948=CARTESIAN_POINT('Ctrl Pts',(497.7,238.809540528957,642.083333333333));
#3949=CARTESIAN_POINT('Ctrl Pts',(497.7,242.366518795859,642.083333333333));
#3950=CARTESIAN_POINT('Ctrl Pts',(497.7,242.755563293802,642.083333333333));
#3951=CARTESIAN_POINT('Ctrl Pts',(497.7,243.143684926352,642.083333333333));
#3952=CARTESIAN_POINT('Ctrl Pts',(497.7,243.530880890392,642.083333333333));
#3953=CARTESIAN_POINT('Ctrl Pts',(497.7,243.721453903944,642.083333333333));
#3954=CARTESIAN_POINT('Ctrl Pts',(497.7,243.911802675655,642.083333333333));
#3955=CARTESIAN_POINT('Ctrl Pts',(497.7,244.101926871305,642.083333333333));
#3956=CARTESIAN_POINT('Ctrl Pts',(497.7,244.123508154321,642.083333333333));
#3957=CARTESIAN_POINT('Ctrl Pts',(497.7,244.145086543706,642.083333333333));
#3958=CARTESIAN_POINT('Ctrl Pts',(497.7,244.166662038971,642.083333333333));
#3959=CARTESIAN_POINT('Ctrl Pts',(497.7,244.186751443823,642.083333333333));
#3960=CARTESIAN_POINT('Ctrl Pts',(497.7,244.20684768459,642.083333333333));
#3961=CARTESIAN_POINT('Ctrl Pts',(497.7,244.226951777244,642.083333333333));
#3962=CARTESIAN_POINT('Ctrl Pts',(497.7,268.34220252321,642.083333333333));
#3963=CARTESIAN_POINT('Ctrl Pts',(497.7,303.271173396636,642.083333333333));
#3964=CARTESIAN_POINT('Ctrl Pts',(497.7,345.616666666667,642.083333333333));
#3965=CARTESIAN_POINT('Ctrl Pts',(497.7,346.212529641365,642.083333333333));
#3966=CARTESIAN_POINT('Ctrl Pts',(497.7,346.8156318459,642.091264602823));
#3967=CARTESIAN_POINT('Ctrl Pts',(497.7,347.42450218649,642.108066216045));
#3968=CARTESIAN_POINT('Ctrl Pts',(497.7,348.010696798291,642.124242098634));
#3969=CARTESIAN_POINT('Ctrl Pts',(497.7,348.602237671405,642.14864006211));
#3970=CARTESIAN_POINT('Ctrl Pts',(497.7,349.197824218509,642.182050642878));
#3971=CARTESIAN_POINT('Ctrl Pts',(497.7,349.775814686245,642.214474137498));
#3972=CARTESIAN_POINT('Ctrl Pts',(497.7,350.357615115683,642.255385678954));
#3973=CARTESIAN_POINT('Ctrl Pts',(497.7,350.94205162096,642.30546042782));
#3974=CARTESIAN_POINT('Ctrl Pts',(497.7,351.512396519478,642.354327802296));
#3975=CARTESIAN_POINT('Ctrl Pts',(497.7,352.085251744433,642.411921912286));
#3976=CARTESIAN_POINT('Ctrl Pts',(497.7,352.659543181861,642.478823117183));
#3977=CARTESIAN_POINT('Ctrl Pts',(497.7,353.222304675939,642.544381158919));
#3978=CARTESIAN_POINT('Ctrl Pts',(497.7,353.786445149339,642.618876391473));
#3979=CARTESIAN_POINT('Ctrl Pts',(497.7,354.350972552688,642.702808079751));
#3980=CARTESIAN_POINT('Ctrl Pts',(497.7,354.905925264185,642.785316240938));
#3981=CARTESIAN_POINT('Ctrl Pts',(497.7,355.461251763223,642.876943520334));
#3982=CARTESIAN_POINT('Ctrl Pts',(497.7,356.016029844365,642.978117718285));
#3983=CARTESIAN_POINT('Ctrl Pts',(497.7,356.562775965849,643.077827137609));
#3984=CARTESIAN_POINT('Ctrl Pts',(497.7,357.108989316375,643.186809070341));
#3985=CARTESIAN_POINT('Ctrl Pts',(497.7,357.653808796959,643.305426902429));
#3986=CARTESIAN_POINT('Ctrl Pts',(497.7,358.220010475375,643.42870005622));
#3987=CARTESIAN_POINT('Ctrl Pts',(497.7,358.784706366797,643.562380781781));
#3988=CARTESIAN_POINT('Ctrl Pts',(497.7,359.346957422996,643.706822303409));
#3989=CARTESIAN_POINT('Ctrl Pts',(497.7,359.891638133689,643.846750027486));
#3990=CARTESIAN_POINT('Ctrl Pts',(497.7,360.434024396967,643.996776339008));
#3991=CARTESIAN_POINT('Ctrl Pts',(497.7,360.973290133713,644.157170756195));
#3992=CARTESIAN_POINT('Ctrl Pts',(497.7,361.495703816187,644.312552847845));
#3993=CARTESIAN_POINT('Ctrl Pts',(497.7,362.015188953848,644.47766498915));
#3994=CARTESIAN_POINT('Ctrl Pts',(497.7,362.531021099467,644.65270547224));
#3995=CARTESIAN_POINT('Ctrl Pts',(497.7,363.036628123459,644.824276202148));
#3996=CARTESIAN_POINT('Ctrl Pts',(497.7,363.538725504849,645.005385470619));
#3997=CARTESIAN_POINT('Ctrl Pts',(497.7,364.036657360649,645.19617620345));
#3998=CARTESIAN_POINT('Ctrl Pts',(497.7,364.531441293972,645.385760758309));
#3999=CARTESIAN_POINT('Ctrl Pts',(497.7,365.022112115395,645.584904744558));
#4000=CARTESIAN_POINT('Ctrl Pts',(497.7,365.508053594992,645.793705306452));
#4001=CARTESIAN_POINT('Ctrl Pts',(497.7,365.991348690005,646.001368763136));
#4002=CARTESIAN_POINT('Ctrl Pts',(497.7,366.469965728987,646.218583890571));
#4003=CARTESIAN_POINT('Ctrl Pts',(497.7,366.943326874848,646.445403651739));
#4004=CARTESIAN_POINT('Ctrl Pts',(497.7,367.414485516731,646.671168042329));
#4005=CARTESIAN_POINT('Ctrl Pts',(497.7,367.880436980643,646.906447875896));
#4006=CARTESIAN_POINT('Ctrl Pts',(497.7,368.340640896262,647.151253301434));
#4007=CARTESIAN_POINT('Ctrl Pts',(497.7,368.799037581912,647.395097371176));
#4008=CARTESIAN_POINT('Ctrl Pts',(497.7,369.251731694046,647.648392340176));
#4009=CARTESIAN_POINT('Ctrl Pts',(497.7,369.698219674388,647.911106722086));
#4010=CARTESIAN_POINT('Ctrl Pts',(497.7,370.143254281541,648.172965936432));
#4011=CARTESIAN_POINT('Ctrl Pts',(497.7,370.582123019746,648.444183310522));
#4012=CARTESIAN_POINT('Ctrl Pts',(497.7,371.014358711567,648.724686745334));
#4013=CARTESIAN_POINT('Ctrl Pts',(497.7,371.445459254983,649.004453514868));
#4014=CARTESIAN_POINT('Ctrl Pts',(497.7,371.86996147435,649.293457599581));
#4015=CARTESIAN_POINT('Ctrl Pts',(497.7,372.287434328655,649.59158717839));
#4016=CARTESIAN_POINT('Ctrl Pts',(497.7,372.704059332878,649.889111282651));
#4017=CARTESIAN_POINT('Ctrl Pts',(497.7,373.113683426562,650.195723813057));
#4018=CARTESIAN_POINT('Ctrl Pts',(497.7,373.515911619155,650.511274002191));
#4019=CARTESIAN_POINT('Ctrl Pts',(497.7,373.917552193144,650.826363201356));
#4020=CARTESIAN_POINT('Ctrl Pts',(497.7,374.311818394404,651.150363920444));
#4021=CARTESIAN_POINT('Ctrl Pts',(497.7,374.698351333527,651.483087118316));
#4022=CARTESIAN_POINT('Ctrl Pts',(497.7,375.084533003007,651.815507947238));
#4023=CARTESIAN_POINT('Ctrl Pts',(497.7,375.462995397406,652.156635361009));
#4024=CARTESIAN_POINT('Ctrl Pts',(497.7,375.833415899269,652.506242621566));
#4025=CARTESIAN_POINT('Ctrl Pts',(497.7,376.203700232736,652.855721364776));
#4026=CARTESIAN_POINT('Ctrl Pts',(497.7,376.565948526318,653.213673669948));
#4027=CARTESIAN_POINT('Ctrl Pts',(497.7,376.919874713323,653.579835586516));
#4028=CARTESIAN_POINT('Ctrl Pts',(497.7,377.273860764314,653.946059436652));
#4029=CARTESIAN_POINT('Ctrl Pts',(497.7,377.619521837958,654.320495620434));
#4030=CARTESIAN_POINT('Ctrl Pts',(497.7,377.956608796821,654.702843366746));
#4031=CARTESIAN_POINT('Ctrl Pts',(497.7,378.29393437576,655.085461772736));
#4032=CARTESIAN_POINT('Ctrl Pts',(497.7,378.622673644891,655.476002887516));
#4033=CARTESIAN_POINT('Ctrl Pts',(497.7,378.942614869453,655.874129415477));
#4034=CARTESIAN_POINT('Ctrl Pts',(497.7,379.262957652072,656.272755631826));
#4035=CARTESIAN_POINT('Ctrl Pts',(497.7,379.574480243492,656.678986252042));
#4036=CARTESIAN_POINT('Ctrl Pts',(497.7,379.877008878519,657.092447649356));
#4037=CARTESIAN_POINT('Ctrl Pts',(497.7,380.180087353469,657.506660504736));
#4038=CARTESIAN_POINT('Ctrl Pts',(497.7,380.474139105666,657.928130379162));
#4039=CARTESIAN_POINT('Ctrl Pts',(497.7,380.759029001882,658.356447394881));
#4040=CARTESIAN_POINT('Ctrl Pts',(497.7,381.044603256471,658.785793307518));
#4041=CARTESIAN_POINT('Ctrl Pts',(497.7,381.320971545474,659.222019228304));
#4042=CARTESIAN_POINT('Ctrl Pts',(497.7,381.588038131241,659.664678981048));
#4043=CARTESIAN_POINT('Ctrl Pts',(497.7,381.861595972373,660.118097913891));
#4044=CARTESIAN_POINT('Ctrl Pts',(497.7,382.125394254347,660.578267280711));
#4045=CARTESIAN_POINT('Ctrl Pts',(497.7,382.379374369406,661.04467266422));
#4046=CARTESIAN_POINT('Ctrl Pts',(497.7,382.629540661138,661.504074398126));
#4047=CARTESIAN_POINT('Ctrl Pts',(497.7,382.870181539034,661.969526091796));
#4048=CARTESIAN_POINT('Ctrl Pts',(497.7,383.101283652542,662.440504073522));
#4049=CARTESIAN_POINT('Ctrl Pts',(497.7,383.333445905993,662.913642583176));
#4050=CARTESIAN_POINT('Ctrl Pts',(497.7,383.555981652567,663.392358119853));
#4051=CARTESIAN_POINT('Ctrl Pts',(497.7,383.768920369942,663.876088931674));
#4052=CARTESIAN_POINT('Ctrl Pts',(497.7,383.982995209628,664.362400661493));
#4053=CARTESIAN_POINT('Ctrl Pts',(497.7,384.187370316855,664.853781243704));
#4054=CARTESIAN_POINT('Ctrl Pts',(497.7,384.382119390789,665.349630004683));
#4055=CARTESIAN_POINT('Ctrl Pts',(497.7,384.578067941883,665.848532743027));
#4056=CARTESIAN_POINT('Ctrl Pts',(497.7,384.764271504285,666.351958782391));
#4057=CARTESIAN_POINT('Ctrl Pts',(497.7,384.94084960201,666.85926738917));
#4058=CARTESIAN_POINT('Ctrl Pts',(497.7,385.118677083688,667.370165474148));
#4059=CARTESIAN_POINT('Ctrl Pts',(497.7,385.286742400102,667.885001171809));
#4060=CARTESIAN_POINT('Ctrl Pts',(497.7,385.445212765333,668.403092182627));
#4061=CARTESIAN_POINT('Ctrl Pts',(497.7,385.604967774563,668.925383111244));
#4062=CARTESIAN_POINT('Ctrl Pts',(497.7,385.754971638158,669.450982248957));
#4063=CARTESIAN_POINT('Ctrl Pts',(497.7,385.895441457303,669.979163762152));
#4064=CARTESIAN_POINT('Ctrl Pts',(497.7,386.037214844815,670.51224683155));
#4065=CARTESIAN_POINT('Ctrl Pts',(497.7,386.169276421936,671.047960325819));
#4066=CARTESIAN_POINT('Ctrl Pts',(497.7,386.291895801678,671.585532318797));
#4067=CARTESIAN_POINT('Ctrl Pts',(497.7,386.416580819929,672.132160216418));
#4068=CARTESIAN_POINT('Ctrl Pts',(497.7,386.531502805928,672.680709670531));
#4069=CARTESIAN_POINT('Ctrl Pts',(497.7,386.636993252227,673.230344022184));
#4070=CARTESIAN_POINT('Ctrl Pts',(497.7,386.743769269315,673.786676552603));
#4071=CARTESIAN_POINT('Ctrl Pts',(497.7,386.840882500344,674.344120463324));
#4072=CARTESIAN_POINT('Ctrl Pts',(497.7,386.928725438332,674.901784275207));
#4073=CARTESIAN_POINT('Ctrl Pts',(497.7,387.017795162267,675.467236238791));
#4074=CARTESIAN_POINT('Ctrl Pts',(497.7,387.097333899647,676.032914157307));
#4075=CARTESIAN_POINT('Ctrl Pts',(497.7,387.16780005458,676.597866206036));
#4076=CARTESIAN_POINT('Ctrl Pts',(497.7,387.239401280788,677.171918522022));
#4077=CARTESIAN_POINT('Ctrl Pts',(497.7,387.301635352248,677.745221250778));
#4078=CARTESIAN_POINT('Ctrl Pts',(497.7,387.355032852565,678.316754878616));
#4079=CARTESIAN_POINT('Ctrl Pts',(497.7,387.409988289821,678.904963694339));
#4080=CARTESIAN_POINT('Ctrl Pts',(497.7,387.455584003454,679.491298537355));
#4081=CARTESIAN_POINT('Ctrl Pts',(497.7,387.49245020647,680.074628100434));
#4082=CARTESIAN_POINT('Ctrl Pts',(497.7,387.53006230196,680.669759831767));
#4083=CARTESIAN_POINT('Ctrl Pts',(497.7,387.558588215564,681.261763245405));
#4084=CARTESIAN_POINT('Ctrl Pts',(497.7,387.578749147738,681.849419132849));
#4085=CARTESIAN_POINT('Ctrl Pts',(497.7,387.599620551344,682.457784019077));
#4086=CARTESIAN_POINT('Ctrl Pts',(497.7,387.611527120087,683.06148935292));
#4087=CARTESIAN_POINT('Ctrl Pts',(497.7,387.615322499735,683.659166644262));
#4088=CARTESIAN_POINT('Ctrl Pts',(497.7,387.616222541612,683.800900710714));
#4089=CARTESIAN_POINT('Ctrl Pts',(497.7,387.616666666667,683.942295724556));
#4090=CARTESIAN_POINT('Ctrl Pts',(497.7,387.616666666667,684.083333333333));
#4091=CARTESIAN_POINT('',(497.7,340.95,688.263333333333));
#4092=CARTESIAN_POINT('Ctrl Pts',(497.7,387.616666666667,684.083333333333));
#4093=CARTESIAN_POINT('Ctrl Pts',(497.7,372.061111111111,684.083333333333));
#4094=CARTESIAN_POINT('Ctrl Pts',(497.7,356.505555555556,684.083333333333));
#4095=CARTESIAN_POINT('Ctrl Pts',(497.7,340.95,684.083333333333));
#4096=CARTESIAN_POINT('Ctrl Pts',(497.7,339.72570634536,684.083333333333));
#4097=CARTESIAN_POINT('Ctrl Pts',(497.7,338.860000000001,684.949039678693));
#4098=CARTESIAN_POINT('Ctrl Pts',(497.7,338.86,686.173333333333));
#4099=CARTESIAN_POINT('Ctrl Pts',(497.7,338.86,687.397626987973));
#4100=CARTESIAN_POINT('Ctrl Pts',(497.7,339.72570634536,688.263333333333));
#4101=CARTESIAN_POINT('Ctrl Pts',(497.7,340.95,688.263333333333));
#4102=CARTESIAN_POINT('',(497.7,340.95,698.403333333333));
#4103=CARTESIAN_POINT('',(497.7,340.95,688.263333333333));
#4104=CARTESIAN_POINT('',(497.7,375.616666666667,702.583333333333));
#4105=CARTESIAN_POINT('Ctrl Pts',(497.7,340.95,698.403333333333));
#4106=CARTESIAN_POINT('Ctrl Pts',(497.7,339.72570634536,698.403333333333));
#4107=CARTESIAN_POINT('Ctrl Pts',(497.7,338.860000000001,699.269039678693));
#4108=CARTESIAN_POINT('Ctrl Pts',(497.7,338.86,700.493333333333));
#4109=CARTESIAN_POINT('Ctrl Pts',(497.7,338.86,701.717626987973));
#4110=CARTESIAN_POINT('Ctrl Pts',(497.7,339.72570634536,702.583333333333));
#4111=CARTESIAN_POINT('Ctrl Pts',(497.7,340.95,702.583333333333));
#4112=CARTESIAN_POINT('Ctrl Pts',(497.7,352.505555555556,702.583333333333));
#4113=CARTESIAN_POINT('Ctrl Pts',(497.7,364.061111111111,702.583333333333));
#4114=CARTESIAN_POINT('Ctrl Pts',(497.7,375.616666666667,702.583333333333));
#4115=CARTESIAN_POINT('',(497.7,375.616666666667,800.583333333333));
#4116=CARTESIAN_POINT('',(497.7,375.616666666667,702.583333333333));
#4117=CARTESIAN_POINT('',(497.7,317.616666666667,800.583333333333));
#4118=CARTESIAN_POINT('',(497.7,375.616666666667,800.583333333333));
#4119=CARTESIAN_POINT('',(497.7,317.616666666667,800.583333333333));
#4120=CARTESIAN_POINT('Origin',(497.7,317.616666666667,800.583333333333));
#4121=CARTESIAN_POINT('',(497.7,317.616666666667,800.583333333333));
#4122=CARTESIAN_POINT('',(497.7,317.616666666667,714.449333333333));
#4123=CARTESIAN_POINT('Ctrl Pts',(497.7,317.616666666667,714.449333333333));
#4124=CARTESIAN_POINT('Ctrl Pts',(471.06,317.616666666667,714.449333333333));
#4125=CARTESIAN_POINT('Ctrl Pts',(497.7,317.616666666667,702.217799333333));
#4126=CARTESIAN_POINT('Ctrl Pts',(471.06,317.616666666667,702.217799333333));
#4127=CARTESIAN_POINT('Ctrl Pts',(497.7,310.391196005397,695.522068983159));
#4128=CARTESIAN_POINT('Ctrl Pts',(471.06,310.391196005397,695.522068983159));
#4129=CARTESIAN_POINT('Ctrl Pts',(497.7,298.170666666667,695.003333333333));
#4130=CARTESIAN_POINT('Ctrl Pts',(471.06,298.170666666667,695.003333333333));
#4131=CARTESIAN_POINT('Ctrl Pts',(497.7,84.5685154933339,685.936373333333));
#4132=CARTESIAN_POINT('Ctrl Pts',(471.06,84.5685154933339,685.936373333333));
#4133=CARTESIAN_POINT('Ctrl Pts',(497.7,-129.03363568,676.869413333333));
#4134=CARTESIAN_POINT('Ctrl Pts',(471.06,-129.03363568,676.869413333333));
#4135=CARTESIAN_POINT('Ctrl Pts',(497.7,-342.635786853333,667.802453333333));
#4136=CARTESIAN_POINT('Ctrl Pts',(471.06,-342.635786853333,667.802453333333));
#4137=CARTESIAN_POINT('Ctrl Pts',(497.7,-348.479052844638,667.554419038166));
#4138=CARTESIAN_POINT('Ctrl Pts',(471.06,-348.479052844638,667.554419038166));
#4139=CARTESIAN_POINT('Ctrl Pts',(497.7,-352.383333333333,663.903434741333));
#4140=CARTESIAN_POINT('Ctrl Pts',(471.06,-352.383333333333,663.903434741333));
#4141=CARTESIAN_POINT('Ctrl Pts',(497.7,-352.383333333333,658.054906853333));
#4142=CARTESIAN_POINT('Ctrl Pts',(471.06,-352.383333333333,658.054906853333));
#4143=CARTESIAN_POINT('Ctrl Pts',(497.7,-352.383333333333,655.980231173333));
#4144=CARTESIAN_POINT('Ctrl Pts',(471.06,-352.383333333333,655.980231173333));
#4145=CARTESIAN_POINT('Ctrl Pts',(497.7,-352.383333333333,653.905555493333));
#4146=CARTESIAN_POINT('Ctrl Pts',(471.06,-352.383333333333,653.905555493333));
#4147=CARTESIAN_POINT('Ctrl Pts',(497.7,-352.383333333333,651.830879813333));
#4148=CARTESIAN_POINT('Ctrl Pts',(471.06,-352.383333333333,651.830879813333));
#4149=CARTESIAN_POINT('Ctrl Pts',(497.7,-352.383333333333,645.982351925333));
#4150=CARTESIAN_POINT('Ctrl Pts',(471.06,-352.383333333333,645.982351925333));
#4151=CARTESIAN_POINT('Ctrl Pts',(497.7,-348.484314741333,642.083333333333));
#4152=CARTESIAN_POINT('Ctrl Pts',(471.06,-348.484314741333,642.083333333333));
#4153=CARTESIAN_POINT('Ctrl Pts',(497.7,-342.635786853333,642.083333333333));
#4154=CARTESIAN_POINT('Ctrl Pts',(471.06,-342.635786853333,642.083333333333));
#4155=CARTESIAN_POINT('Ctrl Pts',(497.7,-113.218302346666,642.083333333333));
#4156=CARTESIAN_POINT('Ctrl Pts',(471.06,-113.218302346666,642.083333333333));
#4157=CARTESIAN_POINT('Ctrl Pts',(497.7,116.19918216,642.083333333333));
#4158=CARTESIAN_POINT('Ctrl Pts',(471.06,116.19918216,642.083333333333));
#4159=CARTESIAN_POINT('Ctrl Pts',(497.7,345.616666666667,642.083333333333));
#4160=CARTESIAN_POINT('Ctrl Pts',(471.06,345.616666666667,642.083333333333));
#4161=CARTESIAN_POINT('Ctrl Pts',(497.7,372.034666666667,642.083333333333));
#4162=CARTESIAN_POINT('Ctrl Pts',(471.06,372.034666666667,642.083333333333));
#4163=CARTESIAN_POINT('Ctrl Pts',(497.7,387.616666666667,657.665333333333));
#4164=CARTESIAN_POINT('Ctrl Pts',(471.06,387.616666666667,657.665333333333));
#4165=CARTESIAN_POINT('Ctrl Pts',(497.7,387.616666666667,684.083333333333));
#4166=CARTESIAN_POINT('Ctrl Pts',(471.06,387.616666666667,684.083333333333));
#4167=CARTESIAN_POINT('',(497.7,387.616666666667,684.083333333333));
#4168=CARTESIAN_POINT('Ctrl Pts',(497.7,387.616666666667,684.083333333333));
#4169=CARTESIAN_POINT('Ctrl Pts',(471.06,387.616666666667,684.083333333333));
#4170=CARTESIAN_POINT('Ctrl Pts',(497.7,372.061111111111,684.083333333333));
#4171=CARTESIAN_POINT('Ctrl Pts',(471.06,372.061111111111,684.083333333333));
#4172=CARTESIAN_POINT('Ctrl Pts',(497.7,356.505555555556,684.083333333333));
#4173=CARTESIAN_POINT('Ctrl Pts',(471.06,356.505555555556,684.083333333333));
#4174=CARTESIAN_POINT('Ctrl Pts',(497.7,340.95,684.083333333333));
#4175=CARTESIAN_POINT('Ctrl Pts',(471.06,340.95,684.083333333333));
#4176=CARTESIAN_POINT('Ctrl Pts',(497.7,339.72570634536,684.083333333333));
#4177=CARTESIAN_POINT('Ctrl Pts',(471.06,339.72570634536,684.083333333333));
#4178=CARTESIAN_POINT('Ctrl Pts',(497.7,338.860000000001,684.949039678693));
#4179=CARTESIAN_POINT('Ctrl Pts',(471.06,338.860000000001,684.949039678693));
#4180=CARTESIAN_POINT('Ctrl Pts',(497.7,338.86,686.173333333333));
#4181=CARTESIAN_POINT('Ctrl Pts',(471.06,338.86,686.173333333333));
#4182=CARTESIAN_POINT('Ctrl Pts',(497.7,338.86,687.397626987973));
#4183=CARTESIAN_POINT('Ctrl Pts',(471.06,338.86,687.397626987973));
#4184=CARTESIAN_POINT('Ctrl Pts',(497.7,339.72570634536,688.263333333333));
#4185=CARTESIAN_POINT('Ctrl Pts',(471.06,339.72570634536,688.263333333333));
#4186=CARTESIAN_POINT('Ctrl Pts',(497.7,340.95,688.263333333333));
#4187=CARTESIAN_POINT('Ctrl Pts',(471.06,340.95,688.263333333333));
#4188=CARTESIAN_POINT('',(497.7,340.95,688.263333333333));
#4189=CARTESIAN_POINT('Origin',(497.7,340.95,688.263333333333));
#4190=CARTESIAN_POINT('',(497.7,340.95,698.403333333333));
#4191=CARTESIAN_POINT('Ctrl Pts',(497.7,340.95,698.403333333333));
#4192=CARTESIAN_POINT('Ctrl Pts',(471.06,340.95,698.403333333333));
#4193=CARTESIAN_POINT('Ctrl Pts',(497.7,339.72570634536,698.403333333333));
#4194=CARTESIAN_POINT('Ctrl Pts',(471.06,339.72570634536,698.403333333333));
#4195=CARTESIAN_POINT('Ctrl Pts',(497.7,338.860000000001,699.269039678693));
#4196=CARTESIAN_POINT('Ctrl Pts',(471.06,338.860000000001,699.269039678693));
#4197=CARTESIAN_POINT('Ctrl Pts',(497.7,338.86,700.493333333333));
#4198=CARTESIAN_POINT('Ctrl Pts',(471.06,338.86,700.493333333333));
#4199=CARTESIAN_POINT('Ctrl Pts',(497.7,338.86,701.717626987973));
#4200=CARTESIAN_POINT('Ctrl Pts',(471.06,338.86,701.717626987973));
#4201=CARTESIAN_POINT('Ctrl Pts',(497.7,339.72570634536,702.583333333333));
#4202=CARTESIAN_POINT('Ctrl Pts',(471.06,339.72570634536,702.583333333333));
#4203=CARTESIAN_POINT('Ctrl Pts',(497.7,340.95,702.583333333333));
#4204=CARTESIAN_POINT('Ctrl Pts',(471.06,340.95,702.583333333333));
#4205=CARTESIAN_POINT('Ctrl Pts',(497.7,352.505555555556,702.583333333333));
#4206=CARTESIAN_POINT('Ctrl Pts',(471.06,352.505555555556,702.583333333333));
#4207=CARTESIAN_POINT('Ctrl Pts',(497.7,364.061111111111,702.583333333333));
#4208=CARTESIAN_POINT('Ctrl Pts',(471.06,364.061111111111,702.583333333333));
#4209=CARTESIAN_POINT('Ctrl Pts',(497.7,375.616666666667,702.583333333333));
#4210=CARTESIAN_POINT('Ctrl Pts',(471.06,375.616666666667,702.583333333333));
#4211=CARTESIAN_POINT('',(497.7,375.616666666667,702.583333333333));
#4212=CARTESIAN_POINT('Origin',(497.7,375.616666666667,702.583333333333));
#4213=CARTESIAN_POINT('',(497.7,375.616666666667,800.583333333333));
#4214=CARTESIAN_POINT('Origin',(497.7,375.616666666667,800.583333333333));
#4215=CARTESIAN_POINT('Origin',(460.7,-359.783333333333,802.168333333333));
#4216=CARTESIAN_POINT('',(460.7,375.616666666667,800.583333333333));
#4217=CARTESIAN_POINT('',(460.7,317.616666666667,800.583333333333));
#4218=CARTESIAN_POINT('',(460.7,375.616666666667,800.583333333333));
#4219=CARTESIAN_POINT('',(460.7,375.616666666667,702.583333333333));
#4220=CARTESIAN_POINT('',(460.7,375.616666666667,702.583333333333));
#4221=CARTESIAN_POINT('',(460.7,340.95,698.403333333333));
#4222=CARTESIAN_POINT('Ctrl Pts',(460.7,340.95,698.403333333333));
#4223=CARTESIAN_POINT('Ctrl Pts',(460.7,339.72570634536,698.403333333333));
#4224=CARTESIAN_POINT('Ctrl Pts',(460.7,338.860000000001,699.269039678693));
#4225=CARTESIAN_POINT('Ctrl Pts',(460.7,338.86,700.493333333333));
#4226=CARTESIAN_POINT('Ctrl Pts',(460.7,338.86,701.717626987973));
#4227=CARTESIAN_POINT('Ctrl Pts',(460.7,339.72570634536,702.583333333333));
#4228=CARTESIAN_POINT('Ctrl Pts',(460.7,340.95,702.583333333333));
#4229=CARTESIAN_POINT('Ctrl Pts',(460.7,352.505555555556,702.583333333333));
#4230=CARTESIAN_POINT('Ctrl Pts',(460.7,364.061111111111,702.583333333333));
#4231=CARTESIAN_POINT('Ctrl Pts',(460.7,375.616666666667,702.583333333333));
#4232=CARTESIAN_POINT('',(460.7,340.95,688.263333333333));
#4233=CARTESIAN_POINT('',(460.7,340.95,688.263333333333));
#4234=CARTESIAN_POINT('',(460.7,387.616666666667,684.083333333333));
#4235=CARTESIAN_POINT('Ctrl Pts',(460.7,387.616666666667,684.083333333333));
#4236=CARTESIAN_POINT('Ctrl Pts',(460.7,372.061111111111,684.083333333333));
#4237=CARTESIAN_POINT('Ctrl Pts',(460.7,356.505555555556,684.083333333333));
#4238=CARTESIAN_POINT('Ctrl Pts',(460.7,340.95,684.083333333333));
#4239=CARTESIAN_POINT('Ctrl Pts',(460.7,339.72570634536,684.083333333333));
#4240=CARTESIAN_POINT('Ctrl Pts',(460.7,338.860000000001,684.949039678693));
#4241=CARTESIAN_POINT('Ctrl Pts',(460.7,338.86,686.173333333333));
#4242=CARTESIAN_POINT('Ctrl Pts',(460.7,338.86,687.397626987973));
#4243=CARTESIAN_POINT('Ctrl Pts',(460.7,339.72570634536,688.263333333333));
#4244=CARTESIAN_POINT('Ctrl Pts',(460.7,340.95,688.263333333333));
#4245=CARTESIAN_POINT('',(460.7,317.616666666667,714.449333333333));
#4246=CARTESIAN_POINT('Ctrl Pts',(460.7,317.616666666667,714.449333333333));
#4247=CARTESIAN_POINT('Ctrl Pts',(460.7,317.616666666667,702.217799333333));
#4248=CARTESIAN_POINT('Ctrl Pts',(460.7,310.391196005397,695.522068983159));
#4249=CARTESIAN_POINT('Ctrl Pts',(460.7,298.170666666667,695.003333333333));
#4250=CARTESIAN_POINT('Ctrl Pts',(460.7,268.643655178112,693.749974082896));
#4251=CARTESIAN_POINT('Ctrl Pts',(460.7,239.116633472856,692.496614398782));
#4252=CARTESIAN_POINT('Ctrl Pts',(460.7,209.591034276326,691.243315097158));
#4253=CARTESIAN_POINT('Ctrl Pts',(460.7,117.483463661334,687.333543337483));
#4254=CARTESIAN_POINT('Ctrl Pts',(460.7,25.3897373425477,683.424359238931));
#4255=CARTESIAN_POINT('Ctrl Pts',(460.7,-66.6466415354292,679.517609418072));
#4256=CARTESIAN_POINT('Ctrl Pts',(460.7,-112.664830974418,677.564234507643));
#4257=CARTESIAN_POINT('Ctrl Pts',(460.7,-158.668683553204,675.611468166637));
#4258=CARTESIAN_POINT('Ctrl Pts',(460.7,-204.652761378713,673.659541222126));
#4259=CARTESIAN_POINT('Ctrl Pts',(460.7,-227.644800291467,672.68357774987));
#4260=CARTESIAN_POINT('Ctrl Pts',(460.7,-250.631895515902,671.707824126738));
#4261=CARTESIAN_POINT('Ctrl Pts',(460.7,-273.613367315384,670.732309206114));
#4262=CARTESIAN_POINT('Ctrl Pts',(460.7,-285.104103215124,670.244551745802));
#4263=CARTESIAN_POINT('Ctrl Pts',(460.7,-296.593433258626,669.756853961116));
#4264=CARTESIAN_POINT('Ctrl Pts',(460.7,-308.081272478811,669.269219458731));
#4265=CARTESIAN_POINT('Ctrl Pts',(460.7,-313.825192088903,669.025402207538));
#4266=CARTESIAN_POINT('Ctrl Pts',(460.7,-319.568738993166,668.781600776921));
#4267=CARTESIAN_POINT('Ctrl Pts',(460.7,-325.311902570715,668.537815617712));
#4268=CARTESIAN_POINT('Ctrl Pts',(460.7,-328.183484359489,668.415923038108));
#4269=CARTESIAN_POINT('Ctrl Pts',(460.7,-331.054970316584,668.294034526356));
#4270=CARTESIAN_POINT('Ctrl Pts',(460.7,-333.926359114391,668.17215013881));
#4271=CARTESIAN_POINT('Ctrl Pts',(460.7,-335.362053513294,668.111207945038));
#4272=CARTESIAN_POINT('Ctrl Pts',(460.7,-336.797723622375,668.050266782316));
#4273=CARTESIAN_POINT('Ctrl Pts',(460.7,-338.233369275682,667.989326657691));
#4274=CARTESIAN_POINT('Ctrl Pts',(460.7,-338.951192102336,667.958856595379));
#4275=CARTESIAN_POINT('Ctrl Pts',(460.7,-339.669008815046,667.92838679259));
#4276=CARTESIAN_POINT('Ctrl Pts',(460.7,-340.386819393069,667.897917250206));
#4277=CARTESIAN_POINT('Ctrl Pts',(460.7,-340.745724682081,667.882682479014));
#4278=CARTESIAN_POINT('Ctrl Pts',(460.7,-341.10462843742,667.867447772923));
#4279=CARTESIAN_POINT('Ctrl Pts',(460.7,-341.463530656495,667.852213132043));
#4280=CARTESIAN_POINT('Ctrl Pts',(460.7,-341.642981766033,667.844595811604));
#4281=CARTESIAN_POINT('Ctrl Pts',(460.7,-341.822432491503,667.836978507466));
#4282=CARTESIAN_POINT('Ctrl Pts',(460.7,-342.001882832584,667.829361219646));
#4283=CARTESIAN_POINT('Ctrl Pts',(460.7,-342.024314125219,667.828409058668));
#4284=CARTESIAN_POINT('Ctrl Pts',(460.7,-342.046745411848,667.827456897946));
#4285=CARTESIAN_POINT('Ctrl Pts',(460.7,-342.069176692471,667.826504737478));
#4286=CARTESIAN_POINT('Ctrl Pts',(460.7,-342.074748085295,667.826268243624));
#4287=CARTESIAN_POINT('Ctrl Pts',(460.7,-342.080319477748,667.826031749786));
#4288=CARTESIAN_POINT('Ctrl Pts',(460.7,-342.085890869831,667.825795255964));
#4289=CARTESIAN_POINT('Ctrl Pts',(460.7,-342.088674116033,667.825677113044));
#4290=CARTESIAN_POINT('Ctrl Pts',(460.7,-342.091457362141,667.825558970127));
#4291=CARTESIAN_POINT('Ctrl Pts',(460.7,-342.094240608158,667.825440827214));
#4292=CARTESIAN_POINT('Ctrl Pts',(460.7,-342.096851577985,667.825329997062));
#4293=CARTESIAN_POINT('Ctrl Pts',(460.7,-342.099470622106,667.825218824173));
#4294=CARTESIAN_POINT('Ctrl Pts',(460.7,-342.102103370881,667.82510706955));
#4295=CARTESIAN_POINT('Ctrl Pts',(460.7,-342.249374974606,667.81885570114));
#4296=CARTESIAN_POINT('Ctrl Pts',(460.7,-342.433826983416,667.811026103092));
#4297=CARTESIAN_POINT('Ctrl Pts',(460.7,-342.635786853333,667.802453333333));
#4298=CARTESIAN_POINT('Ctrl Pts',(460.7,-342.644711817063,667.80207448748));
#4299=CARTESIAN_POINT('Ctrl Pts',(460.7,-342.654881334687,667.801633252964));
#4300=CARTESIAN_POINT('Ctrl Pts',(460.7,-342.664027502195,667.801227416738));
#4301=CARTESIAN_POINT('Ctrl Pts',(460.7,-342.668596120047,667.801024696788));
#4302=CARTESIAN_POINT('Ctrl Pts',(460.7,-342.672909562429,667.800831094348));
#4303=CARTESIAN_POINT('Ctrl Pts',(460.7,-342.676686007578,667.800660261038));
#4304=CARTESIAN_POINT('Ctrl Pts',(460.7,-342.677734865357,667.800612814342));
#4305=CARTESIAN_POINT('Ctrl Pts',(460.7,-342.678742302907,667.800567128397));
#4306=CARTESIAN_POINT('Ctrl Pts',(460.7,-342.679702287354,667.800523504177));
#4307=CARTESIAN_POINT('Ctrl Pts',(460.7,-342.680284348004,667.800497053808));
#4308=CARTESIAN_POINT('Ctrl Pts',(460.7,-342.680848963616,667.800471361441));
#4309=CARTESIAN_POINT('Ctrl Pts',(460.7,-342.681394789671,667.800446494533));
#4310=CARTESIAN_POINT('Ctrl Pts',(460.7,-342.681831031217,667.800426620108));
#4311=CARTESIAN_POINT('Ctrl Pts',(460.7,-342.682263559687,667.800406895497));
#4312=CARTESIAN_POINT('Ctrl Pts',(460.7,-342.68269780703,667.800387073249));
#4313=CARTESIAN_POINT('Ctrl Pts',(460.7,-342.960303808252,667.787715090331));
#4314=CARTESIAN_POINT('Ctrl Pts',(460.7,-343.23350326813,667.767338585754));
#4315=CARTESIAN_POINT('Ctrl Pts',(460.7,-343.501893562855,667.7394192449));
#4316=CARTESIAN_POINT('Ctrl Pts',(460.7,-343.770326270052,667.711495492082));
#4317=CARTESIAN_POINT('Ctrl Pts',(460.7,-344.033948090899,667.676026655678));
#4318=CARTESIAN_POINT('Ctrl Pts',(460.7,-344.292385201321,667.633217835627));
#4319=CARTESIAN_POINT('Ctrl Pts',(460.7,-344.550798908669,667.590412892178));
#4320=CARTESIAN_POINT('Ctrl Pts',(460.7,-344.804028654254,667.540269442083));
#4321=CARTESIAN_POINT('Ctrl Pts',(460.7,-345.05173263475,667.483033718503));
#4322=CARTESIAN_POINT('Ctrl Pts',(460.7,-345.299369445544,667.425813515491));
#4323=CARTESIAN_POINT('Ctrl Pts',(460.7,-345.541483310322,667.361505041407));
#4324=CARTESIAN_POINT('Ctrl Pts',(460.7,-345.777767364405,667.290393213397));
#4325=CARTESIAN_POINT('Ctrl Pts',(460.7,-346.01396802994,667.219306481926));
#4326=CARTESIAN_POINT('Ctrl Pts',(460.7,-346.244342836205,667.141421360927));
#4327=CARTESIAN_POINT('Ctrl Pts',(460.7,-346.468622434927,667.057058928956));
#4328=CARTESIAN_POINT('Ctrl Pts',(460.7,-346.692832353795,666.972722706956));
#4329=CARTESIAN_POINT('Ctrl Pts',(460.7,-346.91095070501,666.881913366009));
#4330=CARTESIAN_POINT('Ctrl Pts',(460.7,-347.12274788961,666.784985649299));
#4331=CARTESIAN_POINT('Ctrl Pts',(460.7,-347.334518516473,666.688070086579));
#4332=CARTESIAN_POINT('Ctrl Pts',(460.7,-347.539969431627,666.585037853099));
#4333=CARTESIAN_POINT('Ctrl Pts',(460.7,-347.738912698617,666.476274980902));
#4334=CARTESIAN_POINT('Ctrl Pts',(460.7,-347.947846617034,666.362050190035));
#4335=CARTESIAN_POINT('Ctrl Pts',(460.7,-348.149602322714,666.241504671956));
#4336=CARTESIAN_POINT('Ctrl Pts',(460.7,-348.34401367719,666.115119793494));
#4337=CARTESIAN_POINT('Ctrl Pts',(460.7,-348.52945282577,665.994567656409));
#4338=CARTESIAN_POINT('Ctrl Pts',(460.7,-348.708210150406,665.86870310896));
#4339=CARTESIAN_POINT('Ctrl Pts',(460.7,-348.880187836553,665.737970865467));
#4340=CARTESIAN_POINT('Ctrl Pts',(460.7,-349.052473847776,665.607004242563));
#4341=CARTESIAN_POINT('Ctrl Pts',(460.7,-349.217955808645,665.471152625227));
#4342=CARTESIAN_POINT('Ctrl Pts',(460.7,-349.376582135794,665.330886909726));
#4343=CARTESIAN_POINT('Ctrl Pts',(460.7,-349.535637424057,665.190241884316));
#4344=CARTESIAN_POINT('Ctrl Pts',(460.7,-349.687799886512,665.045159025486));
#4345=CARTESIAN_POINT('Ctrl Pts',(460.7,-349.833065588478,664.89613438881));
#4346=CARTESIAN_POINT('Ctrl Pts',(460.7,-349.97888396497,664.746542776453));
#4347=CARTESIAN_POINT('Ctrl Pts',(460.7,-350.117752956487,664.592979505563));
#4348=CARTESIAN_POINT('Ctrl Pts',(460.7,-350.24971779553,664.435965218527));
#4349=CARTESIAN_POINT('Ctrl Pts',(460.7,-350.382357688831,664.278147739038));
#4350=CARTESIAN_POINT('Ctrl Pts',(460.7,-350.508022585789,664.116844016394));
#4351=CARTESIAN_POINT('Ctrl Pts',(460.7,-350.626808618787,663.952599225593));
#4352=CARTESIAN_POINT('Ctrl Pts',(460.7,-350.746386785973,663.787259155231));
#4353=CARTESIAN_POINT('Ctrl Pts',(460.7,-350.858994029816,663.618938831498));
#4354=CARTESIAN_POINT('Ctrl Pts',(460.7,-350.964779466809,663.448208516856));
#4355=CARTESIAN_POINT('Ctrl Pts',(460.7,-351.071465220654,663.27602515363));
#4356=CARTESIAN_POINT('Ctrl Pts',(460.7,-351.171212567421,663.101390776788));
#4357=CARTESIAN_POINT('Ctrl Pts',(460.7,-351.264226219959,662.92490202969));
#4358=CARTESIAN_POINT('Ctrl Pts',(460.7,-351.361953113254,662.739470144317));
#4359=CARTESIAN_POINT('Ctrl Pts',(460.7,-351.452246259846,662.551991334425));
#4360=CARTESIAN_POINT('Ctrl Pts',(460.7,-351.535403021346,662.363168151617));
#4361=CARTESIAN_POINT('Ctrl Pts',(460.7,-351.61714413294,662.177559470145));
#4362=CARTESIAN_POINT('Ctrl Pts',(460.7,-351.691990124113,661.990652038523));
#4363=CARTESIAN_POINT('Ctrl Pts',(460.7,-351.760278723836,661.803120021456));
#4364=CARTESIAN_POINT('Ctrl Pts',(460.7,-351.829743170327,661.612358930765));
#4365=CARTESIAN_POINT('Ctrl Pts',(460.7,-351.892422558514,661.420951769122));
#4366=CARTESIAN_POINT('Ctrl Pts',(460.7,-351.948727120781,661.229611989473));
#4367=CARTESIAN_POINT('Ctrl Pts',(460.7,-352.006224906942,661.034217277371));
#4368=CARTESIAN_POINT('Ctrl Pts',(460.7,-352.057074954955,660.83889306543));
#4369=CARTESIAN_POINT('Ctrl Pts',(460.7,-352.101768957103,660.644399744347));
#4370=CARTESIAN_POINT('Ctrl Pts',(460.7,-352.145496303302,660.454112986042));
#4371=CARTESIAN_POINT('Ctrl Pts',(460.7,-352.183331558246,660.264621771322));
#4372=CARTESIAN_POINT('Ctrl Pts',(460.7,-352.215781371195,660.076635532247));
#4373=CARTESIAN_POINT('Ctrl Pts',(460.7,-352.22795005105,660.006140692594));
#4374=CARTESIAN_POINT('Ctrl Pts',(460.7,-352.239361834326,659.935857447246));
#4375=CARTESIAN_POINT('Ctrl Pts',(460.7,-352.250044924795,659.865823019965));
#4376=CARTESIAN_POINT('Ctrl Pts',(460.7,-352.250722307597,659.861382346479));
#4377=CARTESIAN_POINT('Ctrl Pts',(460.7,-352.251396876231,659.856941953482));
#4378=CARTESIAN_POINT('Ctrl Pts',(460.7,-352.252070596966,659.852488776156));
#4379=CARTESIAN_POINT('Ctrl Pts',(460.7,-352.275924090598,659.694821316171));
#4380=CARTESIAN_POINT('Ctrl Pts',(460.7,-352.298063921796,659.525415017026));
#4381=CARTESIAN_POINT('Ctrl Pts',(460.7,-352.317122457843,659.344264880411));
#4382=CARTESIAN_POINT('Ctrl Pts',(460.7,-352.337037162962,659.154976912856));
#4383=CARTESIAN_POINT('Ctrl Pts',(460.7,-352.353585694396,658.952864213346));
#4384=CARTESIAN_POINT('Ctrl Pts',(460.7,-352.365160309294,658.737953261442));
#4385=CARTESIAN_POINT('Ctrl Pts',(460.7,-352.375832394177,658.539799980225));
#4386=CARTESIAN_POINT('Ctrl Pts',(460.7,-352.38227411307,658.330765870141));
#4387=CARTESIAN_POINT('Ctrl Pts',(460.7,-352.383213752833,658.110916287711));
#4388=CARTESIAN_POINT('Ctrl Pts',(460.7,-352.383293217446,658.092323777507));
#4389=CARTESIAN_POINT('Ctrl Pts',(460.7,-352.383333333333,658.073653946869));
#4390=CARTESIAN_POINT('Ctrl Pts',(460.7,-352.383333333333,658.054906853333));
#4391=CARTESIAN_POINT('Ctrl Pts',(460.7,-352.383333333333,656.423923132804));
#4392=CARTESIAN_POINT('Ctrl Pts',(460.7,-352.383333333333,653.62617807819));
#4393=CARTESIAN_POINT('Ctrl Pts',(460.7,-352.383333333333,651.830879813333));
#4394=CARTESIAN_POINT('Ctrl Pts',(460.7,-352.383333333333,651.819026112709));
#4395=CARTESIAN_POINT('Ctrl Pts',(460.7,-352.383317316742,651.807180420381));
#4396=CARTESIAN_POINT('Ctrl Pts',(460.7,-352.383285299791,651.79534275258));
#4397=CARTESIAN_POINT('Ctrl Pts',(460.7,-352.367520390873,645.966563007759));
#4398=CARTESIAN_POINT('Ctrl Pts',(460.7,-348.472461040709,642.083333333333));
#4399=CARTESIAN_POINT('Ctrl Pts',(460.7,-342.635786853333,642.083333333333));
#4400=CARTESIAN_POINT('Ctrl Pts',(460.7,-340.235666472719,642.083333333333));
#4401=CARTESIAN_POINT('Ctrl Pts',(460.7,-337.835536982517,642.083333333333));
#4402=CARTESIAN_POINT('Ctrl Pts',(460.7,-335.435511904651,642.083333333333));
#4403=CARTESIAN_POINT('Ctrl Pts',(460.7,-200.296725785028,642.083333333333));
#4404=CARTESIAN_POINT('Ctrl Pts',(460.7,-65.4920320119553,642.083333333333));
#4405=CARTESIAN_POINT('Ctrl Pts',(460.7,48.1785663079183,642.083333333333));
#4406=CARTESIAN_POINT('Ctrl Pts',(460.7,105.013865467855,642.083333333333));
#4407=CARTESIAN_POINT('Ctrl Pts',(460.7,156.565640764493,642.083333333333));
#4408=CARTESIAN_POINT('Ctrl Pts',(460.7,200.233891809499,642.083333333333));
#4409=CARTESIAN_POINT('Ctrl Pts',(460.7,211.150954570751,642.083333333333));
#4410=CARTESIAN_POINT('Ctrl Pts',(460.7,221.575297066275,642.083333333333));
#4411=CARTESIAN_POINT('Ctrl Pts',(460.7,231.466294290006,642.083333333333));
#4412=CARTESIAN_POINT('Ctrl Pts',(460.7,235.175418248904,642.083333333333));
#4413=CARTESIAN_POINT('Ctrl Pts',(460.7,238.809540528957,642.083333333333));
#4414=CARTESIAN_POINT('Ctrl Pts',(460.7,242.366518795859,642.083333333333));
#4415=CARTESIAN_POINT('Ctrl Pts',(460.7,242.755563293802,642.083333333333));
#4416=CARTESIAN_POINT('Ctrl Pts',(460.7,243.143684926352,642.083333333333));
#4417=CARTESIAN_POINT('Ctrl Pts',(460.7,243.530880890392,642.083333333333));
#4418=CARTESIAN_POINT('Ctrl Pts',(460.7,243.721453903944,642.083333333333));
#4419=CARTESIAN_POINT('Ctrl Pts',(460.7,243.911802675655,642.083333333333));
#4420=CARTESIAN_POINT('Ctrl Pts',(460.7,244.101926871305,642.083333333333));
#4421=CARTESIAN_POINT('Ctrl Pts',(460.7,244.123508154321,642.083333333333));
#4422=CARTESIAN_POINT('Ctrl Pts',(460.7,244.145086543706,642.083333333333));
#4423=CARTESIAN_POINT('Ctrl Pts',(460.7,244.166662038971,642.083333333333));
#4424=CARTESIAN_POINT('Ctrl Pts',(460.7,244.186751443823,642.083333333333));
#4425=CARTESIAN_POINT('Ctrl Pts',(460.7,244.20684768459,642.083333333333));
#4426=CARTESIAN_POINT('Ctrl Pts',(460.7,244.226951777244,642.083333333333));
#4427=CARTESIAN_POINT('Ctrl Pts',(460.7,268.34220252321,642.083333333333));
#4428=CARTESIAN_POINT('Ctrl Pts',(460.7,303.271173396636,642.083333333333));
#4429=CARTESIAN_POINT('Ctrl Pts',(460.7,345.616666666667,642.083333333333));
#4430=CARTESIAN_POINT('Ctrl Pts',(460.7,346.212529641365,642.083333333333));
#4431=CARTESIAN_POINT('Ctrl Pts',(460.7,346.8156318459,642.091264602823));
#4432=CARTESIAN_POINT('Ctrl Pts',(460.7,347.42450218649,642.108066216045));
#4433=CARTESIAN_POINT('Ctrl Pts',(460.7,348.010696798291,642.124242098634));
#4434=CARTESIAN_POINT('Ctrl Pts',(460.7,348.602237671405,642.14864006211));
#4435=CARTESIAN_POINT('Ctrl Pts',(460.7,349.197824218509,642.182050642878));
#4436=CARTESIAN_POINT('Ctrl Pts',(460.7,349.775814686245,642.214474137498));
#4437=CARTESIAN_POINT('Ctrl Pts',(460.7,350.357615115683,642.255385678954));
#4438=CARTESIAN_POINT('Ctrl Pts',(460.7,350.94205162096,642.30546042782));
#4439=CARTESIAN_POINT('Ctrl Pts',(460.7,351.512396519478,642.354327802296));
#4440=CARTESIAN_POINT('Ctrl Pts',(460.7,352.085251744433,642.411921912286));
#4441=CARTESIAN_POINT('Ctrl Pts',(460.7,352.659543181861,642.478823117183));
#4442=CARTESIAN_POINT('Ctrl Pts',(460.7,353.222304675939,642.544381158919));
#4443=CARTESIAN_POINT('Ctrl Pts',(460.7,353.786445149339,642.618876391473));
#4444=CARTESIAN_POINT('Ctrl Pts',(460.7,354.350972552688,642.702808079751));
#4445=CARTESIAN_POINT('Ctrl Pts',(460.7,354.905925264185,642.785316240938));
#4446=CARTESIAN_POINT('Ctrl Pts',(460.7,355.461251763223,642.876943520334));
#4447=CARTESIAN_POINT('Ctrl Pts',(460.7,356.016029844365,642.978117718285));
#4448=CARTESIAN_POINT('Ctrl Pts',(460.7,356.562775965849,643.077827137609));
#4449=CARTESIAN_POINT('Ctrl Pts',(460.7,357.108989316375,643.186809070341));
#4450=CARTESIAN_POINT('Ctrl Pts',(460.7,357.653808796959,643.305426902429));
#4451=CARTESIAN_POINT('Ctrl Pts',(460.7,358.220010475375,643.42870005622));
#4452=CARTESIAN_POINT('Ctrl Pts',(460.7,358.784706366797,643.562380781781));
#4453=CARTESIAN_POINT('Ctrl Pts',(460.7,359.346957422996,643.706822303409));
#4454=CARTESIAN_POINT('Ctrl Pts',(460.7,359.891638133689,643.846750027486));
#4455=CARTESIAN_POINT('Ctrl Pts',(460.7,360.434024396967,643.996776339008));
#4456=CARTESIAN_POINT('Ctrl Pts',(460.7,360.973290133713,644.157170756195));
#4457=CARTESIAN_POINT('Ctrl Pts',(460.7,361.495703816187,644.312552847845));
#4458=CARTESIAN_POINT('Ctrl Pts',(460.7,362.015188953848,644.47766498915));
#4459=CARTESIAN_POINT('Ctrl Pts',(460.7,362.531021099467,644.65270547224));
#4460=CARTESIAN_POINT('Ctrl Pts',(460.7,363.036628123459,644.824276202148));
#4461=CARTESIAN_POINT('Ctrl Pts',(460.7,363.538725504849,645.005385470619));
#4462=CARTESIAN_POINT('Ctrl Pts',(460.7,364.036657360649,645.19617620345));
#4463=CARTESIAN_POINT('Ctrl Pts',(460.7,364.531441293972,645.385760758309));
#4464=CARTESIAN_POINT('Ctrl Pts',(460.7,365.022112115395,645.584904744558));
#4465=CARTESIAN_POINT('Ctrl Pts',(460.7,365.508053594992,645.793705306452));
#4466=CARTESIAN_POINT('Ctrl Pts',(460.7,365.991348690005,646.001368763136));
#4467=CARTESIAN_POINT('Ctrl Pts',(460.7,366.469965728987,646.218583890571));
#4468=CARTESIAN_POINT('Ctrl Pts',(460.7,366.943326874848,646.445403651739));
#4469=CARTESIAN_POINT('Ctrl Pts',(460.7,367.414485516731,646.671168042329));
#4470=CARTESIAN_POINT('Ctrl Pts',(460.7,367.880436980643,646.906447875896));
#4471=CARTESIAN_POINT('Ctrl Pts',(460.7,368.340640896262,647.151253301434));
#4472=CARTESIAN_POINT('Ctrl Pts',(460.7,368.799037581912,647.395097371176));
#4473=CARTESIAN_POINT('Ctrl Pts',(460.7,369.251731694046,647.648392340176));
#4474=CARTESIAN_POINT('Ctrl Pts',(460.7,369.698219674388,647.911106722086));
#4475=CARTESIAN_POINT('Ctrl Pts',(460.7,370.143254281541,648.172965936432));
#4476=CARTESIAN_POINT('Ctrl Pts',(460.7,370.582123019746,648.444183310522));
#4477=CARTESIAN_POINT('Ctrl Pts',(460.7,371.014358711567,648.724686745334));
#4478=CARTESIAN_POINT('Ctrl Pts',(460.7,371.445459254983,649.004453514868));
#4479=CARTESIAN_POINT('Ctrl Pts',(460.7,371.86996147435,649.293457599581));
#4480=CARTESIAN_POINT('Ctrl Pts',(460.7,372.287434328655,649.59158717839));
#4481=CARTESIAN_POINT('Ctrl Pts',(460.7,372.704059332878,649.889111282651));
#4482=CARTESIAN_POINT('Ctrl Pts',(460.7,373.113683426562,650.195723813057));
#4483=CARTESIAN_POINT('Ctrl Pts',(460.7,373.515911619155,650.511274002191));
#4484=CARTESIAN_POINT('Ctrl Pts',(460.7,373.917552193144,650.826363201356));
#4485=CARTESIAN_POINT('Ctrl Pts',(460.7,374.311818394404,651.150363920444));
#4486=CARTESIAN_POINT('Ctrl Pts',(460.7,374.698351333527,651.483087118316));
#4487=CARTESIAN_POINT('Ctrl Pts',(460.7,375.084533003007,651.815507947238));
#4488=CARTESIAN_POINT('Ctrl Pts',(460.7,375.462995397406,652.156635361009));
#4489=CARTESIAN_POINT('Ctrl Pts',(460.7,375.833415899269,652.506242621566));
#4490=CARTESIAN_POINT('Ctrl Pts',(460.7,376.203700232736,652.855721364776));
#4491=CARTESIAN_POINT('Ctrl Pts',(460.7,376.565948526318,653.213673669948));
#4492=CARTESIAN_POINT('Ctrl Pts',(460.7,376.919874713323,653.579835586516));
#4493=CARTESIAN_POINT('Ctrl Pts',(460.7,377.273860764314,653.946059436652));
#4494=CARTESIAN_POINT('Ctrl Pts',(460.7,377.619521837958,654.320495620434));
#4495=CARTESIAN_POINT('Ctrl Pts',(460.7,377.956608796821,654.702843366746));
#4496=CARTESIAN_POINT('Ctrl Pts',(460.7,378.29393437576,655.085461772736));
#4497=CARTESIAN_POINT('Ctrl Pts',(460.7,378.622673644891,655.476002887516));
#4498=CARTESIAN_POINT('Ctrl Pts',(460.7,378.942614869453,655.874129415477));
#4499=CARTESIAN_POINT('Ctrl Pts',(460.7,379.262957652072,656.272755631826));
#4500=CARTESIAN_POINT('Ctrl Pts',(460.7,379.574480243492,656.678986252042));
#4501=CARTESIAN_POINT('Ctrl Pts',(460.7,379.877008878519,657.092447649356));
#4502=CARTESIAN_POINT('Ctrl Pts',(460.7,380.180087353469,657.506660504736));
#4503=CARTESIAN_POINT('Ctrl Pts',(460.7,380.474139105666,657.928130379162));
#4504=CARTESIAN_POINT('Ctrl Pts',(460.7,380.759029001882,658.356447394881));
#4505=CARTESIAN_POINT('Ctrl Pts',(460.7,381.044603256471,658.785793307518));
#4506=CARTESIAN_POINT('Ctrl Pts',(460.7,381.320971545474,659.222019228304));
#4507=CARTESIAN_POINT('Ctrl Pts',(460.7,381.588038131241,659.664678981048));
#4508=CARTESIAN_POINT('Ctrl Pts',(460.7,381.861595972373,660.118097913891));
#4509=CARTESIAN_POINT('Ctrl Pts',(460.7,382.125394254347,660.578267280711));
#4510=CARTESIAN_POINT('Ctrl Pts',(460.7,382.379374369406,661.04467266422));
#4511=CARTESIAN_POINT('Ctrl Pts',(460.7,382.629540661138,661.504074398126));
#4512=CARTESIAN_POINT('Ctrl Pts',(460.7,382.870181539034,661.969526091796));
#4513=CARTESIAN_POINT('Ctrl Pts',(460.7,383.101283652542,662.440504073522));
#4514=CARTESIAN_POINT('Ctrl Pts',(460.7,383.333445905993,662.913642583176));
#4515=CARTESIAN_POINT('Ctrl Pts',(460.7,383.555981652567,663.392358119853));
#4516=CARTESIAN_POINT('Ctrl Pts',(460.7,383.768920369942,663.876088931674));
#4517=CARTESIAN_POINT('Ctrl Pts',(460.7,383.982995209628,664.362400661493));
#4518=CARTESIAN_POINT('Ctrl Pts',(460.7,384.187370316855,664.853781243704));
#4519=CARTESIAN_POINT('Ctrl Pts',(460.7,384.382119390789,665.349630004683));
#4520=CARTESIAN_POINT('Ctrl Pts',(460.7,384.578067941883,665.848532743027));
#4521=CARTESIAN_POINT('Ctrl Pts',(460.7,384.764271504285,666.351958782391));
#4522=CARTESIAN_POINT('Ctrl Pts',(460.7,384.94084960201,666.85926738917));
#4523=CARTESIAN_POINT('Ctrl Pts',(460.7,385.118677083688,667.370165474148));
#4524=CARTESIAN_POINT('Ctrl Pts',(460.7,385.286742400102,667.885001171809));
#4525=CARTESIAN_POINT('Ctrl Pts',(460.7,385.445212765333,668.403092182627));
#4526=CARTESIAN_POINT('Ctrl Pts',(460.7,385.604967774563,668.925383111244));
#4527=CARTESIAN_POINT('Ctrl Pts',(460.7,385.754971638158,669.450982248957));
#4528=CARTESIAN_POINT('Ctrl Pts',(460.7,385.895441457303,669.979163762152));
#4529=CARTESIAN_POINT('Ctrl Pts',(460.7,386.037214844815,670.51224683155));
#4530=CARTESIAN_POINT('Ctrl Pts',(460.7,386.169276421936,671.047960325819));
#4531=CARTESIAN_POINT('Ctrl Pts',(460.7,386.291895801678,671.585532318797));
#4532=CARTESIAN_POINT('Ctrl Pts',(460.7,386.416580819929,672.132160216418));
#4533=CARTESIAN_POINT('Ctrl Pts',(460.7,386.531502805928,672.680709670531));
#4534=CARTESIAN_POINT('Ctrl Pts',(460.7,386.636993252227,673.230344022184));
#4535=CARTESIAN_POINT('Ctrl Pts',(460.7,386.743769269315,673.786676552603));
#4536=CARTESIAN_POINT('Ctrl Pts',(460.7,386.840882500344,674.344120463324));
#4537=CARTESIAN_POINT('Ctrl Pts',(460.7,386.928725438332,674.901784275207));
#4538=CARTESIAN_POINT('Ctrl Pts',(460.7,387.017795162267,675.467236238791));
#4539=CARTESIAN_POINT('Ctrl Pts',(460.7,387.097333899647,676.032914157307));
#4540=CARTESIAN_POINT('Ctrl Pts',(460.7,387.16780005458,676.597866206036));
#4541=CARTESIAN_POINT('Ctrl Pts',(460.7,387.239401280788,677.171918522022));
#4542=CARTESIAN_POINT('Ctrl Pts',(460.7,387.301635352248,677.745221250778));
#4543=CARTESIAN_POINT('Ctrl Pts',(460.7,387.355032852565,678.316754878616));
#4544=CARTESIAN_POINT('Ctrl Pts',(460.7,387.409988289821,678.904963694339));
#4545=CARTESIAN_POINT('Ctrl Pts',(460.7,387.455584003454,679.491298537355));
#4546=CARTESIAN_POINT('Ctrl Pts',(460.7,387.49245020647,680.074628100434));
#4547=CARTESIAN_POINT('Ctrl Pts',(460.7,387.53006230196,680.669759831767));
#4548=CARTESIAN_POINT('Ctrl Pts',(460.7,387.558588215564,681.261763245405));
#4549=CARTESIAN_POINT('Ctrl Pts',(460.7,387.578749147738,681.849419132849));
#4550=CARTESIAN_POINT('Ctrl Pts',(460.7,387.599620551344,682.457784019077));
#4551=CARTESIAN_POINT('Ctrl Pts',(460.7,387.611527120087,683.06148935292));
#4552=CARTESIAN_POINT('Ctrl Pts',(460.7,387.615322499735,683.659166644262));
#4553=CARTESIAN_POINT('Ctrl Pts',(460.7,387.616222541612,683.800900710714));
#4554=CARTESIAN_POINT('Ctrl Pts',(460.7,387.616666666667,683.942295724556));
#4555=CARTESIAN_POINT('Ctrl Pts',(460.7,387.616666666667,684.083333333333));
#4556=CARTESIAN_POINT('',(460.7,317.616666666667,800.583333333333));
#4557=CARTESIAN_POINT('Origin',(479.2,-359.783333333333,802.168333333333));
#4558=CARTESIAN_POINT('',(479.2,317.616666666667,714.449333333333));
#4559=CARTESIAN_POINT('',(479.2,387.616666666667,684.083333333333));
#4560=CARTESIAN_POINT('Ctrl Pts',(479.2,317.616666666667,714.449333333333));
#4561=CARTESIAN_POINT('Ctrl Pts',(479.2,317.616666666667,702.217799333333));
#4562=CARTESIAN_POINT('Ctrl Pts',(479.2,310.391196005397,695.522068983159));
#4563=CARTESIAN_POINT('Ctrl Pts',(479.2,298.170666666667,695.003333333333));
#4564=CARTESIAN_POINT('Ctrl Pts',(479.2,268.643655178112,693.749974082896));
#4565=CARTESIAN_POINT('Ctrl Pts',(479.2,239.116633472856,692.496614398782));
#4566=CARTESIAN_POINT('Ctrl Pts',(479.2,209.591034276326,691.243315097158));
#4567=CARTESIAN_POINT('Ctrl Pts',(479.2,117.483463661334,687.333543337483));
#4568=CARTESIAN_POINT('Ctrl Pts',(479.2,25.3897373425477,683.424359238931));
#4569=CARTESIAN_POINT('Ctrl Pts',(479.2,-66.6466415354292,679.517609418072));
#4570=CARTESIAN_POINT('Ctrl Pts',(479.2,-112.664830974418,677.564234507643));
#4571=CARTESIAN_POINT('Ctrl Pts',(479.2,-158.668683553204,675.611468166637));
#4572=CARTESIAN_POINT('Ctrl Pts',(479.2,-204.652761378713,673.659541222126));
#4573=CARTESIAN_POINT('Ctrl Pts',(479.2,-227.644800291467,672.68357774987));
#4574=CARTESIAN_POINT('Ctrl Pts',(479.2,-250.631895515902,671.707824126738));
#4575=CARTESIAN_POINT('Ctrl Pts',(479.2,-273.613367315384,670.732309206114));
#4576=CARTESIAN_POINT('Ctrl Pts',(479.2,-285.104103215124,670.244551745802));
#4577=CARTESIAN_POINT('Ctrl Pts',(479.2,-296.593433258626,669.756853961116));
#4578=CARTESIAN_POINT('Ctrl Pts',(479.2,-308.081272478811,669.269219458731));
#4579=CARTESIAN_POINT('Ctrl Pts',(479.2,-313.825192088903,669.025402207538));
#4580=CARTESIAN_POINT('Ctrl Pts',(479.2,-319.568738993166,668.781600776921));
#4581=CARTESIAN_POINT('Ctrl Pts',(479.2,-325.311902570715,668.537815617712));
#4582=CARTESIAN_POINT('Ctrl Pts',(479.2,-328.183484359489,668.415923038108));
#4583=CARTESIAN_POINT('Ctrl Pts',(479.2,-331.054970316584,668.294034526356));
#4584=CARTESIAN_POINT('Ctrl Pts',(479.2,-333.926359114391,668.17215013881));
#4585=CARTESIAN_POINT('Ctrl Pts',(479.2,-335.362053513294,668.111207945038));
#4586=CARTESIAN_POINT('Ctrl Pts',(479.2,-336.797723622375,668.050266782316));
#4587=CARTESIAN_POINT('Ctrl Pts',(479.2,-338.233369275682,667.989326657691));
#4588=CARTESIAN_POINT('Ctrl Pts',(479.2,-338.951192102336,667.958856595379));
#4589=CARTESIAN_POINT('Ctrl Pts',(479.2,-339.669008815046,667.92838679259));
#4590=CARTESIAN_POINT('Ctrl Pts',(479.2,-340.386819393069,667.897917250206));
#4591=CARTESIAN_POINT('Ctrl Pts',(479.2,-340.745724682081,667.882682479014));
#4592=CARTESIAN_POINT('Ctrl Pts',(479.2,-341.10462843742,667.867447772923));
#4593=CARTESIAN_POINT('Ctrl Pts',(479.2,-341.463530656495,667.852213132043));
#4594=CARTESIAN_POINT('Ctrl Pts',(479.2,-341.642981766033,667.844595811604));
#4595=CARTESIAN_POINT('Ctrl Pts',(479.2,-341.822432491503,667.836978507466));
#4596=CARTESIAN_POINT('Ctrl Pts',(479.2,-342.001882832584,667.829361219646));
#4597=CARTESIAN_POINT('Ctrl Pts',(479.2,-342.024314125219,667.828409058668));
#4598=CARTESIAN_POINT('Ctrl Pts',(479.2,-342.046745411848,667.827456897946));
#4599=CARTESIAN_POINT('Ctrl Pts',(479.2,-342.069176692471,667.826504737478));
#4600=CARTESIAN_POINT('Ctrl Pts',(479.2,-342.074748085295,667.826268243624));
#4601=CARTESIAN_POINT('Ctrl Pts',(479.2,-342.080319477748,667.826031749786));
#4602=CARTESIAN_POINT('Ctrl Pts',(479.2,-342.085890869831,667.825795255964));
#4603=CARTESIAN_POINT('Ctrl Pts',(479.2,-342.088674116033,667.825677113044));
#4604=CARTESIAN_POINT('Ctrl Pts',(479.2,-342.091457362141,667.825558970127));
#4605=CARTESIAN_POINT('Ctrl Pts',(479.2,-342.094240608158,667.825440827214));
#4606=CARTESIAN_POINT('Ctrl Pts',(479.2,-342.096851577985,667.825329997062));
#4607=CARTESIAN_POINT('Ctrl Pts',(479.2,-342.099470622106,667.825218824173));
#4608=CARTESIAN_POINT('Ctrl Pts',(479.2,-342.102103370881,667.82510706955));
#4609=CARTESIAN_POINT('Ctrl Pts',(479.2,-342.249374974606,667.81885570114));
#4610=CARTESIAN_POINT('Ctrl Pts',(479.2,-342.433826983416,667.811026103092));
#4611=CARTESIAN_POINT('Ctrl Pts',(479.2,-342.635786853333,667.802453333333));
#4612=CARTESIAN_POINT('Ctrl Pts',(479.2,-342.644711817063,667.80207448748));
#4613=CARTESIAN_POINT('Ctrl Pts',(479.2,-342.654881334687,667.801633252964));
#4614=CARTESIAN_POINT('Ctrl Pts',(479.2,-342.664027502195,667.801227416738));
#4615=CARTESIAN_POINT('Ctrl Pts',(479.2,-342.668596120047,667.801024696788));
#4616=CARTESIAN_POINT('Ctrl Pts',(479.2,-342.672909562429,667.800831094348));
#4617=CARTESIAN_POINT('Ctrl Pts',(479.2,-342.676686007578,667.800660261038));
#4618=CARTESIAN_POINT('Ctrl Pts',(479.2,-342.677734865357,667.800612814342));
#4619=CARTESIAN_POINT('Ctrl Pts',(479.2,-342.678742302907,667.800567128397));
#4620=CARTESIAN_POINT('Ctrl Pts',(479.2,-342.679702287354,667.800523504177));
#4621=CARTESIAN_POINT('Ctrl Pts',(479.2,-342.680284348004,667.800497053808));
#4622=CARTESIAN_POINT('Ctrl Pts',(479.2,-342.680848963616,667.800471361441));
#4623=CARTESIAN_POINT('Ctrl Pts',(479.2,-342.681394789671,667.800446494533));
#4624=CARTESIAN_POINT('Ctrl Pts',(479.2,-342.681831031217,667.800426620108));
#4625=CARTESIAN_POINT('Ctrl Pts',(479.2,-342.682263559687,667.800406895497));
#4626=CARTESIAN_POINT('Ctrl Pts',(479.2,-342.68269780703,667.800387073249));
#4627=CARTESIAN_POINT('Ctrl Pts',(479.2,-342.960303808252,667.787715090331));
#4628=CARTESIAN_POINT('Ctrl Pts',(479.2,-343.23350326813,667.767338585754));
#4629=CARTESIAN_POINT('Ctrl Pts',(479.2,-343.501893562855,667.7394192449));
#4630=CARTESIAN_POINT('Ctrl Pts',(479.2,-343.770326270052,667.711495492082));
#4631=CARTESIAN_POINT('Ctrl Pts',(479.2,-344.033948090899,667.676026655678));
#4632=CARTESIAN_POINT('Ctrl Pts',(479.2,-344.292385201321,667.633217835627));
#4633=CARTESIAN_POINT('Ctrl Pts',(479.2,-344.550798908669,667.590412892178));
#4634=CARTESIAN_POINT('Ctrl Pts',(479.2,-344.804028654254,667.540269442083));
#4635=CARTESIAN_POINT('Ctrl Pts',(479.2,-345.05173263475,667.483033718503));
#4636=CARTESIAN_POINT('Ctrl Pts',(479.2,-345.299369445544,667.425813515491));
#4637=CARTESIAN_POINT('Ctrl Pts',(479.2,-345.541483310322,667.361505041407));
#4638=CARTESIAN_POINT('Ctrl Pts',(479.2,-345.777767364405,667.290393213397));
#4639=CARTESIAN_POINT('Ctrl Pts',(479.2,-346.01396802994,667.219306481926));
#4640=CARTESIAN_POINT('Ctrl Pts',(479.2,-346.244342836205,667.141421360927));
#4641=CARTESIAN_POINT('Ctrl Pts',(479.2,-346.468622434927,667.057058928956));
#4642=CARTESIAN_POINT('Ctrl Pts',(479.2,-346.692832353795,666.972722706956));
#4643=CARTESIAN_POINT('Ctrl Pts',(479.2,-346.91095070501,666.881913366009));
#4644=CARTESIAN_POINT('Ctrl Pts',(479.2,-347.12274788961,666.784985649299));
#4645=CARTESIAN_POINT('Ctrl Pts',(479.2,-347.334518516473,666.688070086579));
#4646=CARTESIAN_POINT('Ctrl Pts',(479.2,-347.539969431627,666.585037853099));
#4647=CARTESIAN_POINT('Ctrl Pts',(479.2,-347.738912698617,666.476274980902));
#4648=CARTESIAN_POINT('Ctrl Pts',(479.2,-347.947846617034,666.362050190035));
#4649=CARTESIAN_POINT('Ctrl Pts',(479.2,-348.149602322714,666.241504671956));
#4650=CARTESIAN_POINT('Ctrl Pts',(479.2,-348.34401367719,666.115119793494));
#4651=CARTESIAN_POINT('Ctrl Pts',(479.2,-348.52945282577,665.994567656409));
#4652=CARTESIAN_POINT('Ctrl Pts',(479.2,-348.708210150406,665.86870310896));
#4653=CARTESIAN_POINT('Ctrl Pts',(479.2,-348.880187836553,665.737970865467));
#4654=CARTESIAN_POINT('Ctrl Pts',(479.2,-349.052473847776,665.607004242563));
#4655=CARTESIAN_POINT('Ctrl Pts',(479.2,-349.217955808645,665.471152625227));
#4656=CARTESIAN_POINT('Ctrl Pts',(479.2,-349.376582135794,665.330886909726));
#4657=CARTESIAN_POINT('Ctrl Pts',(479.2,-349.535637424057,665.190241884316));
#4658=CARTESIAN_POINT('Ctrl Pts',(479.2,-349.687799886512,665.045159025486));
#4659=CARTESIAN_POINT('Ctrl Pts',(479.2,-349.833065588478,664.89613438881));
#4660=CARTESIAN_POINT('Ctrl Pts',(479.2,-349.97888396497,664.746542776453));
#4661=CARTESIAN_POINT('Ctrl Pts',(479.2,-350.117752956487,664.592979505563));
#4662=CARTESIAN_POINT('Ctrl Pts',(479.2,-350.24971779553,664.435965218527));
#4663=CARTESIAN_POINT('Ctrl Pts',(479.2,-350.382357688831,664.278147739038));
#4664=CARTESIAN_POINT('Ctrl Pts',(479.2,-350.508022585789,664.116844016394));
#4665=CARTESIAN_POINT('Ctrl Pts',(479.2,-350.626808618787,663.952599225593));
#4666=CARTESIAN_POINT('Ctrl Pts',(479.2,-350.746386785973,663.787259155231));
#4667=CARTESIAN_POINT('Ctrl Pts',(479.2,-350.858994029816,663.618938831498));
#4668=CARTESIAN_POINT('Ctrl Pts',(479.2,-350.964779466809,663.448208516856));
#4669=CARTESIAN_POINT('Ctrl Pts',(479.2,-351.071465220654,663.27602515363));
#4670=CARTESIAN_POINT('Ctrl Pts',(479.2,-351.171212567421,663.101390776788));
#4671=CARTESIAN_POINT('Ctrl Pts',(479.2,-351.264226219959,662.92490202969));
#4672=CARTESIAN_POINT('Ctrl Pts',(479.2,-351.361953113254,662.739470144317));
#4673=CARTESIAN_POINT('Ctrl Pts',(479.2,-351.452246259846,662.551991334425));
#4674=CARTESIAN_POINT('Ctrl Pts',(479.2,-351.535403021346,662.363168151617));
#4675=CARTESIAN_POINT('Ctrl Pts',(479.2,-351.61714413294,662.177559470145));
#4676=CARTESIAN_POINT('Ctrl Pts',(479.2,-351.691990124113,661.990652038523));
#4677=CARTESIAN_POINT('Ctrl Pts',(479.2,-351.760278723836,661.803120021456));
#4678=CARTESIAN_POINT('Ctrl Pts',(479.2,-351.829743170327,661.612358930765));
#4679=CARTESIAN_POINT('Ctrl Pts',(479.2,-351.892422558514,661.420951769122));
#4680=CARTESIAN_POINT('Ctrl Pts',(479.2,-351.948727120781,661.229611989473));
#4681=CARTESIAN_POINT('Ctrl Pts',(479.2,-352.006224906942,661.034217277371));
#4682=CARTESIAN_POINT('Ctrl Pts',(479.2,-352.057074954955,660.83889306543));
#4683=CARTESIAN_POINT('Ctrl Pts',(479.2,-352.101768957103,660.644399744347));
#4684=CARTESIAN_POINT('Ctrl Pts',(479.2,-352.145496303302,660.454112986042));
#4685=CARTESIAN_POINT('Ctrl Pts',(479.2,-352.183331558246,660.264621771322));
#4686=CARTESIAN_POINT('Ctrl Pts',(479.2,-352.215781371195,660.076635532247));
#4687=CARTESIAN_POINT('Ctrl Pts',(479.2,-352.22795005105,660.006140692594));
#4688=CARTESIAN_POINT('Ctrl Pts',(479.2,-352.239361834326,659.935857447246));
#4689=CARTESIAN_POINT('Ctrl Pts',(479.2,-352.250044924795,659.865823019965));
#4690=CARTESIAN_POINT('Ctrl Pts',(479.2,-352.250722307597,659.861382346479));
#4691=CARTESIAN_POINT('Ctrl Pts',(479.2,-352.251396876231,659.856941953482));
#4692=CARTESIAN_POINT('Ctrl Pts',(479.2,-352.252070596966,659.852488776156));
#4693=CARTESIAN_POINT('Ctrl Pts',(479.2,-352.275924090598,659.694821316171));
#4694=CARTESIAN_POINT('Ctrl Pts',(479.2,-352.298063921796,659.525415017026));
#4695=CARTESIAN_POINT('Ctrl Pts',(479.2,-352.317122457843,659.344264880411));
#4696=CARTESIAN_POINT('Ctrl Pts',(479.2,-352.337037162962,659.154976912856));
#4697=CARTESIAN_POINT('Ctrl Pts',(479.2,-352.353585694396,658.952864213346));
#4698=CARTESIAN_POINT('Ctrl Pts',(479.2,-352.365160309294,658.737953261442));
#4699=CARTESIAN_POINT('Ctrl Pts',(479.2,-352.375832394177,658.539799980225));
#4700=CARTESIAN_POINT('Ctrl Pts',(479.2,-352.38227411307,658.330765870141));
#4701=CARTESIAN_POINT('Ctrl Pts',(479.2,-352.383213752833,658.110916287711));
#4702=CARTESIAN_POINT('Ctrl Pts',(479.2,-352.383293217446,658.092323777507));
#4703=CARTESIAN_POINT('Ctrl Pts',(479.2,-352.383333333333,658.073653946869));
#4704=CARTESIAN_POINT('Ctrl Pts',(479.2,-352.383333333333,658.054906853333));
#4705=CARTESIAN_POINT('Ctrl Pts',(479.2,-352.383333333333,656.423923132804));
#4706=CARTESIAN_POINT('Ctrl Pts',(479.2,-352.383333333333,653.62617807819));
#4707=CARTESIAN_POINT('Ctrl Pts',(479.2,-352.383333333333,651.830879813333));
#4708=CARTESIAN_POINT('Ctrl Pts',(479.2,-352.383333333333,645.982351925338));
#4709=CARTESIAN_POINT('Ctrl Pts',(479.2,-348.484314741333,642.083333333333));
#4710=CARTESIAN_POINT('Ctrl Pts',(479.2,-342.635786853333,642.083333333333));
#4711=CARTESIAN_POINT('Ctrl Pts',(479.2,-340.235666472719,642.083333333333));
#4712=CARTESIAN_POINT('Ctrl Pts',(479.2,-337.835536982517,642.083333333333));
#4713=CARTESIAN_POINT('Ctrl Pts',(479.2,-335.435511904651,642.083333333333));
#4714=CARTESIAN_POINT('Ctrl Pts',(479.2,-200.296725785028,642.083333333333));
#4715=CARTESIAN_POINT('Ctrl Pts',(479.2,-65.4920320119553,642.083333333333));
#4716=CARTESIAN_POINT('Ctrl Pts',(479.2,48.1785663079183,642.083333333333));
#4717=CARTESIAN_POINT('Ctrl Pts',(479.2,105.013865467855,642.083333333333));
#4718=CARTESIAN_POINT('Ctrl Pts',(479.2,156.565640764493,642.083333333333));
#4719=CARTESIAN_POINT('Ctrl Pts',(479.2,200.233891809499,642.083333333333));
#4720=CARTESIAN_POINT('Ctrl Pts',(479.2,211.150954570751,642.083333333333));
#4721=CARTESIAN_POINT('Ctrl Pts',(479.2,221.575297066275,642.083333333333));
#4722=CARTESIAN_POINT('Ctrl Pts',(479.2,231.466294290006,642.083333333333));
#4723=CARTESIAN_POINT('Ctrl Pts',(479.2,235.175418248904,642.083333333333));
#4724=CARTESIAN_POINT('Ctrl Pts',(479.2,238.809540528957,642.083333333333));
#4725=CARTESIAN_POINT('Ctrl Pts',(479.2,242.366518795859,642.083333333333));
#4726=CARTESIAN_POINT('Ctrl Pts',(479.2,242.755563293802,642.083333333333));
#4727=CARTESIAN_POINT('Ctrl Pts',(479.2,243.143684926352,642.083333333333));
#4728=CARTESIAN_POINT('Ctrl Pts',(479.2,243.530880890392,642.083333333333));
#4729=CARTESIAN_POINT('Ctrl Pts',(479.2,243.721453903944,642.083333333333));
#4730=CARTESIAN_POINT('Ctrl Pts',(479.2,243.911802675655,642.083333333333));
#4731=CARTESIAN_POINT('Ctrl Pts',(479.2,244.101926871305,642.083333333333));
#4732=CARTESIAN_POINT('Ctrl Pts',(479.2,244.123508154321,642.083333333333));
#4733=CARTESIAN_POINT('Ctrl Pts',(479.2,244.145086543706,642.083333333333));
#4734=CARTESIAN_POINT('Ctrl Pts',(479.2,244.166662038971,642.083333333333));
#4735=CARTESIAN_POINT('Ctrl Pts',(479.2,244.186751443823,642.083333333333));
#4736=CARTESIAN_POINT('Ctrl Pts',(479.2,244.20684768459,642.083333333333));
#4737=CARTESIAN_POINT('Ctrl Pts',(479.2,244.226951777244,642.083333333333));
#4738=CARTESIAN_POINT('Ctrl Pts',(479.2,268.34220252321,642.083333333333));
#4739=CARTESIAN_POINT('Ctrl Pts',(479.2,303.271173396636,642.083333333333));
#4740=CARTESIAN_POINT('Ctrl Pts',(479.2,345.616666666667,642.083333333333));
#4741=CARTESIAN_POINT('Ctrl Pts',(479.2,346.212529641365,642.083333333333));
#4742=CARTESIAN_POINT('Ctrl Pts',(479.2,346.8156318459,642.091264602823));
#4743=CARTESIAN_POINT('Ctrl Pts',(479.2,347.42450218649,642.108066216045));
#4744=CARTESIAN_POINT('Ctrl Pts',(479.2,348.010696798291,642.124242098634));
#4745=CARTESIAN_POINT('Ctrl Pts',(479.2,348.602237671405,642.14864006211));
#4746=CARTESIAN_POINT('Ctrl Pts',(479.2,349.197824218509,642.182050642878));
#4747=CARTESIAN_POINT('Ctrl Pts',(479.2,349.775814686245,642.214474137498));
#4748=CARTESIAN_POINT('Ctrl Pts',(479.2,350.357615115683,642.255385678954));
#4749=CARTESIAN_POINT('Ctrl Pts',(479.2,350.94205162096,642.30546042782));
#4750=CARTESIAN_POINT('Ctrl Pts',(479.2,351.512396519478,642.354327802296));
#4751=CARTESIAN_POINT('Ctrl Pts',(479.2,352.085251744433,642.411921912286));
#4752=CARTESIAN_POINT('Ctrl Pts',(479.2,352.659543181861,642.478823117183));
#4753=CARTESIAN_POINT('Ctrl Pts',(479.2,353.222304675939,642.544381158919));
#4754=CARTESIAN_POINT('Ctrl Pts',(479.2,353.786445149339,642.618876391473));
#4755=CARTESIAN_POINT('Ctrl Pts',(479.2,354.350972552688,642.702808079751));
#4756=CARTESIAN_POINT('Ctrl Pts',(479.2,354.905925264185,642.785316240938));
#4757=CARTESIAN_POINT('Ctrl Pts',(479.2,355.461251763223,642.876943520334));
#4758=CARTESIAN_POINT('Ctrl Pts',(479.2,356.016029844365,642.978117718285));
#4759=CARTESIAN_POINT('Ctrl Pts',(479.2,356.562775965849,643.077827137609));
#4760=CARTESIAN_POINT('Ctrl Pts',(479.2,357.108989316375,643.186809070341));
#4761=CARTESIAN_POINT('Ctrl Pts',(479.2,357.653808796959,643.305426902429));
#4762=CARTESIAN_POINT('Ctrl Pts',(479.2,358.220010475375,643.42870005622));
#4763=CARTESIAN_POINT('Ctrl Pts',(479.2,358.784706366797,643.562380781781));
#4764=CARTESIAN_POINT('Ctrl Pts',(479.2,359.346957422996,643.706822303409));
#4765=CARTESIAN_POINT('Ctrl Pts',(479.2,359.891638133689,643.846750027486));
#4766=CARTESIAN_POINT('Ctrl Pts',(479.2,360.434024396967,643.996776339008));
#4767=CARTESIAN_POINT('Ctrl Pts',(479.2,360.973290133713,644.157170756195));
#4768=CARTESIAN_POINT('Ctrl Pts',(479.2,361.495703816187,644.312552847845));
#4769=CARTESIAN_POINT('Ctrl Pts',(479.2,362.015188953848,644.47766498915));
#4770=CARTESIAN_POINT('Ctrl Pts',(479.2,362.531021099467,644.65270547224));
#4771=CARTESIAN_POINT('Ctrl Pts',(479.2,363.036628123459,644.824276202148));
#4772=CARTESIAN_POINT('Ctrl Pts',(479.2,363.538725504849,645.005385470619));
#4773=CARTESIAN_POINT('Ctrl Pts',(479.2,364.036657360649,645.19617620345));
#4774=CARTESIAN_POINT('Ctrl Pts',(479.2,364.531441293972,645.385760758309));
#4775=CARTESIAN_POINT('Ctrl Pts',(479.2,365.022112115395,645.584904744558));
#4776=CARTESIAN_POINT('Ctrl Pts',(479.2,365.508053594992,645.793705306452));
#4777=CARTESIAN_POINT('Ctrl Pts',(479.2,365.991348690005,646.001368763136));
#4778=CARTESIAN_POINT('Ctrl Pts',(479.2,366.469965728987,646.218583890571));
#4779=CARTESIAN_POINT('Ctrl Pts',(479.2,366.943326874848,646.445403651739));
#4780=CARTESIAN_POINT('Ctrl Pts',(479.2,367.414485516731,646.671168042329));
#4781=CARTESIAN_POINT('Ctrl Pts',(479.2,367.880436980643,646.906447875896));
#4782=CARTESIAN_POINT('Ctrl Pts',(479.2,368.340640896262,647.151253301434));
#4783=CARTESIAN_POINT('Ctrl Pts',(479.2,368.799037581912,647.395097371176));
#4784=CARTESIAN_POINT('Ctrl Pts',(479.2,369.251731694046,647.648392340176));
#4785=CARTESIAN_POINT('Ctrl Pts',(479.2,369.698219674388,647.911106722086));
#4786=CARTESIAN_POINT('Ctrl Pts',(479.2,370.143254281541,648.172965936432));
#4787=CARTESIAN_POINT('Ctrl Pts',(479.2,370.582123019746,648.444183310522));
#4788=CARTESIAN_POINT('Ctrl Pts',(479.2,371.014358711567,648.724686745334));
#4789=CARTESIAN_POINT('Ctrl Pts',(479.2,371.445459254983,649.004453514868));
#4790=CARTESIAN_POINT('Ctrl Pts',(479.2,371.86996147435,649.293457599581));
#4791=CARTESIAN_POINT('Ctrl Pts',(479.2,372.287434328655,649.59158717839));
#4792=CARTESIAN_POINT('Ctrl Pts',(479.2,372.704059332878,649.889111282651));
#4793=CARTESIAN_POINT('Ctrl Pts',(479.2,373.113683426562,650.195723813057));
#4794=CARTESIAN_POINT('Ctrl Pts',(479.2,373.515911619155,650.511274002191));
#4795=CARTESIAN_POINT('Ctrl Pts',(479.2,373.917552193144,650.826363201356));
#4796=CARTESIAN_POINT('Ctrl Pts',(479.2,374.311818394404,651.150363920444));
#4797=CARTESIAN_POINT('Ctrl Pts',(479.2,374.698351333527,651.483087118316));
#4798=CARTESIAN_POINT('Ctrl Pts',(479.2,375.084533003007,651.815507947238));
#4799=CARTESIAN_POINT('Ctrl Pts',(479.2,375.462995397406,652.156635361009));
#4800=CARTESIAN_POINT('Ctrl Pts',(479.2,375.833415899269,652.506242621566));
#4801=CARTESIAN_POINT('Ctrl Pts',(479.2,376.203700232736,652.855721364776));
#4802=CARTESIAN_POINT('Ctrl Pts',(479.2,376.565948526318,653.213673669948));
#4803=CARTESIAN_POINT('Ctrl Pts',(479.2,376.919874713323,653.579835586516));
#4804=CARTESIAN_POINT('Ctrl Pts',(479.2,377.273860764314,653.946059436652));
#4805=CARTESIAN_POINT('Ctrl Pts',(479.2,377.619521837958,654.320495620434));
#4806=CARTESIAN_POINT('Ctrl Pts',(479.2,377.956608796821,654.702843366746));
#4807=CARTESIAN_POINT('Ctrl Pts',(479.2,378.29393437576,655.085461772736));
#4808=CARTESIAN_POINT('Ctrl Pts',(479.2,378.622673644891,655.476002887516));
#4809=CARTESIAN_POINT('Ctrl Pts',(479.2,378.942614869453,655.874129415477));
#4810=CARTESIAN_POINT('Ctrl Pts',(479.2,379.262957652072,656.272755631826));
#4811=CARTESIAN_POINT('Ctrl Pts',(479.2,379.574480243492,656.678986252042));
#4812=CARTESIAN_POINT('Ctrl Pts',(479.2,379.877008878519,657.092447649356));
#4813=CARTESIAN_POINT('Ctrl Pts',(479.2,380.180087353469,657.506660504736));
#4814=CARTESIAN_POINT('Ctrl Pts',(479.2,380.474139105666,657.928130379162));
#4815=CARTESIAN_POINT('Ctrl Pts',(479.2,380.759029001882,658.356447394881));
#4816=CARTESIAN_POINT('Ctrl Pts',(479.2,381.044603256471,658.785793307518));
#4817=CARTESIAN_POINT('Ctrl Pts',(479.2,381.320971545474,659.222019228304));
#4818=CARTESIAN_POINT('Ctrl Pts',(479.2,381.588038131241,659.664678981048));
#4819=CARTESIAN_POINT('Ctrl Pts',(479.2,381.861595972373,660.118097913891));
#4820=CARTESIAN_POINT('Ctrl Pts',(479.2,382.125394254347,660.578267280711));
#4821=CARTESIAN_POINT('Ctrl Pts',(479.2,382.379374369406,661.04467266422));
#4822=CARTESIAN_POINT('Ctrl Pts',(479.2,382.629540661138,661.504074398126));
#4823=CARTESIAN_POINT('Ctrl Pts',(479.2,382.870181539034,661.969526091796));
#4824=CARTESIAN_POINT('Ctrl Pts',(479.2,383.101283652542,662.440504073522));
#4825=CARTESIAN_POINT('Ctrl Pts',(479.2,383.333445905993,662.913642583176));
#4826=CARTESIAN_POINT('Ctrl Pts',(479.2,383.555981652567,663.392358119853));
#4827=CARTESIAN_POINT('Ctrl Pts',(479.2,383.768920369942,663.876088931674));
#4828=CARTESIAN_POINT('Ctrl Pts',(479.2,383.982995209628,664.362400661493));
#4829=CARTESIAN_POINT('Ctrl Pts',(479.2,384.187370316855,664.853781243704));
#4830=CARTESIAN_POINT('Ctrl Pts',(479.2,384.382119390789,665.349630004683));
#4831=CARTESIAN_POINT('Ctrl Pts',(479.2,384.578067941883,665.848532743027));
#4832=CARTESIAN_POINT('Ctrl Pts',(479.2,384.764271504285,666.351958782391));
#4833=CARTESIAN_POINT('Ctrl Pts',(479.2,384.94084960201,666.85926738917));
#4834=CARTESIAN_POINT('Ctrl Pts',(479.2,385.118677083688,667.370165474148));
#4835=CARTESIAN_POINT('Ctrl Pts',(479.2,385.286742400102,667.885001171809));
#4836=CARTESIAN_POINT('Ctrl Pts',(479.2,385.445212765333,668.403092182627));
#4837=CARTESIAN_POINT('Ctrl Pts',(479.2,385.604967774563,668.925383111244));
#4838=CARTESIAN_POINT('Ctrl Pts',(479.2,385.754971638158,669.450982248957));
#4839=CARTESIAN_POINT('Ctrl Pts',(479.2,385.895441457303,669.979163762152));
#4840=CARTESIAN_POINT('Ctrl Pts',(479.2,386.037214844815,670.51224683155));
#4841=CARTESIAN_POINT('Ctrl Pts',(479.2,386.169276421936,671.047960325819));
#4842=CARTESIAN_POINT('Ctrl Pts',(479.2,386.291895801678,671.585532318797));
#4843=CARTESIAN_POINT('Ctrl Pts',(479.2,386.416580819929,672.132160216418));
#4844=CARTESIAN_POINT('Ctrl Pts',(479.2,386.531502805928,672.680709670531));
#4845=CARTESIAN_POINT('Ctrl Pts',(479.2,386.636993252227,673.230344022184));
#4846=CARTESIAN_POINT('Ctrl Pts',(479.2,386.743769269315,673.786676552603));
#4847=CARTESIAN_POINT('Ctrl Pts',(479.2,386.840882500344,674.344120463324));
#4848=CARTESIAN_POINT('Ctrl Pts',(479.2,386.928725438332,674.901784275207));
#4849=CARTESIAN_POINT('Ctrl Pts',(479.2,387.017795162267,675.467236238791));
#4850=CARTESIAN_POINT('Ctrl Pts',(479.2,387.097333899647,676.032914157307));
#4851=CARTESIAN_POINT('Ctrl Pts',(479.2,387.16780005458,676.597866206036));
#4852=CARTESIAN_POINT('Ctrl Pts',(479.2,387.239401280788,677.171918522022));
#4853=CARTESIAN_POINT('Ctrl Pts',(479.2,387.301635352248,677.745221250778));
#4854=CARTESIAN_POINT('Ctrl Pts',(479.2,387.355032852565,678.316754878616));
#4855=CARTESIAN_POINT('Ctrl Pts',(479.2,387.409988289821,678.904963694339));
#4856=CARTESIAN_POINT('Ctrl Pts',(479.2,387.455584003454,679.491298537355));
#4857=CARTESIAN_POINT('Ctrl Pts',(479.2,387.49245020647,680.074628100434));
#4858=CARTESIAN_POINT('Ctrl Pts',(479.2,387.53006230196,680.669759831767));
#4859=CARTESIAN_POINT('Ctrl Pts',(479.2,387.558588215564,681.261763245405));
#4860=CARTESIAN_POINT('Ctrl Pts',(479.2,387.578749147738,681.849419132849));
#4861=CARTESIAN_POINT('Ctrl Pts',(479.2,387.599620551344,682.457784019077));
#4862=CARTESIAN_POINT('Ctrl Pts',(479.2,387.611527120087,683.06148935292));
#4863=CARTESIAN_POINT('Ctrl Pts',(479.2,387.615322499735,683.659166644262));
#4864=CARTESIAN_POINT('Ctrl Pts',(479.2,387.616222541612,683.800900710714));
#4865=CARTESIAN_POINT('Ctrl Pts',(479.2,387.616666666667,683.942295724556));
#4866=CARTESIAN_POINT('Ctrl Pts',(479.2,387.616666666667,684.083333333333));
#4867=CARTESIAN_POINT('',(479.2,340.95,688.263333333333));
#4868=CARTESIAN_POINT('Ctrl Pts',(479.2,387.616666666667,684.083333333333));
#4869=CARTESIAN_POINT('Ctrl Pts',(479.2,372.061111111111,684.083333333333));
#4870=CARTESIAN_POINT('Ctrl Pts',(479.2,356.505555555556,684.083333333333));
#4871=CARTESIAN_POINT('Ctrl Pts',(479.2,340.95,684.083333333333));
#4872=CARTESIAN_POINT('Ctrl Pts',(479.2,339.72570634536,684.083333333333));
#4873=CARTESIAN_POINT('Ctrl Pts',(479.2,338.860000000001,684.949039678693));
#4874=CARTESIAN_POINT('Ctrl Pts',(479.2,338.86,686.173333333333));
#4875=CARTESIAN_POINT('Ctrl Pts',(479.2,338.86,687.397626987973));
#4876=CARTESIAN_POINT('Ctrl Pts',(479.2,339.72570634536,688.263333333333));
#4877=CARTESIAN_POINT('Ctrl Pts',(479.2,340.95,688.263333333333));
#4878=CARTESIAN_POINT('',(479.2,340.95,698.403333333333));
#4879=CARTESIAN_POINT('',(479.2,340.95,688.263333333333));
#4880=CARTESIAN_POINT('',(479.2,375.616666666667,702.583333333333));
#4881=CARTESIAN_POINT('Ctrl Pts',(479.2,340.95,698.403333333333));
#4882=CARTESIAN_POINT('Ctrl Pts',(479.2,339.72570634536,698.403333333333));
#4883=CARTESIAN_POINT('Ctrl Pts',(479.2,338.860000000001,699.269039678693));
#4884=CARTESIAN_POINT('Ctrl Pts',(479.2,338.86,700.493333333333));
#4885=CARTESIAN_POINT('Ctrl Pts',(479.2,338.86,701.717626987973));
#4886=CARTESIAN_POINT('Ctrl Pts',(479.2,339.72570634536,702.583333333333));
#4887=CARTESIAN_POINT('Ctrl Pts',(479.2,340.95,702.583333333333));
#4888=CARTESIAN_POINT('Ctrl Pts',(479.2,352.505555555556,702.583333333333));
#4889=CARTESIAN_POINT('Ctrl Pts',(479.2,364.061111111111,702.583333333333));
#4890=CARTESIAN_POINT('Ctrl Pts',(479.2,375.616666666667,702.583333333333));
#4891=CARTESIAN_POINT('',(479.2,375.616666666667,800.583333333333));
#4892=CARTESIAN_POINT('',(479.2,375.616666666667,702.583333333333));
#4893=CARTESIAN_POINT('',(479.2,317.616666666667,800.583333333333));
#4894=CARTESIAN_POINT('',(479.2,375.616666666667,800.583333333333));
#4895=CARTESIAN_POINT('',(479.2,317.616666666667,800.583333333333));
#4896=CARTESIAN_POINT('Origin',(479.2,317.616666666667,800.583333333333));
#4897=CARTESIAN_POINT('',(479.2,317.616666666667,800.583333333333));
#4898=CARTESIAN_POINT('',(479.2,317.616666666667,714.449333333333));
#4899=CARTESIAN_POINT('Ctrl Pts',(479.2,317.616666666667,714.449333333333));
#4900=CARTESIAN_POINT('Ctrl Pts',(452.56,317.616666666667,714.449333333333));
#4901=CARTESIAN_POINT('Ctrl Pts',(479.2,317.616666666667,702.217799333333));
#4902=CARTESIAN_POINT('Ctrl Pts',(452.56,317.616666666667,702.217799333333));
#4903=CARTESIAN_POINT('Ctrl Pts',(479.2,310.391196005397,695.522068983159));
#4904=CARTESIAN_POINT('Ctrl Pts',(452.56,310.391196005397,695.522068983159));
#4905=CARTESIAN_POINT('Ctrl Pts',(479.2,298.170666666667,695.003333333333));
#4906=CARTESIAN_POINT('Ctrl Pts',(452.56,298.170666666667,695.003333333333));
#4907=CARTESIAN_POINT('Ctrl Pts',(479.2,84.5685154933339,685.936373333333));
#4908=CARTESIAN_POINT('Ctrl Pts',(452.56,84.5685154933339,685.936373333333));
#4909=CARTESIAN_POINT('Ctrl Pts',(479.2,-129.03363568,676.869413333333));
#4910=CARTESIAN_POINT('Ctrl Pts',(452.56,-129.03363568,676.869413333333));
#4911=CARTESIAN_POINT('Ctrl Pts',(479.2,-342.635786853333,667.802453333333));
#4912=CARTESIAN_POINT('Ctrl Pts',(452.56,-342.635786853333,667.802453333333));
#4913=CARTESIAN_POINT('Ctrl Pts',(479.2,-348.479052844638,667.554419038166));
#4914=CARTESIAN_POINT('Ctrl Pts',(452.56,-348.479052844638,667.554419038166));
#4915=CARTESIAN_POINT('Ctrl Pts',(479.2,-352.383333333333,663.903434741333));
#4916=CARTESIAN_POINT('Ctrl Pts',(452.56,-352.383333333333,663.903434741333));
#4917=CARTESIAN_POINT('Ctrl Pts',(479.2,-352.383333333333,658.054906853333));
#4918=CARTESIAN_POINT('Ctrl Pts',(452.56,-352.383333333333,658.054906853333));
#4919=CARTESIAN_POINT('Ctrl Pts',(479.2,-352.383333333333,655.980231173333));
#4920=CARTESIAN_POINT('Ctrl Pts',(452.56,-352.383333333333,655.980231173333));
#4921=CARTESIAN_POINT('Ctrl Pts',(479.2,-352.383333333333,653.905555493333));
#4922=CARTESIAN_POINT('Ctrl Pts',(452.56,-352.383333333333,653.905555493333));
#4923=CARTESIAN_POINT('Ctrl Pts',(479.2,-352.383333333333,651.830879813333));
#4924=CARTESIAN_POINT('Ctrl Pts',(452.56,-352.383333333333,651.830879813333));
#4925=CARTESIAN_POINT('Ctrl Pts',(479.2,-352.383333333333,645.982351925333));
#4926=CARTESIAN_POINT('Ctrl Pts',(452.56,-352.383333333333,645.982351925333));
#4927=CARTESIAN_POINT('Ctrl Pts',(479.2,-348.484314741333,642.083333333333));
#4928=CARTESIAN_POINT('Ctrl Pts',(452.56,-348.484314741333,642.083333333333));
#4929=CARTESIAN_POINT('Ctrl Pts',(479.2,-342.635786853333,642.083333333333));
#4930=CARTESIAN_POINT('Ctrl Pts',(452.56,-342.635786853333,642.083333333333));
#4931=CARTESIAN_POINT('Ctrl Pts',(479.2,-113.218302346666,642.083333333333));
#4932=CARTESIAN_POINT('Ctrl Pts',(452.56,-113.218302346666,642.083333333333));
#4933=CARTESIAN_POINT('Ctrl Pts',(479.2,116.19918216,642.083333333333));
#4934=CARTESIAN_POINT('Ctrl Pts',(452.56,116.19918216,642.083333333333));
#4935=CARTESIAN_POINT('Ctrl Pts',(479.2,345.616666666667,642.083333333333));
#4936=CARTESIAN_POINT('Ctrl Pts',(452.56,345.616666666667,642.083333333333));
#4937=CARTESIAN_POINT('Ctrl Pts',(479.2,372.034666666667,642.083333333333));
#4938=CARTESIAN_POINT('Ctrl Pts',(452.56,372.034666666667,642.083333333333));
#4939=CARTESIAN_POINT('Ctrl Pts',(479.2,387.616666666667,657.665333333333));
#4940=CARTESIAN_POINT('Ctrl Pts',(452.56,387.616666666667,657.665333333333));
#4941=CARTESIAN_POINT('Ctrl Pts',(479.2,387.616666666667,684.083333333333));
#4942=CARTESIAN_POINT('Ctrl Pts',(452.56,387.616666666667,684.083333333333));
#4943=CARTESIAN_POINT('',(479.2,387.616666666667,684.083333333333));
#4944=CARTESIAN_POINT('Ctrl Pts',(479.2,387.616666666667,684.083333333333));
#4945=CARTESIAN_POINT('Ctrl Pts',(452.56,387.616666666667,684.083333333333));
#4946=CARTESIAN_POINT('Ctrl Pts',(479.2,372.061111111111,684.083333333333));
#4947=CARTESIAN_POINT('Ctrl Pts',(452.56,372.061111111111,684.083333333333));
#4948=CARTESIAN_POINT('Ctrl Pts',(479.2,356.505555555556,684.083333333333));
#4949=CARTESIAN_POINT('Ctrl Pts',(452.56,356.505555555556,684.083333333333));
#4950=CARTESIAN_POINT('Ctrl Pts',(479.2,340.95,684.083333333333));
#4951=CARTESIAN_POINT('Ctrl Pts',(452.56,340.95,684.083333333333));
#4952=CARTESIAN_POINT('Ctrl Pts',(479.2,339.72570634536,684.083333333333));
#4953=CARTESIAN_POINT('Ctrl Pts',(452.56,339.72570634536,684.083333333333));
#4954=CARTESIAN_POINT('Ctrl Pts',(479.2,338.860000000001,684.949039678693));
#4955=CARTESIAN_POINT('Ctrl Pts',(452.56,338.860000000001,684.949039678693));
#4956=CARTESIAN_POINT('Ctrl Pts',(479.2,338.86,686.173333333333));
#4957=CARTESIAN_POINT('Ctrl Pts',(452.56,338.86,686.173333333333));
#4958=CARTESIAN_POINT('Ctrl Pts',(479.2,338.86,687.397626987973));
#4959=CARTESIAN_POINT('Ctrl Pts',(452.56,338.86,687.397626987973));
#4960=CARTESIAN_POINT('Ctrl Pts',(479.2,339.72570634536,688.263333333333));
#4961=CARTESIAN_POINT('Ctrl Pts',(452.56,339.72570634536,688.263333333333));
#4962=CARTESIAN_POINT('Ctrl Pts',(479.2,340.95,688.263333333333));
#4963=CARTESIAN_POINT('Ctrl Pts',(452.56,340.95,688.263333333333));
#4964=CARTESIAN_POINT('',(479.2,340.95,688.263333333333));
#4965=CARTESIAN_POINT('Origin',(479.2,340.95,688.263333333333));
#4966=CARTESIAN_POINT('',(479.2,340.95,698.403333333333));
#4967=CARTESIAN_POINT('Ctrl Pts',(479.2,340.95,698.403333333333));
#4968=CARTESIAN_POINT('Ctrl Pts',(452.56,340.95,698.403333333333));
#4969=CARTESIAN_POINT('Ctrl Pts',(479.2,339.72570634536,698.403333333333));
#4970=CARTESIAN_POINT('Ctrl Pts',(452.56,339.72570634536,698.403333333333));
#4971=CARTESIAN_POINT('Ctrl Pts',(479.2,338.860000000001,699.269039678693));
#4972=CARTESIAN_POINT('Ctrl Pts',(452.56,338.860000000001,699.269039678693));
#4973=CARTESIAN_POINT('Ctrl Pts',(479.2,338.86,700.493333333333));
#4974=CARTESIAN_POINT('Ctrl Pts',(452.56,338.86,700.493333333333));
#4975=CARTESIAN_POINT('Ctrl Pts',(479.2,338.86,701.717626987973));
#4976=CARTESIAN_POINT('Ctrl Pts',(452.56,338.86,701.717626987973));
#4977=CARTESIAN_POINT('Ctrl Pts',(479.2,339.72570634536,702.583333333333));
#4978=CARTESIAN_POINT('Ctrl Pts',(452.56,339.72570634536,702.583333333333));
#4979=CARTESIAN_POINT('Ctrl Pts',(479.2,340.95,702.583333333333));
#4980=CARTESIAN_POINT('Ctrl Pts',(452.56,340.95,702.583333333333));
#4981=CARTESIAN_POINT('Ctrl Pts',(479.2,352.505555555556,702.583333333333));
#4982=CARTESIAN_POINT('Ctrl Pts',(452.56,352.505555555556,702.583333333333));
#4983=CARTESIAN_POINT('Ctrl Pts',(479.2,364.061111111111,702.583333333333));
#4984=CARTESIAN_POINT('Ctrl Pts',(452.56,364.061111111111,702.583333333333));
#4985=CARTESIAN_POINT('Ctrl Pts',(479.2,375.616666666667,702.583333333333));
#4986=CARTESIAN_POINT('Ctrl Pts',(452.56,375.616666666667,702.583333333333));
#4987=CARTESIAN_POINT('',(479.2,375.616666666667,702.583333333333));
#4988=CARTESIAN_POINT('Origin',(479.2,375.616666666667,702.583333333333));
#4989=CARTESIAN_POINT('',(479.2,375.616666666667,800.583333333333));
#4990=CARTESIAN_POINT('Origin',(479.2,375.616666666667,800.583333333333));
#4991=CARTESIAN_POINT('Origin',(479.2,395.016666666667,1428.06833333333));
#4992=CARTESIAN_POINT('',(479.2,317.616666666667,1267.98333333333));
#4993=CARTESIAN_POINT('',(479.2,317.616666666667,1354.11733333333));
#4994=CARTESIAN_POINT('',(479.2,317.616666666667,1267.98333333333));
#4995=CARTESIAN_POINT('',(479.2,387.616666666667,1384.48333333333));
#4996=CARTESIAN_POINT('Ctrl Pts',(479.2,317.616666666667,1354.11733333333));
#4997=CARTESIAN_POINT('Ctrl Pts',(479.2,317.616666666667,1366.34886733333));
#4998=CARTESIAN_POINT('Ctrl Pts',(479.2,310.391196005397,1373.04459768351));
#4999=CARTESIAN_POINT('Ctrl Pts',(479.2,298.170666666667,1373.56333333333));
#5000=CARTESIAN_POINT('Ctrl Pts',(479.2,268.574167384024,1374.81964219381));
#5001=CARTESIAN_POINT('Ctrl Pts',(479.2,238.97765783618,1376.07595149002));
#5002=CARTESIAN_POINT('Ctrl Pts',(479.2,209.382580888619,1377.33219997537));
#5003=CARTESIAN_POINT('Ctrl Pts',(479.2,117.309773413555,1381.24049611321));
#5004=CARTESIAN_POINT('Ctrl Pts',(479.2,25.250832586072,1385.14820364115));
#5005=CARTESIAN_POINT('Ctrl Pts',(479.2,-66.7507876577727,1389.05347803144));
#5006=CARTESIAN_POINT('Ctrl Pts',(479.2,-112.751597779695,1391.00611522658));
#5007=CARTESIAN_POINT('Ctrl Pts',(479.2,-158.738077755708,1392.9581441373));
#5008=CARTESIAN_POINT('Ctrl Pts',(479.2,-204.704795843804,1394.90933419764));
#5009=CARTESIAN_POINT('Ctrl Pts',(479.2,-227.688154887852,1395.88492922781));
#5010=CARTESIAN_POINT('Ctrl Pts',(479.2,-250.666573459921,1396.86031454538));
#5011=CARTESIAN_POINT('Ctrl Pts',(479.2,-273.63937259226,1397.83546132961));
#5012=CARTESIAN_POINT('Ctrl Pts',(479.2,-285.12577215843,1398.32303472172));
#5013=CARTESIAN_POINT('Ctrl Pts',(479.2,-296.610766864667,1398.8105484805));
#5014=CARTESIAN_POINT('Ctrl Pts',(479.2,-308.094271840002,1399.29799900335));
#5015=CARTESIAN_POINT('Ctrl Pts',(479.2,-313.83602432767,1399.54172426477));
#5016=CARTESIAN_POINT('Ctrl Pts',(479.2,-319.577404382612,1399.78543371722));
#5017=CARTESIAN_POINT('Ctrl Pts',(479.2,-325.318401395958,1400.02912691035));
#5018=CARTESIAN_POINT('Ctrl Pts',(479.2,-328.188899902631,1400.15097350692));
#5019=CARTESIAN_POINT('Ctrl Pts',(479.2,-331.059302648905,1400.27281603866));
#5020=CARTESIAN_POINT('Ctrl Pts',(479.2,-333.929608308671,1400.39465444928));
#5021=CARTESIAN_POINT('Ctrl Pts',(479.2,-335.364761138554,1400.4555736546));
#5022=CARTESIAN_POINT('Ctrl Pts',(479.2,-336.79988969681,1400.51649182963));
#5023=CARTESIAN_POINT('Ctrl Pts',(479.2,-338.234993817675,1400.57740896735));
#5024=CARTESIAN_POINT('Ctrl Pts',(479.2,-338.952545878108,1400.60786753621));
#5025=CARTESIAN_POINT('Ctrl Pts',(479.2,-339.670091829193,1400.63832584574));
#5026=CARTESIAN_POINT('Ctrl Pts',(479.2,-340.38763165021,1400.66878389506));
#5027=CARTESIAN_POINT('Ctrl Pts',(479.2,-340.746401560718,1400.68401291972));
#5028=CARTESIAN_POINT('Ctrl Pts',(479.2,-341.10516993871,1400.69924187933));
#5029=CARTESIAN_POINT('Ctrl Pts',(479.2,-341.463936781594,1400.71447077377));
#5030=CARTESIAN_POINT('Ctrl Pts',(479.2,-341.643320203036,1400.722085221));
#5031=CARTESIAN_POINT('Ctrl Pts',(479.2,-341.822703240702,1400.72969965193));
#5032=CARTESIAN_POINT('Ctrl Pts',(479.2,-342.002085894267,1400.73731406656));
#5033=CARTESIAN_POINT('Ctrl Pts',(479.2,-342.024508725962,1400.73826586838));
#5034=CARTESIAN_POINT('Ctrl Pts',(479.2,-342.046931551656,1400.73921766996));
#5035=CARTESIAN_POINT('Ctrl Pts',(479.2,-342.069354371348,1400.74016947128));
#5036=CARTESIAN_POINT('Ctrl Pts',(479.2,-342.074886655918,1400.74040430507));
#5037=CARTESIAN_POINT('Ctrl Pts',(479.2,-342.080418940122,1400.74063913884));
#5038=CARTESIAN_POINT('Ctrl Pts',(479.2,-342.085951223961,1400.7408739726));
#5039=CARTESIAN_POINT('Ctrl Pts',(479.2,-342.088838377217,1400.74099652616));
#5040=CARTESIAN_POINT('Ctrl Pts',(479.2,-342.091725530373,1400.74111907971));
#5041=CARTESIAN_POINT('Ctrl Pts',(479.2,-342.09461268343,1400.74124163326));
#5042=CARTESIAN_POINT('Ctrl Pts',(479.2,-342.097125493298,1400.74134829673));
#5043=CARTESIAN_POINT('Ctrl Pts',(479.2,-342.099647620449,1400.7414553557));
#5044=CARTESIAN_POINT('Ctrl Pts',(479.2,-342.102181617043,1400.7415629185));
#5045=CARTESIAN_POINT('Ctrl Pts',(479.2,-342.249440305767,1400.74781373869));
#5046=CARTESIAN_POINT('Ctrl Pts',(479.2,-342.433862749255,1400.75564208175));
#5047=CARTESIAN_POINT('Ctrl Pts',(479.2,-342.635786853333,1400.76421333333));
#5048=CARTESIAN_POINT('Ctrl Pts',(479.2,-342.644711817063,1400.76459217918));
#5049=CARTESIAN_POINT('Ctrl Pts',(479.2,-342.654881334687,1400.7650334137));
#5050=CARTESIAN_POINT('Ctrl Pts',(479.2,-342.664027502195,1400.76543924992));
#5051=CARTESIAN_POINT('Ctrl Pts',(479.2,-342.668596120047,1400.76564196988));
#5052=CARTESIAN_POINT('Ctrl Pts',(479.2,-342.672909562429,1400.76583557231));
#5053=CARTESIAN_POINT('Ctrl Pts',(479.2,-342.676686007577,1400.76600640562));
#5054=CARTESIAN_POINT('Ctrl Pts',(479.2,-342.677734865367,1400.76605385232));
#5055=CARTESIAN_POINT('Ctrl Pts',(479.2,-342.678742302925,1400.76609953827));
#5056=CARTESIAN_POINT('Ctrl Pts',(479.2,-342.679702287381,1400.76614316249));
#5057=CARTESIAN_POINT('Ctrl Pts',(479.2,-342.680284348069,1400.76616961286));
#5058=CARTESIAN_POINT('Ctrl Pts',(479.2,-342.680848963716,1400.76619530523));
#5059=CARTESIAN_POINT('Ctrl Pts',(479.2,-342.681394789802,1400.76622017214));
#5060=CARTESIAN_POINT('Ctrl Pts',(479.2,-342.681831031309,1400.76624004656));
#5061=CARTESIAN_POINT('Ctrl Pts',(479.2,-342.682263559744,1400.76625977117));
#5062=CARTESIAN_POINT('Ctrl Pts',(479.2,-342.682697807049,1400.76627959341));
#5063=CARTESIAN_POINT('Ctrl Pts',(479.2,-342.960303808273,1400.77895157633));
#5064=CARTESIAN_POINT('Ctrl Pts',(479.2,-343.233503268152,1400.79932808091));
#5065=CARTESIAN_POINT('Ctrl Pts',(479.2,-343.501893562878,1400.82724742177));
#5066=CARTESIAN_POINT('Ctrl Pts',(479.2,-343.770326270075,1400.85517117458));
#5067=CARTESIAN_POINT('Ctrl Pts',(479.2,-344.033948090923,1400.89064001099));
#5068=CARTESIAN_POINT('Ctrl Pts',(479.2,-344.292385201346,1400.93344883104));
#5069=CARTESIAN_POINT('Ctrl Pts',(479.2,-344.550798908695,1400.97625377449));
#5070=CARTESIAN_POINT('Ctrl Pts',(479.2,-344.804028654281,1401.02639722459));
#5071=CARTESIAN_POINT('Ctrl Pts',(479.2,-345.051732634778,1401.08363294817));
#5072=CARTESIAN_POINT('Ctrl Pts',(479.2,-345.299369445572,1401.14085315118));
#5073=CARTESIAN_POINT('Ctrl Pts',(479.2,-345.541483310351,1401.20516162526));
#5074=CARTESIAN_POINT('Ctrl Pts',(479.2,-345.777767364435,1401.27627345328));
#5075=CARTESIAN_POINT('Ctrl Pts',(479.2,-346.01396802997,1401.34736018475));
#5076=CARTESIAN_POINT('Ctrl Pts',(479.2,-346.244342836237,1401.42524530575));
#5077=CARTESIAN_POINT('Ctrl Pts',(479.2,-346.46862243496,1401.50960773772));
#5078=CARTESIAN_POINT('Ctrl Pts',(479.2,-346.692832353831,1401.59394395972));
#5079=CARTESIAN_POINT('Ctrl Pts',(479.2,-346.910950705047,1401.68475330067));
#5080=CARTESIAN_POINT('Ctrl Pts',(479.2,-347.122747889649,1401.78168101738));
#5081=CARTESIAN_POINT('Ctrl Pts',(479.2,-347.334518516512,1401.8785965801));
#5082=CARTESIAN_POINT('Ctrl Pts',(479.2,-347.539969431665,1401.98162881359));
#5083=CARTESIAN_POINT('Ctrl Pts',(479.2,-347.738912698656,1402.09039168578));
#5084=CARTESIAN_POINT('Ctrl Pts',(479.2,-347.94784661707,1402.20461647665));
#5085=CARTESIAN_POINT('Ctrl Pts',(479.2,-348.14960232275,1402.32516199473));
#5086=CARTESIAN_POINT('Ctrl Pts',(479.2,-348.344013677224,1402.45154687319));
#5087=CARTESIAN_POINT('Ctrl Pts',(479.2,-348.529452825803,1402.57209901028));
#5088=CARTESIAN_POINT('Ctrl Pts',(479.2,-348.708210150439,1402.69796355773));
#5089=CARTESIAN_POINT('Ctrl Pts',(479.2,-348.880187836585,1402.82869580122));
#5090=CARTESIAN_POINT('Ctrl Pts',(479.2,-349.052473847807,1402.95966242413));
#5091=CARTESIAN_POINT('Ctrl Pts',(479.2,-349.217955808676,1403.09551404146));
#5092=CARTESIAN_POINT('Ctrl Pts',(479.2,-349.376582135823,1403.23577975696));
#5093=CARTESIAN_POINT('Ctrl Pts',(479.2,-349.535637424085,1403.37642478238));
#5094=CARTESIAN_POINT('Ctrl Pts',(479.2,-349.68779988654,1403.52150764121));
#5095=CARTESIAN_POINT('Ctrl Pts',(479.2,-349.833065588504,1403.67053227788));
#5096=CARTESIAN_POINT('Ctrl Pts',(479.2,-349.978883964995,1403.82012389024));
#5097=CARTESIAN_POINT('Ctrl Pts',(479.2,-350.117752956512,1403.97368716113));
#5098=CARTESIAN_POINT('Ctrl Pts',(479.2,-350.249717795554,1404.13070144817));
#5099=CARTESIAN_POINT('Ctrl Pts',(479.2,-350.382357688853,1404.28851892766));
#5100=CARTESIAN_POINT('Ctrl Pts',(479.2,-350.50802258581,1404.4498226503));
#5101=CARTESIAN_POINT('Ctrl Pts',(479.2,-350.626808618808,1404.6140674411));
#5102=CARTESIAN_POINT('Ctrl Pts',(479.2,-350.746386785993,1404.77940751146));
#5103=CARTESIAN_POINT('Ctrl Pts',(479.2,-350.858994029835,1404.9477278352));
#5104=CARTESIAN_POINT('Ctrl Pts',(479.2,-350.964779466828,1405.11845814984));
#5105=CARTESIAN_POINT('Ctrl Pts',(479.2,-351.071465220673,1405.29064151306));
#5106=CARTESIAN_POINT('Ctrl Pts',(479.2,-351.171212567439,1405.46527588991));
#5107=CARTESIAN_POINT('Ctrl Pts',(479.2,-351.264226219977,1405.64176463701));
#5108=CARTESIAN_POINT('Ctrl Pts',(479.2,-351.36195311327,1405.82719652238));
#5109=CARTESIAN_POINT('Ctrl Pts',(479.2,-351.452246259861,1406.01467533227));
#5110=CARTESIAN_POINT('Ctrl Pts',(479.2,-351.535403021359,1406.20349851508));
#5111=CARTESIAN_POINT('Ctrl Pts',(479.2,-351.617144132952,1406.38910719655));
#5112=CARTESIAN_POINT('Ctrl Pts',(479.2,-351.691990124125,1406.57601462817));
#5113=CARTESIAN_POINT('Ctrl Pts',(479.2,-351.760278723847,1406.76354664524));
#5114=CARTESIAN_POINT('Ctrl Pts',(479.2,-351.829743170337,1406.95430773593));
#5115=CARTESIAN_POINT('Ctrl Pts',(479.2,-351.892422558523,1407.14571489757));
#5116=CARTESIAN_POINT('Ctrl Pts',(479.2,-351.94872712079,1407.33705467722));
#5117=CARTESIAN_POINT('Ctrl Pts',(479.2,-352.00622490695,1407.53244938932));
#5118=CARTESIAN_POINT('Ctrl Pts',(479.2,-352.057074954963,1407.72777360126));
#5119=CARTESIAN_POINT('Ctrl Pts',(479.2,-352.10176895711,1407.92226692235));
#5120=CARTESIAN_POINT('Ctrl Pts',(479.2,-352.145496303308,1408.11255368065));
#5121=CARTESIAN_POINT('Ctrl Pts',(479.2,-352.183331558251,1408.30204489537));
#5122=CARTESIAN_POINT('Ctrl Pts',(479.2,-352.215781371199,1408.49003113444));
#5123=CARTESIAN_POINT('Ctrl Pts',(479.2,-352.227950051054,1408.56052597409));
#5124=CARTESIAN_POINT('Ctrl Pts',(479.2,-352.239361834329,1408.63080921944));
#5125=CARTESIAN_POINT('Ctrl Pts',(479.2,-352.250044924798,1408.70084364672));
#5126=CARTESIAN_POINT('Ctrl Pts',(479.2,-352.250722307576,1408.70528432004));
#5127=CARTESIAN_POINT('Ctrl Pts',(479.2,-352.251396876185,1408.70972471288));
#5128=CARTESIAN_POINT('Ctrl Pts',(479.2,-352.252070596896,1408.71417789005));
#5129=CARTESIAN_POINT('Ctrl Pts',(479.2,-352.275924090531,1408.87184535));
#5130=CARTESIAN_POINT('Ctrl Pts',(479.2,-352.298063921732,1409.04125164911));
#5131=CARTESIAN_POINT('Ctrl Pts',(479.2,-352.317122457784,1409.22240178569));
#5132=CARTESIAN_POINT('Ctrl Pts',(479.2,-352.337037162919,1409.41168975332));
#5133=CARTESIAN_POINT('Ctrl Pts',(479.2,-352.353585694368,1409.61380245291));
#5134=CARTESIAN_POINT('Ctrl Pts',(479.2,-352.365160309277,1409.8287134049));
#5135=CARTESIAN_POINT('Ctrl Pts',(479.2,-352.375832394165,1410.02686668611));
#5136=CARTESIAN_POINT('Ctrl Pts',(479.2,-352.382274113063,1410.23590079619));
#5137=CARTESIAN_POINT('Ctrl Pts',(479.2,-352.383213752832,1410.45575037861));
#5138=CARTESIAN_POINT('Ctrl Pts',(479.2,-352.383293217445,1410.47434288893));
#5139=CARTESIAN_POINT('Ctrl Pts',(479.2,-352.383333333333,1410.49301271968));
#5140=CARTESIAN_POINT('Ctrl Pts',(479.2,-352.383333333333,1410.51175981333));
#5141=CARTESIAN_POINT('Ctrl Pts',(479.2,-352.383333333333,1412.14274353386));
#5142=CARTESIAN_POINT('Ctrl Pts',(479.2,-352.383333333333,1414.94048858847));
#5143=CARTESIAN_POINT('Ctrl Pts',(479.2,-352.383333333333,1416.73578685333));
#5144=CARTESIAN_POINT('Ctrl Pts',(479.2,-352.383333333333,1416.74764055395));
#5145=CARTESIAN_POINT('Ctrl Pts',(479.2,-352.383317316742,1416.75948624628));
#5146=CARTESIAN_POINT('Ctrl Pts',(479.2,-352.383285299791,1416.77132391408));
#5147=CARTESIAN_POINT('Ctrl Pts',(479.2,-352.367520390873,1422.6001036589));
#5148=CARTESIAN_POINT('Ctrl Pts',(479.2,-348.47246104071,1426.48333333333));
#5149=CARTESIAN_POINT('Ctrl Pts',(479.2,-342.635786853333,1426.48333333333));
#5150=CARTESIAN_POINT('Ctrl Pts',(479.2,-340.235673561588,1426.48333333333));
#5151=CARTESIAN_POINT('Ctrl Pts',(479.2,-337.835551160315,1426.48333333333));
#5152=CARTESIAN_POINT('Ctrl Pts',(479.2,-335.435533170416,1426.48333333333));
#5153=CARTESIAN_POINT('Ctrl Pts',(479.2,-200.296743471449,1426.48333333333));
#5154=CARTESIAN_POINT('Ctrl Pts',(479.2,-65.4920450455109,1426.48333333333));
#5155=CARTESIAN_POINT('Ctrl Pts',(479.2,48.1785573641799,1426.48333333333));
#5156=CARTESIAN_POINT('Ctrl Pts',(479.2,105.013858569025,1426.48333333333));
#5157=CARTESIAN_POINT('Ctrl Pts',(479.2,156.565635769809,1426.48333333333));
#5158=CARTESIAN_POINT('Ctrl Pts',(479.2,200.233888373629,1426.48333333333));
#5159=CARTESIAN_POINT('Ctrl Pts',(479.2,211.150951524584,1426.48333333333));
#5160=CARTESIAN_POINT('Ctrl Pts',(479.2,221.575294388228,1426.48333333333));
#5161=CARTESIAN_POINT('Ctrl Pts',(479.2,231.466291955299,1426.48333333333));
#5162=CARTESIAN_POINT('Ctrl Pts',(479.2,235.17541604295,1426.48333333333));
#5163=CARTESIAN_POINT('Ctrl Pts',(479.2,238.809538448272,1426.48333333333));
#5164=CARTESIAN_POINT('Ctrl Pts',(479.2,242.366516836789,1426.48333333333));
#5165=CARTESIAN_POINT('Ctrl Pts',(479.2,242.755561348033,1426.48333333333));
#5166=CARTESIAN_POINT('Ctrl Pts',(479.2,243.143682993841,1426.48333333333));
#5167=CARTESIAN_POINT('Ctrl Pts',(479.2,243.530878971095,1426.48333333333));
#5168=CARTESIAN_POINT('Ctrl Pts',(479.2,243.72145199115,1426.48333333333));
#5169=CARTESIAN_POINT('Ctrl Pts',(479.2,243.911800769354,1426.48333333333));
#5170=CARTESIAN_POINT('Ctrl Pts',(479.2,244.101924971486,1426.48333333333));
#5171=CARTESIAN_POINT('Ctrl Pts',(479.2,244.123506355684,1426.48333333333));
#5172=CARTESIAN_POINT('Ctrl Pts',(479.2,244.145084846225,1426.48333333333));
#5173=CARTESIAN_POINT('Ctrl Pts',(479.2,244.166660442618,1426.48333333333));
#5174=CARTESIAN_POINT('Ctrl Pts',(479.2,244.186750280117,1426.48333333333));
#5175=CARTESIAN_POINT('Ctrl Pts',(479.2,244.206846952806,1426.48333333333));
#5176=CARTESIAN_POINT('Ctrl Pts',(479.2,244.226951478216,1426.48333333333));
#5177=CARTESIAN_POINT('Ctrl Pts',(479.2,268.342202234464,1426.48333333333));
#5178=CARTESIAN_POINT('Ctrl Pts',(479.2,303.271173221608,1426.48333333333));
#5179=CARTESIAN_POINT('Ctrl Pts',(479.2,345.616666666667,1426.48333333333));
#5180=CARTESIAN_POINT('Ctrl Pts',(479.2,346.212529641365,1426.48333333333));
#5181=CARTESIAN_POINT('Ctrl Pts',(479.2,346.8156318459,1426.47540206384));
#5182=CARTESIAN_POINT('Ctrl Pts',(479.2,347.42450218649,1426.45860045062));
#5183=CARTESIAN_POINT('Ctrl Pts',(479.2,348.010696798315,1426.44242456803));
#5184=CARTESIAN_POINT('Ctrl Pts',(479.2,348.602237671453,1426.41802660455));
#5185=CARTESIAN_POINT('Ctrl Pts',(479.2,349.19782421858,1426.38461602378));
#5186=CARTESIAN_POINT('Ctrl Pts',(479.2,349.775814686307,1426.35219252916));
#5187=CARTESIAN_POINT('Ctrl Pts',(479.2,350.357615115733,1426.31128098771));
#5188=CARTESIAN_POINT('Ctrl Pts',(479.2,350.942051620999,1426.26120623884));
#5189=CARTESIAN_POINT('Ctrl Pts',(479.2,351.512396519526,1426.21233886436));
#5190=CARTESIAN_POINT('Ctrl Pts',(479.2,352.08525174449,1426.15474475437));
#5191=CARTESIAN_POINT('Ctrl Pts',(479.2,352.659543181928,1426.08784354947));
#5192=CARTESIAN_POINT('Ctrl Pts',(479.2,353.222304675978,1426.02228550774));
#5193=CARTESIAN_POINT('Ctrl Pts',(479.2,353.786445149349,1425.94779027519));
#5194=CARTESIAN_POINT('Ctrl Pts',(479.2,354.35097255267,1425.86385858692));
#5195=CARTESIAN_POINT('Ctrl Pts',(479.2,354.905925264159,1425.78135042573));
#5196=CARTESIAN_POINT('Ctrl Pts',(479.2,355.46125176319,1425.68972314633));
#5197=CARTESIAN_POINT('Ctrl Pts',(479.2,356.016029844325,1425.58854894838));
#5198=CARTESIAN_POINT('Ctrl Pts',(479.2,356.562775965784,1425.48883952907));
#5199=CARTESIAN_POINT('Ctrl Pts',(479.2,357.108989316284,1425.37985759634));
#5200=CARTESIAN_POINT('Ctrl Pts',(479.2,357.653808796843,1425.26123976426));
#5201=CARTESIAN_POINT('Ctrl Pts',(479.2,358.22001047526,1425.13796661047));
#5202=CARTESIAN_POINT('Ctrl Pts',(479.2,358.784706366683,1425.00428588491));
#5203=CARTESIAN_POINT('Ctrl Pts',(479.2,359.346957422884,1424.85984436328));
#5204=CARTESIAN_POINT('Ctrl Pts',(479.2,359.891638133579,1424.71991663921));
#5205=CARTESIAN_POINT('Ctrl Pts',(479.2,360.434024396858,1424.56989032769));
#5206=CARTESIAN_POINT('Ctrl Pts',(479.2,360.973290133606,1424.4094959105));
#5207=CARTESIAN_POINT('Ctrl Pts',(479.2,361.495703816081,1424.25411381885));
#5208=CARTESIAN_POINT('Ctrl Pts',(479.2,362.015188953744,1424.08900167755));
#5209=CARTESIAN_POINT('Ctrl Pts',(479.2,362.531021099364,1423.91396119446));
#5210=CARTESIAN_POINT('Ctrl Pts',(479.2,363.036628123357,1423.74239046455));
#5211=CARTESIAN_POINT('Ctrl Pts',(479.2,363.538725504748,1423.56128119608));
#5212=CARTESIAN_POINT('Ctrl Pts',(479.2,364.036657360548,1423.37049046325));
#5213=CARTESIAN_POINT('Ctrl Pts',(479.2,364.531441293871,1423.18090590839));
#5214=CARTESIAN_POINT('Ctrl Pts',(479.2,365.022112115295,1422.98176192215));
#5215=CARTESIAN_POINT('Ctrl Pts',(479.2,365.508053594892,1422.77296136025));
#5216=CARTESIAN_POINT('Ctrl Pts',(479.2,365.991348689906,1422.56529790357));
#5217=CARTESIAN_POINT('Ctrl Pts',(479.2,366.46996572889,1422.34808277614));
#5218=CARTESIAN_POINT('Ctrl Pts',(479.2,366.943326874753,1422.12126301497));
#5219=CARTESIAN_POINT('Ctrl Pts',(479.2,367.414485516637,1421.89549862438));
#5220=CARTESIAN_POINT('Ctrl Pts',(479.2,367.880436980549,1421.66021879082));
#5221=CARTESIAN_POINT('Ctrl Pts',(479.2,368.340640896169,1421.41541336528));
#5222=CARTESIAN_POINT('Ctrl Pts',(479.2,368.799037581818,1421.17156929554));
#5223=CARTESIAN_POINT('Ctrl Pts',(479.2,369.251731693951,1420.91827432654));
#5224=CARTESIAN_POINT('Ctrl Pts',(479.2,369.698219674292,1420.65555994463));
#5225=CARTESIAN_POINT('Ctrl Pts',(479.2,370.143254281447,1420.39370073029));
#5226=CARTESIAN_POINT('Ctrl Pts',(479.2,370.582123019656,1420.1224833562));
#5227=CARTESIAN_POINT('Ctrl Pts',(479.2,371.01435871148,1419.84197992139));
#5228=CARTESIAN_POINT('Ctrl Pts',(479.2,371.445459254898,1419.56221315185));
#5229=CARTESIAN_POINT('Ctrl Pts',(479.2,371.869961474267,1419.27320906714));
#5230=CARTESIAN_POINT('Ctrl Pts',(479.2,372.287434328575,1418.97507948833));
#5231=CARTESIAN_POINT('Ctrl Pts',(479.2,372.7040593328,1418.67755538407));
#5232=CARTESIAN_POINT('Ctrl Pts',(479.2,373.113683426487,1418.37094285366));
#5233=CARTESIAN_POINT('Ctrl Pts',(479.2,373.515911619082,1418.05539266453));
#5234=CARTESIAN_POINT('Ctrl Pts',(479.2,373.917552193073,1417.74030346536));
#5235=CARTESIAN_POINT('Ctrl Pts',(479.2,374.311818394336,1417.41630274628));
#5236=CARTESIAN_POINT('Ctrl Pts',(479.2,374.698351333461,1417.0835795484));
#5237=CARTESIAN_POINT('Ctrl Pts',(479.2,375.084533002939,1416.75115871949));
#5238=CARTESIAN_POINT('Ctrl Pts',(479.2,375.462995397336,1416.41003130572));
#5239=CARTESIAN_POINT('Ctrl Pts',(479.2,375.833415899196,1416.06042404517));
#5240=CARTESIAN_POINT('Ctrl Pts',(479.2,376.203700232669,1415.71094530195));
#5241=CARTESIAN_POINT('Ctrl Pts',(479.2,376.565948526258,1415.35299299678));
#5242=CARTESIAN_POINT('Ctrl Pts',(479.2,376.919874713268,1414.9868310802));
#5243=CARTESIAN_POINT('Ctrl Pts',(479.2,377.27386076426,1414.62060723007));
#5244=CARTESIAN_POINT('Ctrl Pts',(479.2,377.619521837904,1414.24617104629));
#5245=CARTESIAN_POINT('Ctrl Pts',(479.2,377.956608796768,1413.86382329998));
#5246=CARTESIAN_POINT('Ctrl Pts',(479.2,378.293934375702,1413.48120489399));
#5247=CARTESIAN_POINT('Ctrl Pts',(479.2,378.622673644829,1413.09066377922));
#5248=CARTESIAN_POINT('Ctrl Pts',(479.2,378.942614869388,1412.69253725127));
#5249=CARTESIAN_POINT('Ctrl Pts',(479.2,379.262957652011,1412.29391103491));
#5250=CARTESIAN_POINT('Ctrl Pts',(479.2,379.574480243436,1411.8876804147));
#5251=CARTESIAN_POINT('Ctrl Pts',(479.2,379.877008878467,1411.47421901738));
#5252=CARTESIAN_POINT('Ctrl Pts',(479.2,380.18008735342,1411.060006162));
#5253=CARTESIAN_POINT('Ctrl Pts',(479.2,380.47413910562,1410.63853628757));
#5254=CARTESIAN_POINT('Ctrl Pts',(479.2,380.759029001839,1410.21021927185));
#5255=CARTESIAN_POINT('Ctrl Pts',(479.2,381.044603256432,1409.78087335921));
#5256=CARTESIAN_POINT('Ctrl Pts',(479.2,381.320971545438,1409.34464743842));
#5257=CARTESIAN_POINT('Ctrl Pts',(479.2,381.588038131209,1408.90198768567));
#5258=CARTESIAN_POINT('Ctrl Pts',(479.2,381.861595972341,1408.44856875283));
#5259=CARTESIAN_POINT('Ctrl Pts',(479.2,382.125394254317,1407.98839938601));
#5260=CARTESIAN_POINT('Ctrl Pts',(479.2,382.379374369378,1407.5219940025));
#5261=CARTESIAN_POINT('Ctrl Pts',(479.2,382.629540661109,1407.06259226859));
#5262=CARTESIAN_POINT('Ctrl Pts',(479.2,382.870181539005,1406.59714057492));
#5263=CARTESIAN_POINT('Ctrl Pts',(479.2,383.101283652513,1406.1261625932));
#5264=CARTESIAN_POINT('Ctrl Pts',(479.2,383.333445905965,1405.65302408355));
#5265=CARTESIAN_POINT('Ctrl Pts',(479.2,383.555981652539,1405.17430854687));
#5266=CARTESIAN_POINT('Ctrl Pts',(479.2,383.768920369915,1404.69057773505));
#5267=CARTESIAN_POINT('Ctrl Pts',(479.2,383.982995209601,1404.20426600523));
#5268=CARTESIAN_POINT('Ctrl Pts',(479.2,384.187370316829,1403.71288542302));
#5269=CARTESIAN_POINT('Ctrl Pts',(479.2,384.382119390763,1403.21703666205));
#5270=CARTESIAN_POINT('Ctrl Pts',(479.2,384.578067941859,1402.7181339237));
#5271=CARTESIAN_POINT('Ctrl Pts',(479.2,384.764271504264,1402.21470788433));
#5272=CARTESIAN_POINT('Ctrl Pts',(479.2,384.940849601992,1401.70739927754));
#5273=CARTESIAN_POINT('Ctrl Pts',(479.2,385.118677083665,1401.19650119258));
#5274=CARTESIAN_POINT('Ctrl Pts',(479.2,385.286742400076,1400.68166549493));
#5275=CARTESIAN_POINT('Ctrl Pts',(479.2,385.445212765304,1400.16357448413));
#5276=CARTESIAN_POINT('Ctrl Pts',(479.2,385.604967774536,1399.64128355551));
#5277=CARTESIAN_POINT('Ctrl Pts',(479.2,385.754971638133,1399.1156844178));
#5278=CARTESIAN_POINT('Ctrl Pts',(479.2,385.895441457279,1398.5875029046));
#5279=CARTESIAN_POINT('Ctrl Pts',(479.2,386.037214844796,1398.05441983519));
#5280=CARTESIAN_POINT('Ctrl Pts',(479.2,386.16927642192,1397.51870634091));
#5281=CARTESIAN_POINT('Ctrl Pts',(479.2,386.291895801665,1396.98113434792));
#5282=CARTESIAN_POINT('Ctrl Pts',(479.2,386.416580819916,1396.43450645031));
#5283=CARTESIAN_POINT('Ctrl Pts',(479.2,386.531502805914,1395.8859569962));
#5284=CARTESIAN_POINT('Ctrl Pts',(479.2,386.636993252213,1395.33632264455));
#5285=CARTESIAN_POINT('Ctrl Pts',(479.2,386.743769269302,1394.77999011413));
#5286=CARTESIAN_POINT('Ctrl Pts',(479.2,386.840882500332,1394.22254620341));
#5287=CARTESIAN_POINT('Ctrl Pts',(479.2,386.928725438321,1393.66488239153));
#5288=CARTESIAN_POINT('Ctrl Pts',(479.2,387.017795162256,1393.09943042794));
#5289=CARTESIAN_POINT('Ctrl Pts',(479.2,387.097333899637,1392.53375250943));
#5290=CARTESIAN_POINT('Ctrl Pts',(479.2,387.167800054571,1391.9688004607));
#5291=CARTESIAN_POINT('Ctrl Pts',(479.2,387.239401280781,1391.39474814471));
#5292=CARTESIAN_POINT('Ctrl Pts',(479.2,387.301635352241,1390.82144541595));
#5293=CARTESIAN_POINT('Ctrl Pts',(479.2,387.355032852559,1390.24991178811));
#5294=CARTESIAN_POINT('Ctrl Pts',(479.2,387.409988289816,1389.66170297239));
#5295=CARTESIAN_POINT('Ctrl Pts',(479.2,387.455584003449,1389.07536812938));
#5296=CARTESIAN_POINT('Ctrl Pts',(479.2,387.492450206465,1388.4920385663));
#5297=CARTESIAN_POINT('Ctrl Pts',(479.2,387.530062301956,1387.89690683497));
#5298=CARTESIAN_POINT('Ctrl Pts',(479.2,387.55858821556,1387.30490342134));
#5299=CARTESIAN_POINT('Ctrl Pts',(479.2,387.578749147735,1386.7172475339));
#5300=CARTESIAN_POINT('Ctrl Pts',(479.2,387.599620551342,1386.10888264765));
#5301=CARTESIAN_POINT('Ctrl Pts',(479.2,387.611527120086,1385.5051773138));
#5302=CARTESIAN_POINT('Ctrl Pts',(479.2,387.615322499734,1384.90750002244));
#5303=CARTESIAN_POINT('Ctrl Pts',(479.2,387.616222541612,1384.76576595598));
#5304=CARTESIAN_POINT('Ctrl Pts',(479.2,387.616666666667,1384.62437094212));
#5305=CARTESIAN_POINT('Ctrl Pts',(479.2,387.616666666667,1384.48333333333));
#5306=CARTESIAN_POINT('',(479.2,340.95,1380.30333333333));
#5307=CARTESIAN_POINT('Ctrl Pts',(479.2,387.616666666667,1384.48333333333));
#5308=CARTESIAN_POINT('Ctrl Pts',(479.2,372.061111111111,1384.48333333333));
#5309=CARTESIAN_POINT('Ctrl Pts',(479.2,356.505555555556,1384.48333333333));
#5310=CARTESIAN_POINT('Ctrl Pts',(479.2,340.95,1384.48333333333));
#5311=CARTESIAN_POINT('Ctrl Pts',(479.2,339.72570634536,1384.48333333333));
#5312=CARTESIAN_POINT('Ctrl Pts',(479.2,338.860000000001,1383.61762698797));
#5313=CARTESIAN_POINT('Ctrl Pts',(479.2,338.86,1382.39333333333));
#5314=CARTESIAN_POINT('Ctrl Pts',(479.2,338.86,1381.16903967869));
#5315=CARTESIAN_POINT('Ctrl Pts',(479.2,339.72570634536,1380.30333333333));
#5316=CARTESIAN_POINT('Ctrl Pts',(479.2,340.95,1380.30333333333));
#5317=CARTESIAN_POINT('',(479.2,340.95,1370.16333333333));
#5318=CARTESIAN_POINT('',(479.2,340.95,1380.30333333333));
#5319=CARTESIAN_POINT('',(479.2,375.616666666667,1365.98333333333));
#5320=CARTESIAN_POINT('Ctrl Pts',(479.2,340.95,1370.16333333333));
#5321=CARTESIAN_POINT('Ctrl Pts',(479.2,339.72570634536,1370.16333333333));
#5322=CARTESIAN_POINT('Ctrl Pts',(479.2,338.860000000001,1369.29762698797));
#5323=CARTESIAN_POINT('Ctrl Pts',(479.2,338.86,1368.07333333333));
#5324=CARTESIAN_POINT('Ctrl Pts',(479.2,338.86,1366.84903967869));
#5325=CARTESIAN_POINT('Ctrl Pts',(479.2,339.72570634536,1365.98333333333));
#5326=CARTESIAN_POINT('Ctrl Pts',(479.2,340.95,1365.98333333333));
#5327=CARTESIAN_POINT('Ctrl Pts',(479.2,352.505555555556,1365.98333333333));
#5328=CARTESIAN_POINT('Ctrl Pts',(479.2,364.061111111111,1365.98333333333));
#5329=CARTESIAN_POINT('Ctrl Pts',(479.2,375.616666666667,1365.98333333333));
#5330=CARTESIAN_POINT('',(479.2,375.616666666667,1267.98333333333));
#5331=CARTESIAN_POINT('',(479.2,375.616666666667,1365.98333333333));
#5332=CARTESIAN_POINT('',(479.2,375.616666666667,1267.98333333333));
#5333=CARTESIAN_POINT('Origin',(497.7,395.016666666667,1428.06833333333));
#5334=CARTESIAN_POINT('',(497.7,317.616666666667,1267.98333333333));
#5335=CARTESIAN_POINT('',(497.7,317.616666666667,1354.11733333333));
#5336=CARTESIAN_POINT('',(497.7,317.616666666667,1267.98333333333));
#5337=CARTESIAN_POINT('',(497.7,375.616666666667,1267.98333333333));
#5338=CARTESIAN_POINT('',(497.7,375.616666666667,1267.98333333333));
#5339=CARTESIAN_POINT('',(497.7,375.616666666667,1365.98333333333));
#5340=CARTESIAN_POINT('',(497.7,375.616666666667,1365.98333333333));
#5341=CARTESIAN_POINT('',(497.7,340.95,1370.16333333333));
#5342=CARTESIAN_POINT('Ctrl Pts',(497.7,340.95,1370.16333333333));
#5343=CARTESIAN_POINT('Ctrl Pts',(497.7,339.72570634536,1370.16333333333));
#5344=CARTESIAN_POINT('Ctrl Pts',(497.7,338.860000000001,1369.29762698797));
#5345=CARTESIAN_POINT('Ctrl Pts',(497.7,338.86,1368.07333333333));
#5346=CARTESIAN_POINT('Ctrl Pts',(497.7,338.86,1366.84903967869));
#5347=CARTESIAN_POINT('Ctrl Pts',(497.7,339.72570634536,1365.98333333333));
#5348=CARTESIAN_POINT('Ctrl Pts',(497.7,340.95,1365.98333333333));
#5349=CARTESIAN_POINT('Ctrl Pts',(497.7,352.505555555556,1365.98333333333));
#5350=CARTESIAN_POINT('Ctrl Pts',(497.7,364.061111111111,1365.98333333333));
#5351=CARTESIAN_POINT('Ctrl Pts',(497.7,375.616666666667,1365.98333333333));
#5352=CARTESIAN_POINT('',(497.7,340.95,1380.30333333333));
#5353=CARTESIAN_POINT('',(497.7,340.95,1380.30333333333));
#5354=CARTESIAN_POINT('',(497.7,387.616666666667,1384.48333333333));
#5355=CARTESIAN_POINT('Ctrl Pts',(497.7,387.616666666667,1384.48333333333));
#5356=CARTESIAN_POINT('Ctrl Pts',(497.7,372.061111111111,1384.48333333333));
#5357=CARTESIAN_POINT('Ctrl Pts',(497.7,356.505555555556,1384.48333333333));
#5358=CARTESIAN_POINT('Ctrl Pts',(497.7,340.95,1384.48333333333));
#5359=CARTESIAN_POINT('Ctrl Pts',(497.7,339.72570634536,1384.48333333333));
#5360=CARTESIAN_POINT('Ctrl Pts',(497.7,338.860000000001,1383.61762698797));
#5361=CARTESIAN_POINT('Ctrl Pts',(497.7,338.86,1382.39333333333));
#5362=CARTESIAN_POINT('Ctrl Pts',(497.7,338.86,1381.16903967869));
#5363=CARTESIAN_POINT('Ctrl Pts',(497.7,339.72570634536,1380.30333333333));
#5364=CARTESIAN_POINT('Ctrl Pts',(497.7,340.95,1380.30333333333));
#5365=CARTESIAN_POINT('Ctrl Pts',(497.7,317.616666666667,1354.11733333333));
#5366=CARTESIAN_POINT('Ctrl Pts',(497.7,317.616666666667,1366.34886733333));
#5367=CARTESIAN_POINT('Ctrl Pts',(497.7,310.391196005397,1373.04459768351));
#5368=CARTESIAN_POINT('Ctrl Pts',(497.7,298.170666666667,1373.56333333333));
#5369=CARTESIAN_POINT('Ctrl Pts',(497.7,268.574167384024,1374.81964219381));
#5370=CARTESIAN_POINT('Ctrl Pts',(497.7,238.97765783618,1376.07595149002));
#5371=CARTESIAN_POINT('Ctrl Pts',(497.7,209.382580888619,1377.33219997537));
#5372=CARTESIAN_POINT('Ctrl Pts',(497.7,117.309773413555,1381.24049611321));
#5373=CARTESIAN_POINT('Ctrl Pts',(497.7,25.250832586072,1385.14820364115));
#5374=CARTESIAN_POINT('Ctrl Pts',(497.7,-66.7507876577727,1389.05347803144));
#5375=CARTESIAN_POINT('Ctrl Pts',(497.7,-112.751597779695,1391.00611522658));
#5376=CARTESIAN_POINT('Ctrl Pts',(497.7,-158.738077755708,1392.9581441373));
#5377=CARTESIAN_POINT('Ctrl Pts',(497.7,-204.704795843804,1394.90933419764));
#5378=CARTESIAN_POINT('Ctrl Pts',(497.7,-227.688154887852,1395.88492922781));
#5379=CARTESIAN_POINT('Ctrl Pts',(497.7,-250.666573459921,1396.86031454538));
#5380=CARTESIAN_POINT('Ctrl Pts',(497.7,-273.63937259226,1397.83546132961));
#5381=CARTESIAN_POINT('Ctrl Pts',(497.7,-285.12577215843,1398.32303472172));
#5382=CARTESIAN_POINT('Ctrl Pts',(497.7,-296.610766864667,1398.8105484805));
#5383=CARTESIAN_POINT('Ctrl Pts',(497.7,-308.094271840002,1399.29799900335));
#5384=CARTESIAN_POINT('Ctrl Pts',(497.7,-313.83602432767,1399.54172426477));
#5385=CARTESIAN_POINT('Ctrl Pts',(497.7,-319.577404382612,1399.78543371722));
#5386=CARTESIAN_POINT('Ctrl Pts',(497.7,-325.318401395958,1400.02912691035));
#5387=CARTESIAN_POINT('Ctrl Pts',(497.7,-328.188899902631,1400.15097350692));
#5388=CARTESIAN_POINT('Ctrl Pts',(497.7,-331.059302648905,1400.27281603866));
#5389=CARTESIAN_POINT('Ctrl Pts',(497.7,-333.929608308671,1400.39465444928));
#5390=CARTESIAN_POINT('Ctrl Pts',(497.7,-335.364761138554,1400.4555736546));
#5391=CARTESIAN_POINT('Ctrl Pts',(497.7,-336.79988969681,1400.51649182963));
#5392=CARTESIAN_POINT('Ctrl Pts',(497.7,-338.234993817675,1400.57740896735));
#5393=CARTESIAN_POINT('Ctrl Pts',(497.7,-338.952545878108,1400.60786753621));
#5394=CARTESIAN_POINT('Ctrl Pts',(497.7,-339.670091829193,1400.63832584574));
#5395=CARTESIAN_POINT('Ctrl Pts',(497.7,-340.38763165021,1400.66878389506));
#5396=CARTESIAN_POINT('Ctrl Pts',(497.7,-340.746401560718,1400.68401291972));
#5397=CARTESIAN_POINT('Ctrl Pts',(497.7,-341.10516993871,1400.69924187933));
#5398=CARTESIAN_POINT('Ctrl Pts',(497.7,-341.463936781594,1400.71447077377));
#5399=CARTESIAN_POINT('Ctrl Pts',(497.7,-341.643320203036,1400.722085221));
#5400=CARTESIAN_POINT('Ctrl Pts',(497.7,-341.822703240702,1400.72969965193));
#5401=CARTESIAN_POINT('Ctrl Pts',(497.7,-342.002085894267,1400.73731406656));
#5402=CARTESIAN_POINT('Ctrl Pts',(497.7,-342.024508725962,1400.73826586838));
#5403=CARTESIAN_POINT('Ctrl Pts',(497.7,-342.046931551656,1400.73921766996));
#5404=CARTESIAN_POINT('Ctrl Pts',(497.7,-342.069354371348,1400.74016947128));
#5405=CARTESIAN_POINT('Ctrl Pts',(497.7,-342.074886655918,1400.74040430507));
#5406=CARTESIAN_POINT('Ctrl Pts',(497.7,-342.080418940122,1400.74063913884));
#5407=CARTESIAN_POINT('Ctrl Pts',(497.7,-342.085951223961,1400.7408739726));
#5408=CARTESIAN_POINT('Ctrl Pts',(497.7,-342.088838377217,1400.74099652616));
#5409=CARTESIAN_POINT('Ctrl Pts',(497.7,-342.091725530373,1400.74111907971));
#5410=CARTESIAN_POINT('Ctrl Pts',(497.7,-342.09461268343,1400.74124163326));
#5411=CARTESIAN_POINT('Ctrl Pts',(497.7,-342.097125493298,1400.74134829673));
#5412=CARTESIAN_POINT('Ctrl Pts',(497.7,-342.099647620449,1400.7414553557));
#5413=CARTESIAN_POINT('Ctrl Pts',(497.7,-342.102181617043,1400.7415629185));
#5414=CARTESIAN_POINT('Ctrl Pts',(497.7,-342.249440305767,1400.74781373869));
#5415=CARTESIAN_POINT('Ctrl Pts',(497.7,-342.433862749255,1400.75564208175));
#5416=CARTESIAN_POINT('Ctrl Pts',(497.7,-342.635786853333,1400.76421333333));
#5417=CARTESIAN_POINT('Ctrl Pts',(497.7,-342.644711817063,1400.76459217918));
#5418=CARTESIAN_POINT('Ctrl Pts',(497.7,-342.654881334687,1400.7650334137));
#5419=CARTESIAN_POINT('Ctrl Pts',(497.7,-342.664027502195,1400.76543924992));
#5420=CARTESIAN_POINT('Ctrl Pts',(497.7,-342.668596120047,1400.76564196988));
#5421=CARTESIAN_POINT('Ctrl Pts',(497.7,-342.672909562429,1400.76583557231));
#5422=CARTESIAN_POINT('Ctrl Pts',(497.7,-342.676686007577,1400.76600640562));
#5423=CARTESIAN_POINT('Ctrl Pts',(497.7,-342.677734865367,1400.76605385232));
#5424=CARTESIAN_POINT('Ctrl Pts',(497.7,-342.678742302925,1400.76609953827));
#5425=CARTESIAN_POINT('Ctrl Pts',(497.7,-342.679702287381,1400.76614316249));
#5426=CARTESIAN_POINT('Ctrl Pts',(497.7,-342.680284348069,1400.76616961286));
#5427=CARTESIAN_POINT('Ctrl Pts',(497.7,-342.680848963716,1400.76619530523));
#5428=CARTESIAN_POINT('Ctrl Pts',(497.7,-342.681394789802,1400.76622017214));
#5429=CARTESIAN_POINT('Ctrl Pts',(497.7,-342.681831031309,1400.76624004656));
#5430=CARTESIAN_POINT('Ctrl Pts',(497.7,-342.682263559744,1400.76625977117));
#5431=CARTESIAN_POINT('Ctrl Pts',(497.7,-342.682697807049,1400.76627959341));
#5432=CARTESIAN_POINT('Ctrl Pts',(497.7,-342.960303808273,1400.77895157633));
#5433=CARTESIAN_POINT('Ctrl Pts',(497.7,-343.233503268152,1400.79932808091));
#5434=CARTESIAN_POINT('Ctrl Pts',(497.7,-343.501893562878,1400.82724742177));
#5435=CARTESIAN_POINT('Ctrl Pts',(497.7,-343.770326270074,1400.85517117458));
#5436=CARTESIAN_POINT('Ctrl Pts',(497.7,-344.03394809092,1400.89064001099));
#5437=CARTESIAN_POINT('Ctrl Pts',(497.7,-344.292385201342,1400.93344883104));
#5438=CARTESIAN_POINT('Ctrl Pts',(497.7,-344.550798908691,1400.97625377449));
#5439=CARTESIAN_POINT('Ctrl Pts',(497.7,-344.804028654277,1401.02639722459));
#5440=CARTESIAN_POINT('Ctrl Pts',(497.7,-345.051732634773,1401.08363294817));
#5441=CARTESIAN_POINT('Ctrl Pts',(497.7,-345.299369445568,1401.14085315118));
#5442=CARTESIAN_POINT('Ctrl Pts',(497.7,-345.541483310348,1401.20516162526));
#5443=CARTESIAN_POINT('Ctrl Pts',(497.7,-345.777767364432,1401.27627345328));
#5444=CARTESIAN_POINT('Ctrl Pts',(497.7,-346.013968029966,1401.34736018475));
#5445=CARTESIAN_POINT('Ctrl Pts',(497.7,-346.244342836232,1401.42524530575));
#5446=CARTESIAN_POINT('Ctrl Pts',(497.7,-346.468622434953,1401.50960773772));
#5447=CARTESIAN_POINT('Ctrl Pts',(497.7,-346.692832353822,1401.59394395972));
#5448=CARTESIAN_POINT('Ctrl Pts',(497.7,-346.910950705038,1401.68475330067));
#5449=CARTESIAN_POINT('Ctrl Pts',(497.7,-347.122747889639,1401.78168101738));
#5450=CARTESIAN_POINT('Ctrl Pts',(497.7,-347.334518516503,1401.8785965801));
#5451=CARTESIAN_POINT('Ctrl Pts',(497.7,-347.539969431657,1401.98162881358));
#5452=CARTESIAN_POINT('Ctrl Pts',(497.7,-347.738912698648,1402.09039168578));
#5453=CARTESIAN_POINT('Ctrl Pts',(497.7,-347.947846617063,1402.20461647665));
#5454=CARTESIAN_POINT('Ctrl Pts',(497.7,-348.149602322743,1402.32516199473));
#5455=CARTESIAN_POINT('Ctrl Pts',(497.7,-348.344013677217,1402.45154687319));
#5456=CARTESIAN_POINT('Ctrl Pts',(497.7,-348.529452825796,1402.57209901027));
#5457=CARTESIAN_POINT('Ctrl Pts',(497.7,-348.708210150433,1402.69796355772));
#5458=CARTESIAN_POINT('Ctrl Pts',(497.7,-348.880187836579,1402.82869580122));
#5459=CARTESIAN_POINT('Ctrl Pts',(497.7,-349.052473847801,1402.95966242412));
#5460=CARTESIAN_POINT('Ctrl Pts',(497.7,-349.217955808671,1403.09551404146));
#5461=CARTESIAN_POINT('Ctrl Pts',(497.7,-349.376582135818,1403.23577975696));
#5462=CARTESIAN_POINT('Ctrl Pts',(497.7,-349.53563742408,1403.37642478237));
#5463=CARTESIAN_POINT('Ctrl Pts',(497.7,-349.687799886535,1403.5215076412));
#5464=CARTESIAN_POINT('Ctrl Pts',(497.7,-349.8330655885,1403.67053227788));
#5465=CARTESIAN_POINT('Ctrl Pts',(497.7,-349.978883964991,1403.82012389024));
#5466=CARTESIAN_POINT('Ctrl Pts',(497.7,-350.117752956508,1403.97368716113));
#5467=CARTESIAN_POINT('Ctrl Pts',(497.7,-350.24971779555,1404.13070144816));
#5468=CARTESIAN_POINT('Ctrl Pts',(497.7,-350.38235768885,1404.28851892765));
#5469=CARTESIAN_POINT('Ctrl Pts',(497.7,-350.508022585807,1404.4498226503));
#5470=CARTESIAN_POINT('Ctrl Pts',(497.7,-350.626808618805,1404.6140674411));
#5471=CARTESIAN_POINT('Ctrl Pts',(497.7,-350.746386785991,1404.77940751146));
#5472=CARTESIAN_POINT('Ctrl Pts',(497.7,-350.858994029833,1404.94772783519));
#5473=CARTESIAN_POINT('Ctrl Pts',(497.7,-350.964779466825,1405.11845814983));
#5474=CARTESIAN_POINT('Ctrl Pts',(497.7,-351.071465220669,1405.29064151306));
#5475=CARTESIAN_POINT('Ctrl Pts',(497.7,-351.171212567436,1405.4652758899));
#5476=CARTESIAN_POINT('Ctrl Pts',(497.7,-351.264226219973,1405.641764637));
#5477=CARTESIAN_POINT('Ctrl Pts',(497.7,-351.361953113267,1405.82719652237));
#5478=CARTESIAN_POINT('Ctrl Pts',(497.7,-351.452246259858,1406.01467533226));
#5479=CARTESIAN_POINT('Ctrl Pts',(497.7,-351.535403021356,1406.20349851507));
#5480=CARTESIAN_POINT('Ctrl Pts',(497.7,-351.61714413295,1406.38910719654));
#5481=CARTESIAN_POINT('Ctrl Pts',(497.7,-351.691990124123,1406.57601462817));
#5482=CARTESIAN_POINT('Ctrl Pts',(497.7,-351.760278723845,1406.76354664523));
#5483=CARTESIAN_POINT('Ctrl Pts',(497.7,-351.829743170335,1406.95430773592));
#5484=CARTESIAN_POINT('Ctrl Pts',(497.7,-351.892422558521,1407.14571489757));
#5485=CARTESIAN_POINT('Ctrl Pts',(497.7,-351.948727120788,1407.33705467721));
#5486=CARTESIAN_POINT('Ctrl Pts',(497.7,-352.006224906949,1407.53244938932));
#5487=CARTESIAN_POINT('Ctrl Pts',(497.7,-352.057074954961,1407.72777360126));
#5488=CARTESIAN_POINT('Ctrl Pts',(497.7,-352.101768957109,1407.92226692234));
#5489=CARTESIAN_POINT('Ctrl Pts',(497.7,-352.145496303307,1408.11255368064));
#5490=CARTESIAN_POINT('Ctrl Pts',(497.7,-352.18333155825,1408.30204489536));
#5491=CARTESIAN_POINT('Ctrl Pts',(497.7,-352.215781371198,1408.49003113444));
#5492=CARTESIAN_POINT('Ctrl Pts',(497.7,-352.227950051053,1408.56052597409));
#5493=CARTESIAN_POINT('Ctrl Pts',(497.7,-352.239361834329,1408.63080921943));
#5494=CARTESIAN_POINT('Ctrl Pts',(497.7,-352.250044924798,1408.70084364671));
#5495=CARTESIAN_POINT('Ctrl Pts',(497.7,-352.25072230763,1408.7052843204));
#5496=CARTESIAN_POINT('Ctrl Pts',(497.7,-352.251396876295,1408.7097247136));
#5497=CARTESIAN_POINT('Ctrl Pts',(497.7,-352.25207059706,1408.71417789113));
#5498=CARTESIAN_POINT('Ctrl Pts',(497.7,-352.27592409069,1408.87184535116));
#5499=CARTESIAN_POINT('Ctrl Pts',(497.7,-352.298063921883,1409.04125165035));
#5500=CARTESIAN_POINT('Ctrl Pts',(497.7,-352.317122457922,1409.22240178701));
#5501=CARTESIAN_POINT('Ctrl Pts',(497.7,-352.337037163019,1409.41168975447));
#5502=CARTESIAN_POINT('Ctrl Pts',(497.7,-352.353585694433,1409.61380245387));
#5503=CARTESIAN_POINT('Ctrl Pts',(497.7,-352.365160309317,1409.82871340565));
#5504=CARTESIAN_POINT('Ctrl Pts',(497.7,-352.375832394194,1410.02686668688));
#5505=CARTESIAN_POINT('Ctrl Pts',(497.7,-352.38227411308,1410.23590079698));
#5506=CARTESIAN_POINT('Ctrl Pts',(497.7,-352.383213752835,1410.45575037942));
#5507=CARTESIAN_POINT('Ctrl Pts',(497.7,-352.383293217447,1410.47434288947));
#5508=CARTESIAN_POINT('Ctrl Pts',(497.7,-352.383333333333,1410.49301271995));
#5509=CARTESIAN_POINT('Ctrl Pts',(497.7,-352.383333333333,1410.51175981333));
#5510=CARTESIAN_POINT('Ctrl Pts',(497.7,-352.383333333333,1412.14274353386));
#5511=CARTESIAN_POINT('Ctrl Pts',(497.7,-352.383333333333,1414.94048858847));
#5512=CARTESIAN_POINT('Ctrl Pts',(497.7,-352.383333333333,1416.73578685333));
#5513=CARTESIAN_POINT('Ctrl Pts',(497.7,-352.383333333333,1422.58431474133));
#5514=CARTESIAN_POINT('Ctrl Pts',(497.7,-348.484314741333,1426.48333333333));
#5515=CARTESIAN_POINT('Ctrl Pts',(497.7,-342.635786853333,1426.48333333333));
#5516=CARTESIAN_POINT('Ctrl Pts',(497.7,-340.235666472719,1426.48333333333));
#5517=CARTESIAN_POINT('Ctrl Pts',(497.7,-337.835536982517,1426.48333333333));
#5518=CARTESIAN_POINT('Ctrl Pts',(497.7,-335.435511904651,1426.48333333333));
#5519=CARTESIAN_POINT('Ctrl Pts',(497.7,-200.296725785028,1426.48333333333));
#5520=CARTESIAN_POINT('Ctrl Pts',(497.7,-65.4920320119553,1426.48333333333));
#5521=CARTESIAN_POINT('Ctrl Pts',(497.7,48.1785663079183,1426.48333333333));
#5522=CARTESIAN_POINT('Ctrl Pts',(497.7,105.013865467855,1426.48333333333));
#5523=CARTESIAN_POINT('Ctrl Pts',(497.7,156.565640764493,1426.48333333333));
#5524=CARTESIAN_POINT('Ctrl Pts',(497.7,200.233891809499,1426.48333333333));
#5525=CARTESIAN_POINT('Ctrl Pts',(497.7,211.150954570751,1426.48333333333));
#5526=CARTESIAN_POINT('Ctrl Pts',(497.7,221.575297066275,1426.48333333333));
#5527=CARTESIAN_POINT('Ctrl Pts',(497.7,231.466294290006,1426.48333333333));
#5528=CARTESIAN_POINT('Ctrl Pts',(497.7,235.175418248904,1426.48333333333));
#5529=CARTESIAN_POINT('Ctrl Pts',(497.7,238.809540528957,1426.48333333333));
#5530=CARTESIAN_POINT('Ctrl Pts',(497.7,242.366518795859,1426.48333333333));
#5531=CARTESIAN_POINT('Ctrl Pts',(497.7,242.755563293802,1426.48333333333));
#5532=CARTESIAN_POINT('Ctrl Pts',(497.7,243.143684926352,1426.48333333333));
#5533=CARTESIAN_POINT('Ctrl Pts',(497.7,243.530880890392,1426.48333333333));
#5534=CARTESIAN_POINT('Ctrl Pts',(497.7,243.721453903944,1426.48333333333));
#5535=CARTESIAN_POINT('Ctrl Pts',(497.7,243.911802675655,1426.48333333333));
#5536=CARTESIAN_POINT('Ctrl Pts',(497.7,244.101926871305,1426.48333333333));
#5537=CARTESIAN_POINT('Ctrl Pts',(497.7,244.123508154321,1426.48333333333));
#5538=CARTESIAN_POINT('Ctrl Pts',(497.7,244.145086543706,1426.48333333333));
#5539=CARTESIAN_POINT('Ctrl Pts',(497.7,244.166662038971,1426.48333333333));
#5540=CARTESIAN_POINT('Ctrl Pts',(497.7,244.186751443823,1426.48333333333));
#5541=CARTESIAN_POINT('Ctrl Pts',(497.7,244.20684768459,1426.48333333333));
#5542=CARTESIAN_POINT('Ctrl Pts',(497.7,244.226951777244,1426.48333333333));
#5543=CARTESIAN_POINT('Ctrl Pts',(497.7,268.34220252321,1426.48333333333));
#5544=CARTESIAN_POINT('Ctrl Pts',(497.7,303.271173396636,1426.48333333333));
#5545=CARTESIAN_POINT('Ctrl Pts',(497.7,345.616666666667,1426.48333333333));
#5546=CARTESIAN_POINT('Ctrl Pts',(497.7,346.212529641365,1426.48333333333));
#5547=CARTESIAN_POINT('Ctrl Pts',(497.7,346.8156318459,1426.47540206384));
#5548=CARTESIAN_POINT('Ctrl Pts',(497.7,347.42450218649,1426.45860045062));
#5549=CARTESIAN_POINT('Ctrl Pts',(497.7,348.010696798315,1426.44242456803));
#5550=CARTESIAN_POINT('Ctrl Pts',(497.7,348.602237671453,1426.41802660455));
#5551=CARTESIAN_POINT('Ctrl Pts',(497.7,349.19782421858,1426.38461602378));
#5552=CARTESIAN_POINT('Ctrl Pts',(497.7,349.775814686307,1426.35219252916));
#5553=CARTESIAN_POINT('Ctrl Pts',(497.7,350.357615115733,1426.31128098771));
#5554=CARTESIAN_POINT('Ctrl Pts',(497.7,350.942051620999,1426.26120623884));
#5555=CARTESIAN_POINT('Ctrl Pts',(497.7,351.512396519526,1426.21233886436));
#5556=CARTESIAN_POINT('Ctrl Pts',(497.7,352.08525174449,1426.15474475437));
#5557=CARTESIAN_POINT('Ctrl Pts',(497.7,352.659543181928,1426.08784354947));
#5558=CARTESIAN_POINT('Ctrl Pts',(497.7,353.222304675978,1426.02228550774));
#5559=CARTESIAN_POINT('Ctrl Pts',(497.7,353.786445149349,1425.94779027519));
#5560=CARTESIAN_POINT('Ctrl Pts',(497.7,354.35097255267,1425.86385858692));
#5561=CARTESIAN_POINT('Ctrl Pts',(497.7,354.905925264159,1425.78135042573));
#5562=CARTESIAN_POINT('Ctrl Pts',(497.7,355.46125176319,1425.68972314633));
#5563=CARTESIAN_POINT('Ctrl Pts',(497.7,356.016029844325,1425.58854894838));
#5564=CARTESIAN_POINT('Ctrl Pts',(497.7,356.562775965784,1425.48883952907));
#5565=CARTESIAN_POINT('Ctrl Pts',(497.7,357.108989316284,1425.37985759634));
#5566=CARTESIAN_POINT('Ctrl Pts',(497.7,357.653808796843,1425.26123976426));
#5567=CARTESIAN_POINT('Ctrl Pts',(497.7,358.22001047526,1425.13796661047));
#5568=CARTESIAN_POINT('Ctrl Pts',(497.7,358.784706366683,1425.00428588491));
#5569=CARTESIAN_POINT('Ctrl Pts',(497.7,359.346957422884,1424.85984436328));
#5570=CARTESIAN_POINT('Ctrl Pts',(497.7,359.891638133579,1424.71991663921));
#5571=CARTESIAN_POINT('Ctrl Pts',(497.7,360.434024396858,1424.56989032769));
#5572=CARTESIAN_POINT('Ctrl Pts',(497.7,360.973290133606,1424.4094959105));
#5573=CARTESIAN_POINT('Ctrl Pts',(497.7,361.495703816081,1424.25411381885));
#5574=CARTESIAN_POINT('Ctrl Pts',(497.7,362.015188953744,1424.08900167755));
#5575=CARTESIAN_POINT('Ctrl Pts',(497.7,362.531021099364,1423.91396119446));
#5576=CARTESIAN_POINT('Ctrl Pts',(497.7,363.036628123357,1423.74239046455));
#5577=CARTESIAN_POINT('Ctrl Pts',(497.7,363.538725504748,1423.56128119608));
#5578=CARTESIAN_POINT('Ctrl Pts',(497.7,364.036657360548,1423.37049046325));
#5579=CARTESIAN_POINT('Ctrl Pts',(497.7,364.531441293871,1423.18090590839));
#5580=CARTESIAN_POINT('Ctrl Pts',(497.7,365.022112115295,1422.98176192215));
#5581=CARTESIAN_POINT('Ctrl Pts',(497.7,365.508053594892,1422.77296136025));
#5582=CARTESIAN_POINT('Ctrl Pts',(497.7,365.991348689906,1422.56529790357));
#5583=CARTESIAN_POINT('Ctrl Pts',(497.7,366.46996572889,1422.34808277614));
#5584=CARTESIAN_POINT('Ctrl Pts',(497.7,366.943326874753,1422.12126301497));
#5585=CARTESIAN_POINT('Ctrl Pts',(497.7,367.414485516637,1421.89549862438));
#5586=CARTESIAN_POINT('Ctrl Pts',(497.7,367.880436980549,1421.66021879082));
#5587=CARTESIAN_POINT('Ctrl Pts',(497.7,368.340640896169,1421.41541336528));
#5588=CARTESIAN_POINT('Ctrl Pts',(497.7,368.799037581818,1421.17156929554));
#5589=CARTESIAN_POINT('Ctrl Pts',(497.7,369.251731693951,1420.91827432654));
#5590=CARTESIAN_POINT('Ctrl Pts',(497.7,369.698219674292,1420.65555994463));
#5591=CARTESIAN_POINT('Ctrl Pts',(497.7,370.143254281447,1420.39370073029));
#5592=CARTESIAN_POINT('Ctrl Pts',(497.7,370.582123019656,1420.1224833562));
#5593=CARTESIAN_POINT('Ctrl Pts',(497.7,371.01435871148,1419.84197992139));
#5594=CARTESIAN_POINT('Ctrl Pts',(497.7,371.445459254898,1419.56221315185));
#5595=CARTESIAN_POINT('Ctrl Pts',(497.7,371.869961474267,1419.27320906714));
#5596=CARTESIAN_POINT('Ctrl Pts',(497.7,372.287434328575,1418.97507948833));
#5597=CARTESIAN_POINT('Ctrl Pts',(497.7,372.7040593328,1418.67755538407));
#5598=CARTESIAN_POINT('Ctrl Pts',(497.7,373.113683426487,1418.37094285366));
#5599=CARTESIAN_POINT('Ctrl Pts',(497.7,373.515911619082,1418.05539266453));
#5600=CARTESIAN_POINT('Ctrl Pts',(497.7,373.917552193073,1417.74030346536));
#5601=CARTESIAN_POINT('Ctrl Pts',(497.7,374.311818394336,1417.41630274628));
#5602=CARTESIAN_POINT('Ctrl Pts',(497.7,374.698351333461,1417.0835795484));
#5603=CARTESIAN_POINT('Ctrl Pts',(497.7,375.084533002939,1416.75115871949));
#5604=CARTESIAN_POINT('Ctrl Pts',(497.7,375.462995397336,1416.41003130572));
#5605=CARTESIAN_POINT('Ctrl Pts',(497.7,375.833415899196,1416.06042404517));
#5606=CARTESIAN_POINT('Ctrl Pts',(497.7,376.203700232669,1415.71094530195));
#5607=CARTESIAN_POINT('Ctrl Pts',(497.7,376.565948526258,1415.35299299678));
#5608=CARTESIAN_POINT('Ctrl Pts',(497.7,376.919874713268,1414.9868310802));
#5609=CARTESIAN_POINT('Ctrl Pts',(497.7,377.27386076426,1414.62060723007));
#5610=CARTESIAN_POINT('Ctrl Pts',(497.7,377.619521837904,1414.24617104629));
#5611=CARTESIAN_POINT('Ctrl Pts',(497.7,377.956608796768,1413.86382329998));
#5612=CARTESIAN_POINT('Ctrl Pts',(497.7,378.293934375702,1413.48120489399));
#5613=CARTESIAN_POINT('Ctrl Pts',(497.7,378.622673644829,1413.09066377922));
#5614=CARTESIAN_POINT('Ctrl Pts',(497.7,378.942614869388,1412.69253725127));
#5615=CARTESIAN_POINT('Ctrl Pts',(497.7,379.262957652011,1412.29391103491));
#5616=CARTESIAN_POINT('Ctrl Pts',(497.7,379.574480243436,1411.8876804147));
#5617=CARTESIAN_POINT('Ctrl Pts',(497.7,379.877008878467,1411.47421901738));
#5618=CARTESIAN_POINT('Ctrl Pts',(497.7,380.18008735342,1411.060006162));
#5619=CARTESIAN_POINT('Ctrl Pts',(497.7,380.47413910562,1410.63853628757));
#5620=CARTESIAN_POINT('Ctrl Pts',(497.7,380.759029001839,1410.21021927185));
#5621=CARTESIAN_POINT('Ctrl Pts',(497.7,381.044603256432,1409.78087335921));
#5622=CARTESIAN_POINT('Ctrl Pts',(497.7,381.320971545438,1409.34464743842));
#5623=CARTESIAN_POINT('Ctrl Pts',(497.7,381.588038131209,1408.90198768567));
#5624=CARTESIAN_POINT('Ctrl Pts',(497.7,381.861595972341,1408.44856875283));
#5625=CARTESIAN_POINT('Ctrl Pts',(497.7,382.125394254317,1407.98839938601));
#5626=CARTESIAN_POINT('Ctrl Pts',(497.7,382.379374369378,1407.5219940025));
#5627=CARTESIAN_POINT('Ctrl Pts',(497.7,382.629540661109,1407.06259226859));
#5628=CARTESIAN_POINT('Ctrl Pts',(497.7,382.870181539005,1406.59714057492));
#5629=CARTESIAN_POINT('Ctrl Pts',(497.7,383.101283652513,1406.1261625932));
#5630=CARTESIAN_POINT('Ctrl Pts',(497.7,383.333445905965,1405.65302408355));
#5631=CARTESIAN_POINT('Ctrl Pts',(497.7,383.555981652539,1405.17430854687));
#5632=CARTESIAN_POINT('Ctrl Pts',(497.7,383.768920369915,1404.69057773505));
#5633=CARTESIAN_POINT('Ctrl Pts',(497.7,383.982995209601,1404.20426600523));
#5634=CARTESIAN_POINT('Ctrl Pts',(497.7,384.187370316829,1403.71288542302));
#5635=CARTESIAN_POINT('Ctrl Pts',(497.7,384.382119390763,1403.21703666205));
#5636=CARTESIAN_POINT('Ctrl Pts',(497.7,384.578067941859,1402.7181339237));
#5637=CARTESIAN_POINT('Ctrl Pts',(497.7,384.764271504264,1402.21470788433));
#5638=CARTESIAN_POINT('Ctrl Pts',(497.7,384.940849601992,1401.70739927754));
#5639=CARTESIAN_POINT('Ctrl Pts',(497.7,385.118677083665,1401.19650119258));
#5640=CARTESIAN_POINT('Ctrl Pts',(497.7,385.286742400076,1400.68166549493));
#5641=CARTESIAN_POINT('Ctrl Pts',(497.7,385.445212765304,1400.16357448413));
#5642=CARTESIAN_POINT('Ctrl Pts',(497.7,385.604967774536,1399.64128355551));
#5643=CARTESIAN_POINT('Ctrl Pts',(497.7,385.754971638133,1399.1156844178));
#5644=CARTESIAN_POINT('Ctrl Pts',(497.7,385.895441457279,1398.5875029046));
#5645=CARTESIAN_POINT('Ctrl Pts',(497.7,386.037214844796,1398.05441983519));
#5646=CARTESIAN_POINT('Ctrl Pts',(497.7,386.16927642192,1397.51870634091));
#5647=CARTESIAN_POINT('Ctrl Pts',(497.7,386.291895801665,1396.98113434792));
#5648=CARTESIAN_POINT('Ctrl Pts',(497.7,386.416580819916,1396.43450645031));
#5649=CARTESIAN_POINT('Ctrl Pts',(497.7,386.531502805914,1395.8859569962));
#5650=CARTESIAN_POINT('Ctrl Pts',(497.7,386.636993252213,1395.33632264455));
#5651=CARTESIAN_POINT('Ctrl Pts',(497.7,386.743769269302,1394.77999011413));
#5652=CARTESIAN_POINT('Ctrl Pts',(497.7,386.840882500332,1394.22254620341));
#5653=CARTESIAN_POINT('Ctrl Pts',(497.7,386.928725438321,1393.66488239153));
#5654=CARTESIAN_POINT('Ctrl Pts',(497.7,387.017795162256,1393.09943042794));
#5655=CARTESIAN_POINT('Ctrl Pts',(497.7,387.097333899637,1392.53375250943));
#5656=CARTESIAN_POINT('Ctrl Pts',(497.7,387.167800054571,1391.9688004607));
#5657=CARTESIAN_POINT('Ctrl Pts',(497.7,387.239401280781,1391.39474814471));
#5658=CARTESIAN_POINT('Ctrl Pts',(497.7,387.301635352241,1390.82144541595));
#5659=CARTESIAN_POINT('Ctrl Pts',(497.7,387.355032852559,1390.24991178811));
#5660=CARTESIAN_POINT('Ctrl Pts',(497.7,387.409988289816,1389.66170297239));
#5661=CARTESIAN_POINT('Ctrl Pts',(497.7,387.455584003449,1389.07536812938));
#5662=CARTESIAN_POINT('Ctrl Pts',(497.7,387.492450206465,1388.4920385663));
#5663=CARTESIAN_POINT('Ctrl Pts',(497.7,387.530062301956,1387.89690683497));
#5664=CARTESIAN_POINT('Ctrl Pts',(497.7,387.55858821556,1387.30490342134));
#5665=CARTESIAN_POINT('Ctrl Pts',(497.7,387.578749147735,1386.7172475339));
#5666=CARTESIAN_POINT('Ctrl Pts',(497.7,387.599620551342,1386.10888264765));
#5667=CARTESIAN_POINT('Ctrl Pts',(497.7,387.611527120086,1385.5051773138));
#5668=CARTESIAN_POINT('Ctrl Pts',(497.7,387.615322499734,1384.90750002244));
#5669=CARTESIAN_POINT('Ctrl Pts',(497.7,387.616222541612,1384.76576595598));
#5670=CARTESIAN_POINT('Ctrl Pts',(497.7,387.616666666667,1384.62437094212));
#5671=CARTESIAN_POINT('Ctrl Pts',(497.7,387.616666666667,1384.48333333333));
#5672=CARTESIAN_POINT('Origin',(497.7,317.616666666667,1267.98333333333));
#5673=CARTESIAN_POINT('',(497.7,317.616666666667,1354.11733333333));
#5674=CARTESIAN_POINT('',(497.7,317.616666666667,1267.98333333333));
#5675=CARTESIAN_POINT('Ctrl Pts',(497.7,317.616666666667,1354.11733333333));
#5676=CARTESIAN_POINT('Ctrl Pts',(471.06,317.616666666667,1354.11733333333));
#5677=CARTESIAN_POINT('Ctrl Pts',(497.7,317.616666666667,1366.34886733333));
#5678=CARTESIAN_POINT('Ctrl Pts',(471.06,317.616666666667,1366.34886733333));
#5679=CARTESIAN_POINT('Ctrl Pts',(497.7,310.391196005397,1373.04459768351));
#5680=CARTESIAN_POINT('Ctrl Pts',(471.06,310.391196005397,1373.04459768351));
#5681=CARTESIAN_POINT('Ctrl Pts',(497.7,298.170666666667,1373.56333333333));
#5682=CARTESIAN_POINT('Ctrl Pts',(471.06,298.170666666667,1373.56333333333));
#5683=CARTESIAN_POINT('Ctrl Pts',(497.7,84.5685154933341,1382.63029333333));
#5684=CARTESIAN_POINT('Ctrl Pts',(471.06,84.5685154933341,1382.63029333333));
#5685=CARTESIAN_POINT('Ctrl Pts',(497.7,-129.03363568,1391.69725333333));
#5686=CARTESIAN_POINT('Ctrl Pts',(471.06,-129.03363568,1391.69725333333));
#5687=CARTESIAN_POINT('Ctrl Pts',(497.7,-342.635786853333,1400.76421333333));
#5688=CARTESIAN_POINT('Ctrl Pts',(471.06,-342.635786853333,1400.76421333333));
#5689=CARTESIAN_POINT('Ctrl Pts',(497.7,-348.479052844637,1401.0122476285));
#5690=CARTESIAN_POINT('Ctrl Pts',(471.06,-348.479052844637,1401.0122476285));
#5691=CARTESIAN_POINT('Ctrl Pts',(497.7,-352.383333333333,1404.66323192533));
#5692=CARTESIAN_POINT('Ctrl Pts',(471.06,-352.383333333333,1404.66323192533));
#5693=CARTESIAN_POINT('Ctrl Pts',(497.7,-352.383333333333,1410.51175981333));
#5694=CARTESIAN_POINT('Ctrl Pts',(471.06,-352.383333333333,1410.51175981333));
#5695=CARTESIAN_POINT('Ctrl Pts',(497.7,-352.383333333333,1412.58643549333));
#5696=CARTESIAN_POINT('Ctrl Pts',(471.06,-352.383333333333,1412.58643549333));
#5697=CARTESIAN_POINT('Ctrl Pts',(497.7,-352.383333333333,1414.66111117333));
#5698=CARTESIAN_POINT('Ctrl Pts',(471.06,-352.383333333333,1414.66111117333));
#5699=CARTESIAN_POINT('Ctrl Pts',(497.7,-352.383333333333,1416.73578685333));
#5700=CARTESIAN_POINT('Ctrl Pts',(471.06,-352.383333333333,1416.73578685333));
#5701=CARTESIAN_POINT('Ctrl Pts',(497.7,-352.383333333333,1422.58431474133));
#5702=CARTESIAN_POINT('Ctrl Pts',(471.06,-352.383333333333,1422.58431474133));
#5703=CARTESIAN_POINT('Ctrl Pts',(497.7,-348.484314741333,1426.48333333333));
#5704=CARTESIAN_POINT('Ctrl Pts',(471.06,-348.484314741333,1426.48333333333));
#5705=CARTESIAN_POINT('Ctrl Pts',(497.7,-342.635786853333,1426.48333333333));
#5706=CARTESIAN_POINT('Ctrl Pts',(471.06,-342.635786853333,1426.48333333333));
#5707=CARTESIAN_POINT('Ctrl Pts',(497.7,-113.218302346666,1426.48333333333));
#5708=CARTESIAN_POINT('Ctrl Pts',(471.06,-113.218302346666,1426.48333333333));
#5709=CARTESIAN_POINT('Ctrl Pts',(497.7,116.19918216,1426.48333333333));
#5710=CARTESIAN_POINT('Ctrl Pts',(471.06,116.19918216,1426.48333333333));
#5711=CARTESIAN_POINT('Ctrl Pts',(497.7,345.616666666667,1426.48333333333));
#5712=CARTESIAN_POINT('Ctrl Pts',(471.06,345.616666666667,1426.48333333333));
#5713=CARTESIAN_POINT('Ctrl Pts',(497.7,372.034666666667,1426.48333333333));
#5714=CARTESIAN_POINT('Ctrl Pts',(471.06,372.034666666667,1426.48333333333));
#5715=CARTESIAN_POINT('Ctrl Pts',(497.7,387.616666666667,1410.90133333333));
#5716=CARTESIAN_POINT('Ctrl Pts',(471.06,387.616666666667,1410.90133333333));
#5717=CARTESIAN_POINT('Ctrl Pts',(497.7,387.616666666667,1384.48333333333));
#5718=CARTESIAN_POINT('Ctrl Pts',(471.06,387.616666666667,1384.48333333333));
#5719=CARTESIAN_POINT('',(497.7,387.616666666667,1384.48333333333));
#5720=CARTESIAN_POINT('Ctrl Pts',(497.7,387.616666666667,1384.48333333333));
#5721=CARTESIAN_POINT('Ctrl Pts',(471.06,387.616666666667,1384.48333333333));
#5722=CARTESIAN_POINT('Ctrl Pts',(497.7,372.061111111111,1384.48333333333));
#5723=CARTESIAN_POINT('Ctrl Pts',(471.06,372.061111111111,1384.48333333333));
#5724=CARTESIAN_POINT('Ctrl Pts',(497.7,356.505555555556,1384.48333333333));
#5725=CARTESIAN_POINT('Ctrl Pts',(471.06,356.505555555556,1384.48333333333));
#5726=CARTESIAN_POINT('Ctrl Pts',(497.7,340.95,1384.48333333333));
#5727=CARTESIAN_POINT('Ctrl Pts',(471.06,340.95,1384.48333333333));
#5728=CARTESIAN_POINT('Ctrl Pts',(497.7,339.72570634536,1384.48333333333));
#5729=CARTESIAN_POINT('Ctrl Pts',(471.06,339.72570634536,1384.48333333333));
#5730=CARTESIAN_POINT('Ctrl Pts',(497.7,338.860000000001,1383.61762698797));
#5731=CARTESIAN_POINT('Ctrl Pts',(471.06,338.860000000001,1383.61762698797));
#5732=CARTESIAN_POINT('Ctrl Pts',(497.7,338.86,1382.39333333333));
#5733=CARTESIAN_POINT('Ctrl Pts',(471.06,338.86,1382.39333333333));
#5734=CARTESIAN_POINT('Ctrl Pts',(497.7,338.86,1381.16903967869));
#5735=CARTESIAN_POINT('Ctrl Pts',(471.06,338.86,1381.16903967869));
#5736=CARTESIAN_POINT('Ctrl Pts',(497.7,339.72570634536,1380.30333333333));
#5737=CARTESIAN_POINT('Ctrl Pts',(471.06,339.72570634536,1380.30333333333));
#5738=CARTESIAN_POINT('Ctrl Pts',(497.7,340.95,1380.30333333333));
#5739=CARTESIAN_POINT('Ctrl Pts',(471.06,340.95,1380.30333333333));
#5740=CARTESIAN_POINT('',(497.7,340.95,1380.30333333333));
#5741=CARTESIAN_POINT('Origin',(497.7,340.95,1380.30333333333));
#5742=CARTESIAN_POINT('',(497.7,340.95,1370.16333333333));
#5743=CARTESIAN_POINT('Ctrl Pts',(497.7,340.95,1370.16333333333));
#5744=CARTESIAN_POINT('Ctrl Pts',(471.06,340.95,1370.16333333333));
#5745=CARTESIAN_POINT('Ctrl Pts',(497.7,339.72570634536,1370.16333333333));
#5746=CARTESIAN_POINT('Ctrl Pts',(471.06,339.72570634536,1370.16333333333));
#5747=CARTESIAN_POINT('Ctrl Pts',(497.7,338.860000000001,1369.29762698797));
#5748=CARTESIAN_POINT('Ctrl Pts',(471.06,338.860000000001,1369.29762698797));
#5749=CARTESIAN_POINT('Ctrl Pts',(497.7,338.86,1368.07333333333));
#5750=CARTESIAN_POINT('Ctrl Pts',(471.06,338.86,1368.07333333333));
#5751=CARTESIAN_POINT('Ctrl Pts',(497.7,338.86,1366.84903967869));
#5752=CARTESIAN_POINT('Ctrl Pts',(471.06,338.86,1366.84903967869));
#5753=CARTESIAN_POINT('Ctrl Pts',(497.7,339.72570634536,1365.98333333333));
#5754=CARTESIAN_POINT('Ctrl Pts',(471.06,339.72570634536,1365.98333333333));
#5755=CARTESIAN_POINT('Ctrl Pts',(497.7,340.95,1365.98333333333));
#5756=CARTESIAN_POINT('Ctrl Pts',(471.06,340.95,1365.98333333333));
#5757=CARTESIAN_POINT('Ctrl Pts',(497.7,352.505555555556,1365.98333333333));
#5758=CARTESIAN_POINT('Ctrl Pts',(471.06,352.505555555556,1365.98333333333));
#5759=CARTESIAN_POINT('Ctrl Pts',(497.7,364.061111111111,1365.98333333333));
#5760=CARTESIAN_POINT('Ctrl Pts',(471.06,364.061111111111,1365.98333333333));
#5761=CARTESIAN_POINT('Ctrl Pts',(497.7,375.616666666667,1365.98333333333));
#5762=CARTESIAN_POINT('Ctrl Pts',(471.06,375.616666666667,1365.98333333333));
#5763=CARTESIAN_POINT('',(497.7,375.616666666667,1365.98333333333));
#5764=CARTESIAN_POINT('Origin',(497.7,375.616666666667,1365.98333333333));
#5765=CARTESIAN_POINT('',(497.7,375.616666666667,1267.98333333333));
#5766=CARTESIAN_POINT('Origin',(497.7,375.616666666667,1267.98333333333));
#5767=CARTESIAN_POINT('Origin',(460.7,395.016666666667,1428.06833333333));
#5768=CARTESIAN_POINT('',(460.7,317.616666666667,1267.98333333333));
#5769=CARTESIAN_POINT('',(460.7,317.616666666667,1354.11733333333));
#5770=CARTESIAN_POINT('',(460.7,317.616666666667,1267.98333333333));
#5771=CARTESIAN_POINT('',(460.7,387.616666666667,1384.48333333333));
#5772=CARTESIAN_POINT('Ctrl Pts',(460.7,317.616666666667,1354.11733333333));
#5773=CARTESIAN_POINT('Ctrl Pts',(460.7,317.616666666667,1366.34886733333));
#5774=CARTESIAN_POINT('Ctrl Pts',(460.7,310.391196005397,1373.04459768351));
#5775=CARTESIAN_POINT('Ctrl Pts',(460.7,298.170666666667,1373.56333333333));
#5776=CARTESIAN_POINT('Ctrl Pts',(460.7,268.574167384024,1374.81964219381));
#5777=CARTESIAN_POINT('Ctrl Pts',(460.7,238.97765783618,1376.07595149002));
#5778=CARTESIAN_POINT('Ctrl Pts',(460.7,209.382580888619,1377.33219997537));
#5779=CARTESIAN_POINT('Ctrl Pts',(460.7,117.309773413555,1381.24049611321));
#5780=CARTESIAN_POINT('Ctrl Pts',(460.7,25.250832586072,1385.14820364115));
#5781=CARTESIAN_POINT('Ctrl Pts',(460.7,-66.7507876577727,1389.05347803144));
#5782=CARTESIAN_POINT('Ctrl Pts',(460.7,-112.751597779695,1391.00611522658));
#5783=CARTESIAN_POINT('Ctrl Pts',(460.7,-158.738077755708,1392.9581441373));
#5784=CARTESIAN_POINT('Ctrl Pts',(460.7,-204.704795843804,1394.90933419764));
#5785=CARTESIAN_POINT('Ctrl Pts',(460.7,-227.688154887852,1395.88492922781));
#5786=CARTESIAN_POINT('Ctrl Pts',(460.7,-250.666573459921,1396.86031454538));
#5787=CARTESIAN_POINT('Ctrl Pts',(460.7,-273.63937259226,1397.83546132961));
#5788=CARTESIAN_POINT('Ctrl Pts',(460.7,-285.12577215843,1398.32303472172));
#5789=CARTESIAN_POINT('Ctrl Pts',(460.7,-296.610766864667,1398.8105484805));
#5790=CARTESIAN_POINT('Ctrl Pts',(460.7,-308.094271840002,1399.29799900335));
#5791=CARTESIAN_POINT('Ctrl Pts',(460.7,-313.83602432767,1399.54172426477));
#5792=CARTESIAN_POINT('Ctrl Pts',(460.7,-319.577404382612,1399.78543371722));
#5793=CARTESIAN_POINT('Ctrl Pts',(460.7,-325.318401395958,1400.02912691035));
#5794=CARTESIAN_POINT('Ctrl Pts',(460.7,-328.188899902631,1400.15097350692));
#5795=CARTESIAN_POINT('Ctrl Pts',(460.7,-331.059302648905,1400.27281603866));
#5796=CARTESIAN_POINT('Ctrl Pts',(460.7,-333.929608308671,1400.39465444928));
#5797=CARTESIAN_POINT('Ctrl Pts',(460.7,-335.364761138554,1400.4555736546));
#5798=CARTESIAN_POINT('Ctrl Pts',(460.7,-336.79988969681,1400.51649182963));
#5799=CARTESIAN_POINT('Ctrl Pts',(460.7,-338.234993817675,1400.57740896735));
#5800=CARTESIAN_POINT('Ctrl Pts',(460.7,-338.952545878108,1400.60786753621));
#5801=CARTESIAN_POINT('Ctrl Pts',(460.7,-339.670091829193,1400.63832584574));
#5802=CARTESIAN_POINT('Ctrl Pts',(460.7,-340.38763165021,1400.66878389506));
#5803=CARTESIAN_POINT('Ctrl Pts',(460.7,-340.746401560718,1400.68401291972));
#5804=CARTESIAN_POINT('Ctrl Pts',(460.7,-341.10516993871,1400.69924187933));
#5805=CARTESIAN_POINT('Ctrl Pts',(460.7,-341.463936781594,1400.71447077377));
#5806=CARTESIAN_POINT('Ctrl Pts',(460.7,-341.643320203036,1400.722085221));
#5807=CARTESIAN_POINT('Ctrl Pts',(460.7,-341.822703240702,1400.72969965193));
#5808=CARTESIAN_POINT('Ctrl Pts',(460.7,-342.002085894267,1400.73731406656));
#5809=CARTESIAN_POINT('Ctrl Pts',(460.7,-342.024508725962,1400.73826586838));
#5810=CARTESIAN_POINT('Ctrl Pts',(460.7,-342.046931551656,1400.73921766996));
#5811=CARTESIAN_POINT('Ctrl Pts',(460.7,-342.069354371348,1400.74016947128));
#5812=CARTESIAN_POINT('Ctrl Pts',(460.7,-342.074886655918,1400.74040430507));
#5813=CARTESIAN_POINT('Ctrl Pts',(460.7,-342.080418940122,1400.74063913884));
#5814=CARTESIAN_POINT('Ctrl Pts',(460.7,-342.085951223961,1400.7408739726));
#5815=CARTESIAN_POINT('Ctrl Pts',(460.7,-342.088838377217,1400.74099652616));
#5816=CARTESIAN_POINT('Ctrl Pts',(460.7,-342.091725530373,1400.74111907971));
#5817=CARTESIAN_POINT('Ctrl Pts',(460.7,-342.09461268343,1400.74124163326));
#5818=CARTESIAN_POINT('Ctrl Pts',(460.7,-342.097125493298,1400.74134829673));
#5819=CARTESIAN_POINT('Ctrl Pts',(460.7,-342.099647620449,1400.7414553557));
#5820=CARTESIAN_POINT('Ctrl Pts',(460.7,-342.102181617043,1400.7415629185));
#5821=CARTESIAN_POINT('Ctrl Pts',(460.7,-342.249440305767,1400.74781373869));
#5822=CARTESIAN_POINT('Ctrl Pts',(460.7,-342.433862749255,1400.75564208175));
#5823=CARTESIAN_POINT('Ctrl Pts',(460.7,-342.635786853333,1400.76421333333));
#5824=CARTESIAN_POINT('Ctrl Pts',(460.7,-342.644711817063,1400.76459217918));
#5825=CARTESIAN_POINT('Ctrl Pts',(460.7,-342.654881334687,1400.7650334137));
#5826=CARTESIAN_POINT('Ctrl Pts',(460.7,-342.664027502195,1400.76543924992));
#5827=CARTESIAN_POINT('Ctrl Pts',(460.7,-342.668596120047,1400.76564196988));
#5828=CARTESIAN_POINT('Ctrl Pts',(460.7,-342.672909562429,1400.76583557231));
#5829=CARTESIAN_POINT('Ctrl Pts',(460.7,-342.676686007577,1400.76600640562));
#5830=CARTESIAN_POINT('Ctrl Pts',(460.7,-342.677734865367,1400.76605385232));
#5831=CARTESIAN_POINT('Ctrl Pts',(460.7,-342.678742302925,1400.76609953827));
#5832=CARTESIAN_POINT('Ctrl Pts',(460.7,-342.679702287381,1400.76614316249));
#5833=CARTESIAN_POINT('Ctrl Pts',(460.7,-342.680284348069,1400.76616961286));
#5834=CARTESIAN_POINT('Ctrl Pts',(460.7,-342.680848963716,1400.76619530523));
#5835=CARTESIAN_POINT('Ctrl Pts',(460.7,-342.681394789802,1400.76622017214));
#5836=CARTESIAN_POINT('Ctrl Pts',(460.7,-342.681831031309,1400.76624004656));
#5837=CARTESIAN_POINT('Ctrl Pts',(460.7,-342.682263559744,1400.76625977117));
#5838=CARTESIAN_POINT('Ctrl Pts',(460.7,-342.682697807049,1400.76627959341));
#5839=CARTESIAN_POINT('Ctrl Pts',(460.7,-342.960303808273,1400.77895157633));
#5840=CARTESIAN_POINT('Ctrl Pts',(460.7,-343.233503268152,1400.79932808091));
#5841=CARTESIAN_POINT('Ctrl Pts',(460.7,-343.501893562878,1400.82724742177));
#5842=CARTESIAN_POINT('Ctrl Pts',(460.7,-343.770326270075,1400.85517117458));
#5843=CARTESIAN_POINT('Ctrl Pts',(460.7,-344.033948090923,1400.89064001099));
#5844=CARTESIAN_POINT('Ctrl Pts',(460.7,-344.292385201346,1400.93344883104));
#5845=CARTESIAN_POINT('Ctrl Pts',(460.7,-344.550798908695,1400.97625377449));
#5846=CARTESIAN_POINT('Ctrl Pts',(460.7,-344.804028654281,1401.02639722459));
#5847=CARTESIAN_POINT('Ctrl Pts',(460.7,-345.051732634778,1401.08363294817));
#5848=CARTESIAN_POINT('Ctrl Pts',(460.7,-345.299369445572,1401.14085315118));
#5849=CARTESIAN_POINT('Ctrl Pts',(460.7,-345.541483310351,1401.20516162526));
#5850=CARTESIAN_POINT('Ctrl Pts',(460.7,-345.777767364435,1401.27627345328));
#5851=CARTESIAN_POINT('Ctrl Pts',(460.7,-346.01396802997,1401.34736018475));
#5852=CARTESIAN_POINT('Ctrl Pts',(460.7,-346.244342836237,1401.42524530575));
#5853=CARTESIAN_POINT('Ctrl Pts',(460.7,-346.46862243496,1401.50960773772));
#5854=CARTESIAN_POINT('Ctrl Pts',(460.7,-346.692832353831,1401.59394395972));
#5855=CARTESIAN_POINT('Ctrl Pts',(460.7,-346.910950705047,1401.68475330067));
#5856=CARTESIAN_POINT('Ctrl Pts',(460.7,-347.122747889649,1401.78168101738));
#5857=CARTESIAN_POINT('Ctrl Pts',(460.7,-347.334518516512,1401.8785965801));
#5858=CARTESIAN_POINT('Ctrl Pts',(460.7,-347.539969431665,1401.98162881359));
#5859=CARTESIAN_POINT('Ctrl Pts',(460.7,-347.738912698656,1402.09039168578));
#5860=CARTESIAN_POINT('Ctrl Pts',(460.7,-347.94784661707,1402.20461647665));
#5861=CARTESIAN_POINT('Ctrl Pts',(460.7,-348.14960232275,1402.32516199473));
#5862=CARTESIAN_POINT('Ctrl Pts',(460.7,-348.344013677224,1402.45154687319));
#5863=CARTESIAN_POINT('Ctrl Pts',(460.7,-348.529452825803,1402.57209901028));
#5864=CARTESIAN_POINT('Ctrl Pts',(460.7,-348.708210150439,1402.69796355773));
#5865=CARTESIAN_POINT('Ctrl Pts',(460.7,-348.880187836585,1402.82869580122));
#5866=CARTESIAN_POINT('Ctrl Pts',(460.7,-349.052473847807,1402.95966242413));
#5867=CARTESIAN_POINT('Ctrl Pts',(460.7,-349.217955808676,1403.09551404146));
#5868=CARTESIAN_POINT('Ctrl Pts',(460.7,-349.376582135823,1403.23577975696));
#5869=CARTESIAN_POINT('Ctrl Pts',(460.7,-349.535637424085,1403.37642478238));
#5870=CARTESIAN_POINT('Ctrl Pts',(460.7,-349.68779988654,1403.52150764121));
#5871=CARTESIAN_POINT('Ctrl Pts',(460.7,-349.833065588504,1403.67053227788));
#5872=CARTESIAN_POINT('Ctrl Pts',(460.7,-349.978883964995,1403.82012389024));
#5873=CARTESIAN_POINT('Ctrl Pts',(460.7,-350.117752956512,1403.97368716113));
#5874=CARTESIAN_POINT('Ctrl Pts',(460.7,-350.249717795554,1404.13070144817));
#5875=CARTESIAN_POINT('Ctrl Pts',(460.7,-350.382357688853,1404.28851892766));
#5876=CARTESIAN_POINT('Ctrl Pts',(460.7,-350.50802258581,1404.4498226503));
#5877=CARTESIAN_POINT('Ctrl Pts',(460.7,-350.626808618808,1404.6140674411));
#5878=CARTESIAN_POINT('Ctrl Pts',(460.7,-350.746386785993,1404.77940751146));
#5879=CARTESIAN_POINT('Ctrl Pts',(460.7,-350.858994029835,1404.9477278352));
#5880=CARTESIAN_POINT('Ctrl Pts',(460.7,-350.964779466828,1405.11845814984));
#5881=CARTESIAN_POINT('Ctrl Pts',(460.7,-351.071465220673,1405.29064151306));
#5882=CARTESIAN_POINT('Ctrl Pts',(460.7,-351.171212567439,1405.46527588991));
#5883=CARTESIAN_POINT('Ctrl Pts',(460.7,-351.264226219977,1405.64176463701));
#5884=CARTESIAN_POINT('Ctrl Pts',(460.7,-351.36195311327,1405.82719652238));
#5885=CARTESIAN_POINT('Ctrl Pts',(460.7,-351.452246259861,1406.01467533227));
#5886=CARTESIAN_POINT('Ctrl Pts',(460.7,-351.535403021359,1406.20349851508));
#5887=CARTESIAN_POINT('Ctrl Pts',(460.7,-351.617144132952,1406.38910719655));
#5888=CARTESIAN_POINT('Ctrl Pts',(460.7,-351.691990124125,1406.57601462817));
#5889=CARTESIAN_POINT('Ctrl Pts',(460.7,-351.760278723847,1406.76354664524));
#5890=CARTESIAN_POINT('Ctrl Pts',(460.7,-351.829743170337,1406.95430773593));
#5891=CARTESIAN_POINT('Ctrl Pts',(460.7,-351.892422558523,1407.14571489757));
#5892=CARTESIAN_POINT('Ctrl Pts',(460.7,-351.94872712079,1407.33705467722));
#5893=CARTESIAN_POINT('Ctrl Pts',(460.7,-352.00622490695,1407.53244938932));
#5894=CARTESIAN_POINT('Ctrl Pts',(460.7,-352.057074954963,1407.72777360126));
#5895=CARTESIAN_POINT('Ctrl Pts',(460.7,-352.10176895711,1407.92226692235));
#5896=CARTESIAN_POINT('Ctrl Pts',(460.7,-352.145496303308,1408.11255368065));
#5897=CARTESIAN_POINT('Ctrl Pts',(460.7,-352.183331558251,1408.30204489537));
#5898=CARTESIAN_POINT('Ctrl Pts',(460.7,-352.215781371199,1408.49003113444));
#5899=CARTESIAN_POINT('Ctrl Pts',(460.7,-352.227950051054,1408.56052597409));
#5900=CARTESIAN_POINT('Ctrl Pts',(460.7,-352.239361834329,1408.63080921944));
#5901=CARTESIAN_POINT('Ctrl Pts',(460.7,-352.250044924798,1408.70084364672));
#5902=CARTESIAN_POINT('Ctrl Pts',(460.7,-352.250722307576,1408.70528432004));
#5903=CARTESIAN_POINT('Ctrl Pts',(460.7,-352.251396876185,1408.70972471288));
#5904=CARTESIAN_POINT('Ctrl Pts',(460.7,-352.252070596896,1408.71417789005));
#5905=CARTESIAN_POINT('Ctrl Pts',(460.7,-352.275924090531,1408.87184535));
#5906=CARTESIAN_POINT('Ctrl Pts',(460.7,-352.298063921732,1409.04125164911));
#5907=CARTESIAN_POINT('Ctrl Pts',(460.7,-352.317122457784,1409.22240178569));
#5908=CARTESIAN_POINT('Ctrl Pts',(460.7,-352.337037162919,1409.41168975332));
#5909=CARTESIAN_POINT('Ctrl Pts',(460.7,-352.353585694368,1409.61380245291));
#5910=CARTESIAN_POINT('Ctrl Pts',(460.7,-352.365160309277,1409.8287134049));
#5911=CARTESIAN_POINT('Ctrl Pts',(460.7,-352.375832394165,1410.02686668611));
#5912=CARTESIAN_POINT('Ctrl Pts',(460.7,-352.382274113063,1410.23590079619));
#5913=CARTESIAN_POINT('Ctrl Pts',(460.7,-352.383213752832,1410.45575037861));
#5914=CARTESIAN_POINT('Ctrl Pts',(460.7,-352.383293217445,1410.47434288893));
#5915=CARTESIAN_POINT('Ctrl Pts',(460.7,-352.383333333333,1410.49301271968));
#5916=CARTESIAN_POINT('Ctrl Pts',(460.7,-352.383333333333,1410.51175981333));
#5917=CARTESIAN_POINT('Ctrl Pts',(460.7,-352.383333333333,1412.14274353386));
#5918=CARTESIAN_POINT('Ctrl Pts',(460.7,-352.383333333333,1414.94048858847));
#5919=CARTESIAN_POINT('Ctrl Pts',(460.7,-352.383333333333,1416.73578685333));
#5920=CARTESIAN_POINT('Ctrl Pts',(460.7,-352.383333333333,1416.74764055395));
#5921=CARTESIAN_POINT('Ctrl Pts',(460.7,-352.383317316742,1416.75948624628));
#5922=CARTESIAN_POINT('Ctrl Pts',(460.7,-352.383285299791,1416.77132391408));
#5923=CARTESIAN_POINT('Ctrl Pts',(460.7,-352.367520390873,1422.6001036589));
#5924=CARTESIAN_POINT('Ctrl Pts',(460.7,-348.47246104071,1426.48333333333));
#5925=CARTESIAN_POINT('Ctrl Pts',(460.7,-342.635786853333,1426.48333333333));
#5926=CARTESIAN_POINT('Ctrl Pts',(460.7,-340.235673561588,1426.48333333333));
#5927=CARTESIAN_POINT('Ctrl Pts',(460.7,-337.835551160315,1426.48333333333));
#5928=CARTESIAN_POINT('Ctrl Pts',(460.7,-335.435533170416,1426.48333333333));
#5929=CARTESIAN_POINT('Ctrl Pts',(460.7,-200.296743471449,1426.48333333333));
#5930=CARTESIAN_POINT('Ctrl Pts',(460.7,-65.4920450455109,1426.48333333333));
#5931=CARTESIAN_POINT('Ctrl Pts',(460.7,48.1785573641799,1426.48333333333));
#5932=CARTESIAN_POINT('Ctrl Pts',(460.7,105.013858569025,1426.48333333333));
#5933=CARTESIAN_POINT('Ctrl Pts',(460.7,156.565635769809,1426.48333333333));
#5934=CARTESIAN_POINT('Ctrl Pts',(460.7,200.233888373629,1426.48333333333));
#5935=CARTESIAN_POINT('Ctrl Pts',(460.7,211.150951524584,1426.48333333333));
#5936=CARTESIAN_POINT('Ctrl Pts',(460.7,221.575294388228,1426.48333333333));
#5937=CARTESIAN_POINT('Ctrl Pts',(460.7,231.466291955299,1426.48333333333));
#5938=CARTESIAN_POINT('Ctrl Pts',(460.7,235.17541604295,1426.48333333333));
#5939=CARTESIAN_POINT('Ctrl Pts',(460.7,238.809538448272,1426.48333333333));
#5940=CARTESIAN_POINT('Ctrl Pts',(460.7,242.366516836789,1426.48333333333));
#5941=CARTESIAN_POINT('Ctrl Pts',(460.7,242.755561348033,1426.48333333333));
#5942=CARTESIAN_POINT('Ctrl Pts',(460.7,243.143682993841,1426.48333333333));
#5943=CARTESIAN_POINT('Ctrl Pts',(460.7,243.530878971095,1426.48333333333));
#5944=CARTESIAN_POINT('Ctrl Pts',(460.7,243.72145199115,1426.48333333333));
#5945=CARTESIAN_POINT('Ctrl Pts',(460.7,243.911800769354,1426.48333333333));
#5946=CARTESIAN_POINT('Ctrl Pts',(460.7,244.101924971486,1426.48333333333));
#5947=CARTESIAN_POINT('Ctrl Pts',(460.7,244.123506355684,1426.48333333333));
#5948=CARTESIAN_POINT('Ctrl Pts',(460.7,244.145084846225,1426.48333333333));
#5949=CARTESIAN_POINT('Ctrl Pts',(460.7,244.166660442618,1426.48333333333));
#5950=CARTESIAN_POINT('Ctrl Pts',(460.7,244.186750280117,1426.48333333333));
#5951=CARTESIAN_POINT('Ctrl Pts',(460.7,244.206846952806,1426.48333333333));
#5952=CARTESIAN_POINT('Ctrl Pts',(460.7,244.226951478216,1426.48333333333));
#5953=CARTESIAN_POINT('Ctrl Pts',(460.7,268.342202234464,1426.48333333333));
#5954=CARTESIAN_POINT('Ctrl Pts',(460.7,303.271173221608,1426.48333333333));
#5955=CARTESIAN_POINT('Ctrl Pts',(460.7,345.616666666667,1426.48333333333));
#5956=CARTESIAN_POINT('Ctrl Pts',(460.7,346.212529641365,1426.48333333333));
#5957=CARTESIAN_POINT('Ctrl Pts',(460.7,346.8156318459,1426.47540206384));
#5958=CARTESIAN_POINT('Ctrl Pts',(460.7,347.42450218649,1426.45860045062));
#5959=CARTESIAN_POINT('Ctrl Pts',(460.7,348.010696798315,1426.44242456803));
#5960=CARTESIAN_POINT('Ctrl Pts',(460.7,348.602237671453,1426.41802660455));
#5961=CARTESIAN_POINT('Ctrl Pts',(460.7,349.19782421858,1426.38461602378));
#5962=CARTESIAN_POINT('Ctrl Pts',(460.7,349.775814686307,1426.35219252916));
#5963=CARTESIAN_POINT('Ctrl Pts',(460.7,350.357615115733,1426.31128098771));
#5964=CARTESIAN_POINT('Ctrl Pts',(460.7,350.942051620999,1426.26120623884));
#5965=CARTESIAN_POINT('Ctrl Pts',(460.7,351.512396519526,1426.21233886436));
#5966=CARTESIAN_POINT('Ctrl Pts',(460.7,352.08525174449,1426.15474475437));
#5967=CARTESIAN_POINT('Ctrl Pts',(460.7,352.659543181928,1426.08784354947));
#5968=CARTESIAN_POINT('Ctrl Pts',(460.7,353.222304675978,1426.02228550774));
#5969=CARTESIAN_POINT('Ctrl Pts',(460.7,353.786445149349,1425.94779027519));
#5970=CARTESIAN_POINT('Ctrl Pts',(460.7,354.35097255267,1425.86385858692));
#5971=CARTESIAN_POINT('Ctrl Pts',(460.7,354.905925264159,1425.78135042573));
#5972=CARTESIAN_POINT('Ctrl Pts',(460.7,355.46125176319,1425.68972314633));
#5973=CARTESIAN_POINT('Ctrl Pts',(460.7,356.016029844325,1425.58854894838));
#5974=CARTESIAN_POINT('Ctrl Pts',(460.7,356.562775965784,1425.48883952907));
#5975=CARTESIAN_POINT('Ctrl Pts',(460.7,357.108989316284,1425.37985759634));
#5976=CARTESIAN_POINT('Ctrl Pts',(460.7,357.653808796843,1425.26123976426));
#5977=CARTESIAN_POINT('Ctrl Pts',(460.7,358.22001047526,1425.13796661047));
#5978=CARTESIAN_POINT('Ctrl Pts',(460.7,358.784706366683,1425.00428588491));
#5979=CARTESIAN_POINT('Ctrl Pts',(460.7,359.346957422884,1424.85984436328));
#5980=CARTESIAN_POINT('Ctrl Pts',(460.7,359.891638133579,1424.71991663921));
#5981=CARTESIAN_POINT('Ctrl Pts',(460.7,360.434024396858,1424.56989032769));
#5982=CARTESIAN_POINT('Ctrl Pts',(460.7,360.973290133606,1424.4094959105));
#5983=CARTESIAN_POINT('Ctrl Pts',(460.7,361.495703816081,1424.25411381885));
#5984=CARTESIAN_POINT('Ctrl Pts',(460.7,362.015188953744,1424.08900167755));
#5985=CARTESIAN_POINT('Ctrl Pts',(460.7,362.531021099364,1423.91396119446));
#5986=CARTESIAN_POINT('Ctrl Pts',(460.7,363.036628123357,1423.74239046455));
#5987=CARTESIAN_POINT('Ctrl Pts',(460.7,363.538725504748,1423.56128119608));
#5988=CARTESIAN_POINT('Ctrl Pts',(460.7,364.036657360548,1423.37049046325));
#5989=CARTESIAN_POINT('Ctrl Pts',(460.7,364.531441293871,1423.18090590839));
#5990=CARTESIAN_POINT('Ctrl Pts',(460.7,365.022112115295,1422.98176192215));
#5991=CARTESIAN_POINT('Ctrl Pts',(460.7,365.508053594892,1422.77296136025));
#5992=CARTESIAN_POINT('Ctrl Pts',(460.7,365.991348689906,1422.56529790357));
#5993=CARTESIAN_POINT('Ctrl Pts',(460.7,366.46996572889,1422.34808277614));
#5994=CARTESIAN_POINT('Ctrl Pts',(460.7,366.943326874753,1422.12126301497));
#5995=CARTESIAN_POINT('Ctrl Pts',(460.7,367.414485516637,1421.89549862438));
#5996=CARTESIAN_POINT('Ctrl Pts',(460.7,367.880436980549,1421.66021879082));
#5997=CARTESIAN_POINT('Ctrl Pts',(460.7,368.340640896169,1421.41541336528));
#5998=CARTESIAN_POINT('Ctrl Pts',(460.7,368.799037581818,1421.17156929554));
#5999=CARTESIAN_POINT('Ctrl Pts',(460.7,369.251731693951,1420.91827432654));
#6000=CARTESIAN_POINT('Ctrl Pts',(460.7,369.698219674292,1420.65555994463));
#6001=CARTESIAN_POINT('Ctrl Pts',(460.7,370.143254281447,1420.39370073029));
#6002=CARTESIAN_POINT('Ctrl Pts',(460.7,370.582123019656,1420.1224833562));
#6003=CARTESIAN_POINT('Ctrl Pts',(460.7,371.01435871148,1419.84197992139));
#6004=CARTESIAN_POINT('Ctrl Pts',(460.7,371.445459254898,1419.56221315185));
#6005=CARTESIAN_POINT('Ctrl Pts',(460.7,371.869961474267,1419.27320906714));
#6006=CARTESIAN_POINT('Ctrl Pts',(460.7,372.287434328575,1418.97507948833));
#6007=CARTESIAN_POINT('Ctrl Pts',(460.7,372.7040593328,1418.67755538407));
#6008=CARTESIAN_POINT('Ctrl Pts',(460.7,373.113683426487,1418.37094285366));
#6009=CARTESIAN_POINT('Ctrl Pts',(460.7,373.515911619082,1418.05539266453));
#6010=CARTESIAN_POINT('Ctrl Pts',(460.7,373.917552193073,1417.74030346536));
#6011=CARTESIAN_POINT('Ctrl Pts',(460.7,374.311818394336,1417.41630274628));
#6012=CARTESIAN_POINT('Ctrl Pts',(460.7,374.698351333461,1417.0835795484));
#6013=CARTESIAN_POINT('Ctrl Pts',(460.7,375.084533002939,1416.75115871949));
#6014=CARTESIAN_POINT('Ctrl Pts',(460.7,375.462995397336,1416.41003130572));
#6015=CARTESIAN_POINT('Ctrl Pts',(460.7,375.833415899196,1416.06042404517));
#6016=CARTESIAN_POINT('Ctrl Pts',(460.7,376.203700232669,1415.71094530195));
#6017=CARTESIAN_POINT('Ctrl Pts',(460.7,376.565948526258,1415.35299299678));
#6018=CARTESIAN_POINT('Ctrl Pts',(460.7,376.919874713268,1414.9868310802));
#6019=CARTESIAN_POINT('Ctrl Pts',(460.7,377.27386076426,1414.62060723007));
#6020=CARTESIAN_POINT('Ctrl Pts',(460.7,377.619521837904,1414.24617104629));
#6021=CARTESIAN_POINT('Ctrl Pts',(460.7,377.956608796768,1413.86382329998));
#6022=CARTESIAN_POINT('Ctrl Pts',(460.7,378.293934375702,1413.48120489399));
#6023=CARTESIAN_POINT('Ctrl Pts',(460.7,378.622673644829,1413.09066377922));
#6024=CARTESIAN_POINT('Ctrl Pts',(460.7,378.942614869388,1412.69253725127));
#6025=CARTESIAN_POINT('Ctrl Pts',(460.7,379.262957652011,1412.29391103491));
#6026=CARTESIAN_POINT('Ctrl Pts',(460.7,379.574480243436,1411.8876804147));
#6027=CARTESIAN_POINT('Ctrl Pts',(460.7,379.877008878467,1411.47421901738));
#6028=CARTESIAN_POINT('Ctrl Pts',(460.7,380.18008735342,1411.060006162));
#6029=CARTESIAN_POINT('Ctrl Pts',(460.7,380.47413910562,1410.63853628757));
#6030=CARTESIAN_POINT('Ctrl Pts',(460.7,380.759029001839,1410.21021927185));
#6031=CARTESIAN_POINT('Ctrl Pts',(460.7,381.044603256432,1409.78087335921));
#6032=CARTESIAN_POINT('Ctrl Pts',(460.7,381.320971545438,1409.34464743842));
#6033=CARTESIAN_POINT('Ctrl Pts',(460.7,381.588038131209,1408.90198768567));
#6034=CARTESIAN_POINT('Ctrl Pts',(460.7,381.861595972341,1408.44856875283));
#6035=CARTESIAN_POINT('Ctrl Pts',(460.7,382.125394254317,1407.98839938601));
#6036=CARTESIAN_POINT('Ctrl Pts',(460.7,382.379374369378,1407.5219940025));
#6037=CARTESIAN_POINT('Ctrl Pts',(460.7,382.629540661109,1407.06259226859));
#6038=CARTESIAN_POINT('Ctrl Pts',(460.7,382.870181539005,1406.59714057492));
#6039=CARTESIAN_POINT('Ctrl Pts',(460.7,383.101283652513,1406.1261625932));
#6040=CARTESIAN_POINT('Ctrl Pts',(460.7,383.333445905965,1405.65302408355));
#6041=CARTESIAN_POINT('Ctrl Pts',(460.7,383.555981652539,1405.17430854687));
#6042=CARTESIAN_POINT('Ctrl Pts',(460.7,383.768920369915,1404.69057773505));
#6043=CARTESIAN_POINT('Ctrl Pts',(460.7,383.982995209601,1404.20426600523));
#6044=CARTESIAN_POINT('Ctrl Pts',(460.7,384.187370316829,1403.71288542302));
#6045=CARTESIAN_POINT('Ctrl Pts',(460.7,384.382119390763,1403.21703666205));
#6046=CARTESIAN_POINT('Ctrl Pts',(460.7,384.578067941859,1402.7181339237));
#6047=CARTESIAN_POINT('Ctrl Pts',(460.7,384.764271504264,1402.21470788433));
#6048=CARTESIAN_POINT('Ctrl Pts',(460.7,384.940849601992,1401.70739927754));
#6049=CARTESIAN_POINT('Ctrl Pts',(460.7,385.118677083665,1401.19650119258));
#6050=CARTESIAN_POINT('Ctrl Pts',(460.7,385.286742400076,1400.68166549493));
#6051=CARTESIAN_POINT('Ctrl Pts',(460.7,385.445212765304,1400.16357448413));
#6052=CARTESIAN_POINT('Ctrl Pts',(460.7,385.604967774536,1399.64128355551));
#6053=CARTESIAN_POINT('Ctrl Pts',(460.7,385.754971638133,1399.1156844178));
#6054=CARTESIAN_POINT('Ctrl Pts',(460.7,385.895441457279,1398.5875029046));
#6055=CARTESIAN_POINT('Ctrl Pts',(460.7,386.037214844796,1398.05441983519));
#6056=CARTESIAN_POINT('Ctrl Pts',(460.7,386.16927642192,1397.51870634091));
#6057=CARTESIAN_POINT('Ctrl Pts',(460.7,386.291895801665,1396.98113434792));
#6058=CARTESIAN_POINT('Ctrl Pts',(460.7,386.416580819916,1396.43450645031));
#6059=CARTESIAN_POINT('Ctrl Pts',(460.7,386.531502805914,1395.8859569962));
#6060=CARTESIAN_POINT('Ctrl Pts',(460.7,386.636993252213,1395.33632264455));
#6061=CARTESIAN_POINT('Ctrl Pts',(460.7,386.743769269302,1394.77999011413));
#6062=CARTESIAN_POINT('Ctrl Pts',(460.7,386.840882500332,1394.22254620341));
#6063=CARTESIAN_POINT('Ctrl Pts',(460.7,386.928725438321,1393.66488239153));
#6064=CARTESIAN_POINT('Ctrl Pts',(460.7,387.017795162256,1393.09943042794));
#6065=CARTESIAN_POINT('Ctrl Pts',(460.7,387.097333899637,1392.53375250943));
#6066=CARTESIAN_POINT('Ctrl Pts',(460.7,387.167800054571,1391.9688004607));
#6067=CARTESIAN_POINT('Ctrl Pts',(460.7,387.239401280781,1391.39474814471));
#6068=CARTESIAN_POINT('Ctrl Pts',(460.7,387.301635352241,1390.82144541595));
#6069=CARTESIAN_POINT('Ctrl Pts',(460.7,387.355032852559,1390.24991178811));
#6070=CARTESIAN_POINT('Ctrl Pts',(460.7,387.409988289816,1389.66170297239));
#6071=CARTESIAN_POINT('Ctrl Pts',(460.7,387.455584003449,1389.07536812938));
#6072=CARTESIAN_POINT('Ctrl Pts',(460.7,387.492450206465,1388.4920385663));
#6073=CARTESIAN_POINT('Ctrl Pts',(460.7,387.530062301956,1387.89690683497));
#6074=CARTESIAN_POINT('Ctrl Pts',(460.7,387.55858821556,1387.30490342134));
#6075=CARTESIAN_POINT('Ctrl Pts',(460.7,387.578749147735,1386.7172475339));
#6076=CARTESIAN_POINT('Ctrl Pts',(460.7,387.599620551342,1386.10888264765));
#6077=CARTESIAN_POINT('Ctrl Pts',(460.7,387.611527120086,1385.5051773138));
#6078=CARTESIAN_POINT('Ctrl Pts',(460.7,387.615322499734,1384.90750002244));
#6079=CARTESIAN_POINT('Ctrl Pts',(460.7,387.616222541612,1384.76576595598));
#6080=CARTESIAN_POINT('Ctrl Pts',(460.7,387.616666666667,1384.62437094212));
#6081=CARTESIAN_POINT('Ctrl Pts',(460.7,387.616666666667,1384.48333333333));
#6082=CARTESIAN_POINT('',(460.7,340.95,1380.30333333333));
#6083=CARTESIAN_POINT('Ctrl Pts',(460.7,387.616666666667,1384.48333333333));
#6084=CARTESIAN_POINT('Ctrl Pts',(460.7,372.061111111111,1384.48333333333));
#6085=CARTESIAN_POINT('Ctrl Pts',(460.7,356.505555555556,1384.48333333333));
#6086=CARTESIAN_POINT('Ctrl Pts',(460.7,340.95,1384.48333333333));
#6087=CARTESIAN_POINT('Ctrl Pts',(460.7,339.72570634536,1384.48333333333));
#6088=CARTESIAN_POINT('Ctrl Pts',(460.7,338.860000000001,1383.61762698797));
#6089=CARTESIAN_POINT('Ctrl Pts',(460.7,338.86,1382.39333333333));
#6090=CARTESIAN_POINT('Ctrl Pts',(460.7,338.86,1381.16903967869));
#6091=CARTESIAN_POINT('Ctrl Pts',(460.7,339.72570634536,1380.30333333333));
#6092=CARTESIAN_POINT('Ctrl Pts',(460.7,340.95,1380.30333333333));
#6093=CARTESIAN_POINT('',(460.7,340.95,1370.16333333333));
#6094=CARTESIAN_POINT('',(460.7,340.95,1380.30333333333));
#6095=CARTESIAN_POINT('',(460.7,375.616666666667,1365.98333333333));
#6096=CARTESIAN_POINT('Ctrl Pts',(460.7,340.95,1370.16333333333));
#6097=CARTESIAN_POINT('Ctrl Pts',(460.7,339.72570634536,1370.16333333333));
#6098=CARTESIAN_POINT('Ctrl Pts',(460.7,338.860000000001,1369.29762698797));
#6099=CARTESIAN_POINT('Ctrl Pts',(460.7,338.86,1368.07333333333));
#6100=CARTESIAN_POINT('Ctrl Pts',(460.7,338.86,1366.84903967869));
#6101=CARTESIAN_POINT('Ctrl Pts',(460.7,339.72570634536,1365.98333333333));
#6102=CARTESIAN_POINT('Ctrl Pts',(460.7,340.95,1365.98333333333));
#6103=CARTESIAN_POINT('Ctrl Pts',(460.7,352.505555555556,1365.98333333333));
#6104=CARTESIAN_POINT('Ctrl Pts',(460.7,364.061111111111,1365.98333333333));
#6105=CARTESIAN_POINT('Ctrl Pts',(460.7,375.616666666667,1365.98333333333));
#6106=CARTESIAN_POINT('',(460.7,375.616666666667,1267.98333333333));
#6107=CARTESIAN_POINT('',(460.7,375.616666666667,1365.98333333333));
#6108=CARTESIAN_POINT('',(460.7,375.616666666667,1267.98333333333));
#6109=CARTESIAN_POINT('Origin',(479.2,395.016666666667,1428.06833333333));
#6110=CARTESIAN_POINT('',(479.2,317.616666666667,1267.98333333333));
#6111=CARTESIAN_POINT('',(479.2,317.616666666667,1354.11733333333));
#6112=CARTESIAN_POINT('',(479.2,317.616666666667,1267.98333333333));
#6113=CARTESIAN_POINT('',(479.2,375.616666666667,1267.98333333333));
#6114=CARTESIAN_POINT('',(479.2,375.616666666667,1267.98333333333));
#6115=CARTESIAN_POINT('',(479.2,375.616666666667,1365.98333333333));
#6116=CARTESIAN_POINT('',(479.2,375.616666666667,1365.98333333333));
#6117=CARTESIAN_POINT('',(479.2,340.95,1370.16333333333));
#6118=CARTESIAN_POINT('Ctrl Pts',(479.2,340.95,1370.16333333333));
#6119=CARTESIAN_POINT('Ctrl Pts',(479.2,339.72570634536,1370.16333333333));
#6120=CARTESIAN_POINT('Ctrl Pts',(479.2,338.860000000001,1369.29762698797));
#6121=CARTESIAN_POINT('Ctrl Pts',(479.2,338.86,1368.07333333333));
#6122=CARTESIAN_POINT('Ctrl Pts',(479.2,338.86,1366.84903967869));
#6123=CARTESIAN_POINT('Ctrl Pts',(479.2,339.72570634536,1365.98333333333));
#6124=CARTESIAN_POINT('Ctrl Pts',(479.2,340.95,1365.98333333333));
#6125=CARTESIAN_POINT('Ctrl Pts',(479.2,352.505555555556,1365.98333333333));
#6126=CARTESIAN_POINT('Ctrl Pts',(479.2,364.061111111111,1365.98333333333));
#6127=CARTESIAN_POINT('Ctrl Pts',(479.2,375.616666666667,1365.98333333333));
#6128=CARTESIAN_POINT('',(479.2,340.95,1380.30333333333));
#6129=CARTESIAN_POINT('',(479.2,340.95,1380.30333333333));
#6130=CARTESIAN_POINT('',(479.2,387.616666666667,1384.48333333333));
#6131=CARTESIAN_POINT('Ctrl Pts',(479.2,387.616666666667,1384.48333333333));
#6132=CARTESIAN_POINT('Ctrl Pts',(479.2,372.061111111111,1384.48333333333));
#6133=CARTESIAN_POINT('Ctrl Pts',(479.2,356.505555555556,1384.48333333333));
#6134=CARTESIAN_POINT('Ctrl Pts',(479.2,340.95,1384.48333333333));
#6135=CARTESIAN_POINT('Ctrl Pts',(479.2,339.72570634536,1384.48333333333));
#6136=CARTESIAN_POINT('Ctrl Pts',(479.2,338.860000000001,1383.61762698797));
#6137=CARTESIAN_POINT('Ctrl Pts',(479.2,338.86,1382.39333333333));
#6138=CARTESIAN_POINT('Ctrl Pts',(479.2,338.86,1381.16903967869));
#6139=CARTESIAN_POINT('Ctrl Pts',(479.2,339.72570634536,1380.30333333333));
#6140=CARTESIAN_POINT('Ctrl Pts',(479.2,340.95,1380.30333333333));
#6141=CARTESIAN_POINT('Ctrl Pts',(479.2,317.616666666667,1354.11733333333));
#6142=CARTESIAN_POINT('Ctrl Pts',(479.2,317.616666666667,1366.34886733333));
#6143=CARTESIAN_POINT('Ctrl Pts',(479.2,310.391196005397,1373.04459768351));
#6144=CARTESIAN_POINT('Ctrl Pts',(479.2,298.170666666667,1373.56333333333));
#6145=CARTESIAN_POINT('Ctrl Pts',(479.2,268.574167384024,1374.81964219381));
#6146=CARTESIAN_POINT('Ctrl Pts',(479.2,238.97765783618,1376.07595149002));
#6147=CARTESIAN_POINT('Ctrl Pts',(479.2,209.382580888619,1377.33219997537));
#6148=CARTESIAN_POINT('Ctrl Pts',(479.2,117.309773413555,1381.24049611321));
#6149=CARTESIAN_POINT('Ctrl Pts',(479.2,25.250832586072,1385.14820364115));
#6150=CARTESIAN_POINT('Ctrl Pts',(479.2,-66.7507876577727,1389.05347803144));
#6151=CARTESIAN_POINT('Ctrl Pts',(479.2,-112.751597779695,1391.00611522658));
#6152=CARTESIAN_POINT('Ctrl Pts',(479.2,-158.738077755708,1392.9581441373));
#6153=CARTESIAN_POINT('Ctrl Pts',(479.2,-204.704795843804,1394.90933419764));
#6154=CARTESIAN_POINT('Ctrl Pts',(479.2,-227.688154887852,1395.88492922781));
#6155=CARTESIAN_POINT('Ctrl Pts',(479.2,-250.666573459921,1396.86031454538));
#6156=CARTESIAN_POINT('Ctrl Pts',(479.2,-273.63937259226,1397.83546132961));
#6157=CARTESIAN_POINT('Ctrl Pts',(479.2,-285.12577215843,1398.32303472172));
#6158=CARTESIAN_POINT('Ctrl Pts',(479.2,-296.610766864667,1398.8105484805));
#6159=CARTESIAN_POINT('Ctrl Pts',(479.2,-308.094271840002,1399.29799900335));
#6160=CARTESIAN_POINT('Ctrl Pts',(479.2,-313.83602432767,1399.54172426477));
#6161=CARTESIAN_POINT('Ctrl Pts',(479.2,-319.577404382612,1399.78543371722));
#6162=CARTESIAN_POINT('Ctrl Pts',(479.2,-325.318401395958,1400.02912691035));
#6163=CARTESIAN_POINT('Ctrl Pts',(479.2,-328.188899902631,1400.15097350692));
#6164=CARTESIAN_POINT('Ctrl Pts',(479.2,-331.059302648905,1400.27281603866));
#6165=CARTESIAN_POINT('Ctrl Pts',(479.2,-333.929608308671,1400.39465444928));
#6166=CARTESIAN_POINT('Ctrl Pts',(479.2,-335.364761138554,1400.4555736546));
#6167=CARTESIAN_POINT('Ctrl Pts',(479.2,-336.79988969681,1400.51649182963));
#6168=CARTESIAN_POINT('Ctrl Pts',(479.2,-338.234993817675,1400.57740896735));
#6169=CARTESIAN_POINT('Ctrl Pts',(479.2,-338.952545878108,1400.60786753621));
#6170=CARTESIAN_POINT('Ctrl Pts',(479.2,-339.670091829193,1400.63832584574));
#6171=CARTESIAN_POINT('Ctrl Pts',(479.2,-340.38763165021,1400.66878389506));
#6172=CARTESIAN_POINT('Ctrl Pts',(479.2,-340.746401560718,1400.68401291972));
#6173=CARTESIAN_POINT('Ctrl Pts',(479.2,-341.10516993871,1400.69924187933));
#6174=CARTESIAN_POINT('Ctrl Pts',(479.2,-341.463936781594,1400.71447077377));
#6175=CARTESIAN_POINT('Ctrl Pts',(479.2,-341.643320203036,1400.722085221));
#6176=CARTESIAN_POINT('Ctrl Pts',(479.2,-341.822703240702,1400.72969965193));
#6177=CARTESIAN_POINT('Ctrl Pts',(479.2,-342.002085894267,1400.73731406656));
#6178=CARTESIAN_POINT('Ctrl Pts',(479.2,-342.024508725962,1400.73826586838));
#6179=CARTESIAN_POINT('Ctrl Pts',(479.2,-342.046931551656,1400.73921766996));
#6180=CARTESIAN_POINT('Ctrl Pts',(479.2,-342.069354371348,1400.74016947128));
#6181=CARTESIAN_POINT('Ctrl Pts',(479.2,-342.074886655918,1400.74040430507));
#6182=CARTESIAN_POINT('Ctrl Pts',(479.2,-342.080418940122,1400.74063913884));
#6183=CARTESIAN_POINT('Ctrl Pts',(479.2,-342.085951223961,1400.7408739726));
#6184=CARTESIAN_POINT('Ctrl Pts',(479.2,-342.088838377217,1400.74099652616));
#6185=CARTESIAN_POINT('Ctrl Pts',(479.2,-342.091725530373,1400.74111907971));
#6186=CARTESIAN_POINT('Ctrl Pts',(479.2,-342.09461268343,1400.74124163326));
#6187=CARTESIAN_POINT('Ctrl Pts',(479.2,-342.097125493298,1400.74134829673));
#6188=CARTESIAN_POINT('Ctrl Pts',(479.2,-342.099647620449,1400.7414553557));
#6189=CARTESIAN_POINT('Ctrl Pts',(479.2,-342.102181617043,1400.7415629185));
#6190=CARTESIAN_POINT('Ctrl Pts',(479.2,-342.249440305767,1400.74781373869));
#6191=CARTESIAN_POINT('Ctrl Pts',(479.2,-342.433862749255,1400.75564208175));
#6192=CARTESIAN_POINT('Ctrl Pts',(479.2,-342.635786853333,1400.76421333333));
#6193=CARTESIAN_POINT('Ctrl Pts',(479.2,-342.644711817063,1400.76459217918));
#6194=CARTESIAN_POINT('Ctrl Pts',(479.2,-342.654881334687,1400.7650334137));
#6195=CARTESIAN_POINT('Ctrl Pts',(479.2,-342.664027502195,1400.76543924992));
#6196=CARTESIAN_POINT('Ctrl Pts',(479.2,-342.668596120047,1400.76564196988));
#6197=CARTESIAN_POINT('Ctrl Pts',(479.2,-342.672909562429,1400.76583557231));
#6198=CARTESIAN_POINT('Ctrl Pts',(479.2,-342.676686007577,1400.76600640562));
#6199=CARTESIAN_POINT('Ctrl Pts',(479.2,-342.677734865367,1400.76605385232));
#6200=CARTESIAN_POINT('Ctrl Pts',(479.2,-342.678742302925,1400.76609953827));
#6201=CARTESIAN_POINT('Ctrl Pts',(479.2,-342.679702287381,1400.76614316249));
#6202=CARTESIAN_POINT('Ctrl Pts',(479.2,-342.680284348069,1400.76616961286));
#6203=CARTESIAN_POINT('Ctrl Pts',(479.2,-342.680848963716,1400.76619530523));
#6204=CARTESIAN_POINT('Ctrl Pts',(479.2,-342.681394789802,1400.76622017214));
#6205=CARTESIAN_POINT('Ctrl Pts',(479.2,-342.681831031309,1400.76624004656));
#6206=CARTESIAN_POINT('Ctrl Pts',(479.2,-342.682263559744,1400.76625977117));
#6207=CARTESIAN_POINT('Ctrl Pts',(479.2,-342.682697807049,1400.76627959341));
#6208=CARTESIAN_POINT('Ctrl Pts',(479.2,-342.960303808273,1400.77895157633));
#6209=CARTESIAN_POINT('Ctrl Pts',(479.2,-343.233503268152,1400.79932808091));
#6210=CARTESIAN_POINT('Ctrl Pts',(479.2,-343.501893562878,1400.82724742177));
#6211=CARTESIAN_POINT('Ctrl Pts',(479.2,-343.770326270074,1400.85517117458));
#6212=CARTESIAN_POINT('Ctrl Pts',(479.2,-344.03394809092,1400.89064001099));
#6213=CARTESIAN_POINT('Ctrl Pts',(479.2,-344.292385201342,1400.93344883104));
#6214=CARTESIAN_POINT('Ctrl Pts',(479.2,-344.550798908691,1400.97625377449));
#6215=CARTESIAN_POINT('Ctrl Pts',(479.2,-344.804028654277,1401.02639722459));
#6216=CARTESIAN_POINT('Ctrl Pts',(479.2,-345.051732634773,1401.08363294817));
#6217=CARTESIAN_POINT('Ctrl Pts',(479.2,-345.299369445568,1401.14085315118));
#6218=CARTESIAN_POINT('Ctrl Pts',(479.2,-345.541483310348,1401.20516162526));
#6219=CARTESIAN_POINT('Ctrl Pts',(479.2,-345.777767364432,1401.27627345328));
#6220=CARTESIAN_POINT('Ctrl Pts',(479.2,-346.013968029966,1401.34736018475));
#6221=CARTESIAN_POINT('Ctrl Pts',(479.2,-346.244342836232,1401.42524530575));
#6222=CARTESIAN_POINT('Ctrl Pts',(479.2,-346.468622434953,1401.50960773772));
#6223=CARTESIAN_POINT('Ctrl Pts',(479.2,-346.692832353822,1401.59394395972));
#6224=CARTESIAN_POINT('Ctrl Pts',(479.2,-346.910950705038,1401.68475330067));
#6225=CARTESIAN_POINT('Ctrl Pts',(479.2,-347.122747889639,1401.78168101738));
#6226=CARTESIAN_POINT('Ctrl Pts',(479.2,-347.334518516503,1401.8785965801));
#6227=CARTESIAN_POINT('Ctrl Pts',(479.2,-347.539969431657,1401.98162881358));
#6228=CARTESIAN_POINT('Ctrl Pts',(479.2,-347.738912698648,1402.09039168578));
#6229=CARTESIAN_POINT('Ctrl Pts',(479.2,-347.947846617063,1402.20461647665));
#6230=CARTESIAN_POINT('Ctrl Pts',(479.2,-348.149602322743,1402.32516199473));
#6231=CARTESIAN_POINT('Ctrl Pts',(479.2,-348.344013677217,1402.45154687319));
#6232=CARTESIAN_POINT('Ctrl Pts',(479.2,-348.529452825796,1402.57209901027));
#6233=CARTESIAN_POINT('Ctrl Pts',(479.2,-348.708210150433,1402.69796355772));
#6234=CARTESIAN_POINT('Ctrl Pts',(479.2,-348.880187836579,1402.82869580122));
#6235=CARTESIAN_POINT('Ctrl Pts',(479.2,-349.052473847801,1402.95966242412));
#6236=CARTESIAN_POINT('Ctrl Pts',(479.2,-349.217955808671,1403.09551404146));
#6237=CARTESIAN_POINT('Ctrl Pts',(479.2,-349.376582135818,1403.23577975696));
#6238=CARTESIAN_POINT('Ctrl Pts',(479.2,-349.53563742408,1403.37642478237));
#6239=CARTESIAN_POINT('Ctrl Pts',(479.2,-349.687799886535,1403.5215076412));
#6240=CARTESIAN_POINT('Ctrl Pts',(479.2,-349.8330655885,1403.67053227788));
#6241=CARTESIAN_POINT('Ctrl Pts',(479.2,-349.978883964991,1403.82012389024));
#6242=CARTESIAN_POINT('Ctrl Pts',(479.2,-350.117752956508,1403.97368716113));
#6243=CARTESIAN_POINT('Ctrl Pts',(479.2,-350.24971779555,1404.13070144816));
#6244=CARTESIAN_POINT('Ctrl Pts',(479.2,-350.38235768885,1404.28851892765));
#6245=CARTESIAN_POINT('Ctrl Pts',(479.2,-350.508022585807,1404.4498226503));
#6246=CARTESIAN_POINT('Ctrl Pts',(479.2,-350.626808618805,1404.6140674411));
#6247=CARTESIAN_POINT('Ctrl Pts',(479.2,-350.746386785991,1404.77940751146));
#6248=CARTESIAN_POINT('Ctrl Pts',(479.2,-350.858994029833,1404.94772783519));
#6249=CARTESIAN_POINT('Ctrl Pts',(479.2,-350.964779466825,1405.11845814983));
#6250=CARTESIAN_POINT('Ctrl Pts',(479.2,-351.071465220669,1405.29064151306));
#6251=CARTESIAN_POINT('Ctrl Pts',(479.2,-351.171212567436,1405.4652758899));
#6252=CARTESIAN_POINT('Ctrl Pts',(479.2,-351.264226219973,1405.641764637));
#6253=CARTESIAN_POINT('Ctrl Pts',(479.2,-351.361953113267,1405.82719652237));
#6254=CARTESIAN_POINT('Ctrl Pts',(479.2,-351.452246259858,1406.01467533226));
#6255=CARTESIAN_POINT('Ctrl Pts',(479.2,-351.535403021356,1406.20349851507));
#6256=CARTESIAN_POINT('Ctrl Pts',(479.2,-351.61714413295,1406.38910719654));
#6257=CARTESIAN_POINT('Ctrl Pts',(479.2,-351.691990124123,1406.57601462817));
#6258=CARTESIAN_POINT('Ctrl Pts',(479.2,-351.760278723845,1406.76354664523));
#6259=CARTESIAN_POINT('Ctrl Pts',(479.2,-351.829743170335,1406.95430773592));
#6260=CARTESIAN_POINT('Ctrl Pts',(479.2,-351.892422558521,1407.14571489757));
#6261=CARTESIAN_POINT('Ctrl Pts',(479.2,-351.948727120788,1407.33705467721));
#6262=CARTESIAN_POINT('Ctrl Pts',(479.2,-352.006224906949,1407.53244938932));
#6263=CARTESIAN_POINT('Ctrl Pts',(479.2,-352.057074954961,1407.72777360126));
#6264=CARTESIAN_POINT('Ctrl Pts',(479.2,-352.101768957109,1407.92226692234));
#6265=CARTESIAN_POINT('Ctrl Pts',(479.2,-352.145496303307,1408.11255368064));
#6266=CARTESIAN_POINT('Ctrl Pts',(479.2,-352.18333155825,1408.30204489536));
#6267=CARTESIAN_POINT('Ctrl Pts',(479.2,-352.215781371198,1408.49003113444));
#6268=CARTESIAN_POINT('Ctrl Pts',(479.2,-352.227950051053,1408.56052597409));
#6269=CARTESIAN_POINT('Ctrl Pts',(479.2,-352.239361834329,1408.63080921943));
#6270=CARTESIAN_POINT('Ctrl Pts',(479.2,-352.250044924798,1408.70084364671));
#6271=CARTESIAN_POINT('Ctrl Pts',(479.2,-352.25072230763,1408.7052843204));
#6272=CARTESIAN_POINT('Ctrl Pts',(479.2,-352.251396876295,1408.7097247136));
#6273=CARTESIAN_POINT('Ctrl Pts',(479.2,-352.25207059706,1408.71417789113));
#6274=CARTESIAN_POINT('Ctrl Pts',(479.2,-352.27592409069,1408.87184535116));
#6275=CARTESIAN_POINT('Ctrl Pts',(479.2,-352.298063921883,1409.04125165035));
#6276=CARTESIAN_POINT('Ctrl Pts',(479.2,-352.317122457922,1409.22240178701));
#6277=CARTESIAN_POINT('Ctrl Pts',(479.2,-352.337037163019,1409.41168975447));
#6278=CARTESIAN_POINT('Ctrl Pts',(479.2,-352.353585694433,1409.61380245387));
#6279=CARTESIAN_POINT('Ctrl Pts',(479.2,-352.365160309317,1409.82871340565));
#6280=CARTESIAN_POINT('Ctrl Pts',(479.2,-352.375832394194,1410.02686668688));
#6281=CARTESIAN_POINT('Ctrl Pts',(479.2,-352.38227411308,1410.23590079698));
#6282=CARTESIAN_POINT('Ctrl Pts',(479.2,-352.383213752835,1410.45575037942));
#6283=CARTESIAN_POINT('Ctrl Pts',(479.2,-352.383293217447,1410.47434288947));
#6284=CARTESIAN_POINT('Ctrl Pts',(479.2,-352.383333333333,1410.49301271995));
#6285=CARTESIAN_POINT('Ctrl Pts',(479.2,-352.383333333333,1410.51175981333));
#6286=CARTESIAN_POINT('Ctrl Pts',(479.2,-352.383333333333,1412.14274353386));
#6287=CARTESIAN_POINT('Ctrl Pts',(479.2,-352.383333333333,1414.94048858847));
#6288=CARTESIAN_POINT('Ctrl Pts',(479.2,-352.383333333333,1416.73578685333));
#6289=CARTESIAN_POINT('Ctrl Pts',(479.2,-352.383333333333,1422.58431474133));
#6290=CARTESIAN_POINT('Ctrl Pts',(479.2,-348.484314741333,1426.48333333333));
#6291=CARTESIAN_POINT('Ctrl Pts',(479.2,-342.635786853333,1426.48333333333));
#6292=CARTESIAN_POINT('Ctrl Pts',(479.2,-340.235666472719,1426.48333333333));
#6293=CARTESIAN_POINT('Ctrl Pts',(479.2,-337.835536982517,1426.48333333333));
#6294=CARTESIAN_POINT('Ctrl Pts',(479.2,-335.435511904651,1426.48333333333));
#6295=CARTESIAN_POINT('Ctrl Pts',(479.2,-200.296725785028,1426.48333333333));
#6296=CARTESIAN_POINT('Ctrl Pts',(479.2,-65.4920320119553,1426.48333333333));
#6297=CARTESIAN_POINT('Ctrl Pts',(479.2,48.1785663079183,1426.48333333333));
#6298=CARTESIAN_POINT('Ctrl Pts',(479.2,105.013865467855,1426.48333333333));
#6299=CARTESIAN_POINT('Ctrl Pts',(479.2,156.565640764493,1426.48333333333));
#6300=CARTESIAN_POINT('Ctrl Pts',(479.2,200.233891809499,1426.48333333333));
#6301=CARTESIAN_POINT('Ctrl Pts',(479.2,211.150954570751,1426.48333333333));
#6302=CARTESIAN_POINT('Ctrl Pts',(479.2,221.575297066275,1426.48333333333));
#6303=CARTESIAN_POINT('Ctrl Pts',(479.2,231.466294290006,1426.48333333333));
#6304=CARTESIAN_POINT('Ctrl Pts',(479.2,235.175418248904,1426.48333333333));
#6305=CARTESIAN_POINT('Ctrl Pts',(479.2,238.809540528957,1426.48333333333));
#6306=CARTESIAN_POINT('Ctrl Pts',(479.2,242.366518795859,1426.48333333333));
#6307=CARTESIAN_POINT('Ctrl Pts',(479.2,242.755563293802,1426.48333333333));
#6308=CARTESIAN_POINT('Ctrl Pts',(479.2,243.143684926352,1426.48333333333));
#6309=CARTESIAN_POINT('Ctrl Pts',(479.2,243.530880890392,1426.48333333333));
#6310=CARTESIAN_POINT('Ctrl Pts',(479.2,243.721453903944,1426.48333333333));
#6311=CARTESIAN_POINT('Ctrl Pts',(479.2,243.911802675655,1426.48333333333));
#6312=CARTESIAN_POINT('Ctrl Pts',(479.2,244.101926871305,1426.48333333333));
#6313=CARTESIAN_POINT('Ctrl Pts',(479.2,244.123508154321,1426.48333333333));
#6314=CARTESIAN_POINT('Ctrl Pts',(479.2,244.145086543706,1426.48333333333));
#6315=CARTESIAN_POINT('Ctrl Pts',(479.2,244.166662038971,1426.48333333333));
#6316=CARTESIAN_POINT('Ctrl Pts',(479.2,244.186751443823,1426.48333333333));
#6317=CARTESIAN_POINT('Ctrl Pts',(479.2,244.20684768459,1426.48333333333));
#6318=CARTESIAN_POINT('Ctrl Pts',(479.2,244.226951777244,1426.48333333333));
#6319=CARTESIAN_POINT('Ctrl Pts',(479.2,268.34220252321,1426.48333333333));
#6320=CARTESIAN_POINT('Ctrl Pts',(479.2,303.271173396636,1426.48333333333));
#6321=CARTESIAN_POINT('Ctrl Pts',(479.2,345.616666666667,1426.48333333333));
#6322=CARTESIAN_POINT('Ctrl Pts',(479.2,346.212529641365,1426.48333333333));
#6323=CARTESIAN_POINT('Ctrl Pts',(479.2,346.8156318459,1426.47540206384));
#6324=CARTESIAN_POINT('Ctrl Pts',(479.2,347.42450218649,1426.45860045062));
#6325=CARTESIAN_POINT('Ctrl Pts',(479.2,348.010696798315,1426.44242456803));
#6326=CARTESIAN_POINT('Ctrl Pts',(479.2,348.602237671453,1426.41802660455));
#6327=CARTESIAN_POINT('Ctrl Pts',(479.2,349.19782421858,1426.38461602378));
#6328=CARTESIAN_POINT('Ctrl Pts',(479.2,349.775814686307,1426.35219252916));
#6329=CARTESIAN_POINT('Ctrl Pts',(479.2,350.357615115733,1426.31128098771));
#6330=CARTESIAN_POINT('Ctrl Pts',(479.2,350.942051620999,1426.26120623884));
#6331=CARTESIAN_POINT('Ctrl Pts',(479.2,351.512396519526,1426.21233886436));
#6332=CARTESIAN_POINT('Ctrl Pts',(479.2,352.08525174449,1426.15474475437));
#6333=CARTESIAN_POINT('Ctrl Pts',(479.2,352.659543181928,1426.08784354947));
#6334=CARTESIAN_POINT('Ctrl Pts',(479.2,353.222304675978,1426.02228550774));
#6335=CARTESIAN_POINT('Ctrl Pts',(479.2,353.786445149349,1425.94779027519));
#6336=CARTESIAN_POINT('Ctrl Pts',(479.2,354.35097255267,1425.86385858692));
#6337=CARTESIAN_POINT('Ctrl Pts',(479.2,354.905925264159,1425.78135042573));
#6338=CARTESIAN_POINT('Ctrl Pts',(479.2,355.46125176319,1425.68972314633));
#6339=CARTESIAN_POINT('Ctrl Pts',(479.2,356.016029844325,1425.58854894838));
#6340=CARTESIAN_POINT('Ctrl Pts',(479.2,356.562775965784,1425.48883952907));
#6341=CARTESIAN_POINT('Ctrl Pts',(479.2,357.108989316284,1425.37985759634));
#6342=CARTESIAN_POINT('Ctrl Pts',(479.2,357.653808796843,1425.26123976426));
#6343=CARTESIAN_POINT('Ctrl Pts',(479.2,358.22001047526,1425.13796661047));
#6344=CARTESIAN_POINT('Ctrl Pts',(479.2,358.784706366683,1425.00428588491));
#6345=CARTESIAN_POINT('Ctrl Pts',(479.2,359.346957422884,1424.85984436328));
#6346=CARTESIAN_POINT('Ctrl Pts',(479.2,359.891638133579,1424.71991663921));
#6347=CARTESIAN_POINT('Ctrl Pts',(479.2,360.434024396858,1424.56989032769));
#6348=CARTESIAN_POINT('Ctrl Pts',(479.2,360.973290133606,1424.4094959105));
#6349=CARTESIAN_POINT('Ctrl Pts',(479.2,361.495703816081,1424.25411381885));
#6350=CARTESIAN_POINT('Ctrl Pts',(479.2,362.015188953744,1424.08900167755));
#6351=CARTESIAN_POINT('Ctrl Pts',(479.2,362.531021099364,1423.91396119446));
#6352=CARTESIAN_POINT('Ctrl Pts',(479.2,363.036628123357,1423.74239046455));
#6353=CARTESIAN_POINT('Ctrl Pts',(479.2,363.538725504748,1423.56128119608));
#6354=CARTESIAN_POINT('Ctrl Pts',(479.2,364.036657360548,1423.37049046325));
#6355=CARTESIAN_POINT('Ctrl Pts',(479.2,364.531441293871,1423.18090590839));
#6356=CARTESIAN_POINT('Ctrl Pts',(479.2,365.022112115295,1422.98176192215));
#6357=CARTESIAN_POINT('Ctrl Pts',(479.2,365.508053594892,1422.77296136025));
#6358=CARTESIAN_POINT('Ctrl Pts',(479.2,365.991348689906,1422.56529790357));
#6359=CARTESIAN_POINT('Ctrl Pts',(479.2,366.46996572889,1422.34808277614));
#6360=CARTESIAN_POINT('Ctrl Pts',(479.2,366.943326874753,1422.12126301497));
#6361=CARTESIAN_POINT('Ctrl Pts',(479.2,367.414485516637,1421.89549862438));
#6362=CARTESIAN_POINT('Ctrl Pts',(479.2,367.880436980549,1421.66021879082));
#6363=CARTESIAN_POINT('Ctrl Pts',(479.2,368.340640896169,1421.41541336528));
#6364=CARTESIAN_POINT('Ctrl Pts',(479.2,368.799037581818,1421.17156929554));
#6365=CARTESIAN_POINT('Ctrl Pts',(479.2,369.251731693951,1420.91827432654));
#6366=CARTESIAN_POINT('Ctrl Pts',(479.2,369.698219674292,1420.65555994463));
#6367=CARTESIAN_POINT('Ctrl Pts',(479.2,370.143254281447,1420.39370073029));
#6368=CARTESIAN_POINT('Ctrl Pts',(479.2,370.582123019656,1420.1224833562));
#6369=CARTESIAN_POINT('Ctrl Pts',(479.2,371.01435871148,1419.84197992139));
#6370=CARTESIAN_POINT('Ctrl Pts',(479.2,371.445459254898,1419.56221315185));
#6371=CARTESIAN_POINT('Ctrl Pts',(479.2,371.869961474267,1419.27320906714));
#6372=CARTESIAN_POINT('Ctrl Pts',(479.2,372.287434328575,1418.97507948833));
#6373=CARTESIAN_POINT('Ctrl Pts',(479.2,372.7040593328,1418.67755538407));
#6374=CARTESIAN_POINT('Ctrl Pts',(479.2,373.113683426487,1418.37094285366));
#6375=CARTESIAN_POINT('Ctrl Pts',(479.2,373.515911619082,1418.05539266453));
#6376=CARTESIAN_POINT('Ctrl Pts',(479.2,373.917552193073,1417.74030346536));
#6377=CARTESIAN_POINT('Ctrl Pts',(479.2,374.311818394336,1417.41630274628));
#6378=CARTESIAN_POINT('Ctrl Pts',(479.2,374.698351333461,1417.0835795484));
#6379=CARTESIAN_POINT('Ctrl Pts',(479.2,375.084533002939,1416.75115871949));
#6380=CARTESIAN_POINT('Ctrl Pts',(479.2,375.462995397336,1416.41003130572));
#6381=CARTESIAN_POINT('Ctrl Pts',(479.2,375.833415899196,1416.06042404517));
#6382=CARTESIAN_POINT('Ctrl Pts',(479.2,376.203700232669,1415.71094530195));
#6383=CARTESIAN_POINT('Ctrl Pts',(479.2,376.565948526258,1415.35299299678));
#6384=CARTESIAN_POINT('Ctrl Pts',(479.2,376.919874713268,1414.9868310802));
#6385=CARTESIAN_POINT('Ctrl Pts',(479.2,377.27386076426,1414.62060723007));
#6386=CARTESIAN_POINT('Ctrl Pts',(479.2,377.619521837904,1414.24617104629));
#6387=CARTESIAN_POINT('Ctrl Pts',(479.2,377.956608796768,1413.86382329998));
#6388=CARTESIAN_POINT('Ctrl Pts',(479.2,378.293934375702,1413.48120489399));
#6389=CARTESIAN_POINT('Ctrl Pts',(479.2,378.622673644829,1413.09066377922));
#6390=CARTESIAN_POINT('Ctrl Pts',(479.2,378.942614869388,1412.69253725127));
#6391=CARTESIAN_POINT('Ctrl Pts',(479.2,379.262957652011,1412.29391103491));
#6392=CARTESIAN_POINT('Ctrl Pts',(479.2,379.574480243436,1411.8876804147));
#6393=CARTESIAN_POINT('Ctrl Pts',(479.2,379.877008878467,1411.47421901738));
#6394=CARTESIAN_POINT('Ctrl Pts',(479.2,380.18008735342,1411.060006162));
#6395=CARTESIAN_POINT('Ctrl Pts',(479.2,380.47413910562,1410.63853628757));
#6396=CARTESIAN_POINT('Ctrl Pts',(479.2,380.759029001839,1410.21021927185));
#6397=CARTESIAN_POINT('Ctrl Pts',(479.2,381.044603256432,1409.78087335921));
#6398=CARTESIAN_POINT('Ctrl Pts',(479.2,381.320971545438,1409.34464743842));
#6399=CARTESIAN_POINT('Ctrl Pts',(479.2,381.588038131209,1408.90198768567));
#6400=CARTESIAN_POINT('Ctrl Pts',(479.2,381.861595972341,1408.44856875283));
#6401=CARTESIAN_POINT('Ctrl Pts',(479.2,382.125394254317,1407.98839938601));
#6402=CARTESIAN_POINT('Ctrl Pts',(479.2,382.379374369378,1407.5219940025));
#6403=CARTESIAN_POINT('Ctrl Pts',(479.2,382.629540661109,1407.06259226859));
#6404=CARTESIAN_POINT('Ctrl Pts',(479.2,382.870181539005,1406.59714057492));
#6405=CARTESIAN_POINT('Ctrl Pts',(479.2,383.101283652513,1406.1261625932));
#6406=CARTESIAN_POINT('Ctrl Pts',(479.2,383.333445905965,1405.65302408355));
#6407=CARTESIAN_POINT('Ctrl Pts',(479.2,383.555981652539,1405.17430854687));
#6408=CARTESIAN_POINT('Ctrl Pts',(479.2,383.768920369915,1404.69057773505));
#6409=CARTESIAN_POINT('Ctrl Pts',(479.2,383.982995209601,1404.20426600523));
#6410=CARTESIAN_POINT('Ctrl Pts',(479.2,384.187370316829,1403.71288542302));
#6411=CARTESIAN_POINT('Ctrl Pts',(479.2,384.382119390763,1403.21703666205));
#6412=CARTESIAN_POINT('Ctrl Pts',(479.2,384.578067941859,1402.7181339237));
#6413=CARTESIAN_POINT('Ctrl Pts',(479.2,384.764271504264,1402.21470788433));
#6414=CARTESIAN_POINT('Ctrl Pts',(479.2,384.940849601992,1401.70739927754));
#6415=CARTESIAN_POINT('Ctrl Pts',(479.2,385.118677083665,1401.19650119258));
#6416=CARTESIAN_POINT('Ctrl Pts',(479.2,385.286742400076,1400.68166549493));
#6417=CARTESIAN_POINT('Ctrl Pts',(479.2,385.445212765304,1400.16357448413));
#6418=CARTESIAN_POINT('Ctrl Pts',(479.2,385.604967774536,1399.64128355551));
#6419=CARTESIAN_POINT('Ctrl Pts',(479.2,385.754971638133,1399.1156844178));
#6420=CARTESIAN_POINT('Ctrl Pts',(479.2,385.895441457279,1398.5875029046));
#6421=CARTESIAN_POINT('Ctrl Pts',(479.2,386.037214844796,1398.05441983519));
#6422=CARTESIAN_POINT('Ctrl Pts',(479.2,386.16927642192,1397.51870634091));
#6423=CARTESIAN_POINT('Ctrl Pts',(479.2,386.291895801665,1396.98113434792));
#6424=CARTESIAN_POINT('Ctrl Pts',(479.2,386.416580819916,1396.43450645031));
#6425=CARTESIAN_POINT('Ctrl Pts',(479.2,386.531502805914,1395.8859569962));
#6426=CARTESIAN_POINT('Ctrl Pts',(479.2,386.636993252213,1395.33632264455));
#6427=CARTESIAN_POINT('Ctrl Pts',(479.2,386.743769269302,1394.77999011413));
#6428=CARTESIAN_POINT('Ctrl Pts',(479.2,386.840882500332,1394.22254620341));
#6429=CARTESIAN_POINT('Ctrl Pts',(479.2,386.928725438321,1393.66488239153));
#6430=CARTESIAN_POINT('Ctrl Pts',(479.2,387.017795162256,1393.09943042794));
#6431=CARTESIAN_POINT('Ctrl Pts',(479.2,387.097333899637,1392.53375250943));
#6432=CARTESIAN_POINT('Ctrl Pts',(479.2,387.167800054571,1391.9688004607));
#6433=CARTESIAN_POINT('Ctrl Pts',(479.2,387.239401280781,1391.39474814471));
#6434=CARTESIAN_POINT('Ctrl Pts',(479.2,387.301635352241,1390.82144541595));
#6435=CARTESIAN_POINT('Ctrl Pts',(479.2,387.355032852559,1390.24991178811));
#6436=CARTESIAN_POINT('Ctrl Pts',(479.2,387.409988289816,1389.66170297239));
#6437=CARTESIAN_POINT('Ctrl Pts',(479.2,387.455584003449,1389.07536812938));
#6438=CARTESIAN_POINT('Ctrl Pts',(479.2,387.492450206465,1388.4920385663));
#6439=CARTESIAN_POINT('Ctrl Pts',(479.2,387.530062301956,1387.89690683497));
#6440=CARTESIAN_POINT('Ctrl Pts',(479.2,387.55858821556,1387.30490342134));
#6441=CARTESIAN_POINT('Ctrl Pts',(479.2,387.578749147735,1386.7172475339));
#6442=CARTESIAN_POINT('Ctrl Pts',(479.2,387.599620551342,1386.10888264765));
#6443=CARTESIAN_POINT('Ctrl Pts',(479.2,387.611527120086,1385.5051773138));
#6444=CARTESIAN_POINT('Ctrl Pts',(479.2,387.615322499734,1384.90750002244));
#6445=CARTESIAN_POINT('Ctrl Pts',(479.2,387.616222541612,1384.76576595598));
#6446=CARTESIAN_POINT('Ctrl Pts',(479.2,387.616666666667,1384.62437094212));
#6447=CARTESIAN_POINT('Ctrl Pts',(479.2,387.616666666667,1384.48333333333));
#6448=CARTESIAN_POINT('Origin',(479.2,317.616666666667,1267.98333333333));
#6449=CARTESIAN_POINT('',(479.2,317.616666666667,1354.11733333333));
#6450=CARTESIAN_POINT('',(479.2,317.616666666667,1267.98333333333));
#6451=CARTESIAN_POINT('Ctrl Pts',(479.2,317.616666666667,1354.11733333333));
#6452=CARTESIAN_POINT('Ctrl Pts',(452.56,317.616666666667,1354.11733333333));
#6453=CARTESIAN_POINT('Ctrl Pts',(479.2,317.616666666667,1366.34886733333));
#6454=CARTESIAN_POINT('Ctrl Pts',(452.56,317.616666666667,1366.34886733333));
#6455=CARTESIAN_POINT('Ctrl Pts',(479.2,310.391196005397,1373.04459768351));
#6456=CARTESIAN_POINT('Ctrl Pts',(452.56,310.391196005397,1373.04459768351));
#6457=CARTESIAN_POINT('Ctrl Pts',(479.2,298.170666666667,1373.56333333333));
#6458=CARTESIAN_POINT('Ctrl Pts',(452.56,298.170666666667,1373.56333333333));
#6459=CARTESIAN_POINT('Ctrl Pts',(479.2,84.5685154933341,1382.63029333333));
#6460=CARTESIAN_POINT('Ctrl Pts',(452.56,84.5685154933341,1382.63029333333));
#6461=CARTESIAN_POINT('Ctrl Pts',(479.2,-129.03363568,1391.69725333333));
#6462=CARTESIAN_POINT('Ctrl Pts',(452.56,-129.03363568,1391.69725333333));
#6463=CARTESIAN_POINT('Ctrl Pts',(479.2,-342.635786853333,1400.76421333333));
#6464=CARTESIAN_POINT('Ctrl Pts',(452.56,-342.635786853333,1400.76421333333));
#6465=CARTESIAN_POINT('Ctrl Pts',(479.2,-348.479052844637,1401.0122476285));
#6466=CARTESIAN_POINT('Ctrl Pts',(452.56,-348.479052844637,1401.0122476285));
#6467=CARTESIAN_POINT('Ctrl Pts',(479.2,-352.383333333333,1404.66323192533));
#6468=CARTESIAN_POINT('Ctrl Pts',(452.56,-352.383333333333,1404.66323192533));
#6469=CARTESIAN_POINT('Ctrl Pts',(479.2,-352.383333333333,1410.51175981333));
#6470=CARTESIAN_POINT('Ctrl Pts',(452.56,-352.383333333333,1410.51175981333));
#6471=CARTESIAN_POINT('Ctrl Pts',(479.2,-352.383333333333,1412.58643549333));
#6472=CARTESIAN_POINT('Ctrl Pts',(452.56,-352.383333333333,1412.58643549333));
#6473=CARTESIAN_POINT('Ctrl Pts',(479.2,-352.383333333333,1414.66111117333));
#6474=CARTESIAN_POINT('Ctrl Pts',(452.56,-352.383333333333,1414.66111117333));
#6475=CARTESIAN_POINT('Ctrl Pts',(479.2,-352.383333333333,1416.73578685333));
#6476=CARTESIAN_POINT('Ctrl Pts',(452.56,-352.383333333333,1416.73578685333));
#6477=CARTESIAN_POINT('Ctrl Pts',(479.2,-352.383333333333,1422.58431474133));
#6478=CARTESIAN_POINT('Ctrl Pts',(452.56,-352.383333333333,1422.58431474133));
#6479=CARTESIAN_POINT('Ctrl Pts',(479.2,-348.484314741333,1426.48333333333));
#6480=CARTESIAN_POINT('Ctrl Pts',(452.56,-348.484314741333,1426.48333333333));
#6481=CARTESIAN_POINT('Ctrl Pts',(479.2,-342.635786853333,1426.48333333333));
#6482=CARTESIAN_POINT('Ctrl Pts',(452.56,-342.635786853333,1426.48333333333));
#6483=CARTESIAN_POINT('Ctrl Pts',(479.2,-113.218302346666,1426.48333333333));
#6484=CARTESIAN_POINT('Ctrl Pts',(452.56,-113.218302346666,1426.48333333333));
#6485=CARTESIAN_POINT('Ctrl Pts',(479.2,116.19918216,1426.48333333333));
#6486=CARTESIAN_POINT('Ctrl Pts',(452.56,116.19918216,1426.48333333333));
#6487=CARTESIAN_POINT('Ctrl Pts',(479.2,345.616666666667,1426.48333333333));
#6488=CARTESIAN_POINT('Ctrl Pts',(452.56,345.616666666667,1426.48333333333));
#6489=CARTESIAN_POINT('Ctrl Pts',(479.2,372.034666666667,1426.48333333333));
#6490=CARTESIAN_POINT('Ctrl Pts',(452.56,372.034666666667,1426.48333333333));
#6491=CARTESIAN_POINT('Ctrl Pts',(479.2,387.616666666667,1410.90133333333));
#6492=CARTESIAN_POINT('Ctrl Pts',(452.56,387.616666666667,1410.90133333333));
#6493=CARTESIAN_POINT('Ctrl Pts',(479.2,387.616666666667,1384.48333333333));
#6494=CARTESIAN_POINT('Ctrl Pts',(452.56,387.616666666667,1384.48333333333));
#6495=CARTESIAN_POINT('',(479.2,387.616666666667,1384.48333333333));
#6496=CARTESIAN_POINT('Ctrl Pts',(479.2,387.616666666667,1384.48333333333));
#6497=CARTESIAN_POINT('Ctrl Pts',(452.56,387.616666666667,1384.48333333333));
#6498=CARTESIAN_POINT('Ctrl Pts',(479.2,372.061111111111,1384.48333333333));
#6499=CARTESIAN_POINT('Ctrl Pts',(452.56,372.061111111111,1384.48333333333));
#6500=CARTESIAN_POINT('Ctrl Pts',(479.2,356.505555555556,1384.48333333333));
#6501=CARTESIAN_POINT('Ctrl Pts',(452.56,356.505555555556,1384.48333333333));
#6502=CARTESIAN_POINT('Ctrl Pts',(479.2,340.95,1384.48333333333));
#6503=CARTESIAN_POINT('Ctrl Pts',(452.56,340.95,1384.48333333333));
#6504=CARTESIAN_POINT('Ctrl Pts',(479.2,339.72570634536,1384.48333333333));
#6505=CARTESIAN_POINT('Ctrl Pts',(452.56,339.72570634536,1384.48333333333));
#6506=CARTESIAN_POINT('Ctrl Pts',(479.2,338.860000000001,1383.61762698797));
#6507=CARTESIAN_POINT('Ctrl Pts',(452.56,338.860000000001,1383.61762698797));
#6508=CARTESIAN_POINT('Ctrl Pts',(479.2,338.86,1382.39333333333));
#6509=CARTESIAN_POINT('Ctrl Pts',(452.56,338.86,1382.39333333333));
#6510=CARTESIAN_POINT('Ctrl Pts',(479.2,338.86,1381.16903967869));
#6511=CARTESIAN_POINT('Ctrl Pts',(452.56,338.86,1381.16903967869));
#6512=CARTESIAN_POINT('Ctrl Pts',(479.2,339.72570634536,1380.30333333333));
#6513=CARTESIAN_POINT('Ctrl Pts',(452.56,339.72570634536,1380.30333333333));
#6514=CARTESIAN_POINT('Ctrl Pts',(479.2,340.95,1380.30333333333));
#6515=CARTESIAN_POINT('Ctrl Pts',(452.56,340.95,1380.30333333333));
#6516=CARTESIAN_POINT('',(479.2,340.95,1380.30333333333));
#6517=CARTESIAN_POINT('Origin',(479.2,340.95,1380.30333333333));
#6518=CARTESIAN_POINT('',(479.2,340.95,1370.16333333333));
#6519=CARTESIAN_POINT('Ctrl Pts',(479.2,340.95,1370.16333333333));
#6520=CARTESIAN_POINT('Ctrl Pts',(452.56,340.95,1370.16333333333));
#6521=CARTESIAN_POINT('Ctrl Pts',(479.2,339.72570634536,1370.16333333333));
#6522=CARTESIAN_POINT('Ctrl Pts',(452.56,339.72570634536,1370.16333333333));
#6523=CARTESIAN_POINT('Ctrl Pts',(479.2,338.860000000001,1369.29762698797));
#6524=CARTESIAN_POINT('Ctrl Pts',(452.56,338.860000000001,1369.29762698797));
#6525=CARTESIAN_POINT('Ctrl Pts',(479.2,338.86,1368.07333333333));
#6526=CARTESIAN_POINT('Ctrl Pts',(452.56,338.86,1368.07333333333));
#6527=CARTESIAN_POINT('Ctrl Pts',(479.2,338.86,1366.84903967869));
#6528=CARTESIAN_POINT('Ctrl Pts',(452.56,338.86,1366.84903967869));
#6529=CARTESIAN_POINT('Ctrl Pts',(479.2,339.72570634536,1365.98333333333));
#6530=CARTESIAN_POINT('Ctrl Pts',(452.56,339.72570634536,1365.98333333333));
#6531=CARTESIAN_POINT('Ctrl Pts',(479.2,340.95,1365.98333333333));
#6532=CARTESIAN_POINT('Ctrl Pts',(452.56,340.95,1365.98333333333));
#6533=CARTESIAN_POINT('Ctrl Pts',(479.2,352.505555555556,1365.98333333333));
#6534=CARTESIAN_POINT('Ctrl Pts',(452.56,352.505555555556,1365.98333333333));
#6535=CARTESIAN_POINT('Ctrl Pts',(479.2,364.061111111111,1365.98333333333));
#6536=CARTESIAN_POINT('Ctrl Pts',(452.56,364.061111111111,1365.98333333333));
#6537=CARTESIAN_POINT('Ctrl Pts',(479.2,375.616666666667,1365.98333333333));
#6538=CARTESIAN_POINT('Ctrl Pts',(452.56,375.616666666667,1365.98333333333));
#6539=CARTESIAN_POINT('',(479.2,375.616666666667,1365.98333333333));
#6540=CARTESIAN_POINT('Origin',(479.2,375.616666666667,1365.98333333333));
#6541=CARTESIAN_POINT('',(479.2,375.616666666667,1267.98333333333));
#6542=CARTESIAN_POINT('Origin',(479.2,375.616666666667,1267.98333333333));
#6543=CARTESIAN_POINT('Origin',(-497.7,395.016666666667,1434.32733333333));
#6544=CARTESIAN_POINT('',(-497.7,387.616666666667,684.083333333333));
#6545=CARTESIAN_POINT('',(-497.7,317.616666666667,1354.11733333333));
#6546=CARTESIAN_POINT('Ctrl Pts',(-497.7,387.616666666667,684.083333333333));
#6547=CARTESIAN_POINT('Ctrl Pts',(-497.7,387.616666666667,657.665333333333));
#6548=CARTESIAN_POINT('Ctrl Pts',(-497.7,372.034666666667,642.083333333333));
#6549=CARTESIAN_POINT('Ctrl Pts',(-497.7,345.616666666667,642.083333333333));
#6550=CARTESIAN_POINT('Ctrl Pts',(-497.7,116.19918216,642.083333333333));
#6551=CARTESIAN_POINT('Ctrl Pts',(-497.7,-113.218302346666,642.083333333333));
#6552=CARTESIAN_POINT('Ctrl Pts',(-497.7,-342.635786853333,642.083333333333));
#6553=CARTESIAN_POINT('Ctrl Pts',(-497.7,-348.484314741333,642.083333333333));
#6554=CARTESIAN_POINT('Ctrl Pts',(-497.7,-352.383333333333,645.982351925333));
#6555=CARTESIAN_POINT('Ctrl Pts',(-497.7,-352.383333333333,651.830879813333));
#6556=CARTESIAN_POINT('Ctrl Pts',(-497.7,-352.383333333333,653.905555493333));
#6557=CARTESIAN_POINT('Ctrl Pts',(-497.7,-352.383333333333,655.980231173333));
#6558=CARTESIAN_POINT('Ctrl Pts',(-497.7,-352.383333333333,658.054906853333));
#6559=CARTESIAN_POINT('Ctrl Pts',(-497.7,-352.383333333333,663.903434741333));
#6560=CARTESIAN_POINT('Ctrl Pts',(-497.7,-348.479052844638,667.554419038166));
#6561=CARTESIAN_POINT('Ctrl Pts',(-497.7,-342.635786853333,667.802453333333));
#6562=CARTESIAN_POINT('Ctrl Pts',(-497.7,-129.03363568,676.869413333333));
#6563=CARTESIAN_POINT('Ctrl Pts',(-497.7,84.5685154933339,685.936373333333));
#6564=CARTESIAN_POINT('Ctrl Pts',(-497.7,298.170666666667,695.003333333333));
#6565=CARTESIAN_POINT('Ctrl Pts',(-497.7,310.391196005397,695.522068983159));
#6566=CARTESIAN_POINT('Ctrl Pts',(-497.7,317.616666666667,702.217799333333));
#6567=CARTESIAN_POINT('Ctrl Pts',(-497.7,317.616666666667,714.449333333333));
#6568=CARTESIAN_POINT('Ctrl Pts',(-497.7,317.616666666667,927.672));
#6569=CARTESIAN_POINT('Ctrl Pts',(-497.7,317.616666666667,1140.89466666667));
#6570=CARTESIAN_POINT('Ctrl Pts',(-497.7,317.616666666667,1354.11733333333));
#6571=CARTESIAN_POINT('Ctrl Pts',(-497.7,317.616666666667,1354.11733333333));
#6572=CARTESIAN_POINT('Ctrl Pts',(-497.7,317.616666666667,1366.34886733333));
#6573=CARTESIAN_POINT('Ctrl Pts',(-497.7,310.391196005397,1373.04459768351));
#6574=CARTESIAN_POINT('Ctrl Pts',(-497.7,298.170666666667,1373.56333333333));
#6575=CARTESIAN_POINT('Ctrl Pts',(-497.7,84.5685154933341,1382.63029333333));
#6576=CARTESIAN_POINT('Ctrl Pts',(-497.7,-129.03363568,1391.69725333333));
#6577=CARTESIAN_POINT('Ctrl Pts',(-497.7,-342.635786853333,1400.76421333333));
#6578=CARTESIAN_POINT('Ctrl Pts',(-497.7,-348.479052844637,1401.0122476285));
#6579=CARTESIAN_POINT('Ctrl Pts',(-497.7,-352.383333333333,1404.66323192533));
#6580=CARTESIAN_POINT('Ctrl Pts',(-497.7,-352.383333333333,1410.51175981333));
#6581=CARTESIAN_POINT('Ctrl Pts',(-497.7,-352.383333333333,1412.58643549333));
#6582=CARTESIAN_POINT('Ctrl Pts',(-497.7,-352.383333333333,1414.66111117333));
#6583=CARTESIAN_POINT('Ctrl Pts',(-497.7,-352.383333333333,1416.73578685333));
#6584=CARTESIAN_POINT('Ctrl Pts',(-497.7,-352.383333333333,1422.58431474133));
#6585=CARTESIAN_POINT('Ctrl Pts',(-497.7,-348.484314741333,1426.48333333333));
#6586=CARTESIAN_POINT('Ctrl Pts',(-497.7,-342.635786853333,1426.48333333333));
#6587=CARTESIAN_POINT('Ctrl Pts',(-497.7,-113.218302346666,1426.48333333333));
#6588=CARTESIAN_POINT('Ctrl Pts',(-497.7,116.19918216,1426.48333333333));
#6589=CARTESIAN_POINT('Ctrl Pts',(-497.7,345.616666666667,1426.48333333333));
#6590=CARTESIAN_POINT('Ctrl Pts',(-497.7,372.034666666667,1426.48333333333));
#6591=CARTESIAN_POINT('Ctrl Pts',(-497.7,387.616666666667,1410.90133333333));
#6592=CARTESIAN_POINT('Ctrl Pts',(-497.7,387.616666666667,1384.48333333333));
#6593=CARTESIAN_POINT('Ctrl Pts',(-497.7,387.616666666667,1151.01666666667));
#6594=CARTESIAN_POINT('Ctrl Pts',(-497.7,387.616666666667,917.55));
#6595=CARTESIAN_POINT('Ctrl Pts',(-497.7,387.616666666667,684.083333333333));
#6596=CARTESIAN_POINT('Origin',(-516.2,-359.783333333333,1434.32733333333));
#6597=CARTESIAN_POINT('',(-516.2,387.616666666667,684.083333333333));
#6598=CARTESIAN_POINT('',(-516.2,317.616666666667,1354.11733333333));
#6599=CARTESIAN_POINT('Ctrl Pts',(-516.2,387.616666666667,684.083333333333));
#6600=CARTESIAN_POINT('Ctrl Pts',(-516.2,387.616666666667,822.889416454757));
#6601=CARTESIAN_POINT('Ctrl Pts',(-516.2,387.616666666667,961.695499576182));
#6602=CARTESIAN_POINT('Ctrl Pts',(-516.2,387.616666666667,1078.74486922274));
#6603=CARTESIAN_POINT('Ctrl Pts',(-516.2,387.616666666667,1137.26955404601));
#6604=CARTESIAN_POINT('Ctrl Pts',(-516.2,387.616666666667,1190.35506050057));
#6605=CARTESIAN_POINT('Ctrl Pts',(-516.2,387.616666666667,1235.28179940206));
#6606=CARTESIAN_POINT('Ctrl Pts',(-516.2,387.616666666667,1246.51348412743));
#6607=CARTESIAN_POINT('Ctrl Pts',(-516.2,387.616666666667,1257.23524588073));
#6608=CARTESIAN_POINT('Ctrl Pts',(-516.2,387.616666666667,1267.40459108096));
#6609=CARTESIAN_POINT('Ctrl Pts',(-516.2,387.616666666667,1271.21809553105));
#6610=CARTESIAN_POINT('Ctrl Pts',(-516.2,387.616666666667,1274.95391640336));
#6611=CARTESIAN_POINT('Ctrl Pts',(-516.2,387.616666666667,1278.60981282546));
#6612=CARTESIAN_POINT('Ctrl Pts',(-516.2,387.616666666667,1279.00967649663));
#6613=CARTESIAN_POINT('Ctrl Pts',(-516.2,387.616666666667,1279.40858404034));
#6614=CARTESIAN_POINT('Ctrl Pts',(-516.2,387.616666666667,1279.80653252454));
#6615=CARTESIAN_POINT('Ctrl Pts',(-516.2,387.616666666667,1280.00239779411));
#6616=CARTESIAN_POINT('Ctrl Pts',(-516.2,387.616666666667,1280.19803073292));
#6617=CARTESIAN_POINT('Ctrl Pts',(-516.2,387.616666666667,1280.39343099138));
#6618=CARTESIAN_POINT('Ctrl Pts',(-516.2,387.616666666667,1280.4987105663));
#6619=CARTESIAN_POINT('Ctrl Pts',(-516.2,387.616666666667,1280.60392259552));
#6620=CARTESIAN_POINT('Ctrl Pts',(-516.2,387.616666666667,1280.70906702436));
#6621=CARTESIAN_POINT('Ctrl Pts',(-516.2,387.616666666667,1280.758717273));
#6622=CARTESIAN_POINT('Ctrl Pts',(-516.2,387.616666666667,1280.80835244796));
#6623=CARTESIAN_POINT('Ctrl Pts',(-516.2,387.616666666667,1280.85797254348));
#6624=CARTESIAN_POINT('Ctrl Pts',(-516.2,387.616666666667,1280.88932885226));
#6625=CARTESIAN_POINT('Ctrl Pts',(-516.2,387.616666666667,1280.92067913933));
#6626=CARTESIAN_POINT('Ctrl Pts',(-516.2,387.616666666667,1280.95202340324));
#6627=CARTESIAN_POINT('Ctrl Pts',(-516.2,387.616666666667,1280.97489965736));
#6628=CARTESIAN_POINT('Ctrl Pts',(-516.2,387.616666666667,1280.9977807162));
#6629=CARTESIAN_POINT('Ctrl Pts',(-516.2,387.616666666667,1281.02067360908));
#6630=CARTESIAN_POINT('Ctrl Pts',(-516.2,387.616666666667,1305.58907937797));
#6631=CARTESIAN_POINT('Ctrl Pts',(-516.2,387.616666666667,1341.24018434552));
#6632=CARTESIAN_POINT('Ctrl Pts',(-516.2,387.616666666667,1384.48333333333));
#6633=CARTESIAN_POINT('Ctrl Pts',(-516.2,387.616666666667,1385.07914806529));
#6634=CARTESIAN_POINT('Ctrl Pts',(-516.2,387.608736681225,1385.68218725257));
#6635=CARTESIAN_POINT('Ctrl Pts',(-516.2,387.591938953607,1386.29098150119));
#6636=CARTESIAN_POINT('Ctrl Pts',(-516.2,387.575765524748,1386.87714950519));
#6637=CARTESIAN_POINT('Ctrl Pts',(-516.2,387.55137111826,1387.4686525012));
#6638=CARTESIAN_POINT('Ctrl Pts',(-516.2,387.517966171715,1388.06419113022));
#6639=CARTESIAN_POINT('Ctrl Pts',(-516.2,387.485546378664,1388.64216658309));
#6640=CARTESIAN_POINT('Ctrl Pts',(-516.2,387.444639570617,1389.22394295568));
#6641=CARTESIAN_POINT('Ctrl Pts',(-516.2,387.394571356544,1389.80834730934));
#6642=CARTESIAN_POINT('Ctrl Pts',(-516.2,387.345708424397,1390.37868341596));
#6643=CARTESIAN_POINT('Ctrl Pts',(-516.2,387.288119781432,1390.95152233833));
#6644=CARTESIAN_POINT('Ctrl Pts',(-516.2,387.221225705955,1391.5257907284));
#6645=CARTESIAN_POINT('Ctrl Pts',(-516.2,387.155672675186,1392.08854659543));
#6646=CARTESIAN_POINT('Ctrl Pts',(-516.2,387.081183511504,1392.65267504799));
#6647=CARTESIAN_POINT('Ctrl Pts',(-516.2,386.997259497496,1393.21718467886));
#6648=CARTESIAN_POINT('Ctrl Pts',(-516.2,386.914756919112,1393.77213311191));
#6649=CARTESIAN_POINT('Ctrl Pts',(-516.2,386.823136340514,1394.32744979192));
#6650=CARTESIAN_POINT('Ctrl Pts',(-516.2,386.721970444293,1394.88221306741));
#6651=CARTESIAN_POINT('Ctrl Pts',(-516.2,386.622267281151,1395.42895515568));
#6652=CARTESIAN_POINT('Ctrl Pts',(-516.2,386.513292801527,1395.97515960904));
#6653=CARTESIAN_POINT('Ctrl Pts',(-516.2,386.394684054568,1396.51996581755));
#6654=CARTESIAN_POINT('Ctrl Pts',(-516.2,386.277550021146,1397.05799821628));
#6655=CARTESIAN_POINT('Ctrl Pts',(-516.2,386.151019785391,1397.59466681458));
#6656=CARTESIAN_POINT('Ctrl Pts',(-516.2,386.014789440193,1398.12916564961));
#6657=CARTESIAN_POINT('Ctrl Pts',(-516.2,385.875643121581,1398.67510528655));
#6658=CARTESIAN_POINT('Ctrl Pts',(-516.2,385.726376713183,1399.21878102157));
#6659=CARTESIAN_POINT('Ctrl Pts',(-516.2,385.566716958985,1399.75936107907));
#6660=CARTESIAN_POINT('Ctrl Pts',(-516.2,385.412046572107,1400.28304800978));
#6661=CARTESIAN_POINT('Ctrl Pts',(-516.2,385.247622448454,1400.80382971497));
#6662=CARTESIAN_POINT('Ctrl Pts',(-516.2,385.073243188831,1401.32097666759));
#6663=CARTESIAN_POINT('Ctrl Pts',(-516.2,384.902580574452,1401.82710137039));
#6664=CARTESIAN_POINT('Ctrl Pts',(-516.2,384.722382765391,1402.32974457611));
#6665=CARTESIAN_POINT('Ctrl Pts',(-516.2,384.532504824479,1402.82824871746));
#6666=CARTESIAN_POINT('Ctrl Pts',(-516.2,384.343834420428,1403.32358260048));
#6667=CARTESIAN_POINT('Ctrl Pts',(-516.2,384.145606622745,1403.814829808));
#6668=CARTESIAN_POINT('Ctrl Pts',(-516.2,383.937722349784,1404.30137248275));
#6669=CARTESIAN_POINT('Ctrl Pts',(-516.2,383.730977187642,1404.78524912598));
#6670=CARTESIAN_POINT('Ctrl Pts',(-516.2,383.514681100121,1405.26447256752));
#6671=CARTESIAN_POINT('Ctrl Pts',(-516.2,383.288779250084,1405.73846338436));
#6672=CARTESIAN_POINT('Ctrl Pts',(-516.2,383.063935387665,1406.21023431493));
#6673=CARTESIAN_POINT('Ctrl Pts',(-516.2,382.829575546769,1406.67682143739));
#6674=CARTESIAN_POINT('Ctrl Pts',(-516.2,382.585687758906,1407.13768282447));
#6675=CARTESIAN_POINT('Ctrl Pts',(-516.2,382.342764534025,1407.59672152974));
#6676=CARTESIAN_POINT('Ctrl Pts',(-516.2,382.09038860318,1408.05007962183));
#6677=CARTESIAN_POINT('Ctrl Pts',(-516.2,381.82858968092,1408.4972520042));
#6678=CARTESIAN_POINT('Ctrl Pts',(-516.2,381.567649714357,1408.9429572252));
#6679=CARTESIAN_POINT('Ctrl Pts',(-516.2,381.297348518209,1409.38251718526));
#6680=CARTESIAN_POINT('Ctrl Pts',(-516.2,381.017756461623,1409.81546317892));
#6681=CARTESIAN_POINT('Ctrl Pts',(-516.2,380.738905441145,1410.24726168428));
#6682=CARTESIAN_POINT('Ctrl Pts',(-516.2,380.450812779123,1410.67248116456));
#6683=CARTESIAN_POINT('Ctrl Pts',(-516.2,380.153588603779,1411.09068905381));
#6684=CARTESIAN_POINT('Ctrl Pts',(-516.2,379.856974868638,1411.50803802603));
#6685=CARTESIAN_POINT('Ctrl Pts',(-516.2,379.551267129612,1411.91840410988));
#6686=CARTESIAN_POINT('Ctrl Pts',(-516.2,379.236614493994,1412.32139078686));
#6687=CARTESIAN_POINT('Ctrl Pts',(-516.2,378.922428431187,1412.72377990767));
#6688=CARTESIAN_POINT('Ctrl Pts',(-516.2,378.599324022939,1413.11881142458));
#6689=CARTESIAN_POINT('Ctrl Pts',(-516.2,378.267488679141,1413.50612491192));
#6690=CARTESIAN_POINT('Ctrl Pts',(-516.2,377.93596193721,1413.89307820355));
#6691=CARTESIAN_POINT('Ctrl Pts',(-516.2,377.595720538966,1414.27232775203));
#6692=CARTESIAN_POINT('Ctrl Pts',(-516.2,377.246989616487,1414.6435493906));
#6693=CARTESIAN_POINT('Ctrl Pts',(-516.2,376.898394138272,1415.0146268497));
#6694=CARTESIAN_POINT('Ctrl Pts',(-516.2,376.54131578041,1415.37768257475));
#6695=CARTESIAN_POINT('Ctrl Pts',(-516.2,376.176016909246,1415.73242893245));
#6696=CARTESIAN_POINT('Ctrl Pts',(-516.2,375.810663781395,1416.08722797951));
#6697=CARTESIAN_POINT('Ctrl Pts',(-516.2,375.437087753147,1416.43371513528));
#6698=CARTESIAN_POINT('Ctrl Pts',(-516.2,375.055588029619,1416.77163967444));
#6699=CARTESIAN_POINT('Ctrl Pts',(-516.2,374.67382614267,1417.10979643252));
#6700=CARTESIAN_POINT('Ctrl Pts',(-516.2,374.284129725073,1417.43937874979));
#6701=CARTESIAN_POINT('Ctrl Pts',(-516.2,373.886834520955,1417.76017327846));
#6702=CARTESIAN_POINT('Ctrl Pts',(-516.2,373.489049028727,1418.08136368844));
#6703=CARTESIAN_POINT('Ctrl Pts',(-516.2,373.083646045629,1418.39374455895));
#6704=CARTESIAN_POINT('Ctrl Pts',(-516.2,372.670997657458,1418.69714048282));
#6705=CARTESIAN_POINT('Ctrl Pts',(-516.2,372.25760821803,1419.0010812578));
#6706=CARTESIAN_POINT('Ctrl Pts',(-516.2,371.83694739235,1419.29600474195));
#6707=CARTESIAN_POINT('Ctrl Pts',(-516.2,371.409423523252,1419.58177412715));
#6708=CARTESIAN_POINT('Ctrl Pts',(-516.2,370.980882294415,1419.86822354518));
#6709=CARTESIAN_POINT('Ctrl Pts',(-516.2,370.545445388657,1420.14547520526));
#6710=CARTESIAN_POINT('Ctrl Pts',(-516.2,370.103557448237,1420.4134316577));
#6711=CARTESIAN_POINT('Ctrl Pts',(-516.2,369.649305153493,1420.68888573163));
#6712=CARTESIAN_POINT('Ctrl Pts',(-516.2,369.188235699541,1420.95451692718));
#6713=CARTESIAN_POINT('Ctrl Pts',(-516.2,368.720867504039,1421.21026419264));
#6714=CARTESIAN_POINT('Ctrl Pts',(-516.2,368.262180796726,1421.46126088481));
#6715=CARTESIAN_POINT('Ctrl Pts',(-516.2,367.797427376597,1421.70273755897));
#6716=CARTESIAN_POINT('Ctrl Pts',(-516.2,367.327129486031,1421.93467920576));
#6717=CARTESIAN_POINT('Ctrl Pts',(-516.2,366.854685243382,1422.16767939108));
#6718=CARTESIAN_POINT('Ctrl Pts',(-516.2,366.376645885869,1422.39105729106));
#6719=CARTESIAN_POINT('Ctrl Pts',(-516.2,365.893571718717,1422.6048406735));
#6720=CARTESIAN_POINT('Ctrl Pts',(-516.2,365.407932547205,1422.81975919282));
#6721=CARTESIAN_POINT('Ctrl Pts',(-516.2,364.917205039722,1423.02498101357));
#6722=CARTESIAN_POINT('Ctrl Pts',(-516.2,364.42198839719,1423.22057806733));
#6723=CARTESIAN_POINT('Ctrl Pts',(-516.2,363.92373572465,1423.41737427005));
#6724=CARTESIAN_POINT('Ctrl Pts',(-516.2,363.420938792087,1423.60442731544));
#6725=CARTESIAN_POINT('Ctrl Pts',(-516.2,362.914236823591,1423.78185489412));
#6726=CARTESIAN_POINT('Ctrl Pts',(-516.2,362.403965732268,1423.9605322426));
#6727=CARTESIAN_POINT('Ctrl Pts',(-516.2,361.88973448984,1424.12944803807));
#6728=CARTESIAN_POINT('Ctrl Pts',(-516.2,361.37222383607,1424.28876758524));
#6729=CARTESIAN_POINT('Ctrl Pts',(-516.2,360.850536508822,1424.44937295276));
#6730=CARTESIAN_POINT('Ctrl Pts',(-516.2,360.325516718691,1424.60022654924));
#6731=CARTESIAN_POINT('Ctrl Pts',(-516.2,359.797888672261,1424.74154347757));
#6732=CARTESIAN_POINT('Ctrl Pts',(-516.2,359.26538583215,1424.88416604322));
#6733=CARTESIAN_POINT('Ctrl Pts',(-516.2,358.730226419358,1425.01707491453));
#6734=CARTESIAN_POINT('Ctrl Pts',(-516.2,358.193180643839,1425.14053760051));
#6735=CARTESIAN_POINT('Ctrl Pts',(-516.2,357.647103703604,1425.26607648168));
#6736=CARTESIAN_POINT('Ctrl Pts',(-516.2,357.099076509191,1425.38184877448));
#6737=CARTESIAN_POINT('Ctrl Pts',(-516.2,356.549933896734,1425.48818371631));
#6738=CARTESIAN_POINT('Ctrl Pts',(-516.2,355.994126844346,1425.59580914773));
#6739=CARTESIAN_POINT('Ctrl Pts',(-516.2,355.437177256515,1425.69376680407));
#6740=CARTESIAN_POINT('Ctrl Pts',(-516.2,354.87997464837,1425.78244677314));
#6741=CARTESIAN_POINT('Ctrl Pts',(-516.2,354.315023899921,1425.87235987506));
#6742=CARTESIAN_POINT('Ctrl Pts',(-516.2,353.7498131764,1425.95273552113));
#6743=CARTESIAN_POINT('Ctrl Pts',(-516.2,353.185292149935,1426.0240295234));
#6744=CARTESIAN_POINT('Ctrl Pts',(-516.2,352.611719110156,1426.09646671472));
#6745=CARTESIAN_POINT('Ctrl Pts',(-516.2,352.0388582071,1426.15952874547));
#6746=CARTESIAN_POINT('Ctrl Pts',(-516.2,351.467726546603,1426.21374336838));
#6747=CARTESIAN_POINT('Ctrl Pts',(-516.2,350.879916890277,1426.2695411486));
#6748=CARTESIAN_POINT('Ctrl Pts',(-516.2,350.293939078026,1426.31596726151));
#6749=CARTESIAN_POINT('Ctrl Pts',(-516.2,349.710921958307,1426.35364889409));
#6750=CARTESIAN_POINT('Ctrl Pts',(-516.2,349.11615831199,1426.39208972959));
#6751=CARTESIAN_POINT('Ctrl Pts',(-516.2,348.524476061621,1426.42143030955));
#6752=CARTESIAN_POINT('Ctrl Pts',(-516.2,347.937091603075,1426.44238848759));
#6753=CARTESIAN_POINT('Ctrl Pts',(-516.2,347.328824592806,1426.46409176575));
#6754=CARTESIAN_POINT('Ctrl Pts',(-516.2,346.725166605892,1426.47680612226));
#6755=CARTESIAN_POINT('Ctrl Pts',(-516.2,346.12748437085,1426.48138233654));
#6756=CARTESIAN_POINT('Ctrl Pts',(-516.2,345.956713184657,1426.48268986334));
#6757=CARTESIAN_POINT('Ctrl Pts',(-516.2,345.786429927564,1426.48333333333));
#6758=CARTESIAN_POINT('Ctrl Pts',(-516.2,345.616666666667,1426.48333333333));
#6759=CARTESIAN_POINT('Ctrl Pts',(-516.2,314.920818766353,1426.48333333333));
#6760=CARTESIAN_POINT('Ctrl Pts',(-516.2,284.224960568597,1426.48333333333));
#6761=CARTESIAN_POINT('Ctrl Pts',(-516.2,253.530490427551,1426.48333333333));
#6762=CARTESIAN_POINT('Ctrl Pts',(-516.2,154.094092440464,1426.48333333333));
#6763=CARTESIAN_POINT('Ctrl Pts',(-516.2,54.6722625201165,1426.48333333333));
#6764=CARTESIAN_POINT('Ctrl Pts',(-516.2,-44.6874499132186,1426.48333333333));
#6765=CARTESIAN_POINT('Ctrl Pts',(-516.2,-94.367306129886,1426.48333333333));
#6766=CARTESIAN_POINT('Ctrl Pts',(-516.2,-144.031632974799,1426.48333333333));
#6767=CARTESIAN_POINT('Ctrl Pts',(-516.2,-193.674486770426,1426.48333333333));
#6768=CARTESIAN_POINT('Ctrl Pts',(-516.2,-218.495913668239,1426.48333333333));
#6769=CARTESIAN_POINT('Ctrl Pts',(-516.2,-243.311972303731,1426.48333333333));
#6770=CARTESIAN_POINT('Ctrl Pts',(-516.2,-268.121919717209,1426.48333333333));
#6771=CARTESIAN_POINT('Ctrl Pts',(-516.2,-280.526893423948,1426.48333333333));
#6772=CARTESIAN_POINT('Ctrl Pts',(-516.2,-292.930339325184,1426.48333333333));
#6773=CARTESIAN_POINT('Ctrl Pts',(-516.2,-305.332164550954,1426.48333333333));
#6774=CARTESIAN_POINT('Ctrl Pts',(-516.2,-311.533077163839,1426.48333333333));
#6775=CARTESIAN_POINT('Ctrl Pts',(-516.2,-317.733584607858,1426.48333333333));
#6776=CARTESIAN_POINT('Ctrl Pts',(-516.2,-323.933675274266,1426.48333333333));
#6777=CARTESIAN_POINT('Ctrl Pts',(-516.2,-327.033720607469,1426.48333333333));
#6778=CARTESIAN_POINT('Ctrl Pts',(-516.2,-330.133661746273,1426.48333333333));
#6779=CARTESIAN_POINT('Ctrl Pts',(-516.2,-333.233497239578,1426.48333333333));
#6780=CARTESIAN_POINT('Ctrl Pts',(-516.2,-334.78341498623,1426.48333333333));
#6781=CARTESIAN_POINT('Ctrl Pts',(-516.2,-336.333306321509,1426.48333333333));
#6782=CARTESIAN_POINT('Ctrl Pts',(-516.2,-337.883171064027,1426.48333333333));
#6783=CARTESIAN_POINT('Ctrl Pts',(-516.2,-338.658103435285,1426.48333333333));
#6784=CARTESIAN_POINT('Ctrl Pts',(-516.2,-339.433029158352,1426.48333333333));
#6785=CARTESIAN_POINT('Ctrl Pts',(-516.2,-340.207948210557,1426.48333333333));
#6786=CARTESIAN_POINT('Ctrl Pts',(-516.2,-340.59540773666,1426.48333333333));
#6787=CARTESIAN_POINT('Ctrl Pts',(-516.2,-340.98286559505,1426.48333333333));
#6788=CARTESIAN_POINT('Ctrl Pts',(-516.2,-341.370321782887,1426.48333333333));
#6789=CARTESIAN_POINT('Ctrl Pts',(-516.2,-341.564049876805,1426.48333333333));
#6790=CARTESIAN_POINT('Ctrl Pts',(-516.2,-341.757777553082,1426.48333333333));
#6791=CARTESIAN_POINT('Ctrl Pts',(-516.2,-341.951504811371,1426.48333333333));
#6792=CARTESIAN_POINT('Ctrl Pts',(-516.2,-341.975720718657,1426.48333333333));
#6793=CARTESIAN_POINT('Ctrl Pts',(-516.2,-341.999936619414,1426.48333333333));
#6794=CARTESIAN_POINT('Ctrl Pts',(-516.2,-342.024152513637,1426.48333333333));
#6795=CARTESIAN_POINT('Ctrl Pts',(-516.2,-342.03053494852,1426.48333333333));
#6796=CARTESIAN_POINT('Ctrl Pts',(-516.2,-342.036917382949,1426.48333333333));
#6797=CARTESIAN_POINT('Ctrl Pts',(-516.2,-342.043299816925,1426.48333333333));
#6798=CARTESIAN_POINT('Ctrl Pts',(-516.2,-342.046514924177,1426.48333333333));
#6799=CARTESIAN_POINT('Ctrl Pts',(-516.2,-342.049730031313,1426.48333333333));
#6800=CARTESIAN_POINT('Ctrl Pts',(-516.2,-342.052945138335,1426.48333333333));
#6801=CARTESIAN_POINT('Ctrl Pts',(-516.2,-342.055658104394,1426.48333333333));
#6802=CARTESIAN_POINT('Ctrl Pts',(-516.2,-342.058379247777,1426.48333333333));
#6803=CARTESIAN_POINT('Ctrl Pts',(-516.2,-342.061114174301,1426.48333333333));
#6804=CARTESIAN_POINT('Ctrl Pts',(-516.2,-342.219587373153,1426.48333333333));
#6805=CARTESIAN_POINT('Ctrl Pts',(-516.2,-342.418243755456,1426.48333333333));
#6806=CARTESIAN_POINT('Ctrl Pts',(-516.2,-342.635786853332,1426.48333333333));
#6807=CARTESIAN_POINT('Ctrl Pts',(-516.2,-342.644726734577,1426.48333333333));
#6808=CARTESIAN_POINT('Ctrl Pts',(-516.2,-342.654912408947,1426.4833226209));
#6809=CARTESIAN_POINT('Ctrl Pts',(-516.2,-342.66407053342,1426.48330291304));
#6810=CARTESIAN_POINT('Ctrl Pts',(-516.2,-342.668645123917,1426.48329306873));
#6811=CARTESIAN_POINT('Ctrl Pts',(-516.2,-342.672963492307,1426.48328130747));
#6812=CARTESIAN_POINT('Ctrl Pts',(-516.2,-342.676743144915,1426.48326952311));
#6813=CARTESIAN_POINT('Ctrl Pts',(-516.2,-342.677894024644,1426.48326593485));
#6814=CARTESIAN_POINT('Ctrl Pts',(-516.2,-342.678994959653,1426.48326235045));
#6815=CARTESIAN_POINT('Ctrl Pts',(-516.2,-342.680037981262,1426.48325883636));
#6816=CARTESIAN_POINT('Ctrl Pts',(-516.2,-342.680515472549,1426.48325722762));
#6817=CARTESIAN_POINT('Ctrl Pts',(-516.2,-342.68098082653,1426.48325563368));
#6818=CARTESIAN_POINT('Ctrl Pts',(-516.2,-342.681433278779,1426.48325406114));
#6819=CARTESIAN_POINT('Ctrl Pts',(-516.2,-342.681873165095,1426.48325253228));
#6820=CARTESIAN_POINT('Ctrl Pts',(-516.2,-342.68230892138,1426.48325099583));
#6821=CARTESIAN_POINT('Ctrl Pts',(-516.2,-342.682746576206,1426.48324943087));
#6822=CARTESIAN_POINT('Ctrl Pts',(-516.2,-342.954383749251,1426.4822781153));
#6823=CARTESIAN_POINT('Ctrl Pts',(-516.2,-343.221786748275,1426.47287322308));
#6824=CARTESIAN_POINT('Ctrl Pts',(-516.2,-343.484580563561,1426.45525514901));
#6825=CARTESIAN_POINT('Ctrl Pts',(-516.2,-343.748754584721,1426.43754454396));
#6826=CARTESIAN_POINT('Ctrl Pts',(-516.2,-344.0082706754,1426.41153441675));
#6827=CARTESIAN_POINT('Ctrl Pts',(-516.2,-344.262774892146,1426.37749403307));
#6828=CARTESIAN_POINT('Ctrl Pts',(-516.2,-344.518516467338,1426.34328815054));
#6829=CARTESIAN_POINT('Ctrl Pts',(-516.2,-344.769197115276,1426.30097391489));
#6830=CARTESIAN_POINT('Ctrl Pts',(-516.2,-345.01448796127,1426.25086770673));
#6831=CARTESIAN_POINT('Ctrl Pts',(-516.2,-345.260854164547,1426.2005418325));
#6832=CARTESIAN_POINT('Ctrl Pts',(-516.2,-345.501783010345,1426.14235570982));
#6833=CARTESIAN_POINT('Ctrl Pts',(-516.2,-345.736974706683,1426.07667053815));
#6834=CARTESIAN_POINT('Ctrl Pts',(-516.2,-345.973075067454,1426.01073159146));
#6835=CARTESIAN_POINT('Ctrl Pts',(-516.2,-346.20339367868,1425.93723574771));
#6836=CARTESIAN_POINT('Ctrl Pts',(-516.2,-346.427663716269,1425.85658622871));
#6837=CARTESIAN_POINT('Ctrl Pts',(-516.2,-346.652685902045,1425.77566623047));
#6838=CARTESIAN_POINT('Ctrl Pts',(-516.2,-346.871618705857,1425.68754471465));
#6839=CARTESIAN_POINT('Ctrl Pts',(-516.2,-347.084231895939,1425.59266372324));
#6840=CARTESIAN_POINT('Ctrl Pts',(-516.2,-347.297464131134,1425.49750647609));
#6841=CARTESIAN_POINT('Ctrl Pts',(-516.2,-347.504339746303,1425.39555056517));
#6842=CARTESIAN_POINT('Ctrl Pts',(-516.2,-347.704668361866,1425.28727338651));
#6843=CARTESIAN_POINT('Ctrl Pts',(-516.2,-347.915203264162,1425.17347973219));
#6844=CARTESIAN_POINT('Ctrl Pts',(-516.2,-348.118506508261,1425.05270432074));
#6845=CARTESIAN_POINT('Ctrl Pts',(-516.2,-348.314409241176,1424.92553434709));
#6846=CARTESIAN_POINT('Ctrl Pts',(-516.2,-348.502030550221,1424.80374024769));
#6847=CARTESIAN_POINT('Ctrl Pts',(-516.2,-348.682864059075,1424.6760812502));
#6848=CARTESIAN_POINT('Ctrl Pts',(-516.2,-348.856809013903,1424.54309835867));
#6849=CARTESIAN_POINT('Ctrl Pts',(-516.2,-349.031195310264,1424.40977805653));
#6850=CARTESIAN_POINT('Ctrl Pts',(-516.2,-349.198657962522,1424.27110705165));
#6851=CARTESIAN_POINT('Ctrl Pts',(-516.2,-349.359143661636,1424.12765148041));
#6852=CARTESIAN_POINT('Ctrl Pts',(-516.2,-349.520100362369,1423.98377488844));
#6853=CARTESIAN_POINT('Ctrl Pts',(-516.2,-349.674039029319,1423.83508584437));
#6854=CARTESIAN_POINT('Ctrl Pts',(-516.2,-349.820955512859,1423.68217296389));
#6855=CARTESIAN_POINT('Ctrl Pts',(-516.2,-349.968397053424,1423.52871359619));
#6856=CARTESIAN_POINT('Ctrl Pts',(-516.2,-350.108766082822,1423.37100038343));
#6857=CARTESIAN_POINT('Ctrl Pts',(-516.2,-350.242109185394,1423.20964227462));
#6858=CARTESIAN_POINT('Ctrl Pts',(-516.2,-350.376048284686,1423.04756295188));
#6859=CARTESIAN_POINT('Ctrl Pts',(-516.2,-350.502898487007,1422.88180630946));
#6860=CARTESIAN_POINT('Ctrl Pts',(-516.2,-350.6227586784,1422.71300007172));
#6861=CARTESIAN_POINT('Ctrl Pts',(-516.2,-350.74329497966,1422.54324162825));
#6862=CARTESIAN_POINT('Ctrl Pts',(-516.2,-350.856762189288,1422.37039931609));
#6863=CARTESIAN_POINT('Ctrl Pts',(-516.2,-350.963313207288,1422.19511873957));
#6864=CARTESIAN_POINT('Ctrl Pts',(-516.2,-351.070622191557,1422.01859127901));
#6865=CARTESIAN_POINT('Ctrl Pts',(-516.2,-351.17091626081,1421.83959096588));
#6866=CARTESIAN_POINT('Ctrl Pts',(-516.2,-351.264404359881,1421.65878113376));
#6867=CARTESIAN_POINT('Ctrl Pts',(-516.2,-351.362140283907,1421.46975583333));
#6868=CARTESIAN_POINT('Ctrl Pts',(-516.2,-351.452437413967,1421.27875308992));
#6869=CARTESIAN_POINT('Ctrl Pts',(-516.2,-351.535594451825,1421.08653136131));
#6870=CARTESIAN_POINT('Ctrl Pts',(-516.2,-351.617305862984,1420.89765127246));
#6871=CARTESIAN_POINT('Ctrl Pts',(-516.2,-351.692123633414,1420.70759444004));
#6872=CARTESIAN_POINT('Ctrl Pts',(-516.2,-351.760386263863,1420.51707733906));
#6873=CARTESIAN_POINT('Ctrl Pts',(-516.2,-351.829622840511,1420.32384200988));
#6874=CARTESIAN_POINT('Ctrl Pts',(-516.2,-351.89211601334,1420.13013342277));
#6875=CARTESIAN_POINT('Ctrl Pts',(-516.2,-351.948272974072,1419.93669239993));
#6876=CARTESIAN_POINT('Ctrl Pts',(-516.2,-352.005407347465,1419.73988453347));
#6877=CARTESIAN_POINT('Ctrl Pts',(-516.2,-352.05598319904,1419.54335387575));
#6878=CARTESIAN_POINT('Ctrl Pts',(-516.2,-352.100482639871,1419.3478699215));
#6879=CARTESIAN_POINT('Ctrl Pts',(-516.2,-352.14444272619,1419.1547553263));
#6880=CARTESIAN_POINT('Ctrl Pts',(-516.2,-352.182473275578,1418.9626623812));
#6881=CARTESIAN_POINT('Ctrl Pts',(-516.2,-352.215085424266,1418.77231957251));
#6882=CARTESIAN_POINT('Ctrl Pts',(-516.2,-352.227314980024,1418.70094101924));
#6883=CARTESIAN_POINT('Ctrl Pts',(-516.2,-352.238783008119,1418.6298084306));
#6884=CARTESIAN_POINT('Ctrl Pts',(-516.2,-352.249517961565,1418.55895966043));
#6885=CARTESIAN_POINT('Ctrl Pts',(-516.2,-352.250425281712,1418.55297150996));
#6886=CARTESIAN_POINT('Ctrl Pts',(-516.2,-352.251326737417,1418.54698963313));
#6887=CARTESIAN_POINT('Ctrl Pts',(-516.2,-352.252226515972,1418.54098606303));
#6888=CARTESIAN_POINT('Ctrl Pts',(-516.2,-352.275196259182,1418.38772561601));
#6889=CARTESIAN_POINT('Ctrl Pts',(-516.2,-352.296574352008,1418.2236141299));
#6890=CARTESIAN_POINT('Ctrl Pts',(-516.2,-352.31513785843,1418.0487240518));
#6891=CARTESIAN_POINT('Ctrl Pts',(-516.2,-352.333641937569,1417.87439384866));
#6892=CARTESIAN_POINT('Ctrl Pts',(-516.2,-352.349347879981,1417.68935265722));
#6893=CARTESIAN_POINT('Ctrl Pts',(-516.2,-352.36100885497,1417.49370854265));
#6894=CARTESIAN_POINT('Ctrl Pts',(-516.2,-352.372085635639,1417.30786585384));
#6895=CARTESIAN_POINT('Ctrl Pts',(-516.2,-352.379511231916,1417.1124554739));
#6896=CARTESIAN_POINT('Ctrl Pts',(-516.2,-352.382205933176,1416.90761530355));
#6897=CARTESIAN_POINT('Ctrl Pts',(-516.2,-352.382949971548,1416.85105654912));
#6898=CARTESIAN_POINT('Ctrl Pts',(-516.2,-352.383333333333,1416.79377919068));
#6899=CARTESIAN_POINT('Ctrl Pts',(-516.2,-352.383333333333,1416.73578685333));
#6900=CARTESIAN_POINT('Ctrl Pts',(-516.2,-352.383333333333,1415.1048032662));
#6901=CARTESIAN_POINT('Ctrl Pts',(-516.2,-352.383333333333,1412.30705812099));
#6902=CARTESIAN_POINT('Ctrl Pts',(-516.2,-352.383333333333,1410.51175981333));
#6903=CARTESIAN_POINT('Ctrl Pts',(-516.2,-352.383333333333,1404.66323192534));
#6904=CARTESIAN_POINT('Ctrl Pts',(-516.2,-348.479052844637,1401.0122476285));
#6905=CARTESIAN_POINT('Ctrl Pts',(-516.2,-342.635786853333,1400.76421333333));
#6906=CARTESIAN_POINT('Ctrl Pts',(-516.2,-340.392642667996,1400.66899660217));
#6907=CARTESIAN_POINT('Ctrl Pts',(-516.2,-338.149489369676,1400.57377948419));
#6908=CARTESIAN_POINT('Ctrl Pts',(-516.2,-335.906440884464,1400.4785668153));
#6909=CARTESIAN_POINT('Ctrl Pts',(-516.2,-208.756055614941,1395.08130161507));
#6910=CARTESIAN_POINT('Ctrl Pts',(-516.2,-81.9455535202182,1389.69846373747));
#6911=CARTESIAN_POINT('Ctrl Pts',(-516.2,23.2305468697784,1385.23396050117));
#6912=CARTESIAN_POINT('Ctrl Pts',(-516.2,75.8185970647765,1383.00170888303));
#6913=CARTESIAN_POINT('Ctrl Pts',(-516.2,122.998046833594,1380.99904092521));
#6914=CARTESIAN_POINT('Ctrl Pts',(-516.2,162.107081359988,1379.33894504255));
#6915=CARTESIAN_POINT('Ctrl Pts',(-516.2,171.884339991586,1378.92392107189));
#6916=CARTESIAN_POINT('Ctrl Pts',(-516.2,181.157197670533,1378.53030785592));
#6917=CARTESIAN_POINT('Ctrl Pts',(-516.2,189.884063540326,1378.15987083864));
#6918=CARTESIAN_POINT('Ctrl Pts',(-516.2,191.520350890912,1378.0904138979));
#6919=CARTESIAN_POINT('Ctrl Pts',(-516.2,193.137443216956,1378.02177174539));
#6920=CARTESIAN_POINT('Ctrl Pts',(-516.2,194.735066359983,1377.95395601857));
#6921=CARTESIAN_POINT('Ctrl Pts',(-516.2,195.483952208277,1377.92216739662));
#6922=CARTESIAN_POINT('Ctrl Pts',(-516.2,196.228560159912,1377.89056036234));
#6923=CARTESIAN_POINT('Ctrl Pts',(-516.2,196.968861977434,1377.85913611436));
#6924=CARTESIAN_POINT('Ctrl Pts',(-516.2,197.148153823865,1377.85152555431));
#6925=CARTESIAN_POINT('Ctrl Pts',(-516.2,197.327193094923,1377.84392571554));
#6926=CARTESIAN_POINT('Ctrl Pts',(-516.2,197.505979389485,1377.83633661509));
#6927=CARTESIAN_POINT('Ctrl Pts',(-516.2,197.526286339029,1377.83547462799));
#6928=CARTESIAN_POINT('Ctrl Pts',(-516.2,197.546588501392,1377.83461284409));
#6929=CARTESIAN_POINT('Ctrl Pts',(-516.2,197.566904624438,1377.83375046759));
#6930=CARTESIAN_POINT('Ctrl Pts',(-516.2,220.262705102002,1376.87036169099));
#6931=CARTESIAN_POINT('Ctrl Pts',(-516.2,255.159778543209,1375.389054657));
#6932=CARTESIAN_POINT('Ctrl Pts',(-516.2,298.170666666668,1373.56333333333));
#6933=CARTESIAN_POINT('Ctrl Pts',(-516.2,298.52254623067,1373.54839678932));
#6934=CARTESIAN_POINT('Ctrl Pts',(-516.2,298.87977549618,1373.52793228342));
#6935=CARTESIAN_POINT('Ctrl Pts',(-516.2,299.240953851695,1373.501176742));
#6936=CARTESIAN_POINT('Ctrl Pts',(-516.2,299.584380706305,1373.47573620468));
#6937=CARTESIAN_POINT('Ctrl Pts',(-516.2,299.931377675821,1373.44460763699));
#6938=CARTESIAN_POINT('Ctrl Pts',(-516.2,300.280756816476,1373.40717696099));
#6939=CARTESIAN_POINT('Ctrl Pts',(-516.2,300.617069264134,1373.37114618296));
#6940=CARTESIAN_POINT('Ctrl Pts',(-516.2,300.955588780482,1373.32927574086));
#6941=CARTESIAN_POINT('Ctrl Pts',(-516.2,301.295275231105,1373.28106014112));
#6942=CARTESIAN_POINT('Ctrl Pts',(-516.2,301.624844668189,1373.23428056532));
#6943=CARTESIAN_POINT('Ctrl Pts',(-516.2,301.95551236113,1373.18152806565));
#6944=CARTESIAN_POINT('Ctrl Pts',(-516.2,302.28635029987,1373.12238322866));
#6945=CARTESIAN_POINT('Ctrl Pts',(-516.2,302.609102780882,1373.06468385189));
#6946=CARTESIAN_POINT('Ctrl Pts',(-516.2,302.932017115281,1373.00090069646));
#6947=CARTESIAN_POINT('Ctrl Pts',(-516.2,303.254255615006,1372.93068644676));
#6948=CARTESIAN_POINT('Ctrl Pts',(-516.2,303.569897924069,1372.8619094759));
#6949=CARTESIAN_POINT('Ctrl Pts',(-516.2,303.884891632623,1372.78696195118));
#6950=CARTESIAN_POINT('Ctrl Pts',(-516.2,304.198475076487,1372.70555928134));
#6951=CARTESIAN_POINT('Ctrl Pts',(-516.2,304.506605095533,1372.62557225811));
#6952=CARTESIAN_POINT('Ctrl Pts',(-516.2,304.813373339294,1372.53935261878));
#6953=CARTESIAN_POINT('Ctrl Pts',(-516.2,305.118084307291,1372.44667185213));
#6954=CARTESIAN_POINT('Ctrl Pts',(-516.2,305.418249773134,1372.35537364361));
#6955=CARTESIAN_POINT('Ctrl Pts',(-516.2,305.716418761785,1372.25780561183));
#6956=CARTESIAN_POINT('Ctrl Pts',(-516.2,306.0119548822,1372.15379041179));
#6957=CARTESIAN_POINT('Ctrl Pts',(-516.2,306.303686771426,1372.05111412717));
#6958=CARTESIAN_POINT('Ctrl Pts',(-516.2,306.592853026783,1371.94215557125));
#6959=CARTESIAN_POINT('Ctrl Pts',(-516.2,306.878871180753,1371.82678481));
#6960=CARTESIAN_POINT('Ctrl Pts',(-516.2,307.161703650575,1371.71269905391));
#6961=CARTESIAN_POINT('Ctrl Pts',(-516.2,307.441457653362,1371.59234313));
#6962=CARTESIAN_POINT('Ctrl Pts',(-516.2,307.717600756203,1371.4656315718));
#6963=CARTESIAN_POINT('Ctrl Pts',(-516.2,307.991083523499,1371.34014074031));
#6964=CARTESIAN_POINT('Ctrl Pts',(-516.2,308.261024535232,1371.20841614531));
#6965=CARTESIAN_POINT('Ctrl Pts',(-516.2,308.526938436338,1371.07041443671));
#6966=CARTESIAN_POINT('Ctrl Pts',(-516.2,308.790644690177,1370.9335584339));
#6967=CARTESIAN_POINT('Ctrl Pts',(-516.2,309.050390335428,1370.79052911953));
#6968=CARTESIAN_POINT('Ctrl Pts',(-516.2,309.305734828579,1370.64132335727));
#6969=CARTESIAN_POINT('Ctrl Pts',(-516.2,309.559266393624,1370.49317694552));
#6970=CARTESIAN_POINT('Ctrl Pts',(-516.2,309.808458999598,1370.3389414931));
#6971=CARTESIAN_POINT('Ctrl Pts',(-516.2,310.052915173882,1370.17865252724));
#6972=CARTESIAN_POINT('Ctrl Pts',(-516.2,310.295905920941,1370.01932443633));
#6973=CARTESIAN_POINT('Ctrl Pts',(-516.2,310.534216777859,1369.85401521082));
#6974=CARTESIAN_POINT('Ctrl Pts',(-516.2,310.767492013096,1369.68279777876));
#6975=CARTESIAN_POINT('Ctrl Pts',(-516.2,310.999610116887,1369.5124296485));
#6976=CARTESIAN_POINT('Ctrl Pts',(-516.2,311.226742363439,1369.33621180393));
#6977=CARTESIAN_POINT('Ctrl Pts',(-516.2,311.448573762284,1369.15425355503));
#6978=CARTESIAN_POINT('Ctrl Pts',(-516.2,311.669523179848,1368.97301875544));
#6979=CARTESIAN_POINT('Ctrl Pts',(-516.2,311.885213754279,1368.78608913563));
#6980=CARTESIAN_POINT('Ctrl Pts',(-516.2,312.09537050861,1368.5936095839));
#6981=CARTESIAN_POINT('Ctrl Pts',(-516.2,312.30489191746,1368.40171193596));
#6982=CARTESIAN_POINT('Ctrl Pts',(-516.2,312.508912857961,1368.20429789478));
#6983=CARTESIAN_POINT('Ctrl Pts',(-516.2,312.707197871363,1368.00154732167));
#6984=CARTESIAN_POINT('Ctrl Pts',(-516.2,312.90506922404,1367.79921972531));
#6985=CARTESIAN_POINT('Ctrl Pts',(-516.2,313.097228505458,1367.59157787612));
#6986=CARTESIAN_POINT('Ctrl Pts',(-516.2,313.283479485107,1367.37883619384));
#6987=CARTESIAN_POINT('Ctrl Pts',(-516.2,313.478563035133,1367.156005674));
#6988=CARTESIAN_POINT('Ctrl Pts',(-516.2,313.667164212175,1366.92757988066));
#6989=CARTESIAN_POINT('Ctrl Pts',(-516.2,313.84910295151,1366.69384662542));
#6990=CARTESIAN_POINT('Ctrl Pts',(-516.2,314.022638154188,1366.47090923469));
#6991=CARTESIAN_POINT('Ctrl Pts',(-516.2,314.190112445558,1366.24314368124));
#6992=CARTESIAN_POINT('Ctrl Pts',(-516.2,314.351409717807,1366.01083503267));
#6993=CARTESIAN_POINT('Ctrl Pts',(-516.2,314.512912605583,1365.77823024602));
#6994=CARTESIAN_POINT('Ctrl Pts',(-516.2,314.668222678793,1365.54107081951));
#6995=CARTESIAN_POINT('Ctrl Pts',(-516.2,314.817263284722,1365.29967682595));
#6996=CARTESIAN_POINT('Ctrl Pts',(-516.2,314.9666411771,1365.05773654553));
#6997=CARTESIAN_POINT('Ctrl Pts',(-516.2,315.109721163377,1364.81154255994));
#6998=CARTESIAN_POINT('Ctrl Pts',(-516.2,315.246466642074,1364.56145045964));
#6999=CARTESIAN_POINT('Ctrl Pts',(-516.2,315.38366589149,1364.31052846373));
#7000=CARTESIAN_POINT('Ctrl Pts',(-516.2,315.514488499655,1364.05568249361));
#7001=CARTESIAN_POINT('Ctrl Pts',(-516.2,315.638938714728,1363.79730444284));
#7002=CARTESIAN_POINT('Ctrl Pts',(-516.2,315.76394418071,1363.5377736046));
#7003=CARTESIAN_POINT('Ctrl Pts',(-516.2,315.882520248084,1363.27467915664));
#7004=CARTESIAN_POINT('Ctrl Pts',(-516.2,315.994713049842,1363.0084504088));
#7005=CARTESIAN_POINT('Ctrl Pts',(-516.2,316.107547457695,1362.74069915698));
#7006=CARTESIAN_POINT('Ctrl Pts',(-516.2,316.213925374155,1362.46977771821));
#7007=CARTESIAN_POINT('Ctrl Pts',(-516.2,316.313936139196,1362.19615433527));
#7008=CARTESIAN_POINT('Ctrl Pts',(-516.2,316.41465927261,1361.92058195571));
#7009=CARTESIAN_POINT('Ctrl Pts',(-516.2,316.508924227175,1361.64226907356));
#7010=CARTESIAN_POINT('Ctrl Pts',(-516.2,316.596865231004,1361.36172489045));
#7011=CARTESIAN_POINT('Ctrl Pts',(-516.2,316.68981390433,1361.06520553663));
#7012=CARTESIAN_POINT('Ctrl Pts',(-516.2,316.775697532746,1360.76619335341));
#7013=CARTESIAN_POINT('Ctrl Pts',(-516.2,316.854725818232,1360.46532513406));
#7014=CARTESIAN_POINT('Ctrl Pts',(-516.2,316.931447154789,1360.17323968928));
#7015=CARTESIAN_POINT('Ctrl Pts',(-516.2,317.001707882014,1359.87940529217));
#7016=CARTESIAN_POINT('Ctrl Pts',(-516.2,317.06574589018,1359.58443541089));
#7017=CARTESIAN_POINT('Ctrl Pts',(-516.2,317.130618231221,1359.28562245147));
#7018=CARTESIAN_POINT('Ctrl Pts',(-516.2,317.189104686961,1358.98564432553));
#7019=CARTESIAN_POINT('Ctrl Pts',(-516.2,317.241498142835,1358.68516820753));
#7020=CARTESIAN_POINT('Ctrl Pts',(-516.2,317.294706618356,1358.38001795732));
#7021=CARTESIAN_POINT('Ctrl Pts',(-516.2,317.341631114186,1358.0743542135));
#7022=CARTESIAN_POINT('Ctrl Pts',(-516.2,317.382624409605,1357.76890432921));
#7023=CARTESIAN_POINT('Ctrl Pts',(-516.2,317.424908339707,1357.45383764757));
#7024=CARTESIAN_POINT('Ctrl Pts',(-516.2,317.460881700063,1357.13899858181));
#7025=CARTESIAN_POINT('Ctrl Pts',(-516.2,317.490980084504,1356.82521416568));
#7026=CARTESIAN_POINT('Ctrl Pts',(-516.2,317.521724741059,1356.50469217471));
#7027=CARTESIAN_POINT('Ctrl Pts',(-516.2,317.546339549407,1356.18527078222));
#7028=CARTESIAN_POINT('Ctrl Pts',(-516.2,317.565337530587,1355.86785904557));
#7029=CARTESIAN_POINT('Ctrl Pts',(-516.2,317.585198306556,1355.53603203027));
#7030=CARTESIAN_POINT('Ctrl Pts',(-516.2,317.598920533092,1355.20640149625));
#7031=CARTESIAN_POINT('Ctrl Pts',(-516.2,317.607142050056,1354.88003362073));
#7032=CARTESIAN_POINT('Ctrl Pts',(-516.2,317.61360160932,1354.62360981929));
#7033=CARTESIAN_POINT('Ctrl Pts',(-516.2,317.616666666667,1354.36920070416));
#7034=CARTESIAN_POINT('Ctrl Pts',(-516.2,317.616666666667,1354.11733333333));
#7035=CARTESIAN_POINT('Ctrl Pts',(-516.2,317.616666666667,1354.11733333333));
#7036=CARTESIAN_POINT('Ctrl Pts',(-516.2,317.616666666667,1226.06706608691));
#7037=CARTESIAN_POINT('Ctrl Pts',(-516.2,317.616666666667,1098.01679884049));
#7038=CARTESIAN_POINT('Ctrl Pts',(-516.2,317.616666666667,991.733014390485));
#7039=CARTESIAN_POINT('Ctrl Pts',(-516.2,317.616666666667,938.591122165484));
#7040=CARTESIAN_POINT('Ctrl Pts',(-516.2,317.616666666667,890.890850639588));
#7041=CARTESIAN_POINT('Ctrl Pts',(-516.2,317.616666666667,851.353010162351));
#7042=CARTESIAN_POINT('Ctrl Pts',(-516.2,317.616666666667,841.468550043041));
#7043=CARTESIAN_POINT('Ctrl Pts',(-516.2,317.616666666667,832.094241864273));
#7044=CARTESIAN_POINT('Ctrl Pts',(-516.2,317.616666666667,823.272598287758));
#7045=CARTESIAN_POINT('Ctrl Pts',(-516.2,317.616666666667,821.618540117161));
#7046=CARTESIAN_POINT('Ctrl Pts',(-516.2,317.616666666667,819.983911561487));
#7047=CARTESIAN_POINT('Ctrl Pts',(-516.2,317.616666666667,818.368992855567));
#7048=CARTESIAN_POINT('Ctrl Pts',(-516.2,317.616666666667,817.611999712167));
#7049=CARTESIAN_POINT('Ctrl Pts',(-516.2,317.616666666667,816.859337346301));
#7050=CARTESIAN_POINT('Ctrl Pts',(-516.2,317.616666666667,816.111034621266));
#7051=CARTESIAN_POINT('Ctrl Pts',(-516.2,317.616666666667,815.748575488828));
#7052=CARTESIAN_POINT('Ctrl Pts',(-516.2,317.616666666667,815.387139211575));
#7053=CARTESIAN_POINT('Ctrl Pts',(-516.2,317.616666666667,815.026729069637));
#7054=CARTESIAN_POINT('Ctrl Pts',(-516.2,317.616666666667,815.004863061324));
#7055=CARTESIAN_POINT('Ctrl Pts',(-516.2,317.616666666667,814.983000830034));
#7056=CARTESIAN_POINT('Ctrl Pts',(-516.2,317.616666666667,814.961142376499));
#7057=CARTESIAN_POINT('Ctrl Pts',(-516.2,317.616666666667,814.943027062488));
#7058=CARTESIAN_POINT('Ctrl Pts',(-516.2,317.616666666667,814.924913590972));
#7059=CARTESIAN_POINT('Ctrl Pts',(-516.2,317.616666666667,814.906788913527));
#7060=CARTESIAN_POINT('Ctrl Pts',(-516.2,317.616666666667,792.237057215915));
#7061=CARTESIAN_POINT('Ctrl Pts',(-516.2,317.616666666667,757.391470230476));
#7062=CARTESIAN_POINT('Ctrl Pts',(-516.2,317.616666666667,714.449333333333));
#7063=CARTESIAN_POINT('Ctrl Pts',(-516.2,317.616666666667,714.129496290271));
#7064=CARTESIAN_POINT('Ctrl Pts',(-516.2,317.611722723528,713.805616368613));
#7065=CARTESIAN_POINT('Ctrl Pts',(-516.2,317.601169962978,713.478763348641));
#7066=CARTESIAN_POINT('Ctrl Pts',(-516.2,317.590997059087,713.163675714147));
#7067=CARTESIAN_POINT('Ctrl Pts',(-516.2,317.575611699716,712.84582536723));
#7068=CARTESIAN_POINT('Ctrl Pts',(-516.2,317.554459468311,712.526149943179));
#7069=CARTESIAN_POINT('Ctrl Pts',(-516.2,317.533896251445,712.215376344601));
#7070=CARTESIAN_POINT('Ctrl Pts',(-516.2,317.50788274611,711.9028780565));
#7071=CARTESIAN_POINT('Ctrl Pts',(-516.2,317.475951303262,711.589493987272));
#7072=CARTESIAN_POINT('Ctrl Pts',(-516.2,317.444728015024,711.283059944517));
#7073=CARTESIAN_POINT('Ctrl Pts',(-516.2,317.407846277887,710.975779106359));
#7074=CARTESIAN_POINT('Ctrl Pts',(-516.2,317.364910886739,710.668411777101));
#7075=CARTESIAN_POINT('Ctrl Pts',(-516.2,317.322747427665,710.366570581258));
#7076=CARTESIAN_POINT('Ctrl Pts',(-516.2,317.274745967331,710.064646090907));
#7077=CARTESIAN_POINT('Ctrl Pts',(-516.2,317.220574382321,709.763333082972));
#7078=CARTESIAN_POINT('Ctrl Pts',(-516.2,317.167200351624,709.466456228954));
#7079=CARTESIAN_POINT('Ctrl Pts',(-516.2,317.107836491872,709.170173085472));
#7080=CARTESIAN_POINT('Ctrl Pts',(-516.2,317.042207300429,708.875121854697));
#7081=CARTESIAN_POINT('Ctrl Pts',(-516.2,316.977372542951,708.583642185814));
#7082=CARTESIAN_POINT('Ctrl Pts',(-516.2,316.906423183117,708.293364876348));
#7083=CARTESIAN_POINT('Ctrl Pts',(-516.2,316.829135702719,708.004877909904));
#7084=CARTESIAN_POINT('Ctrl Pts',(-516.2,316.7526162885,707.719257864219));
#7085=CARTESIAN_POINT('Ctrl Pts',(-516.2,316.669884078753,707.435392836478));
#7086=CARTESIAN_POINT('Ctrl Pts',(-516.2,316.58076411744,707.153825218275));
#7087=CARTESIAN_POINT('Ctrl Pts',(-516.2,316.492365943214,706.87453803049));
#7088=CARTESIAN_POINT('Ctrl Pts',(-516.2,316.397683055632,706.597511264587));
#7089=CARTESIAN_POINT('Ctrl Pts',(-516.2,316.296586484572,706.32324514068));
#7090=CARTESIAN_POINT('Ctrl Pts',(-516.2,316.196147558549,706.050763150035));
#7091=CARTESIAN_POINT('Ctrl Pts',(-516.2,316.089378118221,705.781006071108));
#7092=CARTESIAN_POINT('Ctrl Pts',(-516.2,315.976193216437,705.514434499235));
#7093=CARTESIAN_POINT('Ctrl Pts',(-516.2,315.863585175087,705.249221541367));
#7094=CARTESIAN_POINT('Ctrl Pts',(-516.2,315.744626905392,704.987161767101));
#7095=CARTESIAN_POINT('Ctrl Pts',(-516.2,315.619275981065,704.72867803903));
#7096=CARTESIAN_POINT('Ctrl Pts',(-516.2,315.494405134759,704.471184270606));
#7097=CARTESIAN_POINT('Ctrl Pts',(-516.2,315.363190519228,704.217239269159));
#7098=CARTESIAN_POINT('Ctrl Pts',(-516.2,315.225631085291,703.967229551006));
#7099=CARTESIAN_POINT('Ctrl Pts',(-516.2,315.088439157545,703.717887763192));
#7100=CARTESIAN_POINT('Ctrl Pts',(-516.2,314.944936288145,703.472460315419));
#7101=CARTESIAN_POINT('Ctrl Pts',(-516.2,314.795161949736,703.231298362493));
#7102=CARTESIAN_POINT('Ctrl Pts',(-516.2,314.645626601073,702.990521223376));
#7103=CARTESIAN_POINT('Ctrl Pts',(-516.2,314.489839808636,702.753996029294));
#7104=CARTESIAN_POINT('Ctrl Pts',(-516.2,314.327880952497,702.522039230062));
#7105=CARTESIAN_POINT('Ctrl Pts',(-516.2,314.166016135996,702.29021711401));
#7106=CARTESIAN_POINT('Ctrl Pts',(-516.2,313.997986454435,702.062958137396));
#7107=CARTESIAN_POINT('Ctrl Pts',(-516.2,313.823910790165,701.840544425657));
#7108=CARTESIAN_POINT('Ctrl Pts',(-516.2,313.649766957289,701.618043615973));
#7109=CARTESIAN_POINT('Ctrl Pts',(-516.2,313.469572444907,701.400391911337));
#7110=CARTESIAN_POINT('Ctrl Pts',(-516.2,313.283485422297,701.187837254473));
#7111=CARTESIAN_POINT('Ctrl Pts',(-516.2,313.097149576779,700.974998383981));
#7112=CARTESIAN_POINT('Ctrl Pts',(-516.2,312.904905497745,700.767270242163));
#7113=CARTESIAN_POINT('Ctrl Pts',(-516.2,312.706950606259,700.564866517055));
#7114=CARTESIAN_POINT('Ctrl Pts',(-516.2,312.508546186127,700.362003160607));
#7115=CARTESIAN_POINT('Ctrl Pts',(-516.2,312.304405038418,700.164488467587));
#7116=CARTESIAN_POINT('Ctrl Pts',(-516.2,312.09476398024,699.972501601614));
#7117=CARTESIAN_POINT('Ctrl Pts',(-516.2,311.884450530028,699.779898966761));
#7118=CARTESIAN_POINT('Ctrl Pts',(-516.2,311.668601889676,699.592859708487));
#7119=CARTESIAN_POINT('Ctrl Pts',(-516.2,311.447494603681,699.411528006242));
#7120=CARTESIAN_POINT('Ctrl Pts',(-516.2,311.220544195136,699.225404316462));
#7121=CARTESIAN_POINT('Ctrl Pts',(-516.2,310.988053457046,699.045294008759));
#7122=CARTESIAN_POINT('Ctrl Pts',(-516.2,310.750361167477,698.871312565889));
#7123=CARTESIAN_POINT('Ctrl Pts',(-516.2,310.515898143733,698.699694819075));
#7124=CARTESIAN_POINT('Ctrl Pts',(-516.2,310.276374133349,698.534040438049));
#7125=CARTESIAN_POINT('Ctrl Pts',(-516.2,310.032151176213,698.374421252801));
#7126=CARTESIAN_POINT('Ctrl Pts',(-516.2,309.78633889421,698.213763316964));
#7127=CARTESIAN_POINT('Ctrl Pts',(-516.2,309.535766383222,698.059219404646));
#7128=CARTESIAN_POINT('Ctrl Pts',(-516.2,309.2808386181,697.910823342628));
#7129=CARTESIAN_POINT('Ctrl Pts',(-516.2,309.023975364932,697.761300613202));
#7130=CARTESIAN_POINT('Ctrl Pts',(-516.2,308.762690556178,697.61801945732));
#7131=CARTESIAN_POINT('Ctrl Pts',(-516.2,308.497433527067,697.480974291355));
#7132=CARTESIAN_POINT('Ctrl Pts',(-516.2,308.229847655088,697.342725927652));
#7133=CARTESIAN_POINT('Ctrl Pts',(-516.2,307.958219597795,697.210823542998));
#7134=CARTESIAN_POINT('Ctrl Pts',(-516.2,307.683044883896,697.085220452934));
#7135=CARTESIAN_POINT('Ctrl Pts',(-516.2,307.405090429202,696.958348554306));
#7136=CARTESIAN_POINT('Ctrl Pts',(-516.2,307.123517399541,696.837903863173));
#7137=CARTESIAN_POINT('Ctrl Pts',(-516.2,306.838869873327,696.723796554151));
#7138=CARTESIAN_POINT('Ctrl Pts',(-516.2,306.550920159718,696.608365489666));
#7139=CARTESIAN_POINT('Ctrl Pts',(-516.2,306.259824309037,696.499419693857));
#7140=CARTESIAN_POINT('Ctrl Pts',(-516.2,305.966177992489,696.396823714086));
#7141=CARTESIAN_POINT('Ctrl Pts',(-516.2,305.668616142949,696.292859701));
#7142=CARTESIAN_POINT('Ctrl Pts',(-516.2,305.368435475444,696.195415956303));
#7143=CARTESIAN_POINT('Ctrl Pts',(-516.2,305.066287221152,696.104308325337));
#7144=CARTESIAN_POINT('Ctrl Pts',(-516.2,304.7568407073,696.011000029203));
#7145=CARTESIAN_POINT('Ctrl Pts',(-516.2,304.445330497062,695.924337670657));
#7146=CARTESIAN_POINT('Ctrl Pts',(-516.2,304.132487371438,695.84407813502));
#7147=CARTESIAN_POINT('Ctrl Pts',(-516.2,303.814045484689,695.762382243807));
#7148=CARTESIAN_POINT('Ctrl Pts',(-516.2,303.494222699947,695.687320355439));
#7149=CARTESIAN_POINT('Ctrl Pts',(-516.2,303.173819778202,695.618589835899));
#7150=CARTESIAN_POINT('Ctrl Pts',(-516.2,302.846731976563,695.548425324229));
#7151=CARTESIAN_POINT('Ctrl Pts',(-516.2,302.519039751594,695.484859066102));
#7152=CARTESIAN_POINT('Ctrl Pts',(-516.2,302.191623580675,695.4275221466));
#7153=CARTESIAN_POINT('Ctrl Pts',(-516.2,301.849773870927,695.367657634609));
#7154=CARTESIAN_POINT('Ctrl Pts',(-516.2,301.50822522013,695.314583837549));
#7155=CARTESIAN_POINT('Ctrl Pts',(-516.2,301.168008342838,695.267830054972));
#7156=CARTESIAN_POINT('Ctrl Pts',(-516.2,300.818931910334,695.219858761608));
#7157=CARTESIAN_POINT('Ctrl Pts',(-516.2,300.471257796181,695.178540747184));
#7158=CARTESIAN_POINT('Ctrl Pts',(-516.2,300.126125504833,695.143316378449));
#7159=CARTESIAN_POINT('Ctrl Pts',(-516.2,299.759999968711,695.10594942899));
#7160=CARTESIAN_POINT('Ctrl Pts',(-516.2,299.396735148466,695.075439955518));
#7161=CARTESIAN_POINT('Ctrl Pts',(-516.2,299.037716350934,695.051064158801));
#7162=CARTESIAN_POINT('Ctrl Pts',(-516.2,298.745637336019,695.031233278798));
#7163=CARTESIAN_POINT('Ctrl Pts',(-516.2,298.456369205403,695.015460802445));
#7164=CARTESIAN_POINT('Ctrl Pts',(-516.2,298.170666666667,695.003333333333));
#7165=CARTESIAN_POINT('Ctrl Pts',(-516.2,268.647298290591,693.750128725324));
#7166=CARTESIAN_POINT('Ctrl Pts',(-516.2,239.123919700354,692.496923683745));
#7167=CARTESIAN_POINT('Ctrl Pts',(-516.2,209.601963091073,691.243779002253));
#7168=CARTESIAN_POINT('Ctrl Pts',(-516.2,117.492569911904,687.333929878579));
#7169=CARTESIAN_POINT('Ctrl Pts',(-516.2,25.3970198558449,683.424668366233));
#7170=CARTESIAN_POINT('Ctrl Pts',(-516.2,-66.6411813515681,679.51784119134));
#7171=CARTESIAN_POINT('Ctrl Pts',(-516.2,-112.660281955274,677.564427603894));
#7172=CARTESIAN_POINT('Ctrl Pts',(-516.2,-158.665045346819,675.611622600811));
#7173=CARTESIAN_POINT('Ctrl Pts',(-516.2,-204.65003331051,673.659657022857));
#7174=CARTESIAN_POINT('Ctrl Pts',(-516.2,-227.642527292356,672.68367423388));
#7175=CARTESIAN_POINT('Ctrl Pts',(-516.2,-250.630077417239,671.707901301185));
#7176=CARTESIAN_POINT('Ctrl Pts',(-516.2,-273.612003908196,670.732367079868));
#7177=CARTESIAN_POINT('Ctrl Pts',(-516.2,-285.102967153675,670.24459996921));
#7178=CARTESIAN_POINT('Ctrl Pts',(-516.2,-296.592524490672,669.756892536396));
#7179=CARTESIAN_POINT('Ctrl Pts',(-516.2,-308.080590947068,669.269248388314));
#7180=CARTESIAN_POINT('Ctrl Pts',(-516.2,-313.824624175266,669.025426314272));
#7181=CARTESIAN_POINT('Ctrl Pts',(-516.2,-319.568284683314,668.781620061414));
#7182=CARTESIAN_POINT('Ctrl Pts',(-516.2,-325.311561849696,668.5378300806));
#7183=CARTESIAN_POINT('Ctrl Pts',(-516.2,-328.183200432887,668.415935090192));
#7184=CARTESIAN_POINT('Ctrl Pts',(-516.2,-331.054743180662,668.294044167796));
#7185=CARTESIAN_POINT('Ctrl Pts',(-516.2,-333.926188765331,668.172157369768));
#7186=CARTESIAN_POINT('Ctrl Pts',(-516.2,-335.361911557666,668.111213970754));
#7187=CARTESIAN_POINT('Ctrl Pts',(-516.2,-336.797610059224,668.050271602832));
#7188=CARTESIAN_POINT('Ctrl Pts',(-516.2,-338.233284104044,667.989330273047));
#7189=CARTESIAN_POINT('Ctrl Pts',(-516.2,-338.951121126454,667.958859608155));
#7190=CARTESIAN_POINT('Ctrl Pts',(-516.2,-339.66895203468,667.928389202797));
#7191=CARTESIAN_POINT('Ctrl Pts',(-516.2,-340.386776807977,667.897919057853));
#7192=CARTESIAN_POINT('Ctrl Pts',(-516.2,-340.745689194625,667.882683985382));
#7193=CARTESIAN_POINT('Ctrl Pts',(-516.2,-341.104600047541,667.867448978013));
#7194=CARTESIAN_POINT('Ctrl Pts',(-516.2,-341.463509364131,667.852214035859));
#7195=CARTESIAN_POINT('Ctrl Pts',(-516.2,-341.642964022426,667.844596564782));
#7196=CARTESIAN_POINT('Ctrl Pts',(-516.2,-341.82241829664,667.836979110008));
#7197=CARTESIAN_POINT('Ctrl Pts',(-516.2,-342.001872186448,667.829361671552));
#7198=CARTESIAN_POINT('Ctrl Pts',(-516.2,-342.024303922674,667.828409491745));
#7199=CARTESIAN_POINT('Ctrl Pts',(-516.2,-342.046735652894,667.827457312193));
#7200=CARTESIAN_POINT('Ctrl Pts',(-516.2,-342.069167377107,667.826505132896));
#7201=CARTESIAN_POINT('Ctrl Pts',(-516.2,-342.074740903994,667.826268548455));
#7202=CARTESIAN_POINT('Ctrl Pts',(-516.2,-342.080314430509,667.826031964031));
#7203=CARTESIAN_POINT('Ctrl Pts',(-516.2,-342.085887956654,667.825795379622));
#7204=CARTESIAN_POINT('Ctrl Pts',(-516.2,-342.088666563489,667.825677433633));
#7205=CARTESIAN_POINT('Ctrl Pts',(-516.2,-342.091445170232,667.825559487648));
#7206=CARTESIAN_POINT('Ctrl Pts',(-516.2,-342.094223776882,667.825441541666));
#7207=CARTESIAN_POINT('Ctrl Pts',(-516.2,-342.096839380786,667.825330514807));
#7208=CARTESIAN_POINT('Ctrl Pts',(-516.2,-342.099463004803,667.825219147511));
#7209=CARTESIAN_POINT('Ctrl Pts',(-516.2,-342.102100417407,667.825107194919));
#7210=CARTESIAN_POINT('Ctrl Pts',(-516.2,-342.249372508527,667.81885580582));
#7211=CARTESIAN_POINT('Ctrl Pts',(-516.2,-342.433825633339,667.8110261604));
#7212=CARTESIAN_POINT('Ctrl Pts',(-516.2,-342.635786853333,667.802453333333));
#7213=CARTESIAN_POINT('Ctrl Pts',(-516.2,-342.644711817063,667.80207448748));
#7214=CARTESIAN_POINT('Ctrl Pts',(-516.2,-342.654881334687,667.801633252964));
#7215=CARTESIAN_POINT('Ctrl Pts',(-516.2,-342.664027502195,667.801227416738));
#7216=CARTESIAN_POINT('Ctrl Pts',(-516.2,-342.668596120047,667.801024696788));
#7217=CARTESIAN_POINT('Ctrl Pts',(-516.2,-342.672909562429,667.800831094348));
#7218=CARTESIAN_POINT('Ctrl Pts',(-516.2,-342.676686007578,667.800660261038));
#7219=CARTESIAN_POINT('Ctrl Pts',(-516.2,-342.677734865357,667.800612814342));
#7220=CARTESIAN_POINT('Ctrl Pts',(-516.2,-342.678742302906,667.800567128397));
#7221=CARTESIAN_POINT('Ctrl Pts',(-516.2,-342.679702287354,667.800523504177));
#7222=CARTESIAN_POINT('Ctrl Pts',(-516.2,-342.680284347992,667.800497053809));
#7223=CARTESIAN_POINT('Ctrl Pts',(-516.2,-342.680848963593,667.800471361442));
#7224=CARTESIAN_POINT('Ctrl Pts',(-516.2,-342.681394789637,667.800446494534));
#7225=CARTESIAN_POINT('Ctrl Pts',(-516.2,-342.681831031193,667.800426620109));
#7226=CARTESIAN_POINT('Ctrl Pts',(-516.2,-342.682263559672,667.800406895497));
#7227=CARTESIAN_POINT('Ctrl Pts',(-516.2,-342.682697807024,667.800387073249));
#7228=CARTESIAN_POINT('Ctrl Pts',(-516.2,-342.960303808247,667.787715090332));
#7229=CARTESIAN_POINT('Ctrl Pts',(-516.2,-343.233503268124,667.767338585754));
#7230=CARTESIAN_POINT('Ctrl Pts',(-516.2,-343.501893562849,667.739419244901));
#7231=CARTESIAN_POINT('Ctrl Pts',(-516.2,-343.770326270047,667.711495492083));
#7232=CARTESIAN_POINT('Ctrl Pts',(-516.2,-344.033948090895,667.676026655679));
#7233=CARTESIAN_POINT('Ctrl Pts',(-516.2,-344.292385201318,667.633217835627));
#7234=CARTESIAN_POINT('Ctrl Pts',(-516.2,-344.55079890867,667.590412892178));
#7235=CARTESIAN_POINT('Ctrl Pts',(-516.2,-344.804028654259,667.540269442082));
#7236=CARTESIAN_POINT('Ctrl Pts',(-516.2,-345.051732634758,667.483033718501));
#7237=CARTESIAN_POINT('Ctrl Pts',(-516.2,-345.299369445549,667.425813515489));
#7238=CARTESIAN_POINT('Ctrl Pts',(-516.2,-345.541483310325,667.361505041406));
#7239=CARTESIAN_POINT('Ctrl Pts',(-516.2,-345.777767364406,667.290393213397));
#7240=CARTESIAN_POINT('Ctrl Pts',(-516.2,-346.013968029941,667.219306481926));
#7241=CARTESIAN_POINT('Ctrl Pts',(-516.2,-346.244342836207,667.141421360926));
#7242=CARTESIAN_POINT('Ctrl Pts',(-516.2,-346.46862243493,667.057058928955));
#7243=CARTESIAN_POINT('Ctrl Pts',(-516.2,-346.692832353797,666.972722706956));
#7244=CARTESIAN_POINT('Ctrl Pts',(-516.2,-346.91095070501,666.881913366008));
#7245=CARTESIAN_POINT('Ctrl Pts',(-516.2,-347.122747889609,666.784985649299));
#7246=CARTESIAN_POINT('Ctrl Pts',(-516.2,-347.334518516472,666.68807008658));
#7247=CARTESIAN_POINT('Ctrl Pts',(-516.2,-347.539969431626,666.5850378531));
#7248=CARTESIAN_POINT('Ctrl Pts',(-516.2,-347.738912698617,666.476274980902));
#7249=CARTESIAN_POINT('Ctrl Pts',(-516.2,-347.947846617033,666.362050190035));
#7250=CARTESIAN_POINT('Ctrl Pts',(-516.2,-348.149602322714,666.241504671957));
#7251=CARTESIAN_POINT('Ctrl Pts',(-516.2,-348.344013677189,666.115119793494));
#7252=CARTESIAN_POINT('Ctrl Pts',(-516.2,-348.529452825769,665.99456765641));
#7253=CARTESIAN_POINT('Ctrl Pts',(-516.2,-348.708210150406,665.86870310896));
#7254=CARTESIAN_POINT('Ctrl Pts',(-516.2,-348.880187836553,665.737970865467));
#7255=CARTESIAN_POINT('Ctrl Pts',(-516.2,-349.052473847775,665.607004242563));
#7256=CARTESIAN_POINT('Ctrl Pts',(-516.2,-349.217955808645,665.471152625228));
#7257=CARTESIAN_POINT('Ctrl Pts',(-516.2,-349.376582135793,665.330886909727));
#7258=CARTESIAN_POINT('Ctrl Pts',(-516.2,-349.535637424055,665.190241884317));
#7259=CARTESIAN_POINT('Ctrl Pts',(-516.2,-349.68779988651,665.045159025487));
#7260=CARTESIAN_POINT('Ctrl Pts',(-516.2,-349.833065588476,664.896134388812));
#7261=CARTESIAN_POINT('Ctrl Pts',(-516.2,-349.978883964968,664.746542776455));
#7262=CARTESIAN_POINT('Ctrl Pts',(-516.2,-350.117752956485,664.592979505565));
#7263=CARTESIAN_POINT('Ctrl Pts',(-516.2,-350.249717795528,664.43596521853));
#7264=CARTESIAN_POINT('Ctrl Pts',(-516.2,-350.382357688829,664.27814773904));
#7265=CARTESIAN_POINT('Ctrl Pts',(-516.2,-350.508022585787,664.116844016395));
#7266=CARTESIAN_POINT('Ctrl Pts',(-516.2,-350.626808618786,663.952599225594));
#7267=CARTESIAN_POINT('Ctrl Pts',(-516.2,-350.746386785972,663.787259155233));
#7268=CARTESIAN_POINT('Ctrl Pts',(-516.2,-350.858994029815,663.618938831499));
#7269=CARTESIAN_POINT('Ctrl Pts',(-516.2,-350.964779466808,663.448208516858));
#7270=CARTESIAN_POINT('Ctrl Pts',(-516.2,-351.071465220654,663.276025153631));
#7271=CARTESIAN_POINT('Ctrl Pts',(-516.2,-351.171212567421,663.101390776788));
#7272=CARTESIAN_POINT('Ctrl Pts',(-516.2,-351.264226219959,662.92490202969));
#7273=CARTESIAN_POINT('Ctrl Pts',(-516.2,-351.361953113254,662.739470144317));
#7274=CARTESIAN_POINT('Ctrl Pts',(-516.2,-351.452246259846,662.551991334425));
#7275=CARTESIAN_POINT('Ctrl Pts',(-516.2,-351.535403021346,662.363168151617));
#7276=CARTESIAN_POINT('Ctrl Pts',(-516.2,-351.61714413294,662.177559470145));
#7277=CARTESIAN_POINT('Ctrl Pts',(-516.2,-351.691990124113,661.990652038523));
#7278=CARTESIAN_POINT('Ctrl Pts',(-516.2,-351.760278723836,661.803120021456));
#7279=CARTESIAN_POINT('Ctrl Pts',(-516.2,-351.829743170326,661.612358930767));
#7280=CARTESIAN_POINT('Ctrl Pts',(-516.2,-351.892422558513,661.420951769124));
#7281=CARTESIAN_POINT('Ctrl Pts',(-516.2,-351.94872712078,661.229611989476));
#7282=CARTESIAN_POINT('Ctrl Pts',(-516.2,-352.006224906941,661.034217277374));
#7283=CARTESIAN_POINT('Ctrl Pts',(-516.2,-352.057074954954,660.838893065433));
#7284=CARTESIAN_POINT('Ctrl Pts',(-516.2,-352.101768957102,660.64439974435));
#7285=CARTESIAN_POINT('Ctrl Pts',(-516.2,-352.145496303302,660.454112986045));
#7286=CARTESIAN_POINT('Ctrl Pts',(-516.2,-352.183331558245,660.264621771324));
#7287=CARTESIAN_POINT('Ctrl Pts',(-516.2,-352.215781371194,660.076635532249));
#7288=CARTESIAN_POINT('Ctrl Pts',(-516.2,-352.22795005105,660.006140692596));
#7289=CARTESIAN_POINT('Ctrl Pts',(-516.2,-352.239361834326,659.935857447248));
#7290=CARTESIAN_POINT('Ctrl Pts',(-516.2,-352.250044924795,659.865823019967));
#7291=CARTESIAN_POINT('Ctrl Pts',(-516.2,-352.250722307614,659.861382346365));
#7292=CARTESIAN_POINT('Ctrl Pts',(-516.2,-352.251396876266,659.856941953251));
#7293=CARTESIAN_POINT('Ctrl Pts',(-516.2,-352.252070597018,659.852488775809));
#7294=CARTESIAN_POINT('Ctrl Pts',(-516.2,-352.275924090649,659.694821315801));
#7295=CARTESIAN_POINT('Ctrl Pts',(-516.2,-352.298063921844,659.525415016632));
#7296=CARTESIAN_POINT('Ctrl Pts',(-516.2,-352.317122457887,659.344264879992));
#7297=CARTESIAN_POINT('Ctrl Pts',(-516.2,-352.337037162993,659.154976912488));
#7298=CARTESIAN_POINT('Ctrl Pts',(-516.2,-352.353585694416,658.952864213038));
#7299=CARTESIAN_POINT('Ctrl Pts',(-516.2,-352.365160309307,658.737953261204));
#7300=CARTESIAN_POINT('Ctrl Pts',(-516.2,-352.375832394186,658.539799979986));
#7301=CARTESIAN_POINT('Ctrl Pts',(-516.2,-352.382274113075,658.330765869901));
#7302=CARTESIAN_POINT('Ctrl Pts',(-516.2,-352.383213752834,658.110916287471));
#7303=CARTESIAN_POINT('Ctrl Pts',(-516.2,-352.383293217446,658.092323777346));
#7304=CARTESIAN_POINT('Ctrl Pts',(-516.2,-352.383333333333,658.073653946788));
#7305=CARTESIAN_POINT('Ctrl Pts',(-516.2,-352.383333333333,658.054906853333));
#7306=CARTESIAN_POINT('Ctrl Pts',(-516.2,-352.383333333333,656.423923132804));
#7307=CARTESIAN_POINT('Ctrl Pts',(-516.2,-352.383333333333,653.62617807819));
#7308=CARTESIAN_POINT('Ctrl Pts',(-516.2,-352.383333333333,651.830879813333));
#7309=CARTESIAN_POINT('Ctrl Pts',(-516.2,-352.383333333333,645.98235192533));
#7310=CARTESIAN_POINT('Ctrl Pts',(-516.2,-348.484314741333,642.083333333333));
#7311=CARTESIAN_POINT('Ctrl Pts',(-516.2,-342.635786853333,642.083333333333));
#7312=CARTESIAN_POINT('Ctrl Pts',(-516.2,-340.235681196952,642.083333333333));
#7313=CARTESIAN_POINT('Ctrl Pts',(-516.2,-337.835566431099,642.083333333333));
#7314=CARTESIAN_POINT('Ctrl Pts',(-516.2,-335.435556075585,642.083333333333));
#7315=CARTESIAN_POINT('Ctrl Pts',(-516.2,-200.296762521339,642.083333333333));
#7316=CARTESIAN_POINT('Ctrl Pts',(-516.2,-65.4920590838416,642.083333333333));
#7317=CARTESIAN_POINT('Ctrl Pts',(-516.2,48.178547730956,642.083333333333));
#7318=CARTESIAN_POINT('Ctrl Pts',(-516.2,105.013851138355,642.083333333333));
#7319=CARTESIAN_POINT('Ctrl Pts',(-516.2,156.565630390077,642.083333333333));
#7320=CARTESIAN_POINT('Ctrl Pts',(-516.2,200.233884672882,642.083333333333));
#7321=CARTESIAN_POINT('Ctrl Pts',(-516.2,211.150948243583,642.083333333333));
#7322=CARTESIAN_POINT('Ctrl Pts',(-516.2,221.575291503727,642.083333333333));
#7323=CARTESIAN_POINT('Ctrl Pts',(-516.2,231.466289440606,642.083333333333));
#7324=CARTESIAN_POINT('Ctrl Pts',(-516.2,235.175413666936,642.083333333333));
#7325=CARTESIAN_POINT('Ctrl Pts',(-516.2,238.809536207182,642.083333333333));
#7326=CARTESIAN_POINT('Ctrl Pts',(-516.2,242.366514726689,642.083333333333));
#7327=CARTESIAN_POINT('Ctrl Pts',(-516.2,242.75555925226,642.083333333333));
#7328=CARTESIAN_POINT('Ctrl Pts',(-516.2,243.143680912349,642.083333333333));
#7329=CARTESIAN_POINT('Ctrl Pts',(-516.2,243.530876903836,642.083333333333));
#7330=CARTESIAN_POINT('Ctrl Pts',(-516.2,243.721449930896,642.083333333333));
#7331=CARTESIAN_POINT('Ctrl Pts',(-516.2,243.911798716094,642.083333333333));
#7332=CARTESIAN_POINT('Ctrl Pts',(-516.2,244.101922925208,642.083333333333));
#7333=CARTESIAN_POINT('Ctrl Pts',(-516.2,244.123504425803,642.083333333333));
#7334=CARTESIAN_POINT('Ctrl Pts',(-516.2,244.14508303271,642.083333333333));
#7335=CARTESIAN_POINT('Ctrl Pts',(-516.2,244.166658745437,642.083333333333));
#7336=CARTESIAN_POINT('Ctrl Pts',(-516.2,244.186749042929,642.083333333333));
#7337=CARTESIAN_POINT('Ctrl Pts',(-516.2,244.206846174837,642.083333333333));
#7338=CARTESIAN_POINT('Ctrl Pts',(-516.2,244.226951160356,642.083333333333));
#7339=CARTESIAN_POINT('Ctrl Pts',(-516.2,268.342201927535,642.083333333333));
#7340=CARTESIAN_POINT('Ctrl Pts',(-516.2,303.271173035559,642.083333333333));
#7341=CARTESIAN_POINT('Ctrl Pts',(-516.2,345.616666666667,642.083333333333));
#7342=CARTESIAN_POINT('Ctrl Pts',(-516.2,346.21252964138,642.083333333333));
#7343=CARTESIAN_POINT('Ctrl Pts',(-516.2,346.815631845932,642.091264602823));
#7344=CARTESIAN_POINT('Ctrl Pts',(-516.2,347.424502186539,642.108066216047));
#7345=CARTESIAN_POINT('Ctrl Pts',(-516.2,348.010696798369,642.124242098636));
#7346=CARTESIAN_POINT('Ctrl Pts',(-516.2,348.602237671513,642.148640062115));
#7347=CARTESIAN_POINT('Ctrl Pts',(-516.2,349.197824218648,642.182050642886));
#7348=CARTESIAN_POINT('Ctrl Pts',(-516.2,349.775814686378,642.214474137507));
#7349=CARTESIAN_POINT('Ctrl Pts',(-516.2,350.35761511581,642.255385678964));
#7350=CARTESIAN_POINT('Ctrl Pts',(-516.2,350.94205162108,642.305460427831));
#7351=CARTESIAN_POINT('Ctrl Pts',(-516.2,351.512396519578,642.354327802306));
#7352=CARTESIAN_POINT('Ctrl Pts',(-516.2,352.085251744512,642.411921912295));
#7353=CARTESIAN_POINT('Ctrl Pts',(-516.2,352.65954318192,642.47882311719));
#7354=CARTESIAN_POINT('Ctrl Pts',(-516.2,353.222304676005,642.544381158927));
#7355=CARTESIAN_POINT('Ctrl Pts',(-516.2,353.78644514941,642.618876391482));
#7356=CARTESIAN_POINT('Ctrl Pts',(-516.2,354.350972552766,642.702808079762));
#7357=CARTESIAN_POINT('Ctrl Pts',(-516.2,354.905925264247,642.785316240948));
#7358=CARTESIAN_POINT('Ctrl Pts',(-516.2,355.461251763269,642.876943520342));
#7359=CARTESIAN_POINT('Ctrl Pts',(-516.2,356.016029844395,642.978117718291));
#7360=CARTESIAN_POINT('Ctrl Pts',(-516.2,356.562775965878,643.077827137615));
#7361=CARTESIAN_POINT('Ctrl Pts',(-516.2,357.108989316402,643.186809070347));
#7362=CARTESIAN_POINT('Ctrl Pts',(-516.2,357.653808796985,643.305426902435));
#7363=CARTESIAN_POINT('Ctrl Pts',(-516.2,358.2200104754,643.428700056226));
#7364=CARTESIAN_POINT('Ctrl Pts',(-516.2,358.784706366822,643.562380781787));
#7365=CARTESIAN_POINT('Ctrl Pts',(-516.2,359.346957423021,643.706822303415));
#7366=CARTESIAN_POINT('Ctrl Pts',(-516.2,359.891638133714,643.846750027492));
#7367=CARTESIAN_POINT('Ctrl Pts',(-516.2,360.434024396991,643.996776339015));
#7368=CARTESIAN_POINT('Ctrl Pts',(-516.2,360.973290133737,644.157170756202));
#7369=CARTESIAN_POINT('Ctrl Pts',(-516.2,361.49570381621,644.312552847852));
#7370=CARTESIAN_POINT('Ctrl Pts',(-516.2,362.015188953871,644.477664989158));
#7371=CARTESIAN_POINT('Ctrl Pts',(-516.2,362.531021099489,644.652705472248));
#7372=CARTESIAN_POINT('Ctrl Pts',(-516.2,363.036628123484,644.824276202156));
#7373=CARTESIAN_POINT('Ctrl Pts',(-516.2,363.538725504876,645.005385470628));
#7374=CARTESIAN_POINT('Ctrl Pts',(-516.2,364.036657360677,645.196176203461));
#7375=CARTESIAN_POINT('Ctrl Pts',(-516.2,364.531441294001,645.385760758321));
#7376=CARTESIAN_POINT('Ctrl Pts',(-516.2,365.022112115426,645.584904744571));
#7377=CARTESIAN_POINT('Ctrl Pts',(-516.2,365.508053595024,645.793705306465));
#7378=CARTESIAN_POINT('Ctrl Pts',(-516.2,365.991348690034,646.001368763149));
#7379=CARTESIAN_POINT('Ctrl Pts',(-516.2,366.469965729014,646.218583890584));
#7380=CARTESIAN_POINT('Ctrl Pts',(-516.2,366.943326874873,646.445403651751));
#7381=CARTESIAN_POINT('Ctrl Pts',(-516.2,367.414485516757,646.671168042341));
#7382=CARTESIAN_POINT('Ctrl Pts',(-516.2,367.880436980669,646.906447875909));
#7383=CARTESIAN_POINT('Ctrl Pts',(-516.2,368.340640896289,647.151253301448));
#7384=CARTESIAN_POINT('Ctrl Pts',(-516.2,368.799037581939,647.395097371191));
#7385=CARTESIAN_POINT('Ctrl Pts',(-516.2,369.251731694074,647.648392340192));
#7386=CARTESIAN_POINT('Ctrl Pts',(-516.2,369.698219674416,647.911106722103));
#7387=CARTESIAN_POINT('Ctrl Pts',(-516.2,370.143254281568,648.172965936448));
#7388=CARTESIAN_POINT('Ctrl Pts',(-516.2,370.582123019773,648.444183310539));
#7389=CARTESIAN_POINT('Ctrl Pts',(-516.2,371.014358711593,648.724686745351));
#7390=CARTESIAN_POINT('Ctrl Pts',(-516.2,371.445459255009,649.004453514885));
#7391=CARTESIAN_POINT('Ctrl Pts',(-516.2,371.869961474375,649.293457599598));
#7392=CARTESIAN_POINT('Ctrl Pts',(-516.2,372.287434328679,649.591587178407));
#7393=CARTESIAN_POINT('Ctrl Pts',(-516.2,372.704059332905,649.889111282671));
#7394=CARTESIAN_POINT('Ctrl Pts',(-516.2,373.113683426593,650.19572381308));
#7395=CARTESIAN_POINT('Ctrl Pts',(-516.2,373.515911619188,650.511274002217));
#7396=CARTESIAN_POINT('Ctrl Pts',(-516.2,373.917552193179,650.826363201385));
#7397=CARTESIAN_POINT('Ctrl Pts',(-516.2,374.311818394441,651.150363920476));
#7398=CARTESIAN_POINT('Ctrl Pts',(-516.2,374.698351333566,651.48308711835));
#7399=CARTESIAN_POINT('Ctrl Pts',(-516.2,375.084533003043,651.81550794727));
#7400=CARTESIAN_POINT('Ctrl Pts',(-516.2,375.462995397438,652.156635361038));
#7401=CARTESIAN_POINT('Ctrl Pts',(-516.2,375.833415899298,652.506242621592));
#7402=CARTESIAN_POINT('Ctrl Pts',(-516.2,376.203700232762,652.855721364801));
#7403=CARTESIAN_POINT('Ctrl Pts',(-516.2,376.565948526342,653.213673669972));
#7404=CARTESIAN_POINT('Ctrl Pts',(-516.2,376.919874713345,653.579835586538));
#7405=CARTESIAN_POINT('Ctrl Pts',(-516.2,377.273860764337,653.946059436676));
#7406=CARTESIAN_POINT('Ctrl Pts',(-516.2,377.619521837981,654.320495620459));
#7407=CARTESIAN_POINT('Ctrl Pts',(-516.2,377.956608796845,654.702843366773));
#7408=CARTESIAN_POINT('Ctrl Pts',(-516.2,378.293934375782,655.085461772762));
#7409=CARTESIAN_POINT('Ctrl Pts',(-516.2,378.622673644912,655.476002887542));
#7410=CARTESIAN_POINT('Ctrl Pts',(-516.2,378.942614869473,655.874129415502));
#7411=CARTESIAN_POINT('Ctrl Pts',(-516.2,379.262957652086,656.272755631846));
#7412=CARTESIAN_POINT('Ctrl Pts',(-516.2,379.574480243502,656.678986252056));
#7413=CARTESIAN_POINT('Ctrl Pts',(-516.2,379.877008878524,657.092447649363));
#7414=CARTESIAN_POINT('Ctrl Pts',(-516.2,380.180087353467,657.506660504734));
#7415=CARTESIAN_POINT('Ctrl Pts',(-516.2,380.474139105658,657.92813037915));
#7416=CARTESIAN_POINT('Ctrl Pts',(-516.2,380.759029001868,658.35644739486));
#7417=CARTESIAN_POINT('Ctrl Pts',(-516.2,381.044603256447,658.785793307483));
#7418=CARTESIAN_POINT('Ctrl Pts',(-516.2,381.320971545442,659.222019228253));
#7419=CARTESIAN_POINT('Ctrl Pts',(-516.2,381.588038131201,659.664678980982));
#7420=CARTESIAN_POINT('Ctrl Pts',(-516.2,381.861595972334,660.118097913825));
#7421=CARTESIAN_POINT('Ctrl Pts',(-516.2,382.12539425431,660.578267280646));
#7422=CARTESIAN_POINT('Ctrl Pts',(-516.2,382.379374369371,661.044672664156));
#7423=CARTESIAN_POINT('Ctrl Pts',(-516.2,382.629540661102,661.504074398059));
#7424=CARTESIAN_POINT('Ctrl Pts',(-516.2,382.870181538998,661.969526091726));
#7425=CARTESIAN_POINT('Ctrl Pts',(-516.2,383.101283652506,662.440504073448));
#7426=CARTESIAN_POINT('Ctrl Pts',(-516.2,383.333445905956,662.913642583096));
#7427=CARTESIAN_POINT('Ctrl Pts',(-516.2,383.555981652528,663.392358119767));
#7428=CARTESIAN_POINT('Ctrl Pts',(-516.2,383.768920369902,663.876088931582));
#7429=CARTESIAN_POINT('Ctrl Pts',(-516.2,383.982995209589,664.362400661401));
#7430=CARTESIAN_POINT('Ctrl Pts',(-516.2,384.187370316818,664.853781243611));
#7431=CARTESIAN_POINT('Ctrl Pts',(-516.2,384.382119390753,665.349630004591));
#7432=CARTESIAN_POINT('Ctrl Pts',(-516.2,384.578067941851,665.848532742942));
#7433=CARTESIAN_POINT('Ctrl Pts',(-516.2,384.764271504257,666.351958782314));
#7434=CARTESIAN_POINT('Ctrl Pts',(-516.2,384.940849601986,666.859267389102));
#7435=CARTESIAN_POINT('Ctrl Pts',(-516.2,385.118677083659,667.370165474064));
#7436=CARTESIAN_POINT('Ctrl Pts',(-516.2,385.28674240007,667.885001171709));
#7437=CARTESIAN_POINT('Ctrl Pts',(-516.2,385.445212765298,668.403092182511));
#7438=CARTESIAN_POINT('Ctrl Pts',(-516.2,385.604967774526,668.92538311112));
#7439=CARTESIAN_POINT('Ctrl Pts',(-516.2,385.754971638121,669.450982248824));
#7440=CARTESIAN_POINT('Ctrl Pts',(-516.2,385.895441457265,669.979163762011));
#7441=CARTESIAN_POINT('Ctrl Pts',(-516.2,386.037214844782,670.512246831417));
#7442=CARTESIAN_POINT('Ctrl Pts',(-516.2,386.169276421906,671.047960325694));
#7443=CARTESIAN_POINT('Ctrl Pts',(-516.2,386.291895801651,671.585532318679));
#7444=CARTESIAN_POINT('Ctrl Pts',(-516.2,386.416580819903,672.132160216298));
#7445=CARTESIAN_POINT('Ctrl Pts',(-516.2,386.531502805903,672.680709670408));
#7446=CARTESIAN_POINT('Ctrl Pts',(-516.2,386.636993252203,673.230344022059));
#7447=CARTESIAN_POINT('Ctrl Pts',(-516.2,386.743769269292,673.786676552472));
#7448=CARTESIAN_POINT('Ctrl Pts',(-516.2,386.840882500321,674.344120463188));
#7449=CARTESIAN_POINT('Ctrl Pts',(-516.2,386.92872543831,674.901784275066));
#7450=CARTESIAN_POINT('Ctrl Pts',(-516.2,387.017795162245,675.467236238647));
#7451=CARTESIAN_POINT('Ctrl Pts',(-516.2,387.097333899627,676.03291415716));
#7452=CARTESIAN_POINT('Ctrl Pts',(-516.2,387.167800054561,676.597866205886));
#7453=CARTESIAN_POINT('Ctrl Pts',(-516.2,387.239401280773,677.171918521886));
#7454=CARTESIAN_POINT('Ctrl Pts',(-516.2,387.301635352235,677.745221250658));
#7455=CARTESIAN_POINT('Ctrl Pts',(-516.2,387.355032852555,678.31675487851));
#7456=CARTESIAN_POINT('Ctrl Pts',(-516.2,387.409988289813,678.904963694238));
#7457=CARTESIAN_POINT('Ctrl Pts',(-516.2,387.455584003447,679.491298537259));
#7458=CARTESIAN_POINT('Ctrl Pts',(-516.2,387.492450206464,680.074628100343));
#7459=CARTESIAN_POINT('Ctrl Pts',(-516.2,387.530062301954,680.669759831671));
#7460=CARTESIAN_POINT('Ctrl Pts',(-516.2,387.558588215559,681.261763245305));
#7461=CARTESIAN_POINT('Ctrl Pts',(-516.2,387.578749147734,681.849419132746));
#7462=CARTESIAN_POINT('Ctrl Pts',(-516.2,387.599620551341,682.457784018981));
#7463=CARTESIAN_POINT('Ctrl Pts',(-516.2,387.611527120086,683.061489352831));
#7464=CARTESIAN_POINT('Ctrl Pts',(-516.2,387.615322499734,683.659166644179));
#7465=CARTESIAN_POINT('Ctrl Pts',(-516.2,387.616222541612,683.800900710659));
#7466=CARTESIAN_POINT('Ctrl Pts',(-516.2,387.616666666667,683.942295724528));
#7467=CARTESIAN_POINT('Ctrl Pts',(-516.2,387.616666666667,684.083333333333));
#7468=CARTESIAN_POINT('Ctrl Pts',(-516.2,387.616666666667,684.083333333333));
#7469=CARTESIAN_POINT('Ctrl Pts',(-489.56,387.616666666667,684.083333333333));
#7470=CARTESIAN_POINT('Ctrl Pts',(-516.2,387.616666666667,917.55));
#7471=CARTESIAN_POINT('Ctrl Pts',(-489.56,387.616666666667,917.55));
#7472=CARTESIAN_POINT('Ctrl Pts',(-516.2,387.616666666667,1151.01666666667));
#7473=CARTESIAN_POINT('Ctrl Pts',(-489.56,387.616666666667,1151.01666666667));
#7474=CARTESIAN_POINT('Ctrl Pts',(-516.2,387.616666666667,1384.48333333333));
#7475=CARTESIAN_POINT('Ctrl Pts',(-489.56,387.616666666667,1384.48333333333));
#7476=CARTESIAN_POINT('Ctrl Pts',(-516.2,387.616666666667,1410.90133333333));
#7477=CARTESIAN_POINT('Ctrl Pts',(-489.56,387.616666666667,1410.90133333333));
#7478=CARTESIAN_POINT('Ctrl Pts',(-516.2,372.034666666667,1426.48333333333));
#7479=CARTESIAN_POINT('Ctrl Pts',(-489.56,372.034666666667,1426.48333333333));
#7480=CARTESIAN_POINT('Ctrl Pts',(-516.2,345.616666666667,1426.48333333333));
#7481=CARTESIAN_POINT('Ctrl Pts',(-489.56,345.616666666667,1426.48333333333));
#7482=CARTESIAN_POINT('Ctrl Pts',(-516.2,116.19918216,1426.48333333333));
#7483=CARTESIAN_POINT('Ctrl Pts',(-489.56,116.19918216,1426.48333333333));
#7484=CARTESIAN_POINT('Ctrl Pts',(-516.2,-113.218302346666,1426.48333333333));
#7485=CARTESIAN_POINT('Ctrl Pts',(-489.56,-113.218302346666,1426.48333333333));
#7486=CARTESIAN_POINT('Ctrl Pts',(-516.2,-342.635786853333,1426.48333333333));
#7487=CARTESIAN_POINT('Ctrl Pts',(-489.56,-342.635786853333,1426.48333333333));
#7488=CARTESIAN_POINT('Ctrl Pts',(-516.2,-348.484314741333,1426.48333333333));
#7489=CARTESIAN_POINT('Ctrl Pts',(-489.56,-348.484314741333,1426.48333333333));
#7490=CARTESIAN_POINT('Ctrl Pts',(-516.2,-352.383333333333,1422.58431474133));
#7491=CARTESIAN_POINT('Ctrl Pts',(-489.56,-352.383333333333,1422.58431474133));
#7492=CARTESIAN_POINT('Ctrl Pts',(-516.2,-352.383333333333,1416.73578685333));
#7493=CARTESIAN_POINT('Ctrl Pts',(-489.56,-352.383333333333,1416.73578685333));
#7494=CARTESIAN_POINT('Ctrl Pts',(-516.2,-352.383333333333,1414.66111117333));
#7495=CARTESIAN_POINT('Ctrl Pts',(-489.56,-352.383333333333,1414.66111117333));
#7496=CARTESIAN_POINT('Ctrl Pts',(-516.2,-352.383333333333,1412.58643549333));
#7497=CARTESIAN_POINT('Ctrl Pts',(-489.56,-352.383333333333,1412.58643549333));
#7498=CARTESIAN_POINT('Ctrl Pts',(-516.2,-352.383333333333,1410.51175981333));
#7499=CARTESIAN_POINT('Ctrl Pts',(-489.56,-352.383333333333,1410.51175981333));
#7500=CARTESIAN_POINT('Ctrl Pts',(-516.2,-352.383333333333,1404.66323192533));
#7501=CARTESIAN_POINT('Ctrl Pts',(-489.56,-352.383333333333,1404.66323192533));
#7502=CARTESIAN_POINT('Ctrl Pts',(-516.2,-348.479052844637,1401.0122476285));
#7503=CARTESIAN_POINT('Ctrl Pts',(-489.56,-348.479052844637,1401.0122476285));
#7504=CARTESIAN_POINT('Ctrl Pts',(-516.2,-342.635786853333,1400.76421333333));
#7505=CARTESIAN_POINT('Ctrl Pts',(-489.56,-342.635786853333,1400.76421333333));
#7506=CARTESIAN_POINT('Ctrl Pts',(-516.2,-129.03363568,1391.69725333333));
#7507=CARTESIAN_POINT('Ctrl Pts',(-489.56,-129.03363568,1391.69725333333));
#7508=CARTESIAN_POINT('Ctrl Pts',(-516.2,84.5685154933341,1382.63029333333));
#7509=CARTESIAN_POINT('Ctrl Pts',(-489.56,84.5685154933341,1382.63029333333));
#7510=CARTESIAN_POINT('Ctrl Pts',(-516.2,298.170666666667,1373.56333333333));
#7511=CARTESIAN_POINT('Ctrl Pts',(-489.56,298.170666666667,1373.56333333333));
#7512=CARTESIAN_POINT('Ctrl Pts',(-516.2,310.391196005397,1373.04459768351));
#7513=CARTESIAN_POINT('Ctrl Pts',(-489.56,310.391196005397,1373.04459768351));
#7514=CARTESIAN_POINT('Ctrl Pts',(-516.2,317.616666666667,1366.34886733333));
#7515=CARTESIAN_POINT('Ctrl Pts',(-489.56,317.616666666667,1366.34886733333));
#7516=CARTESIAN_POINT('Ctrl Pts',(-516.2,317.616666666667,1354.11733333333));
#7517=CARTESIAN_POINT('Ctrl Pts',(-489.56,317.616666666667,1354.11733333333));
#7518=CARTESIAN_POINT('',(-516.2,317.616666666667,1354.11733333333));
#7519=CARTESIAN_POINT('',(-516.2,387.616666666667,684.083333333333));
#7520=CARTESIAN_POINT('Ctrl Pts',(-516.2,317.616666666667,1354.11733333333));
#7521=CARTESIAN_POINT('Ctrl Pts',(-489.56,317.616666666667,1354.11733333333));
#7522=CARTESIAN_POINT('Ctrl Pts',(-516.2,317.616666666667,1140.89466666667));
#7523=CARTESIAN_POINT('Ctrl Pts',(-489.56,317.616666666667,1140.89466666667));
#7524=CARTESIAN_POINT('Ctrl Pts',(-516.2,317.616666666667,927.672));
#7525=CARTESIAN_POINT('Ctrl Pts',(-489.56,317.616666666667,927.672));
#7526=CARTESIAN_POINT('Ctrl Pts',(-516.2,317.616666666667,714.449333333333));
#7527=CARTESIAN_POINT('Ctrl Pts',(-489.56,317.616666666667,714.449333333333));
#7528=CARTESIAN_POINT('Ctrl Pts',(-516.2,317.616666666667,702.217799333333));
#7529=CARTESIAN_POINT('Ctrl Pts',(-489.56,317.616666666667,702.217799333333));
#7530=CARTESIAN_POINT('Ctrl Pts',(-516.2,310.391196005397,695.522068983159));
#7531=CARTESIAN_POINT('Ctrl Pts',(-489.56,310.391196005397,695.522068983159));
#7532=CARTESIAN_POINT('Ctrl Pts',(-516.2,298.170666666667,695.003333333333));
#7533=CARTESIAN_POINT('Ctrl Pts',(-489.56,298.170666666667,695.003333333333));
#7534=CARTESIAN_POINT('Ctrl Pts',(-516.2,84.5685154933339,685.936373333333));
#7535=CARTESIAN_POINT('Ctrl Pts',(-489.56,84.5685154933339,685.936373333333));
#7536=CARTESIAN_POINT('Ctrl Pts',(-516.2,-129.03363568,676.869413333333));
#7537=CARTESIAN_POINT('Ctrl Pts',(-489.56,-129.03363568,676.869413333333));
#7538=CARTESIAN_POINT('Ctrl Pts',(-516.2,-342.635786853333,667.802453333333));
#7539=CARTESIAN_POINT('Ctrl Pts',(-489.56,-342.635786853333,667.802453333333));
#7540=CARTESIAN_POINT('Ctrl Pts',(-516.2,-348.479052844638,667.554419038166));
#7541=CARTESIAN_POINT('Ctrl Pts',(-489.56,-348.479052844638,667.554419038166));
#7542=CARTESIAN_POINT('Ctrl Pts',(-516.2,-352.383333333333,663.903434741333));
#7543=CARTESIAN_POINT('Ctrl Pts',(-489.56,-352.383333333333,663.903434741333));
#7544=CARTESIAN_POINT('Ctrl Pts',(-516.2,-352.383333333333,658.054906853333));
#7545=CARTESIAN_POINT('Ctrl Pts',(-489.56,-352.383333333333,658.054906853333));
#7546=CARTESIAN_POINT('Ctrl Pts',(-516.2,-352.383333333333,655.980231173333));
#7547=CARTESIAN_POINT('Ctrl Pts',(-489.56,-352.383333333333,655.980231173333));
#7548=CARTESIAN_POINT('Ctrl Pts',(-516.2,-352.383333333333,653.905555493333));
#7549=CARTESIAN_POINT('Ctrl Pts',(-489.56,-352.383333333333,653.905555493333));
#7550=CARTESIAN_POINT('Ctrl Pts',(-516.2,-352.383333333333,651.830879813333));
#7551=CARTESIAN_POINT('Ctrl Pts',(-489.56,-352.383333333333,651.830879813333));
#7552=CARTESIAN_POINT('Ctrl Pts',(-516.2,-352.383333333333,645.982351925333));
#7553=CARTESIAN_POINT('Ctrl Pts',(-489.56,-352.383333333333,645.982351925333));
#7554=CARTESIAN_POINT('Ctrl Pts',(-516.2,-348.484314741333,642.083333333333));
#7555=CARTESIAN_POINT('Ctrl Pts',(-489.56,-348.484314741333,642.083333333333));
#7556=CARTESIAN_POINT('Ctrl Pts',(-516.2,-342.635786853333,642.083333333333));
#7557=CARTESIAN_POINT('Ctrl Pts',(-489.56,-342.635786853333,642.083333333333));
#7558=CARTESIAN_POINT('Ctrl Pts',(-516.2,-113.218302346666,642.083333333333));
#7559=CARTESIAN_POINT('Ctrl Pts',(-489.56,-113.218302346666,642.083333333333));
#7560=CARTESIAN_POINT('Ctrl Pts',(-516.2,116.19918216,642.083333333333));
#7561=CARTESIAN_POINT('Ctrl Pts',(-489.56,116.19918216,642.083333333333));
#7562=CARTESIAN_POINT('Ctrl Pts',(-516.2,345.616666666667,642.083333333333));
#7563=CARTESIAN_POINT('Ctrl Pts',(-489.56,345.616666666667,642.083333333333));
#7564=CARTESIAN_POINT('Ctrl Pts',(-516.2,372.034666666667,642.083333333333));
#7565=CARTESIAN_POINT('Ctrl Pts',(-489.56,372.034666666667,642.083333333333));
#7566=CARTESIAN_POINT('Ctrl Pts',(-516.2,387.616666666667,657.665333333333));
#7567=CARTESIAN_POINT('Ctrl Pts',(-489.56,387.616666666667,657.665333333333));
#7568=CARTESIAN_POINT('Ctrl Pts',(-516.2,387.616666666667,684.083333333333));
#7569=CARTESIAN_POINT('Ctrl Pts',(-489.56,387.616666666667,684.083333333333));
#7570=CARTESIAN_POINT('Origin',(-479.2,-359.783333333333,802.168333333333));
#7571=CARTESIAN_POINT('',(-479.2,317.616666666667,800.583333333333));
#7572=CARTESIAN_POINT('',(-479.2,317.616666666667,714.449333333333));
#7573=CARTESIAN_POINT('',(-479.2,317.616666666667,800.583333333333));
#7574=CARTESIAN_POINT('',(-479.2,387.616666666667,684.083333333333));
#7575=CARTESIAN_POINT('Ctrl Pts',(-479.2,317.616666666667,714.449333333333));
#7576=CARTESIAN_POINT('Ctrl Pts',(-479.2,317.616666666667,702.217799333333));
#7577=CARTESIAN_POINT('Ctrl Pts',(-479.2,310.391196005397,695.522068983159));
#7578=CARTESIAN_POINT('Ctrl Pts',(-479.2,298.170666666667,695.003333333333));
#7579=CARTESIAN_POINT('Ctrl Pts',(-479.2,268.643655178112,693.749974082896));
#7580=CARTESIAN_POINT('Ctrl Pts',(-479.2,239.116633472856,692.496614398782));
#7581=CARTESIAN_POINT('Ctrl Pts',(-479.2,209.591034276326,691.243315097158));
#7582=CARTESIAN_POINT('Ctrl Pts',(-479.2,117.483463661334,687.333543337483));
#7583=CARTESIAN_POINT('Ctrl Pts',(-479.2,25.3897373425477,683.424359238931));
#7584=CARTESIAN_POINT('Ctrl Pts',(-479.2,-66.6466415354292,679.517609418072));
#7585=CARTESIAN_POINT('Ctrl Pts',(-479.2,-112.664830974418,677.564234507643));
#7586=CARTESIAN_POINT('Ctrl Pts',(-479.2,-158.668683553204,675.611468166637));
#7587=CARTESIAN_POINT('Ctrl Pts',(-479.2,-204.652761378713,673.659541222126));
#7588=CARTESIAN_POINT('Ctrl Pts',(-479.2,-227.644800291467,672.68357774987));
#7589=CARTESIAN_POINT('Ctrl Pts',(-479.2,-250.631895515902,671.707824126738));
#7590=CARTESIAN_POINT('Ctrl Pts',(-479.2,-273.613367315384,670.732309206114));
#7591=CARTESIAN_POINT('Ctrl Pts',(-479.2,-285.104103215124,670.244551745802));
#7592=CARTESIAN_POINT('Ctrl Pts',(-479.2,-296.593433258626,669.756853961116));
#7593=CARTESIAN_POINT('Ctrl Pts',(-479.2,-308.081272478811,669.269219458731));
#7594=CARTESIAN_POINT('Ctrl Pts',(-479.2,-313.825192088903,669.025402207538));
#7595=CARTESIAN_POINT('Ctrl Pts',(-479.2,-319.568738993166,668.781600776921));
#7596=CARTESIAN_POINT('Ctrl Pts',(-479.2,-325.311902570715,668.537815617712));
#7597=CARTESIAN_POINT('Ctrl Pts',(-479.2,-328.183484359489,668.415923038108));
#7598=CARTESIAN_POINT('Ctrl Pts',(-479.2,-331.054970316584,668.294034526356));
#7599=CARTESIAN_POINT('Ctrl Pts',(-479.2,-333.926359114391,668.17215013881));
#7600=CARTESIAN_POINT('Ctrl Pts',(-479.2,-335.362053513294,668.111207945038));
#7601=CARTESIAN_POINT('Ctrl Pts',(-479.2,-336.797723622375,668.050266782316));
#7602=CARTESIAN_POINT('Ctrl Pts',(-479.2,-338.233369275682,667.989326657691));
#7603=CARTESIAN_POINT('Ctrl Pts',(-479.2,-338.951192102336,667.958856595379));
#7604=CARTESIAN_POINT('Ctrl Pts',(-479.2,-339.669008815046,667.92838679259));
#7605=CARTESIAN_POINT('Ctrl Pts',(-479.2,-340.386819393069,667.897917250206));
#7606=CARTESIAN_POINT('Ctrl Pts',(-479.2,-340.745724682081,667.882682479014));
#7607=CARTESIAN_POINT('Ctrl Pts',(-479.2,-341.10462843742,667.867447772923));
#7608=CARTESIAN_POINT('Ctrl Pts',(-479.2,-341.463530656495,667.852213132043));
#7609=CARTESIAN_POINT('Ctrl Pts',(-479.2,-341.642981766033,667.844595811604));
#7610=CARTESIAN_POINT('Ctrl Pts',(-479.2,-341.822432491503,667.836978507466));
#7611=CARTESIAN_POINT('Ctrl Pts',(-479.2,-342.001882832584,667.829361219646));
#7612=CARTESIAN_POINT('Ctrl Pts',(-479.2,-342.024314125219,667.828409058668));
#7613=CARTESIAN_POINT('Ctrl Pts',(-479.2,-342.046745411848,667.827456897946));
#7614=CARTESIAN_POINT('Ctrl Pts',(-479.2,-342.069176692471,667.826504737478));
#7615=CARTESIAN_POINT('Ctrl Pts',(-479.2,-342.074748085295,667.826268243624));
#7616=CARTESIAN_POINT('Ctrl Pts',(-479.2,-342.080319477748,667.826031749786));
#7617=CARTESIAN_POINT('Ctrl Pts',(-479.2,-342.085890869831,667.825795255964));
#7618=CARTESIAN_POINT('Ctrl Pts',(-479.2,-342.088674116033,667.825677113044));
#7619=CARTESIAN_POINT('Ctrl Pts',(-479.2,-342.091457362141,667.825558970127));
#7620=CARTESIAN_POINT('Ctrl Pts',(-479.2,-342.094240608158,667.825440827214));
#7621=CARTESIAN_POINT('Ctrl Pts',(-479.2,-342.096851577985,667.825329997062));
#7622=CARTESIAN_POINT('Ctrl Pts',(-479.2,-342.099470622106,667.825218824173));
#7623=CARTESIAN_POINT('Ctrl Pts',(-479.2,-342.102103370881,667.82510706955));
#7624=CARTESIAN_POINT('Ctrl Pts',(-479.2,-342.249374974606,667.81885570114));
#7625=CARTESIAN_POINT('Ctrl Pts',(-479.2,-342.433826983416,667.811026103092));
#7626=CARTESIAN_POINT('Ctrl Pts',(-479.2,-342.635786853333,667.802453333333));
#7627=CARTESIAN_POINT('Ctrl Pts',(-479.2,-342.644711817063,667.80207448748));
#7628=CARTESIAN_POINT('Ctrl Pts',(-479.2,-342.654881334687,667.801633252964));
#7629=CARTESIAN_POINT('Ctrl Pts',(-479.2,-342.664027502195,667.801227416738));
#7630=CARTESIAN_POINT('Ctrl Pts',(-479.2,-342.668596120047,667.801024696788));
#7631=CARTESIAN_POINT('Ctrl Pts',(-479.2,-342.672909562429,667.800831094348));
#7632=CARTESIAN_POINT('Ctrl Pts',(-479.2,-342.676686007578,667.800660261038));
#7633=CARTESIAN_POINT('Ctrl Pts',(-479.2,-342.677734865357,667.800612814342));
#7634=CARTESIAN_POINT('Ctrl Pts',(-479.2,-342.678742302907,667.800567128397));
#7635=CARTESIAN_POINT('Ctrl Pts',(-479.2,-342.679702287354,667.800523504177));
#7636=CARTESIAN_POINT('Ctrl Pts',(-479.2,-342.680284348004,667.800497053808));
#7637=CARTESIAN_POINT('Ctrl Pts',(-479.2,-342.680848963616,667.800471361441));
#7638=CARTESIAN_POINT('Ctrl Pts',(-479.2,-342.681394789671,667.800446494533));
#7639=CARTESIAN_POINT('Ctrl Pts',(-479.2,-342.681831031217,667.800426620108));
#7640=CARTESIAN_POINT('Ctrl Pts',(-479.2,-342.682263559687,667.800406895497));
#7641=CARTESIAN_POINT('Ctrl Pts',(-479.2,-342.68269780703,667.800387073249));
#7642=CARTESIAN_POINT('Ctrl Pts',(-479.2,-342.960303808252,667.787715090331));
#7643=CARTESIAN_POINT('Ctrl Pts',(-479.2,-343.23350326813,667.767338585754));
#7644=CARTESIAN_POINT('Ctrl Pts',(-479.2,-343.501893562855,667.7394192449));
#7645=CARTESIAN_POINT('Ctrl Pts',(-479.2,-343.770326270052,667.711495492082));
#7646=CARTESIAN_POINT('Ctrl Pts',(-479.2,-344.033948090899,667.676026655678));
#7647=CARTESIAN_POINT('Ctrl Pts',(-479.2,-344.292385201321,667.633217835627));
#7648=CARTESIAN_POINT('Ctrl Pts',(-479.2,-344.550798908669,667.590412892178));
#7649=CARTESIAN_POINT('Ctrl Pts',(-479.2,-344.804028654254,667.540269442083));
#7650=CARTESIAN_POINT('Ctrl Pts',(-479.2,-345.05173263475,667.483033718503));
#7651=CARTESIAN_POINT('Ctrl Pts',(-479.2,-345.299369445544,667.425813515491));
#7652=CARTESIAN_POINT('Ctrl Pts',(-479.2,-345.541483310322,667.361505041407));
#7653=CARTESIAN_POINT('Ctrl Pts',(-479.2,-345.777767364405,667.290393213397));
#7654=CARTESIAN_POINT('Ctrl Pts',(-479.2,-346.01396802994,667.219306481926));
#7655=CARTESIAN_POINT('Ctrl Pts',(-479.2,-346.244342836205,667.141421360927));
#7656=CARTESIAN_POINT('Ctrl Pts',(-479.2,-346.468622434927,667.057058928956));
#7657=CARTESIAN_POINT('Ctrl Pts',(-479.2,-346.692832353795,666.972722706956));
#7658=CARTESIAN_POINT('Ctrl Pts',(-479.2,-346.91095070501,666.881913366009));
#7659=CARTESIAN_POINT('Ctrl Pts',(-479.2,-347.12274788961,666.784985649299));
#7660=CARTESIAN_POINT('Ctrl Pts',(-479.2,-347.334518516473,666.688070086579));
#7661=CARTESIAN_POINT('Ctrl Pts',(-479.2,-347.539969431627,666.585037853099));
#7662=CARTESIAN_POINT('Ctrl Pts',(-479.2,-347.738912698617,666.476274980902));
#7663=CARTESIAN_POINT('Ctrl Pts',(-479.2,-347.947846617034,666.362050190035));
#7664=CARTESIAN_POINT('Ctrl Pts',(-479.2,-348.149602322714,666.241504671956));
#7665=CARTESIAN_POINT('Ctrl Pts',(-479.2,-348.34401367719,666.115119793494));
#7666=CARTESIAN_POINT('Ctrl Pts',(-479.2,-348.52945282577,665.994567656409));
#7667=CARTESIAN_POINT('Ctrl Pts',(-479.2,-348.708210150406,665.86870310896));
#7668=CARTESIAN_POINT('Ctrl Pts',(-479.2,-348.880187836553,665.737970865467));
#7669=CARTESIAN_POINT('Ctrl Pts',(-479.2,-349.052473847776,665.607004242563));
#7670=CARTESIAN_POINT('Ctrl Pts',(-479.2,-349.217955808645,665.471152625227));
#7671=CARTESIAN_POINT('Ctrl Pts',(-479.2,-349.376582135794,665.330886909726));
#7672=CARTESIAN_POINT('Ctrl Pts',(-479.2,-349.535637424057,665.190241884316));
#7673=CARTESIAN_POINT('Ctrl Pts',(-479.2,-349.687799886512,665.045159025486));
#7674=CARTESIAN_POINT('Ctrl Pts',(-479.2,-349.833065588478,664.89613438881));
#7675=CARTESIAN_POINT('Ctrl Pts',(-479.2,-349.97888396497,664.746542776453));
#7676=CARTESIAN_POINT('Ctrl Pts',(-479.2,-350.117752956487,664.592979505563));
#7677=CARTESIAN_POINT('Ctrl Pts',(-479.2,-350.24971779553,664.435965218527));
#7678=CARTESIAN_POINT('Ctrl Pts',(-479.2,-350.382357688831,664.278147739038));
#7679=CARTESIAN_POINT('Ctrl Pts',(-479.2,-350.508022585789,664.116844016394));
#7680=CARTESIAN_POINT('Ctrl Pts',(-479.2,-350.626808618787,663.952599225593));
#7681=CARTESIAN_POINT('Ctrl Pts',(-479.2,-350.746386785973,663.787259155231));
#7682=CARTESIAN_POINT('Ctrl Pts',(-479.2,-350.858994029816,663.618938831498));
#7683=CARTESIAN_POINT('Ctrl Pts',(-479.2,-350.964779466809,663.448208516856));
#7684=CARTESIAN_POINT('Ctrl Pts',(-479.2,-351.071465220654,663.27602515363));
#7685=CARTESIAN_POINT('Ctrl Pts',(-479.2,-351.171212567421,663.101390776788));
#7686=CARTESIAN_POINT('Ctrl Pts',(-479.2,-351.264226219959,662.92490202969));
#7687=CARTESIAN_POINT('Ctrl Pts',(-479.2,-351.361953113254,662.739470144317));
#7688=CARTESIAN_POINT('Ctrl Pts',(-479.2,-351.452246259846,662.551991334425));
#7689=CARTESIAN_POINT('Ctrl Pts',(-479.2,-351.535403021346,662.363168151617));
#7690=CARTESIAN_POINT('Ctrl Pts',(-479.2,-351.61714413294,662.177559470145));
#7691=CARTESIAN_POINT('Ctrl Pts',(-479.2,-351.691990124113,661.990652038523));
#7692=CARTESIAN_POINT('Ctrl Pts',(-479.2,-351.760278723836,661.803120021456));
#7693=CARTESIAN_POINT('Ctrl Pts',(-479.2,-351.829743170327,661.612358930765));
#7694=CARTESIAN_POINT('Ctrl Pts',(-479.2,-351.892422558514,661.420951769122));
#7695=CARTESIAN_POINT('Ctrl Pts',(-479.2,-351.948727120781,661.229611989473));
#7696=CARTESIAN_POINT('Ctrl Pts',(-479.2,-352.006224906942,661.034217277371));
#7697=CARTESIAN_POINT('Ctrl Pts',(-479.2,-352.057074954955,660.83889306543));
#7698=CARTESIAN_POINT('Ctrl Pts',(-479.2,-352.101768957103,660.644399744347));
#7699=CARTESIAN_POINT('Ctrl Pts',(-479.2,-352.145496303302,660.454112986042));
#7700=CARTESIAN_POINT('Ctrl Pts',(-479.2,-352.183331558246,660.264621771322));
#7701=CARTESIAN_POINT('Ctrl Pts',(-479.2,-352.215781371195,660.076635532247));
#7702=CARTESIAN_POINT('Ctrl Pts',(-479.2,-352.22795005105,660.006140692594));
#7703=CARTESIAN_POINT('Ctrl Pts',(-479.2,-352.239361834326,659.935857447246));
#7704=CARTESIAN_POINT('Ctrl Pts',(-479.2,-352.250044924795,659.865823019965));
#7705=CARTESIAN_POINT('Ctrl Pts',(-479.2,-352.250722307597,659.861382346479));
#7706=CARTESIAN_POINT('Ctrl Pts',(-479.2,-352.251396876231,659.856941953482));
#7707=CARTESIAN_POINT('Ctrl Pts',(-479.2,-352.252070596966,659.852488776156));
#7708=CARTESIAN_POINT('Ctrl Pts',(-479.2,-352.275924090598,659.694821316171));
#7709=CARTESIAN_POINT('Ctrl Pts',(-479.2,-352.298063921796,659.525415017026));
#7710=CARTESIAN_POINT('Ctrl Pts',(-479.2,-352.317122457843,659.344264880411));
#7711=CARTESIAN_POINT('Ctrl Pts',(-479.2,-352.337037162962,659.154976912856));
#7712=CARTESIAN_POINT('Ctrl Pts',(-479.2,-352.353585694396,658.952864213346));
#7713=CARTESIAN_POINT('Ctrl Pts',(-479.2,-352.365160309294,658.737953261442));
#7714=CARTESIAN_POINT('Ctrl Pts',(-479.2,-352.375832394177,658.539799980225));
#7715=CARTESIAN_POINT('Ctrl Pts',(-479.2,-352.38227411307,658.330765870141));
#7716=CARTESIAN_POINT('Ctrl Pts',(-479.2,-352.383213752833,658.110916287711));
#7717=CARTESIAN_POINT('Ctrl Pts',(-479.2,-352.383293217446,658.092323777507));
#7718=CARTESIAN_POINT('Ctrl Pts',(-479.2,-352.383333333333,658.073653946869));
#7719=CARTESIAN_POINT('Ctrl Pts',(-479.2,-352.383333333333,658.054906853333));
#7720=CARTESIAN_POINT('Ctrl Pts',(-479.2,-352.383333333333,656.423923132804));
#7721=CARTESIAN_POINT('Ctrl Pts',(-479.2,-352.383333333333,653.62617807819));
#7722=CARTESIAN_POINT('Ctrl Pts',(-479.2,-352.383333333333,651.830879813333));
#7723=CARTESIAN_POINT('Ctrl Pts',(-479.2,-352.383333333333,651.819026112709));
#7724=CARTESIAN_POINT('Ctrl Pts',(-479.2,-352.383317316742,651.807180420381));
#7725=CARTESIAN_POINT('Ctrl Pts',(-479.2,-352.383285299791,651.79534275258));
#7726=CARTESIAN_POINT('Ctrl Pts',(-479.2,-352.367520390873,645.966563007759));
#7727=CARTESIAN_POINT('Ctrl Pts',(-479.2,-348.472461040709,642.083333333333));
#7728=CARTESIAN_POINT('Ctrl Pts',(-479.2,-342.635786853333,642.083333333333));
#7729=CARTESIAN_POINT('Ctrl Pts',(-479.2,-340.235666472719,642.083333333333));
#7730=CARTESIAN_POINT('Ctrl Pts',(-479.2,-337.835536982517,642.083333333333));
#7731=CARTESIAN_POINT('Ctrl Pts',(-479.2,-335.435511904651,642.083333333333));
#7732=CARTESIAN_POINT('Ctrl Pts',(-479.2,-200.296725785028,642.083333333333));
#7733=CARTESIAN_POINT('Ctrl Pts',(-479.2,-65.4920320119553,642.083333333333));
#7734=CARTESIAN_POINT('Ctrl Pts',(-479.2,48.1785663079183,642.083333333333));
#7735=CARTESIAN_POINT('Ctrl Pts',(-479.2,105.013865467855,642.083333333333));
#7736=CARTESIAN_POINT('Ctrl Pts',(-479.2,156.565640764493,642.083333333333));
#7737=CARTESIAN_POINT('Ctrl Pts',(-479.2,200.233891809499,642.083333333333));
#7738=CARTESIAN_POINT('Ctrl Pts',(-479.2,211.150954570751,642.083333333333));
#7739=CARTESIAN_POINT('Ctrl Pts',(-479.2,221.575297066275,642.083333333333));
#7740=CARTESIAN_POINT('Ctrl Pts',(-479.2,231.466294290006,642.083333333333));
#7741=CARTESIAN_POINT('Ctrl Pts',(-479.2,235.175418248904,642.083333333333));
#7742=CARTESIAN_POINT('Ctrl Pts',(-479.2,238.809540528957,642.083333333333));
#7743=CARTESIAN_POINT('Ctrl Pts',(-479.2,242.366518795859,642.083333333333));
#7744=CARTESIAN_POINT('Ctrl Pts',(-479.2,242.755563293802,642.083333333333));
#7745=CARTESIAN_POINT('Ctrl Pts',(-479.2,243.143684926352,642.083333333333));
#7746=CARTESIAN_POINT('Ctrl Pts',(-479.2,243.530880890392,642.083333333333));
#7747=CARTESIAN_POINT('Ctrl Pts',(-479.2,243.721453903944,642.083333333333));
#7748=CARTESIAN_POINT('Ctrl Pts',(-479.2,243.911802675655,642.083333333333));
#7749=CARTESIAN_POINT('Ctrl Pts',(-479.2,244.101926871305,642.083333333333));
#7750=CARTESIAN_POINT('Ctrl Pts',(-479.2,244.123508154321,642.083333333333));
#7751=CARTESIAN_POINT('Ctrl Pts',(-479.2,244.145086543706,642.083333333333));
#7752=CARTESIAN_POINT('Ctrl Pts',(-479.2,244.166662038971,642.083333333333));
#7753=CARTESIAN_POINT('Ctrl Pts',(-479.2,244.186751443823,642.083333333333));
#7754=CARTESIAN_POINT('Ctrl Pts',(-479.2,244.20684768459,642.083333333333));
#7755=CARTESIAN_POINT('Ctrl Pts',(-479.2,244.226951777244,642.083333333333));
#7756=CARTESIAN_POINT('Ctrl Pts',(-479.2,268.34220252321,642.083333333333));
#7757=CARTESIAN_POINT('Ctrl Pts',(-479.2,303.271173396636,642.083333333333));
#7758=CARTESIAN_POINT('Ctrl Pts',(-479.2,345.616666666667,642.083333333333));
#7759=CARTESIAN_POINT('Ctrl Pts',(-479.2,346.212529641365,642.083333333333));
#7760=CARTESIAN_POINT('Ctrl Pts',(-479.2,346.8156318459,642.091264602823));
#7761=CARTESIAN_POINT('Ctrl Pts',(-479.2,347.42450218649,642.108066216045));
#7762=CARTESIAN_POINT('Ctrl Pts',(-479.2,348.010696798291,642.124242098634));
#7763=CARTESIAN_POINT('Ctrl Pts',(-479.2,348.602237671405,642.14864006211));
#7764=CARTESIAN_POINT('Ctrl Pts',(-479.2,349.197824218509,642.182050642878));
#7765=CARTESIAN_POINT('Ctrl Pts',(-479.2,349.775814686245,642.214474137498));
#7766=CARTESIAN_POINT('Ctrl Pts',(-479.2,350.357615115683,642.255385678954));
#7767=CARTESIAN_POINT('Ctrl Pts',(-479.2,350.94205162096,642.30546042782));
#7768=CARTESIAN_POINT('Ctrl Pts',(-479.2,351.512396519478,642.354327802296));
#7769=CARTESIAN_POINT('Ctrl Pts',(-479.2,352.085251744433,642.411921912286));
#7770=CARTESIAN_POINT('Ctrl Pts',(-479.2,352.659543181861,642.478823117183));
#7771=CARTESIAN_POINT('Ctrl Pts',(-479.2,353.222304675939,642.544381158919));
#7772=CARTESIAN_POINT('Ctrl Pts',(-479.2,353.786445149339,642.618876391473));
#7773=CARTESIAN_POINT('Ctrl Pts',(-479.2,354.350972552688,642.702808079751));
#7774=CARTESIAN_POINT('Ctrl Pts',(-479.2,354.905925264185,642.785316240938));
#7775=CARTESIAN_POINT('Ctrl Pts',(-479.2,355.461251763223,642.876943520334));
#7776=CARTESIAN_POINT('Ctrl Pts',(-479.2,356.016029844365,642.978117718285));
#7777=CARTESIAN_POINT('Ctrl Pts',(-479.2,356.562775965849,643.077827137609));
#7778=CARTESIAN_POINT('Ctrl Pts',(-479.2,357.108989316375,643.186809070341));
#7779=CARTESIAN_POINT('Ctrl Pts',(-479.2,357.653808796959,643.305426902429));
#7780=CARTESIAN_POINT('Ctrl Pts',(-479.2,358.220010475375,643.42870005622));
#7781=CARTESIAN_POINT('Ctrl Pts',(-479.2,358.784706366797,643.562380781781));
#7782=CARTESIAN_POINT('Ctrl Pts',(-479.2,359.346957422996,643.706822303409));
#7783=CARTESIAN_POINT('Ctrl Pts',(-479.2,359.891638133689,643.846750027486));
#7784=CARTESIAN_POINT('Ctrl Pts',(-479.2,360.434024396967,643.996776339008));
#7785=CARTESIAN_POINT('Ctrl Pts',(-479.2,360.973290133713,644.157170756195));
#7786=CARTESIAN_POINT('Ctrl Pts',(-479.2,361.495703816187,644.312552847845));
#7787=CARTESIAN_POINT('Ctrl Pts',(-479.2,362.015188953848,644.47766498915));
#7788=CARTESIAN_POINT('Ctrl Pts',(-479.2,362.531021099467,644.65270547224));
#7789=CARTESIAN_POINT('Ctrl Pts',(-479.2,363.036628123459,644.824276202148));
#7790=CARTESIAN_POINT('Ctrl Pts',(-479.2,363.538725504849,645.005385470619));
#7791=CARTESIAN_POINT('Ctrl Pts',(-479.2,364.036657360649,645.19617620345));
#7792=CARTESIAN_POINT('Ctrl Pts',(-479.2,364.531441293972,645.385760758309));
#7793=CARTESIAN_POINT('Ctrl Pts',(-479.2,365.022112115395,645.584904744558));
#7794=CARTESIAN_POINT('Ctrl Pts',(-479.2,365.508053594992,645.793705306452));
#7795=CARTESIAN_POINT('Ctrl Pts',(-479.2,365.991348690005,646.001368763136));
#7796=CARTESIAN_POINT('Ctrl Pts',(-479.2,366.469965728987,646.218583890571));
#7797=CARTESIAN_POINT('Ctrl Pts',(-479.2,366.943326874848,646.445403651739));
#7798=CARTESIAN_POINT('Ctrl Pts',(-479.2,367.414485516731,646.671168042329));
#7799=CARTESIAN_POINT('Ctrl Pts',(-479.2,367.880436980643,646.906447875896));
#7800=CARTESIAN_POINT('Ctrl Pts',(-479.2,368.340640896262,647.151253301434));
#7801=CARTESIAN_POINT('Ctrl Pts',(-479.2,368.799037581912,647.395097371176));
#7802=CARTESIAN_POINT('Ctrl Pts',(-479.2,369.251731694046,647.648392340176));
#7803=CARTESIAN_POINT('Ctrl Pts',(-479.2,369.698219674388,647.911106722086));
#7804=CARTESIAN_POINT('Ctrl Pts',(-479.2,370.143254281541,648.172965936432));
#7805=CARTESIAN_POINT('Ctrl Pts',(-479.2,370.582123019746,648.444183310522));
#7806=CARTESIAN_POINT('Ctrl Pts',(-479.2,371.014358711567,648.724686745334));
#7807=CARTESIAN_POINT('Ctrl Pts',(-479.2,371.445459254983,649.004453514868));
#7808=CARTESIAN_POINT('Ctrl Pts',(-479.2,371.86996147435,649.293457599581));
#7809=CARTESIAN_POINT('Ctrl Pts',(-479.2,372.287434328655,649.59158717839));
#7810=CARTESIAN_POINT('Ctrl Pts',(-479.2,372.704059332878,649.889111282651));
#7811=CARTESIAN_POINT('Ctrl Pts',(-479.2,373.113683426562,650.195723813057));
#7812=CARTESIAN_POINT('Ctrl Pts',(-479.2,373.515911619155,650.511274002191));
#7813=CARTESIAN_POINT('Ctrl Pts',(-479.2,373.917552193144,650.826363201356));
#7814=CARTESIAN_POINT('Ctrl Pts',(-479.2,374.311818394404,651.150363920444));
#7815=CARTESIAN_POINT('Ctrl Pts',(-479.2,374.698351333527,651.483087118316));
#7816=CARTESIAN_POINT('Ctrl Pts',(-479.2,375.084533003007,651.815507947238));
#7817=CARTESIAN_POINT('Ctrl Pts',(-479.2,375.462995397406,652.156635361009));
#7818=CARTESIAN_POINT('Ctrl Pts',(-479.2,375.833415899269,652.506242621566));
#7819=CARTESIAN_POINT('Ctrl Pts',(-479.2,376.203700232736,652.855721364776));
#7820=CARTESIAN_POINT('Ctrl Pts',(-479.2,376.565948526318,653.213673669948));
#7821=CARTESIAN_POINT('Ctrl Pts',(-479.2,376.919874713323,653.579835586516));
#7822=CARTESIAN_POINT('Ctrl Pts',(-479.2,377.273860764314,653.946059436652));
#7823=CARTESIAN_POINT('Ctrl Pts',(-479.2,377.619521837958,654.320495620434));
#7824=CARTESIAN_POINT('Ctrl Pts',(-479.2,377.956608796821,654.702843366746));
#7825=CARTESIAN_POINT('Ctrl Pts',(-479.2,378.29393437576,655.085461772736));
#7826=CARTESIAN_POINT('Ctrl Pts',(-479.2,378.622673644891,655.476002887516));
#7827=CARTESIAN_POINT('Ctrl Pts',(-479.2,378.942614869453,655.874129415477));
#7828=CARTESIAN_POINT('Ctrl Pts',(-479.2,379.262957652072,656.272755631826));
#7829=CARTESIAN_POINT('Ctrl Pts',(-479.2,379.574480243492,656.678986252042));
#7830=CARTESIAN_POINT('Ctrl Pts',(-479.2,379.877008878519,657.092447649356));
#7831=CARTESIAN_POINT('Ctrl Pts',(-479.2,380.180087353469,657.506660504736));
#7832=CARTESIAN_POINT('Ctrl Pts',(-479.2,380.474139105666,657.928130379162));
#7833=CARTESIAN_POINT('Ctrl Pts',(-479.2,380.759029001882,658.356447394881));
#7834=CARTESIAN_POINT('Ctrl Pts',(-479.2,381.044603256471,658.785793307518));
#7835=CARTESIAN_POINT('Ctrl Pts',(-479.2,381.320971545474,659.222019228304));
#7836=CARTESIAN_POINT('Ctrl Pts',(-479.2,381.588038131241,659.664678981048));
#7837=CARTESIAN_POINT('Ctrl Pts',(-479.2,381.861595972373,660.118097913891));
#7838=CARTESIAN_POINT('Ctrl Pts',(-479.2,382.125394254347,660.578267280711));
#7839=CARTESIAN_POINT('Ctrl Pts',(-479.2,382.379374369406,661.04467266422));
#7840=CARTESIAN_POINT('Ctrl Pts',(-479.2,382.629540661138,661.504074398126));
#7841=CARTESIAN_POINT('Ctrl Pts',(-479.2,382.870181539034,661.969526091796));
#7842=CARTESIAN_POINT('Ctrl Pts',(-479.2,383.101283652542,662.440504073522));
#7843=CARTESIAN_POINT('Ctrl Pts',(-479.2,383.333445905993,662.913642583176));
#7844=CARTESIAN_POINT('Ctrl Pts',(-479.2,383.555981652567,663.392358119853));
#7845=CARTESIAN_POINT('Ctrl Pts',(-479.2,383.768920369942,663.876088931674));
#7846=CARTESIAN_POINT('Ctrl Pts',(-479.2,383.982995209628,664.362400661493));
#7847=CARTESIAN_POINT('Ctrl Pts',(-479.2,384.187370316855,664.853781243704));
#7848=CARTESIAN_POINT('Ctrl Pts',(-479.2,384.382119390789,665.349630004683));
#7849=CARTESIAN_POINT('Ctrl Pts',(-479.2,384.578067941883,665.848532743027));
#7850=CARTESIAN_POINT('Ctrl Pts',(-479.2,384.764271504285,666.351958782391));
#7851=CARTESIAN_POINT('Ctrl Pts',(-479.2,384.94084960201,666.85926738917));
#7852=CARTESIAN_POINT('Ctrl Pts',(-479.2,385.118677083688,667.370165474148));
#7853=CARTESIAN_POINT('Ctrl Pts',(-479.2,385.286742400102,667.885001171809));
#7854=CARTESIAN_POINT('Ctrl Pts',(-479.2,385.445212765333,668.403092182627));
#7855=CARTESIAN_POINT('Ctrl Pts',(-479.2,385.604967774563,668.925383111244));
#7856=CARTESIAN_POINT('Ctrl Pts',(-479.2,385.754971638158,669.450982248957));
#7857=CARTESIAN_POINT('Ctrl Pts',(-479.2,385.895441457303,669.979163762152));
#7858=CARTESIAN_POINT('Ctrl Pts',(-479.2,386.037214844815,670.51224683155));
#7859=CARTESIAN_POINT('Ctrl Pts',(-479.2,386.169276421936,671.047960325819));
#7860=CARTESIAN_POINT('Ctrl Pts',(-479.2,386.291895801678,671.585532318797));
#7861=CARTESIAN_POINT('Ctrl Pts',(-479.2,386.416580819929,672.132160216418));
#7862=CARTESIAN_POINT('Ctrl Pts',(-479.2,386.531502805928,672.680709670531));
#7863=CARTESIAN_POINT('Ctrl Pts',(-479.2,386.636993252227,673.230344022184));
#7864=CARTESIAN_POINT('Ctrl Pts',(-479.2,386.743769269315,673.786676552603));
#7865=CARTESIAN_POINT('Ctrl Pts',(-479.2,386.840882500344,674.344120463324));
#7866=CARTESIAN_POINT('Ctrl Pts',(-479.2,386.928725438332,674.901784275207));
#7867=CARTESIAN_POINT('Ctrl Pts',(-479.2,387.017795162267,675.467236238791));
#7868=CARTESIAN_POINT('Ctrl Pts',(-479.2,387.097333899647,676.032914157307));
#7869=CARTESIAN_POINT('Ctrl Pts',(-479.2,387.16780005458,676.597866206036));
#7870=CARTESIAN_POINT('Ctrl Pts',(-479.2,387.239401280788,677.171918522022));
#7871=CARTESIAN_POINT('Ctrl Pts',(-479.2,387.301635352248,677.745221250778));
#7872=CARTESIAN_POINT('Ctrl Pts',(-479.2,387.355032852565,678.316754878616));
#7873=CARTESIAN_POINT('Ctrl Pts',(-479.2,387.409988289821,678.904963694339));
#7874=CARTESIAN_POINT('Ctrl Pts',(-479.2,387.455584003454,679.491298537355));
#7875=CARTESIAN_POINT('Ctrl Pts',(-479.2,387.49245020647,680.074628100434));
#7876=CARTESIAN_POINT('Ctrl Pts',(-479.2,387.53006230196,680.669759831767));
#7877=CARTESIAN_POINT('Ctrl Pts',(-479.2,387.558588215564,681.261763245405));
#7878=CARTESIAN_POINT('Ctrl Pts',(-479.2,387.578749147738,681.849419132849));
#7879=CARTESIAN_POINT('Ctrl Pts',(-479.2,387.599620551344,682.457784019077));
#7880=CARTESIAN_POINT('Ctrl Pts',(-479.2,387.611527120087,683.06148935292));
#7881=CARTESIAN_POINT('Ctrl Pts',(-479.2,387.615322499735,683.659166644262));
#7882=CARTESIAN_POINT('Ctrl Pts',(-479.2,387.616222541612,683.800900710714));
#7883=CARTESIAN_POINT('Ctrl Pts',(-479.2,387.616666666667,683.942295724556));
#7884=CARTESIAN_POINT('Ctrl Pts',(-479.2,387.616666666667,684.083333333333));
#7885=CARTESIAN_POINT('',(-479.2,340.95,688.263333333333));
#7886=CARTESIAN_POINT('Ctrl Pts',(-479.2,387.616666666667,684.083333333333));
#7887=CARTESIAN_POINT('Ctrl Pts',(-479.2,372.061111111111,684.083333333333));
#7888=CARTESIAN_POINT('Ctrl Pts',(-479.2,356.505555555556,684.083333333333));
#7889=CARTESIAN_POINT('Ctrl Pts',(-479.2,340.95,684.083333333333));
#7890=CARTESIAN_POINT('Ctrl Pts',(-479.2,339.72570634536,684.083333333333));
#7891=CARTESIAN_POINT('Ctrl Pts',(-479.2,338.860000000001,684.949039678693));
#7892=CARTESIAN_POINT('Ctrl Pts',(-479.2,338.86,686.173333333333));
#7893=CARTESIAN_POINT('Ctrl Pts',(-479.2,338.86,687.397626987973));
#7894=CARTESIAN_POINT('Ctrl Pts',(-479.2,339.72570634536,688.263333333333));
#7895=CARTESIAN_POINT('Ctrl Pts',(-479.2,340.95,688.263333333333));
#7896=CARTESIAN_POINT('',(-479.2,340.95,698.403333333333));
#7897=CARTESIAN_POINT('',(-479.2,340.95,688.263333333333));
#7898=CARTESIAN_POINT('',(-479.2,375.616666666667,702.583333333333));
#7899=CARTESIAN_POINT('Ctrl Pts',(-479.2,340.95,698.403333333333));
#7900=CARTESIAN_POINT('Ctrl Pts',(-479.2,339.72570634536,698.403333333333));
#7901=CARTESIAN_POINT('Ctrl Pts',(-479.2,338.860000000001,699.269039678693));
#7902=CARTESIAN_POINT('Ctrl Pts',(-479.2,338.86,700.493333333333));
#7903=CARTESIAN_POINT('Ctrl Pts',(-479.2,338.86,701.717626987973));
#7904=CARTESIAN_POINT('Ctrl Pts',(-479.2,339.72570634536,702.583333333333));
#7905=CARTESIAN_POINT('Ctrl Pts',(-479.2,340.95,702.583333333333));
#7906=CARTESIAN_POINT('Ctrl Pts',(-479.2,352.505555555556,702.583333333333));
#7907=CARTESIAN_POINT('Ctrl Pts',(-479.2,364.061111111111,702.583333333333));
#7908=CARTESIAN_POINT('Ctrl Pts',(-479.2,375.616666666667,702.583333333333));
#7909=CARTESIAN_POINT('',(-479.2,375.616666666667,800.583333333333));
#7910=CARTESIAN_POINT('',(-479.2,375.616666666667,702.583333333333));
#7911=CARTESIAN_POINT('',(-479.2,375.616666666667,800.583333333333));
#7912=CARTESIAN_POINT('Origin',(-497.7,-359.783333333333,802.168333333333));
#7913=CARTESIAN_POINT('',(-497.7,317.616666666667,800.583333333333));
#7914=CARTESIAN_POINT('',(-497.7,317.616666666667,714.449333333333));
#7915=CARTESIAN_POINT('',(-497.7,317.616666666667,800.583333333333));
#7916=CARTESIAN_POINT('',(-497.7,375.616666666667,800.583333333333));
#7917=CARTESIAN_POINT('',(-497.7,375.616666666667,800.583333333333));
#7918=CARTESIAN_POINT('',(-497.7,375.616666666667,702.583333333333));
#7919=CARTESIAN_POINT('',(-497.7,375.616666666667,702.583333333333));
#7920=CARTESIAN_POINT('',(-497.7,340.95,698.403333333333));
#7921=CARTESIAN_POINT('Ctrl Pts',(-497.7,340.95,698.403333333333));
#7922=CARTESIAN_POINT('Ctrl Pts',(-497.7,339.72570634536,698.403333333333));
#7923=CARTESIAN_POINT('Ctrl Pts',(-497.7,338.860000000001,699.269039678693));
#7924=CARTESIAN_POINT('Ctrl Pts',(-497.7,338.86,700.493333333333));
#7925=CARTESIAN_POINT('Ctrl Pts',(-497.7,338.86,701.717626987973));
#7926=CARTESIAN_POINT('Ctrl Pts',(-497.7,339.72570634536,702.583333333333));
#7927=CARTESIAN_POINT('Ctrl Pts',(-497.7,340.95,702.583333333333));
#7928=CARTESIAN_POINT('Ctrl Pts',(-497.7,352.505555555556,702.583333333333));
#7929=CARTESIAN_POINT('Ctrl Pts',(-497.7,364.061111111111,702.583333333333));
#7930=CARTESIAN_POINT('Ctrl Pts',(-497.7,375.616666666667,702.583333333333));
#7931=CARTESIAN_POINT('',(-497.7,340.95,688.263333333333));
#7932=CARTESIAN_POINT('',(-497.7,340.95,688.263333333333));
#7933=CARTESIAN_POINT('',(-497.7,387.616666666667,684.083333333333));
#7934=CARTESIAN_POINT('Ctrl Pts',(-497.7,387.616666666667,684.083333333333));
#7935=CARTESIAN_POINT('Ctrl Pts',(-497.7,372.061111111111,684.083333333333));
#7936=CARTESIAN_POINT('Ctrl Pts',(-497.7,356.505555555556,684.083333333333));
#7937=CARTESIAN_POINT('Ctrl Pts',(-497.7,340.95,684.083333333333));
#7938=CARTESIAN_POINT('Ctrl Pts',(-497.7,339.72570634536,684.083333333333));
#7939=CARTESIAN_POINT('Ctrl Pts',(-497.7,338.860000000001,684.949039678693));
#7940=CARTESIAN_POINT('Ctrl Pts',(-497.7,338.86,686.173333333333));
#7941=CARTESIAN_POINT('Ctrl Pts',(-497.7,338.86,687.397626987973));
#7942=CARTESIAN_POINT('Ctrl Pts',(-497.7,339.72570634536,688.263333333333));
#7943=CARTESIAN_POINT('Ctrl Pts',(-497.7,340.95,688.263333333333));
#7944=CARTESIAN_POINT('Ctrl Pts',(-497.7,317.616666666667,714.449333333333));
#7945=CARTESIAN_POINT('Ctrl Pts',(-497.7,317.616666666667,702.217799333333));
#7946=CARTESIAN_POINT('Ctrl Pts',(-497.7,310.391196005397,695.522068983159));
#7947=CARTESIAN_POINT('Ctrl Pts',(-497.7,298.170666666667,695.003333333333));
#7948=CARTESIAN_POINT('Ctrl Pts',(-497.7,268.643655178112,693.749974082896));
#7949=CARTESIAN_POINT('Ctrl Pts',(-497.7,239.116633472856,692.496614398782));
#7950=CARTESIAN_POINT('Ctrl Pts',(-497.7,209.591034276326,691.243315097158));
#7951=CARTESIAN_POINT('Ctrl Pts',(-497.7,117.483463661334,687.333543337483));
#7952=CARTESIAN_POINT('Ctrl Pts',(-497.7,25.3897373425477,683.424359238931));
#7953=CARTESIAN_POINT('Ctrl Pts',(-497.7,-66.6466415354292,679.517609418072));
#7954=CARTESIAN_POINT('Ctrl Pts',(-497.7,-112.664830974418,677.564234507643));
#7955=CARTESIAN_POINT('Ctrl Pts',(-497.7,-158.668683553204,675.611468166637));
#7956=CARTESIAN_POINT('Ctrl Pts',(-497.7,-204.652761378713,673.659541222126));
#7957=CARTESIAN_POINT('Ctrl Pts',(-497.7,-227.644800291467,672.68357774987));
#7958=CARTESIAN_POINT('Ctrl Pts',(-497.7,-250.631895515902,671.707824126738));
#7959=CARTESIAN_POINT('Ctrl Pts',(-497.7,-273.613367315384,670.732309206114));
#7960=CARTESIAN_POINT('Ctrl Pts',(-497.7,-285.104103215124,670.244551745802));
#7961=CARTESIAN_POINT('Ctrl Pts',(-497.7,-296.593433258626,669.756853961116));
#7962=CARTESIAN_POINT('Ctrl Pts',(-497.7,-308.081272478811,669.269219458731));
#7963=CARTESIAN_POINT('Ctrl Pts',(-497.7,-313.825192088903,669.025402207538));
#7964=CARTESIAN_POINT('Ctrl Pts',(-497.7,-319.568738993166,668.781600776921));
#7965=CARTESIAN_POINT('Ctrl Pts',(-497.7,-325.311902570715,668.537815617712));
#7966=CARTESIAN_POINT('Ctrl Pts',(-497.7,-328.183484359489,668.415923038108));
#7967=CARTESIAN_POINT('Ctrl Pts',(-497.7,-331.054970316584,668.294034526356));
#7968=CARTESIAN_POINT('Ctrl Pts',(-497.7,-333.926359114391,668.17215013881));
#7969=CARTESIAN_POINT('Ctrl Pts',(-497.7,-335.362053513294,668.111207945038));
#7970=CARTESIAN_POINT('Ctrl Pts',(-497.7,-336.797723622375,668.050266782316));
#7971=CARTESIAN_POINT('Ctrl Pts',(-497.7,-338.233369275682,667.989326657691));
#7972=CARTESIAN_POINT('Ctrl Pts',(-497.7,-338.951192102336,667.958856595379));
#7973=CARTESIAN_POINT('Ctrl Pts',(-497.7,-339.669008815046,667.92838679259));
#7974=CARTESIAN_POINT('Ctrl Pts',(-497.7,-340.386819393069,667.897917250206));
#7975=CARTESIAN_POINT('Ctrl Pts',(-497.7,-340.745724682081,667.882682479014));
#7976=CARTESIAN_POINT('Ctrl Pts',(-497.7,-341.10462843742,667.867447772923));
#7977=CARTESIAN_POINT('Ctrl Pts',(-497.7,-341.463530656495,667.852213132043));
#7978=CARTESIAN_POINT('Ctrl Pts',(-497.7,-341.642981766033,667.844595811604));
#7979=CARTESIAN_POINT('Ctrl Pts',(-497.7,-341.822432491503,667.836978507466));
#7980=CARTESIAN_POINT('Ctrl Pts',(-497.7,-342.001882832584,667.829361219646));
#7981=CARTESIAN_POINT('Ctrl Pts',(-497.7,-342.024314125219,667.828409058668));
#7982=CARTESIAN_POINT('Ctrl Pts',(-497.7,-342.046745411848,667.827456897946));
#7983=CARTESIAN_POINT('Ctrl Pts',(-497.7,-342.069176692471,667.826504737478));
#7984=CARTESIAN_POINT('Ctrl Pts',(-497.7,-342.074748085295,667.826268243624));
#7985=CARTESIAN_POINT('Ctrl Pts',(-497.7,-342.080319477748,667.826031749786));
#7986=CARTESIAN_POINT('Ctrl Pts',(-497.7,-342.085890869831,667.825795255964));
#7987=CARTESIAN_POINT('Ctrl Pts',(-497.7,-342.088674116033,667.825677113044));
#7988=CARTESIAN_POINT('Ctrl Pts',(-497.7,-342.091457362141,667.825558970127));
#7989=CARTESIAN_POINT('Ctrl Pts',(-497.7,-342.094240608158,667.825440827214));
#7990=CARTESIAN_POINT('Ctrl Pts',(-497.7,-342.096851577985,667.825329997062));
#7991=CARTESIAN_POINT('Ctrl Pts',(-497.7,-342.099470622106,667.825218824173));
#7992=CARTESIAN_POINT('Ctrl Pts',(-497.7,-342.102103370881,667.82510706955));
#7993=CARTESIAN_POINT('Ctrl Pts',(-497.7,-342.249374974606,667.81885570114));
#7994=CARTESIAN_POINT('Ctrl Pts',(-497.7,-342.433826983416,667.811026103092));
#7995=CARTESIAN_POINT('Ctrl Pts',(-497.7,-342.635786853333,667.802453333333));
#7996=CARTESIAN_POINT('Ctrl Pts',(-497.7,-342.644711817063,667.80207448748));
#7997=CARTESIAN_POINT('Ctrl Pts',(-497.7,-342.654881334687,667.801633252964));
#7998=CARTESIAN_POINT('Ctrl Pts',(-497.7,-342.664027502195,667.801227416738));
#7999=CARTESIAN_POINT('Ctrl Pts',(-497.7,-342.668596120047,667.801024696788));
#8000=CARTESIAN_POINT('Ctrl Pts',(-497.7,-342.672909562429,667.800831094348));
#8001=CARTESIAN_POINT('Ctrl Pts',(-497.7,-342.676686007578,667.800660261038));
#8002=CARTESIAN_POINT('Ctrl Pts',(-497.7,-342.677734865357,667.800612814342));
#8003=CARTESIAN_POINT('Ctrl Pts',(-497.7,-342.678742302907,667.800567128397));
#8004=CARTESIAN_POINT('Ctrl Pts',(-497.7,-342.679702287354,667.800523504177));
#8005=CARTESIAN_POINT('Ctrl Pts',(-497.7,-342.680284348004,667.800497053808));
#8006=CARTESIAN_POINT('Ctrl Pts',(-497.7,-342.680848963616,667.800471361441));
#8007=CARTESIAN_POINT('Ctrl Pts',(-497.7,-342.681394789671,667.800446494533));
#8008=CARTESIAN_POINT('Ctrl Pts',(-497.7,-342.681831031217,667.800426620108));
#8009=CARTESIAN_POINT('Ctrl Pts',(-497.7,-342.682263559687,667.800406895497));
#8010=CARTESIAN_POINT('Ctrl Pts',(-497.7,-342.68269780703,667.800387073249));
#8011=CARTESIAN_POINT('Ctrl Pts',(-497.7,-342.960303808252,667.787715090331));
#8012=CARTESIAN_POINT('Ctrl Pts',(-497.7,-343.23350326813,667.767338585754));
#8013=CARTESIAN_POINT('Ctrl Pts',(-497.7,-343.501893562855,667.7394192449));
#8014=CARTESIAN_POINT('Ctrl Pts',(-497.7,-343.770326270052,667.711495492082));
#8015=CARTESIAN_POINT('Ctrl Pts',(-497.7,-344.033948090899,667.676026655678));
#8016=CARTESIAN_POINT('Ctrl Pts',(-497.7,-344.292385201321,667.633217835627));
#8017=CARTESIAN_POINT('Ctrl Pts',(-497.7,-344.550798908669,667.590412892178));
#8018=CARTESIAN_POINT('Ctrl Pts',(-497.7,-344.804028654254,667.540269442083));
#8019=CARTESIAN_POINT('Ctrl Pts',(-497.7,-345.05173263475,667.483033718503));
#8020=CARTESIAN_POINT('Ctrl Pts',(-497.7,-345.299369445544,667.425813515491));
#8021=CARTESIAN_POINT('Ctrl Pts',(-497.7,-345.541483310322,667.361505041407));
#8022=CARTESIAN_POINT('Ctrl Pts',(-497.7,-345.777767364405,667.290393213397));
#8023=CARTESIAN_POINT('Ctrl Pts',(-497.7,-346.01396802994,667.219306481926));
#8024=CARTESIAN_POINT('Ctrl Pts',(-497.7,-346.244342836205,667.141421360927));
#8025=CARTESIAN_POINT('Ctrl Pts',(-497.7,-346.468622434927,667.057058928956));
#8026=CARTESIAN_POINT('Ctrl Pts',(-497.7,-346.692832353795,666.972722706956));
#8027=CARTESIAN_POINT('Ctrl Pts',(-497.7,-346.91095070501,666.881913366009));
#8028=CARTESIAN_POINT('Ctrl Pts',(-497.7,-347.12274788961,666.784985649299));
#8029=CARTESIAN_POINT('Ctrl Pts',(-497.7,-347.334518516473,666.688070086579));
#8030=CARTESIAN_POINT('Ctrl Pts',(-497.7,-347.539969431627,666.585037853099));
#8031=CARTESIAN_POINT('Ctrl Pts',(-497.7,-347.738912698617,666.476274980902));
#8032=CARTESIAN_POINT('Ctrl Pts',(-497.7,-347.947846617034,666.362050190035));
#8033=CARTESIAN_POINT('Ctrl Pts',(-497.7,-348.149602322714,666.241504671956));
#8034=CARTESIAN_POINT('Ctrl Pts',(-497.7,-348.34401367719,666.115119793494));
#8035=CARTESIAN_POINT('Ctrl Pts',(-497.7,-348.52945282577,665.994567656409));
#8036=CARTESIAN_POINT('Ctrl Pts',(-497.7,-348.708210150406,665.86870310896));
#8037=CARTESIAN_POINT('Ctrl Pts',(-497.7,-348.880187836553,665.737970865467));
#8038=CARTESIAN_POINT('Ctrl Pts',(-497.7,-349.052473847776,665.607004242563));
#8039=CARTESIAN_POINT('Ctrl Pts',(-497.7,-349.217955808645,665.471152625227));
#8040=CARTESIAN_POINT('Ctrl Pts',(-497.7,-349.376582135794,665.330886909726));
#8041=CARTESIAN_POINT('Ctrl Pts',(-497.7,-349.535637424057,665.190241884316));
#8042=CARTESIAN_POINT('Ctrl Pts',(-497.7,-349.687799886512,665.045159025486));
#8043=CARTESIAN_POINT('Ctrl Pts',(-497.7,-349.833065588478,664.89613438881));
#8044=CARTESIAN_POINT('Ctrl Pts',(-497.7,-349.97888396497,664.746542776453));
#8045=CARTESIAN_POINT('Ctrl Pts',(-497.7,-350.117752956487,664.592979505563));
#8046=CARTESIAN_POINT('Ctrl Pts',(-497.7,-350.24971779553,664.435965218527));
#8047=CARTESIAN_POINT('Ctrl Pts',(-497.7,-350.382357688831,664.278147739038));
#8048=CARTESIAN_POINT('Ctrl Pts',(-497.7,-350.508022585789,664.116844016394));
#8049=CARTESIAN_POINT('Ctrl Pts',(-497.7,-350.626808618787,663.952599225593));
#8050=CARTESIAN_POINT('Ctrl Pts',(-497.7,-350.746386785973,663.787259155231));
#8051=CARTESIAN_POINT('Ctrl Pts',(-497.7,-350.858994029816,663.618938831498));
#8052=CARTESIAN_POINT('Ctrl Pts',(-497.7,-350.964779466809,663.448208516856));
#8053=CARTESIAN_POINT('Ctrl Pts',(-497.7,-351.071465220654,663.27602515363));
#8054=CARTESIAN_POINT('Ctrl Pts',(-497.7,-351.171212567421,663.101390776788));
#8055=CARTESIAN_POINT('Ctrl Pts',(-497.7,-351.264226219959,662.92490202969));
#8056=CARTESIAN_POINT('Ctrl Pts',(-497.7,-351.361953113254,662.739470144317));
#8057=CARTESIAN_POINT('Ctrl Pts',(-497.7,-351.452246259846,662.551991334425));
#8058=CARTESIAN_POINT('Ctrl Pts',(-497.7,-351.535403021346,662.363168151617));
#8059=CARTESIAN_POINT('Ctrl Pts',(-497.7,-351.61714413294,662.177559470145));
#8060=CARTESIAN_POINT('Ctrl Pts',(-497.7,-351.691990124113,661.990652038523));
#8061=CARTESIAN_POINT('Ctrl Pts',(-497.7,-351.760278723836,661.803120021456));
#8062=CARTESIAN_POINT('Ctrl Pts',(-497.7,-351.829743170327,661.612358930765));
#8063=CARTESIAN_POINT('Ctrl Pts',(-497.7,-351.892422558514,661.420951769122));
#8064=CARTESIAN_POINT('Ctrl Pts',(-497.7,-351.948727120781,661.229611989473));
#8065=CARTESIAN_POINT('Ctrl Pts',(-497.7,-352.006224906942,661.034217277371));
#8066=CARTESIAN_POINT('Ctrl Pts',(-497.7,-352.057074954955,660.83889306543));
#8067=CARTESIAN_POINT('Ctrl Pts',(-497.7,-352.101768957103,660.644399744347));
#8068=CARTESIAN_POINT('Ctrl Pts',(-497.7,-352.145496303302,660.454112986042));
#8069=CARTESIAN_POINT('Ctrl Pts',(-497.7,-352.183331558246,660.264621771322));
#8070=CARTESIAN_POINT('Ctrl Pts',(-497.7,-352.215781371195,660.076635532247));
#8071=CARTESIAN_POINT('Ctrl Pts',(-497.7,-352.22795005105,660.006140692594));
#8072=CARTESIAN_POINT('Ctrl Pts',(-497.7,-352.239361834326,659.935857447246));
#8073=CARTESIAN_POINT('Ctrl Pts',(-497.7,-352.250044924795,659.865823019965));
#8074=CARTESIAN_POINT('Ctrl Pts',(-497.7,-352.250722307597,659.861382346479));
#8075=CARTESIAN_POINT('Ctrl Pts',(-497.7,-352.251396876231,659.856941953482));
#8076=CARTESIAN_POINT('Ctrl Pts',(-497.7,-352.252070596966,659.852488776156));
#8077=CARTESIAN_POINT('Ctrl Pts',(-497.7,-352.275924090598,659.694821316171));
#8078=CARTESIAN_POINT('Ctrl Pts',(-497.7,-352.298063921796,659.525415017026));
#8079=CARTESIAN_POINT('Ctrl Pts',(-497.7,-352.317122457843,659.344264880411));
#8080=CARTESIAN_POINT('Ctrl Pts',(-497.7,-352.337037162962,659.154976912856));
#8081=CARTESIAN_POINT('Ctrl Pts',(-497.7,-352.353585694396,658.952864213346));
#8082=CARTESIAN_POINT('Ctrl Pts',(-497.7,-352.365160309294,658.737953261442));
#8083=CARTESIAN_POINT('Ctrl Pts',(-497.7,-352.375832394177,658.539799980225));
#8084=CARTESIAN_POINT('Ctrl Pts',(-497.7,-352.38227411307,658.330765870141));
#8085=CARTESIAN_POINT('Ctrl Pts',(-497.7,-352.383213752833,658.110916287711));
#8086=CARTESIAN_POINT('Ctrl Pts',(-497.7,-352.383293217446,658.092323777507));
#8087=CARTESIAN_POINT('Ctrl Pts',(-497.7,-352.383333333333,658.073653946869));
#8088=CARTESIAN_POINT('Ctrl Pts',(-497.7,-352.383333333333,658.054906853333));
#8089=CARTESIAN_POINT('Ctrl Pts',(-497.7,-352.383333333333,656.423923132804));
#8090=CARTESIAN_POINT('Ctrl Pts',(-497.7,-352.383333333333,653.62617807819));
#8091=CARTESIAN_POINT('Ctrl Pts',(-497.7,-352.383333333333,651.830879813333));
#8092=CARTESIAN_POINT('Ctrl Pts',(-497.7,-352.383333333333,645.982351925338));
#8093=CARTESIAN_POINT('Ctrl Pts',(-497.7,-348.484314741333,642.083333333333));
#8094=CARTESIAN_POINT('Ctrl Pts',(-497.7,-342.635786853333,642.083333333333));
#8095=CARTESIAN_POINT('Ctrl Pts',(-497.7,-340.235666472719,642.083333333333));
#8096=CARTESIAN_POINT('Ctrl Pts',(-497.7,-337.835536982517,642.083333333333));
#8097=CARTESIAN_POINT('Ctrl Pts',(-497.7,-335.435511904651,642.083333333333));
#8098=CARTESIAN_POINT('Ctrl Pts',(-497.7,-200.296725785028,642.083333333333));
#8099=CARTESIAN_POINT('Ctrl Pts',(-497.7,-65.4920320119553,642.083333333333));
#8100=CARTESIAN_POINT('Ctrl Pts',(-497.7,48.1785663079183,642.083333333333));
#8101=CARTESIAN_POINT('Ctrl Pts',(-497.7,105.013865467855,642.083333333333));
#8102=CARTESIAN_POINT('Ctrl Pts',(-497.7,156.565640764493,642.083333333333));
#8103=CARTESIAN_POINT('Ctrl Pts',(-497.7,200.233891809499,642.083333333333));
#8104=CARTESIAN_POINT('Ctrl Pts',(-497.7,211.150954570751,642.083333333333));
#8105=CARTESIAN_POINT('Ctrl Pts',(-497.7,221.575297066275,642.083333333333));
#8106=CARTESIAN_POINT('Ctrl Pts',(-497.7,231.466294290006,642.083333333333));
#8107=CARTESIAN_POINT('Ctrl Pts',(-497.7,235.175418248904,642.083333333333));
#8108=CARTESIAN_POINT('Ctrl Pts',(-497.7,238.809540528957,642.083333333333));
#8109=CARTESIAN_POINT('Ctrl Pts',(-497.7,242.366518795859,642.083333333333));
#8110=CARTESIAN_POINT('Ctrl Pts',(-497.7,242.755563293802,642.083333333333));
#8111=CARTESIAN_POINT('Ctrl Pts',(-497.7,243.143684926352,642.083333333333));
#8112=CARTESIAN_POINT('Ctrl Pts',(-497.7,243.530880890392,642.083333333333));
#8113=CARTESIAN_POINT('Ctrl Pts',(-497.7,243.721453903944,642.083333333333));
#8114=CARTESIAN_POINT('Ctrl Pts',(-497.7,243.911802675655,642.083333333333));
#8115=CARTESIAN_POINT('Ctrl Pts',(-497.7,244.101926871305,642.083333333333));
#8116=CARTESIAN_POINT('Ctrl Pts',(-497.7,244.123508154321,642.083333333333));
#8117=CARTESIAN_POINT('Ctrl Pts',(-497.7,244.145086543706,642.083333333333));
#8118=CARTESIAN_POINT('Ctrl Pts',(-497.7,244.166662038971,642.083333333333));
#8119=CARTESIAN_POINT('Ctrl Pts',(-497.7,244.186751443823,642.083333333333));
#8120=CARTESIAN_POINT('Ctrl Pts',(-497.7,244.20684768459,642.083333333333));
#8121=CARTESIAN_POINT('Ctrl Pts',(-497.7,244.226951777244,642.083333333333));
#8122=CARTESIAN_POINT('Ctrl Pts',(-497.7,268.34220252321,642.083333333333));
#8123=CARTESIAN_POINT('Ctrl Pts',(-497.7,303.271173396636,642.083333333333));
#8124=CARTESIAN_POINT('Ctrl Pts',(-497.7,345.616666666667,642.083333333333));
#8125=CARTESIAN_POINT('Ctrl Pts',(-497.7,346.212529641365,642.083333333333));
#8126=CARTESIAN_POINT('Ctrl Pts',(-497.7,346.8156318459,642.091264602823));
#8127=CARTESIAN_POINT('Ctrl Pts',(-497.7,347.42450218649,642.108066216045));
#8128=CARTESIAN_POINT('Ctrl Pts',(-497.7,348.010696798291,642.124242098634));
#8129=CARTESIAN_POINT('Ctrl Pts',(-497.7,348.602237671405,642.14864006211));
#8130=CARTESIAN_POINT('Ctrl Pts',(-497.7,349.197824218509,642.182050642878));
#8131=CARTESIAN_POINT('Ctrl Pts',(-497.7,349.775814686245,642.214474137498));
#8132=CARTESIAN_POINT('Ctrl Pts',(-497.7,350.357615115683,642.255385678954));
#8133=CARTESIAN_POINT('Ctrl Pts',(-497.7,350.94205162096,642.30546042782));
#8134=CARTESIAN_POINT('Ctrl Pts',(-497.7,351.512396519478,642.354327802296));
#8135=CARTESIAN_POINT('Ctrl Pts',(-497.7,352.085251744433,642.411921912286));
#8136=CARTESIAN_POINT('Ctrl Pts',(-497.7,352.659543181861,642.478823117183));
#8137=CARTESIAN_POINT('Ctrl Pts',(-497.7,353.222304675939,642.544381158919));
#8138=CARTESIAN_POINT('Ctrl Pts',(-497.7,353.786445149339,642.618876391473));
#8139=CARTESIAN_POINT('Ctrl Pts',(-497.7,354.350972552688,642.702808079751));
#8140=CARTESIAN_POINT('Ctrl Pts',(-497.7,354.905925264185,642.785316240938));
#8141=CARTESIAN_POINT('Ctrl Pts',(-497.7,355.461251763223,642.876943520334));
#8142=CARTESIAN_POINT('Ctrl Pts',(-497.7,356.016029844365,642.978117718285));
#8143=CARTESIAN_POINT('Ctrl Pts',(-497.7,356.562775965849,643.077827137609));
#8144=CARTESIAN_POINT('Ctrl Pts',(-497.7,357.108989316375,643.186809070341));
#8145=CARTESIAN_POINT('Ctrl Pts',(-497.7,357.653808796959,643.305426902429));
#8146=CARTESIAN_POINT('Ctrl Pts',(-497.7,358.220010475375,643.42870005622));
#8147=CARTESIAN_POINT('Ctrl Pts',(-497.7,358.784706366797,643.562380781781));
#8148=CARTESIAN_POINT('Ctrl Pts',(-497.7,359.346957422996,643.706822303409));
#8149=CARTESIAN_POINT('Ctrl Pts',(-497.7,359.891638133689,643.846750027486));
#8150=CARTESIAN_POINT('Ctrl Pts',(-497.7,360.434024396967,643.996776339008));
#8151=CARTESIAN_POINT('Ctrl Pts',(-497.7,360.973290133713,644.157170756195));
#8152=CARTESIAN_POINT('Ctrl Pts',(-497.7,361.495703816187,644.312552847845));
#8153=CARTESIAN_POINT('Ctrl Pts',(-497.7,362.015188953848,644.47766498915));
#8154=CARTESIAN_POINT('Ctrl Pts',(-497.7,362.531021099467,644.65270547224));
#8155=CARTESIAN_POINT('Ctrl Pts',(-497.7,363.036628123459,644.824276202148));
#8156=CARTESIAN_POINT('Ctrl Pts',(-497.7,363.538725504849,645.005385470619));
#8157=CARTESIAN_POINT('Ctrl Pts',(-497.7,364.036657360649,645.19617620345));
#8158=CARTESIAN_POINT('Ctrl Pts',(-497.7,364.531441293972,645.385760758309));
#8159=CARTESIAN_POINT('Ctrl Pts',(-497.7,365.022112115395,645.584904744558));
#8160=CARTESIAN_POINT('Ctrl Pts',(-497.7,365.508053594992,645.793705306452));
#8161=CARTESIAN_POINT('Ctrl Pts',(-497.7,365.991348690005,646.001368763136));
#8162=CARTESIAN_POINT('Ctrl Pts',(-497.7,366.469965728987,646.218583890571));
#8163=CARTESIAN_POINT('Ctrl Pts',(-497.7,366.943326874848,646.445403651739));
#8164=CARTESIAN_POINT('Ctrl Pts',(-497.7,367.414485516731,646.671168042329));
#8165=CARTESIAN_POINT('Ctrl Pts',(-497.7,367.880436980643,646.906447875896));
#8166=CARTESIAN_POINT('Ctrl Pts',(-497.7,368.340640896262,647.151253301434));
#8167=CARTESIAN_POINT('Ctrl Pts',(-497.7,368.799037581912,647.395097371176));
#8168=CARTESIAN_POINT('Ctrl Pts',(-497.7,369.251731694046,647.648392340176));
#8169=CARTESIAN_POINT('Ctrl Pts',(-497.7,369.698219674388,647.911106722086));
#8170=CARTESIAN_POINT('Ctrl Pts',(-497.7,370.143254281541,648.172965936432));
#8171=CARTESIAN_POINT('Ctrl Pts',(-497.7,370.582123019746,648.444183310522));
#8172=CARTESIAN_POINT('Ctrl Pts',(-497.7,371.014358711567,648.724686745334));
#8173=CARTESIAN_POINT('Ctrl Pts',(-497.7,371.445459254983,649.004453514868));
#8174=CARTESIAN_POINT('Ctrl Pts',(-497.7,371.86996147435,649.293457599581));
#8175=CARTESIAN_POINT('Ctrl Pts',(-497.7,372.287434328655,649.59158717839));
#8176=CARTESIAN_POINT('Ctrl Pts',(-497.7,372.704059332878,649.889111282651));
#8177=CARTESIAN_POINT('Ctrl Pts',(-497.7,373.113683426562,650.195723813057));
#8178=CARTESIAN_POINT('Ctrl Pts',(-497.7,373.515911619155,650.511274002191));
#8179=CARTESIAN_POINT('Ctrl Pts',(-497.7,373.917552193144,650.826363201356));
#8180=CARTESIAN_POINT('Ctrl Pts',(-497.7,374.311818394404,651.150363920444));
#8181=CARTESIAN_POINT('Ctrl Pts',(-497.7,374.698351333527,651.483087118316));
#8182=CARTESIAN_POINT('Ctrl Pts',(-497.7,375.084533003007,651.815507947238));
#8183=CARTESIAN_POINT('Ctrl Pts',(-497.7,375.462995397406,652.156635361009));
#8184=CARTESIAN_POINT('Ctrl Pts',(-497.7,375.833415899269,652.506242621566));
#8185=CARTESIAN_POINT('Ctrl Pts',(-497.7,376.203700232736,652.855721364776));
#8186=CARTESIAN_POINT('Ctrl Pts',(-497.7,376.565948526318,653.213673669948));
#8187=CARTESIAN_POINT('Ctrl Pts',(-497.7,376.919874713323,653.579835586516));
#8188=CARTESIAN_POINT('Ctrl Pts',(-497.7,377.273860764314,653.946059436652));
#8189=CARTESIAN_POINT('Ctrl Pts',(-497.7,377.619521837958,654.320495620434));
#8190=CARTESIAN_POINT('Ctrl Pts',(-497.7,377.956608796821,654.702843366746));
#8191=CARTESIAN_POINT('Ctrl Pts',(-497.7,378.29393437576,655.085461772736));
#8192=CARTESIAN_POINT('Ctrl Pts',(-497.7,378.622673644891,655.476002887516));
#8193=CARTESIAN_POINT('Ctrl Pts',(-497.7,378.942614869453,655.874129415477));
#8194=CARTESIAN_POINT('Ctrl Pts',(-497.7,379.262957652072,656.272755631826));
#8195=CARTESIAN_POINT('Ctrl Pts',(-497.7,379.574480243492,656.678986252042));
#8196=CARTESIAN_POINT('Ctrl Pts',(-497.7,379.877008878519,657.092447649356));
#8197=CARTESIAN_POINT('Ctrl Pts',(-497.7,380.180087353469,657.506660504736));
#8198=CARTESIAN_POINT('Ctrl Pts',(-497.7,380.474139105666,657.928130379162));
#8199=CARTESIAN_POINT('Ctrl Pts',(-497.7,380.759029001882,658.356447394881));
#8200=CARTESIAN_POINT('Ctrl Pts',(-497.7,381.044603256471,658.785793307518));
#8201=CARTESIAN_POINT('Ctrl Pts',(-497.7,381.320971545474,659.222019228304));
#8202=CARTESIAN_POINT('Ctrl Pts',(-497.7,381.588038131241,659.664678981048));
#8203=CARTESIAN_POINT('Ctrl Pts',(-497.7,381.861595972373,660.118097913891));
#8204=CARTESIAN_POINT('Ctrl Pts',(-497.7,382.125394254347,660.578267280711));
#8205=CARTESIAN_POINT('Ctrl Pts',(-497.7,382.379374369406,661.04467266422));
#8206=CARTESIAN_POINT('Ctrl Pts',(-497.7,382.629540661138,661.504074398126));
#8207=CARTESIAN_POINT('Ctrl Pts',(-497.7,382.870181539034,661.969526091796));
#8208=CARTESIAN_POINT('Ctrl Pts',(-497.7,383.101283652542,662.440504073522));
#8209=CARTESIAN_POINT('Ctrl Pts',(-497.7,383.333445905993,662.913642583176));
#8210=CARTESIAN_POINT('Ctrl Pts',(-497.7,383.555981652567,663.392358119853));
#8211=CARTESIAN_POINT('Ctrl Pts',(-497.7,383.768920369942,663.876088931674));
#8212=CARTESIAN_POINT('Ctrl Pts',(-497.7,383.982995209628,664.362400661493));
#8213=CARTESIAN_POINT('Ctrl Pts',(-497.7,384.187370316855,664.853781243704));
#8214=CARTESIAN_POINT('Ctrl Pts',(-497.7,384.382119390789,665.349630004683));
#8215=CARTESIAN_POINT('Ctrl Pts',(-497.7,384.578067941883,665.848532743027));
#8216=CARTESIAN_POINT('Ctrl Pts',(-497.7,384.764271504285,666.351958782391));
#8217=CARTESIAN_POINT('Ctrl Pts',(-497.7,384.94084960201,666.85926738917));
#8218=CARTESIAN_POINT('Ctrl Pts',(-497.7,385.118677083688,667.370165474148));
#8219=CARTESIAN_POINT('Ctrl Pts',(-497.7,385.286742400102,667.885001171809));
#8220=CARTESIAN_POINT('Ctrl Pts',(-497.7,385.445212765333,668.403092182627));
#8221=CARTESIAN_POINT('Ctrl Pts',(-497.7,385.604967774563,668.925383111244));
#8222=CARTESIAN_POINT('Ctrl Pts',(-497.7,385.754971638158,669.450982248957));
#8223=CARTESIAN_POINT('Ctrl Pts',(-497.7,385.895441457303,669.979163762152));
#8224=CARTESIAN_POINT('Ctrl Pts',(-497.7,386.037214844815,670.51224683155));
#8225=CARTESIAN_POINT('Ctrl Pts',(-497.7,386.169276421936,671.047960325819));
#8226=CARTESIAN_POINT('Ctrl Pts',(-497.7,386.291895801678,671.585532318797));
#8227=CARTESIAN_POINT('Ctrl Pts',(-497.7,386.416580819929,672.132160216418));
#8228=CARTESIAN_POINT('Ctrl Pts',(-497.7,386.531502805928,672.680709670531));
#8229=CARTESIAN_POINT('Ctrl Pts',(-497.7,386.636993252227,673.230344022184));
#8230=CARTESIAN_POINT('Ctrl Pts',(-497.7,386.743769269315,673.786676552603));
#8231=CARTESIAN_POINT('Ctrl Pts',(-497.7,386.840882500344,674.344120463324));
#8232=CARTESIAN_POINT('Ctrl Pts',(-497.7,386.928725438332,674.901784275207));
#8233=CARTESIAN_POINT('Ctrl Pts',(-497.7,387.017795162267,675.467236238791));
#8234=CARTESIAN_POINT('Ctrl Pts',(-497.7,387.097333899647,676.032914157307));
#8235=CARTESIAN_POINT('Ctrl Pts',(-497.7,387.16780005458,676.597866206036));
#8236=CARTESIAN_POINT('Ctrl Pts',(-497.7,387.239401280788,677.171918522022));
#8237=CARTESIAN_POINT('Ctrl Pts',(-497.7,387.301635352248,677.745221250778));
#8238=CARTESIAN_POINT('Ctrl Pts',(-497.7,387.355032852565,678.316754878616));
#8239=CARTESIAN_POINT('Ctrl Pts',(-497.7,387.409988289821,678.904963694339));
#8240=CARTESIAN_POINT('Ctrl Pts',(-497.7,387.455584003454,679.491298537355));
#8241=CARTESIAN_POINT('Ctrl Pts',(-497.7,387.49245020647,680.074628100434));
#8242=CARTESIAN_POINT('Ctrl Pts',(-497.7,387.53006230196,680.669759831767));
#8243=CARTESIAN_POINT('Ctrl Pts',(-497.7,387.558588215564,681.261763245405));
#8244=CARTESIAN_POINT('Ctrl Pts',(-497.7,387.578749147738,681.849419132849));
#8245=CARTESIAN_POINT('Ctrl Pts',(-497.7,387.599620551344,682.457784019077));
#8246=CARTESIAN_POINT('Ctrl Pts',(-497.7,387.611527120087,683.06148935292));
#8247=CARTESIAN_POINT('Ctrl Pts',(-497.7,387.615322499735,683.659166644262));
#8248=CARTESIAN_POINT('Ctrl Pts',(-497.7,387.616222541612,683.800900710714));
#8249=CARTESIAN_POINT('Ctrl Pts',(-497.7,387.616666666667,683.942295724556));
#8250=CARTESIAN_POINT('Ctrl Pts',(-497.7,387.616666666667,684.083333333333));
#8251=CARTESIAN_POINT('Origin',(-497.7,317.616666666667,800.583333333333));
#8252=CARTESIAN_POINT('',(-497.7,317.616666666667,714.449333333333));
#8253=CARTESIAN_POINT('',(-497.7,317.616666666667,800.583333333333));
#8254=CARTESIAN_POINT('Ctrl Pts',(-497.7,317.616666666667,714.449333333333));
#8255=CARTESIAN_POINT('Ctrl Pts',(-471.06,317.616666666667,714.449333333333));
#8256=CARTESIAN_POINT('Ctrl Pts',(-497.7,317.616666666667,702.217799333333));
#8257=CARTESIAN_POINT('Ctrl Pts',(-471.06,317.616666666667,702.217799333333));
#8258=CARTESIAN_POINT('Ctrl Pts',(-497.7,310.391196005397,695.522068983159));
#8259=CARTESIAN_POINT('Ctrl Pts',(-471.06,310.391196005397,695.522068983159));
#8260=CARTESIAN_POINT('Ctrl Pts',(-497.7,298.170666666667,695.003333333333));
#8261=CARTESIAN_POINT('Ctrl Pts',(-471.06,298.170666666667,695.003333333333));
#8262=CARTESIAN_POINT('Ctrl Pts',(-497.7,84.5685154933339,685.936373333333));
#8263=CARTESIAN_POINT('Ctrl Pts',(-471.06,84.5685154933339,685.936373333333));
#8264=CARTESIAN_POINT('Ctrl Pts',(-497.7,-129.03363568,676.869413333333));
#8265=CARTESIAN_POINT('Ctrl Pts',(-471.06,-129.03363568,676.869413333333));
#8266=CARTESIAN_POINT('Ctrl Pts',(-497.7,-342.635786853333,667.802453333333));
#8267=CARTESIAN_POINT('Ctrl Pts',(-471.06,-342.635786853333,667.802453333333));
#8268=CARTESIAN_POINT('Ctrl Pts',(-497.7,-348.479052844638,667.554419038166));
#8269=CARTESIAN_POINT('Ctrl Pts',(-471.06,-348.479052844638,667.554419038166));
#8270=CARTESIAN_POINT('Ctrl Pts',(-497.7,-352.383333333333,663.903434741333));
#8271=CARTESIAN_POINT('Ctrl Pts',(-471.06,-352.383333333333,663.903434741333));
#8272=CARTESIAN_POINT('Ctrl Pts',(-497.7,-352.383333333333,658.054906853333));
#8273=CARTESIAN_POINT('Ctrl Pts',(-471.06,-352.383333333333,658.054906853333));
#8274=CARTESIAN_POINT('Ctrl Pts',(-497.7,-352.383333333333,655.980231173333));
#8275=CARTESIAN_POINT('Ctrl Pts',(-471.06,-352.383333333333,655.980231173333));
#8276=CARTESIAN_POINT('Ctrl Pts',(-497.7,-352.383333333333,653.905555493333));
#8277=CARTESIAN_POINT('Ctrl Pts',(-471.06,-352.383333333333,653.905555493333));
#8278=CARTESIAN_POINT('Ctrl Pts',(-497.7,-352.383333333333,651.830879813333));
#8279=CARTESIAN_POINT('Ctrl Pts',(-471.06,-352.383333333333,651.830879813333));
#8280=CARTESIAN_POINT('Ctrl Pts',(-497.7,-352.383333333333,645.982351925333));
#8281=CARTESIAN_POINT('Ctrl Pts',(-471.06,-352.383333333333,645.982351925333));
#8282=CARTESIAN_POINT('Ctrl Pts',(-497.7,-348.484314741333,642.083333333333));
#8283=CARTESIAN_POINT('Ctrl Pts',(-471.06,-348.484314741333,642.083333333333));
#8284=CARTESIAN_POINT('Ctrl Pts',(-497.7,-342.635786853333,642.083333333333));
#8285=CARTESIAN_POINT('Ctrl Pts',(-471.06,-342.635786853333,642.083333333333));
#8286=CARTESIAN_POINT('Ctrl Pts',(-497.7,-113.218302346666,642.083333333333));
#8287=CARTESIAN_POINT('Ctrl Pts',(-471.06,-113.218302346666,642.083333333333));
#8288=CARTESIAN_POINT('Ctrl Pts',(-497.7,116.19918216,642.083333333333));
#8289=CARTESIAN_POINT('Ctrl Pts',(-471.06,116.19918216,642.083333333333));
#8290=CARTESIAN_POINT('Ctrl Pts',(-497.7,345.616666666667,642.083333333333));
#8291=CARTESIAN_POINT('Ctrl Pts',(-471.06,345.616666666667,642.083333333333));
#8292=CARTESIAN_POINT('Ctrl Pts',(-497.7,372.034666666667,642.083333333333));
#8293=CARTESIAN_POINT('Ctrl Pts',(-471.06,372.034666666667,642.083333333333));
#8294=CARTESIAN_POINT('Ctrl Pts',(-497.7,387.616666666667,657.665333333333));
#8295=CARTESIAN_POINT('Ctrl Pts',(-471.06,387.616666666667,657.665333333333));
#8296=CARTESIAN_POINT('Ctrl Pts',(-497.7,387.616666666667,684.083333333333));
#8297=CARTESIAN_POINT('Ctrl Pts',(-471.06,387.616666666667,684.083333333333));
#8298=CARTESIAN_POINT('',(-497.7,387.616666666667,684.083333333333));
#8299=CARTESIAN_POINT('Ctrl Pts',(-497.7,387.616666666667,684.083333333333));
#8300=CARTESIAN_POINT('Ctrl Pts',(-471.06,387.616666666667,684.083333333333));
#8301=CARTESIAN_POINT('Ctrl Pts',(-497.7,372.061111111111,684.083333333333));
#8302=CARTESIAN_POINT('Ctrl Pts',(-471.06,372.061111111111,684.083333333333));
#8303=CARTESIAN_POINT('Ctrl Pts',(-497.7,356.505555555556,684.083333333333));
#8304=CARTESIAN_POINT('Ctrl Pts',(-471.06,356.505555555556,684.083333333333));
#8305=CARTESIAN_POINT('Ctrl Pts',(-497.7,340.95,684.083333333333));
#8306=CARTESIAN_POINT('Ctrl Pts',(-471.06,340.95,684.083333333333));
#8307=CARTESIAN_POINT('Ctrl Pts',(-497.7,339.72570634536,684.083333333333));
#8308=CARTESIAN_POINT('Ctrl Pts',(-471.06,339.72570634536,684.083333333333));
#8309=CARTESIAN_POINT('Ctrl Pts',(-497.7,338.860000000001,684.949039678693));
#8310=CARTESIAN_POINT('Ctrl Pts',(-471.06,338.860000000001,684.949039678693));
#8311=CARTESIAN_POINT('Ctrl Pts',(-497.7,338.86,686.173333333333));
#8312=CARTESIAN_POINT('Ctrl Pts',(-471.06,338.86,686.173333333333));
#8313=CARTESIAN_POINT('Ctrl Pts',(-497.7,338.86,687.397626987973));
#8314=CARTESIAN_POINT('Ctrl Pts',(-471.06,338.86,687.397626987973));
#8315=CARTESIAN_POINT('Ctrl Pts',(-497.7,339.72570634536,688.263333333333));
#8316=CARTESIAN_POINT('Ctrl Pts',(-471.06,339.72570634536,688.263333333333));
#8317=CARTESIAN_POINT('Ctrl Pts',(-497.7,340.95,688.263333333333));
#8318=CARTESIAN_POINT('Ctrl Pts',(-471.06,340.95,688.263333333333));
#8319=CARTESIAN_POINT('',(-497.7,340.95,688.263333333333));
#8320=CARTESIAN_POINT('Origin',(-497.7,340.95,688.263333333333));
#8321=CARTESIAN_POINT('',(-497.7,340.95,698.403333333333));
#8322=CARTESIAN_POINT('Ctrl Pts',(-497.7,340.95,698.403333333333));
#8323=CARTESIAN_POINT('Ctrl Pts',(-471.06,340.95,698.403333333333));
#8324=CARTESIAN_POINT('Ctrl Pts',(-497.7,339.72570634536,698.403333333333));
#8325=CARTESIAN_POINT('Ctrl Pts',(-471.06,339.72570634536,698.403333333333));
#8326=CARTESIAN_POINT('Ctrl Pts',(-497.7,338.860000000001,699.269039678693));
#8327=CARTESIAN_POINT('Ctrl Pts',(-471.06,338.860000000001,699.269039678693));
#8328=CARTESIAN_POINT('Ctrl Pts',(-497.7,338.86,700.493333333333));
#8329=CARTESIAN_POINT('Ctrl Pts',(-471.06,338.86,700.493333333333));
#8330=CARTESIAN_POINT('Ctrl Pts',(-497.7,338.86,701.717626987973));
#8331=CARTESIAN_POINT('Ctrl Pts',(-471.06,338.86,701.717626987973));
#8332=CARTESIAN_POINT('Ctrl Pts',(-497.7,339.72570634536,702.583333333333));
#8333=CARTESIAN_POINT('Ctrl Pts',(-471.06,339.72570634536,702.583333333333));
#8334=CARTESIAN_POINT('Ctrl Pts',(-497.7,340.95,702.583333333333));
#8335=CARTESIAN_POINT('Ctrl Pts',(-471.06,340.95,702.583333333333));
#8336=CARTESIAN_POINT('Ctrl Pts',(-497.7,352.505555555556,702.583333333333));
#8337=CARTESIAN_POINT('Ctrl Pts',(-471.06,352.505555555556,702.583333333333));
#8338=CARTESIAN_POINT('Ctrl Pts',(-497.7,364.061111111111,702.583333333333));
#8339=CARTESIAN_POINT('Ctrl Pts',(-471.06,364.061111111111,702.583333333333));
#8340=CARTESIAN_POINT('Ctrl Pts',(-497.7,375.616666666667,702.583333333333));
#8341=CARTESIAN_POINT('Ctrl Pts',(-471.06,375.616666666667,702.583333333333));
#8342=CARTESIAN_POINT('',(-497.7,375.616666666667,702.583333333333));
#8343=CARTESIAN_POINT('Origin',(-497.7,375.616666666667,702.583333333333));
#8344=CARTESIAN_POINT('',(-497.7,375.616666666667,800.583333333333));
#8345=CARTESIAN_POINT('Origin',(-497.7,375.616666666667,800.583333333333));
#8346=CARTESIAN_POINT('Origin',(-460.7,-359.783333333333,802.168333333333));
#8347=CARTESIAN_POINT('',(-460.7,317.616666666667,800.583333333333));
#8348=CARTESIAN_POINT('',(-460.7,317.616666666667,714.449333333333));
#8349=CARTESIAN_POINT('',(-460.7,317.616666666667,800.583333333333));
#8350=CARTESIAN_POINT('',(-460.7,387.616666666667,684.083333333333));
#8351=CARTESIAN_POINT('Ctrl Pts',(-460.7,317.616666666667,714.449333333333));
#8352=CARTESIAN_POINT('Ctrl Pts',(-460.7,317.616666666667,702.217799333333));
#8353=CARTESIAN_POINT('Ctrl Pts',(-460.7,310.391196005397,695.522068983159));
#8354=CARTESIAN_POINT('Ctrl Pts',(-460.7,298.170666666667,695.003333333333));
#8355=CARTESIAN_POINT('Ctrl Pts',(-460.7,268.643655178112,693.749974082896));
#8356=CARTESIAN_POINT('Ctrl Pts',(-460.7,239.116633472856,692.496614398782));
#8357=CARTESIAN_POINT('Ctrl Pts',(-460.7,209.591034276326,691.243315097158));
#8358=CARTESIAN_POINT('Ctrl Pts',(-460.7,117.483463661334,687.333543337483));
#8359=CARTESIAN_POINT('Ctrl Pts',(-460.7,25.3897373425477,683.424359238931));
#8360=CARTESIAN_POINT('Ctrl Pts',(-460.7,-66.6466415354292,679.517609418072));
#8361=CARTESIAN_POINT('Ctrl Pts',(-460.7,-112.664830974418,677.564234507643));
#8362=CARTESIAN_POINT('Ctrl Pts',(-460.7,-158.668683553204,675.611468166637));
#8363=CARTESIAN_POINT('Ctrl Pts',(-460.7,-204.652761378713,673.659541222126));
#8364=CARTESIAN_POINT('Ctrl Pts',(-460.7,-227.644800291467,672.68357774987));
#8365=CARTESIAN_POINT('Ctrl Pts',(-460.7,-250.631895515902,671.707824126738));
#8366=CARTESIAN_POINT('Ctrl Pts',(-460.7,-273.613367315384,670.732309206114));
#8367=CARTESIAN_POINT('Ctrl Pts',(-460.7,-285.104103215124,670.244551745802));
#8368=CARTESIAN_POINT('Ctrl Pts',(-460.7,-296.593433258626,669.756853961116));
#8369=CARTESIAN_POINT('Ctrl Pts',(-460.7,-308.081272478811,669.269219458731));
#8370=CARTESIAN_POINT('Ctrl Pts',(-460.7,-313.825192088903,669.025402207538));
#8371=CARTESIAN_POINT('Ctrl Pts',(-460.7,-319.568738993166,668.781600776921));
#8372=CARTESIAN_POINT('Ctrl Pts',(-460.7,-325.311902570715,668.537815617712));
#8373=CARTESIAN_POINT('Ctrl Pts',(-460.7,-328.183484359489,668.415923038108));
#8374=CARTESIAN_POINT('Ctrl Pts',(-460.7,-331.054970316584,668.294034526356));
#8375=CARTESIAN_POINT('Ctrl Pts',(-460.7,-333.926359114391,668.17215013881));
#8376=CARTESIAN_POINT('Ctrl Pts',(-460.7,-335.362053513294,668.111207945038));
#8377=CARTESIAN_POINT('Ctrl Pts',(-460.7,-336.797723622375,668.050266782316));
#8378=CARTESIAN_POINT('Ctrl Pts',(-460.7,-338.233369275682,667.989326657691));
#8379=CARTESIAN_POINT('Ctrl Pts',(-460.7,-338.951192102336,667.958856595379));
#8380=CARTESIAN_POINT('Ctrl Pts',(-460.7,-339.669008815046,667.92838679259));
#8381=CARTESIAN_POINT('Ctrl Pts',(-460.7,-340.386819393069,667.897917250206));
#8382=CARTESIAN_POINT('Ctrl Pts',(-460.7,-340.745724682081,667.882682479014));
#8383=CARTESIAN_POINT('Ctrl Pts',(-460.7,-341.10462843742,667.867447772923));
#8384=CARTESIAN_POINT('Ctrl Pts',(-460.7,-341.463530656495,667.852213132043));
#8385=CARTESIAN_POINT('Ctrl Pts',(-460.7,-341.642981766033,667.844595811604));
#8386=CARTESIAN_POINT('Ctrl Pts',(-460.7,-341.822432491503,667.836978507466));
#8387=CARTESIAN_POINT('Ctrl Pts',(-460.7,-342.001882832584,667.829361219646));
#8388=CARTESIAN_POINT('Ctrl Pts',(-460.7,-342.024314125219,667.828409058668));
#8389=CARTESIAN_POINT('Ctrl Pts',(-460.7,-342.046745411848,667.827456897946));
#8390=CARTESIAN_POINT('Ctrl Pts',(-460.7,-342.069176692471,667.826504737478));
#8391=CARTESIAN_POINT('Ctrl Pts',(-460.7,-342.074748085295,667.826268243624));
#8392=CARTESIAN_POINT('Ctrl Pts',(-460.7,-342.080319477748,667.826031749786));
#8393=CARTESIAN_POINT('Ctrl Pts',(-460.7,-342.085890869831,667.825795255964));
#8394=CARTESIAN_POINT('Ctrl Pts',(-460.7,-342.088674116033,667.825677113044));
#8395=CARTESIAN_POINT('Ctrl Pts',(-460.7,-342.091457362141,667.825558970127));
#8396=CARTESIAN_POINT('Ctrl Pts',(-460.7,-342.094240608158,667.825440827214));
#8397=CARTESIAN_POINT('Ctrl Pts',(-460.7,-342.096851577985,667.825329997062));
#8398=CARTESIAN_POINT('Ctrl Pts',(-460.7,-342.099470622106,667.825218824173));
#8399=CARTESIAN_POINT('Ctrl Pts',(-460.7,-342.102103370881,667.82510706955));
#8400=CARTESIAN_POINT('Ctrl Pts',(-460.7,-342.249374974606,667.81885570114));
#8401=CARTESIAN_POINT('Ctrl Pts',(-460.7,-342.433826983416,667.811026103092));
#8402=CARTESIAN_POINT('Ctrl Pts',(-460.7,-342.635786853333,667.802453333333));
#8403=CARTESIAN_POINT('Ctrl Pts',(-460.7,-342.644711817063,667.80207448748));
#8404=CARTESIAN_POINT('Ctrl Pts',(-460.7,-342.654881334687,667.801633252964));
#8405=CARTESIAN_POINT('Ctrl Pts',(-460.7,-342.664027502195,667.801227416738));
#8406=CARTESIAN_POINT('Ctrl Pts',(-460.7,-342.668596120047,667.801024696788));
#8407=CARTESIAN_POINT('Ctrl Pts',(-460.7,-342.672909562429,667.800831094348));
#8408=CARTESIAN_POINT('Ctrl Pts',(-460.7,-342.676686007578,667.800660261038));
#8409=CARTESIAN_POINT('Ctrl Pts',(-460.7,-342.677734865357,667.800612814342));
#8410=CARTESIAN_POINT('Ctrl Pts',(-460.7,-342.678742302907,667.800567128397));
#8411=CARTESIAN_POINT('Ctrl Pts',(-460.7,-342.679702287354,667.800523504177));
#8412=CARTESIAN_POINT('Ctrl Pts',(-460.7,-342.680284348004,667.800497053808));
#8413=CARTESIAN_POINT('Ctrl Pts',(-460.7,-342.680848963616,667.800471361441));
#8414=CARTESIAN_POINT('Ctrl Pts',(-460.7,-342.681394789671,667.800446494533));
#8415=CARTESIAN_POINT('Ctrl Pts',(-460.7,-342.681831031217,667.800426620108));
#8416=CARTESIAN_POINT('Ctrl Pts',(-460.7,-342.682263559687,667.800406895497));
#8417=CARTESIAN_POINT('Ctrl Pts',(-460.7,-342.68269780703,667.800387073249));
#8418=CARTESIAN_POINT('Ctrl Pts',(-460.7,-342.960303808252,667.787715090331));
#8419=CARTESIAN_POINT('Ctrl Pts',(-460.7,-343.23350326813,667.767338585754));
#8420=CARTESIAN_POINT('Ctrl Pts',(-460.7,-343.501893562855,667.7394192449));
#8421=CARTESIAN_POINT('Ctrl Pts',(-460.7,-343.770326270052,667.711495492082));
#8422=CARTESIAN_POINT('Ctrl Pts',(-460.7,-344.033948090899,667.676026655678));
#8423=CARTESIAN_POINT('Ctrl Pts',(-460.7,-344.292385201321,667.633217835627));
#8424=CARTESIAN_POINT('Ctrl Pts',(-460.7,-344.550798908669,667.590412892178));
#8425=CARTESIAN_POINT('Ctrl Pts',(-460.7,-344.804028654254,667.540269442083));
#8426=CARTESIAN_POINT('Ctrl Pts',(-460.7,-345.05173263475,667.483033718503));
#8427=CARTESIAN_POINT('Ctrl Pts',(-460.7,-345.299369445544,667.425813515491));
#8428=CARTESIAN_POINT('Ctrl Pts',(-460.7,-345.541483310322,667.361505041407));
#8429=CARTESIAN_POINT('Ctrl Pts',(-460.7,-345.777767364405,667.290393213397));
#8430=CARTESIAN_POINT('Ctrl Pts',(-460.7,-346.01396802994,667.219306481926));
#8431=CARTESIAN_POINT('Ctrl Pts',(-460.7,-346.244342836205,667.141421360927));
#8432=CARTESIAN_POINT('Ctrl Pts',(-460.7,-346.468622434927,667.057058928956));
#8433=CARTESIAN_POINT('Ctrl Pts',(-460.7,-346.692832353795,666.972722706956));
#8434=CARTESIAN_POINT('Ctrl Pts',(-460.7,-346.91095070501,666.881913366009));
#8435=CARTESIAN_POINT('Ctrl Pts',(-460.7,-347.12274788961,666.784985649299));
#8436=CARTESIAN_POINT('Ctrl Pts',(-460.7,-347.334518516473,666.688070086579));
#8437=CARTESIAN_POINT('Ctrl Pts',(-460.7,-347.539969431627,666.585037853099));
#8438=CARTESIAN_POINT('Ctrl Pts',(-460.7,-347.738912698617,666.476274980902));
#8439=CARTESIAN_POINT('Ctrl Pts',(-460.7,-347.947846617034,666.362050190035));
#8440=CARTESIAN_POINT('Ctrl Pts',(-460.7,-348.149602322714,666.241504671956));
#8441=CARTESIAN_POINT('Ctrl Pts',(-460.7,-348.34401367719,666.115119793494));
#8442=CARTESIAN_POINT('Ctrl Pts',(-460.7,-348.52945282577,665.994567656409));
#8443=CARTESIAN_POINT('Ctrl Pts',(-460.7,-348.708210150406,665.86870310896));
#8444=CARTESIAN_POINT('Ctrl Pts',(-460.7,-348.880187836553,665.737970865467));
#8445=CARTESIAN_POINT('Ctrl Pts',(-460.7,-349.052473847776,665.607004242563));
#8446=CARTESIAN_POINT('Ctrl Pts',(-460.7,-349.217955808645,665.471152625227));
#8447=CARTESIAN_POINT('Ctrl Pts',(-460.7,-349.376582135794,665.330886909726));
#8448=CARTESIAN_POINT('Ctrl Pts',(-460.7,-349.535637424057,665.190241884316));
#8449=CARTESIAN_POINT('Ctrl Pts',(-460.7,-349.687799886512,665.045159025486));
#8450=CARTESIAN_POINT('Ctrl Pts',(-460.7,-349.833065588478,664.89613438881));
#8451=CARTESIAN_POINT('Ctrl Pts',(-460.7,-349.97888396497,664.746542776453));
#8452=CARTESIAN_POINT('Ctrl Pts',(-460.7,-350.117752956487,664.592979505563));
#8453=CARTESIAN_POINT('Ctrl Pts',(-460.7,-350.24971779553,664.435965218527));
#8454=CARTESIAN_POINT('Ctrl Pts',(-460.7,-350.382357688831,664.278147739038));
#8455=CARTESIAN_POINT('Ctrl Pts',(-460.7,-350.508022585789,664.116844016394));
#8456=CARTESIAN_POINT('Ctrl Pts',(-460.7,-350.626808618787,663.952599225593));
#8457=CARTESIAN_POINT('Ctrl Pts',(-460.7,-350.746386785973,663.787259155231));
#8458=CARTESIAN_POINT('Ctrl Pts',(-460.7,-350.858994029816,663.618938831498));
#8459=CARTESIAN_POINT('Ctrl Pts',(-460.7,-350.964779466809,663.448208516856));
#8460=CARTESIAN_POINT('Ctrl Pts',(-460.7,-351.071465220654,663.27602515363));
#8461=CARTESIAN_POINT('Ctrl Pts',(-460.7,-351.171212567421,663.101390776788));
#8462=CARTESIAN_POINT('Ctrl Pts',(-460.7,-351.264226219959,662.92490202969));
#8463=CARTESIAN_POINT('Ctrl Pts',(-460.7,-351.361953113254,662.739470144317));
#8464=CARTESIAN_POINT('Ctrl Pts',(-460.7,-351.452246259846,662.551991334425));
#8465=CARTESIAN_POINT('Ctrl Pts',(-460.7,-351.535403021346,662.363168151617));
#8466=CARTESIAN_POINT('Ctrl Pts',(-460.7,-351.61714413294,662.177559470145));
#8467=CARTESIAN_POINT('Ctrl Pts',(-460.7,-351.691990124113,661.990652038523));
#8468=CARTESIAN_POINT('Ctrl Pts',(-460.7,-351.760278723836,661.803120021456));
#8469=CARTESIAN_POINT('Ctrl Pts',(-460.7,-351.829743170327,661.612358930765));
#8470=CARTESIAN_POINT('Ctrl Pts',(-460.7,-351.892422558514,661.420951769122));
#8471=CARTESIAN_POINT('Ctrl Pts',(-460.7,-351.948727120781,661.229611989473));
#8472=CARTESIAN_POINT('Ctrl Pts',(-460.7,-352.006224906942,661.034217277371));
#8473=CARTESIAN_POINT('Ctrl Pts',(-460.7,-352.057074954955,660.83889306543));
#8474=CARTESIAN_POINT('Ctrl Pts',(-460.7,-352.101768957103,660.644399744347));
#8475=CARTESIAN_POINT('Ctrl Pts',(-460.7,-352.145496303302,660.454112986042));
#8476=CARTESIAN_POINT('Ctrl Pts',(-460.7,-352.183331558246,660.264621771322));
#8477=CARTESIAN_POINT('Ctrl Pts',(-460.7,-352.215781371195,660.076635532247));
#8478=CARTESIAN_POINT('Ctrl Pts',(-460.7,-352.22795005105,660.006140692594));
#8479=CARTESIAN_POINT('Ctrl Pts',(-460.7,-352.239361834326,659.935857447246));
#8480=CARTESIAN_POINT('Ctrl Pts',(-460.7,-352.250044924795,659.865823019965));
#8481=CARTESIAN_POINT('Ctrl Pts',(-460.7,-352.250722307597,659.861382346479));
#8482=CARTESIAN_POINT('Ctrl Pts',(-460.7,-352.251396876231,659.856941953482));
#8483=CARTESIAN_POINT('Ctrl Pts',(-460.7,-352.252070596966,659.852488776156));
#8484=CARTESIAN_POINT('Ctrl Pts',(-460.7,-352.275924090598,659.694821316171));
#8485=CARTESIAN_POINT('Ctrl Pts',(-460.7,-352.298063921796,659.525415017026));
#8486=CARTESIAN_POINT('Ctrl Pts',(-460.7,-352.317122457843,659.344264880411));
#8487=CARTESIAN_POINT('Ctrl Pts',(-460.7,-352.337037162962,659.154976912856));
#8488=CARTESIAN_POINT('Ctrl Pts',(-460.7,-352.353585694396,658.952864213346));
#8489=CARTESIAN_POINT('Ctrl Pts',(-460.7,-352.365160309294,658.737953261442));
#8490=CARTESIAN_POINT('Ctrl Pts',(-460.7,-352.375832394177,658.539799980225));
#8491=CARTESIAN_POINT('Ctrl Pts',(-460.7,-352.38227411307,658.330765870141));
#8492=CARTESIAN_POINT('Ctrl Pts',(-460.7,-352.383213752833,658.110916287711));
#8493=CARTESIAN_POINT('Ctrl Pts',(-460.7,-352.383293217446,658.092323777507));
#8494=CARTESIAN_POINT('Ctrl Pts',(-460.7,-352.383333333333,658.073653946869));
#8495=CARTESIAN_POINT('Ctrl Pts',(-460.7,-352.383333333333,658.054906853333));
#8496=CARTESIAN_POINT('Ctrl Pts',(-460.7,-352.383333333333,656.423923132804));
#8497=CARTESIAN_POINT('Ctrl Pts',(-460.7,-352.383333333333,653.62617807819));
#8498=CARTESIAN_POINT('Ctrl Pts',(-460.7,-352.383333333333,651.830879813333));
#8499=CARTESIAN_POINT('Ctrl Pts',(-460.7,-352.383333333333,651.819026112709));
#8500=CARTESIAN_POINT('Ctrl Pts',(-460.7,-352.383317316742,651.807180420381));
#8501=CARTESIAN_POINT('Ctrl Pts',(-460.7,-352.383285299791,651.79534275258));
#8502=CARTESIAN_POINT('Ctrl Pts',(-460.7,-352.367520390873,645.966563007759));
#8503=CARTESIAN_POINT('Ctrl Pts',(-460.7,-348.472461040709,642.083333333333));
#8504=CARTESIAN_POINT('Ctrl Pts',(-460.7,-342.635786853333,642.083333333333));
#8505=CARTESIAN_POINT('Ctrl Pts',(-460.7,-340.235666472719,642.083333333333));
#8506=CARTESIAN_POINT('Ctrl Pts',(-460.7,-337.835536982517,642.083333333333));
#8507=CARTESIAN_POINT('Ctrl Pts',(-460.7,-335.435511904651,642.083333333333));
#8508=CARTESIAN_POINT('Ctrl Pts',(-460.7,-200.296725785028,642.083333333333));
#8509=CARTESIAN_POINT('Ctrl Pts',(-460.7,-65.4920320119553,642.083333333333));
#8510=CARTESIAN_POINT('Ctrl Pts',(-460.7,48.1785663079183,642.083333333333));
#8511=CARTESIAN_POINT('Ctrl Pts',(-460.7,105.013865467855,642.083333333333));
#8512=CARTESIAN_POINT('Ctrl Pts',(-460.7,156.565640764493,642.083333333333));
#8513=CARTESIAN_POINT('Ctrl Pts',(-460.7,200.233891809499,642.083333333333));
#8514=CARTESIAN_POINT('Ctrl Pts',(-460.7,211.150954570751,642.083333333333));
#8515=CARTESIAN_POINT('Ctrl Pts',(-460.7,221.575297066275,642.083333333333));
#8516=CARTESIAN_POINT('Ctrl Pts',(-460.7,231.466294290006,642.083333333333));
#8517=CARTESIAN_POINT('Ctrl Pts',(-460.7,235.175418248904,642.083333333333));
#8518=CARTESIAN_POINT('Ctrl Pts',(-460.7,238.809540528957,642.083333333333));
#8519=CARTESIAN_POINT('Ctrl Pts',(-460.7,242.366518795859,642.083333333333));
#8520=CARTESIAN_POINT('Ctrl Pts',(-460.7,242.755563293802,642.083333333333));
#8521=CARTESIAN_POINT('Ctrl Pts',(-460.7,243.143684926352,642.083333333333));
#8522=CARTESIAN_POINT('Ctrl Pts',(-460.7,243.530880890392,642.083333333333));
#8523=CARTESIAN_POINT('Ctrl Pts',(-460.7,243.721453903944,642.083333333333));
#8524=CARTESIAN_POINT('Ctrl Pts',(-460.7,243.911802675655,642.083333333333));
#8525=CARTESIAN_POINT('Ctrl Pts',(-460.7,244.101926871305,642.083333333333));
#8526=CARTESIAN_POINT('Ctrl Pts',(-460.7,244.123508154321,642.083333333333));
#8527=CARTESIAN_POINT('Ctrl Pts',(-460.7,244.145086543706,642.083333333333));
#8528=CARTESIAN_POINT('Ctrl Pts',(-460.7,244.166662038971,642.083333333333));
#8529=CARTESIAN_POINT('Ctrl Pts',(-460.7,244.186751443823,642.083333333333));
#8530=CARTESIAN_POINT('Ctrl Pts',(-460.7,244.20684768459,642.083333333333));
#8531=CARTESIAN_POINT('Ctrl Pts',(-460.7,244.226951777244,642.083333333333));
#8532=CARTESIAN_POINT('Ctrl Pts',(-460.7,268.34220252321,642.083333333333));
#8533=CARTESIAN_POINT('Ctrl Pts',(-460.7,303.271173396636,642.083333333333));
#8534=CARTESIAN_POINT('Ctrl Pts',(-460.7,345.616666666667,642.083333333333));
#8535=CARTESIAN_POINT('Ctrl Pts',(-460.7,346.212529641365,642.083333333333));
#8536=CARTESIAN_POINT('Ctrl Pts',(-460.7,346.8156318459,642.091264602823));
#8537=CARTESIAN_POINT('Ctrl Pts',(-460.7,347.42450218649,642.108066216045));
#8538=CARTESIAN_POINT('Ctrl Pts',(-460.7,348.010696798291,642.124242098634));
#8539=CARTESIAN_POINT('Ctrl Pts',(-460.7,348.602237671405,642.14864006211));
#8540=CARTESIAN_POINT('Ctrl Pts',(-460.7,349.197824218509,642.182050642878));
#8541=CARTESIAN_POINT('Ctrl Pts',(-460.7,349.775814686245,642.214474137498));
#8542=CARTESIAN_POINT('Ctrl Pts',(-460.7,350.357615115683,642.255385678954));
#8543=CARTESIAN_POINT('Ctrl Pts',(-460.7,350.94205162096,642.30546042782));
#8544=CARTESIAN_POINT('Ctrl Pts',(-460.7,351.512396519478,642.354327802296));
#8545=CARTESIAN_POINT('Ctrl Pts',(-460.7,352.085251744433,642.411921912286));
#8546=CARTESIAN_POINT('Ctrl Pts',(-460.7,352.659543181861,642.478823117183));
#8547=CARTESIAN_POINT('Ctrl Pts',(-460.7,353.222304675939,642.544381158919));
#8548=CARTESIAN_POINT('Ctrl Pts',(-460.7,353.786445149339,642.618876391473));
#8549=CARTESIAN_POINT('Ctrl Pts',(-460.7,354.350972552688,642.702808079751));
#8550=CARTESIAN_POINT('Ctrl Pts',(-460.7,354.905925264185,642.785316240938));
#8551=CARTESIAN_POINT('Ctrl Pts',(-460.7,355.461251763223,642.876943520334));
#8552=CARTESIAN_POINT('Ctrl Pts',(-460.7,356.016029844365,642.978117718285));
#8553=CARTESIAN_POINT('Ctrl Pts',(-460.7,356.562775965849,643.077827137609));
#8554=CARTESIAN_POINT('Ctrl Pts',(-460.7,357.108989316375,643.186809070341));
#8555=CARTESIAN_POINT('Ctrl Pts',(-460.7,357.653808796959,643.305426902429));
#8556=CARTESIAN_POINT('Ctrl Pts',(-460.7,358.220010475375,643.42870005622));
#8557=CARTESIAN_POINT('Ctrl Pts',(-460.7,358.784706366797,643.562380781781));
#8558=CARTESIAN_POINT('Ctrl Pts',(-460.7,359.346957422996,643.706822303409));
#8559=CARTESIAN_POINT('Ctrl Pts',(-460.7,359.891638133689,643.846750027486));
#8560=CARTESIAN_POINT('Ctrl Pts',(-460.7,360.434024396967,643.996776339008));
#8561=CARTESIAN_POINT('Ctrl Pts',(-460.7,360.973290133713,644.157170756195));
#8562=CARTESIAN_POINT('Ctrl Pts',(-460.7,361.495703816187,644.312552847845));
#8563=CARTESIAN_POINT('Ctrl Pts',(-460.7,362.015188953848,644.47766498915));
#8564=CARTESIAN_POINT('Ctrl Pts',(-460.7,362.531021099467,644.65270547224));
#8565=CARTESIAN_POINT('Ctrl Pts',(-460.7,363.036628123459,644.824276202148));
#8566=CARTESIAN_POINT('Ctrl Pts',(-460.7,363.538725504849,645.005385470619));
#8567=CARTESIAN_POINT('Ctrl Pts',(-460.7,364.036657360649,645.19617620345));
#8568=CARTESIAN_POINT('Ctrl Pts',(-460.7,364.531441293972,645.385760758309));
#8569=CARTESIAN_POINT('Ctrl Pts',(-460.7,365.022112115395,645.584904744558));
#8570=CARTESIAN_POINT('Ctrl Pts',(-460.7,365.508053594992,645.793705306452));
#8571=CARTESIAN_POINT('Ctrl Pts',(-460.7,365.991348690005,646.001368763136));
#8572=CARTESIAN_POINT('Ctrl Pts',(-460.7,366.469965728987,646.218583890571));
#8573=CARTESIAN_POINT('Ctrl Pts',(-460.7,366.943326874848,646.445403651739));
#8574=CARTESIAN_POINT('Ctrl Pts',(-460.7,367.414485516731,646.671168042329));
#8575=CARTESIAN_POINT('Ctrl Pts',(-460.7,367.880436980643,646.906447875896));
#8576=CARTESIAN_POINT('Ctrl Pts',(-460.7,368.340640896262,647.151253301434));
#8577=CARTESIAN_POINT('Ctrl Pts',(-460.7,368.799037581912,647.395097371176));
#8578=CARTESIAN_POINT('Ctrl Pts',(-460.7,369.251731694046,647.648392340176));
#8579=CARTESIAN_POINT('Ctrl Pts',(-460.7,369.698219674388,647.911106722086));
#8580=CARTESIAN_POINT('Ctrl Pts',(-460.7,370.143254281541,648.172965936432));
#8581=CARTESIAN_POINT('Ctrl Pts',(-460.7,370.582123019746,648.444183310522));
#8582=CARTESIAN_POINT('Ctrl Pts',(-460.7,371.014358711567,648.724686745334));
#8583=CARTESIAN_POINT('Ctrl Pts',(-460.7,371.445459254983,649.004453514868));
#8584=CARTESIAN_POINT('Ctrl Pts',(-460.7,371.86996147435,649.293457599581));
#8585=CARTESIAN_POINT('Ctrl Pts',(-460.7,372.287434328655,649.59158717839));
#8586=CARTESIAN_POINT('Ctrl Pts',(-460.7,372.704059332878,649.889111282651));
#8587=CARTESIAN_POINT('Ctrl Pts',(-460.7,373.113683426562,650.195723813057));
#8588=CARTESIAN_POINT('Ctrl Pts',(-460.7,373.515911619155,650.511274002191));
#8589=CARTESIAN_POINT('Ctrl Pts',(-460.7,373.917552193144,650.826363201356));
#8590=CARTESIAN_POINT('Ctrl Pts',(-460.7,374.311818394404,651.150363920444));
#8591=CARTESIAN_POINT('Ctrl Pts',(-460.7,374.698351333527,651.483087118316));
#8592=CARTESIAN_POINT('Ctrl Pts',(-460.7,375.084533003007,651.815507947238));
#8593=CARTESIAN_POINT('Ctrl Pts',(-460.7,375.462995397406,652.156635361009));
#8594=CARTESIAN_POINT('Ctrl Pts',(-460.7,375.833415899269,652.506242621566));
#8595=CARTESIAN_POINT('Ctrl Pts',(-460.7,376.203700232736,652.855721364776));
#8596=CARTESIAN_POINT('Ctrl Pts',(-460.7,376.565948526318,653.213673669948));
#8597=CARTESIAN_POINT('Ctrl Pts',(-460.7,376.919874713323,653.579835586516));
#8598=CARTESIAN_POINT('Ctrl Pts',(-460.7,377.273860764314,653.946059436652));
#8599=CARTESIAN_POINT('Ctrl Pts',(-460.7,377.619521837958,654.320495620434));
#8600=CARTESIAN_POINT('Ctrl Pts',(-460.7,377.956608796821,654.702843366746));
#8601=CARTESIAN_POINT('Ctrl Pts',(-460.7,378.29393437576,655.085461772736));
#8602=CARTESIAN_POINT('Ctrl Pts',(-460.7,378.622673644891,655.476002887516));
#8603=CARTESIAN_POINT('Ctrl Pts',(-460.7,378.942614869453,655.874129415477));
#8604=CARTESIAN_POINT('Ctrl Pts',(-460.7,379.262957652072,656.272755631826));
#8605=CARTESIAN_POINT('Ctrl Pts',(-460.7,379.574480243492,656.678986252042));
#8606=CARTESIAN_POINT('Ctrl Pts',(-460.7,379.877008878519,657.092447649356));
#8607=CARTESIAN_POINT('Ctrl Pts',(-460.7,380.180087353469,657.506660504736));
#8608=CARTESIAN_POINT('Ctrl Pts',(-460.7,380.474139105666,657.928130379162));
#8609=CARTESIAN_POINT('Ctrl Pts',(-460.7,380.759029001882,658.356447394881));
#8610=CARTESIAN_POINT('Ctrl Pts',(-460.7,381.044603256471,658.785793307518));
#8611=CARTESIAN_POINT('Ctrl Pts',(-460.7,381.320971545474,659.222019228304));
#8612=CARTESIAN_POINT('Ctrl Pts',(-460.7,381.588038131241,659.664678981048));
#8613=CARTESIAN_POINT('Ctrl Pts',(-460.7,381.861595972373,660.118097913891));
#8614=CARTESIAN_POINT('Ctrl Pts',(-460.7,382.125394254347,660.578267280711));
#8615=CARTESIAN_POINT('Ctrl Pts',(-460.7,382.379374369406,661.04467266422));
#8616=CARTESIAN_POINT('Ctrl Pts',(-460.7,382.629540661138,661.504074398126));
#8617=CARTESIAN_POINT('Ctrl Pts',(-460.7,382.870181539034,661.969526091796));
#8618=CARTESIAN_POINT('Ctrl Pts',(-460.7,383.101283652542,662.440504073522));
#8619=CARTESIAN_POINT('Ctrl Pts',(-460.7,383.333445905993,662.913642583176));
#8620=CARTESIAN_POINT('Ctrl Pts',(-460.7,383.555981652567,663.392358119853));
#8621=CARTESIAN_POINT('Ctrl Pts',(-460.7,383.768920369942,663.876088931674));
#8622=CARTESIAN_POINT('Ctrl Pts',(-460.7,383.982995209628,664.362400661493));
#8623=CARTESIAN_POINT('Ctrl Pts',(-460.7,384.187370316855,664.853781243704));
#8624=CARTESIAN_POINT('Ctrl Pts',(-460.7,384.382119390789,665.349630004683));
#8625=CARTESIAN_POINT('Ctrl Pts',(-460.7,384.578067941883,665.848532743027));
#8626=CARTESIAN_POINT('Ctrl Pts',(-460.7,384.764271504285,666.351958782391));
#8627=CARTESIAN_POINT('Ctrl Pts',(-460.7,384.94084960201,666.85926738917));
#8628=CARTESIAN_POINT('Ctrl Pts',(-460.7,385.118677083688,667.370165474148));
#8629=CARTESIAN_POINT('Ctrl Pts',(-460.7,385.286742400102,667.885001171809));
#8630=CARTESIAN_POINT('Ctrl Pts',(-460.7,385.445212765333,668.403092182627));
#8631=CARTESIAN_POINT('Ctrl Pts',(-460.7,385.604967774563,668.925383111244));
#8632=CARTESIAN_POINT('Ctrl Pts',(-460.7,385.754971638158,669.450982248957));
#8633=CARTESIAN_POINT('Ctrl Pts',(-460.7,385.895441457303,669.979163762152));
#8634=CARTESIAN_POINT('Ctrl Pts',(-460.7,386.037214844815,670.51224683155));
#8635=CARTESIAN_POINT('Ctrl Pts',(-460.7,386.169276421936,671.047960325819));
#8636=CARTESIAN_POINT('Ctrl Pts',(-460.7,386.291895801678,671.585532318797));
#8637=CARTESIAN_POINT('Ctrl Pts',(-460.7,386.416580819929,672.132160216418));
#8638=CARTESIAN_POINT('Ctrl Pts',(-460.7,386.531502805928,672.680709670531));
#8639=CARTESIAN_POINT('Ctrl Pts',(-460.7,386.636993252227,673.230344022184));
#8640=CARTESIAN_POINT('Ctrl Pts',(-460.7,386.743769269315,673.786676552603));
#8641=CARTESIAN_POINT('Ctrl Pts',(-460.7,386.840882500344,674.344120463324));
#8642=CARTESIAN_POINT('Ctrl Pts',(-460.7,386.928725438332,674.901784275207));
#8643=CARTESIAN_POINT('Ctrl Pts',(-460.7,387.017795162267,675.467236238791));
#8644=CARTESIAN_POINT('Ctrl Pts',(-460.7,387.097333899647,676.032914157307));
#8645=CARTESIAN_POINT('Ctrl Pts',(-460.7,387.16780005458,676.597866206036));
#8646=CARTESIAN_POINT('Ctrl Pts',(-460.7,387.239401280788,677.171918522022));
#8647=CARTESIAN_POINT('Ctrl Pts',(-460.7,387.301635352248,677.745221250778));
#8648=CARTESIAN_POINT('Ctrl Pts',(-460.7,387.355032852565,678.316754878616));
#8649=CARTESIAN_POINT('Ctrl Pts',(-460.7,387.409988289821,678.904963694339));
#8650=CARTESIAN_POINT('Ctrl Pts',(-460.7,387.455584003454,679.491298537355));
#8651=CARTESIAN_POINT('Ctrl Pts',(-460.7,387.49245020647,680.074628100434));
#8652=CARTESIAN_POINT('Ctrl Pts',(-460.7,387.53006230196,680.669759831767));
#8653=CARTESIAN_POINT('Ctrl Pts',(-460.7,387.558588215564,681.261763245405));
#8654=CARTESIAN_POINT('Ctrl Pts',(-460.7,387.578749147738,681.849419132849));
#8655=CARTESIAN_POINT('Ctrl Pts',(-460.7,387.599620551344,682.457784019077));
#8656=CARTESIAN_POINT('Ctrl Pts',(-460.7,387.611527120087,683.06148935292));
#8657=CARTESIAN_POINT('Ctrl Pts',(-460.7,387.615322499735,683.659166644262));
#8658=CARTESIAN_POINT('Ctrl Pts',(-460.7,387.616222541612,683.800900710714));
#8659=CARTESIAN_POINT('Ctrl Pts',(-460.7,387.616666666667,683.942295724556));
#8660=CARTESIAN_POINT('Ctrl Pts',(-460.7,387.616666666667,684.083333333333));
#8661=CARTESIAN_POINT('',(-460.7,340.95,688.263333333333));
#8662=CARTESIAN_POINT('Ctrl Pts',(-460.7,387.616666666667,684.083333333333));
#8663=CARTESIAN_POINT('Ctrl Pts',(-460.7,372.061111111111,684.083333333333));
#8664=CARTESIAN_POINT('Ctrl Pts',(-460.7,356.505555555556,684.083333333333));
#8665=CARTESIAN_POINT('Ctrl Pts',(-460.7,340.95,684.083333333333));
#8666=CARTESIAN_POINT('Ctrl Pts',(-460.7,339.72570634536,684.083333333333));
#8667=CARTESIAN_POINT('Ctrl Pts',(-460.7,338.860000000001,684.949039678693));
#8668=CARTESIAN_POINT('Ctrl Pts',(-460.7,338.86,686.173333333333));
#8669=CARTESIAN_POINT('Ctrl Pts',(-460.7,338.86,687.397626987973));
#8670=CARTESIAN_POINT('Ctrl Pts',(-460.7,339.72570634536,688.263333333333));
#8671=CARTESIAN_POINT('Ctrl Pts',(-460.7,340.95,688.263333333333));
#8672=CARTESIAN_POINT('',(-460.7,340.95,698.403333333333));
#8673=CARTESIAN_POINT('',(-460.7,340.95,688.263333333333));
#8674=CARTESIAN_POINT('',(-460.7,375.616666666667,702.583333333333));
#8675=CARTESIAN_POINT('Ctrl Pts',(-460.7,340.95,698.403333333333));
#8676=CARTESIAN_POINT('Ctrl Pts',(-460.7,339.72570634536,698.403333333333));
#8677=CARTESIAN_POINT('Ctrl Pts',(-460.7,338.860000000001,699.269039678693));
#8678=CARTESIAN_POINT('Ctrl Pts',(-460.7,338.86,700.493333333333));
#8679=CARTESIAN_POINT('Ctrl Pts',(-460.7,338.86,701.717626987973));
#8680=CARTESIAN_POINT('Ctrl Pts',(-460.7,339.72570634536,702.583333333333));
#8681=CARTESIAN_POINT('Ctrl Pts',(-460.7,340.95,702.583333333333));
#8682=CARTESIAN_POINT('Ctrl Pts',(-460.7,352.505555555556,702.583333333333));
#8683=CARTESIAN_POINT('Ctrl Pts',(-460.7,364.061111111111,702.583333333333));
#8684=CARTESIAN_POINT('Ctrl Pts',(-460.7,375.616666666667,702.583333333333));
#8685=CARTESIAN_POINT('',(-460.7,375.616666666667,800.583333333333));
#8686=CARTESIAN_POINT('',(-460.7,375.616666666667,702.583333333333));
#8687=CARTESIAN_POINT('',(-460.7,375.616666666667,800.583333333333));
#8688=CARTESIAN_POINT('Origin',(-479.2,-359.783333333333,802.168333333333));
#8689=CARTESIAN_POINT('',(-479.2,317.616666666667,800.583333333333));
#8690=CARTESIAN_POINT('',(-479.2,317.616666666667,714.449333333333));
#8691=CARTESIAN_POINT('',(-479.2,317.616666666667,800.583333333333));
#8692=CARTESIAN_POINT('',(-479.2,375.616666666667,800.583333333333));
#8693=CARTESIAN_POINT('',(-479.2,375.616666666667,800.583333333333));
#8694=CARTESIAN_POINT('',(-479.2,375.616666666667,702.583333333333));
#8695=CARTESIAN_POINT('',(-479.2,375.616666666667,702.583333333333));
#8696=CARTESIAN_POINT('',(-479.2,340.95,698.403333333333));
#8697=CARTESIAN_POINT('Ctrl Pts',(-479.2,340.95,698.403333333333));
#8698=CARTESIAN_POINT('Ctrl Pts',(-479.2,339.72570634536,698.403333333333));
#8699=CARTESIAN_POINT('Ctrl Pts',(-479.2,338.860000000001,699.269039678693));
#8700=CARTESIAN_POINT('Ctrl Pts',(-479.2,338.86,700.493333333333));
#8701=CARTESIAN_POINT('Ctrl Pts',(-479.2,338.86,701.717626987973));
#8702=CARTESIAN_POINT('Ctrl Pts',(-479.2,339.72570634536,702.583333333333));
#8703=CARTESIAN_POINT('Ctrl Pts',(-479.2,340.95,702.583333333333));
#8704=CARTESIAN_POINT('Ctrl Pts',(-479.2,352.505555555556,702.583333333333));
#8705=CARTESIAN_POINT('Ctrl Pts',(-479.2,364.061111111111,702.583333333333));
#8706=CARTESIAN_POINT('Ctrl Pts',(-479.2,375.616666666667,702.583333333333));
#8707=CARTESIAN_POINT('',(-479.2,340.95,688.263333333333));
#8708=CARTESIAN_POINT('',(-479.2,340.95,688.263333333333));
#8709=CARTESIAN_POINT('',(-479.2,387.616666666667,684.083333333333));
#8710=CARTESIAN_POINT('Ctrl Pts',(-479.2,387.616666666667,684.083333333333));
#8711=CARTESIAN_POINT('Ctrl Pts',(-479.2,372.061111111111,684.083333333333));
#8712=CARTESIAN_POINT('Ctrl Pts',(-479.2,356.505555555556,684.083333333333));
#8713=CARTESIAN_POINT('Ctrl Pts',(-479.2,340.95,684.083333333333));
#8714=CARTESIAN_POINT('Ctrl Pts',(-479.2,339.72570634536,684.083333333333));
#8715=CARTESIAN_POINT('Ctrl Pts',(-479.2,338.860000000001,684.949039678693));
#8716=CARTESIAN_POINT('Ctrl Pts',(-479.2,338.86,686.173333333333));
#8717=CARTESIAN_POINT('Ctrl Pts',(-479.2,338.86,687.397626987973));
#8718=CARTESIAN_POINT('Ctrl Pts',(-479.2,339.72570634536,688.263333333333));
#8719=CARTESIAN_POINT('Ctrl Pts',(-479.2,340.95,688.263333333333));
#8720=CARTESIAN_POINT('Ctrl Pts',(-479.2,317.616666666667,714.449333333333));
#8721=CARTESIAN_POINT('Ctrl Pts',(-479.2,317.616666666667,702.217799333333));
#8722=CARTESIAN_POINT('Ctrl Pts',(-479.2,310.391196005397,695.522068983159));
#8723=CARTESIAN_POINT('Ctrl Pts',(-479.2,298.170666666667,695.003333333333));
#8724=CARTESIAN_POINT('Ctrl Pts',(-479.2,268.643655178112,693.749974082896));
#8725=CARTESIAN_POINT('Ctrl Pts',(-479.2,239.116633472856,692.496614398782));
#8726=CARTESIAN_POINT('Ctrl Pts',(-479.2,209.591034276326,691.243315097158));
#8727=CARTESIAN_POINT('Ctrl Pts',(-479.2,117.483463661334,687.333543337483));
#8728=CARTESIAN_POINT('Ctrl Pts',(-479.2,25.3897373425477,683.424359238931));
#8729=CARTESIAN_POINT('Ctrl Pts',(-479.2,-66.6466415354292,679.517609418072));
#8730=CARTESIAN_POINT('Ctrl Pts',(-479.2,-112.664830974418,677.564234507643));
#8731=CARTESIAN_POINT('Ctrl Pts',(-479.2,-158.668683553204,675.611468166637));
#8732=CARTESIAN_POINT('Ctrl Pts',(-479.2,-204.652761378713,673.659541222126));
#8733=CARTESIAN_POINT('Ctrl Pts',(-479.2,-227.644800291467,672.68357774987));
#8734=CARTESIAN_POINT('Ctrl Pts',(-479.2,-250.631895515902,671.707824126738));
#8735=CARTESIAN_POINT('Ctrl Pts',(-479.2,-273.613367315384,670.732309206114));
#8736=CARTESIAN_POINT('Ctrl Pts',(-479.2,-285.104103215124,670.244551745802));
#8737=CARTESIAN_POINT('Ctrl Pts',(-479.2,-296.593433258626,669.756853961116));
#8738=CARTESIAN_POINT('Ctrl Pts',(-479.2,-308.081272478811,669.269219458731));
#8739=CARTESIAN_POINT('Ctrl Pts',(-479.2,-313.825192088903,669.025402207538));
#8740=CARTESIAN_POINT('Ctrl Pts',(-479.2,-319.568738993166,668.781600776921));
#8741=CARTESIAN_POINT('Ctrl Pts',(-479.2,-325.311902570715,668.537815617712));
#8742=CARTESIAN_POINT('Ctrl Pts',(-479.2,-328.183484359489,668.415923038108));
#8743=CARTESIAN_POINT('Ctrl Pts',(-479.2,-331.054970316584,668.294034526356));
#8744=CARTESIAN_POINT('Ctrl Pts',(-479.2,-333.926359114391,668.17215013881));
#8745=CARTESIAN_POINT('Ctrl Pts',(-479.2,-335.362053513294,668.111207945038));
#8746=CARTESIAN_POINT('Ctrl Pts',(-479.2,-336.797723622375,668.050266782316));
#8747=CARTESIAN_POINT('Ctrl Pts',(-479.2,-338.233369275682,667.989326657691));
#8748=CARTESIAN_POINT('Ctrl Pts',(-479.2,-338.951192102336,667.958856595379));
#8749=CARTESIAN_POINT('Ctrl Pts',(-479.2,-339.669008815046,667.92838679259));
#8750=CARTESIAN_POINT('Ctrl Pts',(-479.2,-340.386819393069,667.897917250206));
#8751=CARTESIAN_POINT('Ctrl Pts',(-479.2,-340.745724682081,667.882682479014));
#8752=CARTESIAN_POINT('Ctrl Pts',(-479.2,-341.10462843742,667.867447772923));
#8753=CARTESIAN_POINT('Ctrl Pts',(-479.2,-341.463530656495,667.852213132043));
#8754=CARTESIAN_POINT('Ctrl Pts',(-479.2,-341.642981766033,667.844595811604));
#8755=CARTESIAN_POINT('Ctrl Pts',(-479.2,-341.822432491503,667.836978507466));
#8756=CARTESIAN_POINT('Ctrl Pts',(-479.2,-342.001882832584,667.829361219646));
#8757=CARTESIAN_POINT('Ctrl Pts',(-479.2,-342.024314125219,667.828409058668));
#8758=CARTESIAN_POINT('Ctrl Pts',(-479.2,-342.046745411848,667.827456897946));
#8759=CARTESIAN_POINT('Ctrl Pts',(-479.2,-342.069176692471,667.826504737478));
#8760=CARTESIAN_POINT('Ctrl Pts',(-479.2,-342.074748085295,667.826268243624));
#8761=CARTESIAN_POINT('Ctrl Pts',(-479.2,-342.080319477748,667.826031749786));
#8762=CARTESIAN_POINT('Ctrl Pts',(-479.2,-342.085890869831,667.825795255964));
#8763=CARTESIAN_POINT('Ctrl Pts',(-479.2,-342.088674116033,667.825677113044));
#8764=CARTESIAN_POINT('Ctrl Pts',(-479.2,-342.091457362141,667.825558970127));
#8765=CARTESIAN_POINT('Ctrl Pts',(-479.2,-342.094240608158,667.825440827214));
#8766=CARTESIAN_POINT('Ctrl Pts',(-479.2,-342.096851577985,667.825329997062));
#8767=CARTESIAN_POINT('Ctrl Pts',(-479.2,-342.099470622106,667.825218824173));
#8768=CARTESIAN_POINT('Ctrl Pts',(-479.2,-342.102103370881,667.82510706955));
#8769=CARTESIAN_POINT('Ctrl Pts',(-479.2,-342.249374974606,667.81885570114));
#8770=CARTESIAN_POINT('Ctrl Pts',(-479.2,-342.433826983416,667.811026103092));
#8771=CARTESIAN_POINT('Ctrl Pts',(-479.2,-342.635786853333,667.802453333333));
#8772=CARTESIAN_POINT('Ctrl Pts',(-479.2,-342.644711817063,667.80207448748));
#8773=CARTESIAN_POINT('Ctrl Pts',(-479.2,-342.654881334687,667.801633252964));
#8774=CARTESIAN_POINT('Ctrl Pts',(-479.2,-342.664027502195,667.801227416738));
#8775=CARTESIAN_POINT('Ctrl Pts',(-479.2,-342.668596120047,667.801024696788));
#8776=CARTESIAN_POINT('Ctrl Pts',(-479.2,-342.672909562429,667.800831094348));
#8777=CARTESIAN_POINT('Ctrl Pts',(-479.2,-342.676686007578,667.800660261038));
#8778=CARTESIAN_POINT('Ctrl Pts',(-479.2,-342.677734865357,667.800612814342));
#8779=CARTESIAN_POINT('Ctrl Pts',(-479.2,-342.678742302907,667.800567128397));
#8780=CARTESIAN_POINT('Ctrl Pts',(-479.2,-342.679702287354,667.800523504177));
#8781=CARTESIAN_POINT('Ctrl Pts',(-479.2,-342.680284348004,667.800497053808));
#8782=CARTESIAN_POINT('Ctrl Pts',(-479.2,-342.680848963616,667.800471361441));
#8783=CARTESIAN_POINT('Ctrl Pts',(-479.2,-342.681394789671,667.800446494533));
#8784=CARTESIAN_POINT('Ctrl Pts',(-479.2,-342.681831031217,667.800426620108));
#8785=CARTESIAN_POINT('Ctrl Pts',(-479.2,-342.682263559687,667.800406895497));
#8786=CARTESIAN_POINT('Ctrl Pts',(-479.2,-342.68269780703,667.800387073249));
#8787=CARTESIAN_POINT('Ctrl Pts',(-479.2,-342.960303808252,667.787715090331));
#8788=CARTESIAN_POINT('Ctrl Pts',(-479.2,-343.23350326813,667.767338585754));
#8789=CARTESIAN_POINT('Ctrl Pts',(-479.2,-343.501893562855,667.7394192449));
#8790=CARTESIAN_POINT('Ctrl Pts',(-479.2,-343.770326270052,667.711495492082));
#8791=CARTESIAN_POINT('Ctrl Pts',(-479.2,-344.033948090899,667.676026655678));
#8792=CARTESIAN_POINT('Ctrl Pts',(-479.2,-344.292385201321,667.633217835627));
#8793=CARTESIAN_POINT('Ctrl Pts',(-479.2,-344.550798908669,667.590412892178));
#8794=CARTESIAN_POINT('Ctrl Pts',(-479.2,-344.804028654254,667.540269442083));
#8795=CARTESIAN_POINT('Ctrl Pts',(-479.2,-345.05173263475,667.483033718503));
#8796=CARTESIAN_POINT('Ctrl Pts',(-479.2,-345.299369445544,667.425813515491));
#8797=CARTESIAN_POINT('Ctrl Pts',(-479.2,-345.541483310322,667.361505041407));
#8798=CARTESIAN_POINT('Ctrl Pts',(-479.2,-345.777767364405,667.290393213397));
#8799=CARTESIAN_POINT('Ctrl Pts',(-479.2,-346.01396802994,667.219306481926));
#8800=CARTESIAN_POINT('Ctrl Pts',(-479.2,-346.244342836205,667.141421360927));
#8801=CARTESIAN_POINT('Ctrl Pts',(-479.2,-346.468622434927,667.057058928956));
#8802=CARTESIAN_POINT('Ctrl Pts',(-479.2,-346.692832353795,666.972722706956));
#8803=CARTESIAN_POINT('Ctrl Pts',(-479.2,-346.91095070501,666.881913366009));
#8804=CARTESIAN_POINT('Ctrl Pts',(-479.2,-347.12274788961,666.784985649299));
#8805=CARTESIAN_POINT('Ctrl Pts',(-479.2,-347.334518516473,666.688070086579));
#8806=CARTESIAN_POINT('Ctrl Pts',(-479.2,-347.539969431627,666.585037853099));
#8807=CARTESIAN_POINT('Ctrl Pts',(-479.2,-347.738912698617,666.476274980902));
#8808=CARTESIAN_POINT('Ctrl Pts',(-479.2,-347.947846617034,666.362050190035));
#8809=CARTESIAN_POINT('Ctrl Pts',(-479.2,-348.149602322714,666.241504671956));
#8810=CARTESIAN_POINT('Ctrl Pts',(-479.2,-348.34401367719,666.115119793494));
#8811=CARTESIAN_POINT('Ctrl Pts',(-479.2,-348.52945282577,665.994567656409));
#8812=CARTESIAN_POINT('Ctrl Pts',(-479.2,-348.708210150406,665.86870310896));
#8813=CARTESIAN_POINT('Ctrl Pts',(-479.2,-348.880187836553,665.737970865467));
#8814=CARTESIAN_POINT('Ctrl Pts',(-479.2,-349.052473847776,665.607004242563));
#8815=CARTESIAN_POINT('Ctrl Pts',(-479.2,-349.217955808645,665.471152625227));
#8816=CARTESIAN_POINT('Ctrl Pts',(-479.2,-349.376582135794,665.330886909726));
#8817=CARTESIAN_POINT('Ctrl Pts',(-479.2,-349.535637424057,665.190241884316));
#8818=CARTESIAN_POINT('Ctrl Pts',(-479.2,-349.687799886512,665.045159025486));
#8819=CARTESIAN_POINT('Ctrl Pts',(-479.2,-349.833065588478,664.89613438881));
#8820=CARTESIAN_POINT('Ctrl Pts',(-479.2,-349.97888396497,664.746542776453));
#8821=CARTESIAN_POINT('Ctrl Pts',(-479.2,-350.117752956487,664.592979505563));
#8822=CARTESIAN_POINT('Ctrl Pts',(-479.2,-350.24971779553,664.435965218527));
#8823=CARTESIAN_POINT('Ctrl Pts',(-479.2,-350.382357688831,664.278147739038));
#8824=CARTESIAN_POINT('Ctrl Pts',(-479.2,-350.508022585789,664.116844016394));
#8825=CARTESIAN_POINT('Ctrl Pts',(-479.2,-350.626808618787,663.952599225593));
#8826=CARTESIAN_POINT('Ctrl Pts',(-479.2,-350.746386785973,663.787259155231));
#8827=CARTESIAN_POINT('Ctrl Pts',(-479.2,-350.858994029816,663.618938831498));
#8828=CARTESIAN_POINT('Ctrl Pts',(-479.2,-350.964779466809,663.448208516856));
#8829=CARTESIAN_POINT('Ctrl Pts',(-479.2,-351.071465220654,663.27602515363));
#8830=CARTESIAN_POINT('Ctrl Pts',(-479.2,-351.171212567421,663.101390776788));
#8831=CARTESIAN_POINT('Ctrl Pts',(-479.2,-351.264226219959,662.92490202969));
#8832=CARTESIAN_POINT('Ctrl Pts',(-479.2,-351.361953113254,662.739470144317));
#8833=CARTESIAN_POINT('Ctrl Pts',(-479.2,-351.452246259846,662.551991334425));
#8834=CARTESIAN_POINT('Ctrl Pts',(-479.2,-351.535403021346,662.363168151617));
#8835=CARTESIAN_POINT('Ctrl Pts',(-479.2,-351.61714413294,662.177559470145));
#8836=CARTESIAN_POINT('Ctrl Pts',(-479.2,-351.691990124113,661.990652038523));
#8837=CARTESIAN_POINT('Ctrl Pts',(-479.2,-351.760278723836,661.803120021456));
#8838=CARTESIAN_POINT('Ctrl Pts',(-479.2,-351.829743170327,661.612358930765));
#8839=CARTESIAN_POINT('Ctrl Pts',(-479.2,-351.892422558514,661.420951769122));
#8840=CARTESIAN_POINT('Ctrl Pts',(-479.2,-351.948727120781,661.229611989473));
#8841=CARTESIAN_POINT('Ctrl Pts',(-479.2,-352.006224906942,661.034217277371));
#8842=CARTESIAN_POINT('Ctrl Pts',(-479.2,-352.057074954955,660.83889306543));
#8843=CARTESIAN_POINT('Ctrl Pts',(-479.2,-352.101768957103,660.644399744347));
#8844=CARTESIAN_POINT('Ctrl Pts',(-479.2,-352.145496303302,660.454112986042));
#8845=CARTESIAN_POINT('Ctrl Pts',(-479.2,-352.183331558246,660.264621771322));
#8846=CARTESIAN_POINT('Ctrl Pts',(-479.2,-352.215781371195,660.076635532247));
#8847=CARTESIAN_POINT('Ctrl Pts',(-479.2,-352.22795005105,660.006140692594));
#8848=CARTESIAN_POINT('Ctrl Pts',(-479.2,-352.239361834326,659.935857447246));
#8849=CARTESIAN_POINT('Ctrl Pts',(-479.2,-352.250044924795,659.865823019965));
#8850=CARTESIAN_POINT('Ctrl Pts',(-479.2,-352.250722307597,659.861382346479));
#8851=CARTESIAN_POINT('Ctrl Pts',(-479.2,-352.251396876231,659.856941953482));
#8852=CARTESIAN_POINT('Ctrl Pts',(-479.2,-352.252070596966,659.852488776156));
#8853=CARTESIAN_POINT('Ctrl Pts',(-479.2,-352.275924090598,659.694821316171));
#8854=CARTESIAN_POINT('Ctrl Pts',(-479.2,-352.298063921796,659.525415017026));
#8855=CARTESIAN_POINT('Ctrl Pts',(-479.2,-352.317122457843,659.344264880411));
#8856=CARTESIAN_POINT('Ctrl Pts',(-479.2,-352.337037162962,659.154976912856));
#8857=CARTESIAN_POINT('Ctrl Pts',(-479.2,-352.353585694396,658.952864213346));
#8858=CARTESIAN_POINT('Ctrl Pts',(-479.2,-352.365160309294,658.737953261442));
#8859=CARTESIAN_POINT('Ctrl Pts',(-479.2,-352.375832394177,658.539799980225));
#8860=CARTESIAN_POINT('Ctrl Pts',(-479.2,-352.38227411307,658.330765870141));
#8861=CARTESIAN_POINT('Ctrl Pts',(-479.2,-352.383213752833,658.110916287711));
#8862=CARTESIAN_POINT('Ctrl Pts',(-479.2,-352.383293217446,658.092323777507));
#8863=CARTESIAN_POINT('Ctrl Pts',(-479.2,-352.383333333333,658.073653946869));
#8864=CARTESIAN_POINT('Ctrl Pts',(-479.2,-352.383333333333,658.054906853333));
#8865=CARTESIAN_POINT('Ctrl Pts',(-479.2,-352.383333333333,656.423923132804));
#8866=CARTESIAN_POINT('Ctrl Pts',(-479.2,-352.383333333333,653.62617807819));
#8867=CARTESIAN_POINT('Ctrl Pts',(-479.2,-352.383333333333,651.830879813333));
#8868=CARTESIAN_POINT('Ctrl Pts',(-479.2,-352.383333333333,645.982351925338));
#8869=CARTESIAN_POINT('Ctrl Pts',(-479.2,-348.484314741333,642.083333333333));
#8870=CARTESIAN_POINT('Ctrl Pts',(-479.2,-342.635786853333,642.083333333333));
#8871=CARTESIAN_POINT('Ctrl Pts',(-479.2,-340.235666472719,642.083333333333));
#8872=CARTESIAN_POINT('Ctrl Pts',(-479.2,-337.835536982517,642.083333333333));
#8873=CARTESIAN_POINT('Ctrl Pts',(-479.2,-335.435511904651,642.083333333333));
#8874=CARTESIAN_POINT('Ctrl Pts',(-479.2,-200.296725785028,642.083333333333));
#8875=CARTESIAN_POINT('Ctrl Pts',(-479.2,-65.4920320119553,642.083333333333));
#8876=CARTESIAN_POINT('Ctrl Pts',(-479.2,48.1785663079183,642.083333333333));
#8877=CARTESIAN_POINT('Ctrl Pts',(-479.2,105.013865467855,642.083333333333));
#8878=CARTESIAN_POINT('Ctrl Pts',(-479.2,156.565640764493,642.083333333333));
#8879=CARTESIAN_POINT('Ctrl Pts',(-479.2,200.233891809499,642.083333333333));
#8880=CARTESIAN_POINT('Ctrl Pts',(-479.2,211.150954570751,642.083333333333));
#8881=CARTESIAN_POINT('Ctrl Pts',(-479.2,221.575297066275,642.083333333333));
#8882=CARTESIAN_POINT('Ctrl Pts',(-479.2,231.466294290006,642.083333333333));
#8883=CARTESIAN_POINT('Ctrl Pts',(-479.2,235.175418248904,642.083333333333));
#8884=CARTESIAN_POINT('Ctrl Pts',(-479.2,238.809540528957,642.083333333333));
#8885=CARTESIAN_POINT('Ctrl Pts',(-479.2,242.366518795859,642.083333333333));
#8886=CARTESIAN_POINT('Ctrl Pts',(-479.2,242.755563293802,642.083333333333));
#8887=CARTESIAN_POINT('Ctrl Pts',(-479.2,243.143684926352,642.083333333333));
#8888=CARTESIAN_POINT('Ctrl Pts',(-479.2,243.530880890392,642.083333333333));
#8889=CARTESIAN_POINT('Ctrl Pts',(-479.2,243.721453903944,642.083333333333));
#8890=CARTESIAN_POINT('Ctrl Pts',(-479.2,243.911802675655,642.083333333333));
#8891=CARTESIAN_POINT('Ctrl Pts',(-479.2,244.101926871305,642.083333333333));
#8892=CARTESIAN_POINT('Ctrl Pts',(-479.2,244.123508154321,642.083333333333));
#8893=CARTESIAN_POINT('Ctrl Pts',(-479.2,244.145086543706,642.083333333333));
#8894=CARTESIAN_POINT('Ctrl Pts',(-479.2,244.166662038971,642.083333333333));
#8895=CARTESIAN_POINT('Ctrl Pts',(-479.2,244.186751443823,642.083333333333));
#8896=CARTESIAN_POINT('Ctrl Pts',(-479.2,244.20684768459,642.083333333333));
#8897=CARTESIAN_POINT('Ctrl Pts',(-479.2,244.226951777244,642.083333333333));
#8898=CARTESIAN_POINT('Ctrl Pts',(-479.2,268.34220252321,642.083333333333));
#8899=CARTESIAN_POINT('Ctrl Pts',(-479.2,303.271173396636,642.083333333333));
#8900=CARTESIAN_POINT('Ctrl Pts',(-479.2,345.616666666667,642.083333333333));
#8901=CARTESIAN_POINT('Ctrl Pts',(-479.2,346.212529641365,642.083333333333));
#8902=CARTESIAN_POINT('Ctrl Pts',(-479.2,346.8156318459,642.091264602823));
#8903=CARTESIAN_POINT('Ctrl Pts',(-479.2,347.42450218649,642.108066216045));
#8904=CARTESIAN_POINT('Ctrl Pts',(-479.2,348.010696798291,642.124242098634));
#8905=CARTESIAN_POINT('Ctrl Pts',(-479.2,348.602237671405,642.14864006211));
#8906=CARTESIAN_POINT('Ctrl Pts',(-479.2,349.197824218509,642.182050642878));
#8907=CARTESIAN_POINT('Ctrl Pts',(-479.2,349.775814686245,642.214474137498));
#8908=CARTESIAN_POINT('Ctrl Pts',(-479.2,350.357615115683,642.255385678954));
#8909=CARTESIAN_POINT('Ctrl Pts',(-479.2,350.94205162096,642.30546042782));
#8910=CARTESIAN_POINT('Ctrl Pts',(-479.2,351.512396519478,642.354327802296));
#8911=CARTESIAN_POINT('Ctrl Pts',(-479.2,352.085251744433,642.411921912286));
#8912=CARTESIAN_POINT('Ctrl Pts',(-479.2,352.659543181861,642.478823117183));
#8913=CARTESIAN_POINT('Ctrl Pts',(-479.2,353.222304675939,642.544381158919));
#8914=CARTESIAN_POINT('Ctrl Pts',(-479.2,353.786445149339,642.618876391473));
#8915=CARTESIAN_POINT('Ctrl Pts',(-479.2,354.350972552688,642.702808079751));
#8916=CARTESIAN_POINT('Ctrl Pts',(-479.2,354.905925264185,642.785316240938));
#8917=CARTESIAN_POINT('Ctrl Pts',(-479.2,355.461251763223,642.876943520334));
#8918=CARTESIAN_POINT('Ctrl Pts',(-479.2,356.016029844365,642.978117718285));
#8919=CARTESIAN_POINT('Ctrl Pts',(-479.2,356.562775965849,643.077827137609));
#8920=CARTESIAN_POINT('Ctrl Pts',(-479.2,357.108989316375,643.186809070341));
#8921=CARTESIAN_POINT('Ctrl Pts',(-479.2,357.653808796959,643.305426902429));
#8922=CARTESIAN_POINT('Ctrl Pts',(-479.2,358.220010475375,643.42870005622));
#8923=CARTESIAN_POINT('Ctrl Pts',(-479.2,358.784706366797,643.562380781781));
#8924=CARTESIAN_POINT('Ctrl Pts',(-479.2,359.346957422996,643.706822303409));
#8925=CARTESIAN_POINT('Ctrl Pts',(-479.2,359.891638133689,643.846750027486));
#8926=CARTESIAN_POINT('Ctrl Pts',(-479.2,360.434024396967,643.996776339008));
#8927=CARTESIAN_POINT('Ctrl Pts',(-479.2,360.973290133713,644.157170756195));
#8928=CARTESIAN_POINT('Ctrl Pts',(-479.2,361.495703816187,644.312552847845));
#8929=CARTESIAN_POINT('Ctrl Pts',(-479.2,362.015188953848,644.47766498915));
#8930=CARTESIAN_POINT('Ctrl Pts',(-479.2,362.531021099467,644.65270547224));
#8931=CARTESIAN_POINT('Ctrl Pts',(-479.2,363.036628123459,644.824276202148));
#8932=CARTESIAN_POINT('Ctrl Pts',(-479.2,363.538725504849,645.005385470619));
#8933=CARTESIAN_POINT('Ctrl Pts',(-479.2,364.036657360649,645.19617620345));
#8934=CARTESIAN_POINT('Ctrl Pts',(-479.2,364.531441293972,645.385760758309));
#8935=CARTESIAN_POINT('Ctrl Pts',(-479.2,365.022112115395,645.584904744558));
#8936=CARTESIAN_POINT('Ctrl Pts',(-479.2,365.508053594992,645.793705306452));
#8937=CARTESIAN_POINT('Ctrl Pts',(-479.2,365.991348690005,646.001368763136));
#8938=CARTESIAN_POINT('Ctrl Pts',(-479.2,366.469965728987,646.218583890571));
#8939=CARTESIAN_POINT('Ctrl Pts',(-479.2,366.943326874848,646.445403651739));
#8940=CARTESIAN_POINT('Ctrl Pts',(-479.2,367.414485516731,646.671168042329));
#8941=CARTESIAN_POINT('Ctrl Pts',(-479.2,367.880436980643,646.906447875896));
#8942=CARTESIAN_POINT('Ctrl Pts',(-479.2,368.340640896262,647.151253301434));
#8943=CARTESIAN_POINT('Ctrl Pts',(-479.2,368.799037581912,647.395097371176));
#8944=CARTESIAN_POINT('Ctrl Pts',(-479.2,369.251731694046,647.648392340176));
#8945=CARTESIAN_POINT('Ctrl Pts',(-479.2,369.698219674388,647.911106722086));
#8946=CARTESIAN_POINT('Ctrl Pts',(-479.2,370.143254281541,648.172965936432));
#8947=CARTESIAN_POINT('Ctrl Pts',(-479.2,370.582123019746,648.444183310522));
#8948=CARTESIAN_POINT('Ctrl Pts',(-479.2,371.014358711567,648.724686745334));
#8949=CARTESIAN_POINT('Ctrl Pts',(-479.2,371.445459254983,649.004453514868));
#8950=CARTESIAN_POINT('Ctrl Pts',(-479.2,371.86996147435,649.293457599581));
#8951=CARTESIAN_POINT('Ctrl Pts',(-479.2,372.287434328655,649.59158717839));
#8952=CARTESIAN_POINT('Ctrl Pts',(-479.2,372.704059332878,649.889111282651));
#8953=CARTESIAN_POINT('Ctrl Pts',(-479.2,373.113683426562,650.195723813057));
#8954=CARTESIAN_POINT('Ctrl Pts',(-479.2,373.515911619155,650.511274002191));
#8955=CARTESIAN_POINT('Ctrl Pts',(-479.2,373.917552193144,650.826363201356));
#8956=CARTESIAN_POINT('Ctrl Pts',(-479.2,374.311818394404,651.150363920444));
#8957=CARTESIAN_POINT('Ctrl Pts',(-479.2,374.698351333527,651.483087118316));
#8958=CARTESIAN_POINT('Ctrl Pts',(-479.2,375.084533003007,651.815507947238));
#8959=CARTESIAN_POINT('Ctrl Pts',(-479.2,375.462995397406,652.156635361009));
#8960=CARTESIAN_POINT('Ctrl Pts',(-479.2,375.833415899269,652.506242621566));
#8961=CARTESIAN_POINT('Ctrl Pts',(-479.2,376.203700232736,652.855721364776));
#8962=CARTESIAN_POINT('Ctrl Pts',(-479.2,376.565948526318,653.213673669948));
#8963=CARTESIAN_POINT('Ctrl Pts',(-479.2,376.919874713323,653.579835586516));
#8964=CARTESIAN_POINT('Ctrl Pts',(-479.2,377.273860764314,653.946059436652));
#8965=CARTESIAN_POINT('Ctrl Pts',(-479.2,377.619521837958,654.320495620434));
#8966=CARTESIAN_POINT('Ctrl Pts',(-479.2,377.956608796821,654.702843366746));
#8967=CARTESIAN_POINT('Ctrl Pts',(-479.2,378.29393437576,655.085461772736));
#8968=CARTESIAN_POINT('Ctrl Pts',(-479.2,378.622673644891,655.476002887516));
#8969=CARTESIAN_POINT('Ctrl Pts',(-479.2,378.942614869453,655.874129415477));
#8970=CARTESIAN_POINT('Ctrl Pts',(-479.2,379.262957652072,656.272755631826));
#8971=CARTESIAN_POINT('Ctrl Pts',(-479.2,379.574480243492,656.678986252042));
#8972=CARTESIAN_POINT('Ctrl Pts',(-479.2,379.877008878519,657.092447649356));
#8973=CARTESIAN_POINT('Ctrl Pts',(-479.2,380.180087353469,657.506660504736));
#8974=CARTESIAN_POINT('Ctrl Pts',(-479.2,380.474139105666,657.928130379162));
#8975=CARTESIAN_POINT('Ctrl Pts',(-479.2,380.759029001882,658.356447394881));
#8976=CARTESIAN_POINT('Ctrl Pts',(-479.2,381.044603256471,658.785793307518));
#8977=CARTESIAN_POINT('Ctrl Pts',(-479.2,381.320971545474,659.222019228304));
#8978=CARTESIAN_POINT('Ctrl Pts',(-479.2,381.588038131241,659.664678981048));
#8979=CARTESIAN_POINT('Ctrl Pts',(-479.2,381.861595972373,660.118097913891));
#8980=CARTESIAN_POINT('Ctrl Pts',(-479.2,382.125394254347,660.578267280711));
#8981=CARTESIAN_POINT('Ctrl Pts',(-479.2,382.379374369406,661.04467266422));
#8982=CARTESIAN_POINT('Ctrl Pts',(-479.2,382.629540661138,661.504074398126));
#8983=CARTESIAN_POINT('Ctrl Pts',(-479.2,382.870181539034,661.969526091796));
#8984=CARTESIAN_POINT('Ctrl Pts',(-479.2,383.101283652542,662.440504073522));
#8985=CARTESIAN_POINT('Ctrl Pts',(-479.2,383.333445905993,662.913642583176));
#8986=CARTESIAN_POINT('Ctrl Pts',(-479.2,383.555981652567,663.392358119853));
#8987=CARTESIAN_POINT('Ctrl Pts',(-479.2,383.768920369942,663.876088931674));
#8988=CARTESIAN_POINT('Ctrl Pts',(-479.2,383.982995209628,664.362400661493));
#8989=CARTESIAN_POINT('Ctrl Pts',(-479.2,384.187370316855,664.853781243704));
#8990=CARTESIAN_POINT('Ctrl Pts',(-479.2,384.382119390789,665.349630004683));
#8991=CARTESIAN_POINT('Ctrl Pts',(-479.2,384.578067941883,665.848532743027));
#8992=CARTESIAN_POINT('Ctrl Pts',(-479.2,384.764271504285,666.351958782391));
#8993=CARTESIAN_POINT('Ctrl Pts',(-479.2,384.94084960201,666.85926738917));
#8994=CARTESIAN_POINT('Ctrl Pts',(-479.2,385.118677083688,667.370165474148));
#8995=CARTESIAN_POINT('Ctrl Pts',(-479.2,385.286742400102,667.885001171809));
#8996=CARTESIAN_POINT('Ctrl Pts',(-479.2,385.445212765333,668.403092182627));
#8997=CARTESIAN_POINT('Ctrl Pts',(-479.2,385.604967774563,668.925383111244));
#8998=CARTESIAN_POINT('Ctrl Pts',(-479.2,385.754971638158,669.450982248957));
#8999=CARTESIAN_POINT('Ctrl Pts',(-479.2,385.895441457303,669.979163762152));
#9000=CARTESIAN_POINT('Ctrl Pts',(-479.2,386.037214844815,670.51224683155));
#9001=CARTESIAN_POINT('Ctrl Pts',(-479.2,386.169276421936,671.047960325819));
#9002=CARTESIAN_POINT('Ctrl Pts',(-479.2,386.291895801678,671.585532318797));
#9003=CARTESIAN_POINT('Ctrl Pts',(-479.2,386.416580819929,672.132160216418));
#9004=CARTESIAN_POINT('Ctrl Pts',(-479.2,386.531502805928,672.680709670531));
#9005=CARTESIAN_POINT('Ctrl Pts',(-479.2,386.636993252227,673.230344022184));
#9006=CARTESIAN_POINT('Ctrl Pts',(-479.2,386.743769269315,673.786676552603));
#9007=CARTESIAN_POINT('Ctrl Pts',(-479.2,386.840882500344,674.344120463324));
#9008=CARTESIAN_POINT('Ctrl Pts',(-479.2,386.928725438332,674.901784275207));
#9009=CARTESIAN_POINT('Ctrl Pts',(-479.2,387.017795162267,675.467236238791));
#9010=CARTESIAN_POINT('Ctrl Pts',(-479.2,387.097333899647,676.032914157307));
#9011=CARTESIAN_POINT('Ctrl Pts',(-479.2,387.16780005458,676.597866206036));
#9012=CARTESIAN_POINT('Ctrl Pts',(-479.2,387.239401280788,677.171918522022));
#9013=CARTESIAN_POINT('Ctrl Pts',(-479.2,387.301635352248,677.745221250778));
#9014=CARTESIAN_POINT('Ctrl Pts',(-479.2,387.355032852565,678.316754878616));
#9015=CARTESIAN_POINT('Ctrl Pts',(-479.2,387.409988289821,678.904963694339));
#9016=CARTESIAN_POINT('Ctrl Pts',(-479.2,387.455584003454,679.491298537355));
#9017=CARTESIAN_POINT('Ctrl Pts',(-479.2,387.49245020647,680.074628100434));
#9018=CARTESIAN_POINT('Ctrl Pts',(-479.2,387.53006230196,680.669759831767));
#9019=CARTESIAN_POINT('Ctrl Pts',(-479.2,387.558588215564,681.261763245405));
#9020=CARTESIAN_POINT('Ctrl Pts',(-479.2,387.578749147738,681.849419132849));
#9021=CARTESIAN_POINT('Ctrl Pts',(-479.2,387.599620551344,682.457784019077));
#9022=CARTESIAN_POINT('Ctrl Pts',(-479.2,387.611527120087,683.06148935292));
#9023=CARTESIAN_POINT('Ctrl Pts',(-479.2,387.615322499735,683.659166644262));
#9024=CARTESIAN_POINT('Ctrl Pts',(-479.2,387.616222541612,683.800900710714));
#9025=CARTESIAN_POINT('Ctrl Pts',(-479.2,387.616666666667,683.942295724556));
#9026=CARTESIAN_POINT('Ctrl Pts',(-479.2,387.616666666667,684.083333333333));
#9027=CARTESIAN_POINT('Origin',(-479.2,317.616666666667,800.583333333333));
#9028=CARTESIAN_POINT('',(-479.2,317.616666666667,714.449333333333));
#9029=CARTESIAN_POINT('',(-479.2,317.616666666667,800.583333333333));
#9030=CARTESIAN_POINT('Ctrl Pts',(-479.2,317.616666666667,714.449333333333));
#9031=CARTESIAN_POINT('Ctrl Pts',(-452.56,317.616666666667,714.449333333333));
#9032=CARTESIAN_POINT('Ctrl Pts',(-479.2,317.616666666667,702.217799333333));
#9033=CARTESIAN_POINT('Ctrl Pts',(-452.56,317.616666666667,702.217799333333));
#9034=CARTESIAN_POINT('Ctrl Pts',(-479.2,310.391196005397,695.522068983159));
#9035=CARTESIAN_POINT('Ctrl Pts',(-452.56,310.391196005397,695.522068983159));
#9036=CARTESIAN_POINT('Ctrl Pts',(-479.2,298.170666666667,695.003333333333));
#9037=CARTESIAN_POINT('Ctrl Pts',(-452.56,298.170666666667,695.003333333333));
#9038=CARTESIAN_POINT('Ctrl Pts',(-479.2,84.5685154933339,685.936373333333));
#9039=CARTESIAN_POINT('Ctrl Pts',(-452.56,84.5685154933339,685.936373333333));
#9040=CARTESIAN_POINT('Ctrl Pts',(-479.2,-129.03363568,676.869413333333));
#9041=CARTESIAN_POINT('Ctrl Pts',(-452.56,-129.03363568,676.869413333333));
#9042=CARTESIAN_POINT('Ctrl Pts',(-479.2,-342.635786853333,667.802453333333));
#9043=CARTESIAN_POINT('Ctrl Pts',(-452.56,-342.635786853333,667.802453333333));
#9044=CARTESIAN_POINT('Ctrl Pts',(-479.2,-348.479052844638,667.554419038166));
#9045=CARTESIAN_POINT('Ctrl Pts',(-452.56,-348.479052844638,667.554419038166));
#9046=CARTESIAN_POINT('Ctrl Pts',(-479.2,-352.383333333333,663.903434741333));
#9047=CARTESIAN_POINT('Ctrl Pts',(-452.56,-352.383333333333,663.903434741333));
#9048=CARTESIAN_POINT('Ctrl Pts',(-479.2,-352.383333333333,658.054906853333));
#9049=CARTESIAN_POINT('Ctrl Pts',(-452.56,-352.383333333333,658.054906853333));
#9050=CARTESIAN_POINT('Ctrl Pts',(-479.2,-352.383333333333,655.980231173333));
#9051=CARTESIAN_POINT('Ctrl Pts',(-452.56,-352.383333333333,655.980231173333));
#9052=CARTESIAN_POINT('Ctrl Pts',(-479.2,-352.383333333333,653.905555493333));
#9053=CARTESIAN_POINT('Ctrl Pts',(-452.56,-352.383333333333,653.905555493333));
#9054=CARTESIAN_POINT('Ctrl Pts',(-479.2,-352.383333333333,651.830879813333));
#9055=CARTESIAN_POINT('Ctrl Pts',(-452.56,-352.383333333333,651.830879813333));
#9056=CARTESIAN_POINT('Ctrl Pts',(-479.2,-352.383333333333,645.982351925333));
#9057=CARTESIAN_POINT('Ctrl Pts',(-452.56,-352.383333333333,645.982351925333));
#9058=CARTESIAN_POINT('Ctrl Pts',(-479.2,-348.484314741333,642.083333333333));
#9059=CARTESIAN_POINT('Ctrl Pts',(-452.56,-348.484314741333,642.083333333333));
#9060=CARTESIAN_POINT('Ctrl Pts',(-479.2,-342.635786853333,642.083333333333));
#9061=CARTESIAN_POINT('Ctrl Pts',(-452.56,-342.635786853333,642.083333333333));
#9062=CARTESIAN_POINT('Ctrl Pts',(-479.2,-113.218302346666,642.083333333333));
#9063=CARTESIAN_POINT('Ctrl Pts',(-452.56,-113.218302346666,642.083333333333));
#9064=CARTESIAN_POINT('Ctrl Pts',(-479.2,116.19918216,642.083333333333));
#9065=CARTESIAN_POINT('Ctrl Pts',(-452.56,116.19918216,642.083333333333));
#9066=CARTESIAN_POINT('Ctrl Pts',(-479.2,345.616666666667,642.083333333333));
#9067=CARTESIAN_POINT('Ctrl Pts',(-452.56,345.616666666667,642.083333333333));
#9068=CARTESIAN_POINT('Ctrl Pts',(-479.2,372.034666666667,642.083333333333));
#9069=CARTESIAN_POINT('Ctrl Pts',(-452.56,372.034666666667,642.083333333333));
#9070=CARTESIAN_POINT('Ctrl Pts',(-479.2,387.616666666667,657.665333333333));
#9071=CARTESIAN_POINT('Ctrl Pts',(-452.56,387.616666666667,657.665333333333));
#9072=CARTESIAN_POINT('Ctrl Pts',(-479.2,387.616666666667,684.083333333333));
#9073=CARTESIAN_POINT('Ctrl Pts',(-452.56,387.616666666667,684.083333333333));
#9074=CARTESIAN_POINT('',(-479.2,387.616666666667,684.083333333333));
#9075=CARTESIAN_POINT('Ctrl Pts',(-479.2,387.616666666667,684.083333333333));
#9076=CARTESIAN_POINT('Ctrl Pts',(-452.56,387.616666666667,684.083333333333));
#9077=CARTESIAN_POINT('Ctrl Pts',(-479.2,372.061111111111,684.083333333333));
#9078=CARTESIAN_POINT('Ctrl Pts',(-452.56,372.061111111111,684.083333333333));
#9079=CARTESIAN_POINT('Ctrl Pts',(-479.2,356.505555555556,684.083333333333));
#9080=CARTESIAN_POINT('Ctrl Pts',(-452.56,356.505555555556,684.083333333333));
#9081=CARTESIAN_POINT('Ctrl Pts',(-479.2,340.95,684.083333333333));
#9082=CARTESIAN_POINT('Ctrl Pts',(-452.56,340.95,684.083333333333));
#9083=CARTESIAN_POINT('Ctrl Pts',(-479.2,339.72570634536,684.083333333333));
#9084=CARTESIAN_POINT('Ctrl Pts',(-452.56,339.72570634536,684.083333333333));
#9085=CARTESIAN_POINT('Ctrl Pts',(-479.2,338.860000000001,684.949039678693));
#9086=CARTESIAN_POINT('Ctrl Pts',(-452.56,338.860000000001,684.949039678693));
#9087=CARTESIAN_POINT('Ctrl Pts',(-479.2,338.86,686.173333333333));
#9088=CARTESIAN_POINT('Ctrl Pts',(-452.56,338.86,686.173333333333));
#9089=CARTESIAN_POINT('Ctrl Pts',(-479.2,338.86,687.397626987973));
#9090=CARTESIAN_POINT('Ctrl Pts',(-452.56,338.86,687.397626987973));
#9091=CARTESIAN_POINT('Ctrl Pts',(-479.2,339.72570634536,688.263333333333));
#9092=CARTESIAN_POINT('Ctrl Pts',(-452.56,339.72570634536,688.263333333333));
#9093=CARTESIAN_POINT('Ctrl Pts',(-479.2,340.95,688.263333333333));
#9094=CARTESIAN_POINT('Ctrl Pts',(-452.56,340.95,688.263333333333));
#9095=CARTESIAN_POINT('',(-479.2,340.95,688.263333333333));
#9096=CARTESIAN_POINT('Origin',(-479.2,340.95,688.263333333333));
#9097=CARTESIAN_POINT('',(-479.2,340.95,698.403333333333));
#9098=CARTESIAN_POINT('Ctrl Pts',(-479.2,340.95,698.403333333333));
#9099=CARTESIAN_POINT('Ctrl Pts',(-452.56,340.95,698.403333333333));
#9100=CARTESIAN_POINT('Ctrl Pts',(-479.2,339.72570634536,698.403333333333));
#9101=CARTESIAN_POINT('Ctrl Pts',(-452.56,339.72570634536,698.403333333333));
#9102=CARTESIAN_POINT('Ctrl Pts',(-479.2,338.860000000001,699.269039678693));
#9103=CARTESIAN_POINT('Ctrl Pts',(-452.56,338.860000000001,699.269039678693));
#9104=CARTESIAN_POINT('Ctrl Pts',(-479.2,338.86,700.493333333333));
#9105=CARTESIAN_POINT('Ctrl Pts',(-452.56,338.86,700.493333333333));
#9106=CARTESIAN_POINT('Ctrl Pts',(-479.2,338.86,701.717626987973));
#9107=CARTESIAN_POINT('Ctrl Pts',(-452.56,338.86,701.717626987973));
#9108=CARTESIAN_POINT('Ctrl Pts',(-479.2,339.72570634536,702.583333333333));
#9109=CARTESIAN_POINT('Ctrl Pts',(-452.56,339.72570634536,702.583333333333));
#9110=CARTESIAN_POINT('Ctrl Pts',(-479.2,340.95,702.583333333333));
#9111=CARTESIAN_POINT('Ctrl Pts',(-452.56,340.95,702.583333333333));
#9112=CARTESIAN_POINT('Ctrl Pts',(-479.2,352.505555555556,702.583333333333));
#9113=CARTESIAN_POINT('Ctrl Pts',(-452.56,352.505555555556,702.583333333333));
#9114=CARTESIAN_POINT('Ctrl Pts',(-479.2,364.061111111111,702.583333333333));
#9115=CARTESIAN_POINT('Ctrl Pts',(-452.56,364.061111111111,702.583333333333));
#9116=CARTESIAN_POINT('Ctrl Pts',(-479.2,375.616666666667,702.583333333333));
#9117=CARTESIAN_POINT('Ctrl Pts',(-452.56,375.616666666667,702.583333333333));
#9118=CARTESIAN_POINT('',(-479.2,375.616666666667,702.583333333333));
#9119=CARTESIAN_POINT('Origin',(-479.2,375.616666666667,702.583333333333));
#9120=CARTESIAN_POINT('',(-479.2,375.616666666667,800.583333333333));
#9121=CARTESIAN_POINT('Origin',(-479.2,375.616666666667,800.583333333333));
#9122=CARTESIAN_POINT('Origin',(-479.2,395.016666666667,1428.06833333333));
#9123=CARTESIAN_POINT('',(-479.2,375.616666666667,1267.98333333333));
#9124=CARTESIAN_POINT('',(-479.2,317.616666666667,1267.98333333333));
#9125=CARTESIAN_POINT('',(-479.2,375.616666666667,1267.98333333333));
#9126=CARTESIAN_POINT('',(-479.2,375.616666666667,1365.98333333333));
#9127=CARTESIAN_POINT('',(-479.2,375.616666666667,1365.98333333333));
#9128=CARTESIAN_POINT('',(-479.2,340.95,1370.16333333333));
#9129=CARTESIAN_POINT('Ctrl Pts',(-479.2,340.95,1370.16333333333));
#9130=CARTESIAN_POINT('Ctrl Pts',(-479.2,339.72570634536,1370.16333333333));
#9131=CARTESIAN_POINT('Ctrl Pts',(-479.2,338.860000000001,1369.29762698797));
#9132=CARTESIAN_POINT('Ctrl Pts',(-479.2,338.86,1368.07333333333));
#9133=CARTESIAN_POINT('Ctrl Pts',(-479.2,338.86,1366.84903967869));
#9134=CARTESIAN_POINT('Ctrl Pts',(-479.2,339.72570634536,1365.98333333333));
#9135=CARTESIAN_POINT('Ctrl Pts',(-479.2,340.95,1365.98333333333));
#9136=CARTESIAN_POINT('Ctrl Pts',(-479.2,352.505555555556,1365.98333333333));
#9137=CARTESIAN_POINT('Ctrl Pts',(-479.2,364.061111111111,1365.98333333333));
#9138=CARTESIAN_POINT('Ctrl Pts',(-479.2,375.616666666667,1365.98333333333));
#9139=CARTESIAN_POINT('',(-479.2,340.95,1380.30333333333));
#9140=CARTESIAN_POINT('',(-479.2,340.95,1380.30333333333));
#9141=CARTESIAN_POINT('',(-479.2,387.616666666667,1384.48333333333));
#9142=CARTESIAN_POINT('Ctrl Pts',(-479.2,387.616666666667,1384.48333333333));
#9143=CARTESIAN_POINT('Ctrl Pts',(-479.2,372.061111111111,1384.48333333333));
#9144=CARTESIAN_POINT('Ctrl Pts',(-479.2,356.505555555556,1384.48333333333));
#9145=CARTESIAN_POINT('Ctrl Pts',(-479.2,340.95,1384.48333333333));
#9146=CARTESIAN_POINT('Ctrl Pts',(-479.2,339.72570634536,1384.48333333333));
#9147=CARTESIAN_POINT('Ctrl Pts',(-479.2,338.860000000001,1383.61762698797));
#9148=CARTESIAN_POINT('Ctrl Pts',(-479.2,338.86,1382.39333333333));
#9149=CARTESIAN_POINT('Ctrl Pts',(-479.2,338.86,1381.16903967869));
#9150=CARTESIAN_POINT('Ctrl Pts',(-479.2,339.72570634536,1380.30333333333));
#9151=CARTESIAN_POINT('Ctrl Pts',(-479.2,340.95,1380.30333333333));
#9152=CARTESIAN_POINT('',(-479.2,317.616666666667,1354.11733333333));
#9153=CARTESIAN_POINT('Ctrl Pts',(-479.2,317.616666666667,1354.11733333333));
#9154=CARTESIAN_POINT('Ctrl Pts',(-479.2,317.616666666667,1366.34886733333));
#9155=CARTESIAN_POINT('Ctrl Pts',(-479.2,310.391196005397,1373.04459768351));
#9156=CARTESIAN_POINT('Ctrl Pts',(-479.2,298.170666666667,1373.56333333333));
#9157=CARTESIAN_POINT('Ctrl Pts',(-479.2,268.574167384024,1374.81964219381));
#9158=CARTESIAN_POINT('Ctrl Pts',(-479.2,238.97765783618,1376.07595149002));
#9159=CARTESIAN_POINT('Ctrl Pts',(-479.2,209.382580888619,1377.33219997537));
#9160=CARTESIAN_POINT('Ctrl Pts',(-479.2,117.309773413555,1381.24049611321));
#9161=CARTESIAN_POINT('Ctrl Pts',(-479.2,25.250832586072,1385.14820364115));
#9162=CARTESIAN_POINT('Ctrl Pts',(-479.2,-66.7507876577727,1389.05347803144));
#9163=CARTESIAN_POINT('Ctrl Pts',(-479.2,-112.751597779695,1391.00611522658));
#9164=CARTESIAN_POINT('Ctrl Pts',(-479.2,-158.738077755708,1392.9581441373));
#9165=CARTESIAN_POINT('Ctrl Pts',(-479.2,-204.704795843804,1394.90933419764));
#9166=CARTESIAN_POINT('Ctrl Pts',(-479.2,-227.688154887852,1395.88492922781));
#9167=CARTESIAN_POINT('Ctrl Pts',(-479.2,-250.666573459921,1396.86031454538));
#9168=CARTESIAN_POINT('Ctrl Pts',(-479.2,-273.63937259226,1397.83546132961));
#9169=CARTESIAN_POINT('Ctrl Pts',(-479.2,-285.12577215843,1398.32303472172));
#9170=CARTESIAN_POINT('Ctrl Pts',(-479.2,-296.610766864667,1398.8105484805));
#9171=CARTESIAN_POINT('Ctrl Pts',(-479.2,-308.094271840002,1399.29799900335));
#9172=CARTESIAN_POINT('Ctrl Pts',(-479.2,-313.83602432767,1399.54172426477));
#9173=CARTESIAN_POINT('Ctrl Pts',(-479.2,-319.577404382612,1399.78543371722));
#9174=CARTESIAN_POINT('Ctrl Pts',(-479.2,-325.318401395958,1400.02912691035));
#9175=CARTESIAN_POINT('Ctrl Pts',(-479.2,-328.188899902631,1400.15097350692));
#9176=CARTESIAN_POINT('Ctrl Pts',(-479.2,-331.059302648905,1400.27281603866));
#9177=CARTESIAN_POINT('Ctrl Pts',(-479.2,-333.929608308671,1400.39465444928));
#9178=CARTESIAN_POINT('Ctrl Pts',(-479.2,-335.364761138554,1400.4555736546));
#9179=CARTESIAN_POINT('Ctrl Pts',(-479.2,-336.79988969681,1400.51649182963));
#9180=CARTESIAN_POINT('Ctrl Pts',(-479.2,-338.234993817675,1400.57740896735));
#9181=CARTESIAN_POINT('Ctrl Pts',(-479.2,-338.952545878108,1400.60786753621));
#9182=CARTESIAN_POINT('Ctrl Pts',(-479.2,-339.670091829193,1400.63832584574));
#9183=CARTESIAN_POINT('Ctrl Pts',(-479.2,-340.38763165021,1400.66878389506));
#9184=CARTESIAN_POINT('Ctrl Pts',(-479.2,-340.746401560718,1400.68401291972));
#9185=CARTESIAN_POINT('Ctrl Pts',(-479.2,-341.10516993871,1400.69924187933));
#9186=CARTESIAN_POINT('Ctrl Pts',(-479.2,-341.463936781594,1400.71447077377));
#9187=CARTESIAN_POINT('Ctrl Pts',(-479.2,-341.643320203036,1400.722085221));
#9188=CARTESIAN_POINT('Ctrl Pts',(-479.2,-341.822703240702,1400.72969965193));
#9189=CARTESIAN_POINT('Ctrl Pts',(-479.2,-342.002085894267,1400.73731406656));
#9190=CARTESIAN_POINT('Ctrl Pts',(-479.2,-342.024508725962,1400.73826586838));
#9191=CARTESIAN_POINT('Ctrl Pts',(-479.2,-342.046931551656,1400.73921766996));
#9192=CARTESIAN_POINT('Ctrl Pts',(-479.2,-342.069354371348,1400.74016947128));
#9193=CARTESIAN_POINT('Ctrl Pts',(-479.2,-342.074886655918,1400.74040430507));
#9194=CARTESIAN_POINT('Ctrl Pts',(-479.2,-342.080418940122,1400.74063913884));
#9195=CARTESIAN_POINT('Ctrl Pts',(-479.2,-342.085951223961,1400.7408739726));
#9196=CARTESIAN_POINT('Ctrl Pts',(-479.2,-342.088838377217,1400.74099652616));
#9197=CARTESIAN_POINT('Ctrl Pts',(-479.2,-342.091725530373,1400.74111907971));
#9198=CARTESIAN_POINT('Ctrl Pts',(-479.2,-342.09461268343,1400.74124163326));
#9199=CARTESIAN_POINT('Ctrl Pts',(-479.2,-342.097125493298,1400.74134829673));
#9200=CARTESIAN_POINT('Ctrl Pts',(-479.2,-342.099647620449,1400.7414553557));
#9201=CARTESIAN_POINT('Ctrl Pts',(-479.2,-342.102181617043,1400.7415629185));
#9202=CARTESIAN_POINT('Ctrl Pts',(-479.2,-342.249440305767,1400.74781373869));
#9203=CARTESIAN_POINT('Ctrl Pts',(-479.2,-342.433862749255,1400.75564208175));
#9204=CARTESIAN_POINT('Ctrl Pts',(-479.2,-342.635786853333,1400.76421333333));
#9205=CARTESIAN_POINT('Ctrl Pts',(-479.2,-342.644711817063,1400.76459217918));
#9206=CARTESIAN_POINT('Ctrl Pts',(-479.2,-342.654881334687,1400.7650334137));
#9207=CARTESIAN_POINT('Ctrl Pts',(-479.2,-342.664027502195,1400.76543924992));
#9208=CARTESIAN_POINT('Ctrl Pts',(-479.2,-342.668596120047,1400.76564196988));
#9209=CARTESIAN_POINT('Ctrl Pts',(-479.2,-342.672909562429,1400.76583557231));
#9210=CARTESIAN_POINT('Ctrl Pts',(-479.2,-342.676686007577,1400.76600640562));
#9211=CARTESIAN_POINT('Ctrl Pts',(-479.2,-342.677734865367,1400.76605385232));
#9212=CARTESIAN_POINT('Ctrl Pts',(-479.2,-342.678742302925,1400.76609953827));
#9213=CARTESIAN_POINT('Ctrl Pts',(-479.2,-342.679702287381,1400.76614316249));
#9214=CARTESIAN_POINT('Ctrl Pts',(-479.2,-342.680284348069,1400.76616961286));
#9215=CARTESIAN_POINT('Ctrl Pts',(-479.2,-342.680848963716,1400.76619530523));
#9216=CARTESIAN_POINT('Ctrl Pts',(-479.2,-342.681394789802,1400.76622017214));
#9217=CARTESIAN_POINT('Ctrl Pts',(-479.2,-342.681831031309,1400.76624004656));
#9218=CARTESIAN_POINT('Ctrl Pts',(-479.2,-342.682263559744,1400.76625977117));
#9219=CARTESIAN_POINT('Ctrl Pts',(-479.2,-342.682697807049,1400.76627959341));
#9220=CARTESIAN_POINT('Ctrl Pts',(-479.2,-342.960303808273,1400.77895157633));
#9221=CARTESIAN_POINT('Ctrl Pts',(-479.2,-343.233503268152,1400.79932808091));
#9222=CARTESIAN_POINT('Ctrl Pts',(-479.2,-343.501893562878,1400.82724742177));
#9223=CARTESIAN_POINT('Ctrl Pts',(-479.2,-343.770326270075,1400.85517117458));
#9224=CARTESIAN_POINT('Ctrl Pts',(-479.2,-344.033948090923,1400.89064001099));
#9225=CARTESIAN_POINT('Ctrl Pts',(-479.2,-344.292385201346,1400.93344883104));
#9226=CARTESIAN_POINT('Ctrl Pts',(-479.2,-344.550798908695,1400.97625377449));
#9227=CARTESIAN_POINT('Ctrl Pts',(-479.2,-344.804028654281,1401.02639722459));
#9228=CARTESIAN_POINT('Ctrl Pts',(-479.2,-345.051732634778,1401.08363294817));
#9229=CARTESIAN_POINT('Ctrl Pts',(-479.2,-345.299369445572,1401.14085315118));
#9230=CARTESIAN_POINT('Ctrl Pts',(-479.2,-345.541483310351,1401.20516162526));
#9231=CARTESIAN_POINT('Ctrl Pts',(-479.2,-345.777767364435,1401.27627345328));
#9232=CARTESIAN_POINT('Ctrl Pts',(-479.2,-346.01396802997,1401.34736018475));
#9233=CARTESIAN_POINT('Ctrl Pts',(-479.2,-346.244342836237,1401.42524530575));
#9234=CARTESIAN_POINT('Ctrl Pts',(-479.2,-346.46862243496,1401.50960773772));
#9235=CARTESIAN_POINT('Ctrl Pts',(-479.2,-346.692832353831,1401.59394395972));
#9236=CARTESIAN_POINT('Ctrl Pts',(-479.2,-346.910950705047,1401.68475330067));
#9237=CARTESIAN_POINT('Ctrl Pts',(-479.2,-347.122747889649,1401.78168101738));
#9238=CARTESIAN_POINT('Ctrl Pts',(-479.2,-347.334518516512,1401.8785965801));
#9239=CARTESIAN_POINT('Ctrl Pts',(-479.2,-347.539969431665,1401.98162881359));
#9240=CARTESIAN_POINT('Ctrl Pts',(-479.2,-347.738912698656,1402.09039168578));
#9241=CARTESIAN_POINT('Ctrl Pts',(-479.2,-347.94784661707,1402.20461647665));
#9242=CARTESIAN_POINT('Ctrl Pts',(-479.2,-348.14960232275,1402.32516199473));
#9243=CARTESIAN_POINT('Ctrl Pts',(-479.2,-348.344013677224,1402.45154687319));
#9244=CARTESIAN_POINT('Ctrl Pts',(-479.2,-348.529452825803,1402.57209901028));
#9245=CARTESIAN_POINT('Ctrl Pts',(-479.2,-348.708210150439,1402.69796355773));
#9246=CARTESIAN_POINT('Ctrl Pts',(-479.2,-348.880187836585,1402.82869580122));
#9247=CARTESIAN_POINT('Ctrl Pts',(-479.2,-349.052473847807,1402.95966242413));
#9248=CARTESIAN_POINT('Ctrl Pts',(-479.2,-349.217955808676,1403.09551404146));
#9249=CARTESIAN_POINT('Ctrl Pts',(-479.2,-349.376582135823,1403.23577975696));
#9250=CARTESIAN_POINT('Ctrl Pts',(-479.2,-349.535637424085,1403.37642478238));
#9251=CARTESIAN_POINT('Ctrl Pts',(-479.2,-349.68779988654,1403.52150764121));
#9252=CARTESIAN_POINT('Ctrl Pts',(-479.2,-349.833065588504,1403.67053227788));
#9253=CARTESIAN_POINT('Ctrl Pts',(-479.2,-349.978883964995,1403.82012389024));
#9254=CARTESIAN_POINT('Ctrl Pts',(-479.2,-350.117752956512,1403.97368716113));
#9255=CARTESIAN_POINT('Ctrl Pts',(-479.2,-350.249717795554,1404.13070144817));
#9256=CARTESIAN_POINT('Ctrl Pts',(-479.2,-350.382357688853,1404.28851892766));
#9257=CARTESIAN_POINT('Ctrl Pts',(-479.2,-350.50802258581,1404.4498226503));
#9258=CARTESIAN_POINT('Ctrl Pts',(-479.2,-350.626808618808,1404.6140674411));
#9259=CARTESIAN_POINT('Ctrl Pts',(-479.2,-350.746386785993,1404.77940751146));
#9260=CARTESIAN_POINT('Ctrl Pts',(-479.2,-350.858994029835,1404.9477278352));
#9261=CARTESIAN_POINT('Ctrl Pts',(-479.2,-350.964779466828,1405.11845814984));
#9262=CARTESIAN_POINT('Ctrl Pts',(-479.2,-351.071465220673,1405.29064151306));
#9263=CARTESIAN_POINT('Ctrl Pts',(-479.2,-351.171212567439,1405.46527588991));
#9264=CARTESIAN_POINT('Ctrl Pts',(-479.2,-351.264226219977,1405.64176463701));
#9265=CARTESIAN_POINT('Ctrl Pts',(-479.2,-351.36195311327,1405.82719652238));
#9266=CARTESIAN_POINT('Ctrl Pts',(-479.2,-351.452246259861,1406.01467533227));
#9267=CARTESIAN_POINT('Ctrl Pts',(-479.2,-351.535403021359,1406.20349851508));
#9268=CARTESIAN_POINT('Ctrl Pts',(-479.2,-351.617144132952,1406.38910719655));
#9269=CARTESIAN_POINT('Ctrl Pts',(-479.2,-351.691990124125,1406.57601462817));
#9270=CARTESIAN_POINT('Ctrl Pts',(-479.2,-351.760278723847,1406.76354664524));
#9271=CARTESIAN_POINT('Ctrl Pts',(-479.2,-351.829743170337,1406.95430773593));
#9272=CARTESIAN_POINT('Ctrl Pts',(-479.2,-351.892422558523,1407.14571489757));
#9273=CARTESIAN_POINT('Ctrl Pts',(-479.2,-351.94872712079,1407.33705467722));
#9274=CARTESIAN_POINT('Ctrl Pts',(-479.2,-352.00622490695,1407.53244938932));
#9275=CARTESIAN_POINT('Ctrl Pts',(-479.2,-352.057074954963,1407.72777360126));
#9276=CARTESIAN_POINT('Ctrl Pts',(-479.2,-352.10176895711,1407.92226692235));
#9277=CARTESIAN_POINT('Ctrl Pts',(-479.2,-352.145496303308,1408.11255368065));
#9278=CARTESIAN_POINT('Ctrl Pts',(-479.2,-352.183331558251,1408.30204489537));
#9279=CARTESIAN_POINT('Ctrl Pts',(-479.2,-352.215781371199,1408.49003113444));
#9280=CARTESIAN_POINT('Ctrl Pts',(-479.2,-352.227950051054,1408.56052597409));
#9281=CARTESIAN_POINT('Ctrl Pts',(-479.2,-352.239361834329,1408.63080921944));
#9282=CARTESIAN_POINT('Ctrl Pts',(-479.2,-352.250044924798,1408.70084364672));
#9283=CARTESIAN_POINT('Ctrl Pts',(-479.2,-352.250722307576,1408.70528432004));
#9284=CARTESIAN_POINT('Ctrl Pts',(-479.2,-352.251396876185,1408.70972471288));
#9285=CARTESIAN_POINT('Ctrl Pts',(-479.2,-352.252070596896,1408.71417789005));
#9286=CARTESIAN_POINT('Ctrl Pts',(-479.2,-352.275924090531,1408.87184535));
#9287=CARTESIAN_POINT('Ctrl Pts',(-479.2,-352.298063921732,1409.04125164911));
#9288=CARTESIAN_POINT('Ctrl Pts',(-479.2,-352.317122457784,1409.22240178569));
#9289=CARTESIAN_POINT('Ctrl Pts',(-479.2,-352.337037162919,1409.41168975332));
#9290=CARTESIAN_POINT('Ctrl Pts',(-479.2,-352.353585694368,1409.61380245291));
#9291=CARTESIAN_POINT('Ctrl Pts',(-479.2,-352.365160309277,1409.8287134049));
#9292=CARTESIAN_POINT('Ctrl Pts',(-479.2,-352.375832394165,1410.02686668611));
#9293=CARTESIAN_POINT('Ctrl Pts',(-479.2,-352.382274113063,1410.23590079619));
#9294=CARTESIAN_POINT('Ctrl Pts',(-479.2,-352.383213752832,1410.45575037861));
#9295=CARTESIAN_POINT('Ctrl Pts',(-479.2,-352.383293217445,1410.47434288893));
#9296=CARTESIAN_POINT('Ctrl Pts',(-479.2,-352.383333333333,1410.49301271968));
#9297=CARTESIAN_POINT('Ctrl Pts',(-479.2,-352.383333333333,1410.51175981333));
#9298=CARTESIAN_POINT('Ctrl Pts',(-479.2,-352.383333333333,1412.14274353386));
#9299=CARTESIAN_POINT('Ctrl Pts',(-479.2,-352.383333333333,1414.94048858847));
#9300=CARTESIAN_POINT('Ctrl Pts',(-479.2,-352.383333333333,1416.73578685333));
#9301=CARTESIAN_POINT('Ctrl Pts',(-479.2,-352.383333333333,1416.74764055395));
#9302=CARTESIAN_POINT('Ctrl Pts',(-479.2,-352.383317316742,1416.75948624628));
#9303=CARTESIAN_POINT('Ctrl Pts',(-479.2,-352.383285299791,1416.77132391408));
#9304=CARTESIAN_POINT('Ctrl Pts',(-479.2,-352.367520390873,1422.6001036589));
#9305=CARTESIAN_POINT('Ctrl Pts',(-479.2,-348.47246104071,1426.48333333333));
#9306=CARTESIAN_POINT('Ctrl Pts',(-479.2,-342.635786853333,1426.48333333333));
#9307=CARTESIAN_POINT('Ctrl Pts',(-479.2,-340.235673561588,1426.48333333333));
#9308=CARTESIAN_POINT('Ctrl Pts',(-479.2,-337.835551160315,1426.48333333333));
#9309=CARTESIAN_POINT('Ctrl Pts',(-479.2,-335.435533170416,1426.48333333333));
#9310=CARTESIAN_POINT('Ctrl Pts',(-479.2,-200.296743471449,1426.48333333333));
#9311=CARTESIAN_POINT('Ctrl Pts',(-479.2,-65.4920450455109,1426.48333333333));
#9312=CARTESIAN_POINT('Ctrl Pts',(-479.2,48.1785573641799,1426.48333333333));
#9313=CARTESIAN_POINT('Ctrl Pts',(-479.2,105.013858569025,1426.48333333333));
#9314=CARTESIAN_POINT('Ctrl Pts',(-479.2,156.565635769809,1426.48333333333));
#9315=CARTESIAN_POINT('Ctrl Pts',(-479.2,200.233888373629,1426.48333333333));
#9316=CARTESIAN_POINT('Ctrl Pts',(-479.2,211.150951524584,1426.48333333333));
#9317=CARTESIAN_POINT('Ctrl Pts',(-479.2,221.575294388228,1426.48333333333));
#9318=CARTESIAN_POINT('Ctrl Pts',(-479.2,231.466291955299,1426.48333333333));
#9319=CARTESIAN_POINT('Ctrl Pts',(-479.2,235.17541604295,1426.48333333333));
#9320=CARTESIAN_POINT('Ctrl Pts',(-479.2,238.809538448272,1426.48333333333));
#9321=CARTESIAN_POINT('Ctrl Pts',(-479.2,242.366516836789,1426.48333333333));
#9322=CARTESIAN_POINT('Ctrl Pts',(-479.2,242.755561348033,1426.48333333333));
#9323=CARTESIAN_POINT('Ctrl Pts',(-479.2,243.143682993841,1426.48333333333));
#9324=CARTESIAN_POINT('Ctrl Pts',(-479.2,243.530878971095,1426.48333333333));
#9325=CARTESIAN_POINT('Ctrl Pts',(-479.2,243.72145199115,1426.48333333333));
#9326=CARTESIAN_POINT('Ctrl Pts',(-479.2,243.911800769354,1426.48333333333));
#9327=CARTESIAN_POINT('Ctrl Pts',(-479.2,244.101924971486,1426.48333333333));
#9328=CARTESIAN_POINT('Ctrl Pts',(-479.2,244.123506355684,1426.48333333333));
#9329=CARTESIAN_POINT('Ctrl Pts',(-479.2,244.145084846225,1426.48333333333));
#9330=CARTESIAN_POINT('Ctrl Pts',(-479.2,244.166660442618,1426.48333333333));
#9331=CARTESIAN_POINT('Ctrl Pts',(-479.2,244.186750280117,1426.48333333333));
#9332=CARTESIAN_POINT('Ctrl Pts',(-479.2,244.206846952806,1426.48333333333));
#9333=CARTESIAN_POINT('Ctrl Pts',(-479.2,244.226951478216,1426.48333333333));
#9334=CARTESIAN_POINT('Ctrl Pts',(-479.2,268.342202234464,1426.48333333333));
#9335=CARTESIAN_POINT('Ctrl Pts',(-479.2,303.271173221608,1426.48333333333));
#9336=CARTESIAN_POINT('Ctrl Pts',(-479.2,345.616666666667,1426.48333333333));
#9337=CARTESIAN_POINT('Ctrl Pts',(-479.2,346.212529641365,1426.48333333333));
#9338=CARTESIAN_POINT('Ctrl Pts',(-479.2,346.8156318459,1426.47540206384));
#9339=CARTESIAN_POINT('Ctrl Pts',(-479.2,347.42450218649,1426.45860045062));
#9340=CARTESIAN_POINT('Ctrl Pts',(-479.2,348.010696798315,1426.44242456803));
#9341=CARTESIAN_POINT('Ctrl Pts',(-479.2,348.602237671453,1426.41802660455));
#9342=CARTESIAN_POINT('Ctrl Pts',(-479.2,349.19782421858,1426.38461602378));
#9343=CARTESIAN_POINT('Ctrl Pts',(-479.2,349.775814686307,1426.35219252916));
#9344=CARTESIAN_POINT('Ctrl Pts',(-479.2,350.357615115733,1426.31128098771));
#9345=CARTESIAN_POINT('Ctrl Pts',(-479.2,350.942051620999,1426.26120623884));
#9346=CARTESIAN_POINT('Ctrl Pts',(-479.2,351.512396519526,1426.21233886436));
#9347=CARTESIAN_POINT('Ctrl Pts',(-479.2,352.08525174449,1426.15474475437));
#9348=CARTESIAN_POINT('Ctrl Pts',(-479.2,352.659543181928,1426.08784354947));
#9349=CARTESIAN_POINT('Ctrl Pts',(-479.2,353.222304675978,1426.02228550774));
#9350=CARTESIAN_POINT('Ctrl Pts',(-479.2,353.786445149349,1425.94779027519));
#9351=CARTESIAN_POINT('Ctrl Pts',(-479.2,354.35097255267,1425.86385858692));
#9352=CARTESIAN_POINT('Ctrl Pts',(-479.2,354.905925264159,1425.78135042573));
#9353=CARTESIAN_POINT('Ctrl Pts',(-479.2,355.46125176319,1425.68972314633));
#9354=CARTESIAN_POINT('Ctrl Pts',(-479.2,356.016029844325,1425.58854894838));
#9355=CARTESIAN_POINT('Ctrl Pts',(-479.2,356.562775965784,1425.48883952907));
#9356=CARTESIAN_POINT('Ctrl Pts',(-479.2,357.108989316284,1425.37985759634));
#9357=CARTESIAN_POINT('Ctrl Pts',(-479.2,357.653808796843,1425.26123976426));
#9358=CARTESIAN_POINT('Ctrl Pts',(-479.2,358.22001047526,1425.13796661047));
#9359=CARTESIAN_POINT('Ctrl Pts',(-479.2,358.784706366683,1425.00428588491));
#9360=CARTESIAN_POINT('Ctrl Pts',(-479.2,359.346957422884,1424.85984436328));
#9361=CARTESIAN_POINT('Ctrl Pts',(-479.2,359.891638133579,1424.71991663921));
#9362=CARTESIAN_POINT('Ctrl Pts',(-479.2,360.434024396858,1424.56989032769));
#9363=CARTESIAN_POINT('Ctrl Pts',(-479.2,360.973290133606,1424.4094959105));
#9364=CARTESIAN_POINT('Ctrl Pts',(-479.2,361.495703816081,1424.25411381885));
#9365=CARTESIAN_POINT('Ctrl Pts',(-479.2,362.015188953744,1424.08900167755));
#9366=CARTESIAN_POINT('Ctrl Pts',(-479.2,362.531021099364,1423.91396119446));
#9367=CARTESIAN_POINT('Ctrl Pts',(-479.2,363.036628123357,1423.74239046455));
#9368=CARTESIAN_POINT('Ctrl Pts',(-479.2,363.538725504748,1423.56128119608));
#9369=CARTESIAN_POINT('Ctrl Pts',(-479.2,364.036657360548,1423.37049046325));
#9370=CARTESIAN_POINT('Ctrl Pts',(-479.2,364.531441293871,1423.18090590839));
#9371=CARTESIAN_POINT('Ctrl Pts',(-479.2,365.022112115295,1422.98176192215));
#9372=CARTESIAN_POINT('Ctrl Pts',(-479.2,365.508053594892,1422.77296136025));
#9373=CARTESIAN_POINT('Ctrl Pts',(-479.2,365.991348689906,1422.56529790357));
#9374=CARTESIAN_POINT('Ctrl Pts',(-479.2,366.46996572889,1422.34808277614));
#9375=CARTESIAN_POINT('Ctrl Pts',(-479.2,366.943326874753,1422.12126301497));
#9376=CARTESIAN_POINT('Ctrl Pts',(-479.2,367.414485516637,1421.89549862438));
#9377=CARTESIAN_POINT('Ctrl Pts',(-479.2,367.880436980549,1421.66021879082));
#9378=CARTESIAN_POINT('Ctrl Pts',(-479.2,368.340640896169,1421.41541336528));
#9379=CARTESIAN_POINT('Ctrl Pts',(-479.2,368.799037581818,1421.17156929554));
#9380=CARTESIAN_POINT('Ctrl Pts',(-479.2,369.251731693951,1420.91827432654));
#9381=CARTESIAN_POINT('Ctrl Pts',(-479.2,369.698219674292,1420.65555994463));
#9382=CARTESIAN_POINT('Ctrl Pts',(-479.2,370.143254281447,1420.39370073029));
#9383=CARTESIAN_POINT('Ctrl Pts',(-479.2,370.582123019656,1420.1224833562));
#9384=CARTESIAN_POINT('Ctrl Pts',(-479.2,371.01435871148,1419.84197992139));
#9385=CARTESIAN_POINT('Ctrl Pts',(-479.2,371.445459254898,1419.56221315185));
#9386=CARTESIAN_POINT('Ctrl Pts',(-479.2,371.869961474267,1419.27320906714));
#9387=CARTESIAN_POINT('Ctrl Pts',(-479.2,372.287434328575,1418.97507948833));
#9388=CARTESIAN_POINT('Ctrl Pts',(-479.2,372.7040593328,1418.67755538407));
#9389=CARTESIAN_POINT('Ctrl Pts',(-479.2,373.113683426487,1418.37094285366));
#9390=CARTESIAN_POINT('Ctrl Pts',(-479.2,373.515911619082,1418.05539266453));
#9391=CARTESIAN_POINT('Ctrl Pts',(-479.2,373.917552193073,1417.74030346536));
#9392=CARTESIAN_POINT('Ctrl Pts',(-479.2,374.311818394336,1417.41630274628));
#9393=CARTESIAN_POINT('Ctrl Pts',(-479.2,374.698351333461,1417.0835795484));
#9394=CARTESIAN_POINT('Ctrl Pts',(-479.2,375.084533002939,1416.75115871949));
#9395=CARTESIAN_POINT('Ctrl Pts',(-479.2,375.462995397336,1416.41003130572));
#9396=CARTESIAN_POINT('Ctrl Pts',(-479.2,375.833415899196,1416.06042404517));
#9397=CARTESIAN_POINT('Ctrl Pts',(-479.2,376.203700232669,1415.71094530195));
#9398=CARTESIAN_POINT('Ctrl Pts',(-479.2,376.565948526258,1415.35299299678));
#9399=CARTESIAN_POINT('Ctrl Pts',(-479.2,376.919874713268,1414.9868310802));
#9400=CARTESIAN_POINT('Ctrl Pts',(-479.2,377.27386076426,1414.62060723007));
#9401=CARTESIAN_POINT('Ctrl Pts',(-479.2,377.619521837904,1414.24617104629));
#9402=CARTESIAN_POINT('Ctrl Pts',(-479.2,377.956608796768,1413.86382329998));
#9403=CARTESIAN_POINT('Ctrl Pts',(-479.2,378.293934375702,1413.48120489399));
#9404=CARTESIAN_POINT('Ctrl Pts',(-479.2,378.622673644829,1413.09066377922));
#9405=CARTESIAN_POINT('Ctrl Pts',(-479.2,378.942614869388,1412.69253725127));
#9406=CARTESIAN_POINT('Ctrl Pts',(-479.2,379.262957652011,1412.29391103491));
#9407=CARTESIAN_POINT('Ctrl Pts',(-479.2,379.574480243436,1411.8876804147));
#9408=CARTESIAN_POINT('Ctrl Pts',(-479.2,379.877008878467,1411.47421901738));
#9409=CARTESIAN_POINT('Ctrl Pts',(-479.2,380.18008735342,1411.060006162));
#9410=CARTESIAN_POINT('Ctrl Pts',(-479.2,380.47413910562,1410.63853628757));
#9411=CARTESIAN_POINT('Ctrl Pts',(-479.2,380.759029001839,1410.21021927185));
#9412=CARTESIAN_POINT('Ctrl Pts',(-479.2,381.044603256432,1409.78087335921));
#9413=CARTESIAN_POINT('Ctrl Pts',(-479.2,381.320971545438,1409.34464743842));
#9414=CARTESIAN_POINT('Ctrl Pts',(-479.2,381.588038131209,1408.90198768567));
#9415=CARTESIAN_POINT('Ctrl Pts',(-479.2,381.861595972341,1408.44856875283));
#9416=CARTESIAN_POINT('Ctrl Pts',(-479.2,382.125394254317,1407.98839938601));
#9417=CARTESIAN_POINT('Ctrl Pts',(-479.2,382.379374369378,1407.5219940025));
#9418=CARTESIAN_POINT('Ctrl Pts',(-479.2,382.629540661109,1407.06259226859));
#9419=CARTESIAN_POINT('Ctrl Pts',(-479.2,382.870181539005,1406.59714057492));
#9420=CARTESIAN_POINT('Ctrl Pts',(-479.2,383.101283652513,1406.1261625932));
#9421=CARTESIAN_POINT('Ctrl Pts',(-479.2,383.333445905965,1405.65302408355));
#9422=CARTESIAN_POINT('Ctrl Pts',(-479.2,383.555981652539,1405.17430854687));
#9423=CARTESIAN_POINT('Ctrl Pts',(-479.2,383.768920369915,1404.69057773505));
#9424=CARTESIAN_POINT('Ctrl Pts',(-479.2,383.982995209601,1404.20426600523));
#9425=CARTESIAN_POINT('Ctrl Pts',(-479.2,384.187370316829,1403.71288542302));
#9426=CARTESIAN_POINT('Ctrl Pts',(-479.2,384.382119390763,1403.21703666205));
#9427=CARTESIAN_POINT('Ctrl Pts',(-479.2,384.578067941859,1402.7181339237));
#9428=CARTESIAN_POINT('Ctrl Pts',(-479.2,384.764271504264,1402.21470788433));
#9429=CARTESIAN_POINT('Ctrl Pts',(-479.2,384.940849601992,1401.70739927754));
#9430=CARTESIAN_POINT('Ctrl Pts',(-479.2,385.118677083665,1401.19650119258));
#9431=CARTESIAN_POINT('Ctrl Pts',(-479.2,385.286742400076,1400.68166549493));
#9432=CARTESIAN_POINT('Ctrl Pts',(-479.2,385.445212765304,1400.16357448413));
#9433=CARTESIAN_POINT('Ctrl Pts',(-479.2,385.604967774536,1399.64128355551));
#9434=CARTESIAN_POINT('Ctrl Pts',(-479.2,385.754971638133,1399.1156844178));
#9435=CARTESIAN_POINT('Ctrl Pts',(-479.2,385.895441457279,1398.5875029046));
#9436=CARTESIAN_POINT('Ctrl Pts',(-479.2,386.037214844796,1398.05441983519));
#9437=CARTESIAN_POINT('Ctrl Pts',(-479.2,386.16927642192,1397.51870634091));
#9438=CARTESIAN_POINT('Ctrl Pts',(-479.2,386.291895801665,1396.98113434792));
#9439=CARTESIAN_POINT('Ctrl Pts',(-479.2,386.416580819916,1396.43450645031));
#9440=CARTESIAN_POINT('Ctrl Pts',(-479.2,386.531502805914,1395.8859569962));
#9441=CARTESIAN_POINT('Ctrl Pts',(-479.2,386.636993252213,1395.33632264455));
#9442=CARTESIAN_POINT('Ctrl Pts',(-479.2,386.743769269302,1394.77999011413));
#9443=CARTESIAN_POINT('Ctrl Pts',(-479.2,386.840882500332,1394.22254620341));
#9444=CARTESIAN_POINT('Ctrl Pts',(-479.2,386.928725438321,1393.66488239153));
#9445=CARTESIAN_POINT('Ctrl Pts',(-479.2,387.017795162256,1393.09943042794));
#9446=CARTESIAN_POINT('Ctrl Pts',(-479.2,387.097333899637,1392.53375250943));
#9447=CARTESIAN_POINT('Ctrl Pts',(-479.2,387.167800054571,1391.9688004607));
#9448=CARTESIAN_POINT('Ctrl Pts',(-479.2,387.239401280781,1391.39474814471));
#9449=CARTESIAN_POINT('Ctrl Pts',(-479.2,387.301635352241,1390.82144541595));
#9450=CARTESIAN_POINT('Ctrl Pts',(-479.2,387.355032852559,1390.24991178811));
#9451=CARTESIAN_POINT('Ctrl Pts',(-479.2,387.409988289816,1389.66170297239));
#9452=CARTESIAN_POINT('Ctrl Pts',(-479.2,387.455584003449,1389.07536812938));
#9453=CARTESIAN_POINT('Ctrl Pts',(-479.2,387.492450206465,1388.4920385663));
#9454=CARTESIAN_POINT('Ctrl Pts',(-479.2,387.530062301956,1387.89690683497));
#9455=CARTESIAN_POINT('Ctrl Pts',(-479.2,387.55858821556,1387.30490342134));
#9456=CARTESIAN_POINT('Ctrl Pts',(-479.2,387.578749147735,1386.7172475339));
#9457=CARTESIAN_POINT('Ctrl Pts',(-479.2,387.599620551342,1386.10888264765));
#9458=CARTESIAN_POINT('Ctrl Pts',(-479.2,387.611527120086,1385.5051773138));
#9459=CARTESIAN_POINT('Ctrl Pts',(-479.2,387.615322499734,1384.90750002244));
#9460=CARTESIAN_POINT('Ctrl Pts',(-479.2,387.616222541612,1384.76576595598));
#9461=CARTESIAN_POINT('Ctrl Pts',(-479.2,387.616666666667,1384.62437094212));
#9462=CARTESIAN_POINT('Ctrl Pts',(-479.2,387.616666666667,1384.48333333333));
#9463=CARTESIAN_POINT('',(-479.2,317.616666666667,1267.98333333333));
#9464=CARTESIAN_POINT('Origin',(-497.7,395.016666666667,1428.06833333333));
#9465=CARTESIAN_POINT('',(-497.7,317.616666666667,1354.11733333333));
#9466=CARTESIAN_POINT('',(-497.7,387.616666666667,1384.48333333333));
#9467=CARTESIAN_POINT('Ctrl Pts',(-497.7,317.616666666667,1354.11733333333));
#9468=CARTESIAN_POINT('Ctrl Pts',(-497.7,317.616666666667,1366.34886733333));
#9469=CARTESIAN_POINT('Ctrl Pts',(-497.7,310.391196005397,1373.04459768351));
#9470=CARTESIAN_POINT('Ctrl Pts',(-497.7,298.170666666667,1373.56333333333));
#9471=CARTESIAN_POINT('Ctrl Pts',(-497.7,268.574167384024,1374.81964219381));
#9472=CARTESIAN_POINT('Ctrl Pts',(-497.7,238.97765783618,1376.07595149002));
#9473=CARTESIAN_POINT('Ctrl Pts',(-497.7,209.382580888619,1377.33219997537));
#9474=CARTESIAN_POINT('Ctrl Pts',(-497.7,117.309773413555,1381.24049611321));
#9475=CARTESIAN_POINT('Ctrl Pts',(-497.7,25.250832586072,1385.14820364115));
#9476=CARTESIAN_POINT('Ctrl Pts',(-497.7,-66.7507876577727,1389.05347803144));
#9477=CARTESIAN_POINT('Ctrl Pts',(-497.7,-112.751597779695,1391.00611522658));
#9478=CARTESIAN_POINT('Ctrl Pts',(-497.7,-158.738077755708,1392.9581441373));
#9479=CARTESIAN_POINT('Ctrl Pts',(-497.7,-204.704795843804,1394.90933419764));
#9480=CARTESIAN_POINT('Ctrl Pts',(-497.7,-227.688154887852,1395.88492922781));
#9481=CARTESIAN_POINT('Ctrl Pts',(-497.7,-250.666573459921,1396.86031454538));
#9482=CARTESIAN_POINT('Ctrl Pts',(-497.7,-273.63937259226,1397.83546132961));
#9483=CARTESIAN_POINT('Ctrl Pts',(-497.7,-285.12577215843,1398.32303472172));
#9484=CARTESIAN_POINT('Ctrl Pts',(-497.7,-296.610766864667,1398.8105484805));
#9485=CARTESIAN_POINT('Ctrl Pts',(-497.7,-308.094271840002,1399.29799900335));
#9486=CARTESIAN_POINT('Ctrl Pts',(-497.7,-313.83602432767,1399.54172426477));
#9487=CARTESIAN_POINT('Ctrl Pts',(-497.7,-319.577404382612,1399.78543371722));
#9488=CARTESIAN_POINT('Ctrl Pts',(-497.7,-325.318401395958,1400.02912691035));
#9489=CARTESIAN_POINT('Ctrl Pts',(-497.7,-328.188899902631,1400.15097350692));
#9490=CARTESIAN_POINT('Ctrl Pts',(-497.7,-331.059302648905,1400.27281603866));
#9491=CARTESIAN_POINT('Ctrl Pts',(-497.7,-333.929608308671,1400.39465444928));
#9492=CARTESIAN_POINT('Ctrl Pts',(-497.7,-335.364761138554,1400.4555736546));
#9493=CARTESIAN_POINT('Ctrl Pts',(-497.7,-336.79988969681,1400.51649182963));
#9494=CARTESIAN_POINT('Ctrl Pts',(-497.7,-338.234993817675,1400.57740896735));
#9495=CARTESIAN_POINT('Ctrl Pts',(-497.7,-338.952545878108,1400.60786753621));
#9496=CARTESIAN_POINT('Ctrl Pts',(-497.7,-339.670091829193,1400.63832584574));
#9497=CARTESIAN_POINT('Ctrl Pts',(-497.7,-340.38763165021,1400.66878389506));
#9498=CARTESIAN_POINT('Ctrl Pts',(-497.7,-340.746401560718,1400.68401291972));
#9499=CARTESIAN_POINT('Ctrl Pts',(-497.7,-341.10516993871,1400.69924187933));
#9500=CARTESIAN_POINT('Ctrl Pts',(-497.7,-341.463936781594,1400.71447077377));
#9501=CARTESIAN_POINT('Ctrl Pts',(-497.7,-341.643320203036,1400.722085221));
#9502=CARTESIAN_POINT('Ctrl Pts',(-497.7,-341.822703240702,1400.72969965193));
#9503=CARTESIAN_POINT('Ctrl Pts',(-497.7,-342.002085894267,1400.73731406656));
#9504=CARTESIAN_POINT('Ctrl Pts',(-497.7,-342.024508725962,1400.73826586838));
#9505=CARTESIAN_POINT('Ctrl Pts',(-497.7,-342.046931551656,1400.73921766996));
#9506=CARTESIAN_POINT('Ctrl Pts',(-497.7,-342.069354371348,1400.74016947128));
#9507=CARTESIAN_POINT('Ctrl Pts',(-497.7,-342.074886655918,1400.74040430507));
#9508=CARTESIAN_POINT('Ctrl Pts',(-497.7,-342.080418940122,1400.74063913884));
#9509=CARTESIAN_POINT('Ctrl Pts',(-497.7,-342.085951223961,1400.7408739726));
#9510=CARTESIAN_POINT('Ctrl Pts',(-497.7,-342.088838377217,1400.74099652616));
#9511=CARTESIAN_POINT('Ctrl Pts',(-497.7,-342.091725530373,1400.74111907971));
#9512=CARTESIAN_POINT('Ctrl Pts',(-497.7,-342.09461268343,1400.74124163326));
#9513=CARTESIAN_POINT('Ctrl Pts',(-497.7,-342.097125493298,1400.74134829673));
#9514=CARTESIAN_POINT('Ctrl Pts',(-497.7,-342.099647620449,1400.7414553557));
#9515=CARTESIAN_POINT('Ctrl Pts',(-497.7,-342.102181617043,1400.7415629185));
#9516=CARTESIAN_POINT('Ctrl Pts',(-497.7,-342.249440305767,1400.74781373869));
#9517=CARTESIAN_POINT('Ctrl Pts',(-497.7,-342.433862749255,1400.75564208175));
#9518=CARTESIAN_POINT('Ctrl Pts',(-497.7,-342.635786853333,1400.76421333333));
#9519=CARTESIAN_POINT('Ctrl Pts',(-497.7,-342.644711817063,1400.76459217918));
#9520=CARTESIAN_POINT('Ctrl Pts',(-497.7,-342.654881334687,1400.7650334137));
#9521=CARTESIAN_POINT('Ctrl Pts',(-497.7,-342.664027502195,1400.76543924992));
#9522=CARTESIAN_POINT('Ctrl Pts',(-497.7,-342.668596120047,1400.76564196988));
#9523=CARTESIAN_POINT('Ctrl Pts',(-497.7,-342.672909562429,1400.76583557231));
#9524=CARTESIAN_POINT('Ctrl Pts',(-497.7,-342.676686007577,1400.76600640562));
#9525=CARTESIAN_POINT('Ctrl Pts',(-497.7,-342.677734865367,1400.76605385232));
#9526=CARTESIAN_POINT('Ctrl Pts',(-497.7,-342.678742302925,1400.76609953827));
#9527=CARTESIAN_POINT('Ctrl Pts',(-497.7,-342.679702287381,1400.76614316249));
#9528=CARTESIAN_POINT('Ctrl Pts',(-497.7,-342.680284348069,1400.76616961286));
#9529=CARTESIAN_POINT('Ctrl Pts',(-497.7,-342.680848963716,1400.76619530523));
#9530=CARTESIAN_POINT('Ctrl Pts',(-497.7,-342.681394789802,1400.76622017214));
#9531=CARTESIAN_POINT('Ctrl Pts',(-497.7,-342.681831031309,1400.76624004656));
#9532=CARTESIAN_POINT('Ctrl Pts',(-497.7,-342.682263559744,1400.76625977117));
#9533=CARTESIAN_POINT('Ctrl Pts',(-497.7,-342.682697807049,1400.76627959341));
#9534=CARTESIAN_POINT('Ctrl Pts',(-497.7,-342.960303808273,1400.77895157633));
#9535=CARTESIAN_POINT('Ctrl Pts',(-497.7,-343.233503268152,1400.79932808091));
#9536=CARTESIAN_POINT('Ctrl Pts',(-497.7,-343.501893562878,1400.82724742177));
#9537=CARTESIAN_POINT('Ctrl Pts',(-497.7,-343.770326270074,1400.85517117458));
#9538=CARTESIAN_POINT('Ctrl Pts',(-497.7,-344.03394809092,1400.89064001099));
#9539=CARTESIAN_POINT('Ctrl Pts',(-497.7,-344.292385201342,1400.93344883104));
#9540=CARTESIAN_POINT('Ctrl Pts',(-497.7,-344.550798908691,1400.97625377449));
#9541=CARTESIAN_POINT('Ctrl Pts',(-497.7,-344.804028654277,1401.02639722459));
#9542=CARTESIAN_POINT('Ctrl Pts',(-497.7,-345.051732634773,1401.08363294817));
#9543=CARTESIAN_POINT('Ctrl Pts',(-497.7,-345.299369445568,1401.14085315118));
#9544=CARTESIAN_POINT('Ctrl Pts',(-497.7,-345.541483310348,1401.20516162526));
#9545=CARTESIAN_POINT('Ctrl Pts',(-497.7,-345.777767364432,1401.27627345328));
#9546=CARTESIAN_POINT('Ctrl Pts',(-497.7,-346.013968029966,1401.34736018475));
#9547=CARTESIAN_POINT('Ctrl Pts',(-497.7,-346.244342836232,1401.42524530575));
#9548=CARTESIAN_POINT('Ctrl Pts',(-497.7,-346.468622434953,1401.50960773772));
#9549=CARTESIAN_POINT('Ctrl Pts',(-497.7,-346.692832353822,1401.59394395972));
#9550=CARTESIAN_POINT('Ctrl Pts',(-497.7,-346.910950705038,1401.68475330067));
#9551=CARTESIAN_POINT('Ctrl Pts',(-497.7,-347.122747889639,1401.78168101738));
#9552=CARTESIAN_POINT('Ctrl Pts',(-497.7,-347.334518516503,1401.8785965801));
#9553=CARTESIAN_POINT('Ctrl Pts',(-497.7,-347.539969431657,1401.98162881358));
#9554=CARTESIAN_POINT('Ctrl Pts',(-497.7,-347.738912698648,1402.09039168578));
#9555=CARTESIAN_POINT('Ctrl Pts',(-497.7,-347.947846617063,1402.20461647665));
#9556=CARTESIAN_POINT('Ctrl Pts',(-497.7,-348.149602322743,1402.32516199473));
#9557=CARTESIAN_POINT('Ctrl Pts',(-497.7,-348.344013677217,1402.45154687319));
#9558=CARTESIAN_POINT('Ctrl Pts',(-497.7,-348.529452825796,1402.57209901027));
#9559=CARTESIAN_POINT('Ctrl Pts',(-497.7,-348.708210150433,1402.69796355772));
#9560=CARTESIAN_POINT('Ctrl Pts',(-497.7,-348.880187836579,1402.82869580122));
#9561=CARTESIAN_POINT('Ctrl Pts',(-497.7,-349.052473847801,1402.95966242412));
#9562=CARTESIAN_POINT('Ctrl Pts',(-497.7,-349.217955808671,1403.09551404146));
#9563=CARTESIAN_POINT('Ctrl Pts',(-497.7,-349.376582135818,1403.23577975696));
#9564=CARTESIAN_POINT('Ctrl Pts',(-497.7,-349.53563742408,1403.37642478237));
#9565=CARTESIAN_POINT('Ctrl Pts',(-497.7,-349.687799886535,1403.5215076412));
#9566=CARTESIAN_POINT('Ctrl Pts',(-497.7,-349.8330655885,1403.67053227788));
#9567=CARTESIAN_POINT('Ctrl Pts',(-497.7,-349.978883964991,1403.82012389024));
#9568=CARTESIAN_POINT('Ctrl Pts',(-497.7,-350.117752956508,1403.97368716113));
#9569=CARTESIAN_POINT('Ctrl Pts',(-497.7,-350.24971779555,1404.13070144816));
#9570=CARTESIAN_POINT('Ctrl Pts',(-497.7,-350.38235768885,1404.28851892765));
#9571=CARTESIAN_POINT('Ctrl Pts',(-497.7,-350.508022585807,1404.4498226503));
#9572=CARTESIAN_POINT('Ctrl Pts',(-497.7,-350.626808618805,1404.6140674411));
#9573=CARTESIAN_POINT('Ctrl Pts',(-497.7,-350.746386785991,1404.77940751146));
#9574=CARTESIAN_POINT('Ctrl Pts',(-497.7,-350.858994029833,1404.94772783519));
#9575=CARTESIAN_POINT('Ctrl Pts',(-497.7,-350.964779466825,1405.11845814983));
#9576=CARTESIAN_POINT('Ctrl Pts',(-497.7,-351.071465220669,1405.29064151306));
#9577=CARTESIAN_POINT('Ctrl Pts',(-497.7,-351.171212567436,1405.4652758899));
#9578=CARTESIAN_POINT('Ctrl Pts',(-497.7,-351.264226219973,1405.641764637));
#9579=CARTESIAN_POINT('Ctrl Pts',(-497.7,-351.361953113267,1405.82719652237));
#9580=CARTESIAN_POINT('Ctrl Pts',(-497.7,-351.452246259858,1406.01467533226));
#9581=CARTESIAN_POINT('Ctrl Pts',(-497.7,-351.535403021356,1406.20349851507));
#9582=CARTESIAN_POINT('Ctrl Pts',(-497.7,-351.61714413295,1406.38910719654));
#9583=CARTESIAN_POINT('Ctrl Pts',(-497.7,-351.691990124123,1406.57601462817));
#9584=CARTESIAN_POINT('Ctrl Pts',(-497.7,-351.760278723845,1406.76354664523));
#9585=CARTESIAN_POINT('Ctrl Pts',(-497.7,-351.829743170335,1406.95430773592));
#9586=CARTESIAN_POINT('Ctrl Pts',(-497.7,-351.892422558521,1407.14571489757));
#9587=CARTESIAN_POINT('Ctrl Pts',(-497.7,-351.948727120788,1407.33705467721));
#9588=CARTESIAN_POINT('Ctrl Pts',(-497.7,-352.006224906949,1407.53244938932));
#9589=CARTESIAN_POINT('Ctrl Pts',(-497.7,-352.057074954961,1407.72777360126));
#9590=CARTESIAN_POINT('Ctrl Pts',(-497.7,-352.101768957109,1407.92226692234));
#9591=CARTESIAN_POINT('Ctrl Pts',(-497.7,-352.145496303307,1408.11255368064));
#9592=CARTESIAN_POINT('Ctrl Pts',(-497.7,-352.18333155825,1408.30204489536));
#9593=CARTESIAN_POINT('Ctrl Pts',(-497.7,-352.215781371198,1408.49003113444));
#9594=CARTESIAN_POINT('Ctrl Pts',(-497.7,-352.227950051053,1408.56052597409));
#9595=CARTESIAN_POINT('Ctrl Pts',(-497.7,-352.239361834329,1408.63080921943));
#9596=CARTESIAN_POINT('Ctrl Pts',(-497.7,-352.250044924798,1408.70084364671));
#9597=CARTESIAN_POINT('Ctrl Pts',(-497.7,-352.25072230763,1408.7052843204));
#9598=CARTESIAN_POINT('Ctrl Pts',(-497.7,-352.251396876295,1408.7097247136));
#9599=CARTESIAN_POINT('Ctrl Pts',(-497.7,-352.25207059706,1408.71417789113));
#9600=CARTESIAN_POINT('Ctrl Pts',(-497.7,-352.27592409069,1408.87184535116));
#9601=CARTESIAN_POINT('Ctrl Pts',(-497.7,-352.298063921883,1409.04125165035));
#9602=CARTESIAN_POINT('Ctrl Pts',(-497.7,-352.317122457922,1409.22240178701));
#9603=CARTESIAN_POINT('Ctrl Pts',(-497.7,-352.337037163019,1409.41168975447));
#9604=CARTESIAN_POINT('Ctrl Pts',(-497.7,-352.353585694433,1409.61380245387));
#9605=CARTESIAN_POINT('Ctrl Pts',(-497.7,-352.365160309317,1409.82871340565));
#9606=CARTESIAN_POINT('Ctrl Pts',(-497.7,-352.375832394194,1410.02686668688));
#9607=CARTESIAN_POINT('Ctrl Pts',(-497.7,-352.38227411308,1410.23590079698));
#9608=CARTESIAN_POINT('Ctrl Pts',(-497.7,-352.383213752835,1410.45575037942));
#9609=CARTESIAN_POINT('Ctrl Pts',(-497.7,-352.383293217447,1410.47434288947));
#9610=CARTESIAN_POINT('Ctrl Pts',(-497.7,-352.383333333333,1410.49301271995));
#9611=CARTESIAN_POINT('Ctrl Pts',(-497.7,-352.383333333333,1410.51175981333));
#9612=CARTESIAN_POINT('Ctrl Pts',(-497.7,-352.383333333333,1412.14274353386));
#9613=CARTESIAN_POINT('Ctrl Pts',(-497.7,-352.383333333333,1414.94048858847));
#9614=CARTESIAN_POINT('Ctrl Pts',(-497.7,-352.383333333333,1416.73578685333));
#9615=CARTESIAN_POINT('Ctrl Pts',(-497.7,-352.383333333333,1422.58431474133));
#9616=CARTESIAN_POINT('Ctrl Pts',(-497.7,-348.484314741333,1426.48333333333));
#9617=CARTESIAN_POINT('Ctrl Pts',(-497.7,-342.635786853333,1426.48333333333));
#9618=CARTESIAN_POINT('Ctrl Pts',(-497.7,-340.235666472719,1426.48333333333));
#9619=CARTESIAN_POINT('Ctrl Pts',(-497.7,-337.835536982517,1426.48333333333));
#9620=CARTESIAN_POINT('Ctrl Pts',(-497.7,-335.435511904651,1426.48333333333));
#9621=CARTESIAN_POINT('Ctrl Pts',(-497.7,-200.296725785028,1426.48333333333));
#9622=CARTESIAN_POINT('Ctrl Pts',(-497.7,-65.4920320119553,1426.48333333333));
#9623=CARTESIAN_POINT('Ctrl Pts',(-497.7,48.1785663079183,1426.48333333333));
#9624=CARTESIAN_POINT('Ctrl Pts',(-497.7,105.013865467855,1426.48333333333));
#9625=CARTESIAN_POINT('Ctrl Pts',(-497.7,156.565640764493,1426.48333333333));
#9626=CARTESIAN_POINT('Ctrl Pts',(-497.7,200.233891809499,1426.48333333333));
#9627=CARTESIAN_POINT('Ctrl Pts',(-497.7,211.150954570751,1426.48333333333));
#9628=CARTESIAN_POINT('Ctrl Pts',(-497.7,221.575297066275,1426.48333333333));
#9629=CARTESIAN_POINT('Ctrl Pts',(-497.7,231.466294290006,1426.48333333333));
#9630=CARTESIAN_POINT('Ctrl Pts',(-497.7,235.175418248904,1426.48333333333));
#9631=CARTESIAN_POINT('Ctrl Pts',(-497.7,238.809540528957,1426.48333333333));
#9632=CARTESIAN_POINT('Ctrl Pts',(-497.7,242.366518795859,1426.48333333333));
#9633=CARTESIAN_POINT('Ctrl Pts',(-497.7,242.755563293802,1426.48333333333));
#9634=CARTESIAN_POINT('Ctrl Pts',(-497.7,243.143684926352,1426.48333333333));
#9635=CARTESIAN_POINT('Ctrl Pts',(-497.7,243.530880890392,1426.48333333333));
#9636=CARTESIAN_POINT('Ctrl Pts',(-497.7,243.721453903944,1426.48333333333));
#9637=CARTESIAN_POINT('Ctrl Pts',(-497.7,243.911802675655,1426.48333333333));
#9638=CARTESIAN_POINT('Ctrl Pts',(-497.7,244.101926871305,1426.48333333333));
#9639=CARTESIAN_POINT('Ctrl Pts',(-497.7,244.123508154321,1426.48333333333));
#9640=CARTESIAN_POINT('Ctrl Pts',(-497.7,244.145086543706,1426.48333333333));
#9641=CARTESIAN_POINT('Ctrl Pts',(-497.7,244.166662038971,1426.48333333333));
#9642=CARTESIAN_POINT('Ctrl Pts',(-497.7,244.186751443823,1426.48333333333));
#9643=CARTESIAN_POINT('Ctrl Pts',(-497.7,244.20684768459,1426.48333333333));
#9644=CARTESIAN_POINT('Ctrl Pts',(-497.7,244.226951777244,1426.48333333333));
#9645=CARTESIAN_POINT('Ctrl Pts',(-497.7,268.34220252321,1426.48333333333));
#9646=CARTESIAN_POINT('Ctrl Pts',(-497.7,303.271173396636,1426.48333333333));
#9647=CARTESIAN_POINT('Ctrl Pts',(-497.7,345.616666666667,1426.48333333333));
#9648=CARTESIAN_POINT('Ctrl Pts',(-497.7,346.212529641365,1426.48333333333));
#9649=CARTESIAN_POINT('Ctrl Pts',(-497.7,346.8156318459,1426.47540206384));
#9650=CARTESIAN_POINT('Ctrl Pts',(-497.7,347.42450218649,1426.45860045062));
#9651=CARTESIAN_POINT('Ctrl Pts',(-497.7,348.010696798315,1426.44242456803));
#9652=CARTESIAN_POINT('Ctrl Pts',(-497.7,348.602237671453,1426.41802660455));
#9653=CARTESIAN_POINT('Ctrl Pts',(-497.7,349.19782421858,1426.38461602378));
#9654=CARTESIAN_POINT('Ctrl Pts',(-497.7,349.775814686307,1426.35219252916));
#9655=CARTESIAN_POINT('Ctrl Pts',(-497.7,350.357615115733,1426.31128098771));
#9656=CARTESIAN_POINT('Ctrl Pts',(-497.7,350.942051620999,1426.26120623884));
#9657=CARTESIAN_POINT('Ctrl Pts',(-497.7,351.512396519526,1426.21233886436));
#9658=CARTESIAN_POINT('Ctrl Pts',(-497.7,352.08525174449,1426.15474475437));
#9659=CARTESIAN_POINT('Ctrl Pts',(-497.7,352.659543181928,1426.08784354947));
#9660=CARTESIAN_POINT('Ctrl Pts',(-497.7,353.222304675978,1426.02228550774));
#9661=CARTESIAN_POINT('Ctrl Pts',(-497.7,353.786445149349,1425.94779027519));
#9662=CARTESIAN_POINT('Ctrl Pts',(-497.7,354.35097255267,1425.86385858692));
#9663=CARTESIAN_POINT('Ctrl Pts',(-497.7,354.905925264159,1425.78135042573));
#9664=CARTESIAN_POINT('Ctrl Pts',(-497.7,355.46125176319,1425.68972314633));
#9665=CARTESIAN_POINT('Ctrl Pts',(-497.7,356.016029844325,1425.58854894838));
#9666=CARTESIAN_POINT('Ctrl Pts',(-497.7,356.562775965784,1425.48883952907));
#9667=CARTESIAN_POINT('Ctrl Pts',(-497.7,357.108989316284,1425.37985759634));
#9668=CARTESIAN_POINT('Ctrl Pts',(-497.7,357.653808796843,1425.26123976426));
#9669=CARTESIAN_POINT('Ctrl Pts',(-497.7,358.22001047526,1425.13796661047));
#9670=CARTESIAN_POINT('Ctrl Pts',(-497.7,358.784706366683,1425.00428588491));
#9671=CARTESIAN_POINT('Ctrl Pts',(-497.7,359.346957422884,1424.85984436328));
#9672=CARTESIAN_POINT('Ctrl Pts',(-497.7,359.891638133579,1424.71991663921));
#9673=CARTESIAN_POINT('Ctrl Pts',(-497.7,360.434024396858,1424.56989032769));
#9674=CARTESIAN_POINT('Ctrl Pts',(-497.7,360.973290133606,1424.4094959105));
#9675=CARTESIAN_POINT('Ctrl Pts',(-497.7,361.495703816081,1424.25411381885));
#9676=CARTESIAN_POINT('Ctrl Pts',(-497.7,362.015188953744,1424.08900167755));
#9677=CARTESIAN_POINT('Ctrl Pts',(-497.7,362.531021099364,1423.91396119446));
#9678=CARTESIAN_POINT('Ctrl Pts',(-497.7,363.036628123357,1423.74239046455));
#9679=CARTESIAN_POINT('Ctrl Pts',(-497.7,363.538725504748,1423.56128119608));
#9680=CARTESIAN_POINT('Ctrl Pts',(-497.7,364.036657360548,1423.37049046325));
#9681=CARTESIAN_POINT('Ctrl Pts',(-497.7,364.531441293871,1423.18090590839));
#9682=CARTESIAN_POINT('Ctrl Pts',(-497.7,365.022112115295,1422.98176192215));
#9683=CARTESIAN_POINT('Ctrl Pts',(-497.7,365.508053594892,1422.77296136025));
#9684=CARTESIAN_POINT('Ctrl Pts',(-497.7,365.991348689906,1422.56529790357));
#9685=CARTESIAN_POINT('Ctrl Pts',(-497.7,366.46996572889,1422.34808277614));
#9686=CARTESIAN_POINT('Ctrl Pts',(-497.7,366.943326874753,1422.12126301497));
#9687=CARTESIAN_POINT('Ctrl Pts',(-497.7,367.414485516637,1421.89549862438));
#9688=CARTESIAN_POINT('Ctrl Pts',(-497.7,367.880436980549,1421.66021879082));
#9689=CARTESIAN_POINT('Ctrl Pts',(-497.7,368.340640896169,1421.41541336528));
#9690=CARTESIAN_POINT('Ctrl Pts',(-497.7,368.799037581818,1421.17156929554));
#9691=CARTESIAN_POINT('Ctrl Pts',(-497.7,369.251731693951,1420.91827432654));
#9692=CARTESIAN_POINT('Ctrl Pts',(-497.7,369.698219674292,1420.65555994463));
#9693=CARTESIAN_POINT('Ctrl Pts',(-497.7,370.143254281447,1420.39370073029));
#9694=CARTESIAN_POINT('Ctrl Pts',(-497.7,370.582123019656,1420.1224833562));
#9695=CARTESIAN_POINT('Ctrl Pts',(-497.7,371.01435871148,1419.84197992139));
#9696=CARTESIAN_POINT('Ctrl Pts',(-497.7,371.445459254898,1419.56221315185));
#9697=CARTESIAN_POINT('Ctrl Pts',(-497.7,371.869961474267,1419.27320906714));
#9698=CARTESIAN_POINT('Ctrl Pts',(-497.7,372.287434328575,1418.97507948833));
#9699=CARTESIAN_POINT('Ctrl Pts',(-497.7,372.7040593328,1418.67755538407));
#9700=CARTESIAN_POINT('Ctrl Pts',(-497.7,373.113683426487,1418.37094285366));
#9701=CARTESIAN_POINT('Ctrl Pts',(-497.7,373.515911619082,1418.05539266453));
#9702=CARTESIAN_POINT('Ctrl Pts',(-497.7,373.917552193073,1417.74030346536));
#9703=CARTESIAN_POINT('Ctrl Pts',(-497.7,374.311818394336,1417.41630274628));
#9704=CARTESIAN_POINT('Ctrl Pts',(-497.7,374.698351333461,1417.0835795484));
#9705=CARTESIAN_POINT('Ctrl Pts',(-497.7,375.084533002939,1416.75115871949));
#9706=CARTESIAN_POINT('Ctrl Pts',(-497.7,375.462995397336,1416.41003130572));
#9707=CARTESIAN_POINT('Ctrl Pts',(-497.7,375.833415899196,1416.06042404517));
#9708=CARTESIAN_POINT('Ctrl Pts',(-497.7,376.203700232669,1415.71094530195));
#9709=CARTESIAN_POINT('Ctrl Pts',(-497.7,376.565948526258,1415.35299299678));
#9710=CARTESIAN_POINT('Ctrl Pts',(-497.7,376.919874713268,1414.9868310802));
#9711=CARTESIAN_POINT('Ctrl Pts',(-497.7,377.27386076426,1414.62060723007));
#9712=CARTESIAN_POINT('Ctrl Pts',(-497.7,377.619521837904,1414.24617104629));
#9713=CARTESIAN_POINT('Ctrl Pts',(-497.7,377.956608796768,1413.86382329998));
#9714=CARTESIAN_POINT('Ctrl Pts',(-497.7,378.293934375702,1413.48120489399));
#9715=CARTESIAN_POINT('Ctrl Pts',(-497.7,378.622673644829,1413.09066377922));
#9716=CARTESIAN_POINT('Ctrl Pts',(-497.7,378.942614869388,1412.69253725127));
#9717=CARTESIAN_POINT('Ctrl Pts',(-497.7,379.262957652011,1412.29391103491));
#9718=CARTESIAN_POINT('Ctrl Pts',(-497.7,379.574480243436,1411.8876804147));
#9719=CARTESIAN_POINT('Ctrl Pts',(-497.7,379.877008878467,1411.47421901738));
#9720=CARTESIAN_POINT('Ctrl Pts',(-497.7,380.18008735342,1411.060006162));
#9721=CARTESIAN_POINT('Ctrl Pts',(-497.7,380.47413910562,1410.63853628757));
#9722=CARTESIAN_POINT('Ctrl Pts',(-497.7,380.759029001839,1410.21021927185));
#9723=CARTESIAN_POINT('Ctrl Pts',(-497.7,381.044603256432,1409.78087335921));
#9724=CARTESIAN_POINT('Ctrl Pts',(-497.7,381.320971545438,1409.34464743842));
#9725=CARTESIAN_POINT('Ctrl Pts',(-497.7,381.588038131209,1408.90198768567));
#9726=CARTESIAN_POINT('Ctrl Pts',(-497.7,381.861595972341,1408.44856875283));
#9727=CARTESIAN_POINT('Ctrl Pts',(-497.7,382.125394254317,1407.98839938601));
#9728=CARTESIAN_POINT('Ctrl Pts',(-497.7,382.379374369378,1407.5219940025));
#9729=CARTESIAN_POINT('Ctrl Pts',(-497.7,382.629540661109,1407.06259226859));
#9730=CARTESIAN_POINT('Ctrl Pts',(-497.7,382.870181539005,1406.59714057492));
#9731=CARTESIAN_POINT('Ctrl Pts',(-497.7,383.101283652513,1406.1261625932));
#9732=CARTESIAN_POINT('Ctrl Pts',(-497.7,383.333445905965,1405.65302408355));
#9733=CARTESIAN_POINT('Ctrl Pts',(-497.7,383.555981652539,1405.17430854687));
#9734=CARTESIAN_POINT('Ctrl Pts',(-497.7,383.768920369915,1404.69057773505));
#9735=CARTESIAN_POINT('Ctrl Pts',(-497.7,383.982995209601,1404.20426600523));
#9736=CARTESIAN_POINT('Ctrl Pts',(-497.7,384.187370316829,1403.71288542302));
#9737=CARTESIAN_POINT('Ctrl Pts',(-497.7,384.382119390763,1403.21703666205));
#9738=CARTESIAN_POINT('Ctrl Pts',(-497.7,384.578067941859,1402.7181339237));
#9739=CARTESIAN_POINT('Ctrl Pts',(-497.7,384.764271504264,1402.21470788433));
#9740=CARTESIAN_POINT('Ctrl Pts',(-497.7,384.940849601992,1401.70739927754));
#9741=CARTESIAN_POINT('Ctrl Pts',(-497.7,385.118677083665,1401.19650119258));
#9742=CARTESIAN_POINT('Ctrl Pts',(-497.7,385.286742400076,1400.68166549493));
#9743=CARTESIAN_POINT('Ctrl Pts',(-497.7,385.445212765304,1400.16357448413));
#9744=CARTESIAN_POINT('Ctrl Pts',(-497.7,385.604967774536,1399.64128355551));
#9745=CARTESIAN_POINT('Ctrl Pts',(-497.7,385.754971638133,1399.1156844178));
#9746=CARTESIAN_POINT('Ctrl Pts',(-497.7,385.895441457279,1398.5875029046));
#9747=CARTESIAN_POINT('Ctrl Pts',(-497.7,386.037214844796,1398.05441983519));
#9748=CARTESIAN_POINT('Ctrl Pts',(-497.7,386.16927642192,1397.51870634091));
#9749=CARTESIAN_POINT('Ctrl Pts',(-497.7,386.291895801665,1396.98113434792));
#9750=CARTESIAN_POINT('Ctrl Pts',(-497.7,386.416580819916,1396.43450645031));
#9751=CARTESIAN_POINT('Ctrl Pts',(-497.7,386.531502805914,1395.8859569962));
#9752=CARTESIAN_POINT('Ctrl Pts',(-497.7,386.636993252213,1395.33632264455));
#9753=CARTESIAN_POINT('Ctrl Pts',(-497.7,386.743769269302,1394.77999011413));
#9754=CARTESIAN_POINT('Ctrl Pts',(-497.7,386.840882500332,1394.22254620341));
#9755=CARTESIAN_POINT('Ctrl Pts',(-497.7,386.928725438321,1393.66488239153));
#9756=CARTESIAN_POINT('Ctrl Pts',(-497.7,387.017795162256,1393.09943042794));
#9757=CARTESIAN_POINT('Ctrl Pts',(-497.7,387.097333899637,1392.53375250943));
#9758=CARTESIAN_POINT('Ctrl Pts',(-497.7,387.167800054571,1391.9688004607));
#9759=CARTESIAN_POINT('Ctrl Pts',(-497.7,387.239401280781,1391.39474814471));
#9760=CARTESIAN_POINT('Ctrl Pts',(-497.7,387.301635352241,1390.82144541595));
#9761=CARTESIAN_POINT('Ctrl Pts',(-497.7,387.355032852559,1390.24991178811));
#9762=CARTESIAN_POINT('Ctrl Pts',(-497.7,387.409988289816,1389.66170297239));
#9763=CARTESIAN_POINT('Ctrl Pts',(-497.7,387.455584003449,1389.07536812938));
#9764=CARTESIAN_POINT('Ctrl Pts',(-497.7,387.492450206465,1388.4920385663));
#9765=CARTESIAN_POINT('Ctrl Pts',(-497.7,387.530062301956,1387.89690683497));
#9766=CARTESIAN_POINT('Ctrl Pts',(-497.7,387.55858821556,1387.30490342134));
#9767=CARTESIAN_POINT('Ctrl Pts',(-497.7,387.578749147735,1386.7172475339));
#9768=CARTESIAN_POINT('Ctrl Pts',(-497.7,387.599620551342,1386.10888264765));
#9769=CARTESIAN_POINT('Ctrl Pts',(-497.7,387.611527120086,1385.5051773138));
#9770=CARTESIAN_POINT('Ctrl Pts',(-497.7,387.615322499734,1384.90750002244));
#9771=CARTESIAN_POINT('Ctrl Pts',(-497.7,387.616222541612,1384.76576595598));
#9772=CARTESIAN_POINT('Ctrl Pts',(-497.7,387.616666666667,1384.62437094212));
#9773=CARTESIAN_POINT('Ctrl Pts',(-497.7,387.616666666667,1384.48333333333));
#9774=CARTESIAN_POINT('',(-497.7,340.95,1380.30333333333));
#9775=CARTESIAN_POINT('Ctrl Pts',(-497.7,387.616666666667,1384.48333333333));
#9776=CARTESIAN_POINT('Ctrl Pts',(-497.7,372.061111111111,1384.48333333333));
#9777=CARTESIAN_POINT('Ctrl Pts',(-497.7,356.505555555556,1384.48333333333));
#9778=CARTESIAN_POINT('Ctrl Pts',(-497.7,340.95,1384.48333333333));
#9779=CARTESIAN_POINT('Ctrl Pts',(-497.7,339.72570634536,1384.48333333333));
#9780=CARTESIAN_POINT('Ctrl Pts',(-497.7,338.860000000001,1383.61762698797));
#9781=CARTESIAN_POINT('Ctrl Pts',(-497.7,338.86,1382.39333333333));
#9782=CARTESIAN_POINT('Ctrl Pts',(-497.7,338.86,1381.16903967869));
#9783=CARTESIAN_POINT('Ctrl Pts',(-497.7,339.72570634536,1380.30333333333));
#9784=CARTESIAN_POINT('Ctrl Pts',(-497.7,340.95,1380.30333333333));
#9785=CARTESIAN_POINT('',(-497.7,340.95,1370.16333333333));
#9786=CARTESIAN_POINT('',(-497.7,340.95,1380.30333333333));
#9787=CARTESIAN_POINT('',(-497.7,375.616666666667,1365.98333333333));
#9788=CARTESIAN_POINT('Ctrl Pts',(-497.7,340.95,1370.16333333333));
#9789=CARTESIAN_POINT('Ctrl Pts',(-497.7,339.72570634536,1370.16333333333));
#9790=CARTESIAN_POINT('Ctrl Pts',(-497.7,338.860000000001,1369.29762698797));
#9791=CARTESIAN_POINT('Ctrl Pts',(-497.7,338.86,1368.07333333333));
#9792=CARTESIAN_POINT('Ctrl Pts',(-497.7,338.86,1366.84903967869));
#9793=CARTESIAN_POINT('Ctrl Pts',(-497.7,339.72570634536,1365.98333333333));
#9794=CARTESIAN_POINT('Ctrl Pts',(-497.7,340.95,1365.98333333333));
#9795=CARTESIAN_POINT('Ctrl Pts',(-497.7,352.505555555556,1365.98333333333));
#9796=CARTESIAN_POINT('Ctrl Pts',(-497.7,364.061111111111,1365.98333333333));
#9797=CARTESIAN_POINT('Ctrl Pts',(-497.7,375.616666666667,1365.98333333333));
#9798=CARTESIAN_POINT('',(-497.7,375.616666666667,1267.98333333333));
#9799=CARTESIAN_POINT('',(-497.7,375.616666666667,1365.98333333333));
#9800=CARTESIAN_POINT('',(-497.7,317.616666666667,1267.98333333333));
#9801=CARTESIAN_POINT('',(-497.7,375.616666666667,1267.98333333333));
#9802=CARTESIAN_POINT('',(-497.7,317.616666666667,1267.98333333333));
#9803=CARTESIAN_POINT('Origin',(-497.7,317.616666666667,1267.98333333333));
#9804=CARTESIAN_POINT('',(-497.7,317.616666666667,1267.98333333333));
#9805=CARTESIAN_POINT('',(-497.7,317.616666666667,1354.11733333333));
#9806=CARTESIAN_POINT('Ctrl Pts',(-497.7,317.616666666667,1354.11733333333));
#9807=CARTESIAN_POINT('Ctrl Pts',(-471.06,317.616666666667,1354.11733333333));
#9808=CARTESIAN_POINT('Ctrl Pts',(-497.7,317.616666666667,1366.34886733333));
#9809=CARTESIAN_POINT('Ctrl Pts',(-471.06,317.616666666667,1366.34886733333));
#9810=CARTESIAN_POINT('Ctrl Pts',(-497.7,310.391196005397,1373.04459768351));
#9811=CARTESIAN_POINT('Ctrl Pts',(-471.06,310.391196005397,1373.04459768351));
#9812=CARTESIAN_POINT('Ctrl Pts',(-497.7,298.170666666667,1373.56333333333));
#9813=CARTESIAN_POINT('Ctrl Pts',(-471.06,298.170666666667,1373.56333333333));
#9814=CARTESIAN_POINT('Ctrl Pts',(-497.7,84.5685154933341,1382.63029333333));
#9815=CARTESIAN_POINT('Ctrl Pts',(-471.06,84.5685154933341,1382.63029333333));
#9816=CARTESIAN_POINT('Ctrl Pts',(-497.7,-129.03363568,1391.69725333333));
#9817=CARTESIAN_POINT('Ctrl Pts',(-471.06,-129.03363568,1391.69725333333));
#9818=CARTESIAN_POINT('Ctrl Pts',(-497.7,-342.635786853333,1400.76421333333));
#9819=CARTESIAN_POINT('Ctrl Pts',(-471.06,-342.635786853333,1400.76421333333));
#9820=CARTESIAN_POINT('Ctrl Pts',(-497.7,-348.479052844637,1401.0122476285));
#9821=CARTESIAN_POINT('Ctrl Pts',(-471.06,-348.479052844637,1401.0122476285));
#9822=CARTESIAN_POINT('Ctrl Pts',(-497.7,-352.383333333333,1404.66323192533));
#9823=CARTESIAN_POINT('Ctrl Pts',(-471.06,-352.383333333333,1404.66323192533));
#9824=CARTESIAN_POINT('Ctrl Pts',(-497.7,-352.383333333333,1410.51175981333));
#9825=CARTESIAN_POINT('Ctrl Pts',(-471.06,-352.383333333333,1410.51175981333));
#9826=CARTESIAN_POINT('Ctrl Pts',(-497.7,-352.383333333333,1412.58643549333));
#9827=CARTESIAN_POINT('Ctrl Pts',(-471.06,-352.383333333333,1412.58643549333));
#9828=CARTESIAN_POINT('Ctrl Pts',(-497.7,-352.383333333333,1414.66111117333));
#9829=CARTESIAN_POINT('Ctrl Pts',(-471.06,-352.383333333333,1414.66111117333));
#9830=CARTESIAN_POINT('Ctrl Pts',(-497.7,-352.383333333333,1416.73578685333));
#9831=CARTESIAN_POINT('Ctrl Pts',(-471.06,-352.383333333333,1416.73578685333));
#9832=CARTESIAN_POINT('Ctrl Pts',(-497.7,-352.383333333333,1422.58431474133));
#9833=CARTESIAN_POINT('Ctrl Pts',(-471.06,-352.383333333333,1422.58431474133));
#9834=CARTESIAN_POINT('Ctrl Pts',(-497.7,-348.484314741333,1426.48333333333));
#9835=CARTESIAN_POINT('Ctrl Pts',(-471.06,-348.484314741333,1426.48333333333));
#9836=CARTESIAN_POINT('Ctrl Pts',(-497.7,-342.635786853333,1426.48333333333));
#9837=CARTESIAN_POINT('Ctrl Pts',(-471.06,-342.635786853333,1426.48333333333));
#9838=CARTESIAN_POINT('Ctrl Pts',(-497.7,-113.218302346666,1426.48333333333));
#9839=CARTESIAN_POINT('Ctrl Pts',(-471.06,-113.218302346666,1426.48333333333));
#9840=CARTESIAN_POINT('Ctrl Pts',(-497.7,116.19918216,1426.48333333333));
#9841=CARTESIAN_POINT('Ctrl Pts',(-471.06,116.19918216,1426.48333333333));
#9842=CARTESIAN_POINT('Ctrl Pts',(-497.7,345.616666666667,1426.48333333333));
#9843=CARTESIAN_POINT('Ctrl Pts',(-471.06,345.616666666667,1426.48333333333));
#9844=CARTESIAN_POINT('Ctrl Pts',(-497.7,372.034666666667,1426.48333333333));
#9845=CARTESIAN_POINT('Ctrl Pts',(-471.06,372.034666666667,1426.48333333333));
#9846=CARTESIAN_POINT('Ctrl Pts',(-497.7,387.616666666667,1410.90133333333));
#9847=CARTESIAN_POINT('Ctrl Pts',(-471.06,387.616666666667,1410.90133333333));
#9848=CARTESIAN_POINT('Ctrl Pts',(-497.7,387.616666666667,1384.48333333333));
#9849=CARTESIAN_POINT('Ctrl Pts',(-471.06,387.616666666667,1384.48333333333));
#9850=CARTESIAN_POINT('',(-497.7,387.616666666667,1384.48333333333));
#9851=CARTESIAN_POINT('Ctrl Pts',(-497.7,387.616666666667,1384.48333333333));
#9852=CARTESIAN_POINT('Ctrl Pts',(-471.06,387.616666666667,1384.48333333333));
#9853=CARTESIAN_POINT('Ctrl Pts',(-497.7,372.061111111111,1384.48333333333));
#9854=CARTESIAN_POINT('Ctrl Pts',(-471.06,372.061111111111,1384.48333333333));
#9855=CARTESIAN_POINT('Ctrl Pts',(-497.7,356.505555555556,1384.48333333333));
#9856=CARTESIAN_POINT('Ctrl Pts',(-471.06,356.505555555556,1384.48333333333));
#9857=CARTESIAN_POINT('Ctrl Pts',(-497.7,340.95,1384.48333333333));
#9858=CARTESIAN_POINT('Ctrl Pts',(-471.06,340.95,1384.48333333333));
#9859=CARTESIAN_POINT('Ctrl Pts',(-497.7,339.72570634536,1384.48333333333));
#9860=CARTESIAN_POINT('Ctrl Pts',(-471.06,339.72570634536,1384.48333333333));
#9861=CARTESIAN_POINT('Ctrl Pts',(-497.7,338.860000000001,1383.61762698797));
#9862=CARTESIAN_POINT('Ctrl Pts',(-471.06,338.860000000001,1383.61762698797));
#9863=CARTESIAN_POINT('Ctrl Pts',(-497.7,338.86,1382.39333333333));
#9864=CARTESIAN_POINT('Ctrl Pts',(-471.06,338.86,1382.39333333333));
#9865=CARTESIAN_POINT('Ctrl Pts',(-497.7,338.86,1381.16903967869));
#9866=CARTESIAN_POINT('Ctrl Pts',(-471.06,338.86,1381.16903967869));
#9867=CARTESIAN_POINT('Ctrl Pts',(-497.7,339.72570634536,1380.30333333333));
#9868=CARTESIAN_POINT('Ctrl Pts',(-471.06,339.72570634536,1380.30333333333));
#9869=CARTESIAN_POINT('Ctrl Pts',(-497.7,340.95,1380.30333333333));
#9870=CARTESIAN_POINT('Ctrl Pts',(-471.06,340.95,1380.30333333333));
#9871=CARTESIAN_POINT('',(-497.7,340.95,1380.30333333333));
#9872=CARTESIAN_POINT('Origin',(-497.7,340.95,1380.30333333333));
#9873=CARTESIAN_POINT('',(-497.7,340.95,1370.16333333333));
#9874=CARTESIAN_POINT('Ctrl Pts',(-497.7,340.95,1370.16333333333));
#9875=CARTESIAN_POINT('Ctrl Pts',(-471.06,340.95,1370.16333333333));
#9876=CARTESIAN_POINT('Ctrl Pts',(-497.7,339.72570634536,1370.16333333333));
#9877=CARTESIAN_POINT('Ctrl Pts',(-471.06,339.72570634536,1370.16333333333));
#9878=CARTESIAN_POINT('Ctrl Pts',(-497.7,338.860000000001,1369.29762698797));
#9879=CARTESIAN_POINT('Ctrl Pts',(-471.06,338.860000000001,1369.29762698797));
#9880=CARTESIAN_POINT('Ctrl Pts',(-497.7,338.86,1368.07333333333));
#9881=CARTESIAN_POINT('Ctrl Pts',(-471.06,338.86,1368.07333333333));
#9882=CARTESIAN_POINT('Ctrl Pts',(-497.7,338.86,1366.84903967869));
#9883=CARTESIAN_POINT('Ctrl Pts',(-471.06,338.86,1366.84903967869));
#9884=CARTESIAN_POINT('Ctrl Pts',(-497.7,339.72570634536,1365.98333333333));
#9885=CARTESIAN_POINT('Ctrl Pts',(-471.06,339.72570634536,1365.98333333333));
#9886=CARTESIAN_POINT('Ctrl Pts',(-497.7,340.95,1365.98333333333));
#9887=CARTESIAN_POINT('Ctrl Pts',(-471.06,340.95,1365.98333333333));
#9888=CARTESIAN_POINT('Ctrl Pts',(-497.7,352.505555555556,1365.98333333333));
#9889=CARTESIAN_POINT('Ctrl Pts',(-471.06,352.505555555556,1365.98333333333));
#9890=CARTESIAN_POINT('Ctrl Pts',(-497.7,364.061111111111,1365.98333333333));
#9891=CARTESIAN_POINT('Ctrl Pts',(-471.06,364.061111111111,1365.98333333333));
#9892=CARTESIAN_POINT('Ctrl Pts',(-497.7,375.616666666667,1365.98333333333));
#9893=CARTESIAN_POINT('Ctrl Pts',(-471.06,375.616666666667,1365.98333333333));
#9894=CARTESIAN_POINT('',(-497.7,375.616666666667,1365.98333333333));
#9895=CARTESIAN_POINT('Origin',(-497.7,375.616666666667,1365.98333333333));
#9896=CARTESIAN_POINT('',(-497.7,375.616666666667,1267.98333333333));
#9897=CARTESIAN_POINT('Origin',(-497.7,375.616666666667,1267.98333333333));
#9898=CARTESIAN_POINT('Origin',(-460.7,395.016666666667,1428.06833333333));
#9899=CARTESIAN_POINT('',(-460.7,375.616666666667,1267.98333333333));
#9900=CARTESIAN_POINT('',(-460.7,317.616666666667,1267.98333333333));
#9901=CARTESIAN_POINT('',(-460.7,375.616666666667,1267.98333333333));
#9902=CARTESIAN_POINT('',(-460.7,375.616666666667,1365.98333333333));
#9903=CARTESIAN_POINT('',(-460.7,375.616666666667,1365.98333333333));
#9904=CARTESIAN_POINT('',(-460.7,340.95,1370.16333333333));
#9905=CARTESIAN_POINT('Ctrl Pts',(-460.7,340.95,1370.16333333333));
#9906=CARTESIAN_POINT('Ctrl Pts',(-460.7,339.72570634536,1370.16333333333));
#9907=CARTESIAN_POINT('Ctrl Pts',(-460.7,338.860000000001,1369.29762698797));
#9908=CARTESIAN_POINT('Ctrl Pts',(-460.7,338.86,1368.07333333333));
#9909=CARTESIAN_POINT('Ctrl Pts',(-460.7,338.86,1366.84903967869));
#9910=CARTESIAN_POINT('Ctrl Pts',(-460.7,339.72570634536,1365.98333333333));
#9911=CARTESIAN_POINT('Ctrl Pts',(-460.7,340.95,1365.98333333333));
#9912=CARTESIAN_POINT('Ctrl Pts',(-460.7,352.505555555556,1365.98333333333));
#9913=CARTESIAN_POINT('Ctrl Pts',(-460.7,364.061111111111,1365.98333333333));
#9914=CARTESIAN_POINT('Ctrl Pts',(-460.7,375.616666666667,1365.98333333333));
#9915=CARTESIAN_POINT('',(-460.7,340.95,1380.30333333333));
#9916=CARTESIAN_POINT('',(-460.7,340.95,1380.30333333333));
#9917=CARTESIAN_POINT('',(-460.7,387.616666666667,1384.48333333333));
#9918=CARTESIAN_POINT('Ctrl Pts',(-460.7,387.616666666667,1384.48333333333));
#9919=CARTESIAN_POINT('Ctrl Pts',(-460.7,372.061111111111,1384.48333333333));
#9920=CARTESIAN_POINT('Ctrl Pts',(-460.7,356.505555555556,1384.48333333333));
#9921=CARTESIAN_POINT('Ctrl Pts',(-460.7,340.95,1384.48333333333));
#9922=CARTESIAN_POINT('Ctrl Pts',(-460.7,339.72570634536,1384.48333333333));
#9923=CARTESIAN_POINT('Ctrl Pts',(-460.7,338.860000000001,1383.61762698797));
#9924=CARTESIAN_POINT('Ctrl Pts',(-460.7,338.86,1382.39333333333));
#9925=CARTESIAN_POINT('Ctrl Pts',(-460.7,338.86,1381.16903967869));
#9926=CARTESIAN_POINT('Ctrl Pts',(-460.7,339.72570634536,1380.30333333333));
#9927=CARTESIAN_POINT('Ctrl Pts',(-460.7,340.95,1380.30333333333));
#9928=CARTESIAN_POINT('',(-460.7,317.616666666667,1354.11733333333));
#9929=CARTESIAN_POINT('Ctrl Pts',(-460.7,317.616666666667,1354.11733333333));
#9930=CARTESIAN_POINT('Ctrl Pts',(-460.7,317.616666666667,1366.34886733333));
#9931=CARTESIAN_POINT('Ctrl Pts',(-460.7,310.391196005397,1373.04459768351));
#9932=CARTESIAN_POINT('Ctrl Pts',(-460.7,298.170666666667,1373.56333333333));
#9933=CARTESIAN_POINT('Ctrl Pts',(-460.7,268.574167384024,1374.81964219381));
#9934=CARTESIAN_POINT('Ctrl Pts',(-460.7,238.97765783618,1376.07595149002));
#9935=CARTESIAN_POINT('Ctrl Pts',(-460.7,209.382580888619,1377.33219997537));
#9936=CARTESIAN_POINT('Ctrl Pts',(-460.7,117.309773413555,1381.24049611321));
#9937=CARTESIAN_POINT('Ctrl Pts',(-460.7,25.250832586072,1385.14820364115));
#9938=CARTESIAN_POINT('Ctrl Pts',(-460.7,-66.7507876577727,1389.05347803144));
#9939=CARTESIAN_POINT('Ctrl Pts',(-460.7,-112.751597779695,1391.00611522658));
#9940=CARTESIAN_POINT('Ctrl Pts',(-460.7,-158.738077755708,1392.9581441373));
#9941=CARTESIAN_POINT('Ctrl Pts',(-460.7,-204.704795843804,1394.90933419764));
#9942=CARTESIAN_POINT('Ctrl Pts',(-460.7,-227.688154887852,1395.88492922781));
#9943=CARTESIAN_POINT('Ctrl Pts',(-460.7,-250.666573459921,1396.86031454538));
#9944=CARTESIAN_POINT('Ctrl Pts',(-460.7,-273.63937259226,1397.83546132961));
#9945=CARTESIAN_POINT('Ctrl Pts',(-460.7,-285.12577215843,1398.32303472172));
#9946=CARTESIAN_POINT('Ctrl Pts',(-460.7,-296.610766864667,1398.8105484805));
#9947=CARTESIAN_POINT('Ctrl Pts',(-460.7,-308.094271840002,1399.29799900335));
#9948=CARTESIAN_POINT('Ctrl Pts',(-460.7,-313.83602432767,1399.54172426477));
#9949=CARTESIAN_POINT('Ctrl Pts',(-460.7,-319.577404382612,1399.78543371722));
#9950=CARTESIAN_POINT('Ctrl Pts',(-460.7,-325.318401395958,1400.02912691035));
#9951=CARTESIAN_POINT('Ctrl Pts',(-460.7,-328.188899902631,1400.15097350692));
#9952=CARTESIAN_POINT('Ctrl Pts',(-460.7,-331.059302648905,1400.27281603866));
#9953=CARTESIAN_POINT('Ctrl Pts',(-460.7,-333.929608308671,1400.39465444928));
#9954=CARTESIAN_POINT('Ctrl Pts',(-460.7,-335.364761138554,1400.4555736546));
#9955=CARTESIAN_POINT('Ctrl Pts',(-460.7,-336.79988969681,1400.51649182963));
#9956=CARTESIAN_POINT('Ctrl Pts',(-460.7,-338.234993817675,1400.57740896735));
#9957=CARTESIAN_POINT('Ctrl Pts',(-460.7,-338.952545878108,1400.60786753621));
#9958=CARTESIAN_POINT('Ctrl Pts',(-460.7,-339.670091829193,1400.63832584574));
#9959=CARTESIAN_POINT('Ctrl Pts',(-460.7,-340.38763165021,1400.66878389506));
#9960=CARTESIAN_POINT('Ctrl Pts',(-460.7,-340.746401560718,1400.68401291972));
#9961=CARTESIAN_POINT('Ctrl Pts',(-460.7,-341.10516993871,1400.69924187933));
#9962=CARTESIAN_POINT('Ctrl Pts',(-460.7,-341.463936781594,1400.71447077377));
#9963=CARTESIAN_POINT('Ctrl Pts',(-460.7,-341.643320203036,1400.722085221));
#9964=CARTESIAN_POINT('Ctrl Pts',(-460.7,-341.822703240702,1400.72969965193));
#9965=CARTESIAN_POINT('Ctrl Pts',(-460.7,-342.002085894267,1400.73731406656));
#9966=CARTESIAN_POINT('Ctrl Pts',(-460.7,-342.024508725962,1400.73826586838));
#9967=CARTESIAN_POINT('Ctrl Pts',(-460.7,-342.046931551656,1400.73921766996));
#9968=CARTESIAN_POINT('Ctrl Pts',(-460.7,-342.069354371348,1400.74016947128));
#9969=CARTESIAN_POINT('Ctrl Pts',(-460.7,-342.074886655918,1400.74040430507));
#9970=CARTESIAN_POINT('Ctrl Pts',(-460.7,-342.080418940122,1400.74063913884));
#9971=CARTESIAN_POINT('Ctrl Pts',(-460.7,-342.085951223961,1400.7408739726));
#9972=CARTESIAN_POINT('Ctrl Pts',(-460.7,-342.088838377217,1400.74099652616));
#9973=CARTESIAN_POINT('Ctrl Pts',(-460.7,-342.091725530373,1400.74111907971));
#9974=CARTESIAN_POINT('Ctrl Pts',(-460.7,-342.09461268343,1400.74124163326));
#9975=CARTESIAN_POINT('Ctrl Pts',(-460.7,-342.097125493298,1400.74134829673));
#9976=CARTESIAN_POINT('Ctrl Pts',(-460.7,-342.099647620449,1400.7414553557));
#9977=CARTESIAN_POINT('Ctrl Pts',(-460.7,-342.102181617043,1400.7415629185));
#9978=CARTESIAN_POINT('Ctrl Pts',(-460.7,-342.249440305767,1400.74781373869));
#9979=CARTESIAN_POINT('Ctrl Pts',(-460.7,-342.433862749255,1400.75564208175));
#9980=CARTESIAN_POINT('Ctrl Pts',(-460.7,-342.635786853333,1400.76421333333));
#9981=CARTESIAN_POINT('Ctrl Pts',(-460.7,-342.644711817063,1400.76459217918));
#9982=CARTESIAN_POINT('Ctrl Pts',(-460.7,-342.654881334687,1400.7650334137));
#9983=CARTESIAN_POINT('Ctrl Pts',(-460.7,-342.664027502195,1400.76543924992));
#9984=CARTESIAN_POINT('Ctrl Pts',(-460.7,-342.668596120047,1400.76564196988));
#9985=CARTESIAN_POINT('Ctrl Pts',(-460.7,-342.672909562429,1400.76583557231));
#9986=CARTESIAN_POINT('Ctrl Pts',(-460.7,-342.676686007577,1400.76600640562));
#9987=CARTESIAN_POINT('Ctrl Pts',(-460.7,-342.677734865367,1400.76605385232));
#9988=CARTESIAN_POINT('Ctrl Pts',(-460.7,-342.678742302925,1400.76609953827));
#9989=CARTESIAN_POINT('Ctrl Pts',(-460.7,-342.679702287381,1400.76614316249));
#9990=CARTESIAN_POINT('Ctrl Pts',(-460.7,-342.680284348069,1400.76616961286));
#9991=CARTESIAN_POINT('Ctrl Pts',(-460.7,-342.680848963716,1400.76619530523));
#9992=CARTESIAN_POINT('Ctrl Pts',(-460.7,-342.681394789802,1400.76622017214));
#9993=CARTESIAN_POINT('Ctrl Pts',(-460.7,-342.681831031309,1400.76624004656));
#9994=CARTESIAN_POINT('Ctrl Pts',(-460.7,-342.682263559744,1400.76625977117));
#9995=CARTESIAN_POINT('Ctrl Pts',(-460.7,-342.682697807049,1400.76627959341));
#9996=CARTESIAN_POINT('Ctrl Pts',(-460.7,-342.960303808273,1400.77895157633));
#9997=CARTESIAN_POINT('Ctrl Pts',(-460.7,-343.233503268152,1400.79932808091));
#9998=CARTESIAN_POINT('Ctrl Pts',(-460.7,-343.501893562878,1400.82724742177));
#9999=CARTESIAN_POINT('Ctrl Pts',(-460.7,-343.770326270075,1400.85517117458));
#10000=CARTESIAN_POINT('Ctrl Pts',(-460.7,-344.033948090923,1400.89064001099));
#10001=CARTESIAN_POINT('Ctrl Pts',(-460.7,-344.292385201346,1400.93344883104));
#10002=CARTESIAN_POINT('Ctrl Pts',(-460.7,-344.550798908695,1400.97625377449));
#10003=CARTESIAN_POINT('Ctrl Pts',(-460.7,-344.804028654281,1401.02639722459));
#10004=CARTESIAN_POINT('Ctrl Pts',(-460.7,-345.051732634778,1401.08363294817));
#10005=CARTESIAN_POINT('Ctrl Pts',(-460.7,-345.299369445572,1401.14085315118));
#10006=CARTESIAN_POINT('Ctrl Pts',(-460.7,-345.541483310351,1401.20516162526));
#10007=CARTESIAN_POINT('Ctrl Pts',(-460.7,-345.777767364435,1401.27627345328));
#10008=CARTESIAN_POINT('Ctrl Pts',(-460.7,-346.01396802997,1401.34736018475));
#10009=CARTESIAN_POINT('Ctrl Pts',(-460.7,-346.244342836237,1401.42524530575));
#10010=CARTESIAN_POINT('Ctrl Pts',(-460.7,-346.46862243496,1401.50960773772));
#10011=CARTESIAN_POINT('Ctrl Pts',(-460.7,-346.692832353831,1401.59394395972));
#10012=CARTESIAN_POINT('Ctrl Pts',(-460.7,-346.910950705047,1401.68475330067));
#10013=CARTESIAN_POINT('Ctrl Pts',(-460.7,-347.122747889649,1401.78168101738));
#10014=CARTESIAN_POINT('Ctrl Pts',(-460.7,-347.334518516512,1401.8785965801));
#10015=CARTESIAN_POINT('Ctrl Pts',(-460.7,-347.539969431665,1401.98162881359));
#10016=CARTESIAN_POINT('Ctrl Pts',(-460.7,-347.738912698656,1402.09039168578));
#10017=CARTESIAN_POINT('Ctrl Pts',(-460.7,-347.94784661707,1402.20461647665));
#10018=CARTESIAN_POINT('Ctrl Pts',(-460.7,-348.14960232275,1402.32516199473));
#10019=CARTESIAN_POINT('Ctrl Pts',(-460.7,-348.344013677224,1402.45154687319));
#10020=CARTESIAN_POINT('Ctrl Pts',(-460.7,-348.529452825803,1402.57209901028));
#10021=CARTESIAN_POINT('Ctrl Pts',(-460.7,-348.708210150439,1402.69796355773));
#10022=CARTESIAN_POINT('Ctrl Pts',(-460.7,-348.880187836585,1402.82869580122));
#10023=CARTESIAN_POINT('Ctrl Pts',(-460.7,-349.052473847807,1402.95966242413));
#10024=CARTESIAN_POINT('Ctrl Pts',(-460.7,-349.217955808676,1403.09551404146));
#10025=CARTESIAN_POINT('Ctrl Pts',(-460.7,-349.376582135823,1403.23577975696));
#10026=CARTESIAN_POINT('Ctrl Pts',(-460.7,-349.535637424085,1403.37642478238));
#10027=CARTESIAN_POINT('Ctrl Pts',(-460.7,-349.68779988654,1403.52150764121));
#10028=CARTESIAN_POINT('Ctrl Pts',(-460.7,-349.833065588504,1403.67053227788));
#10029=CARTESIAN_POINT('Ctrl Pts',(-460.7,-349.978883964995,1403.82012389024));
#10030=CARTESIAN_POINT('Ctrl Pts',(-460.7,-350.117752956512,1403.97368716113));
#10031=CARTESIAN_POINT('Ctrl Pts',(-460.7,-350.249717795554,1404.13070144817));
#10032=CARTESIAN_POINT('Ctrl Pts',(-460.7,-350.382357688853,1404.28851892766));
#10033=CARTESIAN_POINT('Ctrl Pts',(-460.7,-350.50802258581,1404.4498226503));
#10034=CARTESIAN_POINT('Ctrl Pts',(-460.7,-350.626808618808,1404.6140674411));
#10035=CARTESIAN_POINT('Ctrl Pts',(-460.7,-350.746386785993,1404.77940751146));
#10036=CARTESIAN_POINT('Ctrl Pts',(-460.7,-350.858994029835,1404.9477278352));
#10037=CARTESIAN_POINT('Ctrl Pts',(-460.7,-350.964779466828,1405.11845814984));
#10038=CARTESIAN_POINT('Ctrl Pts',(-460.7,-351.071465220673,1405.29064151306));
#10039=CARTESIAN_POINT('Ctrl Pts',(-460.7,-351.171212567439,1405.46527588991));
#10040=CARTESIAN_POINT('Ctrl Pts',(-460.7,-351.264226219977,1405.64176463701));
#10041=CARTESIAN_POINT('Ctrl Pts',(-460.7,-351.36195311327,1405.82719652238));
#10042=CARTESIAN_POINT('Ctrl Pts',(-460.7,-351.452246259861,1406.01467533227));
#10043=CARTESIAN_POINT('Ctrl Pts',(-460.7,-351.535403021359,1406.20349851508));
#10044=CARTESIAN_POINT('Ctrl Pts',(-460.7,-351.617144132952,1406.38910719655));
#10045=CARTESIAN_POINT('Ctrl Pts',(-460.7,-351.691990124125,1406.57601462817));
#10046=CARTESIAN_POINT('Ctrl Pts',(-460.7,-351.760278723847,1406.76354664524));
#10047=CARTESIAN_POINT('Ctrl Pts',(-460.7,-351.829743170337,1406.95430773593));
#10048=CARTESIAN_POINT('Ctrl Pts',(-460.7,-351.892422558523,1407.14571489757));
#10049=CARTESIAN_POINT('Ctrl Pts',(-460.7,-351.94872712079,1407.33705467722));
#10050=CARTESIAN_POINT('Ctrl Pts',(-460.7,-352.00622490695,1407.53244938932));
#10051=CARTESIAN_POINT('Ctrl Pts',(-460.7,-352.057074954963,1407.72777360126));
#10052=CARTESIAN_POINT('Ctrl Pts',(-460.7,-352.10176895711,1407.92226692235));
#10053=CARTESIAN_POINT('Ctrl Pts',(-460.7,-352.145496303308,1408.11255368065));
#10054=CARTESIAN_POINT('Ctrl Pts',(-460.7,-352.183331558251,1408.30204489537));
#10055=CARTESIAN_POINT('Ctrl Pts',(-460.7,-352.215781371199,1408.49003113444));
#10056=CARTESIAN_POINT('Ctrl Pts',(-460.7,-352.227950051054,1408.56052597409));
#10057=CARTESIAN_POINT('Ctrl Pts',(-460.7,-352.239361834329,1408.63080921944));
#10058=CARTESIAN_POINT('Ctrl Pts',(-460.7,-352.250044924798,1408.70084364672));
#10059=CARTESIAN_POINT('Ctrl Pts',(-460.7,-352.250722307576,1408.70528432004));
#10060=CARTESIAN_POINT('Ctrl Pts',(-460.7,-352.251396876185,1408.70972471288));
#10061=CARTESIAN_POINT('Ctrl Pts',(-460.7,-352.252070596896,1408.71417789005));
#10062=CARTESIAN_POINT('Ctrl Pts',(-460.7,-352.275924090531,1408.87184535));
#10063=CARTESIAN_POINT('Ctrl Pts',(-460.7,-352.298063921732,1409.04125164911));
#10064=CARTESIAN_POINT('Ctrl Pts',(-460.7,-352.317122457784,1409.22240178569));
#10065=CARTESIAN_POINT('Ctrl Pts',(-460.7,-352.337037162919,1409.41168975332));
#10066=CARTESIAN_POINT('Ctrl Pts',(-460.7,-352.353585694368,1409.61380245291));
#10067=CARTESIAN_POINT('Ctrl Pts',(-460.7,-352.365160309277,1409.8287134049));
#10068=CARTESIAN_POINT('Ctrl Pts',(-460.7,-352.375832394165,1410.02686668611));
#10069=CARTESIAN_POINT('Ctrl Pts',(-460.7,-352.382274113063,1410.23590079619));
#10070=CARTESIAN_POINT('Ctrl Pts',(-460.7,-352.383213752832,1410.45575037861));
#10071=CARTESIAN_POINT('Ctrl Pts',(-460.7,-352.383293217445,1410.47434288893));
#10072=CARTESIAN_POINT('Ctrl Pts',(-460.7,-352.383333333333,1410.49301271968));
#10073=CARTESIAN_POINT('Ctrl Pts',(-460.7,-352.383333333333,1410.51175981333));
#10074=CARTESIAN_POINT('Ctrl Pts',(-460.7,-352.383333333333,1412.14274353386));
#10075=CARTESIAN_POINT('Ctrl Pts',(-460.7,-352.383333333333,1414.94048858847));
#10076=CARTESIAN_POINT('Ctrl Pts',(-460.7,-352.383333333333,1416.73578685333));
#10077=CARTESIAN_POINT('Ctrl Pts',(-460.7,-352.383333333333,1416.74764055395));
#10078=CARTESIAN_POINT('Ctrl Pts',(-460.7,-352.383317316742,1416.75948624628));
#10079=CARTESIAN_POINT('Ctrl Pts',(-460.7,-352.383285299791,1416.77132391408));
#10080=CARTESIAN_POINT('Ctrl Pts',(-460.7,-352.367520390873,1422.6001036589));
#10081=CARTESIAN_POINT('Ctrl Pts',(-460.7,-348.47246104071,1426.48333333333));
#10082=CARTESIAN_POINT('Ctrl Pts',(-460.7,-342.635786853333,1426.48333333333));
#10083=CARTESIAN_POINT('Ctrl Pts',(-460.7,-340.235673561588,1426.48333333333));
#10084=CARTESIAN_POINT('Ctrl Pts',(-460.7,-337.835551160315,1426.48333333333));
#10085=CARTESIAN_POINT('Ctrl Pts',(-460.7,-335.435533170416,1426.48333333333));
#10086=CARTESIAN_POINT('Ctrl Pts',(-460.7,-200.296743471449,1426.48333333333));
#10087=CARTESIAN_POINT('Ctrl Pts',(-460.7,-65.4920450455109,1426.48333333333));
#10088=CARTESIAN_POINT('Ctrl Pts',(-460.7,48.1785573641799,1426.48333333333));
#10089=CARTESIAN_POINT('Ctrl Pts',(-460.7,105.013858569025,1426.48333333333));
#10090=CARTESIAN_POINT('Ctrl Pts',(-460.7,156.565635769809,1426.48333333333));
#10091=CARTESIAN_POINT('Ctrl Pts',(-460.7,200.233888373629,1426.48333333333));
#10092=CARTESIAN_POINT('Ctrl Pts',(-460.7,211.150951524584,1426.48333333333));
#10093=CARTESIAN_POINT('Ctrl Pts',(-460.7,221.575294388228,1426.48333333333));
#10094=CARTESIAN_POINT('Ctrl Pts',(-460.7,231.466291955299,1426.48333333333));
#10095=CARTESIAN_POINT('Ctrl Pts',(-460.7,235.17541604295,1426.48333333333));
#10096=CARTESIAN_POINT('Ctrl Pts',(-460.7,238.809538448272,1426.48333333333));
#10097=CARTESIAN_POINT('Ctrl Pts',(-460.7,242.366516836789,1426.48333333333));
#10098=CARTESIAN_POINT('Ctrl Pts',(-460.7,242.755561348033,1426.48333333333));
#10099=CARTESIAN_POINT('Ctrl Pts',(-460.7,243.143682993841,1426.48333333333));
#10100=CARTESIAN_POINT('Ctrl Pts',(-460.7,243.530878971095,1426.48333333333));
#10101=CARTESIAN_POINT('Ctrl Pts',(-460.7,243.72145199115,1426.48333333333));
#10102=CARTESIAN_POINT('Ctrl Pts',(-460.7,243.911800769354,1426.48333333333));
#10103=CARTESIAN_POINT('Ctrl Pts',(-460.7,244.101924971486,1426.48333333333));
#10104=CARTESIAN_POINT('Ctrl Pts',(-460.7,244.123506355684,1426.48333333333));
#10105=CARTESIAN_POINT('Ctrl Pts',(-460.7,244.145084846225,1426.48333333333));
#10106=CARTESIAN_POINT('Ctrl Pts',(-460.7,244.166660442618,1426.48333333333));
#10107=CARTESIAN_POINT('Ctrl Pts',(-460.7,244.186750280117,1426.48333333333));
#10108=CARTESIAN_POINT('Ctrl Pts',(-460.7,244.206846952806,1426.48333333333));
#10109=CARTESIAN_POINT('Ctrl Pts',(-460.7,244.226951478216,1426.48333333333));
#10110=CARTESIAN_POINT('Ctrl Pts',(-460.7,268.342202234464,1426.48333333333));
#10111=CARTESIAN_POINT('Ctrl Pts',(-460.7,303.271173221608,1426.48333333333));
#10112=CARTESIAN_POINT('Ctrl Pts',(-460.7,345.616666666667,1426.48333333333));
#10113=CARTESIAN_POINT('Ctrl Pts',(-460.7,346.212529641365,1426.48333333333));
#10114=CARTESIAN_POINT('Ctrl Pts',(-460.7,346.8156318459,1426.47540206384));
#10115=CARTESIAN_POINT('Ctrl Pts',(-460.7,347.42450218649,1426.45860045062));
#10116=CARTESIAN_POINT('Ctrl Pts',(-460.7,348.010696798315,1426.44242456803));
#10117=CARTESIAN_POINT('Ctrl Pts',(-460.7,348.602237671453,1426.41802660455));
#10118=CARTESIAN_POINT('Ctrl Pts',(-460.7,349.19782421858,1426.38461602378));
#10119=CARTESIAN_POINT('Ctrl Pts',(-460.7,349.775814686307,1426.35219252916));
#10120=CARTESIAN_POINT('Ctrl Pts',(-460.7,350.357615115733,1426.31128098771));
#10121=CARTESIAN_POINT('Ctrl Pts',(-460.7,350.942051620999,1426.26120623884));
#10122=CARTESIAN_POINT('Ctrl Pts',(-460.7,351.512396519526,1426.21233886436));
#10123=CARTESIAN_POINT('Ctrl Pts',(-460.7,352.08525174449,1426.15474475437));
#10124=CARTESIAN_POINT('Ctrl Pts',(-460.7,352.659543181928,1426.08784354947));
#10125=CARTESIAN_POINT('Ctrl Pts',(-460.7,353.222304675978,1426.02228550774));
#10126=CARTESIAN_POINT('Ctrl Pts',(-460.7,353.786445149349,1425.94779027519));
#10127=CARTESIAN_POINT('Ctrl Pts',(-460.7,354.35097255267,1425.86385858692));
#10128=CARTESIAN_POINT('Ctrl Pts',(-460.7,354.905925264159,1425.78135042573));
#10129=CARTESIAN_POINT('Ctrl Pts',(-460.7,355.46125176319,1425.68972314633));
#10130=CARTESIAN_POINT('Ctrl Pts',(-460.7,356.016029844325,1425.58854894838));
#10131=CARTESIAN_POINT('Ctrl Pts',(-460.7,356.562775965784,1425.48883952907));
#10132=CARTESIAN_POINT('Ctrl Pts',(-460.7,357.108989316284,1425.37985759634));
#10133=CARTESIAN_POINT('Ctrl Pts',(-460.7,357.653808796843,1425.26123976426));
#10134=CARTESIAN_POINT('Ctrl Pts',(-460.7,358.22001047526,1425.13796661047));
#10135=CARTESIAN_POINT('Ctrl Pts',(-460.7,358.784706366683,1425.00428588491));
#10136=CARTESIAN_POINT('Ctrl Pts',(-460.7,359.346957422884,1424.85984436328));
#10137=CARTESIAN_POINT('Ctrl Pts',(-460.7,359.891638133579,1424.71991663921));
#10138=CARTESIAN_POINT('Ctrl Pts',(-460.7,360.434024396858,1424.56989032769));
#10139=CARTESIAN_POINT('Ctrl Pts',(-460.7,360.973290133606,1424.4094959105));
#10140=CARTESIAN_POINT('Ctrl Pts',(-460.7,361.495703816081,1424.25411381885));
#10141=CARTESIAN_POINT('Ctrl Pts',(-460.7,362.015188953744,1424.08900167755));
#10142=CARTESIAN_POINT('Ctrl Pts',(-460.7,362.531021099364,1423.91396119446));
#10143=CARTESIAN_POINT('Ctrl Pts',(-460.7,363.036628123357,1423.74239046455));
#10144=CARTESIAN_POINT('Ctrl Pts',(-460.7,363.538725504748,1423.56128119608));
#10145=CARTESIAN_POINT('Ctrl Pts',(-460.7,364.036657360548,1423.37049046325));
#10146=CARTESIAN_POINT('Ctrl Pts',(-460.7,364.531441293871,1423.18090590839));
#10147=CARTESIAN_POINT('Ctrl Pts',(-460.7,365.022112115295,1422.98176192215));
#10148=CARTESIAN_POINT('Ctrl Pts',(-460.7,365.508053594892,1422.77296136025));
#10149=CARTESIAN_POINT('Ctrl Pts',(-460.7,365.991348689906,1422.56529790357));
#10150=CARTESIAN_POINT('Ctrl Pts',(-460.7,366.46996572889,1422.34808277614));
#10151=CARTESIAN_POINT('Ctrl Pts',(-460.7,366.943326874753,1422.12126301497));
#10152=CARTESIAN_POINT('Ctrl Pts',(-460.7,367.414485516637,1421.89549862438));
#10153=CARTESIAN_POINT('Ctrl Pts',(-460.7,367.880436980549,1421.66021879082));
#10154=CARTESIAN_POINT('Ctrl Pts',(-460.7,368.340640896169,1421.41541336528));
#10155=CARTESIAN_POINT('Ctrl Pts',(-460.7,368.799037581818,1421.17156929554));
#10156=CARTESIAN_POINT('Ctrl Pts',(-460.7,369.251731693951,1420.91827432654));
#10157=CARTESIAN_POINT('Ctrl Pts',(-460.7,369.698219674292,1420.65555994463));
#10158=CARTESIAN_POINT('Ctrl Pts',(-460.7,370.143254281447,1420.39370073029));
#10159=CARTESIAN_POINT('Ctrl Pts',(-460.7,370.582123019656,1420.1224833562));
#10160=CARTESIAN_POINT('Ctrl Pts',(-460.7,371.01435871148,1419.84197992139));
#10161=CARTESIAN_POINT('Ctrl Pts',(-460.7,371.445459254898,1419.56221315185));
#10162=CARTESIAN_POINT('Ctrl Pts',(-460.7,371.869961474267,1419.27320906714));
#10163=CARTESIAN_POINT('Ctrl Pts',(-460.7,372.287434328575,1418.97507948833));
#10164=CARTESIAN_POINT('Ctrl Pts',(-460.7,372.7040593328,1418.67755538407));
#10165=CARTESIAN_POINT('Ctrl Pts',(-460.7,373.113683426487,1418.37094285366));
#10166=CARTESIAN_POINT('Ctrl Pts',(-460.7,373.515911619082,1418.05539266453));
#10167=CARTESIAN_POINT('Ctrl Pts',(-460.7,373.917552193073,1417.74030346536));
#10168=CARTESIAN_POINT('Ctrl Pts',(-460.7,374.311818394336,1417.41630274628));
#10169=CARTESIAN_POINT('Ctrl Pts',(-460.7,374.698351333461,1417.0835795484));
#10170=CARTESIAN_POINT('Ctrl Pts',(-460.7,375.084533002939,1416.75115871949));
#10171=CARTESIAN_POINT('Ctrl Pts',(-460.7,375.462995397336,1416.41003130572));
#10172=CARTESIAN_POINT('Ctrl Pts',(-460.7,375.833415899196,1416.06042404517));
#10173=CARTESIAN_POINT('Ctrl Pts',(-460.7,376.203700232669,1415.71094530195));
#10174=CARTESIAN_POINT('Ctrl Pts',(-460.7,376.565948526258,1415.35299299678));
#10175=CARTESIAN_POINT('Ctrl Pts',(-460.7,376.919874713268,1414.9868310802));
#10176=CARTESIAN_POINT('Ctrl Pts',(-460.7,377.27386076426,1414.62060723007));
#10177=CARTESIAN_POINT('Ctrl Pts',(-460.7,377.619521837904,1414.24617104629));
#10178=CARTESIAN_POINT('Ctrl Pts',(-460.7,377.956608796768,1413.86382329998));
#10179=CARTESIAN_POINT('Ctrl Pts',(-460.7,378.293934375702,1413.48120489399));
#10180=CARTESIAN_POINT('Ctrl Pts',(-460.7,378.622673644829,1413.09066377922));
#10181=CARTESIAN_POINT('Ctrl Pts',(-460.7,378.942614869388,1412.69253725127));
#10182=CARTESIAN_POINT('Ctrl Pts',(-460.7,379.262957652011,1412.29391103491));
#10183=CARTESIAN_POINT('Ctrl Pts',(-460.7,379.574480243436,1411.8876804147));
#10184=CARTESIAN_POINT('Ctrl Pts',(-460.7,379.877008878467,1411.47421901738));
#10185=CARTESIAN_POINT('Ctrl Pts',(-460.7,380.18008735342,1411.060006162));
#10186=CARTESIAN_POINT('Ctrl Pts',(-460.7,380.47413910562,1410.63853628757));
#10187=CARTESIAN_POINT('Ctrl Pts',(-460.7,380.759029001839,1410.21021927185));
#10188=CARTESIAN_POINT('Ctrl Pts',(-460.7,381.044603256432,1409.78087335921));
#10189=CARTESIAN_POINT('Ctrl Pts',(-460.7,381.320971545438,1409.34464743842));
#10190=CARTESIAN_POINT('Ctrl Pts',(-460.7,381.588038131209,1408.90198768567));
#10191=CARTESIAN_POINT('Ctrl Pts',(-460.7,381.861595972341,1408.44856875283));
#10192=CARTESIAN_POINT('Ctrl Pts',(-460.7,382.125394254317,1407.98839938601));
#10193=CARTESIAN_POINT('Ctrl Pts',(-460.7,382.379374369378,1407.5219940025));
#10194=CARTESIAN_POINT('Ctrl Pts',(-460.7,382.629540661109,1407.06259226859));
#10195=CARTESIAN_POINT('Ctrl Pts',(-460.7,382.870181539005,1406.59714057492));
#10196=CARTESIAN_POINT('Ctrl Pts',(-460.7,383.101283652513,1406.1261625932));
#10197=CARTESIAN_POINT('Ctrl Pts',(-460.7,383.333445905965,1405.65302408355));
#10198=CARTESIAN_POINT('Ctrl Pts',(-460.7,383.555981652539,1405.17430854687));
#10199=CARTESIAN_POINT('Ctrl Pts',(-460.7,383.768920369915,1404.69057773505));
#10200=CARTESIAN_POINT('Ctrl Pts',(-460.7,383.982995209601,1404.20426600523));
#10201=CARTESIAN_POINT('Ctrl Pts',(-460.7,384.187370316829,1403.71288542302));
#10202=CARTESIAN_POINT('Ctrl Pts',(-460.7,384.382119390763,1403.21703666205));
#10203=CARTESIAN_POINT('Ctrl Pts',(-460.7,384.578067941859,1402.7181339237));
#10204=CARTESIAN_POINT('Ctrl Pts',(-460.7,384.764271504264,1402.21470788433));
#10205=CARTESIAN_POINT('Ctrl Pts',(-460.7,384.940849601992,1401.70739927754));
#10206=CARTESIAN_POINT('Ctrl Pts',(-460.7,385.118677083665,1401.19650119258));
#10207=CARTESIAN_POINT('Ctrl Pts',(-460.7,385.286742400076,1400.68166549493));
#10208=CARTESIAN_POINT('Ctrl Pts',(-460.7,385.445212765304,1400.16357448413));
#10209=CARTESIAN_POINT('Ctrl Pts',(-460.7,385.604967774536,1399.64128355551));
#10210=CARTESIAN_POINT('Ctrl Pts',(-460.7,385.754971638133,1399.1156844178));
#10211=CARTESIAN_POINT('Ctrl Pts',(-460.7,385.895441457279,1398.5875029046));
#10212=CARTESIAN_POINT('Ctrl Pts',(-460.7,386.037214844796,1398.05441983519));
#10213=CARTESIAN_POINT('Ctrl Pts',(-460.7,386.16927642192,1397.51870634091));
#10214=CARTESIAN_POINT('Ctrl Pts',(-460.7,386.291895801665,1396.98113434792));
#10215=CARTESIAN_POINT('Ctrl Pts',(-460.7,386.416580819916,1396.43450645031));
#10216=CARTESIAN_POINT('Ctrl Pts',(-460.7,386.531502805914,1395.8859569962));
#10217=CARTESIAN_POINT('Ctrl Pts',(-460.7,386.636993252213,1395.33632264455));
#10218=CARTESIAN_POINT('Ctrl Pts',(-460.7,386.743769269302,1394.77999011413));
#10219=CARTESIAN_POINT('Ctrl Pts',(-460.7,386.840882500332,1394.22254620341));
#10220=CARTESIAN_POINT('Ctrl Pts',(-460.7,386.928725438321,1393.66488239153));
#10221=CARTESIAN_POINT('Ctrl Pts',(-460.7,387.017795162256,1393.09943042794));
#10222=CARTESIAN_POINT('Ctrl Pts',(-460.7,387.097333899637,1392.53375250943));
#10223=CARTESIAN_POINT('Ctrl Pts',(-460.7,387.167800054571,1391.9688004607));
#10224=CARTESIAN_POINT('Ctrl Pts',(-460.7,387.239401280781,1391.39474814471));
#10225=CARTESIAN_POINT('Ctrl Pts',(-460.7,387.301635352241,1390.82144541595));
#10226=CARTESIAN_POINT('Ctrl Pts',(-460.7,387.355032852559,1390.24991178811));
#10227=CARTESIAN_POINT('Ctrl Pts',(-460.7,387.409988289816,1389.66170297239));
#10228=CARTESIAN_POINT('Ctrl Pts',(-460.7,387.455584003449,1389.07536812938));
#10229=CARTESIAN_POINT('Ctrl Pts',(-460.7,387.492450206465,1388.4920385663));
#10230=CARTESIAN_POINT('Ctrl Pts',(-460.7,387.530062301956,1387.89690683497));
#10231=CARTESIAN_POINT('Ctrl Pts',(-460.7,387.55858821556,1387.30490342134));
#10232=CARTESIAN_POINT('Ctrl Pts',(-460.7,387.578749147735,1386.7172475339));
#10233=CARTESIAN_POINT('Ctrl Pts',(-460.7,387.599620551342,1386.10888264765));
#10234=CARTESIAN_POINT('Ctrl Pts',(-460.7,387.611527120086,1385.5051773138));
#10235=CARTESIAN_POINT('Ctrl Pts',(-460.7,387.615322499734,1384.90750002244));
#10236=CARTESIAN_POINT('Ctrl Pts',(-460.7,387.616222541612,1384.76576595598));
#10237=CARTESIAN_POINT('Ctrl Pts',(-460.7,387.616666666667,1384.62437094212));
#10238=CARTESIAN_POINT('Ctrl Pts',(-460.7,387.616666666667,1384.48333333333));
#10239=CARTESIAN_POINT('',(-460.7,317.616666666667,1267.98333333333));
#10240=CARTESIAN_POINT('Origin',(-479.2,395.016666666667,1428.06833333333));
#10241=CARTESIAN_POINT('',(-479.2,317.616666666667,1354.11733333333));
#10242=CARTESIAN_POINT('',(-479.2,387.616666666667,1384.48333333333));
#10243=CARTESIAN_POINT('Ctrl Pts',(-479.2,317.616666666667,1354.11733333333));
#10244=CARTESIAN_POINT('Ctrl Pts',(-479.2,317.616666666667,1366.34886733333));
#10245=CARTESIAN_POINT('Ctrl Pts',(-479.2,310.391196005397,1373.04459768351));
#10246=CARTESIAN_POINT('Ctrl Pts',(-479.2,298.170666666667,1373.56333333333));
#10247=CARTESIAN_POINT('Ctrl Pts',(-479.2,268.574167384024,1374.81964219381));
#10248=CARTESIAN_POINT('Ctrl Pts',(-479.2,238.97765783618,1376.07595149002));
#10249=CARTESIAN_POINT('Ctrl Pts',(-479.2,209.382580888619,1377.33219997537));
#10250=CARTESIAN_POINT('Ctrl Pts',(-479.2,117.309773413555,1381.24049611321));
#10251=CARTESIAN_POINT('Ctrl Pts',(-479.2,25.250832586072,1385.14820364115));
#10252=CARTESIAN_POINT('Ctrl Pts',(-479.2,-66.7507876577727,1389.05347803144));
#10253=CARTESIAN_POINT('Ctrl Pts',(-479.2,-112.751597779695,1391.00611522658));
#10254=CARTESIAN_POINT('Ctrl Pts',(-479.2,-158.738077755708,1392.9581441373));
#10255=CARTESIAN_POINT('Ctrl Pts',(-479.2,-204.704795843804,1394.90933419764));
#10256=CARTESIAN_POINT('Ctrl Pts',(-479.2,-227.688154887852,1395.88492922781));
#10257=CARTESIAN_POINT('Ctrl Pts',(-479.2,-250.666573459921,1396.86031454538));
#10258=CARTESIAN_POINT('Ctrl Pts',(-479.2,-273.63937259226,1397.83546132961));
#10259=CARTESIAN_POINT('Ctrl Pts',(-479.2,-285.12577215843,1398.32303472172));
#10260=CARTESIAN_POINT('Ctrl Pts',(-479.2,-296.610766864667,1398.8105484805));
#10261=CARTESIAN_POINT('Ctrl Pts',(-479.2,-308.094271840002,1399.29799900335));
#10262=CARTESIAN_POINT('Ctrl Pts',(-479.2,-313.83602432767,1399.54172426477));
#10263=CARTESIAN_POINT('Ctrl Pts',(-479.2,-319.577404382612,1399.78543371722));
#10264=CARTESIAN_POINT('Ctrl Pts',(-479.2,-325.318401395958,1400.02912691035));
#10265=CARTESIAN_POINT('Ctrl Pts',(-479.2,-328.188899902631,1400.15097350692));
#10266=CARTESIAN_POINT('Ctrl Pts',(-479.2,-331.059302648905,1400.27281603866));
#10267=CARTESIAN_POINT('Ctrl Pts',(-479.2,-333.929608308671,1400.39465444928));
#10268=CARTESIAN_POINT('Ctrl Pts',(-479.2,-335.364761138554,1400.4555736546));
#10269=CARTESIAN_POINT('Ctrl Pts',(-479.2,-336.79988969681,1400.51649182963));
#10270=CARTESIAN_POINT('Ctrl Pts',(-479.2,-338.234993817675,1400.57740896735));
#10271=CARTESIAN_POINT('Ctrl Pts',(-479.2,-338.952545878108,1400.60786753621));
#10272=CARTESIAN_POINT('Ctrl Pts',(-479.2,-339.670091829193,1400.63832584574));
#10273=CARTESIAN_POINT('Ctrl Pts',(-479.2,-340.38763165021,1400.66878389506));
#10274=CARTESIAN_POINT('Ctrl Pts',(-479.2,-340.746401560718,1400.68401291972));
#10275=CARTESIAN_POINT('Ctrl Pts',(-479.2,-341.10516993871,1400.69924187933));
#10276=CARTESIAN_POINT('Ctrl Pts',(-479.2,-341.463936781594,1400.71447077377));
#10277=CARTESIAN_POINT('Ctrl Pts',(-479.2,-341.643320203036,1400.722085221));
#10278=CARTESIAN_POINT('Ctrl Pts',(-479.2,-341.822703240702,1400.72969965193));
#10279=CARTESIAN_POINT('Ctrl Pts',(-479.2,-342.002085894267,1400.73731406656));
#10280=CARTESIAN_POINT('Ctrl Pts',(-479.2,-342.024508725962,1400.73826586838));
#10281=CARTESIAN_POINT('Ctrl Pts',(-479.2,-342.046931551656,1400.73921766996));
#10282=CARTESIAN_POINT('Ctrl Pts',(-479.2,-342.069354371348,1400.74016947128));
#10283=CARTESIAN_POINT('Ctrl Pts',(-479.2,-342.074886655918,1400.74040430507));
#10284=CARTESIAN_POINT('Ctrl Pts',(-479.2,-342.080418940122,1400.74063913884));
#10285=CARTESIAN_POINT('Ctrl Pts',(-479.2,-342.085951223961,1400.7408739726));
#10286=CARTESIAN_POINT('Ctrl Pts',(-479.2,-342.088838377217,1400.74099652616));
#10287=CARTESIAN_POINT('Ctrl Pts',(-479.2,-342.091725530373,1400.74111907971));
#10288=CARTESIAN_POINT('Ctrl Pts',(-479.2,-342.09461268343,1400.74124163326));
#10289=CARTESIAN_POINT('Ctrl Pts',(-479.2,-342.097125493298,1400.74134829673));
#10290=CARTESIAN_POINT('Ctrl Pts',(-479.2,-342.099647620449,1400.7414553557));
#10291=CARTESIAN_POINT('Ctrl Pts',(-479.2,-342.102181617043,1400.7415629185));
#10292=CARTESIAN_POINT('Ctrl Pts',(-479.2,-342.249440305767,1400.74781373869));
#10293=CARTESIAN_POINT('Ctrl Pts',(-479.2,-342.433862749255,1400.75564208175));
#10294=CARTESIAN_POINT('Ctrl Pts',(-479.2,-342.635786853333,1400.76421333333));
#10295=CARTESIAN_POINT('Ctrl Pts',(-479.2,-342.644711817063,1400.76459217918));
#10296=CARTESIAN_POINT('Ctrl Pts',(-479.2,-342.654881334687,1400.7650334137));
#10297=CARTESIAN_POINT('Ctrl Pts',(-479.2,-342.664027502195,1400.76543924992));
#10298=CARTESIAN_POINT('Ctrl Pts',(-479.2,-342.668596120047,1400.76564196988));
#10299=CARTESIAN_POINT('Ctrl Pts',(-479.2,-342.672909562429,1400.76583557231));
#10300=CARTESIAN_POINT('Ctrl Pts',(-479.2,-342.676686007577,1400.76600640562));
#10301=CARTESIAN_POINT('Ctrl Pts',(-479.2,-342.677734865367,1400.76605385232));
#10302=CARTESIAN_POINT('Ctrl Pts',(-479.2,-342.678742302925,1400.76609953827));
#10303=CARTESIAN_POINT('Ctrl Pts',(-479.2,-342.679702287381,1400.76614316249));
#10304=CARTESIAN_POINT('Ctrl Pts',(-479.2,-342.680284348069,1400.76616961286));
#10305=CARTESIAN_POINT('Ctrl Pts',(-479.2,-342.680848963716,1400.76619530523));
#10306=CARTESIAN_POINT('Ctrl Pts',(-479.2,-342.681394789802,1400.76622017214));
#10307=CARTESIAN_POINT('Ctrl Pts',(-479.2,-342.681831031309,1400.76624004656));
#10308=CARTESIAN_POINT('Ctrl Pts',(-479.2,-342.682263559744,1400.76625977117));
#10309=CARTESIAN_POINT('Ctrl Pts',(-479.2,-342.682697807049,1400.76627959341));
#10310=CARTESIAN_POINT('Ctrl Pts',(-479.2,-342.960303808273,1400.77895157633));
#10311=CARTESIAN_POINT('Ctrl Pts',(-479.2,-343.233503268152,1400.79932808091));
#10312=CARTESIAN_POINT('Ctrl Pts',(-479.2,-343.501893562878,1400.82724742177));
#10313=CARTESIAN_POINT('Ctrl Pts',(-479.2,-343.770326270074,1400.85517117458));
#10314=CARTESIAN_POINT('Ctrl Pts',(-479.2,-344.03394809092,1400.89064001099));
#10315=CARTESIAN_POINT('Ctrl Pts',(-479.2,-344.292385201342,1400.93344883104));
#10316=CARTESIAN_POINT('Ctrl Pts',(-479.2,-344.550798908691,1400.97625377449));
#10317=CARTESIAN_POINT('Ctrl Pts',(-479.2,-344.804028654277,1401.02639722459));
#10318=CARTESIAN_POINT('Ctrl Pts',(-479.2,-345.051732634773,1401.08363294817));
#10319=CARTESIAN_POINT('Ctrl Pts',(-479.2,-345.299369445568,1401.14085315118));
#10320=CARTESIAN_POINT('Ctrl Pts',(-479.2,-345.541483310348,1401.20516162526));
#10321=CARTESIAN_POINT('Ctrl Pts',(-479.2,-345.777767364432,1401.27627345328));
#10322=CARTESIAN_POINT('Ctrl Pts',(-479.2,-346.013968029966,1401.34736018475));
#10323=CARTESIAN_POINT('Ctrl Pts',(-479.2,-346.244342836232,1401.42524530575));
#10324=CARTESIAN_POINT('Ctrl Pts',(-479.2,-346.468622434953,1401.50960773772));
#10325=CARTESIAN_POINT('Ctrl Pts',(-479.2,-346.692832353822,1401.59394395972));
#10326=CARTESIAN_POINT('Ctrl Pts',(-479.2,-346.910950705038,1401.68475330067));
#10327=CARTESIAN_POINT('Ctrl Pts',(-479.2,-347.122747889639,1401.78168101738));
#10328=CARTESIAN_POINT('Ctrl Pts',(-479.2,-347.334518516503,1401.8785965801));
#10329=CARTESIAN_POINT('Ctrl Pts',(-479.2,-347.539969431657,1401.98162881358));
#10330=CARTESIAN_POINT('Ctrl Pts',(-479.2,-347.738912698648,1402.09039168578));
#10331=CARTESIAN_POINT('Ctrl Pts',(-479.2,-347.947846617063,1402.20461647665));
#10332=CARTESIAN_POINT('Ctrl Pts',(-479.2,-348.149602322743,1402.32516199473));
#10333=CARTESIAN_POINT('Ctrl Pts',(-479.2,-348.344013677217,1402.45154687319));
#10334=CARTESIAN_POINT('Ctrl Pts',(-479.2,-348.529452825796,1402.57209901027));
#10335=CARTESIAN_POINT('Ctrl Pts',(-479.2,-348.708210150433,1402.69796355772));
#10336=CARTESIAN_POINT('Ctrl Pts',(-479.2,-348.880187836579,1402.82869580122));
#10337=CARTESIAN_POINT('Ctrl Pts',(-479.2,-349.052473847801,1402.95966242412));
#10338=CARTESIAN_POINT('Ctrl Pts',(-479.2,-349.217955808671,1403.09551404146));
#10339=CARTESIAN_POINT('Ctrl Pts',(-479.2,-349.376582135818,1403.23577975696));
#10340=CARTESIAN_POINT('Ctrl Pts',(-479.2,-349.53563742408,1403.37642478237));
#10341=CARTESIAN_POINT('Ctrl Pts',(-479.2,-349.687799886535,1403.5215076412));
#10342=CARTESIAN_POINT('Ctrl Pts',(-479.2,-349.8330655885,1403.67053227788));
#10343=CARTESIAN_POINT('Ctrl Pts',(-479.2,-349.978883964991,1403.82012389024));
#10344=CARTESIAN_POINT('Ctrl Pts',(-479.2,-350.117752956508,1403.97368716113));
#10345=CARTESIAN_POINT('Ctrl Pts',(-479.2,-350.24971779555,1404.13070144816));
#10346=CARTESIAN_POINT('Ctrl Pts',(-479.2,-350.38235768885,1404.28851892765));
#10347=CARTESIAN_POINT('Ctrl Pts',(-479.2,-350.508022585807,1404.4498226503));
#10348=CARTESIAN_POINT('Ctrl Pts',(-479.2,-350.626808618805,1404.6140674411));
#10349=CARTESIAN_POINT('Ctrl Pts',(-479.2,-350.746386785991,1404.77940751146));
#10350=CARTESIAN_POINT('Ctrl Pts',(-479.2,-350.858994029833,1404.94772783519));
#10351=CARTESIAN_POINT('Ctrl Pts',(-479.2,-350.964779466825,1405.11845814983));
#10352=CARTESIAN_POINT('Ctrl Pts',(-479.2,-351.071465220669,1405.29064151306));
#10353=CARTESIAN_POINT('Ctrl Pts',(-479.2,-351.171212567436,1405.4652758899));
#10354=CARTESIAN_POINT('Ctrl Pts',(-479.2,-351.264226219973,1405.641764637));
#10355=CARTESIAN_POINT('Ctrl Pts',(-479.2,-351.361953113267,1405.82719652237));
#10356=CARTESIAN_POINT('Ctrl Pts',(-479.2,-351.452246259858,1406.01467533226));
#10357=CARTESIAN_POINT('Ctrl Pts',(-479.2,-351.535403021356,1406.20349851507));
#10358=CARTESIAN_POINT('Ctrl Pts',(-479.2,-351.61714413295,1406.38910719654));
#10359=CARTESIAN_POINT('Ctrl Pts',(-479.2,-351.691990124123,1406.57601462817));
#10360=CARTESIAN_POINT('Ctrl Pts',(-479.2,-351.760278723845,1406.76354664523));
#10361=CARTESIAN_POINT('Ctrl Pts',(-479.2,-351.829743170335,1406.95430773592));
#10362=CARTESIAN_POINT('Ctrl Pts',(-479.2,-351.892422558521,1407.14571489757));
#10363=CARTESIAN_POINT('Ctrl Pts',(-479.2,-351.948727120788,1407.33705467721));
#10364=CARTESIAN_POINT('Ctrl Pts',(-479.2,-352.006224906949,1407.53244938932));
#10365=CARTESIAN_POINT('Ctrl Pts',(-479.2,-352.057074954961,1407.72777360126));
#10366=CARTESIAN_POINT('Ctrl Pts',(-479.2,-352.101768957109,1407.92226692234));
#10367=CARTESIAN_POINT('Ctrl Pts',(-479.2,-352.145496303307,1408.11255368064));
#10368=CARTESIAN_POINT('Ctrl Pts',(-479.2,-352.18333155825,1408.30204489536));
#10369=CARTESIAN_POINT('Ctrl Pts',(-479.2,-352.215781371198,1408.49003113444));
#10370=CARTESIAN_POINT('Ctrl Pts',(-479.2,-352.227950051053,1408.56052597409));
#10371=CARTESIAN_POINT('Ctrl Pts',(-479.2,-352.239361834329,1408.63080921943));
#10372=CARTESIAN_POINT('Ctrl Pts',(-479.2,-352.250044924798,1408.70084364671));
#10373=CARTESIAN_POINT('Ctrl Pts',(-479.2,-352.25072230763,1408.7052843204));
#10374=CARTESIAN_POINT('Ctrl Pts',(-479.2,-352.251396876295,1408.7097247136));
#10375=CARTESIAN_POINT('Ctrl Pts',(-479.2,-352.25207059706,1408.71417789113));
#10376=CARTESIAN_POINT('Ctrl Pts',(-479.2,-352.27592409069,1408.87184535116));
#10377=CARTESIAN_POINT('Ctrl Pts',(-479.2,-352.298063921883,1409.04125165035));
#10378=CARTESIAN_POINT('Ctrl Pts',(-479.2,-352.317122457922,1409.22240178701));
#10379=CARTESIAN_POINT('Ctrl Pts',(-479.2,-352.337037163019,1409.41168975447));
#10380=CARTESIAN_POINT('Ctrl Pts',(-479.2,-352.353585694433,1409.61380245387));
#10381=CARTESIAN_POINT('Ctrl Pts',(-479.2,-352.365160309317,1409.82871340565));
#10382=CARTESIAN_POINT('Ctrl Pts',(-479.2,-352.375832394194,1410.02686668688));
#10383=CARTESIAN_POINT('Ctrl Pts',(-479.2,-352.38227411308,1410.23590079698));
#10384=CARTESIAN_POINT('Ctrl Pts',(-479.2,-352.383213752835,1410.45575037942));
#10385=CARTESIAN_POINT('Ctrl Pts',(-479.2,-352.383293217447,1410.47434288947));
#10386=CARTESIAN_POINT('Ctrl Pts',(-479.2,-352.383333333333,1410.49301271995));
#10387=CARTESIAN_POINT('Ctrl Pts',(-479.2,-352.383333333333,1410.51175981333));
#10388=CARTESIAN_POINT('Ctrl Pts',(-479.2,-352.383333333333,1412.14274353386));
#10389=CARTESIAN_POINT('Ctrl Pts',(-479.2,-352.383333333333,1414.94048858847));
#10390=CARTESIAN_POINT('Ctrl Pts',(-479.2,-352.383333333333,1416.73578685333));
#10391=CARTESIAN_POINT('Ctrl Pts',(-479.2,-352.383333333333,1422.58431474133));
#10392=CARTESIAN_POINT('Ctrl Pts',(-479.2,-348.484314741333,1426.48333333333));
#10393=CARTESIAN_POINT('Ctrl Pts',(-479.2,-342.635786853333,1426.48333333333));
#10394=CARTESIAN_POINT('Ctrl Pts',(-479.2,-340.235666472719,1426.48333333333));
#10395=CARTESIAN_POINT('Ctrl Pts',(-479.2,-337.835536982517,1426.48333333333));
#10396=CARTESIAN_POINT('Ctrl Pts',(-479.2,-335.435511904651,1426.48333333333));
#10397=CARTESIAN_POINT('Ctrl Pts',(-479.2,-200.296725785028,1426.48333333333));
#10398=CARTESIAN_POINT('Ctrl Pts',(-479.2,-65.4920320119553,1426.48333333333));
#10399=CARTESIAN_POINT('Ctrl Pts',(-479.2,48.1785663079183,1426.48333333333));
#10400=CARTESIAN_POINT('Ctrl Pts',(-479.2,105.013865467855,1426.48333333333));
#10401=CARTESIAN_POINT('Ctrl Pts',(-479.2,156.565640764493,1426.48333333333));
#10402=CARTESIAN_POINT('Ctrl Pts',(-479.2,200.233891809499,1426.48333333333));
#10403=CARTESIAN_POINT('Ctrl Pts',(-479.2,211.150954570751,1426.48333333333));
#10404=CARTESIAN_POINT('Ctrl Pts',(-479.2,221.575297066275,1426.48333333333));
#10405=CARTESIAN_POINT('Ctrl Pts',(-479.2,231.466294290006,1426.48333333333));
#10406=CARTESIAN_POINT('Ctrl Pts',(-479.2,235.175418248904,1426.48333333333));
#10407=CARTESIAN_POINT('Ctrl Pts',(-479.2,238.809540528957,1426.48333333333));
#10408=CARTESIAN_POINT('Ctrl Pts',(-479.2,242.366518795859,1426.48333333333));
#10409=CARTESIAN_POINT('Ctrl Pts',(-479.2,242.755563293802,1426.48333333333));
#10410=CARTESIAN_POINT('Ctrl Pts',(-479.2,243.143684926352,1426.48333333333));
#10411=CARTESIAN_POINT('Ctrl Pts',(-479.2,243.530880890392,1426.48333333333));
#10412=CARTESIAN_POINT('Ctrl Pts',(-479.2,243.721453903944,1426.48333333333));
#10413=CARTESIAN_POINT('Ctrl Pts',(-479.2,243.911802675655,1426.48333333333));
#10414=CARTESIAN_POINT('Ctrl Pts',(-479.2,244.101926871305,1426.48333333333));
#10415=CARTESIAN_POINT('Ctrl Pts',(-479.2,244.123508154321,1426.48333333333));
#10416=CARTESIAN_POINT('Ctrl Pts',(-479.2,244.145086543706,1426.48333333333));
#10417=CARTESIAN_POINT('Ctrl Pts',(-479.2,244.166662038971,1426.48333333333));
#10418=CARTESIAN_POINT('Ctrl Pts',(-479.2,244.186751443823,1426.48333333333));
#10419=CARTESIAN_POINT('Ctrl Pts',(-479.2,244.20684768459,1426.48333333333));
#10420=CARTESIAN_POINT('Ctrl Pts',(-479.2,244.226951777244,1426.48333333333));
#10421=CARTESIAN_POINT('Ctrl Pts',(-479.2,268.34220252321,1426.48333333333));
#10422=CARTESIAN_POINT('Ctrl Pts',(-479.2,303.271173396636,1426.48333333333));
#10423=CARTESIAN_POINT('Ctrl Pts',(-479.2,345.616666666667,1426.48333333333));
#10424=CARTESIAN_POINT('Ctrl Pts',(-479.2,346.212529641365,1426.48333333333));
#10425=CARTESIAN_POINT('Ctrl Pts',(-479.2,346.8156318459,1426.47540206384));
#10426=CARTESIAN_POINT('Ctrl Pts',(-479.2,347.42450218649,1426.45860045062));
#10427=CARTESIAN_POINT('Ctrl Pts',(-479.2,348.010696798315,1426.44242456803));
#10428=CARTESIAN_POINT('Ctrl Pts',(-479.2,348.602237671453,1426.41802660455));
#10429=CARTESIAN_POINT('Ctrl Pts',(-479.2,349.19782421858,1426.38461602378));
#10430=CARTESIAN_POINT('Ctrl Pts',(-479.2,349.775814686307,1426.35219252916));
#10431=CARTESIAN_POINT('Ctrl Pts',(-479.2,350.357615115733,1426.31128098771));
#10432=CARTESIAN_POINT('Ctrl Pts',(-479.2,350.942051620999,1426.26120623884));
#10433=CARTESIAN_POINT('Ctrl Pts',(-479.2,351.512396519526,1426.21233886436));
#10434=CARTESIAN_POINT('Ctrl Pts',(-479.2,352.08525174449,1426.15474475437));
#10435=CARTESIAN_POINT('Ctrl Pts',(-479.2,352.659543181928,1426.08784354947));
#10436=CARTESIAN_POINT('Ctrl Pts',(-479.2,353.222304675978,1426.02228550774));
#10437=CARTESIAN_POINT('Ctrl Pts',(-479.2,353.786445149349,1425.94779027519));
#10438=CARTESIAN_POINT('Ctrl Pts',(-479.2,354.35097255267,1425.86385858692));
#10439=CARTESIAN_POINT('Ctrl Pts',(-479.2,354.905925264159,1425.78135042573));
#10440=CARTESIAN_POINT('Ctrl Pts',(-479.2,355.46125176319,1425.68972314633));
#10441=CARTESIAN_POINT('Ctrl Pts',(-479.2,356.016029844325,1425.58854894838));
#10442=CARTESIAN_POINT('Ctrl Pts',(-479.2,356.562775965784,1425.48883952907));
#10443=CARTESIAN_POINT('Ctrl Pts',(-479.2,357.108989316284,1425.37985759634));
#10444=CARTESIAN_POINT('Ctrl Pts',(-479.2,357.653808796843,1425.26123976426));
#10445=CARTESIAN_POINT('Ctrl Pts',(-479.2,358.22001047526,1425.13796661047));
#10446=CARTESIAN_POINT('Ctrl Pts',(-479.2,358.784706366683,1425.00428588491));
#10447=CARTESIAN_POINT('Ctrl Pts',(-479.2,359.346957422884,1424.85984436328));
#10448=CARTESIAN_POINT('Ctrl Pts',(-479.2,359.891638133579,1424.71991663921));
#10449=CARTESIAN_POINT('Ctrl Pts',(-479.2,360.434024396858,1424.56989032769));
#10450=CARTESIAN_POINT('Ctrl Pts',(-479.2,360.973290133606,1424.4094959105));
#10451=CARTESIAN_POINT('Ctrl Pts',(-479.2,361.495703816081,1424.25411381885));
#10452=CARTESIAN_POINT('Ctrl Pts',(-479.2,362.015188953744,1424.08900167755));
#10453=CARTESIAN_POINT('Ctrl Pts',(-479.2,362.531021099364,1423.91396119446));
#10454=CARTESIAN_POINT('Ctrl Pts',(-479.2,363.036628123357,1423.74239046455));
#10455=CARTESIAN_POINT('Ctrl Pts',(-479.2,363.538725504748,1423.56128119608));
#10456=CARTESIAN_POINT('Ctrl Pts',(-479.2,364.036657360548,1423.37049046325));
#10457=CARTESIAN_POINT('Ctrl Pts',(-479.2,364.531441293871,1423.18090590839));
#10458=CARTESIAN_POINT('Ctrl Pts',(-479.2,365.022112115295,1422.98176192215));
#10459=CARTESIAN_POINT('Ctrl Pts',(-479.2,365.508053594892,1422.77296136025));
#10460=CARTESIAN_POINT('Ctrl Pts',(-479.2,365.991348689906,1422.56529790357));
#10461=CARTESIAN_POINT('Ctrl Pts',(-479.2,366.46996572889,1422.34808277614));
#10462=CARTESIAN_POINT('Ctrl Pts',(-479.2,366.943326874753,1422.12126301497));
#10463=CARTESIAN_POINT('Ctrl Pts',(-479.2,367.414485516637,1421.89549862438));
#10464=CARTESIAN_POINT('Ctrl Pts',(-479.2,367.880436980549,1421.66021879082));
#10465=CARTESIAN_POINT('Ctrl Pts',(-479.2,368.340640896169,1421.41541336528));
#10466=CARTESIAN_POINT('Ctrl Pts',(-479.2,368.799037581818,1421.17156929554));
#10467=CARTESIAN_POINT('Ctrl Pts',(-479.2,369.251731693951,1420.91827432654));
#10468=CARTESIAN_POINT('Ctrl Pts',(-479.2,369.698219674292,1420.65555994463));
#10469=CARTESIAN_POINT('Ctrl Pts',(-479.2,370.143254281447,1420.39370073029));
#10470=CARTESIAN_POINT('Ctrl Pts',(-479.2,370.582123019656,1420.1224833562));
#10471=CARTESIAN_POINT('Ctrl Pts',(-479.2,371.01435871148,1419.84197992139));
#10472=CARTESIAN_POINT('Ctrl Pts',(-479.2,371.445459254898,1419.56221315185));
#10473=CARTESIAN_POINT('Ctrl Pts',(-479.2,371.869961474267,1419.27320906714));
#10474=CARTESIAN_POINT('Ctrl Pts',(-479.2,372.287434328575,1418.97507948833));
#10475=CARTESIAN_POINT('Ctrl Pts',(-479.2,372.7040593328,1418.67755538407));
#10476=CARTESIAN_POINT('Ctrl Pts',(-479.2,373.113683426487,1418.37094285366));
#10477=CARTESIAN_POINT('Ctrl Pts',(-479.2,373.515911619082,1418.05539266453));
#10478=CARTESIAN_POINT('Ctrl Pts',(-479.2,373.917552193073,1417.74030346536));
#10479=CARTESIAN_POINT('Ctrl Pts',(-479.2,374.311818394336,1417.41630274628));
#10480=CARTESIAN_POINT('Ctrl Pts',(-479.2,374.698351333461,1417.0835795484));
#10481=CARTESIAN_POINT('Ctrl Pts',(-479.2,375.084533002939,1416.75115871949));
#10482=CARTESIAN_POINT('Ctrl Pts',(-479.2,375.462995397336,1416.41003130572));
#10483=CARTESIAN_POINT('Ctrl Pts',(-479.2,375.833415899196,1416.06042404517));
#10484=CARTESIAN_POINT('Ctrl Pts',(-479.2,376.203700232669,1415.71094530195));
#10485=CARTESIAN_POINT('Ctrl Pts',(-479.2,376.565948526258,1415.35299299678));
#10486=CARTESIAN_POINT('Ctrl Pts',(-479.2,376.919874713268,1414.9868310802));
#10487=CARTESIAN_POINT('Ctrl Pts',(-479.2,377.27386076426,1414.62060723007));
#10488=CARTESIAN_POINT('Ctrl Pts',(-479.2,377.619521837904,1414.24617104629));
#10489=CARTESIAN_POINT('Ctrl Pts',(-479.2,377.956608796768,1413.86382329998));
#10490=CARTESIAN_POINT('Ctrl Pts',(-479.2,378.293934375702,1413.48120489399));
#10491=CARTESIAN_POINT('Ctrl Pts',(-479.2,378.622673644829,1413.09066377922));
#10492=CARTESIAN_POINT('Ctrl Pts',(-479.2,378.942614869388,1412.69253725127));
#10493=CARTESIAN_POINT('Ctrl Pts',(-479.2,379.262957652011,1412.29391103491));
#10494=CARTESIAN_POINT('Ctrl Pts',(-479.2,379.574480243436,1411.8876804147));
#10495=CARTESIAN_POINT('Ctrl Pts',(-479.2,379.877008878467,1411.47421901738));
#10496=CARTESIAN_POINT('Ctrl Pts',(-479.2,380.18008735342,1411.060006162));
#10497=CARTESIAN_POINT('Ctrl Pts',(-479.2,380.47413910562,1410.63853628757));
#10498=CARTESIAN_POINT('Ctrl Pts',(-479.2,380.759029001839,1410.21021927185));
#10499=CARTESIAN_POINT('Ctrl Pts',(-479.2,381.044603256432,1409.78087335921));
#10500=CARTESIAN_POINT('Ctrl Pts',(-479.2,381.320971545438,1409.34464743842));
#10501=CARTESIAN_POINT('Ctrl Pts',(-479.2,381.588038131209,1408.90198768567));
#10502=CARTESIAN_POINT('Ctrl Pts',(-479.2,381.861595972341,1408.44856875283));
#10503=CARTESIAN_POINT('Ctrl Pts',(-479.2,382.125394254317,1407.98839938601));
#10504=CARTESIAN_POINT('Ctrl Pts',(-479.2,382.379374369378,1407.5219940025));
#10505=CARTESIAN_POINT('Ctrl Pts',(-479.2,382.629540661109,1407.06259226859));
#10506=CARTESIAN_POINT('Ctrl Pts',(-479.2,382.870181539005,1406.59714057492));
#10507=CARTESIAN_POINT('Ctrl Pts',(-479.2,383.101283652513,1406.1261625932));
#10508=CARTESIAN_POINT('Ctrl Pts',(-479.2,383.333445905965,1405.65302408355));
#10509=CARTESIAN_POINT('Ctrl Pts',(-479.2,383.555981652539,1405.17430854687));
#10510=CARTESIAN_POINT('Ctrl Pts',(-479.2,383.768920369915,1404.69057773505));
#10511=CARTESIAN_POINT('Ctrl Pts',(-479.2,383.982995209601,1404.20426600523));
#10512=CARTESIAN_POINT('Ctrl Pts',(-479.2,384.187370316829,1403.71288542302));
#10513=CARTESIAN_POINT('Ctrl Pts',(-479.2,384.382119390763,1403.21703666205));
#10514=CARTESIAN_POINT('Ctrl Pts',(-479.2,384.578067941859,1402.7181339237));
#10515=CARTESIAN_POINT('Ctrl Pts',(-479.2,384.764271504264,1402.21470788433));
#10516=CARTESIAN_POINT('Ctrl Pts',(-479.2,384.940849601992,1401.70739927754));
#10517=CARTESIAN_POINT('Ctrl Pts',(-479.2,385.118677083665,1401.19650119258));
#10518=CARTESIAN_POINT('Ctrl Pts',(-479.2,385.286742400076,1400.68166549493));
#10519=CARTESIAN_POINT('Ctrl Pts',(-479.2,385.445212765304,1400.16357448413));
#10520=CARTESIAN_POINT('Ctrl Pts',(-479.2,385.604967774536,1399.64128355551));
#10521=CARTESIAN_POINT('Ctrl Pts',(-479.2,385.754971638133,1399.1156844178));
#10522=CARTESIAN_POINT('Ctrl Pts',(-479.2,385.895441457279,1398.5875029046));
#10523=CARTESIAN_POINT('Ctrl Pts',(-479.2,386.037214844796,1398.05441983519));
#10524=CARTESIAN_POINT('Ctrl Pts',(-479.2,386.16927642192,1397.51870634091));
#10525=CARTESIAN_POINT('Ctrl Pts',(-479.2,386.291895801665,1396.98113434792));
#10526=CARTESIAN_POINT('Ctrl Pts',(-479.2,386.416580819916,1396.43450645031));
#10527=CARTESIAN_POINT('Ctrl Pts',(-479.2,386.531502805914,1395.8859569962));
#10528=CARTESIAN_POINT('Ctrl Pts',(-479.2,386.636993252213,1395.33632264455));
#10529=CARTESIAN_POINT('Ctrl Pts',(-479.2,386.743769269302,1394.77999011413));
#10530=CARTESIAN_POINT('Ctrl Pts',(-479.2,386.840882500332,1394.22254620341));
#10531=CARTESIAN_POINT('Ctrl Pts',(-479.2,386.928725438321,1393.66488239153));
#10532=CARTESIAN_POINT('Ctrl Pts',(-479.2,387.017795162256,1393.09943042794));
#10533=CARTESIAN_POINT('Ctrl Pts',(-479.2,387.097333899637,1392.53375250943));
#10534=CARTESIAN_POINT('Ctrl Pts',(-479.2,387.167800054571,1391.9688004607));
#10535=CARTESIAN_POINT('Ctrl Pts',(-479.2,387.239401280781,1391.39474814471));
#10536=CARTESIAN_POINT('Ctrl Pts',(-479.2,387.301635352241,1390.82144541595));
#10537=CARTESIAN_POINT('Ctrl Pts',(-479.2,387.355032852559,1390.24991178811));
#10538=CARTESIAN_POINT('Ctrl Pts',(-479.2,387.409988289816,1389.66170297239));
#10539=CARTESIAN_POINT('Ctrl Pts',(-479.2,387.455584003449,1389.07536812938));
#10540=CARTESIAN_POINT('Ctrl Pts',(-479.2,387.492450206465,1388.4920385663));
#10541=CARTESIAN_POINT('Ctrl Pts',(-479.2,387.530062301956,1387.89690683497));
#10542=CARTESIAN_POINT('Ctrl Pts',(-479.2,387.55858821556,1387.30490342134));
#10543=CARTESIAN_POINT('Ctrl Pts',(-479.2,387.578749147735,1386.7172475339));
#10544=CARTESIAN_POINT('Ctrl Pts',(-479.2,387.599620551342,1386.10888264765));
#10545=CARTESIAN_POINT('Ctrl Pts',(-479.2,387.611527120086,1385.5051773138));
#10546=CARTESIAN_POINT('Ctrl Pts',(-479.2,387.615322499734,1384.90750002244));
#10547=CARTESIAN_POINT('Ctrl Pts',(-479.2,387.616222541612,1384.76576595598));
#10548=CARTESIAN_POINT('Ctrl Pts',(-479.2,387.616666666667,1384.62437094212));
#10549=CARTESIAN_POINT('Ctrl Pts',(-479.2,387.616666666667,1384.48333333333));
#10550=CARTESIAN_POINT('',(-479.2,340.95,1380.30333333333));
#10551=CARTESIAN_POINT('Ctrl Pts',(-479.2,387.616666666667,1384.48333333333));
#10552=CARTESIAN_POINT('Ctrl Pts',(-479.2,372.061111111111,1384.48333333333));
#10553=CARTESIAN_POINT('Ctrl Pts',(-479.2,356.505555555556,1384.48333333333));
#10554=CARTESIAN_POINT('Ctrl Pts',(-479.2,340.95,1384.48333333333));
#10555=CARTESIAN_POINT('Ctrl Pts',(-479.2,339.72570634536,1384.48333333333));
#10556=CARTESIAN_POINT('Ctrl Pts',(-479.2,338.860000000001,1383.61762698797));
#10557=CARTESIAN_POINT('Ctrl Pts',(-479.2,338.86,1382.39333333333));
#10558=CARTESIAN_POINT('Ctrl Pts',(-479.2,338.86,1381.16903967869));
#10559=CARTESIAN_POINT('Ctrl Pts',(-479.2,339.72570634536,1380.30333333333));
#10560=CARTESIAN_POINT('Ctrl Pts',(-479.2,340.95,1380.30333333333));
#10561=CARTESIAN_POINT('',(-479.2,340.95,1370.16333333333));
#10562=CARTESIAN_POINT('',(-479.2,340.95,1380.30333333333));
#10563=CARTESIAN_POINT('',(-479.2,375.616666666667,1365.98333333333));
#10564=CARTESIAN_POINT('Ctrl Pts',(-479.2,340.95,1370.16333333333));
#10565=CARTESIAN_POINT('Ctrl Pts',(-479.2,339.72570634536,1370.16333333333));
#10566=CARTESIAN_POINT('Ctrl Pts',(-479.2,338.860000000001,1369.29762698797));
#10567=CARTESIAN_POINT('Ctrl Pts',(-479.2,338.86,1368.07333333333));
#10568=CARTESIAN_POINT('Ctrl Pts',(-479.2,338.86,1366.84903967869));
#10569=CARTESIAN_POINT('Ctrl Pts',(-479.2,339.72570634536,1365.98333333333));
#10570=CARTESIAN_POINT('Ctrl Pts',(-479.2,340.95,1365.98333333333));
#10571=CARTESIAN_POINT('Ctrl Pts',(-479.2,352.505555555556,1365.98333333333));
#10572=CARTESIAN_POINT('Ctrl Pts',(-479.2,364.061111111111,1365.98333333333));
#10573=CARTESIAN_POINT('Ctrl Pts',(-479.2,375.616666666667,1365.98333333333));
#10574=CARTESIAN_POINT('',(-479.2,375.616666666667,1267.98333333333));
#10575=CARTESIAN_POINT('',(-479.2,375.616666666667,1365.98333333333));
#10576=CARTESIAN_POINT('',(-479.2,317.616666666667,1267.98333333333));
#10577=CARTESIAN_POINT('',(-479.2,375.616666666667,1267.98333333333));
#10578=CARTESIAN_POINT('',(-479.2,317.616666666667,1267.98333333333));
#10579=CARTESIAN_POINT('Origin',(-479.2,317.616666666667,1267.98333333333));
#10580=CARTESIAN_POINT('',(-479.2,317.616666666667,1267.98333333333));
#10581=CARTESIAN_POINT('',(-479.2,317.616666666667,1354.11733333333));
#10582=CARTESIAN_POINT('Ctrl Pts',(-479.2,317.616666666667,1354.11733333333));
#10583=CARTESIAN_POINT('Ctrl Pts',(-452.56,317.616666666667,1354.11733333333));
#10584=CARTESIAN_POINT('Ctrl Pts',(-479.2,317.616666666667,1366.34886733333));
#10585=CARTESIAN_POINT('Ctrl Pts',(-452.56,317.616666666667,1366.34886733333));
#10586=CARTESIAN_POINT('Ctrl Pts',(-479.2,310.391196005397,1373.04459768351));
#10587=CARTESIAN_POINT('Ctrl Pts',(-452.56,310.391196005397,1373.04459768351));
#10588=CARTESIAN_POINT('Ctrl Pts',(-479.2,298.170666666667,1373.56333333333));
#10589=CARTESIAN_POINT('Ctrl Pts',(-452.56,298.170666666667,1373.56333333333));
#10590=CARTESIAN_POINT('Ctrl Pts',(-479.2,84.5685154933341,1382.63029333333));
#10591=CARTESIAN_POINT('Ctrl Pts',(-452.56,84.5685154933341,1382.63029333333));
#10592=CARTESIAN_POINT('Ctrl Pts',(-479.2,-129.03363568,1391.69725333333));
#10593=CARTESIAN_POINT('Ctrl Pts',(-452.56,-129.03363568,1391.69725333333));
#10594=CARTESIAN_POINT('Ctrl Pts',(-479.2,-342.635786853333,1400.76421333333));
#10595=CARTESIAN_POINT('Ctrl Pts',(-452.56,-342.635786853333,1400.76421333333));
#10596=CARTESIAN_POINT('Ctrl Pts',(-479.2,-348.479052844637,1401.0122476285));
#10597=CARTESIAN_POINT('Ctrl Pts',(-452.56,-348.479052844637,1401.0122476285));
#10598=CARTESIAN_POINT('Ctrl Pts',(-479.2,-352.383333333333,1404.66323192533));
#10599=CARTESIAN_POINT('Ctrl Pts',(-452.56,-352.383333333333,1404.66323192533));
#10600=CARTESIAN_POINT('Ctrl Pts',(-479.2,-352.383333333333,1410.51175981333));
#10601=CARTESIAN_POINT('Ctrl Pts',(-452.56,-352.383333333333,1410.51175981333));
#10602=CARTESIAN_POINT('Ctrl Pts',(-479.2,-352.383333333333,1412.58643549333));
#10603=CARTESIAN_POINT('Ctrl Pts',(-452.56,-352.383333333333,1412.58643549333));
#10604=CARTESIAN_POINT('Ctrl Pts',(-479.2,-352.383333333333,1414.66111117333));
#10605=CARTESIAN_POINT('Ctrl Pts',(-452.56,-352.383333333333,1414.66111117333));
#10606=CARTESIAN_POINT('Ctrl Pts',(-479.2,-352.383333333333,1416.73578685333));
#10607=CARTESIAN_POINT('Ctrl Pts',(-452.56,-352.383333333333,1416.73578685333));
#10608=CARTESIAN_POINT('Ctrl Pts',(-479.2,-352.383333333333,1422.58431474133));
#10609=CARTESIAN_POINT('Ctrl Pts',(-452.56,-352.383333333333,1422.58431474133));
#10610=CARTESIAN_POINT('Ctrl Pts',(-479.2,-348.484314741333,1426.48333333333));
#10611=CARTESIAN_POINT('Ctrl Pts',(-452.56,-348.484314741333,1426.48333333333));
#10612=CARTESIAN_POINT('Ctrl Pts',(-479.2,-342.635786853333,1426.48333333333));
#10613=CARTESIAN_POINT('Ctrl Pts',(-452.56,-342.635786853333,1426.48333333333));
#10614=CARTESIAN_POINT('Ctrl Pts',(-479.2,-113.218302346666,1426.48333333333));
#10615=CARTESIAN_POINT('Ctrl Pts',(-452.56,-113.218302346666,1426.48333333333));
#10616=CARTESIAN_POINT('Ctrl Pts',(-479.2,116.19918216,1426.48333333333));
#10617=CARTESIAN_POINT('Ctrl Pts',(-452.56,116.19918216,1426.48333333333));
#10618=CARTESIAN_POINT('Ctrl Pts',(-479.2,345.616666666667,1426.48333333333));
#10619=CARTESIAN_POINT('Ctrl Pts',(-452.56,345.616666666667,1426.48333333333));
#10620=CARTESIAN_POINT('Ctrl Pts',(-479.2,372.034666666667,1426.48333333333));
#10621=CARTESIAN_POINT('Ctrl Pts',(-452.56,372.034666666667,1426.48333333333));
#10622=CARTESIAN_POINT('Ctrl Pts',(-479.2,387.616666666667,1410.90133333333));
#10623=CARTESIAN_POINT('Ctrl Pts',(-452.56,387.616666666667,1410.90133333333));
#10624=CARTESIAN_POINT('Ctrl Pts',(-479.2,387.616666666667,1384.48333333333));
#10625=CARTESIAN_POINT('Ctrl Pts',(-452.56,387.616666666667,1384.48333333333));
#10626=CARTESIAN_POINT('',(-479.2,387.616666666667,1384.48333333333));
#10627=CARTESIAN_POINT('Ctrl Pts',(-479.2,387.616666666667,1384.48333333333));
#10628=CARTESIAN_POINT('Ctrl Pts',(-452.56,387.616666666667,1384.48333333333));
#10629=CARTESIAN_POINT('Ctrl Pts',(-479.2,372.061111111111,1384.48333333333));
#10630=CARTESIAN_POINT('Ctrl Pts',(-452.56,372.061111111111,1384.48333333333));
#10631=CARTESIAN_POINT('Ctrl Pts',(-479.2,356.505555555556,1384.48333333333));
#10632=CARTESIAN_POINT('Ctrl Pts',(-452.56,356.505555555556,1384.48333333333));
#10633=CARTESIAN_POINT('Ctrl Pts',(-479.2,340.95,1384.48333333333));
#10634=CARTESIAN_POINT('Ctrl Pts',(-452.56,340.95,1384.48333333333));
#10635=CARTESIAN_POINT('Ctrl Pts',(-479.2,339.72570634536,1384.48333333333));
#10636=CARTESIAN_POINT('Ctrl Pts',(-452.56,339.72570634536,1384.48333333333));
#10637=CARTESIAN_POINT('Ctrl Pts',(-479.2,338.860000000001,1383.61762698797));
#10638=CARTESIAN_POINT('Ctrl Pts',(-452.56,338.860000000001,1383.61762698797));
#10639=CARTESIAN_POINT('Ctrl Pts',(-479.2,338.86,1382.39333333333));
#10640=CARTESIAN_POINT('Ctrl Pts',(-452.56,338.86,1382.39333333333));
#10641=CARTESIAN_POINT('Ctrl Pts',(-479.2,338.86,1381.16903967869));
#10642=CARTESIAN_POINT('Ctrl Pts',(-452.56,338.86,1381.16903967869));
#10643=CARTESIAN_POINT('Ctrl Pts',(-479.2,339.72570634536,1380.30333333333));
#10644=CARTESIAN_POINT('Ctrl Pts',(-452.56,339.72570634536,1380.30333333333));
#10645=CARTESIAN_POINT('Ctrl Pts',(-479.2,340.95,1380.30333333333));
#10646=CARTESIAN_POINT('Ctrl Pts',(-452.56,340.95,1380.30333333333));
#10647=CARTESIAN_POINT('',(-479.2,340.95,1380.30333333333));
#10648=CARTESIAN_POINT('Origin',(-479.2,340.95,1380.30333333333));
#10649=CARTESIAN_POINT('',(-479.2,340.95,1370.16333333333));
#10650=CARTESIAN_POINT('Ctrl Pts',(-479.2,340.95,1370.16333333333));
#10651=CARTESIAN_POINT('Ctrl Pts',(-452.56,340.95,1370.16333333333));
#10652=CARTESIAN_POINT('Ctrl Pts',(-479.2,339.72570634536,1370.16333333333));
#10653=CARTESIAN_POINT('Ctrl Pts',(-452.56,339.72570634536,1370.16333333333));
#10654=CARTESIAN_POINT('Ctrl Pts',(-479.2,338.860000000001,1369.29762698797));
#10655=CARTESIAN_POINT('Ctrl Pts',(-452.56,338.860000000001,1369.29762698797));
#10656=CARTESIAN_POINT('Ctrl Pts',(-479.2,338.86,1368.07333333333));
#10657=CARTESIAN_POINT('Ctrl Pts',(-452.56,338.86,1368.07333333333));
#10658=CARTESIAN_POINT('Ctrl Pts',(-479.2,338.86,1366.84903967869));
#10659=CARTESIAN_POINT('Ctrl Pts',(-452.56,338.86,1366.84903967869));
#10660=CARTESIAN_POINT('Ctrl Pts',(-479.2,339.72570634536,1365.98333333333));
#10661=CARTESIAN_POINT('Ctrl Pts',(-452.56,339.72570634536,1365.98333333333));
#10662=CARTESIAN_POINT('Ctrl Pts',(-479.2,340.95,1365.98333333333));
#10663=CARTESIAN_POINT('Ctrl Pts',(-452.56,340.95,1365.98333333333));
#10664=CARTESIAN_POINT('Ctrl Pts',(-479.2,352.505555555556,1365.98333333333));
#10665=CARTESIAN_POINT('Ctrl Pts',(-452.56,352.505555555556,1365.98333333333));
#10666=CARTESIAN_POINT('Ctrl Pts',(-479.2,364.061111111111,1365.98333333333));
#10667=CARTESIAN_POINT('Ctrl Pts',(-452.56,364.061111111111,1365.98333333333));
#10668=CARTESIAN_POINT('Ctrl Pts',(-479.2,375.616666666667,1365.98333333333));
#10669=CARTESIAN_POINT('Ctrl Pts',(-452.56,375.616666666667,1365.98333333333));
#10670=CARTESIAN_POINT('',(-479.2,375.616666666667,1365.98333333333));
#10671=CARTESIAN_POINT('Origin',(-479.2,375.616666666667,1365.98333333333));
#10672=CARTESIAN_POINT('',(-479.2,375.616666666667,1267.98333333333));
#10673=CARTESIAN_POINT('Origin',(-479.2,375.616666666667,1267.98333333333));
#10674=UNCERTAINTY_MEASURE_WITH_UNIT(LENGTH_MEASURE(0.01),#10678,
'DISTANCE_ACCURACY_VALUE',
'Maximum model space distance between geometric entities at asserted c
onnectivities');
#10675=UNCERTAINTY_MEASURE_WITH_UNIT(LENGTH_MEASURE(0.01),#10678,
'DISTANCE_ACCURACY_VALUE',
'Maximum model space distance between geometric entities at asserted c
onnectivities');
#10676=(
GEOMETRIC_REPRESENTATION_CONTEXT(3)
GLOBAL_UNCERTAINTY_ASSIGNED_CONTEXT((#10674))
GLOBAL_UNIT_ASSIGNED_CONTEXT((#10678,#10680,#10681))
REPRESENTATION_CONTEXT('','3D')
);
#10677=(
GEOMETRIC_REPRESENTATION_CONTEXT(3)
GLOBAL_UNCERTAINTY_ASSIGNED_CONTEXT((#10675))
GLOBAL_UNIT_ASSIGNED_CONTEXT((#10678,#10680,#10681))
REPRESENTATION_CONTEXT('','3D')
);
#10678=(
LENGTH_UNIT()
NAMED_UNIT(*)
SI_UNIT(.MILLI.,.METRE.)
);
#10679=(
LENGTH_UNIT()
NAMED_UNIT(*)
SI_UNIT($,.METRE.)
);
#10680=(
NAMED_UNIT(*)
PLANE_ANGLE_UNIT()
SI_UNIT($,.RADIAN.)
);
#10681=(
NAMED_UNIT(*)
SI_UNIT($,.STERADIAN.)
SOLID_ANGLE_UNIT()
);
#10682=SHAPE_DEFINITION_REPRESENTATION(#10683,#10684);
#10683=PRODUCT_DEFINITION_SHAPE('',$,#10686);
#10684=SHAPE_REPRESENTATION('',(#1784),#10676);
#10685=PRODUCT_DEFINITION_CONTEXT('part definition',#10690,'design');
#10686=PRODUCT_DEFINITION('Document','(Unsaved)',#10687,#10685);
#10687=PRODUCT_DEFINITION_FORMATION('',$,#10692);
#10688=PRODUCT_RELATED_PRODUCT_CATEGORY('(Unsaved)','(Unsaved)',(#10692));
#10689=APPLICATION_PROTOCOL_DEFINITION('international standard',
'automotive_design',2009,#10690);
#10690=APPLICATION_CONTEXT(
'Core Data for Automotive Mechanical Design Process');
#10691=PRODUCT_CONTEXT('part definition',#10690,'mechanical');
#10692=PRODUCT('Document','(Unsaved)',$,(#10691));
#10693=PRESENTATION_STYLE_ASSIGNMENT((#10695));
#10694=PRESENTATION_STYLE_ASSIGNMENT((#10696));
#10695=SURFACE_STYLE_USAGE(.BOTH.,#10697);
#10696=SURFACE_STYLE_USAGE(.BOTH.,#10698);
#10697=SURFACE_SIDE_STYLE('',(#10699));
#10698=SURFACE_SIDE_STYLE('',(#10700));
#10699=SURFACE_STYLE_FILL_AREA(#10701);
#10700=SURFACE_STYLE_FILL_AREA(#10702);
#10701=FILL_AREA_STYLE('Steel - Satin',(#10703));
#10702=FILL_AREA_STYLE('Opaque(160,160,160)',(#10704));
#10703=FILL_AREA_STYLE_COLOUR('Steel - Satin',#10705);
#10704=FILL_AREA_STYLE_COLOUR('Opaque(160,160,160)',#10706);
#10705=COLOUR_RGB('Steel - Satin',0.627450980392157,0.627450980392157,0.627450980392157);
#10706=COLOUR_RGB('Opaque(160,160,160)',0.627450980392157,0.627450980392157,
0.627450980392157);
ENDSEC;
END-ISO-10303-21;
