ISO-10303-21;
HEADER;
/* Generated by software containing ST-Developer
 * from STEP Tools, Inc. (www.steptools.com) 
 */

FILE_DESCRIPTION(
/* description */ (''),
/* implementation_level */ '2;1');

FILE_NAME(
/* name */ 'sink base.step',
/* time_stamp */ '2026-08-12T10:26:18+02:00',
/* author */ (''),
/* organization */ (''),
/* preprocessor_version */ 'ST-DEVELOPER v20.1',
/* originating_system */ 'Autodesk Translation Framework v15.8.0.0',
/* authorisation */ '');

FILE_SCHEMA (('AUTOMOTIVE_DESIGN { 1 0 10303 214 3 1 1 }'));
ENDSEC;

DATA;
#10=MECHANICAL_DESIGN_GEOMETRIC_PRESENTATION_REPRESENTATION('',(#137,#138,
#139,#140,#141,#142,#143,#144,#145,#146,#147,#148,#149,#150,#151,#152,#153,
#154,#155,#156,#157,#158,#159,#160,#161,#162,#163,#164,#165,#166,#167,#168,
#169,#170,#171,#172,#173,#174,#175,#176,#177,#178,#179,#180,#181,#182,#183,
#184,#185,#186,#187,#188,#189,#190,#191,#192,#193,#194,#195,#196,#197,#198,
#199,#200,#201,#202,#203,#204,#205,#206,#207,#208,#209,#210,#211,#212,#213,
#214),#6238);
#11=CIRCLE('',#3815,2.);
#12=CIRCLE('',#3816,2.);
#13=CIRCLE('',#3818,2.);
#14=CIRCLE('',#3819,2.);
#15=CIRCLE('',#3821,2.5);
#16=CIRCLE('',#3822,2.5);
#17=CIRCLE('',#3824,2.5);
#18=CIRCLE('',#3825,2.5);
#19=CIRCLE('',#3827,2.49999999999977);
#20=CIRCLE('',#3828,2.5);
#21=CIRCLE('',#3830,2.5);
#22=CIRCLE('',#3831,2.5);
#23=CIRCLE('',#3833,2.49999999999977);
#24=CIRCLE('',#3834,2.5);
#25=CIRCLE('',#3836,2.49999999999977);
#26=CIRCLE('',#3837,2.49999999999977);
#27=CIRCLE('',#3839,2.49999999999989);
#28=CIRCLE('',#3840,2.49999999999977);
#29=CIRCLE('',#3842,2.50000000000023);
#30=CIRCLE('',#3843,2.50000000000011);
#31=CIRCLE('',#3845,2.);
#32=CIRCLE('',#3846,2.);
#33=CIRCLE('',#3848,2.00000000000023);
#34=CIRCLE('',#3849,2.00000000000023);
#35=CIRCLE('',#3851,2.00000000000011);
#36=CIRCLE('',#3852,2.00000000000011);
#37=CIRCLE('',#3854,1.99999999999977);
#38=CIRCLE('',#3855,2.00000000000023);
#39=CIRCLE('',#3857,2.);
#40=CIRCLE('',#3858,2.);
#41=CIRCLE('',#3902,2.);
#42=CIRCLE('',#3903,1.99999999999977);
#43=CIRCLE('',#3905,2.);
#44=CIRCLE('',#3906,1.99999999999977);
#45=CIRCLE('',#3908,2.5);
#46=CIRCLE('',#3909,2.5);
#47=CIRCLE('',#3911,2.49999999999977);
#48=CIRCLE('',#3912,2.5);
#49=CIRCLE('',#3914,2.49999999999977);
#50=CIRCLE('',#3915,2.49999999999977);
#51=CIRCLE('',#3917,2.5);
#52=CIRCLE('',#3918,2.5);
#53=CIRCLE('',#3920,2.5);
#54=CIRCLE('',#3921,2.50000000000023);
#55=CIRCLE('',#3923,2.5);
#56=CIRCLE('',#3924,2.5);
#57=CIRCLE('',#3926,2.5);
#58=CIRCLE('',#3927,2.5);
#59=CIRCLE('',#3929,2.49999999999977);
#60=CIRCLE('',#3930,2.5);
#61=CIRCLE('',#3932,2.00000000000023);
#62=CIRCLE('',#3933,2.00000000000023);
#63=CIRCLE('',#3935,2.);
#64=CIRCLE('',#3936,2.);
#65=CIRCLE('',#3938,2.00000000000023);
#66=CIRCLE('',#3939,2.00000000000023);
#67=CIRCLE('',#3941,2.);
#68=CIRCLE('',#3942,2.);
#69=CIRCLE('',#3944,2.);
#70=CIRCLE('',#3945,1.99999999999977);
#71=CIRCLE('',#3979,4.);
#72=CIRCLE('',#3980,4.);
#73=CIRCLE('',#3982,4.);
#74=CIRCLE('',#3983,4.);
#75=CIRCLE('',#3985,4.);
#76=CIRCLE('',#3986,4.);
#77=CIRCLE('',#3988,4.);
#78=CIRCLE('',#3989,4.);
#79=CIRCLE('',#3991,17.5);
#80=CIRCLE('',#3992,17.5);
#81=CIRCLE('',#3994,17.5);
#82=CIRCLE('',#3995,17.5);
#83=CIRCLE('',#4005,3.99999999999977);
#84=CIRCLE('',#4006,3.99999999999977);
#85=CIRCLE('',#4008,3.99999999999977);
#86=CIRCLE('',#4009,3.99999999999977);
#87=CIRCLE('',#4011,3.99999999999977);
#88=CIRCLE('',#4012,3.99999999999977);
#89=CIRCLE('',#4014,3.99999999999977);
#90=CIRCLE('',#4015,3.99999999999977);
#91=CIRCLE('',#4017,17.5);
#92=CIRCLE('',#4018,17.4999999999998);
#93=CIRCLE('',#4020,17.5000000000002);
#94=CIRCLE('',#4021,17.5000000000002);
#95=CYLINDRICAL_SURFACE('',#3814,2.);
#96=CYLINDRICAL_SURFACE('',#3817,2.);
#97=CYLINDRICAL_SURFACE('',#3820,2.5);
#98=CYLINDRICAL_SURFACE('',#3823,2.5);
#99=CYLINDRICAL_SURFACE('',#3826,2.5);
#100=CYLINDRICAL_SURFACE('',#3829,2.5);
#101=CYLINDRICAL_SURFACE('',#3832,2.50000000000023);
#102=CYLINDRICAL_SURFACE('',#3835,2.50000000000023);
#103=CYLINDRICAL_SURFACE('',#3838,2.49999999999989);
#104=CYLINDRICAL_SURFACE('',#3841,2.49999999999977);
#105=CYLINDRICAL_SURFACE('',#3844,2.);
#106=CYLINDRICAL_SURFACE('',#3847,1.99999999999977);
#107=CYLINDRICAL_SURFACE('',#3850,1.99999999999989);
#108=CYLINDRICAL_SURFACE('',#3853,2.00000000000023);
#109=CYLINDRICAL_SURFACE('',#3856,2.);
#110=CYLINDRICAL_SURFACE('',#3901,2.);
#111=CYLINDRICAL_SURFACE('',#3904,2.);
#112=CYLINDRICAL_SURFACE('',#3907,2.5);
#113=CYLINDRICAL_SURFACE('',#3910,2.50000000000023);
#114=CYLINDRICAL_SURFACE('',#3913,2.50000000000023);
#115=CYLINDRICAL_SURFACE('',#3916,2.5);
#116=CYLINDRICAL_SURFACE('',#3919,2.49999999999977);
#117=CYLINDRICAL_SURFACE('',#3922,2.5);
#118=CYLINDRICAL_SURFACE('',#3925,2.5);
#119=CYLINDRICAL_SURFACE('',#3928,2.50000000000023);
#120=CYLINDRICAL_SURFACE('',#3931,1.99999999999977);
#121=CYLINDRICAL_SURFACE('',#3934,2.);
#122=CYLINDRICAL_SURFACE('',#3937,1.99999999999977);
#123=CYLINDRICAL_SURFACE('',#3940,2.);
#124=CYLINDRICAL_SURFACE('',#3943,2.);
#125=CYLINDRICAL_SURFACE('',#3978,4.);
#126=CYLINDRICAL_SURFACE('',#3981,4.);
#127=CYLINDRICAL_SURFACE('',#3984,4.);
#128=CYLINDRICAL_SURFACE('',#3987,4.);
#129=CYLINDRICAL_SURFACE('',#3990,17.5);
#130=CYLINDRICAL_SURFACE('',#3993,17.5);
#131=CYLINDRICAL_SURFACE('',#4004,4.00000000000023);
#132=CYLINDRICAL_SURFACE('',#4007,4.00000000000023);
#133=CYLINDRICAL_SURFACE('',#4010,4.00000000000023);
#134=CYLINDRICAL_SURFACE('',#4013,4.00000000000023);
#135=CYLINDRICAL_SURFACE('',#4016,17.5);
#136=CYLINDRICAL_SURFACE('',#4019,17.4999999999998);
#137=STYLED_ITEM('',(#6254),#3693);
#138=STYLED_ITEM('',(#6254),#3694);
#139=STYLED_ITEM('',(#6254),#3695);
#140=STYLED_ITEM('',(#6254),#3696);
#141=STYLED_ITEM('',(#6254),#3697);
#142=STYLED_ITEM('',(#6254),#3698);
#143=STYLED_ITEM('',(#6254),#3699);
#144=STYLED_ITEM('',(#6254),#3700);
#145=STYLED_ITEM('',(#6254),#3701);
#146=STYLED_ITEM('',(#6254),#3702);
#147=STYLED_ITEM('',(#6254),#3703);
#148=STYLED_ITEM('',(#6254),#3704);
#149=STYLED_ITEM('',(#6254),#3705);
#150=STYLED_ITEM('',(#6254),#3706);
#151=STYLED_ITEM('',(#6254),#3707);
#152=STYLED_ITEM('',(#6254),#3708);
#153=STYLED_ITEM('',(#6254),#3709);
#154=STYLED_ITEM('',(#6254),#3710);
#155=STYLED_ITEM('',(#6254),#3711);
#156=STYLED_ITEM('',(#6254),#3712);
#157=STYLED_ITEM('',(#6254),#3713);
#158=STYLED_ITEM('',(#6254),#3714);
#159=STYLED_ITEM('',(#6254),#3715);
#160=STYLED_ITEM('',(#6254),#3716);
#161=STYLED_ITEM('',(#6254),#3717);
#162=STYLED_ITEM('',(#6254),#3718);
#163=STYLED_ITEM('',(#6254),#3719);
#164=STYLED_ITEM('',(#6254),#3720);
#165=STYLED_ITEM('',(#6254),#3721);
#166=STYLED_ITEM('',(#6254),#3722);
#167=STYLED_ITEM('',(#6254),#3723);
#168=STYLED_ITEM('',(#6254),#3724);
#169=STYLED_ITEM('',(#6254),#3725);
#170=STYLED_ITEM('',(#6254),#3726);
#171=STYLED_ITEM('',(#6254),#3727);
#172=STYLED_ITEM('',(#6254),#3728);
#173=STYLED_ITEM('',(#6254),#3729);
#174=STYLED_ITEM('',(#6254),#3730);
#175=STYLED_ITEM('',(#6254),#3731);
#176=STYLED_ITEM('',(#6254),#3732);
#177=STYLED_ITEM('',(#6254),#3733);
#178=STYLED_ITEM('',(#6254),#3734);
#179=STYLED_ITEM('',(#6254),#3735);
#180=STYLED_ITEM('',(#6254),#3736);
#181=STYLED_ITEM('',(#6254),#3737);
#182=STYLED_ITEM('',(#6254),#3738);
#183=STYLED_ITEM('',(#6254),#3739);
#184=STYLED_ITEM('',(#6254),#3740);
#185=STYLED_ITEM('',(#6254),#3741);
#186=STYLED_ITEM('',(#6254),#3742);
#187=STYLED_ITEM('',(#6254),#3743);
#188=STYLED_ITEM('',(#6254),#3744);
#189=STYLED_ITEM('',(#6254),#3745);
#190=STYLED_ITEM('',(#6254),#3746);
#191=STYLED_ITEM('',(#6254),#3747);
#192=STYLED_ITEM('',(#6254),#3748);
#193=STYLED_ITEM('',(#6254),#3749);
#194=STYLED_ITEM('',(#6254),#3750);
#195=STYLED_ITEM('',(#6254),#3751);
#196=STYLED_ITEM('',(#6254),#3752);
#197=STYLED_ITEM('',(#6254),#3753);
#198=STYLED_ITEM('',(#6254),#3754);
#199=STYLED_ITEM('',(#6254),#3755);
#200=STYLED_ITEM('',(#6254),#3756);
#201=STYLED_ITEM('',(#6254),#3757);
#202=STYLED_ITEM('',(#6254),#3758);
#203=STYLED_ITEM('',(#6254),#3759);
#204=STYLED_ITEM('',(#6254),#3760);
#205=STYLED_ITEM('',(#6254),#3761);
#206=STYLED_ITEM('',(#6254),#3762);
#207=STYLED_ITEM('',(#6254),#3763);
#208=STYLED_ITEM('',(#6254),#3764);
#209=STYLED_ITEM('',(#6254),#3765);
#210=STYLED_ITEM('',(#6254),#3766);
#211=STYLED_ITEM('',(#6254),#3767);
#212=STYLED_ITEM('',(#6254),#3768);
#213=STYLED_ITEM('',(#6254),#3769);
#214=STYLED_ITEM('',(#6254),#3770);
#215=FACE_OUTER_BOUND('',#405,.T.);
#216=FACE_OUTER_BOUND('',#406,.T.);
#217=FACE_OUTER_BOUND('',#407,.T.);
#218=FACE_OUTER_BOUND('',#408,.T.);
#219=FACE_OUTER_BOUND('',#409,.T.);
#220=FACE_OUTER_BOUND('',#410,.T.);
#221=FACE_OUTER_BOUND('',#411,.T.);
#222=FACE_OUTER_BOUND('',#412,.T.);
#223=FACE_OUTER_BOUND('',#413,.T.);
#224=FACE_OUTER_BOUND('',#414,.T.);
#225=FACE_OUTER_BOUND('',#415,.T.);
#226=FACE_OUTER_BOUND('',#416,.T.);
#227=FACE_OUTER_BOUND('',#417,.T.);
#228=FACE_OUTER_BOUND('',#418,.T.);
#229=FACE_OUTER_BOUND('',#419,.T.);
#230=FACE_OUTER_BOUND('',#420,.T.);
#231=FACE_OUTER_BOUND('',#421,.T.);
#232=FACE_OUTER_BOUND('',#422,.T.);
#233=FACE_OUTER_BOUND('',#423,.T.);
#234=FACE_OUTER_BOUND('',#424,.T.);
#235=FACE_OUTER_BOUND('',#425,.T.);
#236=FACE_OUTER_BOUND('',#426,.T.);
#237=FACE_OUTER_BOUND('',#427,.T.);
#238=FACE_OUTER_BOUND('',#428,.T.);
#239=FACE_OUTER_BOUND('',#429,.T.);
#240=FACE_OUTER_BOUND('',#430,.T.);
#241=FACE_OUTER_BOUND('',#431,.T.);
#242=FACE_OUTER_BOUND('',#432,.T.);
#243=FACE_OUTER_BOUND('',#433,.T.);
#244=FACE_OUTER_BOUND('',#434,.T.);
#245=FACE_OUTER_BOUND('',#435,.T.);
#246=FACE_OUTER_BOUND('',#436,.T.);
#247=FACE_OUTER_BOUND('',#437,.T.);
#248=FACE_OUTER_BOUND('',#438,.T.);
#249=FACE_OUTER_BOUND('',#439,.T.);
#250=FACE_OUTER_BOUND('',#440,.T.);
#251=FACE_OUTER_BOUND('',#441,.T.);
#252=FACE_OUTER_BOUND('',#442,.T.);
#253=FACE_OUTER_BOUND('',#443,.T.);
#254=FACE_OUTER_BOUND('',#444,.T.);
#255=FACE_OUTER_BOUND('',#445,.T.);
#256=FACE_OUTER_BOUND('',#446,.T.);
#257=FACE_OUTER_BOUND('',#447,.T.);
#258=FACE_OUTER_BOUND('',#448,.T.);
#259=FACE_OUTER_BOUND('',#449,.T.);
#260=FACE_OUTER_BOUND('',#450,.T.);
#261=FACE_OUTER_BOUND('',#451,.T.);
#262=FACE_OUTER_BOUND('',#452,.T.);
#263=FACE_OUTER_BOUND('',#453,.T.);
#264=FACE_OUTER_BOUND('',#454,.T.);
#265=FACE_OUTER_BOUND('',#455,.T.);
#266=FACE_OUTER_BOUND('',#456,.T.);
#267=FACE_OUTER_BOUND('',#457,.T.);
#268=FACE_OUTER_BOUND('',#458,.T.);
#269=FACE_OUTER_BOUND('',#459,.T.);
#270=FACE_OUTER_BOUND('',#460,.T.);
#271=FACE_OUTER_BOUND('',#461,.T.);
#272=FACE_OUTER_BOUND('',#462,.T.);
#273=FACE_OUTER_BOUND('',#463,.T.);
#274=FACE_OUTER_BOUND('',#464,.T.);
#275=FACE_OUTER_BOUND('',#465,.T.);
#276=FACE_OUTER_BOUND('',#466,.T.);
#277=FACE_OUTER_BOUND('',#467,.T.);
#278=FACE_OUTER_BOUND('',#468,.T.);
#279=FACE_OUTER_BOUND('',#469,.T.);
#280=FACE_OUTER_BOUND('',#470,.T.);
#281=FACE_OUTER_BOUND('',#471,.T.);
#282=FACE_OUTER_BOUND('',#472,.T.);
#283=FACE_OUTER_BOUND('',#473,.T.);
#284=FACE_OUTER_BOUND('',#474,.T.);
#285=FACE_OUTER_BOUND('',#475,.T.);
#286=FACE_OUTER_BOUND('',#476,.T.);
#287=FACE_OUTER_BOUND('',#477,.T.);
#288=FACE_OUTER_BOUND('',#478,.T.);
#289=FACE_OUTER_BOUND('',#479,.T.);
#290=FACE_OUTER_BOUND('',#480,.T.);
#291=FACE_OUTER_BOUND('',#481,.T.);
#292=FACE_OUTER_BOUND('',#482,.T.);
#293=FACE_OUTER_BOUND('',#483,.T.);
#294=FACE_OUTER_BOUND('',#484,.T.);
#295=FACE_OUTER_BOUND('',#485,.T.);
#296=FACE_OUTER_BOUND('',#486,.T.);
#297=FACE_OUTER_BOUND('',#487,.T.);
#298=FACE_OUTER_BOUND('',#488,.T.);
#299=FACE_OUTER_BOUND('',#489,.T.);
#300=FACE_OUTER_BOUND('',#490,.T.);
#301=FACE_OUTER_BOUND('',#491,.T.);
#302=FACE_OUTER_BOUND('',#492,.T.);
#303=FACE_OUTER_BOUND('',#493,.T.);
#304=FACE_OUTER_BOUND('',#494,.T.);
#305=FACE_OUTER_BOUND('',#495,.T.);
#306=FACE_OUTER_BOUND('',#496,.T.);
#307=FACE_OUTER_BOUND('',#497,.T.);
#308=FACE_OUTER_BOUND('',#498,.T.);
#309=FACE_OUTER_BOUND('',#499,.T.);
#310=FACE_OUTER_BOUND('',#500,.T.);
#311=FACE_OUTER_BOUND('',#501,.T.);
#312=FACE_OUTER_BOUND('',#502,.T.);
#313=FACE_OUTER_BOUND('',#503,.T.);
#314=FACE_OUTER_BOUND('',#504,.T.);
#315=FACE_OUTER_BOUND('',#505,.T.);
#316=FACE_OUTER_BOUND('',#506,.T.);
#317=FACE_OUTER_BOUND('',#507,.T.);
#318=FACE_OUTER_BOUND('',#508,.T.);
#319=FACE_OUTER_BOUND('',#509,.T.);
#320=FACE_OUTER_BOUND('',#510,.T.);
#321=FACE_OUTER_BOUND('',#511,.T.);
#322=FACE_OUTER_BOUND('',#512,.T.);
#323=FACE_OUTER_BOUND('',#513,.T.);
#324=FACE_OUTER_BOUND('',#514,.T.);
#325=FACE_OUTER_BOUND('',#515,.T.);
#326=FACE_OUTER_BOUND('',#516,.T.);
#327=FACE_OUTER_BOUND('',#517,.T.);
#328=FACE_OUTER_BOUND('',#518,.T.);
#329=FACE_OUTER_BOUND('',#519,.T.);
#330=FACE_OUTER_BOUND('',#520,.T.);
#331=FACE_OUTER_BOUND('',#521,.T.);
#332=FACE_OUTER_BOUND('',#522,.T.);
#333=FACE_OUTER_BOUND('',#523,.T.);
#334=FACE_OUTER_BOUND('',#524,.T.);
#335=FACE_OUTER_BOUND('',#525,.T.);
#336=FACE_OUTER_BOUND('',#526,.T.);
#337=FACE_OUTER_BOUND('',#527,.T.);
#338=FACE_OUTER_BOUND('',#528,.T.);
#339=FACE_OUTER_BOUND('',#529,.T.);
#340=FACE_OUTER_BOUND('',#530,.T.);
#341=FACE_OUTER_BOUND('',#531,.T.);
#342=FACE_OUTER_BOUND('',#532,.T.);
#343=FACE_OUTER_BOUND('',#533,.T.);
#344=FACE_OUTER_BOUND('',#534,.T.);
#345=FACE_OUTER_BOUND('',#535,.T.);
#346=FACE_OUTER_BOUND('',#536,.T.);
#347=FACE_OUTER_BOUND('',#537,.T.);
#348=FACE_OUTER_BOUND('',#538,.T.);
#349=FACE_OUTER_BOUND('',#539,.T.);
#350=FACE_OUTER_BOUND('',#540,.T.);
#351=FACE_OUTER_BOUND('',#541,.T.);
#352=FACE_OUTER_BOUND('',#542,.T.);
#353=FACE_OUTER_BOUND('',#543,.T.);
#354=FACE_OUTER_BOUND('',#544,.T.);
#355=FACE_OUTER_BOUND('',#545,.T.);
#356=FACE_OUTER_BOUND('',#546,.T.);
#357=FACE_OUTER_BOUND('',#547,.T.);
#358=FACE_OUTER_BOUND('',#548,.T.);
#359=FACE_OUTER_BOUND('',#549,.T.);
#360=FACE_OUTER_BOUND('',#550,.T.);
#361=FACE_OUTER_BOUND('',#551,.T.);
#362=FACE_OUTER_BOUND('',#552,.T.);
#363=FACE_OUTER_BOUND('',#553,.T.);
#364=FACE_OUTER_BOUND('',#554,.T.);
#365=FACE_OUTER_BOUND('',#555,.T.);
#366=FACE_OUTER_BOUND('',#556,.T.);
#367=FACE_OUTER_BOUND('',#557,.T.);
#368=FACE_OUTER_BOUND('',#558,.T.);
#369=FACE_OUTER_BOUND('',#559,.T.);
#370=FACE_OUTER_BOUND('',#560,.T.);
#371=FACE_OUTER_BOUND('',#561,.T.);
#372=FACE_OUTER_BOUND('',#562,.T.);
#373=FACE_OUTER_BOUND('',#563,.T.);
#374=FACE_OUTER_BOUND('',#564,.T.);
#375=FACE_OUTER_BOUND('',#565,.T.);
#376=FACE_OUTER_BOUND('',#566,.T.);
#377=FACE_OUTER_BOUND('',#567,.T.);
#378=FACE_OUTER_BOUND('',#568,.T.);
#379=FACE_OUTER_BOUND('',#569,.T.);
#380=FACE_OUTER_BOUND('',#570,.T.);
#381=FACE_OUTER_BOUND('',#571,.T.);
#382=FACE_OUTER_BOUND('',#572,.T.);
#383=FACE_OUTER_BOUND('',#573,.T.);
#384=FACE_OUTER_BOUND('',#574,.T.);
#385=FACE_OUTER_BOUND('',#575,.T.);
#386=FACE_OUTER_BOUND('',#576,.T.);
#387=FACE_OUTER_BOUND('',#577,.T.);
#388=FACE_OUTER_BOUND('',#578,.T.);
#389=FACE_OUTER_BOUND('',#579,.T.);
#390=FACE_OUTER_BOUND('',#580,.T.);
#391=FACE_OUTER_BOUND('',#581,.T.);
#392=FACE_OUTER_BOUND('',#582,.T.);
#393=FACE_OUTER_BOUND('',#583,.T.);
#394=FACE_OUTER_BOUND('',#584,.T.);
#395=FACE_OUTER_BOUND('',#585,.T.);
#396=FACE_OUTER_BOUND('',#586,.T.);
#397=FACE_OUTER_BOUND('',#587,.T.);
#398=FACE_OUTER_BOUND('',#588,.T.);
#399=FACE_OUTER_BOUND('',#589,.T.);
#400=FACE_OUTER_BOUND('',#590,.T.);
#401=FACE_OUTER_BOUND('',#591,.T.);
#402=FACE_OUTER_BOUND('',#592,.T.);
#403=FACE_OUTER_BOUND('',#593,.T.);
#404=FACE_OUTER_BOUND('',#594,.T.);
#405=EDGE_LOOP('',(#2517,#2518,#2519,#2520));
#406=EDGE_LOOP('',(#2521,#2522,#2523,#2524));
#407=EDGE_LOOP('',(#2525,#2526,#2527,#2528));
#408=EDGE_LOOP('',(#2529,#2530,#2531,#2532));
#409=EDGE_LOOP('',(#2533,#2534,#2535,#2536));
#410=EDGE_LOOP('',(#2537,#2538,#2539,#2540));
#411=EDGE_LOOP('',(#2541,#2542,#2543,#2544));
#412=EDGE_LOOP('',(#2545,#2546,#2547,#2548));
#413=EDGE_LOOP('',(#2549,#2550,#2551,#2552));
#414=EDGE_LOOP('',(#2553,#2554,#2555,#2556));
#415=EDGE_LOOP('',(#2557,#2558,#2559,#2560));
#416=EDGE_LOOP('',(#2561,#2562,#2563,#2564));
#417=EDGE_LOOP('',(#2565,#2566,#2567,#2568));
#418=EDGE_LOOP('',(#2569,#2570,#2571,#2572));
#419=EDGE_LOOP('',(#2573,#2574,#2575,#2576));
#420=EDGE_LOOP('',(#2577,#2578,#2579,#2580));
#421=EDGE_LOOP('',(#2581,#2582,#2583,#2584));
#422=EDGE_LOOP('',(#2585,#2586,#2587,#2588));
#423=EDGE_LOOP('',(#2589,#2590,#2591,#2592));
#424=EDGE_LOOP('',(#2593,#2594,#2595,#2596));
#425=EDGE_LOOP('',(#2597,#2598,#2599,#2600));
#426=EDGE_LOOP('',(#2601,#2602,#2603,#2604));
#427=EDGE_LOOP('',(#2605,#2606,#2607,#2608));
#428=EDGE_LOOP('',(#2609,#2610,#2611,#2612));
#429=EDGE_LOOP('',(#2613,#2614,#2615,#2616));
#430=EDGE_LOOP('',(#2617,#2618,#2619,#2620));
#431=EDGE_LOOP('',(#2621,#2622,#2623,#2624));
#432=EDGE_LOOP('',(#2625,#2626,#2627,#2628));
#433=EDGE_LOOP('',(#2629,#2630,#2631,#2632));
#434=EDGE_LOOP('',(#2633,#2634,#2635,#2636));
#435=EDGE_LOOP('',(#2637,#2638,#2639,#2640));
#436=EDGE_LOOP('',(#2641,#2642,#2643,#2644));
#437=EDGE_LOOP('',(#2645,#2646,#2647,#2648));
#438=EDGE_LOOP('',(#2649,#2650,#2651,#2652));
#439=EDGE_LOOP('',(#2653,#2654,#2655,#2656));
#440=EDGE_LOOP('',(#2657,#2658,#2659,#2660));
#441=EDGE_LOOP('',(#2661,#2662,#2663,#2664));
#442=EDGE_LOOP('',(#2665,#2666,#2667,#2668));
#443=EDGE_LOOP('',(#2669,#2670,#2671,#2672));
#444=EDGE_LOOP('',(#2673,#2674,#2675,#2676));
#445=EDGE_LOOP('',(#2677,#2678,#2679,#2680));
#446=EDGE_LOOP('',(#2681,#2682,#2683,#2684));
#447=EDGE_LOOP('',(#2685,#2686,#2687,#2688));
#448=EDGE_LOOP('',(#2689,#2690,#2691,#2692));
#449=EDGE_LOOP('',(#2693,#2694,#2695,#2696));
#450=EDGE_LOOP('',(#2697,#2698,#2699,#2700));
#451=EDGE_LOOP('',(#2701,#2702,#2703,#2704));
#452=EDGE_LOOP('',(#2705,#2706,#2707,#2708));
#453=EDGE_LOOP('',(#2709,#2710,#2711,#2712));
#454=EDGE_LOOP('',(#2713,#2714,#2715,#2716));
#455=EDGE_LOOP('',(#2717,#2718,#2719,#2720));
#456=EDGE_LOOP('',(#2721,#2722,#2723,#2724));
#457=EDGE_LOOP('',(#2725,#2726,#2727,#2728));
#458=EDGE_LOOP('',(#2729,#2730,#2731,#2732));
#459=EDGE_LOOP('',(#2733,#2734,#2735,#2736));
#460=EDGE_LOOP('',(#2737,#2738,#2739,#2740));
#461=EDGE_LOOP('',(#2741,#2742,#2743,#2744));
#462=EDGE_LOOP('',(#2745,#2746,#2747,#2748));
#463=EDGE_LOOP('',(#2749,#2750,#2751,#2752));
#464=EDGE_LOOP('',(#2753,#2754,#2755,#2756));
#465=EDGE_LOOP('',(#2757,#2758,#2759,#2760));
#466=EDGE_LOOP('',(#2761,#2762,#2763,#2764));
#467=EDGE_LOOP('',(#2765,#2766,#2767,#2768));
#468=EDGE_LOOP('',(#2769,#2770,#2771,#2772));
#469=EDGE_LOOP('',(#2773,#2774,#2775,#2776));
#470=EDGE_LOOP('',(#2777,#2778,#2779,#2780));
#471=EDGE_LOOP('',(#2781,#2782,#2783,#2784));
#472=EDGE_LOOP('',(#2785,#2786,#2787,#2788));
#473=EDGE_LOOP('',(#2789,#2790,#2791,#2792));
#474=EDGE_LOOP('',(#2793,#2794,#2795,#2796));
#475=EDGE_LOOP('',(#2797,#2798,#2799,#2800));
#476=EDGE_LOOP('',(#2801,#2802,#2803,#2804));
#477=EDGE_LOOP('',(#2805,#2806,#2807,#2808));
#478=EDGE_LOOP('',(#2809,#2810,#2811,#2812));
#479=EDGE_LOOP('',(#2813,#2814,#2815,#2816));
#480=EDGE_LOOP('',(#2817,#2818,#2819,#2820));
#481=EDGE_LOOP('',(#2821,#2822,#2823,#2824));
#482=EDGE_LOOP('',(#2825,#2826,#2827,#2828));
#483=EDGE_LOOP('',(#2829,#2830,#2831,#2832));
#484=EDGE_LOOP('',(#2833,#2834,#2835,#2836));
#485=EDGE_LOOP('',(#2837,#2838,#2839,#2840));
#486=EDGE_LOOP('',(#2841,#2842,#2843,#2844));
#487=EDGE_LOOP('',(#2845,#2846,#2847,#2848));
#488=EDGE_LOOP('',(#2849,#2850,#2851,#2852));
#489=EDGE_LOOP('',(#2853,#2854,#2855,#2856));
#490=EDGE_LOOP('',(#2857,#2858,#2859,#2860));
#491=EDGE_LOOP('',(#2861,#2862,#2863,#2864));
#492=EDGE_LOOP('',(#2865,#2866,#2867,#2868));
#493=EDGE_LOOP('',(#2869,#2870,#2871,#2872));
#494=EDGE_LOOP('',(#2873,#2874,#2875,#2876));
#495=EDGE_LOOP('',(#2877,#2878,#2879,#2880));
#496=EDGE_LOOP('',(#2881,#2882,#2883,#2884));
#497=EDGE_LOOP('',(#2885,#2886,#2887,#2888));
#498=EDGE_LOOP('',(#2889,#2890,#2891,#2892));
#499=EDGE_LOOP('',(#2893,#2894,#2895,#2896));
#500=EDGE_LOOP('',(#2897,#2898,#2899,#2900));
#501=EDGE_LOOP('',(#2901,#2902,#2903,#2904));
#502=EDGE_LOOP('',(#2905,#2906,#2907,#2908));
#503=EDGE_LOOP('',(#2909,#2910,#2911,#2912));
#504=EDGE_LOOP('',(#2913,#2914,#2915,#2916));
#505=EDGE_LOOP('',(#2917,#2918,#2919,#2920));
#506=EDGE_LOOP('',(#2921,#2922,#2923,#2924));
#507=EDGE_LOOP('',(#2925,#2926,#2927,#2928));
#508=EDGE_LOOP('',(#2929,#2930,#2931,#2932));
#509=EDGE_LOOP('',(#2933,#2934,#2935,#2936));
#510=EDGE_LOOP('',(#2937,#2938,#2939,#2940));
#511=EDGE_LOOP('',(#2941,#2942,#2943,#2944));
#512=EDGE_LOOP('',(#2945,#2946,#2947,#2948));
#513=EDGE_LOOP('',(#2949,#2950,#2951,#2952));
#514=EDGE_LOOP('',(#2953,#2954,#2955,#2956));
#515=EDGE_LOOP('',(#2957,#2958,#2959,#2960));
#516=EDGE_LOOP('',(#2961,#2962,#2963,#2964));
#517=EDGE_LOOP('',(#2965,#2966,#2967,#2968));
#518=EDGE_LOOP('',(#2969,#2970,#2971,#2972));
#519=EDGE_LOOP('',(#2973,#2974,#2975,#2976));
#520=EDGE_LOOP('',(#2977,#2978,#2979,#2980));
#521=EDGE_LOOP('',(#2981,#2982,#2983,#2984));
#522=EDGE_LOOP('',(#2985,#2986,#2987,#2988));
#523=EDGE_LOOP('',(#2989,#2990,#2991,#2992));
#524=EDGE_LOOP('',(#2993,#2994,#2995,#2996));
#525=EDGE_LOOP('',(#2997,#2998,#2999,#3000));
#526=EDGE_LOOP('',(#3001,#3002,#3003,#3004));
#527=EDGE_LOOP('',(#3005,#3006,#3007,#3008));
#528=EDGE_LOOP('',(#3009,#3010,#3011,#3012));
#529=EDGE_LOOP('',(#3013,#3014,#3015,#3016));
#530=EDGE_LOOP('',(#3017,#3018,#3019,#3020));
#531=EDGE_LOOP('',(#3021,#3022,#3023,#3024));
#532=EDGE_LOOP('',(#3025,#3026,#3027,#3028));
#533=EDGE_LOOP('',(#3029,#3030,#3031,#3032));
#534=EDGE_LOOP('',(#3033,#3034,#3035,#3036));
#535=EDGE_LOOP('',(#3037,#3038,#3039,#3040));
#536=EDGE_LOOP('',(#3041,#3042,#3043,#3044));
#537=EDGE_LOOP('',(#3045,#3046,#3047,#3048));
#538=EDGE_LOOP('',(#3049,#3050,#3051,#3052));
#539=EDGE_LOOP('',(#3053,#3054,#3055,#3056));
#540=EDGE_LOOP('',(#3057,#3058,#3059,#3060));
#541=EDGE_LOOP('',(#3061,#3062,#3063,#3064));
#542=EDGE_LOOP('',(#3065,#3066,#3067,#3068));
#543=EDGE_LOOP('',(#3069,#3070,#3071,#3072));
#544=EDGE_LOOP('',(#3073,#3074,#3075,#3076));
#545=EDGE_LOOP('',(#3077,#3078,#3079,#3080));
#546=EDGE_LOOP('',(#3081,#3082,#3083,#3084));
#547=EDGE_LOOP('',(#3085,#3086,#3087,#3088));
#548=EDGE_LOOP('',(#3089,#3090,#3091,#3092));
#549=EDGE_LOOP('',(#3093,#3094,#3095,#3096));
#550=EDGE_LOOP('',(#3097,#3098,#3099,#3100));
#551=EDGE_LOOP('',(#3101,#3102,#3103,#3104));
#552=EDGE_LOOP('',(#3105,#3106,#3107,#3108));
#553=EDGE_LOOP('',(#3109,#3110,#3111,#3112));
#554=EDGE_LOOP('',(#3113,#3114,#3115,#3116));
#555=EDGE_LOOP('',(#3117,#3118,#3119,#3120));
#556=EDGE_LOOP('',(#3121,#3122,#3123,#3124));
#557=EDGE_LOOP('',(#3125,#3126,#3127,#3128));
#558=EDGE_LOOP('',(#3129,#3130,#3131,#3132));
#559=EDGE_LOOP('',(#3133,#3134,#3135,#3136));
#560=EDGE_LOOP('',(#3137,#3138,#3139,#3140));
#561=EDGE_LOOP('',(#3141,#3142,#3143,#3144));
#562=EDGE_LOOP('',(#3145,#3146,#3147,#3148));
#563=EDGE_LOOP('',(#3149,#3150,#3151,#3152));
#564=EDGE_LOOP('',(#3153,#3154,#3155,#3156));
#565=EDGE_LOOP('',(#3157,#3158,#3159,#3160));
#566=EDGE_LOOP('',(#3161,#3162,#3163,#3164));
#567=EDGE_LOOP('',(#3165,#3166,#3167,#3168));
#568=EDGE_LOOP('',(#3169,#3170,#3171,#3172));
#569=EDGE_LOOP('',(#3173,#3174,#3175,#3176));
#570=EDGE_LOOP('',(#3177,#3178,#3179,#3180));
#571=EDGE_LOOP('',(#3181,#3182,#3183,#3184));
#572=EDGE_LOOP('',(#3185,#3186,#3187,#3188));
#573=EDGE_LOOP('',(#3189,#3190,#3191,#3192));
#574=EDGE_LOOP('',(#3193,#3194,#3195,#3196));
#575=EDGE_LOOP('',(#3197,#3198,#3199,#3200));
#576=EDGE_LOOP('',(#3201,#3202,#3203,#3204));
#577=EDGE_LOOP('',(#3205,#3206,#3207,#3208));
#578=EDGE_LOOP('',(#3209,#3210,#3211,#3212));
#579=EDGE_LOOP('',(#3213,#3214,#3215,#3216));
#580=EDGE_LOOP('',(#3217,#3218,#3219,#3220));
#581=EDGE_LOOP('',(#3221,#3222,#3223,#3224));
#582=EDGE_LOOP('',(#3225,#3226,#3227,#3228));
#583=EDGE_LOOP('',(#3229,#3230,#3231,#3232));
#584=EDGE_LOOP('',(#3233,#3234,#3235,#3236));
#585=EDGE_LOOP('',(#3237,#3238,#3239,#3240));
#586=EDGE_LOOP('',(#3241,#3242,#3243,#3244));
#587=EDGE_LOOP('',(#3245,#3246,#3247,#3248));
#588=EDGE_LOOP('',(#3249,#3250,#3251,#3252));
#589=EDGE_LOOP('',(#3253,#3254,#3255,#3256));
#590=EDGE_LOOP('',(#3257,#3258,#3259,#3260));
#591=EDGE_LOOP('',(#3261,#3262,#3263,#3264));
#592=EDGE_LOOP('',(#3265,#3266,#3267,#3268));
#593=EDGE_LOOP('',(#3269,#3270,#3271,#3272));
#594=EDGE_LOOP('',(#3273,#3274,#3275,#3276));
#595=LINE('',#5098,#1081);
#596=LINE('',#5100,#1082);
#597=LINE('',#5102,#1083);
#598=LINE('',#5103,#1084);
#599=LINE('',#5107,#1085);
#600=LINE('',#5108,#1086);
#601=LINE('',#5109,#1087);
#602=LINE('',#5113,#1088);
#603=LINE('',#5114,#1089);
#604=LINE('',#5115,#1090);
#605=LINE('',#5117,#1091);
#606=LINE('',#5118,#1092);
#607=LINE('',#5122,#1093);
#608=LINE('',#5124,#1094);
#609=LINE('',#5126,#1095);
#610=LINE('',#5127,#1096);
#611=LINE('',#5131,#1097);
#612=LINE('',#5132,#1098);
#613=LINE('',#5133,#1099);
#614=LINE('',#5137,#1100);
#615=LINE('',#5138,#1101);
#616=LINE('',#5139,#1102);
#617=LINE('',#5141,#1103);
#618=LINE('',#5142,#1104);
#619=LINE('',#5146,#1105);
#620=LINE('',#5148,#1106);
#621=LINE('',#5150,#1107);
#622=LINE('',#5151,#1108);
#623=LINE('',#5155,#1109);
#624=LINE('',#5156,#1110);
#625=LINE('',#5157,#1111);
#626=LINE('',#5161,#1112);
#627=LINE('',#5162,#1113);
#628=LINE('',#5163,#1114);
#629=LINE('',#5165,#1115);
#630=LINE('',#5166,#1116);
#631=LINE('',#5170,#1117);
#632=LINE('',#5172,#1118);
#633=LINE('',#5174,#1119);
#634=LINE('',#5175,#1120);
#635=LINE('',#5179,#1121);
#636=LINE('',#5180,#1122);
#637=LINE('',#5181,#1123);
#638=LINE('',#5185,#1124);
#639=LINE('',#5186,#1125);
#640=LINE('',#5187,#1126);
#641=LINE('',#5189,#1127);
#642=LINE('',#5190,#1128);
#643=LINE('',#5194,#1129);
#644=LINE('',#5196,#1130);
#645=LINE('',#5198,#1131);
#646=LINE('',#5199,#1132);
#647=LINE('',#5203,#1133);
#648=LINE('',#5204,#1134);
#649=LINE('',#5205,#1135);
#650=LINE('',#5209,#1136);
#651=LINE('',#5210,#1137);
#652=LINE('',#5211,#1138);
#653=LINE('',#5213,#1139);
#654=LINE('',#5214,#1140);
#655=LINE('',#5218,#1141);
#656=LINE('',#5220,#1142);
#657=LINE('',#5222,#1143);
#658=LINE('',#5223,#1144);
#659=LINE('',#5227,#1145);
#660=LINE('',#5228,#1146);
#661=LINE('',#5229,#1147);
#662=LINE('',#5233,#1148);
#663=LINE('',#5234,#1149);
#664=LINE('',#5235,#1150);
#665=LINE('',#5237,#1151);
#666=LINE('',#5238,#1152);
#667=LINE('',#5242,#1153);
#668=LINE('',#5244,#1154);
#669=LINE('',#5246,#1155);
#670=LINE('',#5247,#1156);
#671=LINE('',#5251,#1157);
#672=LINE('',#5252,#1158);
#673=LINE('',#5253,#1159);
#674=LINE('',#5257,#1160);
#675=LINE('',#5258,#1161);
#676=LINE('',#5259,#1162);
#677=LINE('',#5263,#1163);
#678=LINE('',#5264,#1164);
#679=LINE('',#5265,#1165);
#680=LINE('',#5269,#1166);
#681=LINE('',#5270,#1167);
#682=LINE('',#5271,#1168);
#683=LINE('',#5273,#1169);
#684=LINE('',#5274,#1170);
#685=LINE('',#5279,#1171);
#686=LINE('',#5285,#1172);
#687=LINE('',#5291,#1173);
#688=LINE('',#5297,#1174);
#689=LINE('',#5303,#1175);
#690=LINE('',#5309,#1176);
#691=LINE('',#5315,#1177);
#692=LINE('',#5321,#1178);
#693=LINE('',#5327,#1179);
#694=LINE('',#5333,#1180);
#695=LINE('',#5339,#1181);
#696=LINE('',#5345,#1182);
#697=LINE('',#5351,#1183);
#698=LINE('',#5357,#1184);
#699=LINE('',#5363,#1185);
#700=LINE('',#5368,#1186);
#701=LINE('',#5370,#1187);
#702=LINE('',#5372,#1188);
#703=LINE('',#5373,#1189);
#704=LINE('',#5377,#1190);
#705=LINE('',#5378,#1191);
#706=LINE('',#5379,#1192);
#707=LINE('',#5383,#1193);
#708=LINE('',#5384,#1194);
#709=LINE('',#5385,#1195);
#710=LINE('',#5387,#1196);
#711=LINE('',#5388,#1197);
#712=LINE('',#5392,#1198);
#713=LINE('',#5394,#1199);
#714=LINE('',#5396,#1200);
#715=LINE('',#5397,#1201);
#716=LINE('',#5401,#1202);
#717=LINE('',#5402,#1203);
#718=LINE('',#5403,#1204);
#719=LINE('',#5407,#1205);
#720=LINE('',#5408,#1206);
#721=LINE('',#5409,#1207);
#722=LINE('',#5411,#1208);
#723=LINE('',#5412,#1209);
#724=LINE('',#5416,#1210);
#725=LINE('',#5418,#1211);
#726=LINE('',#5420,#1212);
#727=LINE('',#5421,#1213);
#728=LINE('',#5425,#1214);
#729=LINE('',#5426,#1215);
#730=LINE('',#5427,#1216);
#731=LINE('',#5431,#1217);
#732=LINE('',#5432,#1218);
#733=LINE('',#5433,#1219);
#734=LINE('',#5435,#1220);
#735=LINE('',#5436,#1221);
#736=LINE('',#5440,#1222);
#737=LINE('',#5442,#1223);
#738=LINE('',#5444,#1224);
#739=LINE('',#5445,#1225);
#740=LINE('',#5449,#1226);
#741=LINE('',#5450,#1227);
#742=LINE('',#5451,#1228);
#743=LINE('',#5455,#1229);
#744=LINE('',#5456,#1230);
#745=LINE('',#5457,#1231);
#746=LINE('',#5459,#1232);
#747=LINE('',#5460,#1233);
#748=LINE('',#5464,#1234);
#749=LINE('',#5466,#1235);
#750=LINE('',#5468,#1236);
#751=LINE('',#5469,#1237);
#752=LINE('',#5473,#1238);
#753=LINE('',#5474,#1239);
#754=LINE('',#5475,#1240);
#755=LINE('',#5479,#1241);
#756=LINE('',#5480,#1242);
#757=LINE('',#5481,#1243);
#758=LINE('',#5483,#1244);
#759=LINE('',#5484,#1245);
#760=LINE('',#5488,#1246);
#761=LINE('',#5490,#1247);
#762=LINE('',#5492,#1248);
#763=LINE('',#5493,#1249);
#764=LINE('',#5497,#1250);
#765=LINE('',#5498,#1251);
#766=LINE('',#5499,#1252);
#767=LINE('',#5503,#1253);
#768=LINE('',#5504,#1254);
#769=LINE('',#5505,#1255);
#770=LINE('',#5507,#1256);
#771=LINE('',#5508,#1257);
#772=LINE('',#5512,#1258);
#773=LINE('',#5514,#1259);
#774=LINE('',#5516,#1260);
#775=LINE('',#5517,#1261);
#776=LINE('',#5521,#1262);
#777=LINE('',#5522,#1263);
#778=LINE('',#5523,#1264);
#779=LINE('',#5527,#1265);
#780=LINE('',#5528,#1266);
#781=LINE('',#5529,#1267);
#782=LINE('',#5531,#1268);
#783=LINE('',#5532,#1269);
#784=LINE('',#5536,#1270);
#785=LINE('',#5538,#1271);
#786=LINE('',#5540,#1272);
#787=LINE('',#5541,#1273);
#788=LINE('',#5545,#1274);
#789=LINE('',#5546,#1275);
#790=LINE('',#5547,#1276);
#791=LINE('',#5551,#1277);
#792=LINE('',#5552,#1278);
#793=LINE('',#5553,#1279);
#794=LINE('',#5555,#1280);
#795=LINE('',#5556,#1281);
#796=LINE('',#5560,#1282);
#797=LINE('',#5562,#1283);
#798=LINE('',#5564,#1284);
#799=LINE('',#5565,#1285);
#800=LINE('',#5569,#1286);
#801=LINE('',#5570,#1287);
#802=LINE('',#5571,#1288);
#803=LINE('',#5575,#1289);
#804=LINE('',#5576,#1290);
#805=LINE('',#5577,#1291);
#806=LINE('',#5579,#1292);
#807=LINE('',#5580,#1293);
#808=LINE('',#5584,#1294);
#809=LINE('',#5586,#1295);
#810=LINE('',#5588,#1296);
#811=LINE('',#5589,#1297);
#812=LINE('',#5593,#1298);
#813=LINE('',#5594,#1299);
#814=LINE('',#5595,#1300);
#815=LINE('',#5599,#1301);
#816=LINE('',#5600,#1302);
#817=LINE('',#5601,#1303);
#818=LINE('',#5605,#1304);
#819=LINE('',#5606,#1305);
#820=LINE('',#5607,#1306);
#821=LINE('',#5611,#1307);
#822=LINE('',#5612,#1308);
#823=LINE('',#5613,#1309);
#824=LINE('',#5615,#1310);
#825=LINE('',#5616,#1311);
#826=LINE('',#5621,#1312);
#827=LINE('',#5627,#1313);
#828=LINE('',#5633,#1314);
#829=LINE('',#5639,#1315);
#830=LINE('',#5645,#1316);
#831=LINE('',#5651,#1317);
#832=LINE('',#5657,#1318);
#833=LINE('',#5663,#1319);
#834=LINE('',#5669,#1320);
#835=LINE('',#5675,#1321);
#836=LINE('',#5681,#1322);
#837=LINE('',#5687,#1323);
#838=LINE('',#5693,#1324);
#839=LINE('',#5699,#1325);
#840=LINE('',#5705,#1326);
#841=LINE('',#5710,#1327);
#842=LINE('',#5712,#1328);
#843=LINE('',#5714,#1329);
#844=LINE('',#5715,#1330);
#845=LINE('',#5719,#1331);
#846=LINE('',#5720,#1332);
#847=LINE('',#5721,#1333);
#848=LINE('',#5725,#1334);
#849=LINE('',#5726,#1335);
#850=LINE('',#5727,#1336);
#851=LINE('',#5729,#1337);
#852=LINE('',#5730,#1338);
#853=LINE('',#5734,#1339);
#854=LINE('',#5736,#1340);
#855=LINE('',#5738,#1341);
#856=LINE('',#5739,#1342);
#857=LINE('',#5743,#1343);
#858=LINE('',#5744,#1344);
#859=LINE('',#5745,#1345);
#860=LINE('',#5749,#1346);
#861=LINE('',#5750,#1347);
#862=LINE('',#5751,#1348);
#863=LINE('',#5753,#1349);
#864=LINE('',#5754,#1350);
#865=LINE('',#5758,#1351);
#866=LINE('',#5760,#1352);
#867=LINE('',#5762,#1353);
#868=LINE('',#5763,#1354);
#869=LINE('',#5767,#1355);
#870=LINE('',#5768,#1356);
#871=LINE('',#5769,#1357);
#872=LINE('',#5773,#1358);
#873=LINE('',#5774,#1359);
#874=LINE('',#5775,#1360);
#875=LINE('',#5777,#1361);
#876=LINE('',#5778,#1362);
#877=LINE('',#5782,#1363);
#878=LINE('',#5784,#1364);
#879=LINE('',#5786,#1365);
#880=LINE('',#5787,#1366);
#881=LINE('',#5791,#1367);
#882=LINE('',#5792,#1368);
#883=LINE('',#5793,#1369);
#884=LINE('',#5797,#1370);
#885=LINE('',#5798,#1371);
#886=LINE('',#5799,#1372);
#887=LINE('',#5801,#1373);
#888=LINE('',#5802,#1374);
#889=LINE('',#5806,#1375);
#890=LINE('',#5808,#1376);
#891=LINE('',#5810,#1377);
#892=LINE('',#5811,#1378);
#893=LINE('',#5815,#1379);
#894=LINE('',#5816,#1380);
#895=LINE('',#5817,#1381);
#896=LINE('',#5821,#1382);
#897=LINE('',#5822,#1383);
#898=LINE('',#5823,#1384);
#899=LINE('',#5825,#1385);
#900=LINE('',#5826,#1386);
#901=LINE('',#5830,#1387);
#902=LINE('',#5832,#1388);
#903=LINE('',#5834,#1389);
#904=LINE('',#5835,#1390);
#905=LINE('',#5839,#1391);
#906=LINE('',#5840,#1392);
#907=LINE('',#5841,#1393);
#908=LINE('',#5845,#1394);
#909=LINE('',#5846,#1395);
#910=LINE('',#5847,#1396);
#911=LINE('',#5849,#1397);
#912=LINE('',#5850,#1398);
#913=LINE('',#5854,#1399);
#914=LINE('',#5856,#1400);
#915=LINE('',#5858,#1401);
#916=LINE('',#5859,#1402);
#917=LINE('',#5863,#1403);
#918=LINE('',#5864,#1404);
#919=LINE('',#5865,#1405);
#920=LINE('',#5869,#1406);
#921=LINE('',#5870,#1407);
#922=LINE('',#5871,#1408);
#923=LINE('',#5873,#1409);
#924=LINE('',#5874,#1410);
#925=LINE('',#5878,#1411);
#926=LINE('',#5880,#1412);
#927=LINE('',#5882,#1413);
#928=LINE('',#5883,#1414);
#929=LINE('',#5887,#1415);
#930=LINE('',#5888,#1416);
#931=LINE('',#5889,#1417);
#932=LINE('',#5893,#1418);
#933=LINE('',#5894,#1419);
#934=LINE('',#5895,#1420);
#935=LINE('',#5897,#1421);
#936=LINE('',#5898,#1422);
#937=LINE('',#5903,#1423);
#938=LINE('',#5909,#1424);
#939=LINE('',#5915,#1425);
#940=LINE('',#5921,#1426);
#941=LINE('',#5927,#1427);
#942=LINE('',#5933,#1428);
#943=LINE('',#5938,#1429);
#944=LINE('',#5940,#1430);
#945=LINE('',#5942,#1431);
#946=LINE('',#5943,#1432);
#947=LINE('',#5947,#1433);
#948=LINE('',#5948,#1434);
#949=LINE('',#5949,#1435);
#950=LINE('',#5953,#1436);
#951=LINE('',#5954,#1437);
#952=LINE('',#5955,#1438);
#953=LINE('',#5957,#1439);
#954=LINE('',#5958,#1440);
#955=LINE('',#5962,#1441);
#956=LINE('',#5964,#1442);
#957=LINE('',#5966,#1443);
#958=LINE('',#5967,#1444);
#959=LINE('',#5971,#1445);
#960=LINE('',#5972,#1446);
#961=LINE('',#5973,#1447);
#962=LINE('',#5977,#1448);
#963=LINE('',#5978,#1449);
#964=LINE('',#5979,#1450);
#965=LINE('',#5981,#1451);
#966=LINE('',#5982,#1452);
#967=LINE('',#5987,#1453);
#968=LINE('',#5993,#1454);
#969=LINE('',#5999,#1455);
#970=LINE('',#6005,#1456);
#971=LINE('',#6011,#1457);
#972=LINE('',#6017,#1458);
#973=LINE('',#6022,#1459);
#974=LINE('',#6024,#1460);
#975=LINE('',#6026,#1461);
#976=LINE('',#6027,#1462);
#977=LINE('',#6031,#1463);
#978=LINE('',#6032,#1464);
#979=LINE('',#6033,#1465);
#980=LINE('',#6037,#1466);
#981=LINE('',#6038,#1467);
#982=LINE('',#6039,#1468);
#983=LINE('',#6041,#1469);
#984=LINE('',#6042,#1470);
#985=LINE('',#6046,#1471);
#986=LINE('',#6048,#1472);
#987=LINE('',#6050,#1473);
#988=LINE('',#6051,#1474);
#989=LINE('',#6055,#1475);
#990=LINE('',#6056,#1476);
#991=LINE('',#6057,#1477);
#992=LINE('',#6061,#1478);
#993=LINE('',#6062,#1479);
#994=LINE('',#6063,#1480);
#995=LINE('',#6065,#1481);
#996=LINE('',#6066,#1482);
#997=LINE('',#6070,#1483);
#998=LINE('',#6072,#1484);
#999=LINE('',#6074,#1485);
#1000=LINE('',#6075,#1486);
#1001=LINE('',#6079,#1487);
#1002=LINE('',#6080,#1488);
#1003=LINE('',#6081,#1489);
#1004=LINE('',#6085,#1490);
#1005=LINE('',#6086,#1491);
#1006=LINE('',#6087,#1492);
#1007=LINE('',#6089,#1493);
#1008=LINE('',#6090,#1494);
#1009=LINE('',#6094,#1495);
#1010=LINE('',#6096,#1496);
#1011=LINE('',#6098,#1497);
#1012=LINE('',#6099,#1498);
#1013=LINE('',#6103,#1499);
#1014=LINE('',#6104,#1500);
#1015=LINE('',#6105,#1501);
#1016=LINE('',#6109,#1502);
#1017=LINE('',#6110,#1503);
#1018=LINE('',#6111,#1504);
#1019=LINE('',#6113,#1505);
#1020=LINE('',#6114,#1506);
#1021=LINE('',#6118,#1507);
#1022=LINE('',#6120,#1508);
#1023=LINE('',#6122,#1509);
#1024=LINE('',#6123,#1510);
#1025=LINE('',#6127,#1511);
#1026=LINE('',#6128,#1512);
#1027=LINE('',#6129,#1513);
#1028=LINE('',#6133,#1514);
#1029=LINE('',#6134,#1515);
#1030=LINE('',#6135,#1516);
#1031=LINE('',#6137,#1517);
#1032=LINE('',#6138,#1518);
#1033=LINE('',#6142,#1519);
#1034=LINE('',#6144,#1520);
#1035=LINE('',#6146,#1521);
#1036=LINE('',#6147,#1522);
#1037=LINE('',#6151,#1523);
#1038=LINE('',#6152,#1524);
#1039=LINE('',#6153,#1525);
#1040=LINE('',#6157,#1526);
#1041=LINE('',#6158,#1527);
#1042=LINE('',#6159,#1528);
#1043=LINE('',#6161,#1529);
#1044=LINE('',#6162,#1530);
#1045=LINE('',#6166,#1531);
#1046=LINE('',#6168,#1532);
#1047=LINE('',#6170,#1533);
#1048=LINE('',#6171,#1534);
#1049=LINE('',#6175,#1535);
#1050=LINE('',#6176,#1536);
#1051=LINE('',#6177,#1537);
#1052=LINE('',#6181,#1538);
#1053=LINE('',#6182,#1539);
#1054=LINE('',#6183,#1540);
#1055=LINE('',#6185,#1541);
#1056=LINE('',#6186,#1542);
#1057=LINE('',#6190,#1543);
#1058=LINE('',#6192,#1544);
#1059=LINE('',#6194,#1545);
#1060=LINE('',#6195,#1546);
#1061=LINE('',#6199,#1547);
#1062=LINE('',#6200,#1548);
#1063=LINE('',#6201,#1549);
#1064=LINE('',#6205,#1550);
#1065=LINE('',#6206,#1551);
#1066=LINE('',#6207,#1552);
#1067=LINE('',#6209,#1553);
#1068=LINE('',#6210,#1554);
#1069=LINE('',#6214,#1555);
#1070=LINE('',#6216,#1556);
#1071=LINE('',#6218,#1557);
#1072=LINE('',#6219,#1558);
#1073=LINE('',#6223,#1559);
#1074=LINE('',#6224,#1560);
#1075=LINE('',#6225,#1561);
#1076=LINE('',#6229,#1562);
#1077=LINE('',#6230,#1563);
#1078=LINE('',#6231,#1564);
#1079=LINE('',#6233,#1565);
#1080=LINE('',#6234,#1566);
#1081=VECTOR('',#4062,10.);
#1082=VECTOR('',#4063,10.);
#1083=VECTOR('',#4064,10.);
#1084=VECTOR('',#4065,10.);
#1085=VECTOR('',#4068,10.);
#1086=VECTOR('',#4069,10.);
#1087=VECTOR('',#4070,10.);
#1088=VECTOR('',#4073,10.);
#1089=VECTOR('',#4074,10.);
#1090=VECTOR('',#4075,10.);
#1091=VECTOR('',#4078,10.);
#1092=VECTOR('',#4079,10.);
#1093=VECTOR('',#4082,10.);
#1094=VECTOR('',#4083,10.);
#1095=VECTOR('',#4084,10.);
#1096=VECTOR('',#4085,10.);
#1097=VECTOR('',#4088,10.);
#1098=VECTOR('',#4089,10.);
#1099=VECTOR('',#4090,10.);
#1100=VECTOR('',#4093,10.);
#1101=VECTOR('',#4094,10.);
#1102=VECTOR('',#4095,10.);
#1103=VECTOR('',#4098,10.);
#1104=VECTOR('',#4099,10.);
#1105=VECTOR('',#4102,10.);
#1106=VECTOR('',#4103,10.);
#1107=VECTOR('',#4104,10.);
#1108=VECTOR('',#4105,10.);
#1109=VECTOR('',#4108,10.);
#1110=VECTOR('',#4109,10.);
#1111=VECTOR('',#4110,10.);
#1112=VECTOR('',#4113,10.);
#1113=VECTOR('',#4114,10.);
#1114=VECTOR('',#4115,10.);
#1115=VECTOR('',#4118,10.);
#1116=VECTOR('',#4119,10.);
#1117=VECTOR('',#4122,10.);
#1118=VECTOR('',#4123,10.);
#1119=VECTOR('',#4124,10.);
#1120=VECTOR('',#4125,10.);
#1121=VECTOR('',#4128,10.);
#1122=VECTOR('',#4129,10.);
#1123=VECTOR('',#4130,10.);
#1124=VECTOR('',#4133,10.);
#1125=VECTOR('',#4134,10.);
#1126=VECTOR('',#4135,10.);
#1127=VECTOR('',#4138,10.);
#1128=VECTOR('',#4139,10.);
#1129=VECTOR('',#4142,10.);
#1130=VECTOR('',#4143,10.);
#1131=VECTOR('',#4144,10.);
#1132=VECTOR('',#4145,10.);
#1133=VECTOR('',#4148,10.);
#1134=VECTOR('',#4149,10.);
#1135=VECTOR('',#4150,10.);
#1136=VECTOR('',#4153,10.);
#1137=VECTOR('',#4154,10.);
#1138=VECTOR('',#4155,10.);
#1139=VECTOR('',#4158,10.);
#1140=VECTOR('',#4159,10.);
#1141=VECTOR('',#4162,10.);
#1142=VECTOR('',#4163,10.);
#1143=VECTOR('',#4164,10.);
#1144=VECTOR('',#4165,10.);
#1145=VECTOR('',#4168,10.);
#1146=VECTOR('',#4169,10.);
#1147=VECTOR('',#4170,10.);
#1148=VECTOR('',#4173,10.);
#1149=VECTOR('',#4174,10.);
#1150=VECTOR('',#4175,10.);
#1151=VECTOR('',#4178,10.);
#1152=VECTOR('',#4179,10.);
#1153=VECTOR('',#4182,10.);
#1154=VECTOR('',#4183,10.);
#1155=VECTOR('',#4184,10.);
#1156=VECTOR('',#4185,10.);
#1157=VECTOR('',#4188,10.);
#1158=VECTOR('',#4189,10.);
#1159=VECTOR('',#4190,10.);
#1160=VECTOR('',#4193,10.);
#1161=VECTOR('',#4194,10.);
#1162=VECTOR('',#4195,10.);
#1163=VECTOR('',#4198,10.);
#1164=VECTOR('',#4199,10.);
#1165=VECTOR('',#4200,10.);
#1166=VECTOR('',#4203,10.);
#1167=VECTOR('',#4204,10.);
#1168=VECTOR('',#4205,10.);
#1169=VECTOR('',#4208,10.);
#1170=VECTOR('',#4209,10.);
#1171=VECTOR('',#4214,2.);
#1172=VECTOR('',#4221,2.);
#1173=VECTOR('',#4228,2.5);
#1174=VECTOR('',#4235,2.5);
#1175=VECTOR('',#4242,2.5);
#1176=VECTOR('',#4249,2.5);
#1177=VECTOR('',#4256,2.50000000000023);
#1178=VECTOR('',#4263,2.50000000000023);
#1179=VECTOR('',#4270,2.49999999999989);
#1180=VECTOR('',#4277,2.49999999999977);
#1181=VECTOR('',#4284,2.);
#1182=VECTOR('',#4291,1.99999999999977);
#1183=VECTOR('',#4298,1.99999999999989);
#1184=VECTOR('',#4305,2.00000000000023);
#1185=VECTOR('',#4312,2.);
#1186=VECTOR('',#4317,10.);
#1187=VECTOR('',#4318,10.);
#1188=VECTOR('',#4319,10.);
#1189=VECTOR('',#4320,10.);
#1190=VECTOR('',#4323,10.);
#1191=VECTOR('',#4324,10.);
#1192=VECTOR('',#4325,10.);
#1193=VECTOR('',#4328,10.);
#1194=VECTOR('',#4329,10.);
#1195=VECTOR('',#4330,10.);
#1196=VECTOR('',#4333,10.);
#1197=VECTOR('',#4334,10.);
#1198=VECTOR('',#4337,10.);
#1199=VECTOR('',#4338,10.);
#1200=VECTOR('',#4339,10.);
#1201=VECTOR('',#4340,10.);
#1202=VECTOR('',#4343,10.);
#1203=VECTOR('',#4344,10.);
#1204=VECTOR('',#4345,10.);
#1205=VECTOR('',#4348,10.);
#1206=VECTOR('',#4349,10.);
#1207=VECTOR('',#4350,10.);
#1208=VECTOR('',#4353,10.);
#1209=VECTOR('',#4354,10.);
#1210=VECTOR('',#4357,10.);
#1211=VECTOR('',#4358,10.);
#1212=VECTOR('',#4359,10.);
#1213=VECTOR('',#4360,10.);
#1214=VECTOR('',#4363,10.);
#1215=VECTOR('',#4364,10.);
#1216=VECTOR('',#4365,10.);
#1217=VECTOR('',#4368,10.);
#1218=VECTOR('',#4369,10.);
#1219=VECTOR('',#4370,10.);
#1220=VECTOR('',#4373,10.);
#1221=VECTOR('',#4374,10.);
#1222=VECTOR('',#4377,10.);
#1223=VECTOR('',#4378,10.);
#1224=VECTOR('',#4379,10.);
#1225=VECTOR('',#4380,10.);
#1226=VECTOR('',#4383,10.);
#1227=VECTOR('',#4384,10.);
#1228=VECTOR('',#4385,10.);
#1229=VECTOR('',#4388,10.);
#1230=VECTOR('',#4389,10.);
#1231=VECTOR('',#4390,10.);
#1232=VECTOR('',#4393,10.);
#1233=VECTOR('',#4394,10.);
#1234=VECTOR('',#4397,10.);
#1235=VECTOR('',#4398,10.);
#1236=VECTOR('',#4399,10.);
#1237=VECTOR('',#4400,10.);
#1238=VECTOR('',#4403,10.);
#1239=VECTOR('',#4404,10.);
#1240=VECTOR('',#4405,10.);
#1241=VECTOR('',#4408,10.);
#1242=VECTOR('',#4409,10.);
#1243=VECTOR('',#4410,10.);
#1244=VECTOR('',#4413,10.);
#1245=VECTOR('',#4414,10.);
#1246=VECTOR('',#4417,10.);
#1247=VECTOR('',#4418,10.);
#1248=VECTOR('',#4419,10.);
#1249=VECTOR('',#4420,10.);
#1250=VECTOR('',#4423,10.);
#1251=VECTOR('',#4424,10.);
#1252=VECTOR('',#4425,10.);
#1253=VECTOR('',#4428,10.);
#1254=VECTOR('',#4429,10.);
#1255=VECTOR('',#4430,10.);
#1256=VECTOR('',#4433,10.);
#1257=VECTOR('',#4434,10.);
#1258=VECTOR('',#4437,10.);
#1259=VECTOR('',#4438,10.);
#1260=VECTOR('',#4439,10.);
#1261=VECTOR('',#4440,10.);
#1262=VECTOR('',#4443,10.);
#1263=VECTOR('',#4444,10.);
#1264=VECTOR('',#4445,10.);
#1265=VECTOR('',#4448,10.);
#1266=VECTOR('',#4449,10.);
#1267=VECTOR('',#4450,10.);
#1268=VECTOR('',#4453,10.);
#1269=VECTOR('',#4454,10.);
#1270=VECTOR('',#4457,10.);
#1271=VECTOR('',#4458,10.);
#1272=VECTOR('',#4459,10.);
#1273=VECTOR('',#4460,10.);
#1274=VECTOR('',#4463,10.);
#1275=VECTOR('',#4464,10.);
#1276=VECTOR('',#4465,10.);
#1277=VECTOR('',#4468,10.);
#1278=VECTOR('',#4469,10.);
#1279=VECTOR('',#4470,10.);
#1280=VECTOR('',#4473,10.);
#1281=VECTOR('',#4474,10.);
#1282=VECTOR('',#4477,10.);
#1283=VECTOR('',#4478,10.);
#1284=VECTOR('',#4479,10.);
#1285=VECTOR('',#4480,10.);
#1286=VECTOR('',#4483,10.);
#1287=VECTOR('',#4484,10.);
#1288=VECTOR('',#4485,10.);
#1289=VECTOR('',#4488,10.);
#1290=VECTOR('',#4489,10.);
#1291=VECTOR('',#4490,10.);
#1292=VECTOR('',#4493,10.);
#1293=VECTOR('',#4494,10.);
#1294=VECTOR('',#4497,10.);
#1295=VECTOR('',#4498,10.);
#1296=VECTOR('',#4499,10.);
#1297=VECTOR('',#4500,10.);
#1298=VECTOR('',#4503,10.);
#1299=VECTOR('',#4504,10.);
#1300=VECTOR('',#4505,10.);
#1301=VECTOR('',#4508,10.);
#1302=VECTOR('',#4509,10.);
#1303=VECTOR('',#4510,10.);
#1304=VECTOR('',#4513,10.);
#1305=VECTOR('',#4514,10.);
#1306=VECTOR('',#4515,10.);
#1307=VECTOR('',#4518,10.);
#1308=VECTOR('',#4519,10.);
#1309=VECTOR('',#4520,10.);
#1310=VECTOR('',#4523,10.);
#1311=VECTOR('',#4524,10.);
#1312=VECTOR('',#4529,2.);
#1313=VECTOR('',#4536,2.);
#1314=VECTOR('',#4543,2.5);
#1315=VECTOR('',#4550,2.50000000000023);
#1316=VECTOR('',#4557,2.50000000000023);
#1317=VECTOR('',#4564,2.5);
#1318=VECTOR('',#4571,2.49999999999977);
#1319=VECTOR('',#4578,2.5);
#1320=VECTOR('',#4585,2.5);
#1321=VECTOR('',#4592,2.50000000000023);
#1322=VECTOR('',#4599,1.99999999999977);
#1323=VECTOR('',#4606,2.);
#1324=VECTOR('',#4613,1.99999999999977);
#1325=VECTOR('',#4620,2.);
#1326=VECTOR('',#4627,2.);
#1327=VECTOR('',#4632,10.);
#1328=VECTOR('',#4633,10.);
#1329=VECTOR('',#4634,10.);
#1330=VECTOR('',#4635,10.);
#1331=VECTOR('',#4638,10.);
#1332=VECTOR('',#4639,10.);
#1333=VECTOR('',#4640,10.);
#1334=VECTOR('',#4643,10.);
#1335=VECTOR('',#4644,10.);
#1336=VECTOR('',#4645,10.);
#1337=VECTOR('',#4648,10.);
#1338=VECTOR('',#4649,10.);
#1339=VECTOR('',#4652,10.);
#1340=VECTOR('',#4653,10.);
#1341=VECTOR('',#4654,10.);
#1342=VECTOR('',#4655,10.);
#1343=VECTOR('',#4658,10.);
#1344=VECTOR('',#4659,10.);
#1345=VECTOR('',#4660,10.);
#1346=VECTOR('',#4663,10.);
#1347=VECTOR('',#4664,10.);
#1348=VECTOR('',#4665,10.);
#1349=VECTOR('',#4668,10.);
#1350=VECTOR('',#4669,10.);
#1351=VECTOR('',#4672,10.);
#1352=VECTOR('',#4673,10.);
#1353=VECTOR('',#4674,10.);
#1354=VECTOR('',#4675,10.);
#1355=VECTOR('',#4678,10.);
#1356=VECTOR('',#4679,10.);
#1357=VECTOR('',#4680,10.);
#1358=VECTOR('',#4683,10.);
#1359=VECTOR('',#4684,10.);
#1360=VECTOR('',#4685,10.);
#1361=VECTOR('',#4688,10.);
#1362=VECTOR('',#4689,10.);
#1363=VECTOR('',#4692,10.);
#1364=VECTOR('',#4693,10.);
#1365=VECTOR('',#4694,10.);
#1366=VECTOR('',#4695,10.);
#1367=VECTOR('',#4698,10.);
#1368=VECTOR('',#4699,10.);
#1369=VECTOR('',#4700,10.);
#1370=VECTOR('',#4703,10.);
#1371=VECTOR('',#4704,10.);
#1372=VECTOR('',#4705,10.);
#1373=VECTOR('',#4708,10.);
#1374=VECTOR('',#4709,10.);
#1375=VECTOR('',#4712,10.);
#1376=VECTOR('',#4713,10.);
#1377=VECTOR('',#4714,10.);
#1378=VECTOR('',#4715,10.);
#1379=VECTOR('',#4718,10.);
#1380=VECTOR('',#4719,10.);
#1381=VECTOR('',#4720,10.);
#1382=VECTOR('',#4723,10.);
#1383=VECTOR('',#4724,10.);
#1384=VECTOR('',#4725,10.);
#1385=VECTOR('',#4728,10.);
#1386=VECTOR('',#4729,10.);
#1387=VECTOR('',#4732,10.);
#1388=VECTOR('',#4733,10.);
#1389=VECTOR('',#4734,10.);
#1390=VECTOR('',#4735,10.);
#1391=VECTOR('',#4738,10.);
#1392=VECTOR('',#4739,10.);
#1393=VECTOR('',#4740,10.);
#1394=VECTOR('',#4743,10.);
#1395=VECTOR('',#4744,10.);
#1396=VECTOR('',#4745,10.);
#1397=VECTOR('',#4748,10.);
#1398=VECTOR('',#4749,10.);
#1399=VECTOR('',#4752,10.);
#1400=VECTOR('',#4753,10.);
#1401=VECTOR('',#4754,10.);
#1402=VECTOR('',#4755,10.);
#1403=VECTOR('',#4758,10.);
#1404=VECTOR('',#4759,10.);
#1405=VECTOR('',#4760,10.);
#1406=VECTOR('',#4763,10.);
#1407=VECTOR('',#4764,10.);
#1408=VECTOR('',#4765,10.);
#1409=VECTOR('',#4768,10.);
#1410=VECTOR('',#4769,10.);
#1411=VECTOR('',#4772,10.);
#1412=VECTOR('',#4773,10.);
#1413=VECTOR('',#4774,10.);
#1414=VECTOR('',#4775,10.);
#1415=VECTOR('',#4778,10.);
#1416=VECTOR('',#4779,10.);
#1417=VECTOR('',#4780,10.);
#1418=VECTOR('',#4783,10.);
#1419=VECTOR('',#4784,10.);
#1420=VECTOR('',#4785,10.);
#1421=VECTOR('',#4788,10.);
#1422=VECTOR('',#4789,10.);
#1423=VECTOR('',#4794,4.);
#1424=VECTOR('',#4801,4.);
#1425=VECTOR('',#4808,4.);
#1426=VECTOR('',#4815,4.);
#1427=VECTOR('',#4822,17.5);
#1428=VECTOR('',#4829,17.5);
#1429=VECTOR('',#4834,10.);
#1430=VECTOR('',#4835,10.);
#1431=VECTOR('',#4836,10.);
#1432=VECTOR('',#4837,10.);
#1433=VECTOR('',#4840,10.);
#1434=VECTOR('',#4841,10.);
#1435=VECTOR('',#4842,10.);
#1436=VECTOR('',#4845,10.);
#1437=VECTOR('',#4846,10.);
#1438=VECTOR('',#4847,10.);
#1439=VECTOR('',#4850,10.);
#1440=VECTOR('',#4851,10.);
#1441=VECTOR('',#4854,10.);
#1442=VECTOR('',#4855,10.);
#1443=VECTOR('',#4856,10.);
#1444=VECTOR('',#4857,10.);
#1445=VECTOR('',#4860,10.);
#1446=VECTOR('',#4861,10.);
#1447=VECTOR('',#4862,10.);
#1448=VECTOR('',#4865,10.);
#1449=VECTOR('',#4866,10.);
#1450=VECTOR('',#4867,10.);
#1451=VECTOR('',#4870,10.);
#1452=VECTOR('',#4871,10.);
#1453=VECTOR('',#4876,4.00000000000023);
#1454=VECTOR('',#4883,4.00000000000023);
#1455=VECTOR('',#4890,4.00000000000023);
#1456=VECTOR('',#4897,4.00000000000023);
#1457=VECTOR('',#4904,17.5);
#1458=VECTOR('',#4911,17.4999999999998);
#1459=VECTOR('',#4916,10.);
#1460=VECTOR('',#4917,10.);
#1461=VECTOR('',#4918,10.);
#1462=VECTOR('',#4919,10.);
#1463=VECTOR('',#4922,10.);
#1464=VECTOR('',#4923,10.);
#1465=VECTOR('',#4924,10.);
#1466=VECTOR('',#4927,10.);
#1467=VECTOR('',#4928,10.);
#1468=VECTOR('',#4929,10.);
#1469=VECTOR('',#4932,10.);
#1470=VECTOR('',#4933,10.);
#1471=VECTOR('',#4936,10.);
#1472=VECTOR('',#4937,10.);
#1473=VECTOR('',#4938,10.);
#1474=VECTOR('',#4939,10.);
#1475=VECTOR('',#4942,10.);
#1476=VECTOR('',#4943,10.);
#1477=VECTOR('',#4944,10.);
#1478=VECTOR('',#4947,10.);
#1479=VECTOR('',#4948,10.);
#1480=VECTOR('',#4949,10.);
#1481=VECTOR('',#4952,10.);
#1482=VECTOR('',#4953,10.);
#1483=VECTOR('',#4956,10.);
#1484=VECTOR('',#4957,10.);
#1485=VECTOR('',#4958,10.);
#1486=VECTOR('',#4959,10.);
#1487=VECTOR('',#4962,10.);
#1488=VECTOR('',#4963,10.);
#1489=VECTOR('',#4964,10.);
#1490=VECTOR('',#4967,10.);
#1491=VECTOR('',#4968,10.);
#1492=VECTOR('',#4969,10.);
#1493=VECTOR('',#4972,10.);
#1494=VECTOR('',#4973,10.);
#1495=VECTOR('',#4976,10.);
#1496=VECTOR('',#4977,10.);
#1497=VECTOR('',#4978,10.);
#1498=VECTOR('',#4979,10.);
#1499=VECTOR('',#4982,10.);
#1500=VECTOR('',#4983,10.);
#1501=VECTOR('',#4984,10.);
#1502=VECTOR('',#4987,10.);
#1503=VECTOR('',#4988,10.);
#1504=VECTOR('',#4989,10.);
#1505=VECTOR('',#4992,10.);
#1506=VECTOR('',#4993,10.);
#1507=VECTOR('',#4996,10.);
#1508=VECTOR('',#4997,10.);
#1509=VECTOR('',#4998,10.);
#1510=VECTOR('',#4999,10.);
#1511=VECTOR('',#5002,10.);
#1512=VECTOR('',#5003,10.);
#1513=VECTOR('',#5004,10.);
#1514=VECTOR('',#5007,10.);
#1515=VECTOR('',#5008,10.);
#1516=VECTOR('',#5009,10.);
#1517=VECTOR('',#5012,10.);
#1518=VECTOR('',#5013,10.);
#1519=VECTOR('',#5016,10.);
#1520=VECTOR('',#5017,10.);
#1521=VECTOR('',#5018,10.);
#1522=VECTOR('',#5019,10.);
#1523=VECTOR('',#5022,10.);
#1524=VECTOR('',#5023,10.);
#1525=VECTOR('',#5024,10.);
#1526=VECTOR('',#5027,10.);
#1527=VECTOR('',#5028,10.);
#1528=VECTOR('',#5029,10.);
#1529=VECTOR('',#5032,10.);
#1530=VECTOR('',#5033,10.);
#1531=VECTOR('',#5036,10.);
#1532=VECTOR('',#5037,10.);
#1533=VECTOR('',#5038,10.);
#1534=VECTOR('',#5039,10.);
#1535=VECTOR('',#5042,10.);
#1536=VECTOR('',#5043,10.);
#1537=VECTOR('',#5044,10.);
#1538=VECTOR('',#5047,10.);
#1539=VECTOR('',#5048,10.);
#1540=VECTOR('',#5049,10.);
#1541=VECTOR('',#5052,10.);
#1542=VECTOR('',#5053,10.);
#1543=VECTOR('',#5056,10.);
#1544=VECTOR('',#5057,10.);
#1545=VECTOR('',#5058,10.);
#1546=VECTOR('',#5059,10.);
#1547=VECTOR('',#5062,10.);
#1548=VECTOR('',#5063,10.);
#1549=VECTOR('',#5064,10.);
#1550=VECTOR('',#5067,10.);
#1551=VECTOR('',#5068,10.);
#1552=VECTOR('',#5069,10.);
#1553=VECTOR('',#5072,10.);
#1554=VECTOR('',#5073,10.);
#1555=VECTOR('',#5076,10.);
#1556=VECTOR('',#5077,10.);
#1557=VECTOR('',#5078,10.);
#1558=VECTOR('',#5079,10.);
#1559=VECTOR('',#5082,10.);
#1560=VECTOR('',#5083,10.);
#1561=VECTOR('',#5084,10.);
#1562=VECTOR('',#5087,10.);
#1563=VECTOR('',#5088,10.);
#1564=VECTOR('',#5089,10.);
#1565=VECTOR('',#5092,10.);
#1566=VECTOR('',#5093,10.);
#1567=VERTEX_POINT('',#5096);
#1568=VERTEX_POINT('',#5097);
#1569=VERTEX_POINT('',#5099);
#1570=VERTEX_POINT('',#5101);
#1571=VERTEX_POINT('',#5105);
#1572=VERTEX_POINT('',#5106);
#1573=VERTEX_POINT('',#5111);
#1574=VERTEX_POINT('',#5112);
#1575=VERTEX_POINT('',#5120);
#1576=VERTEX_POINT('',#5121);
#1577=VERTEX_POINT('',#5123);
#1578=VERTEX_POINT('',#5125);
#1579=VERTEX_POINT('',#5129);
#1580=VERTEX_POINT('',#5130);
#1581=VERTEX_POINT('',#5135);
#1582=VERTEX_POINT('',#5136);
#1583=VERTEX_POINT('',#5144);
#1584=VERTEX_POINT('',#5145);
#1585=VERTEX_POINT('',#5147);
#1586=VERTEX_POINT('',#5149);
#1587=VERTEX_POINT('',#5153);
#1588=VERTEX_POINT('',#5154);
#1589=VERTEX_POINT('',#5159);
#1590=VERTEX_POINT('',#5160);
#1591=VERTEX_POINT('',#5168);
#1592=VERTEX_POINT('',#5169);
#1593=VERTEX_POINT('',#5171);
#1594=VERTEX_POINT('',#5173);
#1595=VERTEX_POINT('',#5177);
#1596=VERTEX_POINT('',#5178);
#1597=VERTEX_POINT('',#5183);
#1598=VERTEX_POINT('',#5184);
#1599=VERTEX_POINT('',#5192);
#1600=VERTEX_POINT('',#5193);
#1601=VERTEX_POINT('',#5195);
#1602=VERTEX_POINT('',#5197);
#1603=VERTEX_POINT('',#5201);
#1604=VERTEX_POINT('',#5202);
#1605=VERTEX_POINT('',#5207);
#1606=VERTEX_POINT('',#5208);
#1607=VERTEX_POINT('',#5216);
#1608=VERTEX_POINT('',#5217);
#1609=VERTEX_POINT('',#5219);
#1610=VERTEX_POINT('',#5221);
#1611=VERTEX_POINT('',#5225);
#1612=VERTEX_POINT('',#5226);
#1613=VERTEX_POINT('',#5231);
#1614=VERTEX_POINT('',#5232);
#1615=VERTEX_POINT('',#5240);
#1616=VERTEX_POINT('',#5241);
#1617=VERTEX_POINT('',#5243);
#1618=VERTEX_POINT('',#5245);
#1619=VERTEX_POINT('',#5249);
#1620=VERTEX_POINT('',#5250);
#1621=VERTEX_POINT('',#5255);
#1622=VERTEX_POINT('',#5256);
#1623=VERTEX_POINT('',#5261);
#1624=VERTEX_POINT('',#5262);
#1625=VERTEX_POINT('',#5267);
#1626=VERTEX_POINT('',#5268);
#1627=VERTEX_POINT('',#5276);
#1628=VERTEX_POINT('',#5278);
#1629=VERTEX_POINT('',#5282);
#1630=VERTEX_POINT('',#5284);
#1631=VERTEX_POINT('',#5288);
#1632=VERTEX_POINT('',#5290);
#1633=VERTEX_POINT('',#5294);
#1634=VERTEX_POINT('',#5296);
#1635=VERTEX_POINT('',#5300);
#1636=VERTEX_POINT('',#5302);
#1637=VERTEX_POINT('',#5306);
#1638=VERTEX_POINT('',#5308);
#1639=VERTEX_POINT('',#5312);
#1640=VERTEX_POINT('',#5314);
#1641=VERTEX_POINT('',#5318);
#1642=VERTEX_POINT('',#5320);
#1643=VERTEX_POINT('',#5324);
#1644=VERTEX_POINT('',#5326);
#1645=VERTEX_POINT('',#5330);
#1646=VERTEX_POINT('',#5332);
#1647=VERTEX_POINT('',#5336);
#1648=VERTEX_POINT('',#5338);
#1649=VERTEX_POINT('',#5342);
#1650=VERTEX_POINT('',#5344);
#1651=VERTEX_POINT('',#5348);
#1652=VERTEX_POINT('',#5350);
#1653=VERTEX_POINT('',#5354);
#1654=VERTEX_POINT('',#5356);
#1655=VERTEX_POINT('',#5360);
#1656=VERTEX_POINT('',#5362);
#1657=VERTEX_POINT('',#5366);
#1658=VERTEX_POINT('',#5367);
#1659=VERTEX_POINT('',#5369);
#1660=VERTEX_POINT('',#5371);
#1661=VERTEX_POINT('',#5375);
#1662=VERTEX_POINT('',#5376);
#1663=VERTEX_POINT('',#5381);
#1664=VERTEX_POINT('',#5382);
#1665=VERTEX_POINT('',#5390);
#1666=VERTEX_POINT('',#5391);
#1667=VERTEX_POINT('',#5393);
#1668=VERTEX_POINT('',#5395);
#1669=VERTEX_POINT('',#5399);
#1670=VERTEX_POINT('',#5400);
#1671=VERTEX_POINT('',#5405);
#1672=VERTEX_POINT('',#5406);
#1673=VERTEX_POINT('',#5414);
#1674=VERTEX_POINT('',#5415);
#1675=VERTEX_POINT('',#5417);
#1676=VERTEX_POINT('',#5419);
#1677=VERTEX_POINT('',#5423);
#1678=VERTEX_POINT('',#5424);
#1679=VERTEX_POINT('',#5429);
#1680=VERTEX_POINT('',#5430);
#1681=VERTEX_POINT('',#5438);
#1682=VERTEX_POINT('',#5439);
#1683=VERTEX_POINT('',#5441);
#1684=VERTEX_POINT('',#5443);
#1685=VERTEX_POINT('',#5447);
#1686=VERTEX_POINT('',#5448);
#1687=VERTEX_POINT('',#5453);
#1688=VERTEX_POINT('',#5454);
#1689=VERTEX_POINT('',#5462);
#1690=VERTEX_POINT('',#5463);
#1691=VERTEX_POINT('',#5465);
#1692=VERTEX_POINT('',#5467);
#1693=VERTEX_POINT('',#5471);
#1694=VERTEX_POINT('',#5472);
#1695=VERTEX_POINT('',#5477);
#1696=VERTEX_POINT('',#5478);
#1697=VERTEX_POINT('',#5486);
#1698=VERTEX_POINT('',#5487);
#1699=VERTEX_POINT('',#5489);
#1700=VERTEX_POINT('',#5491);
#1701=VERTEX_POINT('',#5495);
#1702=VERTEX_POINT('',#5496);
#1703=VERTEX_POINT('',#5501);
#1704=VERTEX_POINT('',#5502);
#1705=VERTEX_POINT('',#5510);
#1706=VERTEX_POINT('',#5511);
#1707=VERTEX_POINT('',#5513);
#1708=VERTEX_POINT('',#5515);
#1709=VERTEX_POINT('',#5519);
#1710=VERTEX_POINT('',#5520);
#1711=VERTEX_POINT('',#5525);
#1712=VERTEX_POINT('',#5526);
#1713=VERTEX_POINT('',#5534);
#1714=VERTEX_POINT('',#5535);
#1715=VERTEX_POINT('',#5537);
#1716=VERTEX_POINT('',#5539);
#1717=VERTEX_POINT('',#5543);
#1718=VERTEX_POINT('',#5544);
#1719=VERTEX_POINT('',#5549);
#1720=VERTEX_POINT('',#5550);
#1721=VERTEX_POINT('',#5558);
#1722=VERTEX_POINT('',#5559);
#1723=VERTEX_POINT('',#5561);
#1724=VERTEX_POINT('',#5563);
#1725=VERTEX_POINT('',#5567);
#1726=VERTEX_POINT('',#5568);
#1727=VERTEX_POINT('',#5573);
#1728=VERTEX_POINT('',#5574);
#1729=VERTEX_POINT('',#5582);
#1730=VERTEX_POINT('',#5583);
#1731=VERTEX_POINT('',#5585);
#1732=VERTEX_POINT('',#5587);
#1733=VERTEX_POINT('',#5591);
#1734=VERTEX_POINT('',#5592);
#1735=VERTEX_POINT('',#5597);
#1736=VERTEX_POINT('',#5598);
#1737=VERTEX_POINT('',#5603);
#1738=VERTEX_POINT('',#5604);
#1739=VERTEX_POINT('',#5609);
#1740=VERTEX_POINT('',#5610);
#1741=VERTEX_POINT('',#5618);
#1742=VERTEX_POINT('',#5620);
#1743=VERTEX_POINT('',#5624);
#1744=VERTEX_POINT('',#5626);
#1745=VERTEX_POINT('',#5630);
#1746=VERTEX_POINT('',#5632);
#1747=VERTEX_POINT('',#5636);
#1748=VERTEX_POINT('',#5638);
#1749=VERTEX_POINT('',#5642);
#1750=VERTEX_POINT('',#5644);
#1751=VERTEX_POINT('',#5648);
#1752=VERTEX_POINT('',#5650);
#1753=VERTEX_POINT('',#5654);
#1754=VERTEX_POINT('',#5656);
#1755=VERTEX_POINT('',#5660);
#1756=VERTEX_POINT('',#5662);
#1757=VERTEX_POINT('',#5666);
#1758=VERTEX_POINT('',#5668);
#1759=VERTEX_POINT('',#5672);
#1760=VERTEX_POINT('',#5674);
#1761=VERTEX_POINT('',#5678);
#1762=VERTEX_POINT('',#5680);
#1763=VERTEX_POINT('',#5684);
#1764=VERTEX_POINT('',#5686);
#1765=VERTEX_POINT('',#5690);
#1766=VERTEX_POINT('',#5692);
#1767=VERTEX_POINT('',#5696);
#1768=VERTEX_POINT('',#5698);
#1769=VERTEX_POINT('',#5702);
#1770=VERTEX_POINT('',#5704);
#1771=VERTEX_POINT('',#5708);
#1772=VERTEX_POINT('',#5709);
#1773=VERTEX_POINT('',#5711);
#1774=VERTEX_POINT('',#5713);
#1775=VERTEX_POINT('',#5717);
#1776=VERTEX_POINT('',#5718);
#1777=VERTEX_POINT('',#5723);
#1778=VERTEX_POINT('',#5724);
#1779=VERTEX_POINT('',#5732);
#1780=VERTEX_POINT('',#5733);
#1781=VERTEX_POINT('',#5735);
#1782=VERTEX_POINT('',#5737);
#1783=VERTEX_POINT('',#5741);
#1784=VERTEX_POINT('',#5742);
#1785=VERTEX_POINT('',#5747);
#1786=VERTEX_POINT('',#5748);
#1787=VERTEX_POINT('',#5756);
#1788=VERTEX_POINT('',#5757);
#1789=VERTEX_POINT('',#5759);
#1790=VERTEX_POINT('',#5761);
#1791=VERTEX_POINT('',#5765);
#1792=VERTEX_POINT('',#5766);
#1793=VERTEX_POINT('',#5771);
#1794=VERTEX_POINT('',#5772);
#1795=VERTEX_POINT('',#5780);
#1796=VERTEX_POINT('',#5781);
#1797=VERTEX_POINT('',#5783);
#1798=VERTEX_POINT('',#5785);
#1799=VERTEX_POINT('',#5789);
#1800=VERTEX_POINT('',#5790);
#1801=VERTEX_POINT('',#5795);
#1802=VERTEX_POINT('',#5796);
#1803=VERTEX_POINT('',#5804);
#1804=VERTEX_POINT('',#5805);
#1805=VERTEX_POINT('',#5807);
#1806=VERTEX_POINT('',#5809);
#1807=VERTEX_POINT('',#5813);
#1808=VERTEX_POINT('',#5814);
#1809=VERTEX_POINT('',#5819);
#1810=VERTEX_POINT('',#5820);
#1811=VERTEX_POINT('',#5828);
#1812=VERTEX_POINT('',#5829);
#1813=VERTEX_POINT('',#5831);
#1814=VERTEX_POINT('',#5833);
#1815=VERTEX_POINT('',#5837);
#1816=VERTEX_POINT('',#5838);
#1817=VERTEX_POINT('',#5843);
#1818=VERTEX_POINT('',#5844);
#1819=VERTEX_POINT('',#5852);
#1820=VERTEX_POINT('',#5853);
#1821=VERTEX_POINT('',#5855);
#1822=VERTEX_POINT('',#5857);
#1823=VERTEX_POINT('',#5861);
#1824=VERTEX_POINT('',#5862);
#1825=VERTEX_POINT('',#5867);
#1826=VERTEX_POINT('',#5868);
#1827=VERTEX_POINT('',#5876);
#1828=VERTEX_POINT('',#5877);
#1829=VERTEX_POINT('',#5879);
#1830=VERTEX_POINT('',#5881);
#1831=VERTEX_POINT('',#5885);
#1832=VERTEX_POINT('',#5886);
#1833=VERTEX_POINT('',#5891);
#1834=VERTEX_POINT('',#5892);
#1835=VERTEX_POINT('',#5900);
#1836=VERTEX_POINT('',#5902);
#1837=VERTEX_POINT('',#5906);
#1838=VERTEX_POINT('',#5908);
#1839=VERTEX_POINT('',#5912);
#1840=VERTEX_POINT('',#5914);
#1841=VERTEX_POINT('',#5918);
#1842=VERTEX_POINT('',#5920);
#1843=VERTEX_POINT('',#5924);
#1844=VERTEX_POINT('',#5926);
#1845=VERTEX_POINT('',#5930);
#1846=VERTEX_POINT('',#5932);
#1847=VERTEX_POINT('',#5936);
#1848=VERTEX_POINT('',#5937);
#1849=VERTEX_POINT('',#5939);
#1850=VERTEX_POINT('',#5941);
#1851=VERTEX_POINT('',#5945);
#1852=VERTEX_POINT('',#5946);
#1853=VERTEX_POINT('',#5951);
#1854=VERTEX_POINT('',#5952);
#1855=VERTEX_POINT('',#5960);
#1856=VERTEX_POINT('',#5961);
#1857=VERTEX_POINT('',#5963);
#1858=VERTEX_POINT('',#5965);
#1859=VERTEX_POINT('',#5969);
#1860=VERTEX_POINT('',#5970);
#1861=VERTEX_POINT('',#5975);
#1862=VERTEX_POINT('',#5976);
#1863=VERTEX_POINT('',#5984);
#1864=VERTEX_POINT('',#5986);
#1865=VERTEX_POINT('',#5990);
#1866=VERTEX_POINT('',#5992);
#1867=VERTEX_POINT('',#5996);
#1868=VERTEX_POINT('',#5998);
#1869=VERTEX_POINT('',#6002);
#1870=VERTEX_POINT('',#6004);
#1871=VERTEX_POINT('',#6008);
#1872=VERTEX_POINT('',#6010);
#1873=VERTEX_POINT('',#6014);
#1874=VERTEX_POINT('',#6016);
#1875=VERTEX_POINT('',#6020);
#1876=VERTEX_POINT('',#6021);
#1877=VERTEX_POINT('',#6023);
#1878=VERTEX_POINT('',#6025);
#1879=VERTEX_POINT('',#6029);
#1880=VERTEX_POINT('',#6030);
#1881=VERTEX_POINT('',#6035);
#1882=VERTEX_POINT('',#6036);
#1883=VERTEX_POINT('',#6044);
#1884=VERTEX_POINT('',#6045);
#1885=VERTEX_POINT('',#6047);
#1886=VERTEX_POINT('',#6049);
#1887=VERTEX_POINT('',#6053);
#1888=VERTEX_POINT('',#6054);
#1889=VERTEX_POINT('',#6059);
#1890=VERTEX_POINT('',#6060);
#1891=VERTEX_POINT('',#6068);
#1892=VERTEX_POINT('',#6069);
#1893=VERTEX_POINT('',#6071);
#1894=VERTEX_POINT('',#6073);
#1895=VERTEX_POINT('',#6077);
#1896=VERTEX_POINT('',#6078);
#1897=VERTEX_POINT('',#6083);
#1898=VERTEX_POINT('',#6084);
#1899=VERTEX_POINT('',#6092);
#1900=VERTEX_POINT('',#6093);
#1901=VERTEX_POINT('',#6095);
#1902=VERTEX_POINT('',#6097);
#1903=VERTEX_POINT('',#6101);
#1904=VERTEX_POINT('',#6102);
#1905=VERTEX_POINT('',#6107);
#1906=VERTEX_POINT('',#6108);
#1907=VERTEX_POINT('',#6116);
#1908=VERTEX_POINT('',#6117);
#1909=VERTEX_POINT('',#6119);
#1910=VERTEX_POINT('',#6121);
#1911=VERTEX_POINT('',#6125);
#1912=VERTEX_POINT('',#6126);
#1913=VERTEX_POINT('',#6131);
#1914=VERTEX_POINT('',#6132);
#1915=VERTEX_POINT('',#6140);
#1916=VERTEX_POINT('',#6141);
#1917=VERTEX_POINT('',#6143);
#1918=VERTEX_POINT('',#6145);
#1919=VERTEX_POINT('',#6149);
#1920=VERTEX_POINT('',#6150);
#1921=VERTEX_POINT('',#6155);
#1922=VERTEX_POINT('',#6156);
#1923=VERTEX_POINT('',#6164);
#1924=VERTEX_POINT('',#6165);
#1925=VERTEX_POINT('',#6167);
#1926=VERTEX_POINT('',#6169);
#1927=VERTEX_POINT('',#6173);
#1928=VERTEX_POINT('',#6174);
#1929=VERTEX_POINT('',#6179);
#1930=VERTEX_POINT('',#6180);
#1931=VERTEX_POINT('',#6188);
#1932=VERTEX_POINT('',#6189);
#1933=VERTEX_POINT('',#6191);
#1934=VERTEX_POINT('',#6193);
#1935=VERTEX_POINT('',#6197);
#1936=VERTEX_POINT('',#6198);
#1937=VERTEX_POINT('',#6203);
#1938=VERTEX_POINT('',#6204);
#1939=VERTEX_POINT('',#6212);
#1940=VERTEX_POINT('',#6213);
#1941=VERTEX_POINT('',#6215);
#1942=VERTEX_POINT('',#6217);
#1943=VERTEX_POINT('',#6221);
#1944=VERTEX_POINT('',#6222);
#1945=VERTEX_POINT('',#6227);
#1946=VERTEX_POINT('',#6228);
#1947=EDGE_CURVE('',#1567,#1568,#595,.T.);
#1948=EDGE_CURVE('',#1568,#1569,#596,.T.);
#1949=EDGE_CURVE('',#1570,#1569,#597,.T.);
#1950=EDGE_CURVE('',#1570,#1567,#598,.T.);
#1951=EDGE_CURVE('',#1571,#1572,#599,.T.);
#1952=EDGE_CURVE('',#1572,#1568,#600,.T.);
#1953=EDGE_CURVE('',#1567,#1571,#601,.T.);
#1954=EDGE_CURVE('',#1573,#1574,#602,.T.);
#1955=EDGE_CURVE('',#1574,#1572,#603,.T.);
#1956=EDGE_CURVE('',#1571,#1573,#604,.T.);
#1957=EDGE_CURVE('',#1573,#1570,#605,.T.);
#1958=EDGE_CURVE('',#1569,#1574,#606,.T.);
#1959=EDGE_CURVE('',#1575,#1576,#607,.T.);
#1960=EDGE_CURVE('',#1576,#1577,#608,.T.);
#1961=EDGE_CURVE('',#1578,#1577,#609,.T.);
#1962=EDGE_CURVE('',#1578,#1575,#610,.T.);
#1963=EDGE_CURVE('',#1579,#1580,#611,.T.);
#1964=EDGE_CURVE('',#1580,#1576,#612,.T.);
#1965=EDGE_CURVE('',#1575,#1579,#613,.T.);
#1966=EDGE_CURVE('',#1581,#1582,#614,.T.);
#1967=EDGE_CURVE('',#1582,#1580,#615,.T.);
#1968=EDGE_CURVE('',#1579,#1581,#616,.T.);
#1969=EDGE_CURVE('',#1581,#1578,#617,.T.);
#1970=EDGE_CURVE('',#1577,#1582,#618,.T.);
#1971=EDGE_CURVE('',#1583,#1584,#619,.T.);
#1972=EDGE_CURVE('',#1584,#1585,#620,.T.);
#1973=EDGE_CURVE('',#1586,#1585,#621,.T.);
#1974=EDGE_CURVE('',#1586,#1583,#622,.T.);
#1975=EDGE_CURVE('',#1587,#1588,#623,.T.);
#1976=EDGE_CURVE('',#1588,#1584,#624,.T.);
#1977=EDGE_CURVE('',#1583,#1587,#625,.T.);
#1978=EDGE_CURVE('',#1589,#1590,#626,.T.);
#1979=EDGE_CURVE('',#1590,#1588,#627,.T.);
#1980=EDGE_CURVE('',#1587,#1589,#628,.T.);
#1981=EDGE_CURVE('',#1589,#1586,#629,.T.);
#1982=EDGE_CURVE('',#1585,#1590,#630,.T.);
#1983=EDGE_CURVE('',#1591,#1592,#631,.T.);
#1984=EDGE_CURVE('',#1592,#1593,#632,.T.);
#1985=EDGE_CURVE('',#1594,#1593,#633,.T.);
#1986=EDGE_CURVE('',#1594,#1591,#634,.T.);
#1987=EDGE_CURVE('',#1595,#1596,#635,.T.);
#1988=EDGE_CURVE('',#1596,#1592,#636,.T.);
#1989=EDGE_CURVE('',#1591,#1595,#637,.T.);
#1990=EDGE_CURVE('',#1597,#1598,#638,.T.);
#1991=EDGE_CURVE('',#1598,#1596,#639,.T.);
#1992=EDGE_CURVE('',#1595,#1597,#640,.T.);
#1993=EDGE_CURVE('',#1597,#1594,#641,.T.);
#1994=EDGE_CURVE('',#1593,#1598,#642,.T.);
#1995=EDGE_CURVE('',#1599,#1600,#643,.T.);
#1996=EDGE_CURVE('',#1600,#1601,#644,.T.);
#1997=EDGE_CURVE('',#1602,#1601,#645,.T.);
#1998=EDGE_CURVE('',#1602,#1599,#646,.T.);
#1999=EDGE_CURVE('',#1603,#1604,#647,.T.);
#2000=EDGE_CURVE('',#1604,#1600,#648,.T.);
#2001=EDGE_CURVE('',#1599,#1603,#649,.T.);
#2002=EDGE_CURVE('',#1605,#1606,#650,.T.);
#2003=EDGE_CURVE('',#1606,#1604,#651,.T.);
#2004=EDGE_CURVE('',#1603,#1605,#652,.T.);
#2005=EDGE_CURVE('',#1605,#1602,#653,.T.);
#2006=EDGE_CURVE('',#1601,#1606,#654,.T.);
#2007=EDGE_CURVE('',#1607,#1608,#655,.T.);
#2008=EDGE_CURVE('',#1608,#1609,#656,.T.);
#2009=EDGE_CURVE('',#1610,#1609,#657,.T.);
#2010=EDGE_CURVE('',#1610,#1607,#658,.T.);
#2011=EDGE_CURVE('',#1611,#1612,#659,.T.);
#2012=EDGE_CURVE('',#1612,#1608,#660,.T.);
#2013=EDGE_CURVE('',#1607,#1611,#661,.T.);
#2014=EDGE_CURVE('',#1613,#1614,#662,.T.);
#2015=EDGE_CURVE('',#1614,#1612,#663,.T.);
#2016=EDGE_CURVE('',#1611,#1613,#664,.T.);
#2017=EDGE_CURVE('',#1613,#1610,#665,.T.);
#2018=EDGE_CURVE('',#1609,#1614,#666,.T.);
#2019=EDGE_CURVE('',#1615,#1616,#667,.T.);
#2020=EDGE_CURVE('',#1616,#1617,#668,.T.);
#2021=EDGE_CURVE('',#1618,#1617,#669,.T.);
#2022=EDGE_CURVE('',#1618,#1615,#670,.T.);
#2023=EDGE_CURVE('',#1619,#1620,#671,.T.);
#2024=EDGE_CURVE('',#1620,#1616,#672,.T.);
#2025=EDGE_CURVE('',#1615,#1619,#673,.T.);
#2026=EDGE_CURVE('',#1621,#1622,#674,.T.);
#2027=EDGE_CURVE('',#1622,#1620,#675,.T.);
#2028=EDGE_CURVE('',#1619,#1621,#676,.T.);
#2029=EDGE_CURVE('',#1623,#1624,#677,.T.);
#2030=EDGE_CURVE('',#1624,#1622,#678,.T.);
#2031=EDGE_CURVE('',#1621,#1623,#679,.T.);
#2032=EDGE_CURVE('',#1625,#1626,#680,.T.);
#2033=EDGE_CURVE('',#1626,#1624,#681,.T.);
#2034=EDGE_CURVE('',#1623,#1625,#682,.T.);
#2035=EDGE_CURVE('',#1625,#1618,#683,.T.);
#2036=EDGE_CURVE('',#1617,#1626,#684,.T.);
#2037=EDGE_CURVE('',#1627,#1627,#11,.T.);
#2038=EDGE_CURVE('',#1627,#1628,#685,.T.);
#2039=EDGE_CURVE('',#1628,#1628,#12,.T.);
#2040=EDGE_CURVE('',#1629,#1629,#13,.T.);
#2041=EDGE_CURVE('',#1629,#1630,#686,.T.);
#2042=EDGE_CURVE('',#1630,#1630,#14,.T.);
#2043=EDGE_CURVE('',#1631,#1631,#15,.T.);
#2044=EDGE_CURVE('',#1631,#1632,#687,.T.);
#2045=EDGE_CURVE('',#1632,#1632,#16,.T.);
#2046=EDGE_CURVE('',#1633,#1633,#17,.T.);
#2047=EDGE_CURVE('',#1633,#1634,#688,.T.);
#2048=EDGE_CURVE('',#1634,#1634,#18,.T.);
#2049=EDGE_CURVE('',#1635,#1635,#19,.T.);
#2050=EDGE_CURVE('',#1635,#1636,#689,.T.);
#2051=EDGE_CURVE('',#1636,#1636,#20,.T.);
#2052=EDGE_CURVE('',#1637,#1637,#21,.T.);
#2053=EDGE_CURVE('',#1637,#1638,#690,.T.);
#2054=EDGE_CURVE('',#1638,#1638,#22,.T.);
#2055=EDGE_CURVE('',#1639,#1639,#23,.T.);
#2056=EDGE_CURVE('',#1639,#1640,#691,.T.);
#2057=EDGE_CURVE('',#1640,#1640,#24,.T.);
#2058=EDGE_CURVE('',#1641,#1641,#25,.T.);
#2059=EDGE_CURVE('',#1641,#1642,#692,.T.);
#2060=EDGE_CURVE('',#1642,#1642,#26,.T.);
#2061=EDGE_CURVE('',#1643,#1643,#27,.T.);
#2062=EDGE_CURVE('',#1643,#1644,#693,.T.);
#2063=EDGE_CURVE('',#1644,#1644,#28,.T.);
#2064=EDGE_CURVE('',#1645,#1645,#29,.T.);
#2065=EDGE_CURVE('',#1645,#1646,#694,.T.);
#2066=EDGE_CURVE('',#1646,#1646,#30,.T.);
#2067=EDGE_CURVE('',#1647,#1647,#31,.T.);
#2068=EDGE_CURVE('',#1647,#1648,#695,.T.);
#2069=EDGE_CURVE('',#1648,#1648,#32,.T.);
#2070=EDGE_CURVE('',#1649,#1649,#33,.T.);
#2071=EDGE_CURVE('',#1649,#1650,#696,.T.);
#2072=EDGE_CURVE('',#1650,#1650,#34,.T.);
#2073=EDGE_CURVE('',#1651,#1651,#35,.T.);
#2074=EDGE_CURVE('',#1651,#1652,#697,.T.);
#2075=EDGE_CURVE('',#1652,#1652,#36,.T.);
#2076=EDGE_CURVE('',#1653,#1653,#37,.T.);
#2077=EDGE_CURVE('',#1653,#1654,#698,.T.);
#2078=EDGE_CURVE('',#1654,#1654,#38,.T.);
#2079=EDGE_CURVE('',#1655,#1655,#39,.T.);
#2080=EDGE_CURVE('',#1655,#1656,#699,.T.);
#2081=EDGE_CURVE('',#1656,#1656,#40,.T.);
#2082=EDGE_CURVE('',#1657,#1658,#700,.T.);
#2083=EDGE_CURVE('',#1658,#1659,#701,.T.);
#2084=EDGE_CURVE('',#1660,#1659,#702,.T.);
#2085=EDGE_CURVE('',#1660,#1657,#703,.T.);
#2086=EDGE_CURVE('',#1661,#1662,#704,.T.);
#2087=EDGE_CURVE('',#1662,#1658,#705,.T.);
#2088=EDGE_CURVE('',#1657,#1661,#706,.T.);
#2089=EDGE_CURVE('',#1663,#1664,#707,.T.);
#2090=EDGE_CURVE('',#1664,#1662,#708,.T.);
#2091=EDGE_CURVE('',#1661,#1663,#709,.T.);
#2092=EDGE_CURVE('',#1663,#1660,#710,.T.);
#2093=EDGE_CURVE('',#1659,#1664,#711,.T.);
#2094=EDGE_CURVE('',#1665,#1666,#712,.T.);
#2095=EDGE_CURVE('',#1666,#1667,#713,.T.);
#2096=EDGE_CURVE('',#1668,#1667,#714,.T.);
#2097=EDGE_CURVE('',#1668,#1665,#715,.T.);
#2098=EDGE_CURVE('',#1669,#1670,#716,.T.);
#2099=EDGE_CURVE('',#1670,#1666,#717,.T.);
#2100=EDGE_CURVE('',#1665,#1669,#718,.T.);
#2101=EDGE_CURVE('',#1671,#1672,#719,.T.);
#2102=EDGE_CURVE('',#1672,#1670,#720,.T.);
#2103=EDGE_CURVE('',#1669,#1671,#721,.T.);
#2104=EDGE_CURVE('',#1671,#1668,#722,.T.);
#2105=EDGE_CURVE('',#1667,#1672,#723,.T.);
#2106=EDGE_CURVE('',#1673,#1674,#724,.T.);
#2107=EDGE_CURVE('',#1674,#1675,#725,.T.);
#2108=EDGE_CURVE('',#1676,#1675,#726,.T.);
#2109=EDGE_CURVE('',#1676,#1673,#727,.T.);
#2110=EDGE_CURVE('',#1677,#1678,#728,.T.);
#2111=EDGE_CURVE('',#1678,#1674,#729,.T.);
#2112=EDGE_CURVE('',#1673,#1677,#730,.T.);
#2113=EDGE_CURVE('',#1679,#1680,#731,.T.);
#2114=EDGE_CURVE('',#1680,#1678,#732,.T.);
#2115=EDGE_CURVE('',#1677,#1679,#733,.T.);
#2116=EDGE_CURVE('',#1679,#1676,#734,.T.);
#2117=EDGE_CURVE('',#1675,#1680,#735,.T.);
#2118=EDGE_CURVE('',#1681,#1682,#736,.T.);
#2119=EDGE_CURVE('',#1682,#1683,#737,.T.);
#2120=EDGE_CURVE('',#1684,#1683,#738,.T.);
#2121=EDGE_CURVE('',#1684,#1681,#739,.T.);
#2122=EDGE_CURVE('',#1685,#1686,#740,.T.);
#2123=EDGE_CURVE('',#1686,#1682,#741,.T.);
#2124=EDGE_CURVE('',#1681,#1685,#742,.T.);
#2125=EDGE_CURVE('',#1687,#1688,#743,.T.);
#2126=EDGE_CURVE('',#1688,#1686,#744,.T.);
#2127=EDGE_CURVE('',#1685,#1687,#745,.T.);
#2128=EDGE_CURVE('',#1687,#1684,#746,.T.);
#2129=EDGE_CURVE('',#1683,#1688,#747,.T.);
#2130=EDGE_CURVE('',#1689,#1690,#748,.T.);
#2131=EDGE_CURVE('',#1690,#1691,#749,.T.);
#2132=EDGE_CURVE('',#1692,#1691,#750,.T.);
#2133=EDGE_CURVE('',#1692,#1689,#751,.T.);
#2134=EDGE_CURVE('',#1693,#1694,#752,.T.);
#2135=EDGE_CURVE('',#1694,#1690,#753,.T.);
#2136=EDGE_CURVE('',#1689,#1693,#754,.T.);
#2137=EDGE_CURVE('',#1695,#1696,#755,.T.);
#2138=EDGE_CURVE('',#1696,#1694,#756,.T.);
#2139=EDGE_CURVE('',#1693,#1695,#757,.T.);
#2140=EDGE_CURVE('',#1695,#1692,#758,.T.);
#2141=EDGE_CURVE('',#1691,#1696,#759,.T.);
#2142=EDGE_CURVE('',#1697,#1698,#760,.T.);
#2143=EDGE_CURVE('',#1698,#1699,#761,.T.);
#2144=EDGE_CURVE('',#1700,#1699,#762,.T.);
#2145=EDGE_CURVE('',#1700,#1697,#763,.T.);
#2146=EDGE_CURVE('',#1701,#1702,#764,.T.);
#2147=EDGE_CURVE('',#1702,#1698,#765,.T.);
#2148=EDGE_CURVE('',#1697,#1701,#766,.T.);
#2149=EDGE_CURVE('',#1703,#1704,#767,.T.);
#2150=EDGE_CURVE('',#1704,#1702,#768,.T.);
#2151=EDGE_CURVE('',#1701,#1703,#769,.T.);
#2152=EDGE_CURVE('',#1703,#1700,#770,.T.);
#2153=EDGE_CURVE('',#1699,#1704,#771,.T.);
#2154=EDGE_CURVE('',#1705,#1706,#772,.T.);
#2155=EDGE_CURVE('',#1706,#1707,#773,.T.);
#2156=EDGE_CURVE('',#1708,#1707,#774,.T.);
#2157=EDGE_CURVE('',#1708,#1705,#775,.T.);
#2158=EDGE_CURVE('',#1709,#1710,#776,.T.);
#2159=EDGE_CURVE('',#1710,#1706,#777,.T.);
#2160=EDGE_CURVE('',#1705,#1709,#778,.T.);
#2161=EDGE_CURVE('',#1711,#1712,#779,.T.);
#2162=EDGE_CURVE('',#1712,#1710,#780,.T.);
#2163=EDGE_CURVE('',#1709,#1711,#781,.T.);
#2164=EDGE_CURVE('',#1711,#1708,#782,.T.);
#2165=EDGE_CURVE('',#1707,#1712,#783,.T.);
#2166=EDGE_CURVE('',#1713,#1714,#784,.T.);
#2167=EDGE_CURVE('',#1714,#1715,#785,.T.);
#2168=EDGE_CURVE('',#1716,#1715,#786,.T.);
#2169=EDGE_CURVE('',#1716,#1713,#787,.T.);
#2170=EDGE_CURVE('',#1717,#1718,#788,.T.);
#2171=EDGE_CURVE('',#1718,#1714,#789,.T.);
#2172=EDGE_CURVE('',#1713,#1717,#790,.T.);
#2173=EDGE_CURVE('',#1719,#1720,#791,.T.);
#2174=EDGE_CURVE('',#1720,#1718,#792,.T.);
#2175=EDGE_CURVE('',#1717,#1719,#793,.T.);
#2176=EDGE_CURVE('',#1719,#1716,#794,.T.);
#2177=EDGE_CURVE('',#1715,#1720,#795,.T.);
#2178=EDGE_CURVE('',#1721,#1722,#796,.T.);
#2179=EDGE_CURVE('',#1722,#1723,#797,.T.);
#2180=EDGE_CURVE('',#1724,#1723,#798,.T.);
#2181=EDGE_CURVE('',#1724,#1721,#799,.T.);
#2182=EDGE_CURVE('',#1725,#1726,#800,.T.);
#2183=EDGE_CURVE('',#1726,#1722,#801,.T.);
#2184=EDGE_CURVE('',#1721,#1725,#802,.T.);
#2185=EDGE_CURVE('',#1727,#1728,#803,.T.);
#2186=EDGE_CURVE('',#1728,#1726,#804,.T.);
#2187=EDGE_CURVE('',#1725,#1727,#805,.T.);
#2188=EDGE_CURVE('',#1727,#1724,#806,.T.);
#2189=EDGE_CURVE('',#1723,#1728,#807,.T.);
#2190=EDGE_CURVE('',#1729,#1730,#808,.T.);
#2191=EDGE_CURVE('',#1730,#1731,#809,.T.);
#2192=EDGE_CURVE('',#1732,#1731,#810,.T.);
#2193=EDGE_CURVE('',#1732,#1729,#811,.T.);
#2194=EDGE_CURVE('',#1733,#1734,#812,.T.);
#2195=EDGE_CURVE('',#1734,#1730,#813,.T.);
#2196=EDGE_CURVE('',#1729,#1733,#814,.T.);
#2197=EDGE_CURVE('',#1735,#1736,#815,.T.);
#2198=EDGE_CURVE('',#1736,#1734,#816,.T.);
#2199=EDGE_CURVE('',#1733,#1735,#817,.T.);
#2200=EDGE_CURVE('',#1737,#1738,#818,.T.);
#2201=EDGE_CURVE('',#1738,#1736,#819,.T.);
#2202=EDGE_CURVE('',#1735,#1737,#820,.T.);
#2203=EDGE_CURVE('',#1739,#1740,#821,.T.);
#2204=EDGE_CURVE('',#1740,#1738,#822,.T.);
#2205=EDGE_CURVE('',#1737,#1739,#823,.T.);
#2206=EDGE_CURVE('',#1739,#1732,#824,.T.);
#2207=EDGE_CURVE('',#1731,#1740,#825,.T.);
#2208=EDGE_CURVE('',#1741,#1741,#41,.T.);
#2209=EDGE_CURVE('',#1741,#1742,#826,.T.);
#2210=EDGE_CURVE('',#1742,#1742,#42,.T.);
#2211=EDGE_CURVE('',#1743,#1743,#43,.T.);
#2212=EDGE_CURVE('',#1743,#1744,#827,.T.);
#2213=EDGE_CURVE('',#1744,#1744,#44,.T.);
#2214=EDGE_CURVE('',#1745,#1745,#45,.T.);
#2215=EDGE_CURVE('',#1745,#1746,#828,.T.);
#2216=EDGE_CURVE('',#1746,#1746,#46,.T.);
#2217=EDGE_CURVE('',#1747,#1747,#47,.T.);
#2218=EDGE_CURVE('',#1747,#1748,#829,.T.);
#2219=EDGE_CURVE('',#1748,#1748,#48,.T.);
#2220=EDGE_CURVE('',#1749,#1749,#49,.T.);
#2221=EDGE_CURVE('',#1749,#1750,#830,.T.);
#2222=EDGE_CURVE('',#1750,#1750,#50,.T.);
#2223=EDGE_CURVE('',#1751,#1751,#51,.T.);
#2224=EDGE_CURVE('',#1751,#1752,#831,.T.);
#2225=EDGE_CURVE('',#1752,#1752,#52,.T.);
#2226=EDGE_CURVE('',#1753,#1753,#53,.T.);
#2227=EDGE_CURVE('',#1753,#1754,#832,.T.);
#2228=EDGE_CURVE('',#1754,#1754,#54,.T.);
#2229=EDGE_CURVE('',#1755,#1755,#55,.T.);
#2230=EDGE_CURVE('',#1755,#1756,#833,.T.);
#2231=EDGE_CURVE('',#1756,#1756,#56,.T.);
#2232=EDGE_CURVE('',#1757,#1757,#57,.T.);
#2233=EDGE_CURVE('',#1757,#1758,#834,.T.);
#2234=EDGE_CURVE('',#1758,#1758,#58,.T.);
#2235=EDGE_CURVE('',#1759,#1759,#59,.T.);
#2236=EDGE_CURVE('',#1759,#1760,#835,.T.);
#2237=EDGE_CURVE('',#1760,#1760,#60,.T.);
#2238=EDGE_CURVE('',#1761,#1761,#61,.T.);
#2239=EDGE_CURVE('',#1761,#1762,#836,.T.);
#2240=EDGE_CURVE('',#1762,#1762,#62,.T.);
#2241=EDGE_CURVE('',#1763,#1763,#63,.T.);
#2242=EDGE_CURVE('',#1763,#1764,#837,.T.);
#2243=EDGE_CURVE('',#1764,#1764,#64,.T.);
#2244=EDGE_CURVE('',#1765,#1765,#65,.T.);
#2245=EDGE_CURVE('',#1765,#1766,#838,.T.);
#2246=EDGE_CURVE('',#1766,#1766,#66,.T.);
#2247=EDGE_CURVE('',#1767,#1767,#67,.T.);
#2248=EDGE_CURVE('',#1767,#1768,#839,.T.);
#2249=EDGE_CURVE('',#1768,#1768,#68,.T.);
#2250=EDGE_CURVE('',#1769,#1769,#69,.T.);
#2251=EDGE_CURVE('',#1769,#1770,#840,.T.);
#2252=EDGE_CURVE('',#1770,#1770,#70,.T.);
#2253=EDGE_CURVE('',#1771,#1772,#841,.T.);
#2254=EDGE_CURVE('',#1772,#1773,#842,.T.);
#2255=EDGE_CURVE('',#1774,#1773,#843,.T.);
#2256=EDGE_CURVE('',#1774,#1771,#844,.T.);
#2257=EDGE_CURVE('',#1775,#1776,#845,.T.);
#2258=EDGE_CURVE('',#1776,#1772,#846,.T.);
#2259=EDGE_CURVE('',#1771,#1775,#847,.T.);
#2260=EDGE_CURVE('',#1777,#1778,#848,.T.);
#2261=EDGE_CURVE('',#1778,#1776,#849,.T.);
#2262=EDGE_CURVE('',#1775,#1777,#850,.T.);
#2263=EDGE_CURVE('',#1777,#1774,#851,.T.);
#2264=EDGE_CURVE('',#1773,#1778,#852,.T.);
#2265=EDGE_CURVE('',#1779,#1780,#853,.T.);
#2266=EDGE_CURVE('',#1780,#1781,#854,.T.);
#2267=EDGE_CURVE('',#1782,#1781,#855,.T.);
#2268=EDGE_CURVE('',#1782,#1779,#856,.T.);
#2269=EDGE_CURVE('',#1783,#1784,#857,.T.);
#2270=EDGE_CURVE('',#1784,#1780,#858,.T.);
#2271=EDGE_CURVE('',#1779,#1783,#859,.T.);
#2272=EDGE_CURVE('',#1785,#1786,#860,.T.);
#2273=EDGE_CURVE('',#1786,#1784,#861,.T.);
#2274=EDGE_CURVE('',#1783,#1785,#862,.T.);
#2275=EDGE_CURVE('',#1785,#1782,#863,.T.);
#2276=EDGE_CURVE('',#1781,#1786,#864,.T.);
#2277=EDGE_CURVE('',#1787,#1788,#865,.T.);
#2278=EDGE_CURVE('',#1788,#1789,#866,.T.);
#2279=EDGE_CURVE('',#1790,#1789,#867,.T.);
#2280=EDGE_CURVE('',#1790,#1787,#868,.T.);
#2281=EDGE_CURVE('',#1791,#1792,#869,.T.);
#2282=EDGE_CURVE('',#1792,#1788,#870,.T.);
#2283=EDGE_CURVE('',#1787,#1791,#871,.T.);
#2284=EDGE_CURVE('',#1793,#1794,#872,.T.);
#2285=EDGE_CURVE('',#1794,#1792,#873,.T.);
#2286=EDGE_CURVE('',#1791,#1793,#874,.T.);
#2287=EDGE_CURVE('',#1793,#1790,#875,.T.);
#2288=EDGE_CURVE('',#1789,#1794,#876,.T.);
#2289=EDGE_CURVE('',#1795,#1796,#877,.T.);
#2290=EDGE_CURVE('',#1796,#1797,#878,.T.);
#2291=EDGE_CURVE('',#1798,#1797,#879,.T.);
#2292=EDGE_CURVE('',#1798,#1795,#880,.T.);
#2293=EDGE_CURVE('',#1799,#1800,#881,.T.);
#2294=EDGE_CURVE('',#1800,#1796,#882,.T.);
#2295=EDGE_CURVE('',#1795,#1799,#883,.T.);
#2296=EDGE_CURVE('',#1801,#1802,#884,.T.);
#2297=EDGE_CURVE('',#1802,#1800,#885,.T.);
#2298=EDGE_CURVE('',#1799,#1801,#886,.T.);
#2299=EDGE_CURVE('',#1801,#1798,#887,.T.);
#2300=EDGE_CURVE('',#1797,#1802,#888,.T.);
#2301=EDGE_CURVE('',#1803,#1804,#889,.T.);
#2302=EDGE_CURVE('',#1804,#1805,#890,.T.);
#2303=EDGE_CURVE('',#1806,#1805,#891,.T.);
#2304=EDGE_CURVE('',#1806,#1803,#892,.T.);
#2305=EDGE_CURVE('',#1807,#1808,#893,.T.);
#2306=EDGE_CURVE('',#1808,#1804,#894,.T.);
#2307=EDGE_CURVE('',#1803,#1807,#895,.T.);
#2308=EDGE_CURVE('',#1809,#1810,#896,.T.);
#2309=EDGE_CURVE('',#1810,#1808,#897,.T.);
#2310=EDGE_CURVE('',#1807,#1809,#898,.T.);
#2311=EDGE_CURVE('',#1809,#1806,#899,.T.);
#2312=EDGE_CURVE('',#1805,#1810,#900,.T.);
#2313=EDGE_CURVE('',#1811,#1812,#901,.T.);
#2314=EDGE_CURVE('',#1812,#1813,#902,.T.);
#2315=EDGE_CURVE('',#1814,#1813,#903,.T.);
#2316=EDGE_CURVE('',#1814,#1811,#904,.T.);
#2317=EDGE_CURVE('',#1815,#1816,#905,.T.);
#2318=EDGE_CURVE('',#1816,#1812,#906,.T.);
#2319=EDGE_CURVE('',#1811,#1815,#907,.T.);
#2320=EDGE_CURVE('',#1817,#1818,#908,.T.);
#2321=EDGE_CURVE('',#1818,#1816,#909,.T.);
#2322=EDGE_CURVE('',#1815,#1817,#910,.T.);
#2323=EDGE_CURVE('',#1817,#1814,#911,.T.);
#2324=EDGE_CURVE('',#1813,#1818,#912,.T.);
#2325=EDGE_CURVE('',#1819,#1820,#913,.T.);
#2326=EDGE_CURVE('',#1820,#1821,#914,.T.);
#2327=EDGE_CURVE('',#1822,#1821,#915,.T.);
#2328=EDGE_CURVE('',#1822,#1819,#916,.T.);
#2329=EDGE_CURVE('',#1823,#1824,#917,.T.);
#2330=EDGE_CURVE('',#1824,#1820,#918,.T.);
#2331=EDGE_CURVE('',#1819,#1823,#919,.T.);
#2332=EDGE_CURVE('',#1825,#1826,#920,.T.);
#2333=EDGE_CURVE('',#1826,#1824,#921,.T.);
#2334=EDGE_CURVE('',#1823,#1825,#922,.T.);
#2335=EDGE_CURVE('',#1825,#1822,#923,.T.);
#2336=EDGE_CURVE('',#1821,#1826,#924,.T.);
#2337=EDGE_CURVE('',#1827,#1828,#925,.T.);
#2338=EDGE_CURVE('',#1828,#1829,#926,.T.);
#2339=EDGE_CURVE('',#1830,#1829,#927,.T.);
#2340=EDGE_CURVE('',#1830,#1827,#928,.T.);
#2341=EDGE_CURVE('',#1831,#1832,#929,.T.);
#2342=EDGE_CURVE('',#1832,#1828,#930,.T.);
#2343=EDGE_CURVE('',#1827,#1831,#931,.T.);
#2344=EDGE_CURVE('',#1833,#1834,#932,.T.);
#2345=EDGE_CURVE('',#1834,#1832,#933,.T.);
#2346=EDGE_CURVE('',#1831,#1833,#934,.T.);
#2347=EDGE_CURVE('',#1833,#1830,#935,.T.);
#2348=EDGE_CURVE('',#1829,#1834,#936,.T.);
#2349=EDGE_CURVE('',#1835,#1835,#71,.T.);
#2350=EDGE_CURVE('',#1835,#1836,#937,.T.);
#2351=EDGE_CURVE('',#1836,#1836,#72,.T.);
#2352=EDGE_CURVE('',#1837,#1837,#73,.T.);
#2353=EDGE_CURVE('',#1837,#1838,#938,.T.);
#2354=EDGE_CURVE('',#1838,#1838,#74,.T.);
#2355=EDGE_CURVE('',#1839,#1839,#75,.T.);
#2356=EDGE_CURVE('',#1839,#1840,#939,.T.);
#2357=EDGE_CURVE('',#1840,#1840,#76,.T.);
#2358=EDGE_CURVE('',#1841,#1841,#77,.T.);
#2359=EDGE_CURVE('',#1841,#1842,#940,.T.);
#2360=EDGE_CURVE('',#1842,#1842,#78,.T.);
#2361=EDGE_CURVE('',#1843,#1843,#79,.T.);
#2362=EDGE_CURVE('',#1843,#1844,#941,.T.);
#2363=EDGE_CURVE('',#1844,#1844,#80,.T.);
#2364=EDGE_CURVE('',#1845,#1845,#81,.T.);
#2365=EDGE_CURVE('',#1845,#1846,#942,.T.);
#2366=EDGE_CURVE('',#1846,#1846,#82,.T.);
#2367=EDGE_CURVE('',#1847,#1848,#943,.T.);
#2368=EDGE_CURVE('',#1848,#1849,#944,.T.);
#2369=EDGE_CURVE('',#1850,#1849,#945,.T.);
#2370=EDGE_CURVE('',#1850,#1847,#946,.T.);
#2371=EDGE_CURVE('',#1851,#1852,#947,.T.);
#2372=EDGE_CURVE('',#1852,#1848,#948,.T.);
#2373=EDGE_CURVE('',#1847,#1851,#949,.T.);
#2374=EDGE_CURVE('',#1853,#1854,#950,.T.);
#2375=EDGE_CURVE('',#1854,#1852,#951,.T.);
#2376=EDGE_CURVE('',#1851,#1853,#952,.T.);
#2377=EDGE_CURVE('',#1853,#1850,#953,.T.);
#2378=EDGE_CURVE('',#1849,#1854,#954,.T.);
#2379=EDGE_CURVE('',#1855,#1856,#955,.T.);
#2380=EDGE_CURVE('',#1856,#1857,#956,.T.);
#2381=EDGE_CURVE('',#1858,#1857,#957,.T.);
#2382=EDGE_CURVE('',#1858,#1855,#958,.T.);
#2383=EDGE_CURVE('',#1859,#1860,#959,.T.);
#2384=EDGE_CURVE('',#1860,#1856,#960,.T.);
#2385=EDGE_CURVE('',#1855,#1859,#961,.T.);
#2386=EDGE_CURVE('',#1861,#1862,#962,.T.);
#2387=EDGE_CURVE('',#1862,#1860,#963,.T.);
#2388=EDGE_CURVE('',#1859,#1861,#964,.T.);
#2389=EDGE_CURVE('',#1861,#1858,#965,.T.);
#2390=EDGE_CURVE('',#1857,#1862,#966,.T.);
#2391=EDGE_CURVE('',#1863,#1863,#83,.T.);
#2392=EDGE_CURVE('',#1863,#1864,#967,.T.);
#2393=EDGE_CURVE('',#1864,#1864,#84,.T.);
#2394=EDGE_CURVE('',#1865,#1865,#85,.T.);
#2395=EDGE_CURVE('',#1865,#1866,#968,.T.);
#2396=EDGE_CURVE('',#1866,#1866,#86,.T.);
#2397=EDGE_CURVE('',#1867,#1867,#87,.T.);
#2398=EDGE_CURVE('',#1867,#1868,#969,.T.);
#2399=EDGE_CURVE('',#1868,#1868,#88,.T.);
#2400=EDGE_CURVE('',#1869,#1869,#89,.T.);
#2401=EDGE_CURVE('',#1869,#1870,#970,.T.);
#2402=EDGE_CURVE('',#1870,#1870,#90,.T.);
#2403=EDGE_CURVE('',#1871,#1871,#91,.T.);
#2404=EDGE_CURVE('',#1871,#1872,#971,.T.);
#2405=EDGE_CURVE('',#1872,#1872,#92,.T.);
#2406=EDGE_CURVE('',#1873,#1873,#93,.T.);
#2407=EDGE_CURVE('',#1873,#1874,#972,.T.);
#2408=EDGE_CURVE('',#1874,#1874,#94,.T.);
#2409=EDGE_CURVE('',#1875,#1876,#973,.T.);
#2410=EDGE_CURVE('',#1876,#1877,#974,.T.);
#2411=EDGE_CURVE('',#1878,#1877,#975,.T.);
#2412=EDGE_CURVE('',#1878,#1875,#976,.T.);
#2413=EDGE_CURVE('',#1879,#1880,#977,.T.);
#2414=EDGE_CURVE('',#1880,#1876,#978,.T.);
#2415=EDGE_CURVE('',#1875,#1879,#979,.T.);
#2416=EDGE_CURVE('',#1881,#1882,#980,.T.);
#2417=EDGE_CURVE('',#1882,#1880,#981,.T.);
#2418=EDGE_CURVE('',#1879,#1881,#982,.T.);
#2419=EDGE_CURVE('',#1881,#1878,#983,.T.);
#2420=EDGE_CURVE('',#1877,#1882,#984,.T.);
#2421=EDGE_CURVE('',#1883,#1884,#985,.T.);
#2422=EDGE_CURVE('',#1884,#1885,#986,.T.);
#2423=EDGE_CURVE('',#1886,#1885,#987,.T.);
#2424=EDGE_CURVE('',#1886,#1883,#988,.T.);
#2425=EDGE_CURVE('',#1887,#1888,#989,.T.);
#2426=EDGE_CURVE('',#1888,#1884,#990,.T.);
#2427=EDGE_CURVE('',#1883,#1887,#991,.T.);
#2428=EDGE_CURVE('',#1889,#1890,#992,.T.);
#2429=EDGE_CURVE('',#1890,#1888,#993,.T.);
#2430=EDGE_CURVE('',#1887,#1889,#994,.T.);
#2431=EDGE_CURVE('',#1889,#1886,#995,.T.);
#2432=EDGE_CURVE('',#1885,#1890,#996,.T.);
#2433=EDGE_CURVE('',#1891,#1892,#997,.T.);
#2434=EDGE_CURVE('',#1892,#1893,#998,.T.);
#2435=EDGE_CURVE('',#1894,#1893,#999,.T.);
#2436=EDGE_CURVE('',#1894,#1891,#1000,.T.);
#2437=EDGE_CURVE('',#1895,#1896,#1001,.T.);
#2438=EDGE_CURVE('',#1896,#1892,#1002,.T.);
#2439=EDGE_CURVE('',#1891,#1895,#1003,.T.);
#2440=EDGE_CURVE('',#1897,#1898,#1004,.T.);
#2441=EDGE_CURVE('',#1898,#1896,#1005,.T.);
#2442=EDGE_CURVE('',#1895,#1897,#1006,.T.);
#2443=EDGE_CURVE('',#1897,#1894,#1007,.T.);
#2444=EDGE_CURVE('',#1893,#1898,#1008,.T.);
#2445=EDGE_CURVE('',#1899,#1900,#1009,.T.);
#2446=EDGE_CURVE('',#1900,#1901,#1010,.T.);
#2447=EDGE_CURVE('',#1902,#1901,#1011,.T.);
#2448=EDGE_CURVE('',#1902,#1899,#1012,.T.);
#2449=EDGE_CURVE('',#1903,#1904,#1013,.T.);
#2450=EDGE_CURVE('',#1904,#1900,#1014,.T.);
#2451=EDGE_CURVE('',#1899,#1903,#1015,.T.);
#2452=EDGE_CURVE('',#1905,#1906,#1016,.T.);
#2453=EDGE_CURVE('',#1906,#1904,#1017,.T.);
#2454=EDGE_CURVE('',#1903,#1905,#1018,.T.);
#2455=EDGE_CURVE('',#1905,#1902,#1019,.T.);
#2456=EDGE_CURVE('',#1901,#1906,#1020,.T.);
#2457=EDGE_CURVE('',#1907,#1908,#1021,.T.);
#2458=EDGE_CURVE('',#1908,#1909,#1022,.T.);
#2459=EDGE_CURVE('',#1910,#1909,#1023,.T.);
#2460=EDGE_CURVE('',#1910,#1907,#1024,.T.);
#2461=EDGE_CURVE('',#1911,#1912,#1025,.T.);
#2462=EDGE_CURVE('',#1912,#1908,#1026,.T.);
#2463=EDGE_CURVE('',#1907,#1911,#1027,.T.);
#2464=EDGE_CURVE('',#1913,#1914,#1028,.T.);
#2465=EDGE_CURVE('',#1914,#1912,#1029,.T.);
#2466=EDGE_CURVE('',#1911,#1913,#1030,.T.);
#2467=EDGE_CURVE('',#1913,#1910,#1031,.T.);
#2468=EDGE_CURVE('',#1909,#1914,#1032,.T.);
#2469=EDGE_CURVE('',#1915,#1916,#1033,.T.);
#2470=EDGE_CURVE('',#1916,#1917,#1034,.T.);
#2471=EDGE_CURVE('',#1918,#1917,#1035,.T.);
#2472=EDGE_CURVE('',#1918,#1915,#1036,.T.);
#2473=EDGE_CURVE('',#1919,#1920,#1037,.T.);
#2474=EDGE_CURVE('',#1920,#1916,#1038,.T.);
#2475=EDGE_CURVE('',#1915,#1919,#1039,.T.);
#2476=EDGE_CURVE('',#1921,#1922,#1040,.T.);
#2477=EDGE_CURVE('',#1922,#1920,#1041,.T.);
#2478=EDGE_CURVE('',#1919,#1921,#1042,.T.);
#2479=EDGE_CURVE('',#1921,#1918,#1043,.T.);
#2480=EDGE_CURVE('',#1917,#1922,#1044,.T.);
#2481=EDGE_CURVE('',#1923,#1924,#1045,.T.);
#2482=EDGE_CURVE('',#1924,#1925,#1046,.T.);
#2483=EDGE_CURVE('',#1926,#1925,#1047,.T.);
#2484=EDGE_CURVE('',#1926,#1923,#1048,.T.);
#2485=EDGE_CURVE('',#1927,#1928,#1049,.T.);
#2486=EDGE_CURVE('',#1928,#1924,#1050,.T.);
#2487=EDGE_CURVE('',#1923,#1927,#1051,.T.);
#2488=EDGE_CURVE('',#1929,#1930,#1052,.T.);
#2489=EDGE_CURVE('',#1930,#1928,#1053,.T.);
#2490=EDGE_CURVE('',#1927,#1929,#1054,.T.);
#2491=EDGE_CURVE('',#1929,#1926,#1055,.T.);
#2492=EDGE_CURVE('',#1925,#1930,#1056,.T.);
#2493=EDGE_CURVE('',#1931,#1932,#1057,.T.);
#2494=EDGE_CURVE('',#1932,#1933,#1058,.T.);
#2495=EDGE_CURVE('',#1934,#1933,#1059,.T.);
#2496=EDGE_CURVE('',#1934,#1931,#1060,.T.);
#2497=EDGE_CURVE('',#1935,#1936,#1061,.T.);
#2498=EDGE_CURVE('',#1936,#1932,#1062,.T.);
#2499=EDGE_CURVE('',#1931,#1935,#1063,.T.);
#2500=EDGE_CURVE('',#1937,#1938,#1064,.T.);
#2501=EDGE_CURVE('',#1938,#1936,#1065,.T.);
#2502=EDGE_CURVE('',#1935,#1937,#1066,.T.);
#2503=EDGE_CURVE('',#1937,#1934,#1067,.T.);
#2504=EDGE_CURVE('',#1933,#1938,#1068,.T.);
#2505=EDGE_CURVE('',#1939,#1940,#1069,.T.);
#2506=EDGE_CURVE('',#1940,#1941,#1070,.T.);
#2507=EDGE_CURVE('',#1942,#1941,#1071,.T.);
#2508=EDGE_CURVE('',#1942,#1939,#1072,.T.);
#2509=EDGE_CURVE('',#1943,#1944,#1073,.T.);
#2510=EDGE_CURVE('',#1944,#1940,#1074,.T.);
#2511=EDGE_CURVE('',#1939,#1943,#1075,.T.);
#2512=EDGE_CURVE('',#1945,#1946,#1076,.T.);
#2513=EDGE_CURVE('',#1946,#1944,#1077,.T.);
#2514=EDGE_CURVE('',#1943,#1945,#1078,.T.);
#2515=EDGE_CURVE('',#1945,#1942,#1079,.T.);
#2516=EDGE_CURVE('',#1941,#1946,#1080,.T.);
#2517=ORIENTED_EDGE('',*,*,#1947,.T.);
#2518=ORIENTED_EDGE('',*,*,#1948,.T.);
#2519=ORIENTED_EDGE('',*,*,#1949,.F.);
#2520=ORIENTED_EDGE('',*,*,#1950,.T.);
#2521=ORIENTED_EDGE('',*,*,#1951,.T.);
#2522=ORIENTED_EDGE('',*,*,#1952,.T.);
#2523=ORIENTED_EDGE('',*,*,#1947,.F.);
#2524=ORIENTED_EDGE('',*,*,#1953,.T.);
#2525=ORIENTED_EDGE('',*,*,#1954,.T.);
#2526=ORIENTED_EDGE('',*,*,#1955,.T.);
#2527=ORIENTED_EDGE('',*,*,#1951,.F.);
#2528=ORIENTED_EDGE('',*,*,#1956,.T.);
#2529=ORIENTED_EDGE('',*,*,#1957,.T.);
#2530=ORIENTED_EDGE('',*,*,#1949,.T.);
#2531=ORIENTED_EDGE('',*,*,#1958,.T.);
#2532=ORIENTED_EDGE('',*,*,#1954,.F.);
#2533=ORIENTED_EDGE('',*,*,#1959,.T.);
#2534=ORIENTED_EDGE('',*,*,#1960,.T.);
#2535=ORIENTED_EDGE('',*,*,#1961,.F.);
#2536=ORIENTED_EDGE('',*,*,#1962,.T.);
#2537=ORIENTED_EDGE('',*,*,#1963,.T.);
#2538=ORIENTED_EDGE('',*,*,#1964,.T.);
#2539=ORIENTED_EDGE('',*,*,#1959,.F.);
#2540=ORIENTED_EDGE('',*,*,#1965,.T.);
#2541=ORIENTED_EDGE('',*,*,#1966,.T.);
#2542=ORIENTED_EDGE('',*,*,#1967,.T.);
#2543=ORIENTED_EDGE('',*,*,#1963,.F.);
#2544=ORIENTED_EDGE('',*,*,#1968,.T.);
#2545=ORIENTED_EDGE('',*,*,#1969,.T.);
#2546=ORIENTED_EDGE('',*,*,#1961,.T.);
#2547=ORIENTED_EDGE('',*,*,#1970,.T.);
#2548=ORIENTED_EDGE('',*,*,#1966,.F.);
#2549=ORIENTED_EDGE('',*,*,#1971,.T.);
#2550=ORIENTED_EDGE('',*,*,#1972,.T.);
#2551=ORIENTED_EDGE('',*,*,#1973,.F.);
#2552=ORIENTED_EDGE('',*,*,#1974,.T.);
#2553=ORIENTED_EDGE('',*,*,#1975,.T.);
#2554=ORIENTED_EDGE('',*,*,#1976,.T.);
#2555=ORIENTED_EDGE('',*,*,#1971,.F.);
#2556=ORIENTED_EDGE('',*,*,#1977,.T.);
#2557=ORIENTED_EDGE('',*,*,#1978,.T.);
#2558=ORIENTED_EDGE('',*,*,#1979,.T.);
#2559=ORIENTED_EDGE('',*,*,#1975,.F.);
#2560=ORIENTED_EDGE('',*,*,#1980,.T.);
#2561=ORIENTED_EDGE('',*,*,#1981,.T.);
#2562=ORIENTED_EDGE('',*,*,#1973,.T.);
#2563=ORIENTED_EDGE('',*,*,#1982,.T.);
#2564=ORIENTED_EDGE('',*,*,#1978,.F.);
#2565=ORIENTED_EDGE('',*,*,#1983,.T.);
#2566=ORIENTED_EDGE('',*,*,#1984,.T.);
#2567=ORIENTED_EDGE('',*,*,#1985,.F.);
#2568=ORIENTED_EDGE('',*,*,#1986,.T.);
#2569=ORIENTED_EDGE('',*,*,#1987,.T.);
#2570=ORIENTED_EDGE('',*,*,#1988,.T.);
#2571=ORIENTED_EDGE('',*,*,#1983,.F.);
#2572=ORIENTED_EDGE('',*,*,#1989,.T.);
#2573=ORIENTED_EDGE('',*,*,#1990,.T.);
#2574=ORIENTED_EDGE('',*,*,#1991,.T.);
#2575=ORIENTED_EDGE('',*,*,#1987,.F.);
#2576=ORIENTED_EDGE('',*,*,#1992,.T.);
#2577=ORIENTED_EDGE('',*,*,#1993,.T.);
#2578=ORIENTED_EDGE('',*,*,#1985,.T.);
#2579=ORIENTED_EDGE('',*,*,#1994,.T.);
#2580=ORIENTED_EDGE('',*,*,#1990,.F.);
#2581=ORIENTED_EDGE('',*,*,#1995,.T.);
#2582=ORIENTED_EDGE('',*,*,#1996,.T.);
#2583=ORIENTED_EDGE('',*,*,#1997,.F.);
#2584=ORIENTED_EDGE('',*,*,#1998,.T.);
#2585=ORIENTED_EDGE('',*,*,#1999,.T.);
#2586=ORIENTED_EDGE('',*,*,#2000,.T.);
#2587=ORIENTED_EDGE('',*,*,#1995,.F.);
#2588=ORIENTED_EDGE('',*,*,#2001,.T.);
#2589=ORIENTED_EDGE('',*,*,#2002,.T.);
#2590=ORIENTED_EDGE('',*,*,#2003,.T.);
#2591=ORIENTED_EDGE('',*,*,#1999,.F.);
#2592=ORIENTED_EDGE('',*,*,#2004,.T.);
#2593=ORIENTED_EDGE('',*,*,#2005,.T.);
#2594=ORIENTED_EDGE('',*,*,#1997,.T.);
#2595=ORIENTED_EDGE('',*,*,#2006,.T.);
#2596=ORIENTED_EDGE('',*,*,#2002,.F.);
#2597=ORIENTED_EDGE('',*,*,#2007,.T.);
#2598=ORIENTED_EDGE('',*,*,#2008,.T.);
#2599=ORIENTED_EDGE('',*,*,#2009,.F.);
#2600=ORIENTED_EDGE('',*,*,#2010,.T.);
#2601=ORIENTED_EDGE('',*,*,#2011,.T.);
#2602=ORIENTED_EDGE('',*,*,#2012,.T.);
#2603=ORIENTED_EDGE('',*,*,#2007,.F.);
#2604=ORIENTED_EDGE('',*,*,#2013,.T.);
#2605=ORIENTED_EDGE('',*,*,#2014,.T.);
#2606=ORIENTED_EDGE('',*,*,#2015,.T.);
#2607=ORIENTED_EDGE('',*,*,#2011,.F.);
#2608=ORIENTED_EDGE('',*,*,#2016,.T.);
#2609=ORIENTED_EDGE('',*,*,#2017,.T.);
#2610=ORIENTED_EDGE('',*,*,#2009,.T.);
#2611=ORIENTED_EDGE('',*,*,#2018,.T.);
#2612=ORIENTED_EDGE('',*,*,#2014,.F.);
#2613=ORIENTED_EDGE('',*,*,#2019,.T.);
#2614=ORIENTED_EDGE('',*,*,#2020,.T.);
#2615=ORIENTED_EDGE('',*,*,#2021,.F.);
#2616=ORIENTED_EDGE('',*,*,#2022,.T.);
#2617=ORIENTED_EDGE('',*,*,#2023,.T.);
#2618=ORIENTED_EDGE('',*,*,#2024,.T.);
#2619=ORIENTED_EDGE('',*,*,#2019,.F.);
#2620=ORIENTED_EDGE('',*,*,#2025,.T.);
#2621=ORIENTED_EDGE('',*,*,#2026,.T.);
#2622=ORIENTED_EDGE('',*,*,#2027,.T.);
#2623=ORIENTED_EDGE('',*,*,#2023,.F.);
#2624=ORIENTED_EDGE('',*,*,#2028,.T.);
#2625=ORIENTED_EDGE('',*,*,#2029,.T.);
#2626=ORIENTED_EDGE('',*,*,#2030,.T.);
#2627=ORIENTED_EDGE('',*,*,#2026,.F.);
#2628=ORIENTED_EDGE('',*,*,#2031,.T.);
#2629=ORIENTED_EDGE('',*,*,#2032,.T.);
#2630=ORIENTED_EDGE('',*,*,#2033,.T.);
#2631=ORIENTED_EDGE('',*,*,#2029,.F.);
#2632=ORIENTED_EDGE('',*,*,#2034,.T.);
#2633=ORIENTED_EDGE('',*,*,#2035,.T.);
#2634=ORIENTED_EDGE('',*,*,#2021,.T.);
#2635=ORIENTED_EDGE('',*,*,#2036,.T.);
#2636=ORIENTED_EDGE('',*,*,#2032,.F.);
#2637=ORIENTED_EDGE('',*,*,#2037,.T.);
#2638=ORIENTED_EDGE('',*,*,#2038,.T.);
#2639=ORIENTED_EDGE('',*,*,#2039,.T.);
#2640=ORIENTED_EDGE('',*,*,#2038,.F.);
#2641=ORIENTED_EDGE('',*,*,#2040,.T.);
#2642=ORIENTED_EDGE('',*,*,#2041,.T.);
#2643=ORIENTED_EDGE('',*,*,#2042,.T.);
#2644=ORIENTED_EDGE('',*,*,#2041,.F.);
#2645=ORIENTED_EDGE('',*,*,#2043,.T.);
#2646=ORIENTED_EDGE('',*,*,#2044,.T.);
#2647=ORIENTED_EDGE('',*,*,#2045,.T.);
#2648=ORIENTED_EDGE('',*,*,#2044,.F.);
#2649=ORIENTED_EDGE('',*,*,#2046,.T.);
#2650=ORIENTED_EDGE('',*,*,#2047,.T.);
#2651=ORIENTED_EDGE('',*,*,#2048,.T.);
#2652=ORIENTED_EDGE('',*,*,#2047,.F.);
#2653=ORIENTED_EDGE('',*,*,#2049,.T.);
#2654=ORIENTED_EDGE('',*,*,#2050,.T.);
#2655=ORIENTED_EDGE('',*,*,#2051,.T.);
#2656=ORIENTED_EDGE('',*,*,#2050,.F.);
#2657=ORIENTED_EDGE('',*,*,#2052,.T.);
#2658=ORIENTED_EDGE('',*,*,#2053,.T.);
#2659=ORIENTED_EDGE('',*,*,#2054,.T.);
#2660=ORIENTED_EDGE('',*,*,#2053,.F.);
#2661=ORIENTED_EDGE('',*,*,#2055,.T.);
#2662=ORIENTED_EDGE('',*,*,#2056,.T.);
#2663=ORIENTED_EDGE('',*,*,#2057,.T.);
#2664=ORIENTED_EDGE('',*,*,#2056,.F.);
#2665=ORIENTED_EDGE('',*,*,#2058,.T.);
#2666=ORIENTED_EDGE('',*,*,#2059,.T.);
#2667=ORIENTED_EDGE('',*,*,#2060,.T.);
#2668=ORIENTED_EDGE('',*,*,#2059,.F.);
#2669=ORIENTED_EDGE('',*,*,#2061,.T.);
#2670=ORIENTED_EDGE('',*,*,#2062,.T.);
#2671=ORIENTED_EDGE('',*,*,#2063,.T.);
#2672=ORIENTED_EDGE('',*,*,#2062,.F.);
#2673=ORIENTED_EDGE('',*,*,#2064,.T.);
#2674=ORIENTED_EDGE('',*,*,#2065,.T.);
#2675=ORIENTED_EDGE('',*,*,#2066,.T.);
#2676=ORIENTED_EDGE('',*,*,#2065,.F.);
#2677=ORIENTED_EDGE('',*,*,#2067,.T.);
#2678=ORIENTED_EDGE('',*,*,#2068,.T.);
#2679=ORIENTED_EDGE('',*,*,#2069,.T.);
#2680=ORIENTED_EDGE('',*,*,#2068,.F.);
#2681=ORIENTED_EDGE('',*,*,#2070,.T.);
#2682=ORIENTED_EDGE('',*,*,#2071,.T.);
#2683=ORIENTED_EDGE('',*,*,#2072,.T.);
#2684=ORIENTED_EDGE('',*,*,#2071,.F.);
#2685=ORIENTED_EDGE('',*,*,#2073,.T.);
#2686=ORIENTED_EDGE('',*,*,#2074,.T.);
#2687=ORIENTED_EDGE('',*,*,#2075,.T.);
#2688=ORIENTED_EDGE('',*,*,#2074,.F.);
#2689=ORIENTED_EDGE('',*,*,#2076,.T.);
#2690=ORIENTED_EDGE('',*,*,#2077,.T.);
#2691=ORIENTED_EDGE('',*,*,#2078,.T.);
#2692=ORIENTED_EDGE('',*,*,#2077,.F.);
#2693=ORIENTED_EDGE('',*,*,#2079,.T.);
#2694=ORIENTED_EDGE('',*,*,#2080,.T.);
#2695=ORIENTED_EDGE('',*,*,#2081,.T.);
#2696=ORIENTED_EDGE('',*,*,#2080,.F.);
#2697=ORIENTED_EDGE('',*,*,#2082,.T.);
#2698=ORIENTED_EDGE('',*,*,#2083,.T.);
#2699=ORIENTED_EDGE('',*,*,#2084,.F.);
#2700=ORIENTED_EDGE('',*,*,#2085,.T.);
#2701=ORIENTED_EDGE('',*,*,#2086,.T.);
#2702=ORIENTED_EDGE('',*,*,#2087,.T.);
#2703=ORIENTED_EDGE('',*,*,#2082,.F.);
#2704=ORIENTED_EDGE('',*,*,#2088,.T.);
#2705=ORIENTED_EDGE('',*,*,#2089,.T.);
#2706=ORIENTED_EDGE('',*,*,#2090,.T.);
#2707=ORIENTED_EDGE('',*,*,#2086,.F.);
#2708=ORIENTED_EDGE('',*,*,#2091,.T.);
#2709=ORIENTED_EDGE('',*,*,#2092,.T.);
#2710=ORIENTED_EDGE('',*,*,#2084,.T.);
#2711=ORIENTED_EDGE('',*,*,#2093,.T.);
#2712=ORIENTED_EDGE('',*,*,#2089,.F.);
#2713=ORIENTED_EDGE('',*,*,#2094,.T.);
#2714=ORIENTED_EDGE('',*,*,#2095,.T.);
#2715=ORIENTED_EDGE('',*,*,#2096,.F.);
#2716=ORIENTED_EDGE('',*,*,#2097,.T.);
#2717=ORIENTED_EDGE('',*,*,#2098,.T.);
#2718=ORIENTED_EDGE('',*,*,#2099,.T.);
#2719=ORIENTED_EDGE('',*,*,#2094,.F.);
#2720=ORIENTED_EDGE('',*,*,#2100,.T.);
#2721=ORIENTED_EDGE('',*,*,#2101,.T.);
#2722=ORIENTED_EDGE('',*,*,#2102,.T.);
#2723=ORIENTED_EDGE('',*,*,#2098,.F.);
#2724=ORIENTED_EDGE('',*,*,#2103,.T.);
#2725=ORIENTED_EDGE('',*,*,#2104,.T.);
#2726=ORIENTED_EDGE('',*,*,#2096,.T.);
#2727=ORIENTED_EDGE('',*,*,#2105,.T.);
#2728=ORIENTED_EDGE('',*,*,#2101,.F.);
#2729=ORIENTED_EDGE('',*,*,#2106,.T.);
#2730=ORIENTED_EDGE('',*,*,#2107,.T.);
#2731=ORIENTED_EDGE('',*,*,#2108,.F.);
#2732=ORIENTED_EDGE('',*,*,#2109,.T.);
#2733=ORIENTED_EDGE('',*,*,#2110,.T.);
#2734=ORIENTED_EDGE('',*,*,#2111,.T.);
#2735=ORIENTED_EDGE('',*,*,#2106,.F.);
#2736=ORIENTED_EDGE('',*,*,#2112,.T.);
#2737=ORIENTED_EDGE('',*,*,#2113,.T.);
#2738=ORIENTED_EDGE('',*,*,#2114,.T.);
#2739=ORIENTED_EDGE('',*,*,#2110,.F.);
#2740=ORIENTED_EDGE('',*,*,#2115,.T.);
#2741=ORIENTED_EDGE('',*,*,#2116,.T.);
#2742=ORIENTED_EDGE('',*,*,#2108,.T.);
#2743=ORIENTED_EDGE('',*,*,#2117,.T.);
#2744=ORIENTED_EDGE('',*,*,#2113,.F.);
#2745=ORIENTED_EDGE('',*,*,#2118,.T.);
#2746=ORIENTED_EDGE('',*,*,#2119,.T.);
#2747=ORIENTED_EDGE('',*,*,#2120,.F.);
#2748=ORIENTED_EDGE('',*,*,#2121,.T.);
#2749=ORIENTED_EDGE('',*,*,#2122,.T.);
#2750=ORIENTED_EDGE('',*,*,#2123,.T.);
#2751=ORIENTED_EDGE('',*,*,#2118,.F.);
#2752=ORIENTED_EDGE('',*,*,#2124,.T.);
#2753=ORIENTED_EDGE('',*,*,#2125,.T.);
#2754=ORIENTED_EDGE('',*,*,#2126,.T.);
#2755=ORIENTED_EDGE('',*,*,#2122,.F.);
#2756=ORIENTED_EDGE('',*,*,#2127,.T.);
#2757=ORIENTED_EDGE('',*,*,#2128,.T.);
#2758=ORIENTED_EDGE('',*,*,#2120,.T.);
#2759=ORIENTED_EDGE('',*,*,#2129,.T.);
#2760=ORIENTED_EDGE('',*,*,#2125,.F.);
#2761=ORIENTED_EDGE('',*,*,#2130,.T.);
#2762=ORIENTED_EDGE('',*,*,#2131,.T.);
#2763=ORIENTED_EDGE('',*,*,#2132,.F.);
#2764=ORIENTED_EDGE('',*,*,#2133,.T.);
#2765=ORIENTED_EDGE('',*,*,#2134,.T.);
#2766=ORIENTED_EDGE('',*,*,#2135,.T.);
#2767=ORIENTED_EDGE('',*,*,#2130,.F.);
#2768=ORIENTED_EDGE('',*,*,#2136,.T.);
#2769=ORIENTED_EDGE('',*,*,#2137,.T.);
#2770=ORIENTED_EDGE('',*,*,#2138,.T.);
#2771=ORIENTED_EDGE('',*,*,#2134,.F.);
#2772=ORIENTED_EDGE('',*,*,#2139,.T.);
#2773=ORIENTED_EDGE('',*,*,#2140,.T.);
#2774=ORIENTED_EDGE('',*,*,#2132,.T.);
#2775=ORIENTED_EDGE('',*,*,#2141,.T.);
#2776=ORIENTED_EDGE('',*,*,#2137,.F.);
#2777=ORIENTED_EDGE('',*,*,#2142,.T.);
#2778=ORIENTED_EDGE('',*,*,#2143,.T.);
#2779=ORIENTED_EDGE('',*,*,#2144,.F.);
#2780=ORIENTED_EDGE('',*,*,#2145,.T.);
#2781=ORIENTED_EDGE('',*,*,#2146,.T.);
#2782=ORIENTED_EDGE('',*,*,#2147,.T.);
#2783=ORIENTED_EDGE('',*,*,#2142,.F.);
#2784=ORIENTED_EDGE('',*,*,#2148,.T.);
#2785=ORIENTED_EDGE('',*,*,#2149,.T.);
#2786=ORIENTED_EDGE('',*,*,#2150,.T.);
#2787=ORIENTED_EDGE('',*,*,#2146,.F.);
#2788=ORIENTED_EDGE('',*,*,#2151,.T.);
#2789=ORIENTED_EDGE('',*,*,#2152,.T.);
#2790=ORIENTED_EDGE('',*,*,#2144,.T.);
#2791=ORIENTED_EDGE('',*,*,#2153,.T.);
#2792=ORIENTED_EDGE('',*,*,#2149,.F.);
#2793=ORIENTED_EDGE('',*,*,#2154,.T.);
#2794=ORIENTED_EDGE('',*,*,#2155,.T.);
#2795=ORIENTED_EDGE('',*,*,#2156,.F.);
#2796=ORIENTED_EDGE('',*,*,#2157,.T.);
#2797=ORIENTED_EDGE('',*,*,#2158,.T.);
#2798=ORIENTED_EDGE('',*,*,#2159,.T.);
#2799=ORIENTED_EDGE('',*,*,#2154,.F.);
#2800=ORIENTED_EDGE('',*,*,#2160,.T.);
#2801=ORIENTED_EDGE('',*,*,#2161,.T.);
#2802=ORIENTED_EDGE('',*,*,#2162,.T.);
#2803=ORIENTED_EDGE('',*,*,#2158,.F.);
#2804=ORIENTED_EDGE('',*,*,#2163,.T.);
#2805=ORIENTED_EDGE('',*,*,#2164,.T.);
#2806=ORIENTED_EDGE('',*,*,#2156,.T.);
#2807=ORIENTED_EDGE('',*,*,#2165,.T.);
#2808=ORIENTED_EDGE('',*,*,#2161,.F.);
#2809=ORIENTED_EDGE('',*,*,#2166,.T.);
#2810=ORIENTED_EDGE('',*,*,#2167,.T.);
#2811=ORIENTED_EDGE('',*,*,#2168,.F.);
#2812=ORIENTED_EDGE('',*,*,#2169,.T.);
#2813=ORIENTED_EDGE('',*,*,#2170,.T.);
#2814=ORIENTED_EDGE('',*,*,#2171,.T.);
#2815=ORIENTED_EDGE('',*,*,#2166,.F.);
#2816=ORIENTED_EDGE('',*,*,#2172,.T.);
#2817=ORIENTED_EDGE('',*,*,#2173,.T.);
#2818=ORIENTED_EDGE('',*,*,#2174,.T.);
#2819=ORIENTED_EDGE('',*,*,#2170,.F.);
#2820=ORIENTED_EDGE('',*,*,#2175,.T.);
#2821=ORIENTED_EDGE('',*,*,#2176,.T.);
#2822=ORIENTED_EDGE('',*,*,#2168,.T.);
#2823=ORIENTED_EDGE('',*,*,#2177,.T.);
#2824=ORIENTED_EDGE('',*,*,#2173,.F.);
#2825=ORIENTED_EDGE('',*,*,#2178,.T.);
#2826=ORIENTED_EDGE('',*,*,#2179,.T.);
#2827=ORIENTED_EDGE('',*,*,#2180,.F.);
#2828=ORIENTED_EDGE('',*,*,#2181,.T.);
#2829=ORIENTED_EDGE('',*,*,#2182,.T.);
#2830=ORIENTED_EDGE('',*,*,#2183,.T.);
#2831=ORIENTED_EDGE('',*,*,#2178,.F.);
#2832=ORIENTED_EDGE('',*,*,#2184,.T.);
#2833=ORIENTED_EDGE('',*,*,#2185,.T.);
#2834=ORIENTED_EDGE('',*,*,#2186,.T.);
#2835=ORIENTED_EDGE('',*,*,#2182,.F.);
#2836=ORIENTED_EDGE('',*,*,#2187,.T.);
#2837=ORIENTED_EDGE('',*,*,#2188,.T.);
#2838=ORIENTED_EDGE('',*,*,#2180,.T.);
#2839=ORIENTED_EDGE('',*,*,#2189,.T.);
#2840=ORIENTED_EDGE('',*,*,#2185,.F.);
#2841=ORIENTED_EDGE('',*,*,#2190,.T.);
#2842=ORIENTED_EDGE('',*,*,#2191,.T.);
#2843=ORIENTED_EDGE('',*,*,#2192,.F.);
#2844=ORIENTED_EDGE('',*,*,#2193,.T.);
#2845=ORIENTED_EDGE('',*,*,#2194,.T.);
#2846=ORIENTED_EDGE('',*,*,#2195,.T.);
#2847=ORIENTED_EDGE('',*,*,#2190,.F.);
#2848=ORIENTED_EDGE('',*,*,#2196,.T.);
#2849=ORIENTED_EDGE('',*,*,#2197,.T.);
#2850=ORIENTED_EDGE('',*,*,#2198,.T.);
#2851=ORIENTED_EDGE('',*,*,#2194,.F.);
#2852=ORIENTED_EDGE('',*,*,#2199,.T.);
#2853=ORIENTED_EDGE('',*,*,#2200,.T.);
#2854=ORIENTED_EDGE('',*,*,#2201,.T.);
#2855=ORIENTED_EDGE('',*,*,#2197,.F.);
#2856=ORIENTED_EDGE('',*,*,#2202,.T.);
#2857=ORIENTED_EDGE('',*,*,#2203,.T.);
#2858=ORIENTED_EDGE('',*,*,#2204,.T.);
#2859=ORIENTED_EDGE('',*,*,#2200,.F.);
#2860=ORIENTED_EDGE('',*,*,#2205,.T.);
#2861=ORIENTED_EDGE('',*,*,#2206,.T.);
#2862=ORIENTED_EDGE('',*,*,#2192,.T.);
#2863=ORIENTED_EDGE('',*,*,#2207,.T.);
#2864=ORIENTED_EDGE('',*,*,#2203,.F.);
#2865=ORIENTED_EDGE('',*,*,#2208,.T.);
#2866=ORIENTED_EDGE('',*,*,#2209,.T.);
#2867=ORIENTED_EDGE('',*,*,#2210,.T.);
#2868=ORIENTED_EDGE('',*,*,#2209,.F.);
#2869=ORIENTED_EDGE('',*,*,#2211,.T.);
#2870=ORIENTED_EDGE('',*,*,#2212,.T.);
#2871=ORIENTED_EDGE('',*,*,#2213,.T.);
#2872=ORIENTED_EDGE('',*,*,#2212,.F.);
#2873=ORIENTED_EDGE('',*,*,#2214,.T.);
#2874=ORIENTED_EDGE('',*,*,#2215,.T.);
#2875=ORIENTED_EDGE('',*,*,#2216,.T.);
#2876=ORIENTED_EDGE('',*,*,#2215,.F.);
#2877=ORIENTED_EDGE('',*,*,#2217,.T.);
#2878=ORIENTED_EDGE('',*,*,#2218,.T.);
#2879=ORIENTED_EDGE('',*,*,#2219,.T.);
#2880=ORIENTED_EDGE('',*,*,#2218,.F.);
#2881=ORIENTED_EDGE('',*,*,#2220,.T.);
#2882=ORIENTED_EDGE('',*,*,#2221,.T.);
#2883=ORIENTED_EDGE('',*,*,#2222,.T.);
#2884=ORIENTED_EDGE('',*,*,#2221,.F.);
#2885=ORIENTED_EDGE('',*,*,#2223,.T.);
#2886=ORIENTED_EDGE('',*,*,#2224,.T.);
#2887=ORIENTED_EDGE('',*,*,#2225,.T.);
#2888=ORIENTED_EDGE('',*,*,#2224,.F.);
#2889=ORIENTED_EDGE('',*,*,#2226,.T.);
#2890=ORIENTED_EDGE('',*,*,#2227,.T.);
#2891=ORIENTED_EDGE('',*,*,#2228,.T.);
#2892=ORIENTED_EDGE('',*,*,#2227,.F.);
#2893=ORIENTED_EDGE('',*,*,#2229,.T.);
#2894=ORIENTED_EDGE('',*,*,#2230,.T.);
#2895=ORIENTED_EDGE('',*,*,#2231,.T.);
#2896=ORIENTED_EDGE('',*,*,#2230,.F.);
#2897=ORIENTED_EDGE('',*,*,#2232,.T.);
#2898=ORIENTED_EDGE('',*,*,#2233,.T.);
#2899=ORIENTED_EDGE('',*,*,#2234,.T.);
#2900=ORIENTED_EDGE('',*,*,#2233,.F.);
#2901=ORIENTED_EDGE('',*,*,#2235,.T.);
#2902=ORIENTED_EDGE('',*,*,#2236,.T.);
#2903=ORIENTED_EDGE('',*,*,#2237,.T.);
#2904=ORIENTED_EDGE('',*,*,#2236,.F.);
#2905=ORIENTED_EDGE('',*,*,#2238,.T.);
#2906=ORIENTED_EDGE('',*,*,#2239,.T.);
#2907=ORIENTED_EDGE('',*,*,#2240,.T.);
#2908=ORIENTED_EDGE('',*,*,#2239,.F.);
#2909=ORIENTED_EDGE('',*,*,#2241,.T.);
#2910=ORIENTED_EDGE('',*,*,#2242,.T.);
#2911=ORIENTED_EDGE('',*,*,#2243,.T.);
#2912=ORIENTED_EDGE('',*,*,#2242,.F.);
#2913=ORIENTED_EDGE('',*,*,#2244,.T.);
#2914=ORIENTED_EDGE('',*,*,#2245,.T.);
#2915=ORIENTED_EDGE('',*,*,#2246,.T.);
#2916=ORIENTED_EDGE('',*,*,#2245,.F.);
#2917=ORIENTED_EDGE('',*,*,#2247,.T.);
#2918=ORIENTED_EDGE('',*,*,#2248,.T.);
#2919=ORIENTED_EDGE('',*,*,#2249,.T.);
#2920=ORIENTED_EDGE('',*,*,#2248,.F.);
#2921=ORIENTED_EDGE('',*,*,#2250,.T.);
#2922=ORIENTED_EDGE('',*,*,#2251,.T.);
#2923=ORIENTED_EDGE('',*,*,#2252,.T.);
#2924=ORIENTED_EDGE('',*,*,#2251,.F.);
#2925=ORIENTED_EDGE('',*,*,#2253,.T.);
#2926=ORIENTED_EDGE('',*,*,#2254,.T.);
#2927=ORIENTED_EDGE('',*,*,#2255,.F.);
#2928=ORIENTED_EDGE('',*,*,#2256,.T.);
#2929=ORIENTED_EDGE('',*,*,#2257,.T.);
#2930=ORIENTED_EDGE('',*,*,#2258,.T.);
#2931=ORIENTED_EDGE('',*,*,#2253,.F.);
#2932=ORIENTED_EDGE('',*,*,#2259,.T.);
#2933=ORIENTED_EDGE('',*,*,#2260,.T.);
#2934=ORIENTED_EDGE('',*,*,#2261,.T.);
#2935=ORIENTED_EDGE('',*,*,#2257,.F.);
#2936=ORIENTED_EDGE('',*,*,#2262,.T.);
#2937=ORIENTED_EDGE('',*,*,#2263,.T.);
#2938=ORIENTED_EDGE('',*,*,#2255,.T.);
#2939=ORIENTED_EDGE('',*,*,#2264,.T.);
#2940=ORIENTED_EDGE('',*,*,#2260,.F.);
#2941=ORIENTED_EDGE('',*,*,#2265,.T.);
#2942=ORIENTED_EDGE('',*,*,#2266,.T.);
#2943=ORIENTED_EDGE('',*,*,#2267,.F.);
#2944=ORIENTED_EDGE('',*,*,#2268,.T.);
#2945=ORIENTED_EDGE('',*,*,#2269,.T.);
#2946=ORIENTED_EDGE('',*,*,#2270,.T.);
#2947=ORIENTED_EDGE('',*,*,#2265,.F.);
#2948=ORIENTED_EDGE('',*,*,#2271,.T.);
#2949=ORIENTED_EDGE('',*,*,#2272,.T.);
#2950=ORIENTED_EDGE('',*,*,#2273,.T.);
#2951=ORIENTED_EDGE('',*,*,#2269,.F.);
#2952=ORIENTED_EDGE('',*,*,#2274,.T.);
#2953=ORIENTED_EDGE('',*,*,#2275,.T.);
#2954=ORIENTED_EDGE('',*,*,#2267,.T.);
#2955=ORIENTED_EDGE('',*,*,#2276,.T.);
#2956=ORIENTED_EDGE('',*,*,#2272,.F.);
#2957=ORIENTED_EDGE('',*,*,#2277,.T.);
#2958=ORIENTED_EDGE('',*,*,#2278,.T.);
#2959=ORIENTED_EDGE('',*,*,#2279,.F.);
#2960=ORIENTED_EDGE('',*,*,#2280,.T.);
#2961=ORIENTED_EDGE('',*,*,#2281,.T.);
#2962=ORIENTED_EDGE('',*,*,#2282,.T.);
#2963=ORIENTED_EDGE('',*,*,#2277,.F.);
#2964=ORIENTED_EDGE('',*,*,#2283,.T.);
#2965=ORIENTED_EDGE('',*,*,#2284,.T.);
#2966=ORIENTED_EDGE('',*,*,#2285,.T.);
#2967=ORIENTED_EDGE('',*,*,#2281,.F.);
#2968=ORIENTED_EDGE('',*,*,#2286,.T.);
#2969=ORIENTED_EDGE('',*,*,#2287,.T.);
#2970=ORIENTED_EDGE('',*,*,#2279,.T.);
#2971=ORIENTED_EDGE('',*,*,#2288,.T.);
#2972=ORIENTED_EDGE('',*,*,#2284,.F.);
#2973=ORIENTED_EDGE('',*,*,#2289,.T.);
#2974=ORIENTED_EDGE('',*,*,#2290,.T.);
#2975=ORIENTED_EDGE('',*,*,#2291,.F.);
#2976=ORIENTED_EDGE('',*,*,#2292,.T.);
#2977=ORIENTED_EDGE('',*,*,#2293,.T.);
#2978=ORIENTED_EDGE('',*,*,#2294,.T.);
#2979=ORIENTED_EDGE('',*,*,#2289,.F.);
#2980=ORIENTED_EDGE('',*,*,#2295,.T.);
#2981=ORIENTED_EDGE('',*,*,#2296,.T.);
#2982=ORIENTED_EDGE('',*,*,#2297,.T.);
#2983=ORIENTED_EDGE('',*,*,#2293,.F.);
#2984=ORIENTED_EDGE('',*,*,#2298,.T.);
#2985=ORIENTED_EDGE('',*,*,#2299,.T.);
#2986=ORIENTED_EDGE('',*,*,#2291,.T.);
#2987=ORIENTED_EDGE('',*,*,#2300,.T.);
#2988=ORIENTED_EDGE('',*,*,#2296,.F.);
#2989=ORIENTED_EDGE('',*,*,#2301,.T.);
#2990=ORIENTED_EDGE('',*,*,#2302,.T.);
#2991=ORIENTED_EDGE('',*,*,#2303,.F.);
#2992=ORIENTED_EDGE('',*,*,#2304,.T.);
#2993=ORIENTED_EDGE('',*,*,#2305,.T.);
#2994=ORIENTED_EDGE('',*,*,#2306,.T.);
#2995=ORIENTED_EDGE('',*,*,#2301,.F.);
#2996=ORIENTED_EDGE('',*,*,#2307,.T.);
#2997=ORIENTED_EDGE('',*,*,#2308,.T.);
#2998=ORIENTED_EDGE('',*,*,#2309,.T.);
#2999=ORIENTED_EDGE('',*,*,#2305,.F.);
#3000=ORIENTED_EDGE('',*,*,#2310,.T.);
#3001=ORIENTED_EDGE('',*,*,#2311,.T.);
#3002=ORIENTED_EDGE('',*,*,#2303,.T.);
#3003=ORIENTED_EDGE('',*,*,#2312,.T.);
#3004=ORIENTED_EDGE('',*,*,#2308,.F.);
#3005=ORIENTED_EDGE('',*,*,#2313,.T.);
#3006=ORIENTED_EDGE('',*,*,#2314,.T.);
#3007=ORIENTED_EDGE('',*,*,#2315,.F.);
#3008=ORIENTED_EDGE('',*,*,#2316,.T.);
#3009=ORIENTED_EDGE('',*,*,#2317,.T.);
#3010=ORIENTED_EDGE('',*,*,#2318,.T.);
#3011=ORIENTED_EDGE('',*,*,#2313,.F.);
#3012=ORIENTED_EDGE('',*,*,#2319,.T.);
#3013=ORIENTED_EDGE('',*,*,#2320,.T.);
#3014=ORIENTED_EDGE('',*,*,#2321,.T.);
#3015=ORIENTED_EDGE('',*,*,#2317,.F.);
#3016=ORIENTED_EDGE('',*,*,#2322,.T.);
#3017=ORIENTED_EDGE('',*,*,#2323,.T.);
#3018=ORIENTED_EDGE('',*,*,#2315,.T.);
#3019=ORIENTED_EDGE('',*,*,#2324,.T.);
#3020=ORIENTED_EDGE('',*,*,#2320,.F.);
#3021=ORIENTED_EDGE('',*,*,#2325,.T.);
#3022=ORIENTED_EDGE('',*,*,#2326,.T.);
#3023=ORIENTED_EDGE('',*,*,#2327,.F.);
#3024=ORIENTED_EDGE('',*,*,#2328,.T.);
#3025=ORIENTED_EDGE('',*,*,#2329,.T.);
#3026=ORIENTED_EDGE('',*,*,#2330,.T.);
#3027=ORIENTED_EDGE('',*,*,#2325,.F.);
#3028=ORIENTED_EDGE('',*,*,#2331,.T.);
#3029=ORIENTED_EDGE('',*,*,#2332,.T.);
#3030=ORIENTED_EDGE('',*,*,#2333,.T.);
#3031=ORIENTED_EDGE('',*,*,#2329,.F.);
#3032=ORIENTED_EDGE('',*,*,#2334,.T.);
#3033=ORIENTED_EDGE('',*,*,#2335,.T.);
#3034=ORIENTED_EDGE('',*,*,#2327,.T.);
#3035=ORIENTED_EDGE('',*,*,#2336,.T.);
#3036=ORIENTED_EDGE('',*,*,#2332,.F.);
#3037=ORIENTED_EDGE('',*,*,#2337,.T.);
#3038=ORIENTED_EDGE('',*,*,#2338,.T.);
#3039=ORIENTED_EDGE('',*,*,#2339,.F.);
#3040=ORIENTED_EDGE('',*,*,#2340,.T.);
#3041=ORIENTED_EDGE('',*,*,#2341,.T.);
#3042=ORIENTED_EDGE('',*,*,#2342,.T.);
#3043=ORIENTED_EDGE('',*,*,#2337,.F.);
#3044=ORIENTED_EDGE('',*,*,#2343,.T.);
#3045=ORIENTED_EDGE('',*,*,#2344,.T.);
#3046=ORIENTED_EDGE('',*,*,#2345,.T.);
#3047=ORIENTED_EDGE('',*,*,#2341,.F.);
#3048=ORIENTED_EDGE('',*,*,#2346,.T.);
#3049=ORIENTED_EDGE('',*,*,#2347,.T.);
#3050=ORIENTED_EDGE('',*,*,#2339,.T.);
#3051=ORIENTED_EDGE('',*,*,#2348,.T.);
#3052=ORIENTED_EDGE('',*,*,#2344,.F.);
#3053=ORIENTED_EDGE('',*,*,#2349,.T.);
#3054=ORIENTED_EDGE('',*,*,#2350,.T.);
#3055=ORIENTED_EDGE('',*,*,#2351,.T.);
#3056=ORIENTED_EDGE('',*,*,#2350,.F.);
#3057=ORIENTED_EDGE('',*,*,#2352,.T.);
#3058=ORIENTED_EDGE('',*,*,#2353,.T.);
#3059=ORIENTED_EDGE('',*,*,#2354,.T.);
#3060=ORIENTED_EDGE('',*,*,#2353,.F.);
#3061=ORIENTED_EDGE('',*,*,#2355,.T.);
#3062=ORIENTED_EDGE('',*,*,#2356,.T.);
#3063=ORIENTED_EDGE('',*,*,#2357,.T.);
#3064=ORIENTED_EDGE('',*,*,#2356,.F.);
#3065=ORIENTED_EDGE('',*,*,#2358,.T.);
#3066=ORIENTED_EDGE('',*,*,#2359,.T.);
#3067=ORIENTED_EDGE('',*,*,#2360,.T.);
#3068=ORIENTED_EDGE('',*,*,#2359,.F.);
#3069=ORIENTED_EDGE('',*,*,#2361,.T.);
#3070=ORIENTED_EDGE('',*,*,#2362,.T.);
#3071=ORIENTED_EDGE('',*,*,#2363,.T.);
#3072=ORIENTED_EDGE('',*,*,#2362,.F.);
#3073=ORIENTED_EDGE('',*,*,#2364,.T.);
#3074=ORIENTED_EDGE('',*,*,#2365,.T.);
#3075=ORIENTED_EDGE('',*,*,#2366,.T.);
#3076=ORIENTED_EDGE('',*,*,#2365,.F.);
#3077=ORIENTED_EDGE('',*,*,#2367,.T.);
#3078=ORIENTED_EDGE('',*,*,#2368,.T.);
#3079=ORIENTED_EDGE('',*,*,#2369,.F.);
#3080=ORIENTED_EDGE('',*,*,#2370,.T.);
#3081=ORIENTED_EDGE('',*,*,#2371,.T.);
#3082=ORIENTED_EDGE('',*,*,#2372,.T.);
#3083=ORIENTED_EDGE('',*,*,#2367,.F.);
#3084=ORIENTED_EDGE('',*,*,#2373,.T.);
#3085=ORIENTED_EDGE('',*,*,#2374,.T.);
#3086=ORIENTED_EDGE('',*,*,#2375,.T.);
#3087=ORIENTED_EDGE('',*,*,#2371,.F.);
#3088=ORIENTED_EDGE('',*,*,#2376,.T.);
#3089=ORIENTED_EDGE('',*,*,#2377,.T.);
#3090=ORIENTED_EDGE('',*,*,#2369,.T.);
#3091=ORIENTED_EDGE('',*,*,#2378,.T.);
#3092=ORIENTED_EDGE('',*,*,#2374,.F.);
#3093=ORIENTED_EDGE('',*,*,#2379,.T.);
#3094=ORIENTED_EDGE('',*,*,#2380,.T.);
#3095=ORIENTED_EDGE('',*,*,#2381,.F.);
#3096=ORIENTED_EDGE('',*,*,#2382,.T.);
#3097=ORIENTED_EDGE('',*,*,#2383,.T.);
#3098=ORIENTED_EDGE('',*,*,#2384,.T.);
#3099=ORIENTED_EDGE('',*,*,#2379,.F.);
#3100=ORIENTED_EDGE('',*,*,#2385,.T.);
#3101=ORIENTED_EDGE('',*,*,#2386,.T.);
#3102=ORIENTED_EDGE('',*,*,#2387,.T.);
#3103=ORIENTED_EDGE('',*,*,#2383,.F.);
#3104=ORIENTED_EDGE('',*,*,#2388,.T.);
#3105=ORIENTED_EDGE('',*,*,#2389,.T.);
#3106=ORIENTED_EDGE('',*,*,#2381,.T.);
#3107=ORIENTED_EDGE('',*,*,#2390,.T.);
#3108=ORIENTED_EDGE('',*,*,#2386,.F.);
#3109=ORIENTED_EDGE('',*,*,#2391,.T.);
#3110=ORIENTED_EDGE('',*,*,#2392,.T.);
#3111=ORIENTED_EDGE('',*,*,#2393,.T.);
#3112=ORIENTED_EDGE('',*,*,#2392,.F.);
#3113=ORIENTED_EDGE('',*,*,#2394,.T.);
#3114=ORIENTED_EDGE('',*,*,#2395,.T.);
#3115=ORIENTED_EDGE('',*,*,#2396,.T.);
#3116=ORIENTED_EDGE('',*,*,#2395,.F.);
#3117=ORIENTED_EDGE('',*,*,#2397,.T.);
#3118=ORIENTED_EDGE('',*,*,#2398,.T.);
#3119=ORIENTED_EDGE('',*,*,#2399,.T.);
#3120=ORIENTED_EDGE('',*,*,#2398,.F.);
#3121=ORIENTED_EDGE('',*,*,#2400,.T.);
#3122=ORIENTED_EDGE('',*,*,#2401,.T.);
#3123=ORIENTED_EDGE('',*,*,#2402,.T.);
#3124=ORIENTED_EDGE('',*,*,#2401,.F.);
#3125=ORIENTED_EDGE('',*,*,#2403,.T.);
#3126=ORIENTED_EDGE('',*,*,#2404,.T.);
#3127=ORIENTED_EDGE('',*,*,#2405,.T.);
#3128=ORIENTED_EDGE('',*,*,#2404,.F.);
#3129=ORIENTED_EDGE('',*,*,#2406,.T.);
#3130=ORIENTED_EDGE('',*,*,#2407,.T.);
#3131=ORIENTED_EDGE('',*,*,#2408,.T.);
#3132=ORIENTED_EDGE('',*,*,#2407,.F.);
#3133=ORIENTED_EDGE('',*,*,#2409,.T.);
#3134=ORIENTED_EDGE('',*,*,#2410,.T.);
#3135=ORIENTED_EDGE('',*,*,#2411,.F.);
#3136=ORIENTED_EDGE('',*,*,#2412,.T.);
#3137=ORIENTED_EDGE('',*,*,#2413,.T.);
#3138=ORIENTED_EDGE('',*,*,#2414,.T.);
#3139=ORIENTED_EDGE('',*,*,#2409,.F.);
#3140=ORIENTED_EDGE('',*,*,#2415,.T.);
#3141=ORIENTED_EDGE('',*,*,#2416,.T.);
#3142=ORIENTED_EDGE('',*,*,#2417,.T.);
#3143=ORIENTED_EDGE('',*,*,#2413,.F.);
#3144=ORIENTED_EDGE('',*,*,#2418,.T.);
#3145=ORIENTED_EDGE('',*,*,#2419,.T.);
#3146=ORIENTED_EDGE('',*,*,#2411,.T.);
#3147=ORIENTED_EDGE('',*,*,#2420,.T.);
#3148=ORIENTED_EDGE('',*,*,#2416,.F.);
#3149=ORIENTED_EDGE('',*,*,#2421,.T.);
#3150=ORIENTED_EDGE('',*,*,#2422,.T.);
#3151=ORIENTED_EDGE('',*,*,#2423,.F.);
#3152=ORIENTED_EDGE('',*,*,#2424,.T.);
#3153=ORIENTED_EDGE('',*,*,#2425,.T.);
#3154=ORIENTED_EDGE('',*,*,#2426,.T.);
#3155=ORIENTED_EDGE('',*,*,#2421,.F.);
#3156=ORIENTED_EDGE('',*,*,#2427,.T.);
#3157=ORIENTED_EDGE('',*,*,#2428,.T.);
#3158=ORIENTED_EDGE('',*,*,#2429,.T.);
#3159=ORIENTED_EDGE('',*,*,#2425,.F.);
#3160=ORIENTED_EDGE('',*,*,#2430,.T.);
#3161=ORIENTED_EDGE('',*,*,#2431,.T.);
#3162=ORIENTED_EDGE('',*,*,#2423,.T.);
#3163=ORIENTED_EDGE('',*,*,#2432,.T.);
#3164=ORIENTED_EDGE('',*,*,#2428,.F.);
#3165=ORIENTED_EDGE('',*,*,#2433,.T.);
#3166=ORIENTED_EDGE('',*,*,#2434,.T.);
#3167=ORIENTED_EDGE('',*,*,#2435,.F.);
#3168=ORIENTED_EDGE('',*,*,#2436,.T.);
#3169=ORIENTED_EDGE('',*,*,#2437,.T.);
#3170=ORIENTED_EDGE('',*,*,#2438,.T.);
#3171=ORIENTED_EDGE('',*,*,#2433,.F.);
#3172=ORIENTED_EDGE('',*,*,#2439,.T.);
#3173=ORIENTED_EDGE('',*,*,#2440,.T.);
#3174=ORIENTED_EDGE('',*,*,#2441,.T.);
#3175=ORIENTED_EDGE('',*,*,#2437,.F.);
#3176=ORIENTED_EDGE('',*,*,#2442,.T.);
#3177=ORIENTED_EDGE('',*,*,#2443,.T.);
#3178=ORIENTED_EDGE('',*,*,#2435,.T.);
#3179=ORIENTED_EDGE('',*,*,#2444,.T.);
#3180=ORIENTED_EDGE('',*,*,#2440,.F.);
#3181=ORIENTED_EDGE('',*,*,#2445,.T.);
#3182=ORIENTED_EDGE('',*,*,#2446,.T.);
#3183=ORIENTED_EDGE('',*,*,#2447,.F.);
#3184=ORIENTED_EDGE('',*,*,#2448,.T.);
#3185=ORIENTED_EDGE('',*,*,#2449,.T.);
#3186=ORIENTED_EDGE('',*,*,#2450,.T.);
#3187=ORIENTED_EDGE('',*,*,#2445,.F.);
#3188=ORIENTED_EDGE('',*,*,#2451,.T.);
#3189=ORIENTED_EDGE('',*,*,#2452,.T.);
#3190=ORIENTED_EDGE('',*,*,#2453,.T.);
#3191=ORIENTED_EDGE('',*,*,#2449,.F.);
#3192=ORIENTED_EDGE('',*,*,#2454,.T.);
#3193=ORIENTED_EDGE('',*,*,#2455,.T.);
#3194=ORIENTED_EDGE('',*,*,#2447,.T.);
#3195=ORIENTED_EDGE('',*,*,#2456,.T.);
#3196=ORIENTED_EDGE('',*,*,#2452,.F.);
#3197=ORIENTED_EDGE('',*,*,#2457,.T.);
#3198=ORIENTED_EDGE('',*,*,#2458,.T.);
#3199=ORIENTED_EDGE('',*,*,#2459,.F.);
#3200=ORIENTED_EDGE('',*,*,#2460,.T.);
#3201=ORIENTED_EDGE('',*,*,#2461,.T.);
#3202=ORIENTED_EDGE('',*,*,#2462,.T.);
#3203=ORIENTED_EDGE('',*,*,#2457,.F.);
#3204=ORIENTED_EDGE('',*,*,#2463,.T.);
#3205=ORIENTED_EDGE('',*,*,#2464,.T.);
#3206=ORIENTED_EDGE('',*,*,#2465,.T.);
#3207=ORIENTED_EDGE('',*,*,#2461,.F.);
#3208=ORIENTED_EDGE('',*,*,#2466,.T.);
#3209=ORIENTED_EDGE('',*,*,#2467,.T.);
#3210=ORIENTED_EDGE('',*,*,#2459,.T.);
#3211=ORIENTED_EDGE('',*,*,#2468,.T.);
#3212=ORIENTED_EDGE('',*,*,#2464,.F.);
#3213=ORIENTED_EDGE('',*,*,#2469,.T.);
#3214=ORIENTED_EDGE('',*,*,#2470,.T.);
#3215=ORIENTED_EDGE('',*,*,#2471,.F.);
#3216=ORIENTED_EDGE('',*,*,#2472,.T.);
#3217=ORIENTED_EDGE('',*,*,#2473,.T.);
#3218=ORIENTED_EDGE('',*,*,#2474,.T.);
#3219=ORIENTED_EDGE('',*,*,#2469,.F.);
#3220=ORIENTED_EDGE('',*,*,#2475,.T.);
#3221=ORIENTED_EDGE('',*,*,#2476,.T.);
#3222=ORIENTED_EDGE('',*,*,#2477,.T.);
#3223=ORIENTED_EDGE('',*,*,#2473,.F.);
#3224=ORIENTED_EDGE('',*,*,#2478,.T.);
#3225=ORIENTED_EDGE('',*,*,#2479,.T.);
#3226=ORIENTED_EDGE('',*,*,#2471,.T.);
#3227=ORIENTED_EDGE('',*,*,#2480,.T.);
#3228=ORIENTED_EDGE('',*,*,#2476,.F.);
#3229=ORIENTED_EDGE('',*,*,#2481,.T.);
#3230=ORIENTED_EDGE('',*,*,#2482,.T.);
#3231=ORIENTED_EDGE('',*,*,#2483,.F.);
#3232=ORIENTED_EDGE('',*,*,#2484,.T.);
#3233=ORIENTED_EDGE('',*,*,#2485,.T.);
#3234=ORIENTED_EDGE('',*,*,#2486,.T.);
#3235=ORIENTED_EDGE('',*,*,#2481,.F.);
#3236=ORIENTED_EDGE('',*,*,#2487,.T.);
#3237=ORIENTED_EDGE('',*,*,#2488,.T.);
#3238=ORIENTED_EDGE('',*,*,#2489,.T.);
#3239=ORIENTED_EDGE('',*,*,#2485,.F.);
#3240=ORIENTED_EDGE('',*,*,#2490,.T.);
#3241=ORIENTED_EDGE('',*,*,#2491,.T.);
#3242=ORIENTED_EDGE('',*,*,#2483,.T.);
#3243=ORIENTED_EDGE('',*,*,#2492,.T.);
#3244=ORIENTED_EDGE('',*,*,#2488,.F.);
#3245=ORIENTED_EDGE('',*,*,#2493,.T.);
#3246=ORIENTED_EDGE('',*,*,#2494,.T.);
#3247=ORIENTED_EDGE('',*,*,#2495,.F.);
#3248=ORIENTED_EDGE('',*,*,#2496,.T.);
#3249=ORIENTED_EDGE('',*,*,#2497,.T.);
#3250=ORIENTED_EDGE('',*,*,#2498,.T.);
#3251=ORIENTED_EDGE('',*,*,#2493,.F.);
#3252=ORIENTED_EDGE('',*,*,#2499,.T.);
#3253=ORIENTED_EDGE('',*,*,#2500,.T.);
#3254=ORIENTED_EDGE('',*,*,#2501,.T.);
#3255=ORIENTED_EDGE('',*,*,#2497,.F.);
#3256=ORIENTED_EDGE('',*,*,#2502,.T.);
#3257=ORIENTED_EDGE('',*,*,#2503,.T.);
#3258=ORIENTED_EDGE('',*,*,#2495,.T.);
#3259=ORIENTED_EDGE('',*,*,#2504,.T.);
#3260=ORIENTED_EDGE('',*,*,#2500,.F.);
#3261=ORIENTED_EDGE('',*,*,#2505,.T.);
#3262=ORIENTED_EDGE('',*,*,#2506,.T.);
#3263=ORIENTED_EDGE('',*,*,#2507,.F.);
#3264=ORIENTED_EDGE('',*,*,#2508,.T.);
#3265=ORIENTED_EDGE('',*,*,#2509,.T.);
#3266=ORIENTED_EDGE('',*,*,#2510,.T.);
#3267=ORIENTED_EDGE('',*,*,#2505,.F.);
#3268=ORIENTED_EDGE('',*,*,#2511,.T.);
#3269=ORIENTED_EDGE('',*,*,#2512,.T.);
#3270=ORIENTED_EDGE('',*,*,#2513,.T.);
#3271=ORIENTED_EDGE('',*,*,#2509,.F.);
#3272=ORIENTED_EDGE('',*,*,#2514,.T.);
#3273=ORIENTED_EDGE('',*,*,#2515,.T.);
#3274=ORIENTED_EDGE('',*,*,#2507,.T.);
#3275=ORIENTED_EDGE('',*,*,#2516,.T.);
#3276=ORIENTED_EDGE('',*,*,#2512,.F.);
#3277=PLANE('',#3784);
#3278=PLANE('',#3785);
#3279=PLANE('',#3786);
#3280=PLANE('',#3787);
#3281=PLANE('',#3788);
#3282=PLANE('',#3789);
#3283=PLANE('',#3790);
#3284=PLANE('',#3791);
#3285=PLANE('',#3792);
#3286=PLANE('',#3793);
#3287=PLANE('',#3794);
#3288=PLANE('',#3795);
#3289=PLANE('',#3796);
#3290=PLANE('',#3797);
#3291=PLANE('',#3798);
#3292=PLANE('',#3799);
#3293=PLANE('',#3800);
#3294=PLANE('',#3801);
#3295=PLANE('',#3802);
#3296=PLANE('',#3803);
#3297=PLANE('',#3804);
#3298=PLANE('',#3805);
#3299=PLANE('',#3806);
#3300=PLANE('',#3807);
#3301=PLANE('',#3808);
#3302=PLANE('',#3809);
#3303=PLANE('',#3810);
#3304=PLANE('',#3811);
#3305=PLANE('',#3812);
#3306=PLANE('',#3813);
#3307=PLANE('',#3859);
#3308=PLANE('',#3860);
#3309=PLANE('',#3861);
#3310=PLANE('',#3862);
#3311=PLANE('',#3863);
#3312=PLANE('',#3864);
#3313=PLANE('',#3865);
#3314=PLANE('',#3866);
#3315=PLANE('',#3867);
#3316=PLANE('',#3868);
#3317=PLANE('',#3869);
#3318=PLANE('',#3870);
#3319=PLANE('',#3871);
#3320=PLANE('',#3872);
#3321=PLANE('',#3873);
#3322=PLANE('',#3874);
#3323=PLANE('',#3875);
#3324=PLANE('',#3876);
#3325=PLANE('',#3877);
#3326=PLANE('',#3878);
#3327=PLANE('',#3879);
#3328=PLANE('',#3880);
#3329=PLANE('',#3881);
#3330=PLANE('',#3882);
#3331=PLANE('',#3883);
#3332=PLANE('',#3884);
#3333=PLANE('',#3885);
#3334=PLANE('',#3886);
#3335=PLANE('',#3887);
#3336=PLANE('',#3888);
#3337=PLANE('',#3889);
#3338=PLANE('',#3890);
#3339=PLANE('',#3891);
#3340=PLANE('',#3892);
#3341=PLANE('',#3893);
#3342=PLANE('',#3894);
#3343=PLANE('',#3895);
#3344=PLANE('',#3896);
#3345=PLANE('',#3897);
#3346=PLANE('',#3898);
#3347=PLANE('',#3899);
#3348=PLANE('',#3900);
#3349=PLANE('',#3946);
#3350=PLANE('',#3947);
#3351=PLANE('',#3948);
#3352=PLANE('',#3949);
#3353=PLANE('',#3950);
#3354=PLANE('',#3951);
#3355=PLANE('',#3952);
#3356=PLANE('',#3953);
#3357=PLANE('',#3954);
#3358=PLANE('',#3955);
#3359=PLANE('',#3956);
#3360=PLANE('',#3957);
#3361=PLANE('',#3958);
#3362=PLANE('',#3959);
#3363=PLANE('',#3960);
#3364=PLANE('',#3961);
#3365=PLANE('',#3962);
#3366=PLANE('',#3963);
#3367=PLANE('',#3964);
#3368=PLANE('',#3965);
#3369=PLANE('',#3966);
#3370=PLANE('',#3967);
#3371=PLANE('',#3968);
#3372=PLANE('',#3969);
#3373=PLANE('',#3970);
#3374=PLANE('',#3971);
#3375=PLANE('',#3972);
#3376=PLANE('',#3973);
#3377=PLANE('',#3974);
#3378=PLANE('',#3975);
#3379=PLANE('',#3976);
#3380=PLANE('',#3977);
#3381=PLANE('',#3996);
#3382=PLANE('',#3997);
#3383=PLANE('',#3998);
#3384=PLANE('',#3999);
#3385=PLANE('',#4000);
#3386=PLANE('',#4001);
#3387=PLANE('',#4002);
#3388=PLANE('',#4003);
#3389=PLANE('',#4022);
#3390=PLANE('',#4023);
#3391=PLANE('',#4024);
#3392=PLANE('',#4025);
#3393=PLANE('',#4026);
#3394=PLANE('',#4027);
#3395=PLANE('',#4028);
#3396=PLANE('',#4029);
#3397=PLANE('',#4030);
#3398=PLANE('',#4031);
#3399=PLANE('',#4032);
#3400=PLANE('',#4033);
#3401=PLANE('',#4034);
#3402=PLANE('',#4035);
#3403=PLANE('',#4036);
#3404=PLANE('',#4037);
#3405=PLANE('',#4038);
#3406=PLANE('',#4039);
#3407=PLANE('',#4040);
#3408=PLANE('',#4041);
#3409=PLANE('',#4042);
#3410=PLANE('',#4043);
#3411=PLANE('',#4044);
#3412=PLANE('',#4045);
#3413=PLANE('',#4046);
#3414=PLANE('',#4047);
#3415=PLANE('',#4048);
#3416=PLANE('',#4049);
#3417=PLANE('',#4050);
#3418=PLANE('',#4051);
#3419=PLANE('',#4052);
#3420=PLANE('',#4053);
#3421=PLANE('',#4054);
#3422=PLANE('',#4055);
#3423=PLANE('',#4056);
#3424=PLANE('',#4057);
#3425=ADVANCED_FACE('',(#215),#3277,.T.);
#3426=ADVANCED_FACE('',(#216),#3278,.T.);
#3427=ADVANCED_FACE('',(#217),#3279,.T.);
#3428=ADVANCED_FACE('',(#218),#3280,.T.);
#3429=ADVANCED_FACE('',(#219),#3281,.T.);
#3430=ADVANCED_FACE('',(#220),#3282,.T.);
#3431=ADVANCED_FACE('',(#221),#3283,.T.);
#3432=ADVANCED_FACE('',(#222),#3284,.T.);
#3433=ADVANCED_FACE('',(#223),#3285,.T.);
#3434=ADVANCED_FACE('',(#224),#3286,.T.);
#3435=ADVANCED_FACE('',(#225),#3287,.T.);
#3436=ADVANCED_FACE('',(#226),#3288,.T.);
#3437=ADVANCED_FACE('',(#227),#3289,.T.);
#3438=ADVANCED_FACE('',(#228),#3290,.T.);
#3439=ADVANCED_FACE('',(#229),#3291,.T.);
#3440=ADVANCED_FACE('',(#230),#3292,.T.);
#3441=ADVANCED_FACE('',(#231),#3293,.T.);
#3442=ADVANCED_FACE('',(#232),#3294,.T.);
#3443=ADVANCED_FACE('',(#233),#3295,.T.);
#3444=ADVANCED_FACE('',(#234),#3296,.T.);
#3445=ADVANCED_FACE('',(#235),#3297,.T.);
#3446=ADVANCED_FACE('',(#236),#3298,.T.);
#3447=ADVANCED_FACE('',(#237),#3299,.T.);
#3448=ADVANCED_FACE('',(#238),#3300,.T.);
#3449=ADVANCED_FACE('',(#239),#3301,.T.);
#3450=ADVANCED_FACE('',(#240),#3302,.T.);
#3451=ADVANCED_FACE('',(#241),#3303,.T.);
#3452=ADVANCED_FACE('',(#242),#3304,.T.);
#3453=ADVANCED_FACE('',(#243),#3305,.T.);
#3454=ADVANCED_FACE('',(#244),#3306,.T.);
#3455=ADVANCED_FACE('',(#245),#95,.F.);
#3456=ADVANCED_FACE('',(#246),#96,.F.);
#3457=ADVANCED_FACE('',(#247),#97,.F.);
#3458=ADVANCED_FACE('',(#248),#98,.F.);
#3459=ADVANCED_FACE('',(#249),#99,.F.);
#3460=ADVANCED_FACE('',(#250),#100,.F.);
#3461=ADVANCED_FACE('',(#251),#101,.F.);
#3462=ADVANCED_FACE('',(#252),#102,.F.);
#3463=ADVANCED_FACE('',(#253),#103,.F.);
#3464=ADVANCED_FACE('',(#254),#104,.F.);
#3465=ADVANCED_FACE('',(#255),#105,.F.);
#3466=ADVANCED_FACE('',(#256),#106,.F.);
#3467=ADVANCED_FACE('',(#257),#107,.F.);
#3468=ADVANCED_FACE('',(#258),#108,.F.);
#3469=ADVANCED_FACE('',(#259),#109,.F.);
#3470=ADVANCED_FACE('',(#260),#3307,.T.);
#3471=ADVANCED_FACE('',(#261),#3308,.T.);
#3472=ADVANCED_FACE('',(#262),#3309,.T.);
#3473=ADVANCED_FACE('',(#263),#3310,.T.);
#3474=ADVANCED_FACE('',(#264),#3311,.T.);
#3475=ADVANCED_FACE('',(#265),#3312,.T.);
#3476=ADVANCED_FACE('',(#266),#3313,.T.);
#3477=ADVANCED_FACE('',(#267),#3314,.T.);
#3478=ADVANCED_FACE('',(#268),#3315,.T.);
#3479=ADVANCED_FACE('',(#269),#3316,.T.);
#3480=ADVANCED_FACE('',(#270),#3317,.T.);
#3481=ADVANCED_FACE('',(#271),#3318,.T.);
#3482=ADVANCED_FACE('',(#272),#3319,.T.);
#3483=ADVANCED_FACE('',(#273),#3320,.T.);
#3484=ADVANCED_FACE('',(#274),#3321,.T.);
#3485=ADVANCED_FACE('',(#275),#3322,.T.);
#3486=ADVANCED_FACE('',(#276),#3323,.T.);
#3487=ADVANCED_FACE('',(#277),#3324,.T.);
#3488=ADVANCED_FACE('',(#278),#3325,.T.);
#3489=ADVANCED_FACE('',(#279),#3326,.T.);
#3490=ADVANCED_FACE('',(#280),#3327,.T.);
#3491=ADVANCED_FACE('',(#281),#3328,.T.);
#3492=ADVANCED_FACE('',(#282),#3329,.T.);
#3493=ADVANCED_FACE('',(#283),#3330,.T.);
#3494=ADVANCED_FACE('',(#284),#3331,.T.);
#3495=ADVANCED_FACE('',(#285),#3332,.T.);
#3496=ADVANCED_FACE('',(#286),#3333,.T.);
#3497=ADVANCED_FACE('',(#287),#3334,.T.);
#3498=ADVANCED_FACE('',(#288),#3335,.T.);
#3499=ADVANCED_FACE('',(#289),#3336,.T.);
#3500=ADVANCED_FACE('',(#290),#3337,.T.);
#3501=ADVANCED_FACE('',(#291),#3338,.T.);
#3502=ADVANCED_FACE('',(#292),#3339,.T.);
#3503=ADVANCED_FACE('',(#293),#3340,.T.);
#3504=ADVANCED_FACE('',(#294),#3341,.T.);
#3505=ADVANCED_FACE('',(#295),#3342,.T.);
#3506=ADVANCED_FACE('',(#296),#3343,.T.);
#3507=ADVANCED_FACE('',(#297),#3344,.T.);
#3508=ADVANCED_FACE('',(#298),#3345,.T.);
#3509=ADVANCED_FACE('',(#299),#3346,.T.);
#3510=ADVANCED_FACE('',(#300),#3347,.T.);
#3511=ADVANCED_FACE('',(#301),#3348,.T.);
#3512=ADVANCED_FACE('',(#302),#110,.F.);
#3513=ADVANCED_FACE('',(#303),#111,.F.);
#3514=ADVANCED_FACE('',(#304),#112,.F.);
#3515=ADVANCED_FACE('',(#305),#113,.F.);
#3516=ADVANCED_FACE('',(#306),#114,.F.);
#3517=ADVANCED_FACE('',(#307),#115,.F.);
#3518=ADVANCED_FACE('',(#308),#116,.F.);
#3519=ADVANCED_FACE('',(#309),#117,.F.);
#3520=ADVANCED_FACE('',(#310),#118,.F.);
#3521=ADVANCED_FACE('',(#311),#119,.F.);
#3522=ADVANCED_FACE('',(#312),#120,.F.);
#3523=ADVANCED_FACE('',(#313),#121,.F.);
#3524=ADVANCED_FACE('',(#314),#122,.F.);
#3525=ADVANCED_FACE('',(#315),#123,.F.);
#3526=ADVANCED_FACE('',(#316),#124,.F.);
#3527=ADVANCED_FACE('',(#317),#3349,.T.);
#3528=ADVANCED_FACE('',(#318),#3350,.T.);
#3529=ADVANCED_FACE('',(#319),#3351,.T.);
#3530=ADVANCED_FACE('',(#320),#3352,.T.);
#3531=ADVANCED_FACE('',(#321),#3353,.T.);
#3532=ADVANCED_FACE('',(#322),#3354,.T.);
#3533=ADVANCED_FACE('',(#323),#3355,.T.);
#3534=ADVANCED_FACE('',(#324),#3356,.T.);
#3535=ADVANCED_FACE('',(#325),#3357,.T.);
#3536=ADVANCED_FACE('',(#326),#3358,.T.);
#3537=ADVANCED_FACE('',(#327),#3359,.T.);
#3538=ADVANCED_FACE('',(#328),#3360,.T.);
#3539=ADVANCED_FACE('',(#329),#3361,.T.);
#3540=ADVANCED_FACE('',(#330),#3362,.T.);
#3541=ADVANCED_FACE('',(#331),#3363,.T.);
#3542=ADVANCED_FACE('',(#332),#3364,.T.);
#3543=ADVANCED_FACE('',(#333),#3365,.T.);
#3544=ADVANCED_FACE('',(#334),#3366,.T.);
#3545=ADVANCED_FACE('',(#335),#3367,.T.);
#3546=ADVANCED_FACE('',(#336),#3368,.T.);
#3547=ADVANCED_FACE('',(#337),#3369,.T.);
#3548=ADVANCED_FACE('',(#338),#3370,.T.);
#3549=ADVANCED_FACE('',(#339),#3371,.T.);
#3550=ADVANCED_FACE('',(#340),#3372,.T.);
#3551=ADVANCED_FACE('',(#341),#3373,.T.);
#3552=ADVANCED_FACE('',(#342),#3374,.T.);
#3553=ADVANCED_FACE('',(#343),#3375,.T.);
#3554=ADVANCED_FACE('',(#344),#3376,.T.);
#3555=ADVANCED_FACE('',(#345),#3377,.T.);
#3556=ADVANCED_FACE('',(#346),#3378,.T.);
#3557=ADVANCED_FACE('',(#347),#3379,.T.);
#3558=ADVANCED_FACE('',(#348),#3380,.T.);
#3559=ADVANCED_FACE('',(#349),#125,.F.);
#3560=ADVANCED_FACE('',(#350),#126,.F.);
#3561=ADVANCED_FACE('',(#351),#127,.F.);
#3562=ADVANCED_FACE('',(#352),#128,.F.);
#3563=ADVANCED_FACE('',(#353),#129,.F.);
#3564=ADVANCED_FACE('',(#354),#130,.F.);
#3565=ADVANCED_FACE('',(#355),#3381,.T.);
#3566=ADVANCED_FACE('',(#356),#3382,.T.);
#3567=ADVANCED_FACE('',(#357),#3383,.T.);
#3568=ADVANCED_FACE('',(#358),#3384,.T.);
#3569=ADVANCED_FACE('',(#359),#3385,.T.);
#3570=ADVANCED_FACE('',(#360),#3386,.T.);
#3571=ADVANCED_FACE('',(#361),#3387,.T.);
#3572=ADVANCED_FACE('',(#362),#3388,.T.);
#3573=ADVANCED_FACE('',(#363),#131,.F.);
#3574=ADVANCED_FACE('',(#364),#132,.F.);
#3575=ADVANCED_FACE('',(#365),#133,.F.);
#3576=ADVANCED_FACE('',(#366),#134,.F.);
#3577=ADVANCED_FACE('',(#367),#135,.F.);
#3578=ADVANCED_FACE('',(#368),#136,.F.);
#3579=ADVANCED_FACE('',(#369),#3389,.T.);
#3580=ADVANCED_FACE('',(#370),#3390,.T.);
#3581=ADVANCED_FACE('',(#371),#3391,.T.);
#3582=ADVANCED_FACE('',(#372),#3392,.T.);
#3583=ADVANCED_FACE('',(#373),#3393,.T.);
#3584=ADVANCED_FACE('',(#374),#3394,.T.);
#3585=ADVANCED_FACE('',(#375),#3395,.T.);
#3586=ADVANCED_FACE('',(#376),#3396,.T.);
#3587=ADVANCED_FACE('',(#377),#3397,.T.);
#3588=ADVANCED_FACE('',(#378),#3398,.T.);
#3589=ADVANCED_FACE('',(#379),#3399,.T.);
#3590=ADVANCED_FACE('',(#380),#3400,.T.);
#3591=ADVANCED_FACE('',(#381),#3401,.T.);
#3592=ADVANCED_FACE('',(#382),#3402,.T.);
#3593=ADVANCED_FACE('',(#383),#3403,.T.);
#3594=ADVANCED_FACE('',(#384),#3404,.T.);
#3595=ADVANCED_FACE('',(#385),#3405,.T.);
#3596=ADVANCED_FACE('',(#386),#3406,.T.);
#3597=ADVANCED_FACE('',(#387),#3407,.T.);
#3598=ADVANCED_FACE('',(#388),#3408,.T.);
#3599=ADVANCED_FACE('',(#389),#3409,.T.);
#3600=ADVANCED_FACE('',(#390),#3410,.T.);
#3601=ADVANCED_FACE('',(#391),#3411,.T.);
#3602=ADVANCED_FACE('',(#392),#3412,.T.);
#3603=ADVANCED_FACE('',(#393),#3413,.T.);
#3604=ADVANCED_FACE('',(#394),#3414,.T.);
#3605=ADVANCED_FACE('',(#395),#3415,.T.);
#3606=ADVANCED_FACE('',(#396),#3416,.T.);
#3607=ADVANCED_FACE('',(#397),#3417,.T.);
#3608=ADVANCED_FACE('',(#398),#3418,.T.);
#3609=ADVANCED_FACE('',(#399),#3419,.T.);
#3610=ADVANCED_FACE('',(#400),#3420,.T.);
#3611=ADVANCED_FACE('',(#401),#3421,.T.);
#3612=ADVANCED_FACE('',(#402),#3422,.T.);
#3613=ADVANCED_FACE('',(#403),#3423,.T.);
#3614=ADVANCED_FACE('',(#404),#3424,.T.);
#3615=OPEN_SHELL('',(#3425,#3426,#3427,#3428));
#3616=OPEN_SHELL('',(#3429,#3430,#3431,#3432));
#3617=OPEN_SHELL('',(#3433,#3434,#3435,#3436));
#3618=OPEN_SHELL('',(#3437,#3438,#3439,#3440));
#3619=OPEN_SHELL('',(#3441,#3442,#3443,#3444));
#3620=OPEN_SHELL('',(#3445,#3446,#3447,#3448));
#3621=OPEN_SHELL('',(#3449,#3450,#3451,#3452,#3453,#3454));
#3622=OPEN_SHELL('',(#3455));
#3623=OPEN_SHELL('',(#3456));
#3624=OPEN_SHELL('',(#3457));
#3625=OPEN_SHELL('',(#3458));
#3626=OPEN_SHELL('',(#3459));
#3627=OPEN_SHELL('',(#3460));
#3628=OPEN_SHELL('',(#3461));
#3629=OPEN_SHELL('',(#3462));
#3630=OPEN_SHELL('',(#3463));
#3631=OPEN_SHELL('',(#3464));
#3632=OPEN_SHELL('',(#3465));
#3633=OPEN_SHELL('',(#3466));
#3634=OPEN_SHELL('',(#3467));
#3635=OPEN_SHELL('',(#3468));
#3636=OPEN_SHELL('',(#3469));
#3637=OPEN_SHELL('',(#3470,#3471,#3472,#3473));
#3638=OPEN_SHELL('',(#3474,#3475,#3476,#3477));
#3639=OPEN_SHELL('',(#3478,#3479,#3480,#3481));
#3640=OPEN_SHELL('',(#3482,#3483,#3484,#3485));
#3641=OPEN_SHELL('',(#3486,#3487,#3488,#3489));
#3642=OPEN_SHELL('',(#3490,#3491,#3492,#3493));
#3643=OPEN_SHELL('',(#3494,#3495,#3496,#3497));
#3644=OPEN_SHELL('',(#3498,#3499,#3500,#3501));
#3645=OPEN_SHELL('',(#3502,#3503,#3504,#3505));
#3646=OPEN_SHELL('',(#3506,#3507,#3508,#3509,#3510,#3511));
#3647=OPEN_SHELL('',(#3512));
#3648=OPEN_SHELL('',(#3513));
#3649=OPEN_SHELL('',(#3514));
#3650=OPEN_SHELL('',(#3515));
#3651=OPEN_SHELL('',(#3516));
#3652=OPEN_SHELL('',(#3517));
#3653=OPEN_SHELL('',(#3518));
#3654=OPEN_SHELL('',(#3519));
#3655=OPEN_SHELL('',(#3520));
#3656=OPEN_SHELL('',(#3521));
#3657=OPEN_SHELL('',(#3522));
#3658=OPEN_SHELL('',(#3523));
#3659=OPEN_SHELL('',(#3524));
#3660=OPEN_SHELL('',(#3525));
#3661=OPEN_SHELL('',(#3526));
#3662=OPEN_SHELL('',(#3527,#3528,#3529,#3530));
#3663=OPEN_SHELL('',(#3531,#3532,#3533,#3534));
#3664=OPEN_SHELL('',(#3535,#3536,#3537,#3538));
#3665=OPEN_SHELL('',(#3539,#3540,#3541,#3542));
#3666=OPEN_SHELL('',(#3543,#3544,#3545,#3546));
#3667=OPEN_SHELL('',(#3547,#3548,#3549,#3550));
#3668=OPEN_SHELL('',(#3551,#3552,#3553,#3554));
#3669=OPEN_SHELL('',(#3555,#3556,#3557,#3558));
#3670=OPEN_SHELL('',(#3559));
#3671=OPEN_SHELL('',(#3560));
#3672=OPEN_SHELL('',(#3561));
#3673=OPEN_SHELL('',(#3562));
#3674=OPEN_SHELL('',(#3563));
#3675=OPEN_SHELL('',(#3564));
#3676=OPEN_SHELL('',(#3565,#3566,#3567,#3568));
#3677=OPEN_SHELL('',(#3569,#3570,#3571,#3572));
#3678=OPEN_SHELL('',(#3573));
#3679=OPEN_SHELL('',(#3574));
#3680=OPEN_SHELL('',(#3575));
#3681=OPEN_SHELL('',(#3576));
#3682=OPEN_SHELL('',(#3577));
#3683=OPEN_SHELL('',(#3578));
#3684=OPEN_SHELL('',(#3579,#3580,#3581,#3582));
#3685=OPEN_SHELL('',(#3583,#3584,#3585,#3586));
#3686=OPEN_SHELL('',(#3587,#3588,#3589,#3590));
#3687=OPEN_SHELL('',(#3591,#3592,#3593,#3594));
#3688=OPEN_SHELL('',(#3595,#3596,#3597,#3598));
#3689=OPEN_SHELL('',(#3599,#3600,#3601,#3602));
#3690=OPEN_SHELL('',(#3603,#3604,#3605,#3606));
#3691=OPEN_SHELL('',(#3607,#3608,#3609,#3610));
#3692=OPEN_SHELL('',(#3611,#3612,#3613,#3614));
#3693=SHELL_BASED_SURFACE_MODEL('Body1',(#3615));
#3694=SHELL_BASED_SURFACE_MODEL('Body2',(#3616));
#3695=SHELL_BASED_SURFACE_MODEL('Body3',(#3617));
#3696=SHELL_BASED_SURFACE_MODEL('Body4',(#3618));
#3697=SHELL_BASED_SURFACE_MODEL('Body5',(#3619));
#3698=SHELL_BASED_SURFACE_MODEL('Body6',(#3620));
#3699=SHELL_BASED_SURFACE_MODEL('Body7',(#3621));
#3700=SHELL_BASED_SURFACE_MODEL('Body8',(#3622));
#3701=SHELL_BASED_SURFACE_MODEL('Body9',(#3623));
#3702=SHELL_BASED_SURFACE_MODEL('Body10',(#3624));
#3703=SHELL_BASED_SURFACE_MODEL('Body11',(#3625));
#3704=SHELL_BASED_SURFACE_MODEL('Body12',(#3626));
#3705=SHELL_BASED_SURFACE_MODEL('Body13',(#3627));
#3706=SHELL_BASED_SURFACE_MODEL('Body14',(#3628));
#3707=SHELL_BASED_SURFACE_MODEL('Body15',(#3629));
#3708=SHELL_BASED_SURFACE_MODEL('Body16',(#3630));
#3709=SHELL_BASED_SURFACE_MODEL('Body17',(#3631));
#3710=SHELL_BASED_SURFACE_MODEL('Body18',(#3632));
#3711=SHELL_BASED_SURFACE_MODEL('Body19',(#3633));
#3712=SHELL_BASED_SURFACE_MODEL('Body20',(#3634));
#3713=SHELL_BASED_SURFACE_MODEL('Body21',(#3635));
#3714=SHELL_BASED_SURFACE_MODEL('Body22',(#3636));
#3715=SHELL_BASED_SURFACE_MODEL('Body23',(#3637));
#3716=SHELL_BASED_SURFACE_MODEL('Body24',(#3638));
#3717=SHELL_BASED_SURFACE_MODEL('Body25',(#3639));
#3718=SHELL_BASED_SURFACE_MODEL('Body26',(#3640));
#3719=SHELL_BASED_SURFACE_MODEL('Body27',(#3641));
#3720=SHELL_BASED_SURFACE_MODEL('Body28',(#3642));
#3721=SHELL_BASED_SURFACE_MODEL('Body29',(#3643));
#3722=SHELL_BASED_SURFACE_MODEL('Body30',(#3644));
#3723=SHELL_BASED_SURFACE_MODEL('Body31',(#3645));
#3724=SHELL_BASED_SURFACE_MODEL('Body32',(#3646));
#3725=SHELL_BASED_SURFACE_MODEL('Body33',(#3647));
#3726=SHELL_BASED_SURFACE_MODEL('Body34',(#3648));
#3727=SHELL_BASED_SURFACE_MODEL('Body35',(#3649));
#3728=SHELL_BASED_SURFACE_MODEL('Body36',(#3650));
#3729=SHELL_BASED_SURFACE_MODEL('Body37',(#3651));
#3730=SHELL_BASED_SURFACE_MODEL('Body38',(#3652));
#3731=SHELL_BASED_SURFACE_MODEL('Body39',(#3653));
#3732=SHELL_BASED_SURFACE_MODEL('Body40',(#3654));
#3733=SHELL_BASED_SURFACE_MODEL('Body41',(#3655));
#3734=SHELL_BASED_SURFACE_MODEL('Body42',(#3656));
#3735=SHELL_BASED_SURFACE_MODEL('Body43',(#3657));
#3736=SHELL_BASED_SURFACE_MODEL('Body44',(#3658));
#3737=SHELL_BASED_SURFACE_MODEL('Body45',(#3659));
#3738=SHELL_BASED_SURFACE_MODEL('Body46',(#3660));
#3739=SHELL_BASED_SURFACE_MODEL('Body47',(#3661));
#3740=SHELL_BASED_SURFACE_MODEL('Body48',(#3662));
#3741=SHELL_BASED_SURFACE_MODEL('Body49',(#3663));
#3742=SHELL_BASED_SURFACE_MODEL('Body50',(#3664));
#3743=SHELL_BASED_SURFACE_MODEL('Body51',(#3665));
#3744=SHELL_BASED_SURFACE_MODEL('Body52',(#3666));
#3745=SHELL_BASED_SURFACE_MODEL('Body53',(#3667));
#3746=SHELL_BASED_SURFACE_MODEL('Body54',(#3668));
#3747=SHELL_BASED_SURFACE_MODEL('Body55',(#3669));
#3748=SHELL_BASED_SURFACE_MODEL('Body56',(#3670));
#3749=SHELL_BASED_SURFACE_MODEL('Body57',(#3671));
#3750=SHELL_BASED_SURFACE_MODEL('Body58',(#3672));
#3751=SHELL_BASED_SURFACE_MODEL('Body59',(#3673));
#3752=SHELL_BASED_SURFACE_MODEL('Body60',(#3674));
#3753=SHELL_BASED_SURFACE_MODEL('Body61',(#3675));
#3754=SHELL_BASED_SURFACE_MODEL('Body62',(#3676));
#3755=SHELL_BASED_SURFACE_MODEL('Body63',(#3677));
#3756=SHELL_BASED_SURFACE_MODEL('Body64',(#3678));
#3757=SHELL_BASED_SURFACE_MODEL('Body65',(#3679));
#3758=SHELL_BASED_SURFACE_MODEL('Body66',(#3680));
#3759=SHELL_BASED_SURFACE_MODEL('Body67',(#3681));
#3760=SHELL_BASED_SURFACE_MODEL('Body68',(#3682));
#3761=SHELL_BASED_SURFACE_MODEL('Body69',(#3683));
#3762=SHELL_BASED_SURFACE_MODEL('Body70',(#3684));
#3763=SHELL_BASED_SURFACE_MODEL('Body71',(#3685));
#3764=SHELL_BASED_SURFACE_MODEL('Body72',(#3686));
#3765=SHELL_BASED_SURFACE_MODEL('Body73',(#3687));
#3766=SHELL_BASED_SURFACE_MODEL('Body74',(#3688));
#3767=SHELL_BASED_SURFACE_MODEL('Body75',(#3689));
#3768=SHELL_BASED_SURFACE_MODEL('Body76',(#3690));
#3769=SHELL_BASED_SURFACE_MODEL('Body77',(#3691));
#3770=SHELL_BASED_SURFACE_MODEL('Body78',(#3692));
#3771=DERIVED_UNIT_ELEMENT(#3773,1.);
#3772=DERIVED_UNIT_ELEMENT(#6240,-3.);
#3773=(
MASS_UNIT()
NAMED_UNIT(*)
SI_UNIT(.KILO.,.GRAM.)
);
#3774=DERIVED_UNIT((#3771,#3772));
#3775=MEASURE_REPRESENTATION_ITEM('density measure',
POSITIVE_RATIO_MEASURE(7850.),#3774);
#3776=PROPERTY_DEFINITION_REPRESENTATION(#3781,#3778);
#3777=PROPERTY_DEFINITION_REPRESENTATION(#3782,#3779);
#3778=REPRESENTATION('material name',(#3780),#6237);
#3779=REPRESENTATION('density',(#3775),#6237);
#3780=DESCRIPTIVE_REPRESENTATION_ITEM('Steel','Steel');
#3781=PROPERTY_DEFINITION('material property','material name',#6247);
#3782=PROPERTY_DEFINITION('material property','density of part',#6247);
#3783=AXIS2_PLACEMENT_3D('',#5094,#4058,#4059);
#3784=AXIS2_PLACEMENT_3D('',#5095,#4060,#4061);
#3785=AXIS2_PLACEMENT_3D('',#5104,#4066,#4067);
#3786=AXIS2_PLACEMENT_3D('',#5110,#4071,#4072);
#3787=AXIS2_PLACEMENT_3D('',#5116,#4076,#4077);
#3788=AXIS2_PLACEMENT_3D('',#5119,#4080,#4081);
#3789=AXIS2_PLACEMENT_3D('',#5128,#4086,#4087);
#3790=AXIS2_PLACEMENT_3D('',#5134,#4091,#4092);
#3791=AXIS2_PLACEMENT_3D('',#5140,#4096,#4097);
#3792=AXIS2_PLACEMENT_3D('',#5143,#4100,#4101);
#3793=AXIS2_PLACEMENT_3D('',#5152,#4106,#4107);
#3794=AXIS2_PLACEMENT_3D('',#5158,#4111,#4112);
#3795=AXIS2_PLACEMENT_3D('',#5164,#4116,#4117);
#3796=AXIS2_PLACEMENT_3D('',#5167,#4120,#4121);
#3797=AXIS2_PLACEMENT_3D('',#5176,#4126,#4127);
#3798=AXIS2_PLACEMENT_3D('',#5182,#4131,#4132);
#3799=AXIS2_PLACEMENT_3D('',#5188,#4136,#4137);
#3800=AXIS2_PLACEMENT_3D('',#5191,#4140,#4141);
#3801=AXIS2_PLACEMENT_3D('',#5200,#4146,#4147);
#3802=AXIS2_PLACEMENT_3D('',#5206,#4151,#4152);
#3803=AXIS2_PLACEMENT_3D('',#5212,#4156,#4157);
#3804=AXIS2_PLACEMENT_3D('',#5215,#4160,#4161);
#3805=AXIS2_PLACEMENT_3D('',#5224,#4166,#4167);
#3806=AXIS2_PLACEMENT_3D('',#5230,#4171,#4172);
#3807=AXIS2_PLACEMENT_3D('',#5236,#4176,#4177);
#3808=AXIS2_PLACEMENT_3D('',#5239,#4180,#4181);
#3809=AXIS2_PLACEMENT_3D('',#5248,#4186,#4187);
#3810=AXIS2_PLACEMENT_3D('',#5254,#4191,#4192);
#3811=AXIS2_PLACEMENT_3D('',#5260,#4196,#4197);
#3812=AXIS2_PLACEMENT_3D('',#5266,#4201,#4202);
#3813=AXIS2_PLACEMENT_3D('',#5272,#4206,#4207);
#3814=AXIS2_PLACEMENT_3D('',#5275,#4210,#4211);
#3815=AXIS2_PLACEMENT_3D('',#5277,#4212,#4213);
#3816=AXIS2_PLACEMENT_3D('',#5280,#4215,#4216);
#3817=AXIS2_PLACEMENT_3D('',#5281,#4217,#4218);
#3818=AXIS2_PLACEMENT_3D('',#5283,#4219,#4220);
#3819=AXIS2_PLACEMENT_3D('',#5286,#4222,#4223);
#3820=AXIS2_PLACEMENT_3D('',#5287,#4224,#4225);
#3821=AXIS2_PLACEMENT_3D('',#5289,#4226,#4227);
#3822=AXIS2_PLACEMENT_3D('',#5292,#4229,#4230);
#3823=AXIS2_PLACEMENT_3D('',#5293,#4231,#4232);
#3824=AXIS2_PLACEMENT_3D('',#5295,#4233,#4234);
#3825=AXIS2_PLACEMENT_3D('',#5298,#4236,#4237);
#3826=AXIS2_PLACEMENT_3D('',#5299,#4238,#4239);
#3827=AXIS2_PLACEMENT_3D('',#5301,#4240,#4241);
#3828=AXIS2_PLACEMENT_3D('',#5304,#4243,#4244);
#3829=AXIS2_PLACEMENT_3D('',#5305,#4245,#4246);
#3830=AXIS2_PLACEMENT_3D('',#5307,#4247,#4248);
#3831=AXIS2_PLACEMENT_3D('',#5310,#4250,#4251);
#3832=AXIS2_PLACEMENT_3D('',#5311,#4252,#4253);
#3833=AXIS2_PLACEMENT_3D('',#5313,#4254,#4255);
#3834=AXIS2_PLACEMENT_3D('',#5316,#4257,#4258);
#3835=AXIS2_PLACEMENT_3D('',#5317,#4259,#4260);
#3836=AXIS2_PLACEMENT_3D('',#5319,#4261,#4262);
#3837=AXIS2_PLACEMENT_3D('',#5322,#4264,#4265);
#3838=AXIS2_PLACEMENT_3D('',#5323,#4266,#4267);
#3839=AXIS2_PLACEMENT_3D('',#5325,#4268,#4269);
#3840=AXIS2_PLACEMENT_3D('',#5328,#4271,#4272);
#3841=AXIS2_PLACEMENT_3D('',#5329,#4273,#4274);
#3842=AXIS2_PLACEMENT_3D('',#5331,#4275,#4276);
#3843=AXIS2_PLACEMENT_3D('',#5334,#4278,#4279);
#3844=AXIS2_PLACEMENT_3D('',#5335,#4280,#4281);
#3845=AXIS2_PLACEMENT_3D('',#5337,#4282,#4283);
#3846=AXIS2_PLACEMENT_3D('',#5340,#4285,#4286);
#3847=AXIS2_PLACEMENT_3D('',#5341,#4287,#4288);
#3848=AXIS2_PLACEMENT_3D('',#5343,#4289,#4290);
#3849=AXIS2_PLACEMENT_3D('',#5346,#4292,#4293);
#3850=AXIS2_PLACEMENT_3D('',#5347,#4294,#4295);
#3851=AXIS2_PLACEMENT_3D('',#5349,#4296,#4297);
#3852=AXIS2_PLACEMENT_3D('',#5352,#4299,#4300);
#3853=AXIS2_PLACEMENT_3D('',#5353,#4301,#4302);
#3854=AXIS2_PLACEMENT_3D('',#5355,#4303,#4304);
#3855=AXIS2_PLACEMENT_3D('',#5358,#4306,#4307);
#3856=AXIS2_PLACEMENT_3D('',#5359,#4308,#4309);
#3857=AXIS2_PLACEMENT_3D('',#5361,#4310,#4311);
#3858=AXIS2_PLACEMENT_3D('',#5364,#4313,#4314);
#3859=AXIS2_PLACEMENT_3D('',#5365,#4315,#4316);
#3860=AXIS2_PLACEMENT_3D('',#5374,#4321,#4322);
#3861=AXIS2_PLACEMENT_3D('',#5380,#4326,#4327);
#3862=AXIS2_PLACEMENT_3D('',#5386,#4331,#4332);
#3863=AXIS2_PLACEMENT_3D('',#5389,#4335,#4336);
#3864=AXIS2_PLACEMENT_3D('',#5398,#4341,#4342);
#3865=AXIS2_PLACEMENT_3D('',#5404,#4346,#4347);
#3866=AXIS2_PLACEMENT_3D('',#5410,#4351,#4352);
#3867=AXIS2_PLACEMENT_3D('',#5413,#4355,#4356);
#3868=AXIS2_PLACEMENT_3D('',#5422,#4361,#4362);
#3869=AXIS2_PLACEMENT_3D('',#5428,#4366,#4367);
#3870=AXIS2_PLACEMENT_3D('',#5434,#4371,#4372);
#3871=AXIS2_PLACEMENT_3D('',#5437,#4375,#4376);
#3872=AXIS2_PLACEMENT_3D('',#5446,#4381,#4382);
#3873=AXIS2_PLACEMENT_3D('',#5452,#4386,#4387);
#3874=AXIS2_PLACEMENT_3D('',#5458,#4391,#4392);
#3875=AXIS2_PLACEMENT_3D('',#5461,#4395,#4396);
#3876=AXIS2_PLACEMENT_3D('',#5470,#4401,#4402);
#3877=AXIS2_PLACEMENT_3D('',#5476,#4406,#4407);
#3878=AXIS2_PLACEMENT_3D('',#5482,#4411,#4412);
#3879=AXIS2_PLACEMENT_3D('',#5485,#4415,#4416);
#3880=AXIS2_PLACEMENT_3D('',#5494,#4421,#4422);
#3881=AXIS2_PLACEMENT_3D('',#5500,#4426,#4427);
#3882=AXIS2_PLACEMENT_3D('',#5506,#4431,#4432);
#3883=AXIS2_PLACEMENT_3D('',#5509,#4435,#4436);
#3884=AXIS2_PLACEMENT_3D('',#5518,#4441,#4442);
#3885=AXIS2_PLACEMENT_3D('',#5524,#4446,#4447);
#3886=AXIS2_PLACEMENT_3D('',#5530,#4451,#4452);
#3887=AXIS2_PLACEMENT_3D('',#5533,#4455,#4456);
#3888=AXIS2_PLACEMENT_3D('',#5542,#4461,#4462);
#3889=AXIS2_PLACEMENT_3D('',#5548,#4466,#4467);
#3890=AXIS2_PLACEMENT_3D('',#5554,#4471,#4472);
#3891=AXIS2_PLACEMENT_3D('',#5557,#4475,#4476);
#3892=AXIS2_PLACEMENT_3D('',#5566,#4481,#4482);
#3893=AXIS2_PLACEMENT_3D('',#5572,#4486,#4487);
#3894=AXIS2_PLACEMENT_3D('',#5578,#4491,#4492);
#3895=AXIS2_PLACEMENT_3D('',#5581,#4495,#4496);
#3896=AXIS2_PLACEMENT_3D('',#5590,#4501,#4502);
#3897=AXIS2_PLACEMENT_3D('',#5596,#4506,#4507);
#3898=AXIS2_PLACEMENT_3D('',#5602,#4511,#4512);
#3899=AXIS2_PLACEMENT_3D('',#5608,#4516,#4517);
#3900=AXIS2_PLACEMENT_3D('',#5614,#4521,#4522);
#3901=AXIS2_PLACEMENT_3D('',#5617,#4525,#4526);
#3902=AXIS2_PLACEMENT_3D('',#5619,#4527,#4528);
#3903=AXIS2_PLACEMENT_3D('',#5622,#4530,#4531);
#3904=AXIS2_PLACEMENT_3D('',#5623,#4532,#4533);
#3905=AXIS2_PLACEMENT_3D('',#5625,#4534,#4535);
#3906=AXIS2_PLACEMENT_3D('',#5628,#4537,#4538);
#3907=AXIS2_PLACEMENT_3D('',#5629,#4539,#4540);
#3908=AXIS2_PLACEMENT_3D('',#5631,#4541,#4542);
#3909=AXIS2_PLACEMENT_3D('',#5634,#4544,#4545);
#3910=AXIS2_PLACEMENT_3D('',#5635,#4546,#4547);
#3911=AXIS2_PLACEMENT_3D('',#5637,#4548,#4549);
#3912=AXIS2_PLACEMENT_3D('',#5640,#4551,#4552);
#3913=AXIS2_PLACEMENT_3D('',#5641,#4553,#4554);
#3914=AXIS2_PLACEMENT_3D('',#5643,#4555,#4556);
#3915=AXIS2_PLACEMENT_3D('',#5646,#4558,#4559);
#3916=AXIS2_PLACEMENT_3D('',#5647,#4560,#4561);
#3917=AXIS2_PLACEMENT_3D('',#5649,#4562,#4563);
#3918=AXIS2_PLACEMENT_3D('',#5652,#4565,#4566);
#3919=AXIS2_PLACEMENT_3D('',#5653,#4567,#4568);
#3920=AXIS2_PLACEMENT_3D('',#5655,#4569,#4570);
#3921=AXIS2_PLACEMENT_3D('',#5658,#4572,#4573);
#3922=AXIS2_PLACEMENT_3D('',#5659,#4574,#4575);
#3923=AXIS2_PLACEMENT_3D('',#5661,#4576,#4577);
#3924=AXIS2_PLACEMENT_3D('',#5664,#4579,#4580);
#3925=AXIS2_PLACEMENT_3D('',#5665,#4581,#4582);
#3926=AXIS2_PLACEMENT_3D('',#5667,#4583,#4584);
#3927=AXIS2_PLACEMENT_3D('',#5670,#4586,#4587);
#3928=AXIS2_PLACEMENT_3D('',#5671,#4588,#4589);
#3929=AXIS2_PLACEMENT_3D('',#5673,#4590,#4591);
#3930=AXIS2_PLACEMENT_3D('',#5676,#4593,#4594);
#3931=AXIS2_PLACEMENT_3D('',#5677,#4595,#4596);
#3932=AXIS2_PLACEMENT_3D('',#5679,#4597,#4598);
#3933=AXIS2_PLACEMENT_3D('',#5682,#4600,#4601);
#3934=AXIS2_PLACEMENT_3D('',#5683,#4602,#4603);
#3935=AXIS2_PLACEMENT_3D('',#5685,#4604,#4605);
#3936=AXIS2_PLACEMENT_3D('',#5688,#4607,#4608);
#3937=AXIS2_PLACEMENT_3D('',#5689,#4609,#4610);
#3938=AXIS2_PLACEMENT_3D('',#5691,#4611,#4612);
#3939=AXIS2_PLACEMENT_3D('',#5694,#4614,#4615);
#3940=AXIS2_PLACEMENT_3D('',#5695,#4616,#4617);
#3941=AXIS2_PLACEMENT_3D('',#5697,#4618,#4619);
#3942=AXIS2_PLACEMENT_3D('',#5700,#4621,#4622);
#3943=AXIS2_PLACEMENT_3D('',#5701,#4623,#4624);
#3944=AXIS2_PLACEMENT_3D('',#5703,#4625,#4626);
#3945=AXIS2_PLACEMENT_3D('',#5706,#4628,#4629);
#3946=AXIS2_PLACEMENT_3D('',#5707,#4630,#4631);
#3947=AXIS2_PLACEMENT_3D('',#5716,#4636,#4637);
#3948=AXIS2_PLACEMENT_3D('',#5722,#4641,#4642);
#3949=AXIS2_PLACEMENT_3D('',#5728,#4646,#4647);
#3950=AXIS2_PLACEMENT_3D('',#5731,#4650,#4651);
#3951=AXIS2_PLACEMENT_3D('',#5740,#4656,#4657);
#3952=AXIS2_PLACEMENT_3D('',#5746,#4661,#4662);
#3953=AXIS2_PLACEMENT_3D('',#5752,#4666,#4667);
#3954=AXIS2_PLACEMENT_3D('',#5755,#4670,#4671);
#3955=AXIS2_PLACEMENT_3D('',#5764,#4676,#4677);
#3956=AXIS2_PLACEMENT_3D('',#5770,#4681,#4682);
#3957=AXIS2_PLACEMENT_3D('',#5776,#4686,#4687);
#3958=AXIS2_PLACEMENT_3D('',#5779,#4690,#4691);
#3959=AXIS2_PLACEMENT_3D('',#5788,#4696,#4697);
#3960=AXIS2_PLACEMENT_3D('',#5794,#4701,#4702);
#3961=AXIS2_PLACEMENT_3D('',#5800,#4706,#4707);
#3962=AXIS2_PLACEMENT_3D('',#5803,#4710,#4711);
#3963=AXIS2_PLACEMENT_3D('',#5812,#4716,#4717);
#3964=AXIS2_PLACEMENT_3D('',#5818,#4721,#4722);
#3965=AXIS2_PLACEMENT_3D('',#5824,#4726,#4727);
#3966=AXIS2_PLACEMENT_3D('',#5827,#4730,#4731);
#3967=AXIS2_PLACEMENT_3D('',#5836,#4736,#4737);
#3968=AXIS2_PLACEMENT_3D('',#5842,#4741,#4742);
#3969=AXIS2_PLACEMENT_3D('',#5848,#4746,#4747);
#3970=AXIS2_PLACEMENT_3D('',#5851,#4750,#4751);
#3971=AXIS2_PLACEMENT_3D('',#5860,#4756,#4757);
#3972=AXIS2_PLACEMENT_3D('',#5866,#4761,#4762);
#3973=AXIS2_PLACEMENT_3D('',#5872,#4766,#4767);
#3974=AXIS2_PLACEMENT_3D('',#5875,#4770,#4771);
#3975=AXIS2_PLACEMENT_3D('',#5884,#4776,#4777);
#3976=AXIS2_PLACEMENT_3D('',#5890,#4781,#4782);
#3977=AXIS2_PLACEMENT_3D('',#5896,#4786,#4787);
#3978=AXIS2_PLACEMENT_3D('',#5899,#4790,#4791);
#3979=AXIS2_PLACEMENT_3D('',#5901,#4792,#4793);
#3980=AXIS2_PLACEMENT_3D('',#5904,#4795,#4796);
#3981=AXIS2_PLACEMENT_3D('',#5905,#4797,#4798);
#3982=AXIS2_PLACEMENT_3D('',#5907,#4799,#4800);
#3983=AXIS2_PLACEMENT_3D('',#5910,#4802,#4803);
#3984=AXIS2_PLACEMENT_3D('',#5911,#4804,#4805);
#3985=AXIS2_PLACEMENT_3D('',#5913,#4806,#4807);
#3986=AXIS2_PLACEMENT_3D('',#5916,#4809,#4810);
#3987=AXIS2_PLACEMENT_3D('',#5917,#4811,#4812);
#3988=AXIS2_PLACEMENT_3D('',#5919,#4813,#4814);
#3989=AXIS2_PLACEMENT_3D('',#5922,#4816,#4817);
#3990=AXIS2_PLACEMENT_3D('',#5923,#4818,#4819);
#3991=AXIS2_PLACEMENT_3D('',#5925,#4820,#4821);
#3992=AXIS2_PLACEMENT_3D('',#5928,#4823,#4824);
#3993=AXIS2_PLACEMENT_3D('',#5929,#4825,#4826);
#3994=AXIS2_PLACEMENT_3D('',#5931,#4827,#4828);
#3995=AXIS2_PLACEMENT_3D('',#5934,#4830,#4831);
#3996=AXIS2_PLACEMENT_3D('',#5935,#4832,#4833);
#3997=AXIS2_PLACEMENT_3D('',#5944,#4838,#4839);
#3998=AXIS2_PLACEMENT_3D('',#5950,#4843,#4844);
#3999=AXIS2_PLACEMENT_3D('',#5956,#4848,#4849);
#4000=AXIS2_PLACEMENT_3D('',#5959,#4852,#4853);
#4001=AXIS2_PLACEMENT_3D('',#5968,#4858,#4859);
#4002=AXIS2_PLACEMENT_3D('',#5974,#4863,#4864);
#4003=AXIS2_PLACEMENT_3D('',#5980,#4868,#4869);
#4004=AXIS2_PLACEMENT_3D('',#5983,#4872,#4873);
#4005=AXIS2_PLACEMENT_3D('',#5985,#4874,#4875);
#4006=AXIS2_PLACEMENT_3D('',#5988,#4877,#4878);
#4007=AXIS2_PLACEMENT_3D('',#5989,#4879,#4880);
#4008=AXIS2_PLACEMENT_3D('',#5991,#4881,#4882);
#4009=AXIS2_PLACEMENT_3D('',#5994,#4884,#4885);
#4010=AXIS2_PLACEMENT_3D('',#5995,#4886,#4887);
#4011=AXIS2_PLACEMENT_3D('',#5997,#4888,#4889);
#4012=AXIS2_PLACEMENT_3D('',#6000,#4891,#4892);
#4013=AXIS2_PLACEMENT_3D('',#6001,#4893,#4894);
#4014=AXIS2_PLACEMENT_3D('',#6003,#4895,#4896);
#4015=AXIS2_PLACEMENT_3D('',#6006,#4898,#4899);
#4016=AXIS2_PLACEMENT_3D('',#6007,#4900,#4901);
#4017=AXIS2_PLACEMENT_3D('',#6009,#4902,#4903);
#4018=AXIS2_PLACEMENT_3D('',#6012,#4905,#4906);
#4019=AXIS2_PLACEMENT_3D('',#6013,#4907,#4908);
#4020=AXIS2_PLACEMENT_3D('',#6015,#4909,#4910);
#4021=AXIS2_PLACEMENT_3D('',#6018,#4912,#4913);
#4022=AXIS2_PLACEMENT_3D('',#6019,#4914,#4915);
#4023=AXIS2_PLACEMENT_3D('',#6028,#4920,#4921);
#4024=AXIS2_PLACEMENT_3D('',#6034,#4925,#4926);
#4025=AXIS2_PLACEMENT_3D('',#6040,#4930,#4931);
#4026=AXIS2_PLACEMENT_3D('',#6043,#4934,#4935);
#4027=AXIS2_PLACEMENT_3D('',#6052,#4940,#4941);
#4028=AXIS2_PLACEMENT_3D('',#6058,#4945,#4946);
#4029=AXIS2_PLACEMENT_3D('',#6064,#4950,#4951);
#4030=AXIS2_PLACEMENT_3D('',#6067,#4954,#4955);
#4031=AXIS2_PLACEMENT_3D('',#6076,#4960,#4961);
#4032=AXIS2_PLACEMENT_3D('',#6082,#4965,#4966);
#4033=AXIS2_PLACEMENT_3D('',#6088,#4970,#4971);
#4034=AXIS2_PLACEMENT_3D('',#6091,#4974,#4975);
#4035=AXIS2_PLACEMENT_3D('',#6100,#4980,#4981);
#4036=AXIS2_PLACEMENT_3D('',#6106,#4985,#4986);
#4037=AXIS2_PLACEMENT_3D('',#6112,#4990,#4991);
#4038=AXIS2_PLACEMENT_3D('',#6115,#4994,#4995);
#4039=AXIS2_PLACEMENT_3D('',#6124,#5000,#5001);
#4040=AXIS2_PLACEMENT_3D('',#6130,#5005,#5006);
#4041=AXIS2_PLACEMENT_3D('',#6136,#5010,#5011);
#4042=AXIS2_PLACEMENT_3D('',#6139,#5014,#5015);
#4043=AXIS2_PLACEMENT_3D('',#6148,#5020,#5021);
#4044=AXIS2_PLACEMENT_3D('',#6154,#5025,#5026);
#4045=AXIS2_PLACEMENT_3D('',#6160,#5030,#5031);
#4046=AXIS2_PLACEMENT_3D('',#6163,#5034,#5035);
#4047=AXIS2_PLACEMENT_3D('',#6172,#5040,#5041);
#4048=AXIS2_PLACEMENT_3D('',#6178,#5045,#5046);
#4049=AXIS2_PLACEMENT_3D('',#6184,#5050,#5051);
#4050=AXIS2_PLACEMENT_3D('',#6187,#5054,#5055);
#4051=AXIS2_PLACEMENT_3D('',#6196,#5060,#5061);
#4052=AXIS2_PLACEMENT_3D('',#6202,#5065,#5066);
#4053=AXIS2_PLACEMENT_3D('',#6208,#5070,#5071);
#4054=AXIS2_PLACEMENT_3D('',#6211,#5074,#5075);
#4055=AXIS2_PLACEMENT_3D('',#6220,#5080,#5081);
#4056=AXIS2_PLACEMENT_3D('',#6226,#5085,#5086);
#4057=AXIS2_PLACEMENT_3D('',#6232,#5090,#5091);
#4058=DIRECTION('axis',(0.,0.,1.));
#4059=DIRECTION('refdir',(1.,0.,0.));
#4060=DIRECTION('center_axis',(0.,-2.22044604925031E-16,-1.));
#4061=DIRECTION('ref_axis',(0.,-1.,2.22044604925031E-16));
#4062=DIRECTION('',(0.,-1.,2.22044604925031E-16));
#4063=DIRECTION('',(-1.,0.,0.));
#4064=DIRECTION('',(0.,-1.,2.22044604925031E-16));
#4065=DIRECTION('',(1.,0.,0.));
#4066=DIRECTION('center_axis',(-1.,0.,0.));
#4067=DIRECTION('ref_axis',(0.,-2.22044604925031E-16,-1.));
#4068=DIRECTION('',(0.,-1.,2.22044604925031E-16));
#4069=DIRECTION('',(0.,2.22044604925031E-16,1.));
#4070=DIRECTION('',(0.,-2.22044604925031E-16,-1.));
#4071=DIRECTION('center_axis',(0.,2.22044604925031E-16,1.));
#4072=DIRECTION('ref_axis',(0.,1.,-2.22044604925031E-16));
#4073=DIRECTION('',(0.,-1.,2.22044604925031E-16));
#4074=DIRECTION('',(1.,0.,0.));
#4075=DIRECTION('',(-1.,0.,0.));
#4076=DIRECTION('center_axis',(1.,0.,0.));
#4077=DIRECTION('ref_axis',(0.,2.22044604925031E-16,1.));
#4078=DIRECTION('',(0.,2.22044604925031E-16,1.));
#4079=DIRECTION('',(0.,-2.22044604925031E-16,-1.));
#4080=DIRECTION('center_axis',(-1.,0.,0.));
#4081=DIRECTION('ref_axis',(0.,-2.22044604925031E-16,-1.));
#4082=DIRECTION('',(0.,-1.,2.22044604925031E-16));
#4083=DIRECTION('',(0.,2.22044604925031E-16,1.));
#4084=DIRECTION('',(0.,-1.,2.22044604925031E-16));
#4085=DIRECTION('',(0.,-2.22044604925031E-16,-1.));
#4086=DIRECTION('center_axis',(0.,2.22044604925031E-16,1.));
#4087=DIRECTION('ref_axis',(0.,1.,-2.22044604925031E-16));
#4088=DIRECTION('',(0.,-1.,2.22044604925031E-16));
#4089=DIRECTION('',(1.,0.,0.));
#4090=DIRECTION('',(-1.,0.,0.));
#4091=DIRECTION('center_axis',(1.,0.,0.));
#4092=DIRECTION('ref_axis',(0.,2.22044604925031E-16,1.));
#4093=DIRECTION('',(0.,-1.,2.22044604925031E-16));
#4094=DIRECTION('',(0.,-2.22044604925031E-16,-1.));
#4095=DIRECTION('',(0.,2.22044604925031E-16,1.));
#4096=DIRECTION('center_axis',(0.,-2.22044604925031E-16,-1.));
#4097=DIRECTION('ref_axis',(0.,-1.,2.22044604925031E-16));
#4098=DIRECTION('',(1.,0.,0.));
#4099=DIRECTION('',(-1.,0.,0.));
#4100=DIRECTION('center_axis',(0.,-2.22044604925031E-16,-1.));
#4101=DIRECTION('ref_axis',(0.,-1.,2.22044604925031E-16));
#4102=DIRECTION('',(0.,-1.,2.22044604925031E-16));
#4103=DIRECTION('',(-1.,0.,0.));
#4104=DIRECTION('',(0.,-1.,2.22044604925031E-16));
#4105=DIRECTION('',(1.,0.,0.));
#4106=DIRECTION('center_axis',(-1.,0.,0.));
#4107=DIRECTION('ref_axis',(0.,-2.22044604925031E-16,-1.));
#4108=DIRECTION('',(0.,-1.,2.22044604925031E-16));
#4109=DIRECTION('',(0.,2.22044604925031E-16,1.));
#4110=DIRECTION('',(0.,-2.22044604925031E-16,-1.));
#4111=DIRECTION('center_axis',(0.,2.22044604925031E-16,1.));
#4112=DIRECTION('ref_axis',(0.,1.,-2.22044604925031E-16));
#4113=DIRECTION('',(0.,-1.,2.22044604925031E-16));
#4114=DIRECTION('',(1.,0.,0.));
#4115=DIRECTION('',(-1.,0.,0.));
#4116=DIRECTION('center_axis',(1.,0.,0.));
#4117=DIRECTION('ref_axis',(0.,2.22044604925031E-16,1.));
#4118=DIRECTION('',(0.,2.22044604925031E-16,1.));
#4119=DIRECTION('',(0.,-2.22044604925031E-16,-1.));
#4120=DIRECTION('center_axis',(-1.,0.,0.));
#4121=DIRECTION('ref_axis',(0.,-2.22044604925031E-16,-1.));
#4122=DIRECTION('',(0.,-1.,2.22044604925031E-16));
#4123=DIRECTION('',(0.,2.22044604925031E-16,1.));
#4124=DIRECTION('',(0.,-1.,2.22044604925031E-16));
#4125=DIRECTION('',(0.,-2.22044604925031E-16,-1.));
#4126=DIRECTION('center_axis',(0.,2.22044604925031E-16,1.));
#4127=DIRECTION('ref_axis',(0.,1.,-2.22044604925031E-16));
#4128=DIRECTION('',(0.,-1.,2.22044604925031E-16));
#4129=DIRECTION('',(1.,0.,0.));
#4130=DIRECTION('',(-1.,0.,0.));
#4131=DIRECTION('center_axis',(1.,0.,0.));
#4132=DIRECTION('ref_axis',(0.,2.22044604925031E-16,1.));
#4133=DIRECTION('',(0.,-1.,2.22044604925031E-16));
#4134=DIRECTION('',(0.,-2.22044604925031E-16,-1.));
#4135=DIRECTION('',(0.,2.22044604925031E-16,1.));
#4136=DIRECTION('center_axis',(0.,-2.22044604925031E-16,-1.));
#4137=DIRECTION('ref_axis',(0.,-1.,2.22044604925031E-16));
#4138=DIRECTION('',(1.,0.,0.));
#4139=DIRECTION('',(-1.,0.,0.));
#4140=DIRECTION('center_axis',(-1.,0.,0.));
#4141=DIRECTION('ref_axis',(0.,-2.22044604925031E-16,-1.));
#4142=DIRECTION('',(0.,-1.,2.22044604925031E-16));
#4143=DIRECTION('',(0.,2.22044604925031E-16,1.));
#4144=DIRECTION('',(0.,-1.,2.22044604925031E-16));
#4145=DIRECTION('',(0.,-2.22044604925031E-16,-1.));
#4146=DIRECTION('center_axis',(0.,-2.22044604925031E-16,-1.));
#4147=DIRECTION('ref_axis',(0.,-1.,2.22044604925031E-16));
#4148=DIRECTION('',(0.,-1.,2.22044604925031E-16));
#4149=DIRECTION('',(-1.,0.,0.));
#4150=DIRECTION('',(1.,0.,0.));
#4151=DIRECTION('center_axis',(1.,0.,0.));
#4152=DIRECTION('ref_axis',(0.,2.22044604925031E-16,1.));
#4153=DIRECTION('',(0.,-1.,2.22044604925031E-16));
#4154=DIRECTION('',(0.,-2.22044604925031E-16,-1.));
#4155=DIRECTION('',(0.,2.22044604925031E-16,1.));
#4156=DIRECTION('center_axis',(0.,2.22044604925031E-16,1.));
#4157=DIRECTION('ref_axis',(0.,1.,-2.22044604925031E-16));
#4158=DIRECTION('',(-1.,0.,0.));
#4159=DIRECTION('',(1.,0.,0.));
#4160=DIRECTION('center_axis',(0.,-2.22044604925031E-16,-1.));
#4161=DIRECTION('ref_axis',(0.,-1.,2.22044604925031E-16));
#4162=DIRECTION('',(0.,-1.,2.22044604925031E-16));
#4163=DIRECTION('',(-1.,0.,0.));
#4164=DIRECTION('',(0.,-1.,2.22044604925031E-16));
#4165=DIRECTION('',(1.,0.,0.));
#4166=DIRECTION('center_axis',(-1.,0.,0.));
#4167=DIRECTION('ref_axis',(0.,-2.22044604925031E-16,-1.));
#4168=DIRECTION('',(0.,-1.,2.22044604925031E-16));
#4169=DIRECTION('',(0.,2.22044604925031E-16,1.));
#4170=DIRECTION('',(0.,-2.22044604925031E-16,-1.));
#4171=DIRECTION('center_axis',(0.,2.22044604925031E-16,1.));
#4172=DIRECTION('ref_axis',(0.,1.,-2.22044604925031E-16));
#4173=DIRECTION('',(0.,-1.,2.22044604925031E-16));
#4174=DIRECTION('',(1.,0.,0.));
#4175=DIRECTION('',(-1.,0.,0.));
#4176=DIRECTION('center_axis',(1.,0.,0.));
#4177=DIRECTION('ref_axis',(0.,2.22044604925031E-16,1.));
#4178=DIRECTION('',(0.,2.22044604925031E-16,1.));
#4179=DIRECTION('',(0.,-2.22044604925031E-16,-1.));
#4180=DIRECTION('center_axis',(0.,-2.22044604925031E-16,-1.));
#4181=DIRECTION('ref_axis',(0.,-1.,2.22044604925031E-16));
#4182=DIRECTION('',(0.,-1.,2.22044604925031E-16));
#4183=DIRECTION('',(-1.,0.,0.));
#4184=DIRECTION('',(0.,-1.,2.22044604925031E-16));
#4185=DIRECTION('',(1.,0.,0.));
#4186=DIRECTION('center_axis',(-1.,0.,0.));
#4187=DIRECTION('ref_axis',(0.,-2.22044604925031E-16,-1.));
#4188=DIRECTION('',(0.,-1.,2.22044604925031E-16));
#4189=DIRECTION('',(0.,2.22044604925031E-16,1.));
#4190=DIRECTION('',(0.,-2.22044604925031E-16,-1.));
#4191=DIRECTION('center_axis',(0.,-2.22044604925031E-16,-1.));
#4192=DIRECTION('ref_axis',(0.,-1.,2.22044604925031E-16));
#4193=DIRECTION('',(0.,-1.,2.22044604925031E-16));
#4194=DIRECTION('',(-1.,0.,0.));
#4195=DIRECTION('',(1.,0.,0.));
#4196=DIRECTION('center_axis',(-1.,0.,0.));
#4197=DIRECTION('ref_axis',(0.,-2.22044604925031E-16,-1.));
#4198=DIRECTION('',(0.,-1.,2.22044604925031E-16));
#4199=DIRECTION('',(0.,2.22044604925031E-16,1.));
#4200=DIRECTION('',(0.,-2.22044604925031E-16,-1.));
#4201=DIRECTION('center_axis',(0.,2.22044604925031E-16,1.));
#4202=DIRECTION('ref_axis',(0.,1.,-2.22044604925031E-16));
#4203=DIRECTION('',(0.,-1.,2.22044604925031E-16));
#4204=DIRECTION('',(1.,0.,0.));
#4205=DIRECTION('',(-1.,0.,0.));
#4206=DIRECTION('center_axis',(1.,0.,0.));
#4207=DIRECTION('ref_axis',(0.,2.22044604925031E-16,1.));
#4208=DIRECTION('',(0.,2.22044604925031E-16,1.));
#4209=DIRECTION('',(0.,-2.22044604925031E-16,-1.));
#4210=DIRECTION('center_axis',(0.,1.,-2.22044604925031E-16));
#4211=DIRECTION('ref_axis',(-1.,0.,0.));
#4212=DIRECTION('center_axis',(0.,-1.,2.22044604925031E-16));
#4213=DIRECTION('ref_axis',(-1.,-5.04870979341447E-29,-2.27373675443232E-13));
#4214=DIRECTION('',(0.,1.,-2.22044604925031E-16));
#4215=DIRECTION('center_axis',(0.,1.,-2.22044604925031E-16));
#4216=DIRECTION('ref_axis',(-1.,-5.04870979341447E-29,-2.27373675443232E-13));
#4217=DIRECTION('center_axis',(0.,1.,-2.22044604925031E-16));
#4218=DIRECTION('ref_axis',(-1.,0.,0.));
#4219=DIRECTION('center_axis',(0.,-1.,2.22044604925031E-16));
#4220=DIRECTION('ref_axis',(-1.,0.,0.));
#4221=DIRECTION('',(0.,1.,-2.22044604925031E-16));
#4222=DIRECTION('center_axis',(0.,1.,-2.22044604925031E-16));
#4223=DIRECTION('ref_axis',(-1.,0.,0.));
#4224=DIRECTION('center_axis',(0.,1.,-2.22044604925031E-16));
#4225=DIRECTION('ref_axis',(-1.,0.,0.));
#4226=DIRECTION('center_axis',(0.,-1.,2.22044604925031E-16));
#4227=DIRECTION('ref_axis',(-1.,-4.03896783473159E-29,-1.81898940354586E-13));
#4228=DIRECTION('',(0.,1.,-2.22044604925031E-16));
#4229=DIRECTION('center_axis',(0.,1.,-2.22044604925031E-16));
#4230=DIRECTION('ref_axis',(-1.,4.03896783473159E-29,1.81898940354586E-13));
#4231=DIRECTION('center_axis',(0.,1.,-2.22044604925031E-16));
#4232=DIRECTION('ref_axis',(-1.,0.,0.));
#4233=DIRECTION('center_axis',(0.,-1.,2.22044604925031E-16));
#4234=DIRECTION('ref_axis',(-1.,0.,0.));
#4235=DIRECTION('',(0.,1.,-2.22044604925031E-16));
#4236=DIRECTION('center_axis',(0.,1.,-2.22044604925031E-16));
#4237=DIRECTION('ref_axis',(-1.,0.,0.));
#4238=DIRECTION('center_axis',(0.,1.,-2.22044604925031E-16));
#4239=DIRECTION('ref_axis',(-1.,0.,0.));
#4240=DIRECTION('center_axis',(0.,-1.,2.22044604925031E-16));
#4241=DIRECTION('ref_axis',(-1.,-4.03896783473194E-29,-1.81898940354602E-13));
#4242=DIRECTION('',(0.,1.,-2.22044604925031E-16));
#4243=DIRECTION('center_axis',(0.,1.,-2.22044604925031E-16));
#4244=DIRECTION('ref_axis',(-1.,-4.03896783473159E-29,-1.81898940354586E-13));
#4245=DIRECTION('center_axis',(0.,1.,-2.22044604925031E-16));
#4246=DIRECTION('ref_axis',(-1.,0.,0.));
#4247=DIRECTION('center_axis',(0.,-1.,2.22044604925031E-16));
#4248=DIRECTION('ref_axis',(-1.,0.,0.));
#4249=DIRECTION('',(0.,1.,-2.22044604925031E-16));
#4250=DIRECTION('center_axis',(0.,1.,-2.22044604925031E-16));
#4251=DIRECTION('ref_axis',(-1.,4.03896783473159E-29,1.81898940354586E-13));
#4252=DIRECTION('center_axis',(0.,1.,-2.22044604925031E-16));
#4253=DIRECTION('ref_axis',(-1.,0.,0.));
#4254=DIRECTION('center_axis',(0.,-1.,2.22044604925031E-16));
#4255=DIRECTION('ref_axis',(-1.,-4.03896783473194E-29,-1.81898940354602E-13));
#4256=DIRECTION('',(0.,1.,-2.22044604925031E-16));
#4257=DIRECTION('center_axis',(0.,1.,-2.22044604925031E-16));
#4258=DIRECTION('ref_axis',(-1.,0.,0.));
#4259=DIRECTION('center_axis',(0.,1.,-2.22044604925031E-16));
#4260=DIRECTION('ref_axis',(-1.,0.,0.));
#4261=DIRECTION('center_axis',(0.,-1.,2.22044604925031E-16));
#4262=DIRECTION('ref_axis',(-1.,-4.03896783473194E-29,-1.81898940354602E-13));
#4263=DIRECTION('',(0.,1.,-2.22044604925031E-16));
#4264=DIRECTION('center_axis',(0.,1.,-2.22044604925031E-16));
#4265=DIRECTION('ref_axis',(-1.,-4.03896783473194E-29,-1.81898940354602E-13));
#4266=DIRECTION('center_axis',(0.,1.,-2.22044604925031E-16));
#4267=DIRECTION('ref_axis',(-1.,0.,0.));
#4268=DIRECTION('center_axis',(0.,-1.,2.22044604925031E-16));
#4269=DIRECTION('ref_axis',(-1.,-4.03896783473176E-29,-1.81898940354594E-13));
#4270=DIRECTION('',(0.,1.,-2.22044604925031E-16));
#4271=DIRECTION('center_axis',(0.,1.,-2.22044604925031E-16));
#4272=DIRECTION('ref_axis',(-1.,-4.03896783473194E-29,-1.81898940354602E-13));
#4273=DIRECTION('center_axis',(0.,1.,-2.22044604925031E-16));
#4274=DIRECTION('ref_axis',(-1.,0.,0.));
#4275=DIRECTION('center_axis',(0.,-1.,2.22044604925031E-16));
#4276=DIRECTION('ref_axis',(-1.,-4.03896783473121E-29,-1.81898940354569E-13));
#4277=DIRECTION('',(0.,1.,-2.22044604925031E-16));
#4278=DIRECTION('center_axis',(0.,1.,-2.22044604925031E-16));
#4279=DIRECTION('ref_axis',(-1.,0.,0.));
#4280=DIRECTION('center_axis',(0.,1.,-2.22044604925031E-16));
#4281=DIRECTION('ref_axis',(-1.,0.,0.));
#4282=DIRECTION('center_axis',(0.,-1.,2.22044604925031E-16));
#4283=DIRECTION('ref_axis',(-1.,-5.04870979341447E-29,-2.27373675443232E-13));
#4284=DIRECTION('',(0.,1.,-2.22044604925031E-16));
#4285=DIRECTION('center_axis',(0.,1.,-2.22044604925031E-16));
#4286=DIRECTION('ref_axis',(-1.,-5.04870979341447E-29,-2.27373675443232E-13));
#4287=DIRECTION('center_axis',(0.,1.,-2.22044604925031E-16));
#4288=DIRECTION('ref_axis',(-1.,0.,0.));
#4289=DIRECTION('center_axis',(0.,-1.,2.22044604925031E-16));
#4290=DIRECTION('ref_axis',(-1.,-5.0487097934139E-29,-2.27373675443206E-13));
#4291=DIRECTION('',(0.,1.,-2.22044604925031E-16));
#4292=DIRECTION('center_axis',(0.,1.,-2.22044604925031E-16));
#4293=DIRECTION('ref_axis',(-1.,0.,0.));
#4294=DIRECTION('center_axis',(0.,1.,-2.22044604925031E-16));
#4295=DIRECTION('ref_axis',(-1.,0.,0.));
#4296=DIRECTION('center_axis',(0.,-1.,2.22044604925031E-16));
#4297=DIRECTION('ref_axis',(-1.,0.,0.));
#4298=DIRECTION('',(0.,1.,-2.22044604925031E-16));
#4299=DIRECTION('center_axis',(0.,1.,-2.22044604925031E-16));
#4300=DIRECTION('ref_axis',(-1.,0.,0.));
#4301=DIRECTION('center_axis',(0.,1.,-2.22044604925031E-16));
#4302=DIRECTION('ref_axis',(-1.,0.,0.));
#4303=DIRECTION('center_axis',(0.,-1.,2.22044604925031E-16));
#4304=DIRECTION('ref_axis',(-1.,-5.04870979341505E-29,-2.27373675443258E-13));
#4305=DIRECTION('',(0.,1.,-2.22044604925031E-16));
#4306=DIRECTION('center_axis',(0.,1.,-2.22044604925031E-16));
#4307=DIRECTION('ref_axis',(-1.,5.0487097934139E-29,2.27373675443206E-13));
#4308=DIRECTION('center_axis',(0.,1.,-2.22044604925031E-16));
#4309=DIRECTION('ref_axis',(-1.,0.,0.));
#4310=DIRECTION('center_axis',(0.,-1.,2.22044604925031E-16));
#4311=DIRECTION('ref_axis',(-1.,0.,0.));
#4312=DIRECTION('',(0.,1.,-2.22044604925031E-16));
#4313=DIRECTION('center_axis',(0.,1.,-2.22044604925031E-16));
#4314=DIRECTION('ref_axis',(-1.,0.,0.));
#4315=DIRECTION('center_axis',(1.,0.,0.));
#4316=DIRECTION('ref_axis',(0.,2.22044604925031E-16,1.));
#4317=DIRECTION('',(0.,-1.,2.22044604925031E-16));
#4318=DIRECTION('',(0.,-2.22044604925031E-16,-1.));
#4319=DIRECTION('',(0.,-1.,2.22044604925031E-16));
#4320=DIRECTION('',(0.,2.22044604925031E-16,1.));
#4321=DIRECTION('center_axis',(0.,2.22044604925031E-16,1.));
#4322=DIRECTION('ref_axis',(0.,1.,-2.22044604925031E-16));
#4323=DIRECTION('',(0.,-1.,2.22044604925031E-16));
#4324=DIRECTION('',(1.,0.,0.));
#4325=DIRECTION('',(-1.,0.,0.));
#4326=DIRECTION('center_axis',(-1.,0.,0.));
#4327=DIRECTION('ref_axis',(0.,-2.22044604925031E-16,-1.));
#4328=DIRECTION('',(0.,-1.,2.22044604925031E-16));
#4329=DIRECTION('',(0.,2.22044604925031E-16,1.));
#4330=DIRECTION('',(0.,-2.22044604925031E-16,-1.));
#4331=DIRECTION('center_axis',(0.,-2.22044604925031E-16,-1.));
#4332=DIRECTION('ref_axis',(0.,-1.,2.22044604925031E-16));
#4333=DIRECTION('',(1.,0.,0.));
#4334=DIRECTION('',(-1.,0.,0.));
#4335=DIRECTION('center_axis',(0.,-2.22044604925031E-16,-1.));
#4336=DIRECTION('ref_axis',(0.,-1.,2.22044604925031E-16));
#4337=DIRECTION('',(0.,-1.,2.22044604925031E-16));
#4338=DIRECTION('',(-1.,0.,0.));
#4339=DIRECTION('',(0.,-1.,2.22044604925031E-16));
#4340=DIRECTION('',(1.,0.,0.));
#4341=DIRECTION('center_axis',(-1.,0.,0.));
#4342=DIRECTION('ref_axis',(0.,-2.22044604925031E-16,-1.));
#4343=DIRECTION('',(0.,-1.,2.22044604925031E-16));
#4344=DIRECTION('',(0.,2.22044604925031E-16,1.));
#4345=DIRECTION('',(0.,-2.22044604925031E-16,-1.));
#4346=DIRECTION('center_axis',(0.,2.22044604925031E-16,1.));
#4347=DIRECTION('ref_axis',(0.,1.,-2.22044604925031E-16));
#4348=DIRECTION('',(0.,-1.,2.22044604925031E-16));
#4349=DIRECTION('',(1.,0.,0.));
#4350=DIRECTION('',(-1.,0.,0.));
#4351=DIRECTION('center_axis',(1.,0.,0.));
#4352=DIRECTION('ref_axis',(0.,2.22044604925031E-16,1.));
#4353=DIRECTION('',(0.,2.22044604925031E-16,1.));
#4354=DIRECTION('',(0.,-2.22044604925031E-16,-1.));
#4355=DIRECTION('center_axis',(0.,2.22044604925031E-16,1.));
#4356=DIRECTION('ref_axis',(0.,1.,-2.22044604925031E-16));
#4357=DIRECTION('',(0.,-1.,2.22044604925031E-16));
#4358=DIRECTION('',(1.,0.,0.));
#4359=DIRECTION('',(0.,-1.,2.22044604925031E-16));
#4360=DIRECTION('',(-1.,0.,0.));
#4361=DIRECTION('center_axis',(1.,0.,0.));
#4362=DIRECTION('ref_axis',(0.,2.22044604925031E-16,1.));
#4363=DIRECTION('',(0.,-1.,2.22044604925031E-16));
#4364=DIRECTION('',(0.,-2.22044604925031E-16,-1.));
#4365=DIRECTION('',(0.,2.22044604925031E-16,1.));
#4366=DIRECTION('center_axis',(0.,-2.22044604925031E-16,-1.));
#4367=DIRECTION('ref_axis',(0.,-1.,2.22044604925031E-16));
#4368=DIRECTION('',(0.,-1.,2.22044604925031E-16));
#4369=DIRECTION('',(-1.,0.,0.));
#4370=DIRECTION('',(1.,0.,0.));
#4371=DIRECTION('center_axis',(-1.,0.,0.));
#4372=DIRECTION('ref_axis',(0.,-2.22044604925031E-16,-1.));
#4373=DIRECTION('',(0.,-2.22044604925031E-16,-1.));
#4374=DIRECTION('',(0.,2.22044604925031E-16,1.));
#4375=DIRECTION('center_axis',(-1.,0.,0.));
#4376=DIRECTION('ref_axis',(0.,-2.22044604925031E-16,-1.));
#4377=DIRECTION('',(0.,-1.,2.22044604925031E-16));
#4378=DIRECTION('',(0.,2.22044604925031E-16,1.));
#4379=DIRECTION('',(0.,-1.,2.22044604925031E-16));
#4380=DIRECTION('',(0.,-2.22044604925031E-16,-1.));
#4381=DIRECTION('center_axis',(0.,2.22044604925031E-16,1.));
#4382=DIRECTION('ref_axis',(0.,1.,-2.22044604925031E-16));
#4383=DIRECTION('',(0.,-1.,2.22044604925031E-16));
#4384=DIRECTION('',(1.,0.,0.));
#4385=DIRECTION('',(-1.,0.,0.));
#4386=DIRECTION('center_axis',(1.,0.,0.));
#4387=DIRECTION('ref_axis',(0.,2.22044604925031E-16,1.));
#4388=DIRECTION('',(0.,-1.,2.22044604925031E-16));
#4389=DIRECTION('',(0.,-2.22044604925031E-16,-1.));
#4390=DIRECTION('',(0.,2.22044604925031E-16,1.));
#4391=DIRECTION('center_axis',(0.,-2.22044604925031E-16,-1.));
#4392=DIRECTION('ref_axis',(0.,-1.,2.22044604925031E-16));
#4393=DIRECTION('',(1.,0.,0.));
#4394=DIRECTION('',(-1.,0.,0.));
#4395=DIRECTION('center_axis',(0.,-2.22044604925031E-16,-1.));
#4396=DIRECTION('ref_axis',(0.,-1.,2.22044604925031E-16));
#4397=DIRECTION('',(0.,-1.,2.22044604925031E-16));
#4398=DIRECTION('',(-1.,0.,0.));
#4399=DIRECTION('',(0.,-1.,2.22044604925031E-16));
#4400=DIRECTION('',(1.,0.,0.));
#4401=DIRECTION('center_axis',(-1.,0.,0.));
#4402=DIRECTION('ref_axis',(0.,-2.22044604925031E-16,-1.));
#4403=DIRECTION('',(0.,-1.,2.22044604925031E-16));
#4404=DIRECTION('',(0.,2.22044604925031E-16,1.));
#4405=DIRECTION('',(0.,-2.22044604925031E-16,-1.));
#4406=DIRECTION('center_axis',(0.,2.22044604925031E-16,1.));
#4407=DIRECTION('ref_axis',(0.,1.,-2.22044604925031E-16));
#4408=DIRECTION('',(0.,-1.,2.22044604925031E-16));
#4409=DIRECTION('',(1.,0.,0.));
#4410=DIRECTION('',(-1.,0.,0.));
#4411=DIRECTION('center_axis',(1.,0.,0.));
#4412=DIRECTION('ref_axis',(0.,2.22044604925031E-16,1.));
#4413=DIRECTION('',(0.,2.22044604925031E-16,1.));
#4414=DIRECTION('',(0.,-2.22044604925031E-16,-1.));
#4415=DIRECTION('center_axis',(0.,2.22044604925031E-16,1.));
#4416=DIRECTION('ref_axis',(0.,1.,-2.22044604925031E-16));
#4417=DIRECTION('',(0.,-1.,2.22044604925031E-16));
#4418=DIRECTION('',(1.,0.,0.));
#4419=DIRECTION('',(0.,-1.,2.22044604925031E-16));
#4420=DIRECTION('',(-1.,0.,0.));
#4421=DIRECTION('center_axis',(1.,0.,0.));
#4422=DIRECTION('ref_axis',(0.,2.22044604925031E-16,1.));
#4423=DIRECTION('',(0.,-1.,2.22044604925031E-16));
#4424=DIRECTION('',(0.,-2.22044604925031E-16,-1.));
#4425=DIRECTION('',(0.,2.22044604925031E-16,1.));
#4426=DIRECTION('center_axis',(0.,-2.22044604925031E-16,-1.));
#4427=DIRECTION('ref_axis',(0.,-1.,2.22044604925031E-16));
#4428=DIRECTION('',(0.,-1.,2.22044604925031E-16));
#4429=DIRECTION('',(-1.,0.,0.));
#4430=DIRECTION('',(1.,0.,0.));
#4431=DIRECTION('center_axis',(-1.,0.,0.));
#4432=DIRECTION('ref_axis',(0.,-2.22044604925031E-16,-1.));
#4433=DIRECTION('',(0.,-2.22044604925031E-16,-1.));
#4434=DIRECTION('',(0.,2.22044604925031E-16,1.));
#4435=DIRECTION('center_axis',(0.,-2.22044604925031E-16,-1.));
#4436=DIRECTION('ref_axis',(0.,-1.,2.22044604925031E-16));
#4437=DIRECTION('',(0.,-1.,2.22044604925031E-16));
#4438=DIRECTION('',(-1.,0.,0.));
#4439=DIRECTION('',(0.,-1.,2.22044604925031E-16));
#4440=DIRECTION('',(1.,0.,0.));
#4441=DIRECTION('center_axis',(-1.,0.,0.));
#4442=DIRECTION('ref_axis',(0.,-2.22044604925031E-16,-1.));
#4443=DIRECTION('',(0.,-1.,2.22044604925031E-16));
#4444=DIRECTION('',(0.,2.22044604925031E-16,1.));
#4445=DIRECTION('',(0.,-2.22044604925031E-16,-1.));
#4446=DIRECTION('center_axis',(0.,2.22044604925031E-16,1.));
#4447=DIRECTION('ref_axis',(0.,1.,-2.22044604925031E-16));
#4448=DIRECTION('',(0.,-1.,2.22044604925031E-16));
#4449=DIRECTION('',(1.,0.,0.));
#4450=DIRECTION('',(-1.,0.,0.));
#4451=DIRECTION('center_axis',(1.,0.,0.));
#4452=DIRECTION('ref_axis',(0.,2.22044604925031E-16,1.));
#4453=DIRECTION('',(0.,2.22044604925031E-16,1.));
#4454=DIRECTION('',(0.,-2.22044604925031E-16,-1.));
#4455=DIRECTION('center_axis',(0.,-2.22044604925031E-16,-1.));
#4456=DIRECTION('ref_axis',(0.,-1.,2.22044604925031E-16));
#4457=DIRECTION('',(0.,-1.,2.22044604925031E-16));
#4458=DIRECTION('',(-1.,0.,0.));
#4459=DIRECTION('',(0.,-1.,2.22044604925031E-16));
#4460=DIRECTION('',(1.,0.,0.));
#4461=DIRECTION('center_axis',(-1.,0.,0.));
#4462=DIRECTION('ref_axis',(0.,-2.22044604925031E-16,-1.));
#4463=DIRECTION('',(0.,-1.,2.22044604925031E-16));
#4464=DIRECTION('',(0.,2.22044604925031E-16,1.));
#4465=DIRECTION('',(0.,-2.22044604925031E-16,-1.));
#4466=DIRECTION('center_axis',(0.,2.22044604925031E-16,1.));
#4467=DIRECTION('ref_axis',(0.,1.,-2.22044604925031E-16));
#4468=DIRECTION('',(0.,-1.,2.22044604925031E-16));
#4469=DIRECTION('',(1.,0.,0.));
#4470=DIRECTION('',(-1.,0.,0.));
#4471=DIRECTION('center_axis',(1.,0.,0.));
#4472=DIRECTION('ref_axis',(0.,2.22044604925031E-16,1.));
#4473=DIRECTION('',(0.,2.22044604925031E-16,1.));
#4474=DIRECTION('',(0.,-2.22044604925031E-16,-1.));
#4475=DIRECTION('center_axis',(0.,-2.22044604925031E-16,-1.));
#4476=DIRECTION('ref_axis',(0.,-1.,2.22044604925031E-16));
#4477=DIRECTION('',(0.,-1.,2.22044604925031E-16));
#4478=DIRECTION('',(-1.,0.,0.));
#4479=DIRECTION('',(0.,-1.,2.22044604925031E-16));
#4480=DIRECTION('',(1.,0.,0.));
#4481=DIRECTION('center_axis',(-1.,0.,0.));
#4482=DIRECTION('ref_axis',(0.,-2.22044604925031E-16,-1.));
#4483=DIRECTION('',(0.,-1.,2.22044604925031E-16));
#4484=DIRECTION('',(0.,2.22044604925031E-16,1.));
#4485=DIRECTION('',(0.,-2.22044604925031E-16,-1.));
#4486=DIRECTION('center_axis',(0.,2.22044604925031E-16,1.));
#4487=DIRECTION('ref_axis',(0.,1.,-2.22044604925031E-16));
#4488=DIRECTION('',(0.,-1.,2.22044604925031E-16));
#4489=DIRECTION('',(1.,0.,0.));
#4490=DIRECTION('',(-1.,0.,0.));
#4491=DIRECTION('center_axis',(1.,0.,0.));
#4492=DIRECTION('ref_axis',(0.,2.22044604925031E-16,1.));
#4493=DIRECTION('',(0.,2.22044604925031E-16,1.));
#4494=DIRECTION('',(0.,-2.22044604925031E-16,-1.));
#4495=DIRECTION('center_axis',(-1.,0.,0.));
#4496=DIRECTION('ref_axis',(0.,-2.22044604925031E-16,-1.));
#4497=DIRECTION('',(0.,-1.,2.22044604925031E-16));
#4498=DIRECTION('',(0.,2.22044604925031E-16,1.));
#4499=DIRECTION('',(0.,-1.,2.22044604925031E-16));
#4500=DIRECTION('',(0.,-2.22044604925031E-16,-1.));
#4501=DIRECTION('center_axis',(0.,2.22044604925031E-16,1.));
#4502=DIRECTION('ref_axis',(0.,1.,-2.22044604925031E-16));
#4503=DIRECTION('',(0.,-1.,2.22044604925031E-16));
#4504=DIRECTION('',(1.,0.,0.));
#4505=DIRECTION('',(-1.,0.,0.));
#4506=DIRECTION('center_axis',(1.,0.,0.));
#4507=DIRECTION('ref_axis',(0.,2.22044604925031E-16,1.));
#4508=DIRECTION('',(0.,-1.,2.22044604925031E-16));
#4509=DIRECTION('',(0.,-2.22044604925031E-16,-1.));
#4510=DIRECTION('',(0.,2.22044604925031E-16,1.));
#4511=DIRECTION('center_axis',(0.,-2.22044604925031E-16,-1.));
#4512=DIRECTION('ref_axis',(0.,-1.,2.22044604925031E-16));
#4513=DIRECTION('',(0.,-1.,2.22044604925031E-16));
#4514=DIRECTION('',(-1.,0.,0.));
#4515=DIRECTION('',(1.,0.,0.));
#4516=DIRECTION('center_axis',(1.,0.,0.));
#4517=DIRECTION('ref_axis',(0.,2.22044604925031E-16,1.));
#4518=DIRECTION('',(0.,-1.,2.22044604925031E-16));
#4519=DIRECTION('',(0.,-2.22044604925031E-16,-1.));
#4520=DIRECTION('',(0.,2.22044604925031E-16,1.));
#4521=DIRECTION('center_axis',(0.,-2.22044604925031E-16,-1.));
#4522=DIRECTION('ref_axis',(0.,-1.,2.22044604925031E-16));
#4523=DIRECTION('',(1.,0.,0.));
#4524=DIRECTION('',(-1.,0.,0.));
#4525=DIRECTION('center_axis',(0.,1.,-2.22044604925031E-16));
#4526=DIRECTION('ref_axis',(-1.,0.,0.));
#4527=DIRECTION('center_axis',(0.,-1.,2.22044604925031E-16));
#4528=DIRECTION('ref_axis',(-1.,0.,0.));
#4529=DIRECTION('',(0.,1.,-2.22044604925031E-16));
#4530=DIRECTION('center_axis',(0.,1.,-2.22044604925031E-16));
#4531=DIRECTION('ref_axis',(-1.,0.,0.));
#4532=DIRECTION('center_axis',(0.,1.,-2.22044604925031E-16));
#4533=DIRECTION('ref_axis',(-1.,0.,0.));
#4534=DIRECTION('center_axis',(0.,-1.,2.22044604925031E-16));
#4535=DIRECTION('ref_axis',(-1.,-5.04870979341447E-29,-2.27373675443232E-13));
#4536=DIRECTION('',(0.,1.,-2.22044604925031E-16));
#4537=DIRECTION('center_axis',(0.,1.,-2.22044604925031E-16));
#4538=DIRECTION('ref_axis',(-1.,-2.52435489670753E-29,-1.13686837721629E-13));
#4539=DIRECTION('center_axis',(0.,1.,-2.22044604925031E-16));
#4540=DIRECTION('ref_axis',(-1.,0.,0.));
#4541=DIRECTION('center_axis',(0.,-1.,2.22044604925031E-16));
#4542=DIRECTION('ref_axis',(-1.,0.,0.));
#4543=DIRECTION('',(0.,1.,-2.22044604925031E-16));
#4544=DIRECTION('center_axis',(0.,1.,-2.22044604925031E-16));
#4545=DIRECTION('ref_axis',(-1.,0.,0.));
#4546=DIRECTION('center_axis',(0.,1.,-2.22044604925031E-16));
#4547=DIRECTION('ref_axis',(-1.,0.,0.));
#4548=DIRECTION('center_axis',(0.,-1.,2.22044604925031E-16));
#4549=DIRECTION('ref_axis',(-1.,-2.01948391736597E-29,-9.09494701773011E-14));
#4550=DIRECTION('',(0.,1.,-2.22044604925031E-16));
#4551=DIRECTION('center_axis',(0.,1.,-2.22044604925031E-16));
#4552=DIRECTION('ref_axis',(-1.,0.,0.));
#4553=DIRECTION('center_axis',(0.,1.,-2.22044604925031E-16));
#4554=DIRECTION('ref_axis',(-1.,0.,0.));
#4555=DIRECTION('center_axis',(0.,-1.,2.22044604925031E-16));
#4556=DIRECTION('ref_axis',(-1.,-2.01948391736597E-29,-9.09494701773011E-14));
#4557=DIRECTION('',(0.,1.,-2.22044604925031E-16));
#4558=DIRECTION('center_axis',(0.,1.,-2.22044604925031E-16));
#4559=DIRECTION('ref_axis',(-1.,-2.01948391736597E-29,-9.09494701773011E-14));
#4560=DIRECTION('center_axis',(0.,1.,-2.22044604925031E-16));
#4561=DIRECTION('ref_axis',(-1.,0.,0.));
#4562=DIRECTION('center_axis',(0.,-1.,2.22044604925031E-16));
#4563=DIRECTION('ref_axis',(-1.,0.,0.));
#4564=DIRECTION('',(0.,1.,-2.22044604925031E-16));
#4565=DIRECTION('center_axis',(0.,1.,-2.22044604925031E-16));
#4566=DIRECTION('ref_axis',(-1.,0.,0.));
#4567=DIRECTION('center_axis',(0.,1.,-2.22044604925031E-16));
#4568=DIRECTION('ref_axis',(-1.,0.,0.));
#4569=DIRECTION('center_axis',(0.,-1.,2.22044604925031E-16));
#4570=DIRECTION('ref_axis',(-1.,0.,0.));
#4571=DIRECTION('',(0.,1.,-2.22044604925031E-16));
#4572=DIRECTION('center_axis',(0.,1.,-2.22044604925031E-16));
#4573=DIRECTION('ref_axis',(-1.,0.,0.));
#4574=DIRECTION('center_axis',(0.,1.,-2.22044604925031E-16));
#4575=DIRECTION('ref_axis',(-1.,0.,0.));
#4576=DIRECTION('center_axis',(0.,-1.,2.22044604925031E-16));
#4577=DIRECTION('ref_axis',(-1.,-4.03896783473159E-29,-1.81898940354586E-13));
#4578=DIRECTION('',(0.,1.,-2.22044604925031E-16));
#4579=DIRECTION('center_axis',(0.,1.,-2.22044604925031E-16));
#4580=DIRECTION('ref_axis',(-1.,-2.01948391736579E-29,-9.09494701772928E-14));
#4581=DIRECTION('center_axis',(0.,1.,-2.22044604925031E-16));
#4582=DIRECTION('ref_axis',(-1.,0.,0.));
#4583=DIRECTION('center_axis',(0.,-1.,2.22044604925031E-16));
#4584=DIRECTION('ref_axis',(-1.,-4.03896783473159E-29,-1.81898940354586E-13));
#4585=DIRECTION('',(0.,1.,-2.22044604925031E-16));
#4586=DIRECTION('center_axis',(0.,1.,-2.22044604925031E-16));
#4587=DIRECTION('ref_axis',(-1.,0.,0.));
#4588=DIRECTION('center_axis',(0.,1.,-2.22044604925031E-16));
#4589=DIRECTION('ref_axis',(-1.,0.,0.));
#4590=DIRECTION('center_axis',(0.,-1.,2.22044604925031E-16));
#4591=DIRECTION('ref_axis',(-1.,2.01948391736597E-29,9.09494701773011E-14));
#4592=DIRECTION('',(0.,1.,-2.22044604925031E-16));
#4593=DIRECTION('center_axis',(0.,1.,-2.22044604925031E-16));
#4594=DIRECTION('ref_axis',(-1.,0.,0.));
#4595=DIRECTION('center_axis',(0.,1.,-2.22044604925031E-16));
#4596=DIRECTION('ref_axis',(-1.,0.,0.));
#4597=DIRECTION('center_axis',(0.,-1.,2.22044604925031E-16));
#4598=DIRECTION('ref_axis',(-1.,-2.52435489670695E-29,-1.13686837721603E-13));
#4599=DIRECTION('',(0.,1.,-2.22044604925031E-16));
#4600=DIRECTION('center_axis',(0.,1.,-2.22044604925031E-16));
#4601=DIRECTION('ref_axis',(-1.,2.52435489670695E-29,1.13686837721603E-13));
#4602=DIRECTION('center_axis',(0.,1.,-2.22044604925031E-16));
#4603=DIRECTION('ref_axis',(-1.,0.,0.));
#4604=DIRECTION('center_axis',(0.,-1.,2.22044604925031E-16));
#4605=DIRECTION('ref_axis',(-1.,0.,0.));
#4606=DIRECTION('',(0.,1.,-2.22044604925031E-16));
#4607=DIRECTION('center_axis',(0.,1.,-2.22044604925031E-16));
#4608=DIRECTION('ref_axis',(-1.,0.,0.));
#4609=DIRECTION('center_axis',(0.,1.,-2.22044604925031E-16));
#4610=DIRECTION('ref_axis',(-1.,0.,0.));
#4611=DIRECTION('center_axis',(0.,-1.,2.22044604925031E-16));
#4612=DIRECTION('ref_axis',(-1.,-2.52435489670695E-29,-1.13686837721603E-13));
#4613=DIRECTION('',(0.,1.,-2.22044604925031E-16));
#4614=DIRECTION('center_axis',(0.,1.,-2.22044604925031E-16));
#4615=DIRECTION('ref_axis',(-1.,0.,0.));
#4616=DIRECTION('center_axis',(0.,1.,-2.22044604925031E-16));
#4617=DIRECTION('ref_axis',(-1.,0.,0.));
#4618=DIRECTION('center_axis',(0.,-1.,2.22044604925031E-16));
#4619=DIRECTION('ref_axis',(-1.,-5.04870979341447E-29,-2.27373675443232E-13));
#4620=DIRECTION('',(0.,1.,-2.22044604925031E-16));
#4621=DIRECTION('center_axis',(0.,1.,-2.22044604925031E-16));
#4622=DIRECTION('ref_axis',(-1.,0.,0.));
#4623=DIRECTION('center_axis',(0.,1.,-2.22044604925031E-16));
#4624=DIRECTION('ref_axis',(-1.,0.,0.));
#4625=DIRECTION('center_axis',(0.,-1.,2.22044604925031E-16));
#4626=DIRECTION('ref_axis',(-1.,0.,0.));
#4627=DIRECTION('',(0.,1.,-2.22044604925031E-16));
#4628=DIRECTION('center_axis',(0.,1.,-2.22044604925031E-16));
#4629=DIRECTION('ref_axis',(-1.,-5.04870979341505E-29,-2.27373675443258E-13));
#4630=DIRECTION('center_axis',(-1.,0.,0.));
#4631=DIRECTION('ref_axis',(0.,-2.22044604925031E-16,-1.));
#4632=DIRECTION('',(0.,-1.,2.22044604925031E-16));
#4633=DIRECTION('',(0.,2.22044604925031E-16,1.));
#4634=DIRECTION('',(0.,-1.,2.22044604925031E-16));
#4635=DIRECTION('',(0.,-2.22044604925031E-16,-1.));
#4636=DIRECTION('center_axis',(0.,-2.22044604925031E-16,-1.));
#4637=DIRECTION('ref_axis',(0.,-1.,2.22044604925031E-16));
#4638=DIRECTION('',(0.,-1.,2.22044604925031E-16));
#4639=DIRECTION('',(-1.,0.,0.));
#4640=DIRECTION('',(1.,0.,0.));
#4641=DIRECTION('center_axis',(1.,0.,0.));
#4642=DIRECTION('ref_axis',(0.,2.22044604925031E-16,1.));
#4643=DIRECTION('',(0.,-1.,2.22044604925031E-16));
#4644=DIRECTION('',(0.,-2.22044604925031E-16,-1.));
#4645=DIRECTION('',(0.,2.22044604925031E-16,1.));
#4646=DIRECTION('center_axis',(0.,2.22044604925031E-16,1.));
#4647=DIRECTION('ref_axis',(0.,1.,-2.22044604925031E-16));
#4648=DIRECTION('',(-1.,0.,0.));
#4649=DIRECTION('',(1.,0.,0.));
#4650=DIRECTION('center_axis',(0.,-2.22044604925031E-16,-1.));
#4651=DIRECTION('ref_axis',(0.,-1.,2.22044604925031E-16));
#4652=DIRECTION('',(0.,-1.,2.22044604925031E-16));
#4653=DIRECTION('',(-1.,0.,0.));
#4654=DIRECTION('',(0.,-1.,2.22044604925031E-16));
#4655=DIRECTION('',(1.,0.,0.));
#4656=DIRECTION('center_axis',(-1.,0.,0.));
#4657=DIRECTION('ref_axis',(0.,-2.22044604925031E-16,-1.));
#4658=DIRECTION('',(0.,-1.,2.22044604925031E-16));
#4659=DIRECTION('',(0.,2.22044604925031E-16,1.));
#4660=DIRECTION('',(0.,-2.22044604925031E-16,-1.));
#4661=DIRECTION('center_axis',(0.,2.22044604925031E-16,1.));
#4662=DIRECTION('ref_axis',(0.,1.,-2.22044604925031E-16));
#4663=DIRECTION('',(0.,-1.,2.22044604925031E-16));
#4664=DIRECTION('',(1.,0.,0.));
#4665=DIRECTION('',(-1.,0.,0.));
#4666=DIRECTION('center_axis',(1.,0.,0.));
#4667=DIRECTION('ref_axis',(0.,2.22044604925031E-16,1.));
#4668=DIRECTION('',(0.,2.22044604925031E-16,1.));
#4669=DIRECTION('',(0.,-2.22044604925031E-16,-1.));
#4670=DIRECTION('center_axis',(1.,0.,0.));
#4671=DIRECTION('ref_axis',(0.,2.22044604925031E-16,1.));
#4672=DIRECTION('',(0.,-1.,2.22044604925031E-16));
#4673=DIRECTION('',(0.,-2.22044604925031E-16,-1.));
#4674=DIRECTION('',(0.,-1.,2.22044604925031E-16));
#4675=DIRECTION('',(0.,2.22044604925031E-16,1.));
#4676=DIRECTION('center_axis',(0.,-2.22044604925031E-16,-1.));
#4677=DIRECTION('ref_axis',(0.,-1.,2.22044604925031E-16));
#4678=DIRECTION('',(0.,-1.,2.22044604925031E-16));
#4679=DIRECTION('',(-1.,0.,0.));
#4680=DIRECTION('',(1.,0.,0.));
#4681=DIRECTION('center_axis',(-1.,0.,0.));
#4682=DIRECTION('ref_axis',(0.,-2.22044604925031E-16,-1.));
#4683=DIRECTION('',(0.,-1.,2.22044604925031E-16));
#4684=DIRECTION('',(0.,2.22044604925031E-16,1.));
#4685=DIRECTION('',(0.,-2.22044604925031E-16,-1.));
#4686=DIRECTION('center_axis',(0.,2.22044604925031E-16,1.));
#4687=DIRECTION('ref_axis',(0.,1.,-2.22044604925031E-16));
#4688=DIRECTION('',(-1.,0.,0.));
#4689=DIRECTION('',(1.,0.,0.));
#4690=DIRECTION('center_axis',(1.,0.,0.));
#4691=DIRECTION('ref_axis',(0.,2.22044604925031E-16,1.));
#4692=DIRECTION('',(0.,-1.,2.22044604925031E-16));
#4693=DIRECTION('',(0.,-2.22044604925031E-16,-1.));
#4694=DIRECTION('',(0.,-1.,2.22044604925031E-16));
#4695=DIRECTION('',(0.,2.22044604925031E-16,1.));
#4696=DIRECTION('center_axis',(0.,-2.22044604925031E-16,-1.));
#4697=DIRECTION('ref_axis',(0.,-1.,2.22044604925031E-16));
#4698=DIRECTION('',(0.,-1.,2.22044604925031E-16));
#4699=DIRECTION('',(-1.,0.,0.));
#4700=DIRECTION('',(1.,0.,0.));
#4701=DIRECTION('center_axis',(-1.,0.,0.));
#4702=DIRECTION('ref_axis',(0.,-2.22044604925031E-16,-1.));
#4703=DIRECTION('',(0.,-1.,2.22044604925031E-16));
#4704=DIRECTION('',(0.,2.22044604925031E-16,1.));
#4705=DIRECTION('',(0.,-2.22044604925031E-16,-1.));
#4706=DIRECTION('center_axis',(0.,2.22044604925031E-16,1.));
#4707=DIRECTION('ref_axis',(0.,1.,-2.22044604925031E-16));
#4708=DIRECTION('',(-1.,0.,0.));
#4709=DIRECTION('',(1.,0.,0.));
#4710=DIRECTION('center_axis',(0.,-2.22044604925031E-16,-1.));
#4711=DIRECTION('ref_axis',(0.,-1.,2.22044604925031E-16));
#4712=DIRECTION('',(0.,-1.,2.22044604925031E-16));
#4713=DIRECTION('',(-1.,0.,0.));
#4714=DIRECTION('',(0.,-1.,2.22044604925031E-16));
#4715=DIRECTION('',(1.,0.,0.));
#4716=DIRECTION('center_axis',(-1.,0.,0.));
#4717=DIRECTION('ref_axis',(0.,-2.22044604925031E-16,-1.));
#4718=DIRECTION('',(0.,-1.,2.22044604925031E-16));
#4719=DIRECTION('',(0.,2.22044604925031E-16,1.));
#4720=DIRECTION('',(0.,-2.22044604925031E-16,-1.));
#4721=DIRECTION('center_axis',(0.,2.22044604925031E-16,1.));
#4722=DIRECTION('ref_axis',(0.,1.,-2.22044604925031E-16));
#4723=DIRECTION('',(0.,-1.,2.22044604925031E-16));
#4724=DIRECTION('',(1.,0.,0.));
#4725=DIRECTION('',(-1.,0.,0.));
#4726=DIRECTION('center_axis',(1.,0.,0.));
#4727=DIRECTION('ref_axis',(0.,2.22044604925031E-16,1.));
#4728=DIRECTION('',(0.,2.22044604925031E-16,1.));
#4729=DIRECTION('',(0.,-2.22044604925031E-16,-1.));
#4730=DIRECTION('center_axis',(-1.,0.,0.));
#4731=DIRECTION('ref_axis',(0.,-2.22044604925031E-16,-1.));
#4732=DIRECTION('',(0.,-1.,2.22044604925031E-16));
#4733=DIRECTION('',(0.,2.22044604925031E-16,1.));
#4734=DIRECTION('',(0.,-1.,2.22044604925031E-16));
#4735=DIRECTION('',(0.,-2.22044604925031E-16,-1.));
#4736=DIRECTION('center_axis',(0.,2.22044604925031E-16,1.));
#4737=DIRECTION('ref_axis',(0.,1.,-2.22044604925031E-16));
#4738=DIRECTION('',(0.,-1.,2.22044604925031E-16));
#4739=DIRECTION('',(1.,0.,0.));
#4740=DIRECTION('',(-1.,0.,0.));
#4741=DIRECTION('center_axis',(1.,0.,0.));
#4742=DIRECTION('ref_axis',(0.,2.22044604925031E-16,1.));
#4743=DIRECTION('',(0.,-1.,2.22044604925031E-16));
#4744=DIRECTION('',(0.,-2.22044604925031E-16,-1.));
#4745=DIRECTION('',(0.,2.22044604925031E-16,1.));
#4746=DIRECTION('center_axis',(0.,-2.22044604925031E-16,-1.));
#4747=DIRECTION('ref_axis',(0.,-1.,2.22044604925031E-16));
#4748=DIRECTION('',(1.,0.,0.));
#4749=DIRECTION('',(-1.,0.,0.));
#4750=DIRECTION('center_axis',(0.,-2.22044604925031E-16,-1.));
#4751=DIRECTION('ref_axis',(0.,-1.,2.22044604925031E-16));
#4752=DIRECTION('',(0.,-1.,2.22044604925031E-16));
#4753=DIRECTION('',(-1.,0.,0.));
#4754=DIRECTION('',(0.,-1.,2.22044604925031E-16));
#4755=DIRECTION('',(1.,0.,0.));
#4756=DIRECTION('center_axis',(-1.,0.,0.));
#4757=DIRECTION('ref_axis',(0.,-2.22044604925031E-16,-1.));
#4758=DIRECTION('',(0.,-1.,2.22044604925031E-16));
#4759=DIRECTION('',(0.,2.22044604925031E-16,1.));
#4760=DIRECTION('',(0.,-2.22044604925031E-16,-1.));
#4761=DIRECTION('center_axis',(0.,2.22044604925031E-16,1.));
#4762=DIRECTION('ref_axis',(0.,1.,-2.22044604925031E-16));
#4763=DIRECTION('',(0.,-1.,2.22044604925031E-16));
#4764=DIRECTION('',(1.,0.,0.));
#4765=DIRECTION('',(-1.,0.,0.));
#4766=DIRECTION('center_axis',(1.,0.,0.));
#4767=DIRECTION('ref_axis',(0.,2.22044604925031E-16,1.));
#4768=DIRECTION('',(0.,2.22044604925031E-16,1.));
#4769=DIRECTION('',(0.,-2.22044604925031E-16,-1.));
#4770=DIRECTION('center_axis',(0.,2.22044604925031E-16,1.));
#4771=DIRECTION('ref_axis',(0.,1.,-2.22044604925031E-16));
#4772=DIRECTION('',(0.,-1.,2.22044604925031E-16));
#4773=DIRECTION('',(1.,0.,0.));
#4774=DIRECTION('',(0.,-1.,2.22044604925031E-16));
#4775=DIRECTION('',(-1.,0.,0.));
#4776=DIRECTION('center_axis',(1.,0.,0.));
#4777=DIRECTION('ref_axis',(0.,2.22044604925031E-16,1.));
#4778=DIRECTION('',(0.,-1.,2.22044604925031E-16));
#4779=DIRECTION('',(0.,-2.22044604925031E-16,-1.));
#4780=DIRECTION('',(0.,2.22044604925031E-16,1.));
#4781=DIRECTION('center_axis',(0.,-2.22044604925031E-16,-1.));
#4782=DIRECTION('ref_axis',(0.,-1.,2.22044604925031E-16));
#4783=DIRECTION('',(0.,-1.,2.22044604925031E-16));
#4784=DIRECTION('',(-1.,0.,0.));
#4785=DIRECTION('',(1.,0.,0.));
#4786=DIRECTION('center_axis',(-1.,0.,0.));
#4787=DIRECTION('ref_axis',(0.,-2.22044604925031E-16,-1.));
#4788=DIRECTION('',(0.,-2.22044604925031E-16,-1.));
#4789=DIRECTION('',(0.,2.22044604925031E-16,1.));
#4790=DIRECTION('center_axis',(0.,1.,-2.22044604925031E-16));
#4791=DIRECTION('ref_axis',(-1.,0.,0.));
#4792=DIRECTION('center_axis',(0.,-1.,2.22044604925031E-16));
#4793=DIRECTION('ref_axis',(-1.,-1.89326617253043E-29,-8.5265128291212E-14));
#4794=DIRECTION('',(0.,1.,-2.22044604925031E-16));
#4795=DIRECTION('center_axis',(0.,1.,-2.22044604925031E-16));
#4796=DIRECTION('ref_axis',(-1.,6.31088724176809E-30,2.8421709430404E-14));
#4797=DIRECTION('center_axis',(0.,1.,-2.22044604925031E-16));
#4798=DIRECTION('ref_axis',(-1.,0.,0.));
#4799=DIRECTION('center_axis',(0.,-1.,2.22044604925031E-16));
#4800=DIRECTION('ref_axis',(-1.,7.0997481469891E-30,3.19744231092045E-14));
#4801=DIRECTION('',(0.,1.,-2.22044604925031E-16));
#4802=DIRECTION('center_axis',(0.,1.,-2.22044604925031E-16));
#4803=DIRECTION('ref_axis',(-1.,7.0997481469891E-30,3.19744231092045E-14));
#4804=DIRECTION('center_axis',(0.,1.,-2.22044604925031E-16));
#4805=DIRECTION('ref_axis',(-1.,0.,0.));
#4806=DIRECTION('center_axis',(0.,-1.,2.22044604925031E-16));
#4807=DIRECTION('ref_axis',(-1.,6.31088724176809E-30,2.8421709430404E-14));
#4808=DIRECTION('',(0.,1.,-2.22044604925031E-16));
#4809=DIRECTION('center_axis',(0.,1.,-2.22044604925031E-16));
#4810=DIRECTION('ref_axis',(-1.,6.31088724176809E-30,2.8421709430404E-14));
#4811=DIRECTION('center_axis',(0.,1.,-2.22044604925031E-16));
#4812=DIRECTION('ref_axis',(-1.,0.,0.));
#4813=DIRECTION('center_axis',(0.,-1.,2.22044604925031E-16));
#4814=DIRECTION('ref_axis',(-1.,-5.52202633654708E-30,-2.48689957516035E-14));
#4815=DIRECTION('',(0.,1.,-2.22044604925031E-16));
#4816=DIRECTION('center_axis',(0.,1.,-2.22044604925031E-16));
#4817=DIRECTION('ref_axis',(-1.,7.0997481469891E-30,3.19744231092045E-14));
#4818=DIRECTION('center_axis',(0.,1.,-2.22044604925031E-16));
#4819=DIRECTION('ref_axis',(-1.,0.,0.));
#4820=DIRECTION('center_axis',(0.,-1.,2.22044604925031E-16));
#4821=DIRECTION('ref_axis',(-1.,1.44248851240414E-30,6.49639072694949E-15));
#4822=DIRECTION('',(0.,1.,-2.22044604925031E-16));
#4823=DIRECTION('center_axis',(0.,1.,-2.22044604925031E-16));
#4824=DIRECTION('ref_axis',(-1.,-1.44248851240414E-30,-6.49639072694949E-15));
#4825=DIRECTION('center_axis',(0.,1.,-2.22044604925031E-16));
#4826=DIRECTION('ref_axis',(-1.,0.,0.));
#4827=DIRECTION('center_axis',(0.,-1.,2.22044604925031E-16));
#4828=DIRECTION('ref_axis',(-1.,1.62279957645465E-30,7.30843956781817E-15));
#4829=DIRECTION('',(0.,1.,-2.22044604925031E-16));
#4830=DIRECTION('center_axis',(0.,1.,-2.22044604925031E-16));
#4831=DIRECTION('ref_axis',(-1.,-1.26217744835362E-30,-5.6843418860808E-15));
#4832=DIRECTION('center_axis',(0.,-2.22044604925031E-16,-1.));
#4833=DIRECTION('ref_axis',(0.,-1.,2.22044604925031E-16));
#4834=DIRECTION('',(0.,-1.,2.22044604925031E-16));
#4835=DIRECTION('',(-1.,0.,0.));
#4836=DIRECTION('',(0.,-1.,2.22044604925031E-16));
#4837=DIRECTION('',(1.,0.,0.));
#4838=DIRECTION('center_axis',(-1.,0.,0.));
#4839=DIRECTION('ref_axis',(0.,-2.22044604925031E-16,-1.));
#4840=DIRECTION('',(0.,-1.,2.22044604925031E-16));
#4841=DIRECTION('',(0.,2.22044604925031E-16,1.));
#4842=DIRECTION('',(0.,-2.22044604925031E-16,-1.));
#4843=DIRECTION('center_axis',(0.,2.22044604925031E-16,1.));
#4844=DIRECTION('ref_axis',(0.,1.,-2.22044604925031E-16));
#4845=DIRECTION('',(0.,-1.,2.22044604925031E-16));
#4846=DIRECTION('',(1.,0.,0.));
#4847=DIRECTION('',(-1.,0.,0.));
#4848=DIRECTION('center_axis',(1.,0.,0.));
#4849=DIRECTION('ref_axis',(0.,2.22044604925031E-16,1.));
#4850=DIRECTION('',(0.,2.22044604925031E-16,1.));
#4851=DIRECTION('',(0.,-2.22044604925031E-16,-1.));
#4852=DIRECTION('center_axis',(0.,2.22044604925031E-16,1.));
#4853=DIRECTION('ref_axis',(0.,1.,-2.22044604925031E-16));
#4854=DIRECTION('',(0.,-1.,2.22044604925031E-16));
#4855=DIRECTION('',(1.,0.,0.));
#4856=DIRECTION('',(0.,-1.,2.22044604925031E-16));
#4857=DIRECTION('',(-1.,0.,0.));
#4858=DIRECTION('center_axis',(1.,0.,0.));
#4859=DIRECTION('ref_axis',(0.,2.22044604925031E-16,1.));
#4860=DIRECTION('',(0.,-1.,2.22044604925031E-16));
#4861=DIRECTION('',(0.,-2.22044604925031E-16,-1.));
#4862=DIRECTION('',(0.,2.22044604925031E-16,1.));
#4863=DIRECTION('center_axis',(0.,-2.22044604925031E-16,-1.));
#4864=DIRECTION('ref_axis',(0.,-1.,2.22044604925031E-16));
#4865=DIRECTION('',(0.,-1.,2.22044604925031E-16));
#4866=DIRECTION('',(-1.,0.,0.));
#4867=DIRECTION('',(1.,0.,0.));
#4868=DIRECTION('center_axis',(-1.,0.,0.));
#4869=DIRECTION('ref_axis',(0.,-2.22044604925031E-16,-1.));
#4870=DIRECTION('',(0.,-2.22044604925031E-16,-1.));
#4871=DIRECTION('',(0.,2.22044604925031E-16,1.));
#4872=DIRECTION('center_axis',(0.,1.,-2.22044604925031E-16));
#4873=DIRECTION('ref_axis',(-1.,0.,0.));
#4874=DIRECTION('center_axis',(0.,-1.,2.22044604925031E-16));
#4875=DIRECTION('ref_axis',(-1.,1.57772181044211E-30,7.10542735760141E-15));
#4876=DIRECTION('',(0.,1.,-2.22044604925031E-16));
#4877=DIRECTION('center_axis',(0.,1.,-2.22044604925031E-16));
#4878=DIRECTION('ref_axis',(-1.,1.57772181044211E-30,7.10542735760141E-15));
#4879=DIRECTION('center_axis',(0.,1.,-2.22044604925031E-16));
#4880=DIRECTION('ref_axis',(-1.,0.,0.));
#4881=DIRECTION('center_axis',(0.,-1.,2.22044604925031E-16));
#4882=DIRECTION('ref_axis',(-1.,1.57772181044211E-30,7.10542735760141E-15));
#4883=DIRECTION('',(0.,1.,-2.22044604925031E-16));
#4884=DIRECTION('center_axis',(0.,1.,-2.22044604925031E-16));
#4885=DIRECTION('ref_axis',(-1.,1.57772181044211E-30,7.10542735760141E-15));
#4886=DIRECTION('center_axis',(0.,1.,-2.22044604925031E-16));
#4887=DIRECTION('ref_axis',(-1.,0.,0.));
#4888=DIRECTION('center_axis',(0.,-1.,2.22044604925031E-16));
#4889=DIRECTION('ref_axis',(-1.,1.26217744835369E-29,5.68434188608112E-14));
#4890=DIRECTION('',(0.,1.,-2.22044604925031E-16));
#4891=DIRECTION('center_axis',(0.,1.,-2.22044604925031E-16));
#4892=DIRECTION('ref_axis',(-1.,0.,0.));
#4893=DIRECTION('center_axis',(0.,1.,-2.22044604925031E-16));
#4894=DIRECTION('ref_axis',(-1.,0.,0.));
#4895=DIRECTION('center_axis',(0.,-1.,2.22044604925031E-16));
#4896=DIRECTION('ref_axis',(-1.,1.57772181044211E-30,7.10542735760141E-15));
#4897=DIRECTION('',(0.,1.,-2.22044604925031E-16));
#4898=DIRECTION('center_axis',(0.,1.,-2.22044604925031E-16));
#4899=DIRECTION('ref_axis',(-1.,1.57772181044211E-30,7.10542735760141E-15));
#4900=DIRECTION('center_axis',(0.,1.,-2.22044604925031E-16));
#4901=DIRECTION('ref_axis',(-1.,0.,0.));
#4902=DIRECTION('center_axis',(0.,-1.,2.22044604925031E-16));
#4903=DIRECTION('ref_axis',(-1.,3.60622128101033E-31,1.62409768173737E-15));
#4904=DIRECTION('',(0.,1.,-2.22044604925031E-16));
#4905=DIRECTION('center_axis',(0.,1.,-2.22044604925031E-16));
#4906=DIRECTION('ref_axis',(-1.,-2.52435489670728E-30,-1.13686837721618E-14));
#4907=DIRECTION('center_axis',(0.,1.,-2.22044604925031E-16));
#4908=DIRECTION('ref_axis',(-1.,0.,0.));
#4909=DIRECTION('center_axis',(0.,-1.,2.22044604925031E-16));
#4910=DIRECTION('ref_axis',(-1.,-2.52435489670721E-30,-1.13686837721615E-14));
#4911=DIRECTION('',(0.,1.,-2.22044604925031E-16));
#4912=DIRECTION('center_axis',(0.,1.,-2.22044604925031E-16));
#4913=DIRECTION('ref_axis',(-1.,3.24559915290927E-30,1.46168791356362E-14));
#4914=DIRECTION('center_axis',(0.,-2.22044604925031E-16,-1.));
#4915=DIRECTION('ref_axis',(0.,-1.,2.22044604925031E-16));
#4916=DIRECTION('',(0.,-1.,2.22044604925031E-16));
#4917=DIRECTION('',(-1.,0.,0.));
#4918=DIRECTION('',(0.,-1.,2.22044604925031E-16));
#4919=DIRECTION('',(1.,0.,0.));
#4920=DIRECTION('center_axis',(-1.,0.,0.));
#4921=DIRECTION('ref_axis',(0.,-2.22044604925031E-16,-1.));
#4922=DIRECTION('',(0.,-1.,2.22044604925031E-16));
#4923=DIRECTION('',(0.,2.22044604925031E-16,1.));
#4924=DIRECTION('',(0.,-2.22044604925031E-16,-1.));
#4925=DIRECTION('center_axis',(0.,2.22044604925031E-16,1.));
#4926=DIRECTION('ref_axis',(0.,1.,-2.22044604925031E-16));
#4927=DIRECTION('',(0.,-1.,2.22044604925031E-16));
#4928=DIRECTION('',(1.,0.,0.));
#4929=DIRECTION('',(-1.,0.,0.));
#4930=DIRECTION('center_axis',(1.,0.,0.));
#4931=DIRECTION('ref_axis',(0.,2.22044604925031E-16,1.));
#4932=DIRECTION('',(0.,2.22044604925031E-16,1.));
#4933=DIRECTION('',(0.,-2.22044604925031E-16,-1.));
#4934=DIRECTION('center_axis',(1.,0.,0.));
#4935=DIRECTION('ref_axis',(0.,2.22044604925031E-16,1.));
#4936=DIRECTION('',(0.,-1.,2.22044604925031E-16));
#4937=DIRECTION('',(0.,-2.22044604925031E-16,-1.));
#4938=DIRECTION('',(0.,-1.,2.22044604925031E-16));
#4939=DIRECTION('',(0.,2.22044604925031E-16,1.));
#4940=DIRECTION('center_axis',(0.,-2.22044604925031E-16,-1.));
#4941=DIRECTION('ref_axis',(0.,-1.,2.22044604925031E-16));
#4942=DIRECTION('',(0.,-1.,2.22044604925031E-16));
#4943=DIRECTION('',(-1.,0.,0.));
#4944=DIRECTION('',(1.,0.,0.));
#4945=DIRECTION('center_axis',(-1.,0.,0.));
#4946=DIRECTION('ref_axis',(0.,-2.22044604925031E-16,-1.));
#4947=DIRECTION('',(0.,-1.,2.22044604925031E-16));
#4948=DIRECTION('',(0.,2.22044604925031E-16,1.));
#4949=DIRECTION('',(0.,-2.22044604925031E-16,-1.));
#4950=DIRECTION('center_axis',(0.,2.22044604925031E-16,1.));
#4951=DIRECTION('ref_axis',(0.,1.,-2.22044604925031E-16));
#4952=DIRECTION('',(-1.,0.,0.));
#4953=DIRECTION('',(1.,0.,0.));
#4954=DIRECTION('center_axis',(-1.,0.,0.));
#4955=DIRECTION('ref_axis',(0.,-2.22044604925031E-16,-1.));
#4956=DIRECTION('',(0.,-1.,2.22044604925031E-16));
#4957=DIRECTION('',(0.,2.22044604925031E-16,1.));
#4958=DIRECTION('',(0.,-1.,2.22044604925031E-16));
#4959=DIRECTION('',(0.,-2.22044604925031E-16,-1.));
#4960=DIRECTION('center_axis',(0.,2.22044604925031E-16,1.));
#4961=DIRECTION('ref_axis',(0.,1.,-2.22044604925031E-16));
#4962=DIRECTION('',(0.,-1.,2.22044604925031E-16));
#4963=DIRECTION('',(1.,0.,0.));
#4964=DIRECTION('',(-1.,0.,0.));
#4965=DIRECTION('center_axis',(1.,0.,0.));
#4966=DIRECTION('ref_axis',(0.,2.22044604925031E-16,1.));
#4967=DIRECTION('',(0.,-1.,2.22044604925031E-16));
#4968=DIRECTION('',(0.,-2.22044604925031E-16,-1.));
#4969=DIRECTION('',(0.,2.22044604925031E-16,1.));
#4970=DIRECTION('center_axis',(0.,-2.22044604925031E-16,-1.));
#4971=DIRECTION('ref_axis',(0.,-1.,2.22044604925031E-16));
#4972=DIRECTION('',(1.,0.,0.));
#4973=DIRECTION('',(-1.,0.,0.));
#4974=DIRECTION('center_axis',(0.,-2.22044604925031E-16,-1.));
#4975=DIRECTION('ref_axis',(0.,-1.,2.22044604925031E-16));
#4976=DIRECTION('',(0.,-1.,2.22044604925031E-16));
#4977=DIRECTION('',(-1.,0.,0.));
#4978=DIRECTION('',(0.,-1.,2.22044604925031E-16));
#4979=DIRECTION('',(1.,0.,0.));
#4980=DIRECTION('center_axis',(-1.,0.,0.));
#4981=DIRECTION('ref_axis',(0.,-2.22044604925031E-16,-1.));
#4982=DIRECTION('',(0.,-1.,2.22044604925031E-16));
#4983=DIRECTION('',(0.,2.22044604925031E-16,1.));
#4984=DIRECTION('',(0.,-2.22044604925031E-16,-1.));
#4985=DIRECTION('center_axis',(0.,2.22044604925031E-16,1.));
#4986=DIRECTION('ref_axis',(0.,1.,-2.22044604925031E-16));
#4987=DIRECTION('',(0.,-1.,2.22044604925031E-16));
#4988=DIRECTION('',(1.,0.,0.));
#4989=DIRECTION('',(-1.,0.,0.));
#4990=DIRECTION('center_axis',(1.,0.,0.));
#4991=DIRECTION('ref_axis',(0.,2.22044604925031E-16,1.));
#4992=DIRECTION('',(0.,2.22044604925031E-16,1.));
#4993=DIRECTION('',(0.,-2.22044604925031E-16,-1.));
#4994=DIRECTION('center_axis',(0.,-2.22044604925031E-16,-1.));
#4995=DIRECTION('ref_axis',(0.,-1.,2.22044604925031E-16));
#4996=DIRECTION('',(0.,-1.,2.22044604925031E-16));
#4997=DIRECTION('',(-1.,0.,0.));
#4998=DIRECTION('',(0.,-1.,2.22044604925031E-16));
#4999=DIRECTION('',(1.,0.,0.));
#5000=DIRECTION('center_axis',(-1.,0.,0.));
#5001=DIRECTION('ref_axis',(0.,-2.22044604925031E-16,-1.));
#5002=DIRECTION('',(0.,-1.,2.22044604925031E-16));
#5003=DIRECTION('',(0.,2.22044604925031E-16,1.));
#5004=DIRECTION('',(0.,-2.22044604925031E-16,-1.));
#5005=DIRECTION('center_axis',(0.,2.22044604925031E-16,1.));
#5006=DIRECTION('ref_axis',(0.,1.,-2.22044604925031E-16));
#5007=DIRECTION('',(0.,-1.,2.22044604925031E-16));
#5008=DIRECTION('',(1.,0.,0.));
#5009=DIRECTION('',(-1.,0.,0.));
#5010=DIRECTION('center_axis',(1.,0.,0.));
#5011=DIRECTION('ref_axis',(0.,2.22044604925031E-16,1.));
#5012=DIRECTION('',(0.,2.22044604925031E-16,1.));
#5013=DIRECTION('',(0.,-2.22044604925031E-16,-1.));
#5014=DIRECTION('center_axis',(1.,0.,0.));
#5015=DIRECTION('ref_axis',(0.,2.22044604925031E-16,1.));
#5016=DIRECTION('',(0.,-1.,2.22044604925031E-16));
#5017=DIRECTION('',(0.,-2.22044604925031E-16,-1.));
#5018=DIRECTION('',(0.,-1.,2.22044604925031E-16));
#5019=DIRECTION('',(0.,2.22044604925031E-16,1.));
#5020=DIRECTION('center_axis',(0.,2.22044604925031E-16,1.));
#5021=DIRECTION('ref_axis',(0.,1.,-2.22044604925031E-16));
#5022=DIRECTION('',(0.,-1.,2.22044604925031E-16));
#5023=DIRECTION('',(1.,0.,0.));
#5024=DIRECTION('',(-1.,0.,0.));
#5025=DIRECTION('center_axis',(-1.,0.,0.));
#5026=DIRECTION('ref_axis',(0.,-2.22044604925031E-16,-1.));
#5027=DIRECTION('',(0.,-1.,2.22044604925031E-16));
#5028=DIRECTION('',(0.,2.22044604925031E-16,1.));
#5029=DIRECTION('',(0.,-2.22044604925031E-16,-1.));
#5030=DIRECTION('center_axis',(0.,-2.22044604925031E-16,-1.));
#5031=DIRECTION('ref_axis',(0.,-1.,2.22044604925031E-16));
#5032=DIRECTION('',(1.,0.,0.));
#5033=DIRECTION('',(-1.,0.,0.));
#5034=DIRECTION('center_axis',(0.,-2.22044604925031E-16,-1.));
#5035=DIRECTION('ref_axis',(0.,-1.,2.22044604925031E-16));
#5036=DIRECTION('',(0.,-1.,2.22044604925031E-16));
#5037=DIRECTION('',(-1.,0.,0.));
#5038=DIRECTION('',(0.,-1.,2.22044604925031E-16));
#5039=DIRECTION('',(1.,0.,0.));
#5040=DIRECTION('center_axis',(-1.,0.,0.));
#5041=DIRECTION('ref_axis',(0.,-2.22044604925031E-16,-1.));
#5042=DIRECTION('',(0.,-1.,2.22044604925031E-16));
#5043=DIRECTION('',(0.,2.22044604925031E-16,1.));
#5044=DIRECTION('',(0.,-2.22044604925031E-16,-1.));
#5045=DIRECTION('center_axis',(0.,2.22044604925031E-16,1.));
#5046=DIRECTION('ref_axis',(0.,1.,-2.22044604925031E-16));
#5047=DIRECTION('',(0.,-1.,2.22044604925031E-16));
#5048=DIRECTION('',(1.,0.,0.));
#5049=DIRECTION('',(-1.,0.,0.));
#5050=DIRECTION('center_axis',(1.,0.,0.));
#5051=DIRECTION('ref_axis',(0.,2.22044604925031E-16,1.));
#5052=DIRECTION('',(0.,2.22044604925031E-16,1.));
#5053=DIRECTION('',(0.,-2.22044604925031E-16,-1.));
#5054=DIRECTION('center_axis',(0.,2.22044604925031E-16,1.));
#5055=DIRECTION('ref_axis',(0.,1.,-2.22044604925031E-16));
#5056=DIRECTION('',(0.,-1.,2.22044604925031E-16));
#5057=DIRECTION('',(1.,0.,0.));
#5058=DIRECTION('',(0.,-1.,2.22044604925031E-16));
#5059=DIRECTION('',(-1.,0.,0.));
#5060=DIRECTION('center_axis',(1.,0.,0.));
#5061=DIRECTION('ref_axis',(0.,2.22044604925031E-16,1.));
#5062=DIRECTION('',(0.,-1.,2.22044604925031E-16));
#5063=DIRECTION('',(0.,-2.22044604925031E-16,-1.));
#5064=DIRECTION('',(0.,2.22044604925031E-16,1.));
#5065=DIRECTION('center_axis',(0.,-2.22044604925031E-16,-1.));
#5066=DIRECTION('ref_axis',(0.,-1.,2.22044604925031E-16));
#5067=DIRECTION('',(0.,-1.,2.22044604925031E-16));
#5068=DIRECTION('',(-1.,0.,0.));
#5069=DIRECTION('',(1.,0.,0.));
#5070=DIRECTION('center_axis',(-1.,0.,0.));
#5071=DIRECTION('ref_axis',(0.,-2.22044604925031E-16,-1.));
#5072=DIRECTION('',(0.,-2.22044604925031E-16,-1.));
#5073=DIRECTION('',(0.,2.22044604925031E-16,1.));
#5074=DIRECTION('center_axis',(1.,0.,0.));
#5075=DIRECTION('ref_axis',(0.,2.22044604925031E-16,1.));
#5076=DIRECTION('',(0.,-1.,2.22044604925031E-16));
#5077=DIRECTION('',(0.,-2.22044604925031E-16,-1.));
#5078=DIRECTION('',(0.,-1.,2.22044604925031E-16));
#5079=DIRECTION('',(0.,2.22044604925031E-16,1.));
#5080=DIRECTION('center_axis',(0.,-2.22044604925031E-16,-1.));
#5081=DIRECTION('ref_axis',(0.,-1.,2.22044604925031E-16));
#5082=DIRECTION('',(0.,-1.,2.22044604925031E-16));
#5083=DIRECTION('',(-1.,0.,0.));
#5084=DIRECTION('',(1.,0.,0.));
#5085=DIRECTION('center_axis',(-1.,0.,0.));
#5086=DIRECTION('ref_axis',(0.,-2.22044604925031E-16,-1.));
#5087=DIRECTION('',(0.,-1.,2.22044604925031E-16));
#5088=DIRECTION('',(0.,2.22044604925031E-16,1.));
#5089=DIRECTION('',(0.,-2.22044604925031E-16,-1.));
#5090=DIRECTION('center_axis',(0.,2.22044604925031E-16,1.));
#5091=DIRECTION('ref_axis',(0.,1.,-2.22044604925031E-16));
#5092=DIRECTION('',(-1.,0.,0.));
#5093=DIRECTION('',(1.,0.,0.));
#5094=CARTESIAN_POINT('',(0.,0.,0.));
#5095=CARTESIAN_POINT('Origin',(1566.269455388,2941.77067809451,423.000000000001));
#5096=CARTESIAN_POINT('',(1661.8527887213,2941.77067809451,423.000000000001));
#5097=CARTESIAN_POINT('',(1661.8527887213,2923.77067809451,423.000000000001));
#5098=CARTESIAN_POINT('',(1661.8527887213,2941.77067809451,423.000000000001));
#5099=CARTESIAN_POINT('',(1566.269455388,2923.77067809451,423.000000000001));
#5100=CARTESIAN_POINT('',(1661.8527887213,2923.77067809451,423.000000000001));
#5101=CARTESIAN_POINT('',(1566.269455388,2941.77067809451,423.000000000001));
#5102=CARTESIAN_POINT('',(1566.269455388,2941.77067809451,423.000000000001));
#5103=CARTESIAN_POINT('',(1566.269455388,2941.77067809451,423.000000000001));
#5104=CARTESIAN_POINT('Origin',(1661.8527887213,2941.77067809451,423.000000000001));
#5105=CARTESIAN_POINT('',(1661.8527887213,2941.77067809451,-440.999999999999));
#5106=CARTESIAN_POINT('',(1661.8527887213,2923.77067809451,-440.999999999999));
#5107=CARTESIAN_POINT('',(1661.8527887213,2941.77067809451,-440.999999999999));
#5108=CARTESIAN_POINT('',(1661.8527887213,2923.77067809451,-440.999999999999));
#5109=CARTESIAN_POINT('',(1661.8527887213,2941.77067809451,423.000000000001));
#5110=CARTESIAN_POINT('Origin',(1661.8527887213,2941.77067809451,-440.999999999999));
#5111=CARTESIAN_POINT('',(1566.269455388,2941.77067809451,-440.999999999999));
#5112=CARTESIAN_POINT('',(1566.269455388,2923.77067809451,-440.999999999999));
#5113=CARTESIAN_POINT('',(1566.269455388,2941.77067809451,-440.999999999999));
#5114=CARTESIAN_POINT('',(1566.269455388,2923.77067809451,-440.999999999999));
#5115=CARTESIAN_POINT('',(1661.8527887213,2941.77067809451,-440.999999999999));
#5116=CARTESIAN_POINT('Origin',(1566.269455388,2941.77067809451,-440.999999999999));
#5117=CARTESIAN_POINT('',(1566.269455388,2941.77067809451,-440.999999999999));
#5118=CARTESIAN_POINT('',(1566.269455388,2923.77067809451,423.000000000001));
#5119=CARTESIAN_POINT('Origin',(1661.8527887213,2941.77067809451,423.000000000001));
#5120=CARTESIAN_POINT('',(1661.8527887213,2941.77067809451,-440.999999999999));
#5121=CARTESIAN_POINT('',(1661.8527887213,2923.77067809451,-440.999999999999));
#5122=CARTESIAN_POINT('',(1661.8527887213,2941.77067809451,-440.999999999999));
#5123=CARTESIAN_POINT('',(1661.8527887213,2923.77067809451,423.000000000001));
#5124=CARTESIAN_POINT('',(1661.8527887213,2923.77067809451,-440.999999999999));
#5125=CARTESIAN_POINT('',(1661.8527887213,2941.77067809451,423.000000000001));
#5126=CARTESIAN_POINT('',(1661.8527887213,2941.77067809451,423.000000000001));
#5127=CARTESIAN_POINT('',(1661.8527887213,2941.77067809451,423.000000000001));
#5128=CARTESIAN_POINT('Origin',(1661.8527887213,2941.77067809451,-440.999999999999));
#5129=CARTESIAN_POINT('',(1566.269455388,2941.77067809451,-440.999999999999));
#5130=CARTESIAN_POINT('',(1566.269455388,2923.77067809451,-440.999999999999));
#5131=CARTESIAN_POINT('',(1566.269455388,2941.77067809451,-440.999999999999));
#5132=CARTESIAN_POINT('',(1566.269455388,2923.77067809451,-440.999999999999));
#5133=CARTESIAN_POINT('',(1661.8527887213,2941.77067809451,-440.999999999999));
#5134=CARTESIAN_POINT('Origin',(1566.269455388,2941.77067809451,-440.999999999999));
#5135=CARTESIAN_POINT('',(1566.269455388,2941.77067809451,423.000000000001));
#5136=CARTESIAN_POINT('',(1566.269455388,2923.77067809451,423.000000000001));
#5137=CARTESIAN_POINT('',(1566.269455388,2941.77067809451,423.000000000001));
#5138=CARTESIAN_POINT('',(1566.269455388,2923.77067809451,423.000000000001));
#5139=CARTESIAN_POINT('',(1566.269455388,2941.77067809451,-440.999999999999));
#5140=CARTESIAN_POINT('Origin',(1566.269455388,2941.77067809451,423.000000000001));
#5141=CARTESIAN_POINT('',(1566.269455388,2941.77067809451,423.000000000001));
#5142=CARTESIAN_POINT('',(1661.8527887213,2923.77067809451,423.000000000001));
#5143=CARTESIAN_POINT('Origin',(1298.4991567921,2941.77067809451,476.55405971917));
#5144=CARTESIAN_POINT('',(1394.0824901254,2941.77067809451,476.55405971917));
#5145=CARTESIAN_POINT('',(1394.0824901254,2923.77067809451,476.55405971917));
#5146=CARTESIAN_POINT('',(1394.0824901254,2941.77067809451,476.55405971917));
#5147=CARTESIAN_POINT('',(1298.4991567921,2923.77067809451,476.55405971917));
#5148=CARTESIAN_POINT('',(1394.0824901254,2923.77067809451,476.55405971917));
#5149=CARTESIAN_POINT('',(1298.4991567921,2941.77067809451,476.55405971917));
#5150=CARTESIAN_POINT('',(1298.4991567921,2941.77067809451,476.55405971917));
#5151=CARTESIAN_POINT('',(1298.4991567921,2941.77067809451,476.55405971917));
#5152=CARTESIAN_POINT('Origin',(1394.0824901254,2941.77067809451,476.55405971917));
#5153=CARTESIAN_POINT('',(1394.0824901254,2941.77067809451,-387.445940280829));
#5154=CARTESIAN_POINT('',(1394.0824901254,2923.77067809451,-387.445940280829));
#5155=CARTESIAN_POINT('',(1394.0824901254,2941.77067809451,-387.445940280829));
#5156=CARTESIAN_POINT('',(1394.0824901254,2923.77067809451,-387.445940280829));
#5157=CARTESIAN_POINT('',(1394.0824901254,2941.77067809451,476.55405971917));
#5158=CARTESIAN_POINT('Origin',(1394.0824901254,2941.77067809451,-387.445940280829));
#5159=CARTESIAN_POINT('',(1298.4991567921,2941.77067809451,-387.445940280829));
#5160=CARTESIAN_POINT('',(1298.4991567921,2923.77067809451,-387.445940280829));
#5161=CARTESIAN_POINT('',(1298.4991567921,2941.77067809451,-387.445940280829));
#5162=CARTESIAN_POINT('',(1298.4991567921,2923.77067809451,-387.445940280829));
#5163=CARTESIAN_POINT('',(1394.0824901254,2941.77067809451,-387.445940280829));
#5164=CARTESIAN_POINT('Origin',(1298.4991567921,2941.77067809451,-387.445940280829));
#5165=CARTESIAN_POINT('',(1298.4991567921,2941.77067809451,-387.445940280829));
#5166=CARTESIAN_POINT('',(1298.4991567921,2923.77067809451,476.55405971917));
#5167=CARTESIAN_POINT('Origin',(1394.0824901254,2941.77067809451,476.55405971917));
#5168=CARTESIAN_POINT('',(1394.0824901254,2941.77067809451,-387.445940280829));
#5169=CARTESIAN_POINT('',(1394.0824901254,2923.77067809451,-387.445940280829));
#5170=CARTESIAN_POINT('',(1394.0824901254,2941.77067809451,-387.445940280829));
#5171=CARTESIAN_POINT('',(1394.0824901254,2923.77067809451,476.55405971917));
#5172=CARTESIAN_POINT('',(1394.0824901254,2923.77067809451,-387.445940280829));
#5173=CARTESIAN_POINT('',(1394.0824901254,2941.77067809451,476.55405971917));
#5174=CARTESIAN_POINT('',(1394.0824901254,2941.77067809451,476.55405971917));
#5175=CARTESIAN_POINT('',(1394.0824901254,2941.77067809451,476.55405971917));
#5176=CARTESIAN_POINT('Origin',(1394.0824901254,2941.77067809451,-387.445940280829));
#5177=CARTESIAN_POINT('',(1298.4991567921,2941.77067809451,-387.445940280829));
#5178=CARTESIAN_POINT('',(1298.4991567921,2923.77067809451,-387.445940280829));
#5179=CARTESIAN_POINT('',(1298.4991567921,2941.77067809451,-387.445940280829));
#5180=CARTESIAN_POINT('',(1298.4991567921,2923.77067809451,-387.445940280829));
#5181=CARTESIAN_POINT('',(1394.0824901254,2941.77067809451,-387.445940280829));
#5182=CARTESIAN_POINT('Origin',(1298.4991567921,2941.77067809451,-387.445940280829));
#5183=CARTESIAN_POINT('',(1298.4991567921,2941.77067809451,476.55405971917));
#5184=CARTESIAN_POINT('',(1298.4991567921,2923.77067809451,476.55405971917));
#5185=CARTESIAN_POINT('',(1298.4991567921,2941.77067809451,476.55405971917));
#5186=CARTESIAN_POINT('',(1298.4991567921,2923.77067809451,476.55405971917));
#5187=CARTESIAN_POINT('',(1298.4991567921,2941.77067809451,-387.445940280829));
#5188=CARTESIAN_POINT('Origin',(1298.4991567921,2941.77067809451,476.55405971917));
#5189=CARTESIAN_POINT('',(1298.4991567921,2941.77067809451,476.55405971917));
#5190=CARTESIAN_POINT('',(1394.0824901254,2923.77067809451,476.55405971917));
#5191=CARTESIAN_POINT('Origin',(1375.0824901254,2941.77067809451,482.554059719171));
#5192=CARTESIAN_POINT('',(1375.0824901254,2941.77067809451,-393.44594028083));
#5193=CARTESIAN_POINT('',(1375.0824901254,2933.27067809451,-393.44594028083));
#5194=CARTESIAN_POINT('',(1375.0824901254,2941.77067809451,-393.44594028083));
#5195=CARTESIAN_POINT('',(1375.0824901254,2933.27067809451,482.554059719171));
#5196=CARTESIAN_POINT('',(1375.0824901254,2933.27067809451,-393.44594028083));
#5197=CARTESIAN_POINT('',(1375.0824901254,2941.77067809451,482.554059719171));
#5198=CARTESIAN_POINT('',(1375.0824901254,2941.77067809451,482.554059719171));
#5199=CARTESIAN_POINT('',(1375.0824901254,2941.77067809451,482.554059719171));
#5200=CARTESIAN_POINT('Origin',(1375.0824901254,2941.77067809451,-393.44594028083));
#5201=CARTESIAN_POINT('',(1380.5824901254,2941.77067809451,-393.44594028083));
#5202=CARTESIAN_POINT('',(1380.5824901254,2933.27067809451,-393.44594028083));
#5203=CARTESIAN_POINT('',(1380.5824901254,2941.77067809451,-393.44594028083));
#5204=CARTESIAN_POINT('',(1380.5824901254,2933.27067809451,-393.44594028083));
#5205=CARTESIAN_POINT('',(1375.0824901254,2941.77067809451,-393.44594028083));
#5206=CARTESIAN_POINT('Origin',(1380.5824901254,2941.77067809451,-393.44594028083));
#5207=CARTESIAN_POINT('',(1380.5824901254,2941.77067809451,482.554059719171));
#5208=CARTESIAN_POINT('',(1380.5824901254,2933.27067809451,482.554059719171));
#5209=CARTESIAN_POINT('',(1380.5824901254,2941.77067809451,482.554059719171));
#5210=CARTESIAN_POINT('',(1380.5824901254,2933.27067809451,482.554059719171));
#5211=CARTESIAN_POINT('',(1380.5824901254,2941.77067809451,-393.44594028083));
#5212=CARTESIAN_POINT('Origin',(1380.5824901254,2941.77067809451,482.554059719171));
#5213=CARTESIAN_POINT('',(1380.5824901254,2941.77067809451,482.554059719171));
#5214=CARTESIAN_POINT('',(1375.0824901254,2933.27067809451,482.554059719171));
#5215=CARTESIAN_POINT('Origin',(548.742320723601,2941.77067809451,512.256766198631));
#5216=CARTESIAN_POINT('',(1126.2423207236,2941.77067809451,512.256766198631));
#5217=CARTESIAN_POINT('',(1126.2423207236,2923.77067809451,512.256766198631));
#5218=CARTESIAN_POINT('',(1126.2423207236,2941.77067809451,512.256766198631));
#5219=CARTESIAN_POINT('',(548.742320723601,2923.77067809451,512.256766198631));
#5220=CARTESIAN_POINT('',(1126.2423207236,2923.77067809451,512.256766198631));
#5221=CARTESIAN_POINT('',(548.742320723601,2941.77067809451,512.256766198631));
#5222=CARTESIAN_POINT('',(548.742320723601,2941.77067809451,512.256766198631));
#5223=CARTESIAN_POINT('',(548.742320723601,2941.77067809451,512.256766198631));
#5224=CARTESIAN_POINT('Origin',(1126.2423207236,2941.77067809451,512.256766198631));
#5225=CARTESIAN_POINT('',(1126.2423207236,2941.77067809451,-355.743233801369));
#5226=CARTESIAN_POINT('',(1126.2423207236,2923.77067809451,-355.743233801369));
#5227=CARTESIAN_POINT('',(1126.2423207236,2941.77067809451,-355.743233801369));
#5228=CARTESIAN_POINT('',(1126.2423207236,2923.77067809451,-355.743233801369));
#5229=CARTESIAN_POINT('',(1126.2423207236,2941.77067809451,512.256766198631));
#5230=CARTESIAN_POINT('Origin',(1126.2423207236,2941.77067809451,-355.743233801369));
#5231=CARTESIAN_POINT('',(548.742320723601,2941.77067809451,-355.743233801369));
#5232=CARTESIAN_POINT('',(548.742320723601,2923.77067809451,-355.743233801369));
#5233=CARTESIAN_POINT('',(548.742320723601,2941.77067809451,-355.743233801369));
#5234=CARTESIAN_POINT('',(548.742320723601,2923.77067809451,-355.743233801369));
#5235=CARTESIAN_POINT('',(1126.2423207236,2941.77067809451,-355.743233801369));
#5236=CARTESIAN_POINT('Origin',(548.742320723601,2941.77067809451,-355.743233801369));
#5237=CARTESIAN_POINT('',(548.742320723601,2941.77067809451,-355.743233801369));
#5238=CARTESIAN_POINT('',(548.742320723601,2923.77067809451,512.256766198631));
#5239=CARTESIAN_POINT('Origin',(548.742320723601,2941.77067809451,512.256766198631));
#5240=CARTESIAN_POINT('',(1057.2423207236,2941.77067809451,512.256766198631));
#5241=CARTESIAN_POINT('',(1057.2423207236,2923.77067809451,512.256766198631));
#5242=CARTESIAN_POINT('',(1057.2423207236,2941.77067809451,512.256766198631));
#5243=CARTESIAN_POINT('',(548.742320723601,2923.77067809451,512.256766198631));
#5244=CARTESIAN_POINT('',(1057.2423207236,2923.77067809451,512.256766198631));
#5245=CARTESIAN_POINT('',(548.742320723601,2941.77067809451,512.256766198631));
#5246=CARTESIAN_POINT('',(548.742320723601,2941.77067809451,512.256766198631));
#5247=CARTESIAN_POINT('',(548.742320723601,2941.77067809451,512.256766198631));
#5248=CARTESIAN_POINT('Origin',(1057.2423207236,2941.77067809451,512.256766198631));
#5249=CARTESIAN_POINT('',(1057.2423207236,2941.77067809451,413.256766198631));
#5250=CARTESIAN_POINT('',(1057.2423207236,2923.77067809451,413.256766198631));
#5251=CARTESIAN_POINT('',(1057.2423207236,2941.77067809451,413.256766198631));
#5252=CARTESIAN_POINT('',(1057.2423207236,2923.77067809451,413.256766198631));
#5253=CARTESIAN_POINT('',(1057.2423207236,2941.77067809451,512.256766198631));
#5254=CARTESIAN_POINT('Origin',(1057.2423207236,2941.77067809451,413.256766198631));
#5255=CARTESIAN_POINT('',(1126.2423207236,2941.77067809451,413.256766198631));
#5256=CARTESIAN_POINT('',(1126.2423207236,2923.77067809451,413.256766198631));
#5257=CARTESIAN_POINT('',(1126.2423207236,2941.77067809451,413.256766198631));
#5258=CARTESIAN_POINT('',(1126.2423207236,2923.77067809451,413.256766198631));
#5259=CARTESIAN_POINT('',(1057.2423207236,2941.77067809451,413.256766198631));
#5260=CARTESIAN_POINT('Origin',(1126.2423207236,2941.77067809451,413.256766198631));
#5261=CARTESIAN_POINT('',(1126.2423207236,2941.77067809451,-355.743233801369));
#5262=CARTESIAN_POINT('',(1126.2423207236,2923.77067809451,-355.743233801369));
#5263=CARTESIAN_POINT('',(1126.2423207236,2941.77067809451,-355.743233801369));
#5264=CARTESIAN_POINT('',(1126.2423207236,2923.77067809451,-355.743233801369));
#5265=CARTESIAN_POINT('',(1126.2423207236,2941.77067809451,413.256766198631));
#5266=CARTESIAN_POINT('Origin',(1126.2423207236,2941.77067809451,-355.743233801369));
#5267=CARTESIAN_POINT('',(548.742320723601,2941.77067809451,-355.743233801369));
#5268=CARTESIAN_POINT('',(548.742320723601,2923.77067809451,-355.743233801369));
#5269=CARTESIAN_POINT('',(548.742320723601,2941.77067809451,-355.743233801369));
#5270=CARTESIAN_POINT('',(548.742320723601,2923.77067809451,-355.743233801369));
#5271=CARTESIAN_POINT('',(1126.2423207236,2941.77067809451,-355.743233801369));
#5272=CARTESIAN_POINT('Origin',(548.742320723601,2941.77067809451,-355.743233801369));
#5273=CARTESIAN_POINT('',(548.742320723601,2941.77067809451,-355.743233801369));
#5274=CARTESIAN_POINT('',(548.742320723601,2923.77067809451,512.256766198631));
#5275=CARTESIAN_POINT('Origin',(744.992320723601,2936.77067809451,132.006766198631));
#5276=CARTESIAN_POINT('',(746.992320723601,2931.77067809451,132.006766198631));
#5277=CARTESIAN_POINT('Origin',(744.992320723601,2931.77067809451,132.006766198631));
#5278=CARTESIAN_POINT('',(746.992320723601,2941.77067809451,132.006766198631));
#5279=CARTESIAN_POINT('',(746.992320723601,2936.77067809451,132.006766198631));
#5280=CARTESIAN_POINT('Origin',(744.992320723601,2941.77067809451,132.006766198631));
#5281=CARTESIAN_POINT('Origin',(944.992320723601,2936.77067809451,132.006766198631));
#5282=CARTESIAN_POINT('',(946.992320723601,2931.77067809451,132.006766198631));
#5283=CARTESIAN_POINT('Origin',(944.992320723601,2931.77067809451,132.006766198631));
#5284=CARTESIAN_POINT('',(946.992320723601,2941.77067809451,132.006766198631));
#5285=CARTESIAN_POINT('',(946.992320723601,2936.77067809451,132.006766198631));
#5286=CARTESIAN_POINT('Origin',(944.992320723601,2941.77067809451,132.006766198631));
#5287=CARTESIAN_POINT('Origin',(1091.2423207236,2934.27067809451,-57.7432338013693));
#5288=CARTESIAN_POINT('',(1093.7423207236,2926.77067809451,-57.7432338013693));
#5289=CARTESIAN_POINT('Origin',(1091.2423207236,2926.77067809451,-57.7432338013693));
#5290=CARTESIAN_POINT('',(1093.7423207236,2941.77067809451,-57.7432338013693));
#5291=CARTESIAN_POINT('',(1093.7423207236,2934.27067809451,-57.7432338013693));
#5292=CARTESIAN_POINT('Origin',(1091.2423207236,2941.77067809451,-57.7432338013693));
#5293=CARTESIAN_POINT('Origin',(1091.2423207236,2934.27067809451,347.756766198631));
#5294=CARTESIAN_POINT('',(1093.7423207236,2926.77067809451,347.756766198631));
#5295=CARTESIAN_POINT('Origin',(1091.2423207236,2926.77067809451,347.756766198631));
#5296=CARTESIAN_POINT('',(1093.7423207236,2941.77067809451,347.756766198631));
#5297=CARTESIAN_POINT('',(1093.7423207236,2934.27067809451,347.756766198631));
#5298=CARTESIAN_POINT('Origin',(1091.2423207236,2941.77067809451,347.756766198631));
#5299=CARTESIAN_POINT('Origin',(1091.2423207236,2934.27067809451,-89.7432338013692));
#5300=CARTESIAN_POINT('',(1093.7423207236,2926.77067809451,-89.7432338013692));
#5301=CARTESIAN_POINT('Origin',(1091.2423207236,2926.77067809451,-89.7432338013692));
#5302=CARTESIAN_POINT('',(1093.7423207236,2941.77067809451,-89.7432338013692));
#5303=CARTESIAN_POINT('',(1093.7423207236,2934.27067809451,-89.7432338013692));
#5304=CARTESIAN_POINT('Origin',(1091.2423207236,2941.77067809451,-89.7432338013692));
#5305=CARTESIAN_POINT('Origin',(1091.2423207236,2934.27067809451,315.756766198631));
#5306=CARTESIAN_POINT('',(1093.7423207236,2926.77067809451,315.756766198631));
#5307=CARTESIAN_POINT('Origin',(1091.2423207236,2926.77067809451,315.756766198631));
#5308=CARTESIAN_POINT('',(1093.7423207236,2941.77067809451,315.756766198631));
#5309=CARTESIAN_POINT('',(1093.7423207236,2934.27067809451,315.756766198631));
#5310=CARTESIAN_POINT('Origin',(1091.2423207236,2941.77067809451,315.756766198631));
#5311=CARTESIAN_POINT('Origin',(1090.2423207236,2934.27067809451,-212.993233801369));
#5312=CARTESIAN_POINT('',(1092.7423207236,2926.77067809451,-212.993233801369));
#5313=CARTESIAN_POINT('Origin',(1090.2423207236,2926.77067809451,-212.993233801369));
#5314=CARTESIAN_POINT('',(1092.7423207236,2941.77067809451,-212.993233801369));
#5315=CARTESIAN_POINT('',(1092.7423207236,2934.27067809451,-212.993233801369));
#5316=CARTESIAN_POINT('Origin',(1090.2423207236,2941.77067809451,-212.993233801369));
#5317=CARTESIAN_POINT('Origin',(1058.2423207236,2934.27067809451,-212.993233801369));
#5318=CARTESIAN_POINT('',(1060.7423207236,2926.77067809451,-212.993233801369));
#5319=CARTESIAN_POINT('Origin',(1058.2423207236,2926.77067809451,-212.993233801369));
#5320=CARTESIAN_POINT('',(1060.7423207236,2941.77067809451,-212.993233801369));
#5321=CARTESIAN_POINT('',(1060.7423207236,2934.27067809451,-212.993233801369));
#5322=CARTESIAN_POINT('Origin',(1058.2423207236,2941.77067809451,-212.993233801369));
#5323=CARTESIAN_POINT('Origin',(962.242320723601,2934.27067809451,-212.993233801369));
#5324=CARTESIAN_POINT('',(964.742320723601,2926.77067809451,-212.993233801369));
#5325=CARTESIAN_POINT('Origin',(962.242320723601,2926.77067809451,-212.993233801369));
#5326=CARTESIAN_POINT('',(964.742320723601,2941.77067809451,-212.993233801369));
#5327=CARTESIAN_POINT('',(964.742320723601,2934.27067809451,-212.993233801369));
#5328=CARTESIAN_POINT('Origin',(962.2423207236,2941.77067809451,-212.993233801369));
#5329=CARTESIAN_POINT('Origin',(866.242320723601,2934.27067809451,-212.993233801369));
#5330=CARTESIAN_POINT('',(868.742320723601,2926.77067809451,-212.993233801369));
#5331=CARTESIAN_POINT('Origin',(866.242320723601,2926.77067809451,-212.993233801369));
#5332=CARTESIAN_POINT('',(868.742320723601,2941.77067809451,-212.993233801369));
#5333=CARTESIAN_POINT('',(868.742320723601,2934.27067809451,-212.993233801369));
#5334=CARTESIAN_POINT('Origin',(866.242320723601,2941.77067809451,-212.993233801369));
#5335=CARTESIAN_POINT('Origin',(1047.2423207236,2932.77067809451,404.256766198631));
#5336=CARTESIAN_POINT('',(1049.2423207236,2923.77067809451,404.256766198631));
#5337=CARTESIAN_POINT('Origin',(1047.2423207236,2923.77067809451,404.256766198631));
#5338=CARTESIAN_POINT('',(1049.2423207236,2941.77067809451,404.256766198631));
#5339=CARTESIAN_POINT('',(1049.2423207236,2932.77067809451,404.256766198631));
#5340=CARTESIAN_POINT('Origin',(1047.2423207236,2941.77067809451,404.256766198631));
#5341=CARTESIAN_POINT('Origin',(837.492320723601,2932.77067809451,404.256766198631));
#5342=CARTESIAN_POINT('',(839.492320723601,2923.77067809451,404.256766198631));
#5343=CARTESIAN_POINT('Origin',(837.492320723601,2923.77067809451,404.256766198631));
#5344=CARTESIAN_POINT('',(839.492320723601,2941.77067809451,404.256766198631));
#5345=CARTESIAN_POINT('',(839.492320723601,2932.77067809451,404.256766198631));
#5346=CARTESIAN_POINT('Origin',(837.492320723601,2941.77067809451,404.256766198631));
#5347=CARTESIAN_POINT('Origin',(627.742320723601,2932.77067809451,404.256766198631));
#5348=CARTESIAN_POINT('',(629.742320723601,2923.77067809451,404.256766198631));
#5349=CARTESIAN_POINT('Origin',(627.742320723601,2923.77067809451,404.256766198631));
#5350=CARTESIAN_POINT('',(629.742320723601,2941.77067809451,404.256766198631));
#5351=CARTESIAN_POINT('',(629.742320723601,2932.77067809451,404.256766198631));
#5352=CARTESIAN_POINT('Origin',(627.742320723601,2941.77067809451,404.256766198631));
#5353=CARTESIAN_POINT('Origin',(1090.2423207236,2932.77067809451,-347.743233801369));
#5354=CARTESIAN_POINT('',(1092.2423207236,2923.77067809451,-347.743233801369));
#5355=CARTESIAN_POINT('Origin',(1090.2423207236,2923.77067809451,-347.743233801369));
#5356=CARTESIAN_POINT('',(1092.2423207236,2941.77067809451,-347.743233801369));
#5357=CARTESIAN_POINT('',(1092.2423207236,2932.77067809451,-347.743233801369));
#5358=CARTESIAN_POINT('Origin',(1090.2423207236,2941.77067809451,-347.743233801369));
#5359=CARTESIAN_POINT('Origin',(604.742320723601,2932.77067809451,-347.743233801369));
#5360=CARTESIAN_POINT('',(606.742320723601,2923.77067809451,-347.743233801369));
#5361=CARTESIAN_POINT('Origin',(604.742320723601,2923.77067809451,-347.743233801369));
#5362=CARTESIAN_POINT('',(606.742320723601,2941.77067809451,-347.743233801369));
#5363=CARTESIAN_POINT('',(606.742320723601,2932.77067809451,-347.743233801369));
#5364=CARTESIAN_POINT('Origin',(604.742320723601,2941.77067809451,-347.743233801369));
#5365=CARTESIAN_POINT('Origin',(567.742320723601,2941.77067809451,-352.743233801369));
#5366=CARTESIAN_POINT('',(567.742320723601,2941.77067809451,409.256766198631));
#5367=CARTESIAN_POINT('',(567.742320723601,2933.27067809451,409.256766198631));
#5368=CARTESIAN_POINT('',(567.742320723601,2941.77067809451,409.256766198631));
#5369=CARTESIAN_POINT('',(567.742320723601,2933.27067809451,-352.743233801369));
#5370=CARTESIAN_POINT('',(567.742320723601,2933.27067809451,409.256766198631));
#5371=CARTESIAN_POINT('',(567.742320723601,2941.77067809451,-352.743233801369));
#5372=CARTESIAN_POINT('',(567.742320723601,2941.77067809451,-352.743233801369));
#5373=CARTESIAN_POINT('',(567.742320723601,2941.77067809451,-352.743233801369));
#5374=CARTESIAN_POINT('Origin',(567.742320723601,2941.77067809451,409.256766198631));
#5375=CARTESIAN_POINT('',(562.242320723601,2941.77067809451,409.256766198631));
#5376=CARTESIAN_POINT('',(562.242320723601,2933.27067809451,409.256766198631));
#5377=CARTESIAN_POINT('',(562.242320723601,2941.77067809451,409.256766198631));
#5378=CARTESIAN_POINT('',(562.242320723601,2933.27067809451,409.256766198631));
#5379=CARTESIAN_POINT('',(567.742320723601,2941.77067809451,409.256766198631));
#5380=CARTESIAN_POINT('Origin',(562.242320723601,2941.77067809451,409.256766198631));
#5381=CARTESIAN_POINT('',(562.242320723601,2941.77067809451,-352.743233801369));
#5382=CARTESIAN_POINT('',(562.242320723601,2933.27067809451,-352.743233801369));
#5383=CARTESIAN_POINT('',(562.242320723601,2941.77067809451,-352.743233801369));
#5384=CARTESIAN_POINT('',(562.242320723601,2933.27067809451,-352.743233801369));
#5385=CARTESIAN_POINT('',(562.242320723601,2941.77067809451,409.256766198631));
#5386=CARTESIAN_POINT('Origin',(562.242320723601,2941.77067809451,-352.743233801369));
#5387=CARTESIAN_POINT('',(562.242320723601,2941.77067809451,-352.743233801369));
#5388=CARTESIAN_POINT('',(567.742320723601,2933.27067809451,-352.743233801369));
#5389=CARTESIAN_POINT('Origin',(173.863902689348,2941.77067809451,494.405412958901));
#5390=CARTESIAN_POINT('',(306.863902689348,2941.77067809451,494.405412958901));
#5391=CARTESIAN_POINT('',(306.863902689348,2923.77067809451,494.405412958901));
#5392=CARTESIAN_POINT('',(306.863902689348,2941.77067809451,494.405412958901));
#5393=CARTESIAN_POINT('',(173.863902689348,2923.77067809451,494.405412958901));
#5394=CARTESIAN_POINT('',(306.863902689348,2923.77067809451,494.405412958901));
#5395=CARTESIAN_POINT('',(173.863902689348,2941.77067809451,494.405412958901));
#5396=CARTESIAN_POINT('',(173.863902689348,2941.77067809451,494.405412958901));
#5397=CARTESIAN_POINT('',(173.863902689348,2941.77067809451,494.405412958901));
#5398=CARTESIAN_POINT('Origin',(306.863902689348,2941.77067809451,494.405412958901));
#5399=CARTESIAN_POINT('',(306.863902689348,2941.77067809451,-25.5945870410994));
#5400=CARTESIAN_POINT('',(306.863902689348,2923.77067809451,-25.5945870410994));
#5401=CARTESIAN_POINT('',(306.863902689348,2941.77067809451,-25.5945870410994));
#5402=CARTESIAN_POINT('',(306.863902689348,2923.77067809451,-25.5945870410994));
#5403=CARTESIAN_POINT('',(306.863902689348,2941.77067809451,494.405412958901));
#5404=CARTESIAN_POINT('Origin',(306.863902689348,2941.77067809451,-25.5945870410994));
#5405=CARTESIAN_POINT('',(173.863902689348,2941.77067809451,-25.5945870410994));
#5406=CARTESIAN_POINT('',(173.863902689348,2923.77067809451,-25.5945870410994));
#5407=CARTESIAN_POINT('',(173.863902689348,2941.77067809451,-25.5945870410994));
#5408=CARTESIAN_POINT('',(173.863902689348,2923.77067809451,-25.5945870410994));
#5409=CARTESIAN_POINT('',(306.863902689348,2941.77067809451,-25.5945870410994));
#5410=CARTESIAN_POINT('Origin',(173.863902689348,2941.77067809451,-25.5945870410994));
#5411=CARTESIAN_POINT('',(173.863902689348,2941.77067809451,-25.5945870410994));
#5412=CARTESIAN_POINT('',(173.863902689348,2923.77067809451,494.405412958901));
#5413=CARTESIAN_POINT('Origin',(306.863902689348,2941.77067809451,-25.5945870410994));
#5414=CARTESIAN_POINT('',(173.863902689348,2941.77067809451,-25.5945870410994));
#5415=CARTESIAN_POINT('',(173.863902689348,2923.77067809451,-25.5945870410994));
#5416=CARTESIAN_POINT('',(173.863902689348,2941.77067809451,-25.5945870410994));
#5417=CARTESIAN_POINT('',(306.863902689348,2923.77067809451,-25.5945870410994));
#5418=CARTESIAN_POINT('',(173.863902689348,2923.77067809451,-25.5945870410994));
#5419=CARTESIAN_POINT('',(306.863902689348,2941.77067809451,-25.5945870410994));
#5420=CARTESIAN_POINT('',(306.863902689348,2941.77067809451,-25.5945870410994));
#5421=CARTESIAN_POINT('',(306.863902689348,2941.77067809451,-25.5945870410994));
#5422=CARTESIAN_POINT('Origin',(173.863902689348,2941.77067809451,-25.5945870410994));
#5423=CARTESIAN_POINT('',(173.863902689348,2941.77067809451,494.405412958901));
#5424=CARTESIAN_POINT('',(173.863902689348,2923.77067809451,494.405412958901));
#5425=CARTESIAN_POINT('',(173.863902689348,2941.77067809451,494.405412958901));
#5426=CARTESIAN_POINT('',(173.863902689348,2923.77067809451,494.405412958901));
#5427=CARTESIAN_POINT('',(173.863902689348,2941.77067809451,-25.5945870410994));
#5428=CARTESIAN_POINT('Origin',(173.863902689348,2941.77067809451,494.405412958901));
#5429=CARTESIAN_POINT('',(306.863902689348,2941.77067809451,494.405412958901));
#5430=CARTESIAN_POINT('',(306.863902689348,2923.77067809451,494.405412958901));
#5431=CARTESIAN_POINT('',(306.863902689348,2941.77067809451,494.405412958901));
#5432=CARTESIAN_POINT('',(306.863902689348,2923.77067809451,494.405412958901));
#5433=CARTESIAN_POINT('',(173.863902689348,2941.77067809451,494.405412958901));
#5434=CARTESIAN_POINT('Origin',(306.863902689348,2941.77067809451,494.405412958901));
#5435=CARTESIAN_POINT('',(306.863902689348,2941.77067809451,494.405412958901));
#5436=CARTESIAN_POINT('',(306.863902689348,2923.77067809451,-25.5945870410994));
#5437=CARTESIAN_POINT('Origin',(295.363902689348,2941.77067809451,500.405412958901));
#5438=CARTESIAN_POINT('',(295.363902689348,2941.77067809451,-31.5945870410991));
#5439=CARTESIAN_POINT('',(295.363902689348,2933.27067809451,-31.5945870410991));
#5440=CARTESIAN_POINT('',(295.363902689348,2941.77067809451,-31.5945870410991));
#5441=CARTESIAN_POINT('',(295.363902689348,2933.27067809451,500.405412958901));
#5442=CARTESIAN_POINT('',(295.363902689348,2933.27067809451,-31.5945870410991));
#5443=CARTESIAN_POINT('',(295.363902689348,2941.77067809451,500.405412958901));
#5444=CARTESIAN_POINT('',(295.363902689348,2941.77067809451,500.405412958901));
#5445=CARTESIAN_POINT('',(295.363902689348,2941.77067809451,500.405412958901));
#5446=CARTESIAN_POINT('Origin',(295.363902689348,2941.77067809451,-31.5945870410991));
#5447=CARTESIAN_POINT('',(289.863902689348,2941.77067809451,-31.5945870410991));
#5448=CARTESIAN_POINT('',(289.863902689348,2933.27067809451,-31.5945870410991));
#5449=CARTESIAN_POINT('',(289.863902689348,2941.77067809451,-31.5945870410991));
#5450=CARTESIAN_POINT('',(289.863902689348,2933.27067809451,-31.5945870410991));
#5451=CARTESIAN_POINT('',(295.363902689348,2941.77067809451,-31.5945870410991));
#5452=CARTESIAN_POINT('Origin',(289.863902689348,2941.77067809451,-31.5945870410991));
#5453=CARTESIAN_POINT('',(289.863902689348,2941.77067809451,500.405412958901));
#5454=CARTESIAN_POINT('',(289.863902689348,2933.27067809451,500.405412958901));
#5455=CARTESIAN_POINT('',(289.863902689348,2941.77067809451,500.405412958901));
#5456=CARTESIAN_POINT('',(289.863902689348,2933.27067809451,500.405412958901));
#5457=CARTESIAN_POINT('',(289.863902689348,2941.77067809451,-31.5945870410991));
#5458=CARTESIAN_POINT('Origin',(289.863902689348,2941.77067809451,500.405412958901));
#5459=CARTESIAN_POINT('',(289.863902689348,2941.77067809451,500.405412958901));
#5460=CARTESIAN_POINT('',(295.363902689348,2933.27067809451,500.405412958901));
#5461=CARTESIAN_POINT('Origin',(-165.31180886545,2941.77067809451,547.959472678081));
#5462=CARTESIAN_POINT('',(-65.3118088654501,2941.77067809451,547.959472678081));
#5463=CARTESIAN_POINT('',(-65.3118088654501,2923.77067809451,547.959472678081));
#5464=CARTESIAN_POINT('',(-65.3118088654501,2941.77067809451,547.959472678081));
#5465=CARTESIAN_POINT('',(-165.31180886545,2923.77067809451,547.959472678081));
#5466=CARTESIAN_POINT('',(-65.3118088654501,2923.77067809451,547.959472678081));
#5467=CARTESIAN_POINT('',(-165.31180886545,2941.77067809451,547.959472678081));
#5468=CARTESIAN_POINT('',(-165.31180886545,2941.77067809451,547.959472678081));
#5469=CARTESIAN_POINT('',(-165.31180886545,2941.77067809451,547.959472678081));
#5470=CARTESIAN_POINT('Origin',(-65.3118088654501,2941.77067809451,547.959472678081));
#5471=CARTESIAN_POINT('',(-65.3118088654501,2941.77067809451,-316.040527321919));
#5472=CARTESIAN_POINT('',(-65.3118088654501,2923.77067809451,-316.040527321919));
#5473=CARTESIAN_POINT('',(-65.3118088654501,2941.77067809451,-316.040527321919));
#5474=CARTESIAN_POINT('',(-65.3118088654501,2923.77067809451,-316.04052732192));
#5475=CARTESIAN_POINT('',(-65.3118088654501,2941.77067809451,547.959472678081));
#5476=CARTESIAN_POINT('Origin',(-65.3118088654501,2941.77067809451,-316.040527321919));
#5477=CARTESIAN_POINT('',(-165.31180886545,2941.77067809451,-316.040527321919));
#5478=CARTESIAN_POINT('',(-165.31180886545,2923.77067809451,-316.040527321919));
#5479=CARTESIAN_POINT('',(-165.31180886545,2941.77067809451,-316.040527321919));
#5480=CARTESIAN_POINT('',(-165.31180886545,2923.77067809451,-316.040527321919));
#5481=CARTESIAN_POINT('',(-65.3118088654501,2941.77067809451,-316.040527321919));
#5482=CARTESIAN_POINT('Origin',(-165.31180886545,2941.77067809451,-316.040527321919));
#5483=CARTESIAN_POINT('',(-165.31180886545,2941.77067809451,-316.040527321919));
#5484=CARTESIAN_POINT('',(-165.31180886545,2923.77067809451,547.959472678081));
#5485=CARTESIAN_POINT('Origin',(-65.3118088654501,2941.77067809451,-316.040527321919));
#5486=CARTESIAN_POINT('',(-165.31180886545,2941.77067809451,-316.040527321919));
#5487=CARTESIAN_POINT('',(-165.31180886545,2923.77067809451,-316.040527321919));
#5488=CARTESIAN_POINT('',(-165.31180886545,2941.77067809451,-316.040527321919));
#5489=CARTESIAN_POINT('',(-65.3118088654501,2923.77067809451,-316.040527321919));
#5490=CARTESIAN_POINT('',(-165.31180886545,2923.77067809451,-316.040527321919));
#5491=CARTESIAN_POINT('',(-65.3118088654501,2941.77067809451,-316.040527321919));
#5492=CARTESIAN_POINT('',(-65.3118088654501,2941.77067809451,-316.040527321919));
#5493=CARTESIAN_POINT('',(-65.3118088654501,2941.77067809451,-316.040527321919));
#5494=CARTESIAN_POINT('Origin',(-165.31180886545,2941.77067809451,-316.040527321919));
#5495=CARTESIAN_POINT('',(-165.31180886545,2941.77067809451,547.959472678081));
#5496=CARTESIAN_POINT('',(-165.31180886545,2923.77067809451,547.959472678081));
#5497=CARTESIAN_POINT('',(-165.31180886545,2941.77067809451,547.959472678081));
#5498=CARTESIAN_POINT('',(-165.31180886545,2923.77067809451,547.959472678081));
#5499=CARTESIAN_POINT('',(-165.31180886545,2941.77067809451,-316.040527321919));
#5500=CARTESIAN_POINT('Origin',(-165.31180886545,2941.77067809451,547.959472678081));
#5501=CARTESIAN_POINT('',(-65.3118088654501,2941.77067809451,547.959472678081));
#5502=CARTESIAN_POINT('',(-65.3118088654501,2923.77067809451,547.959472678081));
#5503=CARTESIAN_POINT('',(-65.3118088654501,2941.77067809451,547.959472678081));
#5504=CARTESIAN_POINT('',(-65.3118088654501,2923.77067809451,547.959472678081));
#5505=CARTESIAN_POINT('',(-165.31180886545,2941.77067809451,547.959472678081));
#5506=CARTESIAN_POINT('Origin',(-65.3118088654501,2941.77067809451,547.959472678081));
#5507=CARTESIAN_POINT('',(-65.3118088654501,2941.77067809451,547.959472678081));
#5508=CARTESIAN_POINT('',(-65.3118088654501,2923.77067809451,-316.04052732192));
#5509=CARTESIAN_POINT('Origin',(1906.70324916555,2941.77067809451,1731.08634740825));
#5510=CARTESIAN_POINT('',(2460.20324916555,2941.77067809451,1731.08634740825));
#5511=CARTESIAN_POINT('',(2460.20324916555,2923.77067809451,1731.08634740825));
#5512=CARTESIAN_POINT('',(2460.20324916555,2941.77067809451,1731.08634740825));
#5513=CARTESIAN_POINT('',(1906.70324916555,2923.77067809451,1731.08634740825));
#5514=CARTESIAN_POINT('',(2460.20324916555,2923.77067809451,1731.08634740825));
#5515=CARTESIAN_POINT('',(1906.70324916555,2941.77067809451,1731.08634740825));
#5516=CARTESIAN_POINT('',(1906.70324916555,2941.77067809451,1731.08634740825));
#5517=CARTESIAN_POINT('',(1906.70324916555,2941.77067809451,1731.08634740825));
#5518=CARTESIAN_POINT('Origin',(2460.20324916555,2941.77067809451,1731.08634740825));
#5519=CARTESIAN_POINT('',(2460.20324916555,2941.77067809451,868.086347408251));
#5520=CARTESIAN_POINT('',(2460.20324916555,2923.77067809451,868.086347408251));
#5521=CARTESIAN_POINT('',(2460.20324916555,2941.77067809451,868.086347408251));
#5522=CARTESIAN_POINT('',(2460.20324916555,2923.77067809451,868.086347408251));
#5523=CARTESIAN_POINT('',(2460.20324916555,2941.77067809451,1731.08634740825));
#5524=CARTESIAN_POINT('Origin',(2460.20324916555,2941.77067809451,868.086347408251));
#5525=CARTESIAN_POINT('',(1906.70324916555,2941.77067809451,868.086347408251));
#5526=CARTESIAN_POINT('',(1906.70324916555,2923.77067809451,868.086347408251));
#5527=CARTESIAN_POINT('',(1906.70324916555,2941.77067809451,868.086347408251));
#5528=CARTESIAN_POINT('',(1906.70324916555,2923.77067809451,868.086347408251));
#5529=CARTESIAN_POINT('',(2460.20324916555,2941.77067809451,868.086347408251));
#5530=CARTESIAN_POINT('Origin',(1906.70324916555,2941.77067809451,868.086347408251));
#5531=CARTESIAN_POINT('',(1906.70324916555,2941.77067809451,868.086347408251));
#5532=CARTESIAN_POINT('',(1906.70324916555,2923.77067809451,1731.08634740825));
#5533=CARTESIAN_POINT('Origin',(1906.70324916555,2941.77067809451,1731.08634740825));
#5534=CARTESIAN_POINT('',(2460.20324916555,2941.77067809451,1731.08634740825));
#5535=CARTESIAN_POINT('',(2460.20324916555,2923.77067809451,1731.08634740825));
#5536=CARTESIAN_POINT('',(2460.20324916555,2941.77067809451,1731.08634740825));
#5537=CARTESIAN_POINT('',(1906.70324916555,2923.77067809451,1731.08634740825));
#5538=CARTESIAN_POINT('',(2460.20324916555,2923.77067809451,1731.08634740825));
#5539=CARTESIAN_POINT('',(1906.70324916555,2941.77067809451,1731.08634740825));
#5540=CARTESIAN_POINT('',(1906.70324916555,2941.77067809451,1731.08634740825));
#5541=CARTESIAN_POINT('',(1906.70324916555,2941.77067809451,1731.08634740825));
#5542=CARTESIAN_POINT('Origin',(2460.20324916555,2941.77067809451,1731.08634740825));
#5543=CARTESIAN_POINT('',(2460.20324916555,2941.77067809451,868.086347408251));
#5544=CARTESIAN_POINT('',(2460.20324916555,2923.77067809451,868.086347408251));
#5545=CARTESIAN_POINT('',(2460.20324916555,2941.77067809451,868.086347408251));
#5546=CARTESIAN_POINT('',(2460.20324916555,2923.77067809451,868.086347408251));
#5547=CARTESIAN_POINT('',(2460.20324916555,2941.77067809451,1731.08634740825));
#5548=CARTESIAN_POINT('Origin',(2460.20324916555,2941.77067809451,868.086347408251));
#5549=CARTESIAN_POINT('',(1906.70324916555,2941.77067809451,868.086347408251));
#5550=CARTESIAN_POINT('',(1906.70324916555,2923.77067809451,868.086347408251));
#5551=CARTESIAN_POINT('',(1906.70324916555,2941.77067809451,868.086347408251));
#5552=CARTESIAN_POINT('',(1906.70324916555,2923.77067809451,868.086347408251));
#5553=CARTESIAN_POINT('',(2460.20324916555,2941.77067809451,868.086347408251));
#5554=CARTESIAN_POINT('Origin',(1906.70324916555,2941.77067809451,868.086347408251));
#5555=CARTESIAN_POINT('',(1906.70324916555,2941.77067809451,868.086347408251));
#5556=CARTESIAN_POINT('',(1906.70324916555,2923.77067809451,1731.08634740825));
#5557=CARTESIAN_POINT('Origin',(1150.93586934724,2941.77067809451,1739.54390949509));
#5558=CARTESIAN_POINT('',(1728.43586934724,2941.77067809451,1739.54390949509));
#5559=CARTESIAN_POINT('',(1728.43586934724,2923.77067809451,1739.54390949509));
#5560=CARTESIAN_POINT('',(1728.43586934724,2941.77067809451,1739.54390949509));
#5561=CARTESIAN_POINT('',(1150.93586934724,2923.77067809451,1739.54390949509));
#5562=CARTESIAN_POINT('',(1728.43586934724,2923.77067809451,1739.54390949509));
#5563=CARTESIAN_POINT('',(1150.93586934724,2941.77067809451,1739.54390949509));
#5564=CARTESIAN_POINT('',(1150.93586934724,2941.77067809451,1739.54390949509));
#5565=CARTESIAN_POINT('',(1150.93586934724,2941.77067809451,1739.54390949509));
#5566=CARTESIAN_POINT('Origin',(1728.43586934724,2941.77067809451,1739.54390949509));
#5567=CARTESIAN_POINT('',(1728.43586934724,2941.77067809451,871.543909495091));
#5568=CARTESIAN_POINT('',(1728.43586934724,2923.77067809451,871.543909495091));
#5569=CARTESIAN_POINT('',(1728.43586934724,2941.77067809451,871.543909495091));
#5570=CARTESIAN_POINT('',(1728.43586934724,2923.77067809451,871.543909495091));
#5571=CARTESIAN_POINT('',(1728.43586934724,2941.77067809451,1739.54390949509));
#5572=CARTESIAN_POINT('Origin',(1728.43586934724,2941.77067809451,871.543909495091));
#5573=CARTESIAN_POINT('',(1150.93586934724,2941.77067809451,871.543909495091));
#5574=CARTESIAN_POINT('',(1150.93586934724,2923.77067809451,871.543909495091));
#5575=CARTESIAN_POINT('',(1150.93586934724,2941.77067809451,871.543909495091));
#5576=CARTESIAN_POINT('',(1150.93586934724,2923.77067809451,871.543909495091));
#5577=CARTESIAN_POINT('',(1728.43586934724,2941.77067809451,871.543909495091));
#5578=CARTESIAN_POINT('Origin',(1150.93586934724,2941.77067809451,871.543909495091));
#5579=CARTESIAN_POINT('',(1150.93586934724,2941.77067809451,871.543909495091));
#5580=CARTESIAN_POINT('',(1150.93586934724,2923.77067809451,1739.54390949509));
#5581=CARTESIAN_POINT('Origin',(1728.43586934724,2941.77067809451,1739.54390949509));
#5582=CARTESIAN_POINT('',(1728.43586934724,2941.77067809451,871.543909495091));
#5583=CARTESIAN_POINT('',(1728.43586934724,2923.77067809451,871.543909495091));
#5584=CARTESIAN_POINT('',(1728.43586934724,2941.77067809451,871.543909495091));
#5585=CARTESIAN_POINT('',(1728.43586934724,2923.77067809451,1739.54390949509));
#5586=CARTESIAN_POINT('',(1728.43586934724,2923.77067809451,871.543909495091));
#5587=CARTESIAN_POINT('',(1728.43586934724,2941.77067809451,1739.54390949509));
#5588=CARTESIAN_POINT('',(1728.43586934724,2941.77067809451,1739.54390949509));
#5589=CARTESIAN_POINT('',(1728.43586934724,2941.77067809451,1739.54390949509));
#5590=CARTESIAN_POINT('Origin',(1728.43586934724,2941.77067809451,871.543909495091));
#5591=CARTESIAN_POINT('',(1150.93586934724,2941.77067809451,871.543909495091));
#5592=CARTESIAN_POINT('',(1150.93586934724,2923.77067809451,871.543909495091));
#5593=CARTESIAN_POINT('',(1150.93586934724,2941.77067809451,871.543909495091));
#5594=CARTESIAN_POINT('',(1150.93586934724,2923.77067809451,871.543909495091));
#5595=CARTESIAN_POINT('',(1728.43586934724,2941.77067809451,871.543909495091));
#5596=CARTESIAN_POINT('Origin',(1150.93586934724,2941.77067809451,871.543909495091));
#5597=CARTESIAN_POINT('',(1150.93586934724,2941.77067809451,1640.54390949509));
#5598=CARTESIAN_POINT('',(1150.93586934724,2923.77067809451,1640.54390949509));
#5599=CARTESIAN_POINT('',(1150.93586934724,2941.77067809451,1640.54390949509));
#5600=CARTESIAN_POINT('',(1150.93586934724,2923.77067809451,1640.54390949509));
#5601=CARTESIAN_POINT('',(1150.93586934724,2941.77067809451,871.543909495091));
#5602=CARTESIAN_POINT('Origin',(1150.93586934724,2941.77067809451,1640.54390949509));
#5603=CARTESIAN_POINT('',(1219.93586934724,2941.77067809451,1640.54390949509));
#5604=CARTESIAN_POINT('',(1219.93586934724,2923.77067809451,1640.54390949509));
#5605=CARTESIAN_POINT('',(1219.93586934724,2941.77067809451,1640.54390949509));
#5606=CARTESIAN_POINT('',(1219.93586934724,2923.77067809451,1640.54390949509));
#5607=CARTESIAN_POINT('',(1150.93586934724,2941.77067809451,1640.54390949509));
#5608=CARTESIAN_POINT('Origin',(1219.93586934724,2941.77067809451,1640.54390949509));
#5609=CARTESIAN_POINT('',(1219.93586934724,2941.77067809451,1739.54390949509));
#5610=CARTESIAN_POINT('',(1219.93586934724,2923.77067809451,1739.54390949509));
#5611=CARTESIAN_POINT('',(1219.93586934724,2941.77067809451,1739.54390949509));
#5612=CARTESIAN_POINT('',(1219.93586934724,2923.77067809451,1739.54390949509));
#5613=CARTESIAN_POINT('',(1219.93586934724,2941.77067809451,1640.54390949509));
#5614=CARTESIAN_POINT('Origin',(1219.93586934724,2941.77067809451,1739.54390949509));
#5615=CARTESIAN_POINT('',(1219.93586934724,2941.77067809451,1739.54390949509));
#5616=CARTESIAN_POINT('',(1728.43586934724,2923.77067809451,1739.54390949509));
#5617=CARTESIAN_POINT('Origin',(1532.18586934724,2936.77067809451,1359.29390949509));
#5618=CARTESIAN_POINT('',(1534.18586934724,2931.77067809451,1359.29390949509));
#5619=CARTESIAN_POINT('Origin',(1532.18586934724,2931.77067809451,1359.29390949509));
#5620=CARTESIAN_POINT('',(1534.18586934724,2941.77067809451,1359.29390949509));
#5621=CARTESIAN_POINT('',(1534.18586934724,2936.77067809451,1359.29390949509));
#5622=CARTESIAN_POINT('Origin',(1532.18586934724,2941.77067809451,1359.29390949509));
#5623=CARTESIAN_POINT('Origin',(1332.18586934724,2936.77067809451,1359.29390949509));
#5624=CARTESIAN_POINT('',(1334.18586934724,2931.77067809451,1359.29390949509));
#5625=CARTESIAN_POINT('Origin',(1332.18586934724,2931.77067809451,1359.29390949509));
#5626=CARTESIAN_POINT('',(1334.18586934724,2941.77067809451,1359.29390949509));
#5627=CARTESIAN_POINT('',(1334.18586934724,2936.77067809451,1359.29390949509));
#5628=CARTESIAN_POINT('Origin',(1332.18586934724,2941.77067809451,1359.29390949509));
#5629=CARTESIAN_POINT('Origin',(1185.93586934724,2934.27067809451,1169.54390949509));
#5630=CARTESIAN_POINT('',(1188.43586934724,2926.77067809451,1169.54390949509));
#5631=CARTESIAN_POINT('Origin',(1185.93586934724,2926.77067809451,1169.54390949509));
#5632=CARTESIAN_POINT('',(1188.43586934724,2941.77067809451,1169.54390949509));
#5633=CARTESIAN_POINT('',(1188.43586934724,2934.27067809451,1169.54390949509));
#5634=CARTESIAN_POINT('Origin',(1185.93586934724,2941.77067809451,1169.54390949509));
#5635=CARTESIAN_POINT('Origin',(1185.93586934724,2934.27067809451,1575.04390949509));
#5636=CARTESIAN_POINT('',(1188.43586934724,2926.77067809451,1575.04390949509));
#5637=CARTESIAN_POINT('Origin',(1185.93586934724,2926.77067809451,1575.04390949509));
#5638=CARTESIAN_POINT('',(1188.43586934724,2941.77067809451,1575.04390949509));
#5639=CARTESIAN_POINT('',(1188.43586934724,2934.27067809451,1575.04390949509));
#5640=CARTESIAN_POINT('Origin',(1185.93586934724,2941.77067809451,1575.04390949509));
#5641=CARTESIAN_POINT('Origin',(1185.93586934724,2934.27067809451,1137.54390949509));
#5642=CARTESIAN_POINT('',(1188.43586934724,2926.77067809451,1137.54390949509));
#5643=CARTESIAN_POINT('Origin',(1185.93586934724,2926.77067809451,1137.54390949509));
#5644=CARTESIAN_POINT('',(1188.43586934724,2941.77067809451,1137.54390949509));
#5645=CARTESIAN_POINT('',(1188.43586934724,2934.27067809451,1137.54390949509));
#5646=CARTESIAN_POINT('Origin',(1185.93586934724,2941.77067809451,1137.54390949509));
#5647=CARTESIAN_POINT('Origin',(1185.93586934724,2934.27067809451,1543.04390949509));
#5648=CARTESIAN_POINT('',(1188.43586934724,2926.77067809451,1543.04390949509));
#5649=CARTESIAN_POINT('Origin',(1185.93586934724,2926.77067809451,1543.04390949509));
#5650=CARTESIAN_POINT('',(1188.43586934724,2941.77067809451,1543.04390949509));
#5651=CARTESIAN_POINT('',(1188.43586934724,2934.27067809451,1543.04390949509));
#5652=CARTESIAN_POINT('Origin',(1185.93586934724,2941.77067809451,1543.04390949509));
#5653=CARTESIAN_POINT('Origin',(1186.93586934725,2934.27067809451,1014.29390949509));
#5654=CARTESIAN_POINT('',(1189.43586934724,2926.77067809451,1014.29390949509));
#5655=CARTESIAN_POINT('Origin',(1186.93586934724,2926.77067809451,1014.29390949509));
#5656=CARTESIAN_POINT('',(1189.43586934724,2941.77067809451,1014.29390949509));
#5657=CARTESIAN_POINT('',(1189.43586934725,2934.27067809451,1014.29390949509));
#5658=CARTESIAN_POINT('Origin',(1186.93586934725,2941.77067809451,1014.29390949509));
#5659=CARTESIAN_POINT('Origin',(1218.93586934724,2934.27067809451,1014.29390949509));
#5660=CARTESIAN_POINT('',(1221.43586934724,2926.77067809451,1014.29390949509));
#5661=CARTESIAN_POINT('Origin',(1218.93586934724,2926.77067809451,1014.29390949509));
#5662=CARTESIAN_POINT('',(1221.43586934724,2941.77067809451,1014.29390949509));
#5663=CARTESIAN_POINT('',(1221.43586934724,2934.27067809451,1014.29390949509));
#5664=CARTESIAN_POINT('Origin',(1218.93586934724,2941.77067809451,1014.29390949509));
#5665=CARTESIAN_POINT('Origin',(1314.93586934724,2934.27067809451,1014.29390949509));
#5666=CARTESIAN_POINT('',(1317.43586934724,2926.77067809451,1014.29390949509));
#5667=CARTESIAN_POINT('Origin',(1314.93586934724,2926.77067809451,1014.29390949509));
#5668=CARTESIAN_POINT('',(1317.43586934724,2941.77067809451,1014.29390949509));
#5669=CARTESIAN_POINT('',(1317.43586934724,2934.27067809451,1014.29390949509));
#5670=CARTESIAN_POINT('Origin',(1314.93586934724,2941.77067809451,1014.29390949509));
#5671=CARTESIAN_POINT('Origin',(1410.93586934724,2934.27067809451,1014.29390949509));
#5672=CARTESIAN_POINT('',(1413.43586934724,2926.77067809451,1014.29390949509));
#5673=CARTESIAN_POINT('Origin',(1410.93586934724,2926.77067809451,1014.29390949509));
#5674=CARTESIAN_POINT('',(1413.43586934724,2941.77067809451,1014.29390949509));
#5675=CARTESIAN_POINT('',(1413.43586934724,2934.27067809451,1014.29390949509));
#5676=CARTESIAN_POINT('Origin',(1410.93586934724,2941.77067809451,1014.29390949509));
#5677=CARTESIAN_POINT('Origin',(1229.93586934725,2932.77067809451,1631.54390949509));
#5678=CARTESIAN_POINT('',(1231.93586934724,2923.77067809451,1631.54390949509));
#5679=CARTESIAN_POINT('Origin',(1229.93586934725,2923.77067809451,1631.54390949509));
#5680=CARTESIAN_POINT('',(1231.93586934724,2941.77067809451,1631.54390949509));
#5681=CARTESIAN_POINT('',(1231.93586934725,2932.77067809451,1631.54390949509));
#5682=CARTESIAN_POINT('Origin',(1229.93586934725,2941.77067809451,1631.54390949509));
#5683=CARTESIAN_POINT('Origin',(1439.68586934724,2932.77067809451,1631.54390949509));
#5684=CARTESIAN_POINT('',(1441.68586934724,2923.77067809451,1631.54390949509));
#5685=CARTESIAN_POINT('Origin',(1439.68586934724,2923.77067809451,1631.54390949509));
#5686=CARTESIAN_POINT('',(1441.68586934724,2941.77067809451,1631.54390949509));
#5687=CARTESIAN_POINT('',(1441.68586934724,2932.77067809451,1631.54390949509));
#5688=CARTESIAN_POINT('Origin',(1439.68586934724,2941.77067809451,1631.54390949509));
#5689=CARTESIAN_POINT('Origin',(1649.43586934725,2932.77067809451,1631.54390949509));
#5690=CARTESIAN_POINT('',(1651.43586934724,2923.77067809451,1631.54390949509));
#5691=CARTESIAN_POINT('Origin',(1649.43586934725,2923.77067809451,1631.54390949509));
#5692=CARTESIAN_POINT('',(1651.43586934724,2941.77067809451,1631.54390949509));
#5693=CARTESIAN_POINT('',(1651.43586934725,2932.77067809451,1631.54390949509));
#5694=CARTESIAN_POINT('Origin',(1649.43586934725,2941.77067809451,1631.54390949509));
#5695=CARTESIAN_POINT('Origin',(1186.93586934724,2932.77067809451,879.543909495091));
#5696=CARTESIAN_POINT('',(1188.93586934724,2923.77067809451,879.543909495091));
#5697=CARTESIAN_POINT('Origin',(1186.93586934724,2923.77067809451,879.543909495091));
#5698=CARTESIAN_POINT('',(1188.93586934724,2941.77067809451,879.543909495091));
#5699=CARTESIAN_POINT('',(1188.93586934724,2932.77067809451,879.543909495091));
#5700=CARTESIAN_POINT('Origin',(1186.93586934724,2941.77067809451,879.543909495091));
#5701=CARTESIAN_POINT('Origin',(1672.43586934724,2932.77067809451,879.543909495091));
#5702=CARTESIAN_POINT('',(1674.43586934724,2923.77067809451,879.543909495091));
#5703=CARTESIAN_POINT('Origin',(1672.43586934724,2923.77067809451,879.543909495091));
#5704=CARTESIAN_POINT('',(1674.43586934724,2941.77067809451,879.543909495091));
#5705=CARTESIAN_POINT('',(1674.43586934724,2932.77067809451,879.543909495091));
#5706=CARTESIAN_POINT('Origin',(1672.43586934724,2941.77067809451,879.543909495091));
#5707=CARTESIAN_POINT('Origin',(1709.43586934724,2941.77067809451,1636.54390949509));
#5708=CARTESIAN_POINT('',(1709.43586934724,2941.77067809451,874.54390949509));
#5709=CARTESIAN_POINT('',(1709.43586934724,2933.27067809451,874.54390949509));
#5710=CARTESIAN_POINT('',(1709.43586934724,2941.77067809451,874.54390949509));
#5711=CARTESIAN_POINT('',(1709.43586934724,2933.27067809451,1636.54390949509));
#5712=CARTESIAN_POINT('',(1709.43586934724,2933.27067809451,874.54390949509));
#5713=CARTESIAN_POINT('',(1709.43586934724,2941.77067809451,1636.54390949509));
#5714=CARTESIAN_POINT('',(1709.43586934724,2941.77067809451,1636.54390949509));
#5715=CARTESIAN_POINT('',(1709.43586934724,2941.77067809451,1636.54390949509));
#5716=CARTESIAN_POINT('Origin',(1709.43586934724,2941.77067809451,874.54390949509));
#5717=CARTESIAN_POINT('',(1714.93586934724,2941.77067809451,874.54390949509));
#5718=CARTESIAN_POINT('',(1714.93586934724,2933.27067809451,874.54390949509));
#5719=CARTESIAN_POINT('',(1714.93586934724,2941.77067809451,874.54390949509));
#5720=CARTESIAN_POINT('',(1714.93586934724,2933.27067809451,874.54390949509));
#5721=CARTESIAN_POINT('',(1709.43586934724,2941.77067809451,874.54390949509));
#5722=CARTESIAN_POINT('Origin',(1714.93586934724,2941.77067809451,874.54390949509));
#5723=CARTESIAN_POINT('',(1714.93586934724,2941.77067809451,1636.54390949509));
#5724=CARTESIAN_POINT('',(1714.93586934724,2933.27067809451,1636.54390949509));
#5725=CARTESIAN_POINT('',(1714.93586934724,2941.77067809451,1636.54390949509));
#5726=CARTESIAN_POINT('',(1714.93586934724,2933.27067809451,1636.54390949509));
#5727=CARTESIAN_POINT('',(1714.93586934724,2941.77067809451,874.54390949509));
#5728=CARTESIAN_POINT('Origin',(1714.93586934724,2941.77067809451,1636.54390949509));
#5729=CARTESIAN_POINT('',(1714.93586934724,2941.77067809451,1636.54390949509));
#5730=CARTESIAN_POINT('',(1709.43586934724,2933.27067809451,1636.54390949509));
#5731=CARTESIAN_POINT('Origin',(838.494267527944,2941.77067809451,1763.32128901011));
#5732=CARTESIAN_POINT('',(971.494267527944,2941.77067809451,1763.32128901011));
#5733=CARTESIAN_POINT('',(971.494267527944,2923.77067809451,1763.32128901011));
#5734=CARTESIAN_POINT('',(971.494267527944,2941.77067809451,1763.32128901011));
#5735=CARTESIAN_POINT('',(838.494267527944,2923.77067809451,1763.32128901011));
#5736=CARTESIAN_POINT('',(971.494267527944,2923.77067809451,1763.32128901011));
#5737=CARTESIAN_POINT('',(838.494267527944,2941.77067809451,1763.32128901011));
#5738=CARTESIAN_POINT('',(838.494267527944,2941.77067809451,1763.32128901011));
#5739=CARTESIAN_POINT('',(838.494267527944,2941.77067809451,1763.32128901011));
#5740=CARTESIAN_POINT('Origin',(971.494267527944,2941.77067809451,1763.32128901011));
#5741=CARTESIAN_POINT('',(971.494267527944,2941.77067809451,1243.32128901011));
#5742=CARTESIAN_POINT('',(971.494267527944,2923.77067809451,1243.32128901011));
#5743=CARTESIAN_POINT('',(971.494267527944,2941.77067809451,1243.32128901011));
#5744=CARTESIAN_POINT('',(971.494267527944,2923.77067809451,1243.32128901011));
#5745=CARTESIAN_POINT('',(971.494267527944,2941.77067809451,1763.32128901011));
#5746=CARTESIAN_POINT('Origin',(971.494267527944,2941.77067809451,1243.32128901011));
#5747=CARTESIAN_POINT('',(838.494267527944,2941.77067809451,1243.32128901011));
#5748=CARTESIAN_POINT('',(838.494267527944,2923.77067809451,1243.32128901011));
#5749=CARTESIAN_POINT('',(838.494267527944,2941.77067809451,1243.32128901011));
#5750=CARTESIAN_POINT('',(838.494267527944,2923.77067809451,1243.32128901011));
#5751=CARTESIAN_POINT('',(971.494267527944,2941.77067809451,1243.32128901011));
#5752=CARTESIAN_POINT('Origin',(838.494267527944,2941.77067809451,1243.32128901011));
#5753=CARTESIAN_POINT('',(838.494267527944,2941.77067809451,1243.32128901011));
#5754=CARTESIAN_POINT('',(838.494267527944,2923.77067809451,1763.32128901011));
#5755=CARTESIAN_POINT('Origin',(838.494267527944,2941.77067809451,1243.32128901011));
#5756=CARTESIAN_POINT('',(838.494267527944,2941.77067809451,1763.32128901011));
#5757=CARTESIAN_POINT('',(838.494267527944,2923.77067809451,1763.32128901011));
#5758=CARTESIAN_POINT('',(838.494267527944,2941.77067809451,1763.32128901011));
#5759=CARTESIAN_POINT('',(838.494267527944,2923.77067809451,1243.32128901011));
#5760=CARTESIAN_POINT('',(838.494267527944,2923.77067809451,1763.32128901011));
#5761=CARTESIAN_POINT('',(838.494267527944,2941.77067809451,1243.32128901011));
#5762=CARTESIAN_POINT('',(838.494267527944,2941.77067809451,1243.32128901011));
#5763=CARTESIAN_POINT('',(838.494267527944,2941.77067809451,1243.32128901011));
#5764=CARTESIAN_POINT('Origin',(838.494267527944,2941.77067809451,1763.32128901011));
#5765=CARTESIAN_POINT('',(971.494267527944,2941.77067809451,1763.32128901011));
#5766=CARTESIAN_POINT('',(971.494267527944,2923.77067809451,1763.32128901011));
#5767=CARTESIAN_POINT('',(971.494267527944,2941.77067809451,1763.32128901011));
#5768=CARTESIAN_POINT('',(971.494267527944,2923.77067809451,1763.32128901011));
#5769=CARTESIAN_POINT('',(838.494267527944,2941.77067809451,1763.32128901011));
#5770=CARTESIAN_POINT('Origin',(971.494267527944,2941.77067809451,1763.32128901011));
#5771=CARTESIAN_POINT('',(971.494267527944,2941.77067809451,1243.32128901011));
#5772=CARTESIAN_POINT('',(971.494267527944,2923.77067809451,1243.32128901011));
#5773=CARTESIAN_POINT('',(971.494267527944,2941.77067809451,1243.32128901011));
#5774=CARTESIAN_POINT('',(971.494267527944,2923.77067809451,1243.32128901011));
#5775=CARTESIAN_POINT('',(971.494267527944,2941.77067809451,1763.32128901011));
#5776=CARTESIAN_POINT('Origin',(971.494267527944,2941.77067809451,1243.32128901011));
#5777=CARTESIAN_POINT('',(971.494267527944,2941.77067809451,1243.32128901011));
#5778=CARTESIAN_POINT('',(838.494267527944,2923.77067809451,1243.32128901011));
#5779=CARTESIAN_POINT('Origin',(849.994267527944,2941.77067809451,1237.32128901011));
#5780=CARTESIAN_POINT('',(849.994267527944,2941.77067809451,1769.32128901011));
#5781=CARTESIAN_POINT('',(849.994267527944,2933.27067809451,1769.32128901011));
#5782=CARTESIAN_POINT('',(849.994267527944,2941.77067809451,1769.32128901011));
#5783=CARTESIAN_POINT('',(849.994267527944,2933.27067809451,1237.32128901011));
#5784=CARTESIAN_POINT('',(849.994267527944,2933.27067809451,1769.32128901011));
#5785=CARTESIAN_POINT('',(849.994267527944,2941.77067809451,1237.32128901011));
#5786=CARTESIAN_POINT('',(849.994267527944,2941.77067809451,1237.32128901011));
#5787=CARTESIAN_POINT('',(849.994267527944,2941.77067809451,1237.32128901011));
#5788=CARTESIAN_POINT('Origin',(849.994267527944,2941.77067809451,1769.32128901011));
#5789=CARTESIAN_POINT('',(855.494267527944,2941.77067809451,1769.32128901011));
#5790=CARTESIAN_POINT('',(855.494267527944,2933.27067809451,1769.32128901011));
#5791=CARTESIAN_POINT('',(855.494267527944,2941.77067809451,1769.32128901011));
#5792=CARTESIAN_POINT('',(855.494267527944,2933.27067809451,1769.32128901011));
#5793=CARTESIAN_POINT('',(849.994267527944,2941.77067809451,1769.32128901011));
#5794=CARTESIAN_POINT('Origin',(855.494267527944,2941.77067809451,1769.32128901011));
#5795=CARTESIAN_POINT('',(855.494267527944,2941.77067809451,1237.32128901011));
#5796=CARTESIAN_POINT('',(855.494267527944,2933.27067809451,1237.32128901011));
#5797=CARTESIAN_POINT('',(855.494267527944,2941.77067809451,1237.32128901011));
#5798=CARTESIAN_POINT('',(855.494267527944,2933.27067809451,1237.32128901011));
#5799=CARTESIAN_POINT('',(855.494267527944,2941.77067809451,1769.32128901011));
#5800=CARTESIAN_POINT('Origin',(855.494267527944,2941.77067809451,1237.32128901011));
#5801=CARTESIAN_POINT('',(855.494267527944,2941.77067809451,1237.32128901011));
#5802=CARTESIAN_POINT('',(849.994267527944,2933.27067809451,1237.32128901011));
#5803=CARTESIAN_POINT('Origin',(-180.605206444885,2941.77067809451,1768.63549298778));
#5804=CARTESIAN_POINT('',(714.394793555115,2941.77067809451,1768.63549298778));
#5805=CARTESIAN_POINT('',(714.394793555115,2923.77067809451,1768.63549298778));
#5806=CARTESIAN_POINT('',(714.394793555115,2941.77067809451,1768.63549298778));
#5807=CARTESIAN_POINT('',(-180.605206444885,2923.77067809451,1768.63549298778));
#5808=CARTESIAN_POINT('',(714.394793555115,2923.77067809451,1768.63549298778));
#5809=CARTESIAN_POINT('',(-180.605206444885,2941.77067809451,1768.63549298778));
#5810=CARTESIAN_POINT('',(-180.605206444885,2941.77067809451,1768.63549298778));
#5811=CARTESIAN_POINT('',(-180.605206444885,2941.77067809451,1768.63549298778));
#5812=CARTESIAN_POINT('Origin',(714.394793555115,2941.77067809451,1768.63549298778));
#5813=CARTESIAN_POINT('',(714.394793555115,2941.77067809451,1579.88549298778));
#5814=CARTESIAN_POINT('',(714.394793555115,2923.77067809451,1579.88549298778));
#5815=CARTESIAN_POINT('',(714.394793555115,2941.77067809451,1579.88549298778));
#5816=CARTESIAN_POINT('',(714.394793555115,2923.77067809451,1579.88549298778));
#5817=CARTESIAN_POINT('',(714.394793555115,2941.77067809451,1768.63549298778));
#5818=CARTESIAN_POINT('Origin',(714.394793555115,2941.77067809451,1579.88549298778));
#5819=CARTESIAN_POINT('',(-180.605206444885,2941.77067809451,1579.88549298778));
#5820=CARTESIAN_POINT('',(-180.605206444885,2923.77067809451,1579.88549298778));
#5821=CARTESIAN_POINT('',(-180.605206444885,2941.77067809451,1579.88549298778));
#5822=CARTESIAN_POINT('',(-180.605206444885,2923.77067809451,1579.88549298778));
#5823=CARTESIAN_POINT('',(714.394793555115,2941.77067809451,1579.88549298778));
#5824=CARTESIAN_POINT('Origin',(-180.605206444885,2941.77067809451,1579.88549298778));
#5825=CARTESIAN_POINT('',(-180.605206444885,2941.77067809451,1579.88549298778));
#5826=CARTESIAN_POINT('',(-180.605206444885,2923.77067809451,1768.63549298778));
#5827=CARTESIAN_POINT('Origin',(714.394793555115,2941.77067809451,1768.63549298778));
#5828=CARTESIAN_POINT('',(714.394793555115,2941.77067809451,1579.88549298778));
#5829=CARTESIAN_POINT('',(714.394793555115,2923.77067809451,1579.88549298778));
#5830=CARTESIAN_POINT('',(714.394793555115,2941.77067809451,1579.88549298778));
#5831=CARTESIAN_POINT('',(714.394793555115,2923.77067809451,1768.63549298778));
#5832=CARTESIAN_POINT('',(714.394793555115,2923.77067809451,1579.88549298778));
#5833=CARTESIAN_POINT('',(714.394793555115,2941.77067809451,1768.63549298778));
#5834=CARTESIAN_POINT('',(714.394793555115,2941.77067809451,1768.63549298778));
#5835=CARTESIAN_POINT('',(714.394793555115,2941.77067809451,1768.63549298778));
#5836=CARTESIAN_POINT('Origin',(714.394793555115,2941.77067809451,1579.88549298778));
#5837=CARTESIAN_POINT('',(-180.605206444885,2941.77067809451,1579.88549298778));
#5838=CARTESIAN_POINT('',(-180.605206444885,2923.77067809451,1579.88549298778));
#5839=CARTESIAN_POINT('',(-180.605206444885,2941.77067809451,1579.88549298778));
#5840=CARTESIAN_POINT('',(-180.605206444885,2923.77067809451,1579.88549298778));
#5841=CARTESIAN_POINT('',(714.394793555115,2941.77067809451,1579.88549298778));
#5842=CARTESIAN_POINT('Origin',(-180.605206444885,2941.77067809451,1579.88549298778));
#5843=CARTESIAN_POINT('',(-180.605206444885,2941.77067809451,1768.63549298778));
#5844=CARTESIAN_POINT('',(-180.605206444885,2923.77067809451,1768.63549298778));
#5845=CARTESIAN_POINT('',(-180.605206444885,2941.77067809451,1768.63549298778));
#5846=CARTESIAN_POINT('',(-180.605206444885,2923.77067809451,1768.63549298778));
#5847=CARTESIAN_POINT('',(-180.605206444885,2941.77067809451,1579.88549298778));
#5848=CARTESIAN_POINT('Origin',(-180.605206444885,2941.77067809451,1768.63549298778));
#5849=CARTESIAN_POINT('',(-180.605206444885,2941.77067809451,1768.63549298778));
#5850=CARTESIAN_POINT('',(714.394793555115,2923.77067809451,1768.63549298778));
#5851=CARTESIAN_POINT('Origin',(1767.95917257359,2941.77067809451,3039.2775988325));
#5852=CARTESIAN_POINT('',(2212.95917257359,2941.77067809451,3039.2775988325));
#5853=CARTESIAN_POINT('',(2212.95917257359,2923.77067809451,3039.2775988325));
#5854=CARTESIAN_POINT('',(2212.95917257359,2941.77067809451,3039.2775988325));
#5855=CARTESIAN_POINT('',(1767.95917257359,2923.77067809451,3039.2775988325));
#5856=CARTESIAN_POINT('',(2212.95917257359,2923.77067809451,3039.2775988325));
#5857=CARTESIAN_POINT('',(1767.95917257359,2941.77067809451,3039.2775988325));
#5858=CARTESIAN_POINT('',(1767.95917257359,2941.77067809451,3039.2775988325));
#5859=CARTESIAN_POINT('',(1767.95917257359,2941.77067809451,3039.2775988325));
#5860=CARTESIAN_POINT('Origin',(2212.95917257359,2941.77067809451,3039.2775988325));
#5861=CARTESIAN_POINT('',(2212.95917257359,2941.77067809451,2475.7775988325));
#5862=CARTESIAN_POINT('',(2212.95917257359,2923.77067809451,2475.7775988325));
#5863=CARTESIAN_POINT('',(2212.95917257359,2941.77067809451,2475.7775988325));
#5864=CARTESIAN_POINT('',(2212.95917257359,2923.77067809451,2475.7775988325));
#5865=CARTESIAN_POINT('',(2212.95917257359,2941.77067809451,3039.2775988325));
#5866=CARTESIAN_POINT('Origin',(2212.95917257359,2941.77067809451,2475.7775988325));
#5867=CARTESIAN_POINT('',(1767.95917257359,2941.77067809451,2475.7775988325));
#5868=CARTESIAN_POINT('',(1767.95917257359,2923.77067809451,2475.7775988325));
#5869=CARTESIAN_POINT('',(1767.95917257359,2941.77067809451,2475.7775988325));
#5870=CARTESIAN_POINT('',(1767.95917257359,2923.77067809451,2475.7775988325));
#5871=CARTESIAN_POINT('',(2212.95917257359,2941.77067809451,2475.7775988325));
#5872=CARTESIAN_POINT('Origin',(1767.95917257359,2941.77067809451,2475.7775988325));
#5873=CARTESIAN_POINT('',(1767.95917257359,2941.77067809451,2475.7775988325));
#5874=CARTESIAN_POINT('',(1767.95917257359,2923.77067809451,3039.2775988325));
#5875=CARTESIAN_POINT('Origin',(2212.95917257359,2941.77067809451,2475.7775988325));
#5876=CARTESIAN_POINT('',(1767.95917257359,2941.77067809451,2475.7775988325));
#5877=CARTESIAN_POINT('',(1767.95917257359,2923.77067809451,2475.7775988325));
#5878=CARTESIAN_POINT('',(1767.95917257359,2941.77067809451,2475.7775988325));
#5879=CARTESIAN_POINT('',(2212.95917257359,2923.77067809451,2475.7775988325));
#5880=CARTESIAN_POINT('',(1767.95917257359,2923.77067809451,2475.7775988325));
#5881=CARTESIAN_POINT('',(2212.95917257359,2941.77067809451,2475.7775988325));
#5882=CARTESIAN_POINT('',(2212.95917257359,2941.77067809451,2475.7775988325));
#5883=CARTESIAN_POINT('',(2212.95917257359,2941.77067809451,2475.7775988325));
#5884=CARTESIAN_POINT('Origin',(1767.95917257359,2941.77067809451,2475.7775988325));
#5885=CARTESIAN_POINT('',(1767.95917257359,2941.77067809451,3039.2775988325));
#5886=CARTESIAN_POINT('',(1767.95917257359,2923.77067809451,3039.2775988325));
#5887=CARTESIAN_POINT('',(1767.95917257359,2941.77067809451,3039.2775988325));
#5888=CARTESIAN_POINT('',(1767.95917257359,2923.77067809451,3039.2775988325));
#5889=CARTESIAN_POINT('',(1767.95917257359,2941.77067809451,2475.7775988325));
#5890=CARTESIAN_POINT('Origin',(1767.95917257359,2941.77067809451,3039.2775988325));
#5891=CARTESIAN_POINT('',(2212.95917257359,2941.77067809451,3039.2775988325));
#5892=CARTESIAN_POINT('',(2212.95917257359,2923.77067809451,3039.2775988325));
#5893=CARTESIAN_POINT('',(2212.95917257359,2941.77067809451,3039.2775988325));
#5894=CARTESIAN_POINT('',(2212.95917257359,2923.77067809451,3039.2775988325));
#5895=CARTESIAN_POINT('',(1767.95917257359,2941.77067809451,3039.2775988325));
#5896=CARTESIAN_POINT('Origin',(2212.95917257359,2941.77067809451,3039.2775988325));
#5897=CARTESIAN_POINT('',(2212.95917257359,2941.77067809451,3039.2775988325));
#5898=CARTESIAN_POINT('',(2212.95917257359,2923.77067809451,2475.7775988325));
#5899=CARTESIAN_POINT('Origin',(1799.45917257359,2935.27067809451,2577.2775988325));
#5900=CARTESIAN_POINT('',(1803.45917257359,2928.77067809451,2577.2775988325));
#5901=CARTESIAN_POINT('Origin',(1799.45917257359,2928.77067809451,2577.2775988325));
#5902=CARTESIAN_POINT('',(1803.45917257359,2941.77067809451,2577.2775988325));
#5903=CARTESIAN_POINT('',(1803.45917257359,2935.27067809451,2577.2775988325));
#5904=CARTESIAN_POINT('Origin',(1799.45917257359,2941.77067809451,2577.2775988325));
#5905=CARTESIAN_POINT('Origin',(1799.45917257359,2935.27067809451,2982.7775988325));
#5906=CARTESIAN_POINT('',(1803.45917257359,2928.77067809451,2982.7775988325));
#5907=CARTESIAN_POINT('Origin',(1799.45917257359,2928.77067809451,2982.7775988325));
#5908=CARTESIAN_POINT('',(1803.45917257359,2941.77067809451,2982.7775988325));
#5909=CARTESIAN_POINT('',(1803.45917257359,2935.27067809451,2982.7775988325));
#5910=CARTESIAN_POINT('Origin',(1799.45917257359,2941.77067809451,2982.7775988325));
#5911=CARTESIAN_POINT('Origin',(1799.45917257359,2935.27067809451,2532.2775988325));
#5912=CARTESIAN_POINT('',(1803.45917257359,2928.77067809451,2532.2775988325));
#5913=CARTESIAN_POINT('Origin',(1799.45917257359,2928.77067809451,2532.2775988325));
#5914=CARTESIAN_POINT('',(1803.45917257359,2941.77067809451,2532.2775988325));
#5915=CARTESIAN_POINT('',(1803.45917257359,2935.27067809451,2532.2775988325));
#5916=CARTESIAN_POINT('Origin',(1799.45917257359,2941.77067809451,2532.2775988325));
#5917=CARTESIAN_POINT('Origin',(1799.45917257359,2935.27067809451,2937.7775988325));
#5918=CARTESIAN_POINT('',(1803.45917257359,2928.77067809451,2937.7775988325));
#5919=CARTESIAN_POINT('Origin',(1799.45917257359,2928.77067809451,2937.7775988325));
#5920=CARTESIAN_POINT('',(1803.45917257359,2941.77067809451,2937.7775988325));
#5921=CARTESIAN_POINT('',(1803.45917257359,2935.27067809451,2937.7775988325));
#5922=CARTESIAN_POINT('Origin',(1799.45917257359,2941.77067809451,2937.7775988325));
#5923=CARTESIAN_POINT('Origin',(1789.95917257359,2934.77067809451,2554.7775988325));
#5924=CARTESIAN_POINT('',(1807.45917257359,2927.77067809451,2554.7775988325));
#5925=CARTESIAN_POINT('Origin',(1789.95917257359,2927.77067809451,2554.7775988325));
#5926=CARTESIAN_POINT('',(1807.45917257359,2941.77067809451,2554.7775988325));
#5927=CARTESIAN_POINT('',(1807.45917257359,2934.77067809451,2554.7775988325));
#5928=CARTESIAN_POINT('Origin',(1789.95917257359,2941.77067809451,2554.7775988325));
#5929=CARTESIAN_POINT('Origin',(1789.95917257359,2934.77067809451,2960.2775988325));
#5930=CARTESIAN_POINT('',(1807.45917257359,2927.77067809451,2960.2775988325));
#5931=CARTESIAN_POINT('Origin',(1789.95917257359,2927.77067809451,2960.2775988325));
#5932=CARTESIAN_POINT('',(1807.45917257359,2941.77067809451,2960.2775988325));
#5933=CARTESIAN_POINT('',(1807.45917257359,2934.77067809451,2960.2775988325));
#5934=CARTESIAN_POINT('Origin',(1789.95917257359,2941.77067809451,2960.2775988325));
#5935=CARTESIAN_POINT('Origin',(1170.14075728601,2941.77067809451,3165.84991399641));
#5936=CARTESIAN_POINT('',(1615.14075728601,2941.77067809451,3165.84991399641));
#5937=CARTESIAN_POINT('',(1615.14075728601,2923.77067809451,3165.84991399641));
#5938=CARTESIAN_POINT('',(1615.14075728601,2941.77067809451,3165.84991399641));
#5939=CARTESIAN_POINT('',(1170.14075728601,2923.77067809451,3165.84991399641));
#5940=CARTESIAN_POINT('',(1615.14075728601,2923.77067809451,3165.84991399641));
#5941=CARTESIAN_POINT('',(1170.14075728601,2941.77067809451,3165.84991399641));
#5942=CARTESIAN_POINT('',(1170.14075728601,2941.77067809451,3165.84991399641));
#5943=CARTESIAN_POINT('',(1170.14075728601,2941.77067809451,3165.84991399641));
#5944=CARTESIAN_POINT('Origin',(1615.14075728601,2941.77067809451,3165.84991399641));
#5945=CARTESIAN_POINT('',(1615.14075728601,2941.77067809451,2602.34991399642));
#5946=CARTESIAN_POINT('',(1615.14075728601,2923.77067809451,2602.34991399642));
#5947=CARTESIAN_POINT('',(1615.14075728601,2941.77067809451,2602.34991399642));
#5948=CARTESIAN_POINT('',(1615.14075728601,2923.77067809451,2602.34991399642));
#5949=CARTESIAN_POINT('',(1615.14075728601,2941.77067809451,3165.84991399641));
#5950=CARTESIAN_POINT('Origin',(1615.14075728601,2941.77067809451,2602.34991399642));
#5951=CARTESIAN_POINT('',(1170.14075728601,2941.77067809451,2602.34991399642));
#5952=CARTESIAN_POINT('',(1170.14075728601,2923.77067809451,2602.34991399642));
#5953=CARTESIAN_POINT('',(1170.14075728601,2941.77067809451,2602.34991399642));
#5954=CARTESIAN_POINT('',(1170.14075728601,2923.77067809451,2602.34991399642));
#5955=CARTESIAN_POINT('',(1615.14075728601,2941.77067809451,2602.34991399642));
#5956=CARTESIAN_POINT('Origin',(1170.14075728601,2941.77067809451,2602.34991399642));
#5957=CARTESIAN_POINT('',(1170.14075728601,2941.77067809451,2602.34991399642));
#5958=CARTESIAN_POINT('',(1170.14075728601,2923.77067809451,3165.84991399641));
#5959=CARTESIAN_POINT('Origin',(1615.14075728601,2941.77067809451,2602.34991399642));
#5960=CARTESIAN_POINT('',(1170.14075728601,2941.77067809451,2602.34991399642));
#5961=CARTESIAN_POINT('',(1170.14075728601,2923.77067809451,2602.34991399642));
#5962=CARTESIAN_POINT('',(1170.14075728601,2941.77067809451,2602.34991399642));
#5963=CARTESIAN_POINT('',(1615.14075728601,2923.77067809451,2602.34991399642));
#5964=CARTESIAN_POINT('',(1170.14075728601,2923.77067809451,2602.34991399642));
#5965=CARTESIAN_POINT('',(1615.14075728601,2941.77067809451,2602.34991399642));
#5966=CARTESIAN_POINT('',(1615.14075728601,2941.77067809451,2602.34991399642));
#5967=CARTESIAN_POINT('',(1615.14075728601,2941.77067809451,2602.34991399642));
#5968=CARTESIAN_POINT('Origin',(1170.14075728601,2941.77067809451,2602.34991399642));
#5969=CARTESIAN_POINT('',(1170.14075728601,2941.77067809451,3165.84991399641));
#5970=CARTESIAN_POINT('',(1170.14075728601,2923.77067809451,3165.84991399641));
#5971=CARTESIAN_POINT('',(1170.14075728601,2941.77067809451,3165.84991399641));
#5972=CARTESIAN_POINT('',(1170.14075728601,2923.77067809451,3165.84991399641));
#5973=CARTESIAN_POINT('',(1170.14075728601,2941.77067809451,2602.34991399642));
#5974=CARTESIAN_POINT('Origin',(1170.14075728601,2941.77067809451,3165.84991399641));
#5975=CARTESIAN_POINT('',(1615.14075728601,2941.77067809451,3165.84991399641));
#5976=CARTESIAN_POINT('',(1615.14075728601,2923.77067809451,3165.84991399641));
#5977=CARTESIAN_POINT('',(1615.14075728601,2941.77067809451,3165.84991399641));
#5978=CARTESIAN_POINT('',(1615.14075728601,2923.77067809451,3165.84991399641));
#5979=CARTESIAN_POINT('',(1170.14075728601,2941.77067809451,3165.84991399641));
#5980=CARTESIAN_POINT('Origin',(1615.14075728601,2941.77067809451,3165.84991399641));
#5981=CARTESIAN_POINT('',(1615.14075728601,2941.77067809451,3165.84991399641));
#5982=CARTESIAN_POINT('',(1615.14075728601,2923.77067809451,2602.34991399642));
#5983=CARTESIAN_POINT('Origin',(1583.64075728601,2935.27067809451,2703.84991399641));
#5984=CARTESIAN_POINT('',(1587.64075728601,2928.77067809451,2703.84991399641));
#5985=CARTESIAN_POINT('Origin',(1583.64075728601,2928.77067809451,2703.84991399641));
#5986=CARTESIAN_POINT('',(1587.64075728601,2941.77067809451,2703.84991399641));
#5987=CARTESIAN_POINT('',(1587.64075728601,2935.27067809451,2703.84991399641));
#5988=CARTESIAN_POINT('Origin',(1583.64075728601,2941.77067809451,2703.84991399641));
#5989=CARTESIAN_POINT('Origin',(1583.64075728601,2935.27067809451,3109.34991399642));
#5990=CARTESIAN_POINT('',(1587.64075728601,2928.77067809451,3109.34991399642));
#5991=CARTESIAN_POINT('Origin',(1583.64075728601,2928.77067809451,3109.34991399642));
#5992=CARTESIAN_POINT('',(1587.64075728601,2941.77067809451,3109.34991399642));
#5993=CARTESIAN_POINT('',(1587.64075728601,2935.27067809451,3109.34991399642));
#5994=CARTESIAN_POINT('Origin',(1583.64075728601,2941.77067809451,3109.34991399642));
#5995=CARTESIAN_POINT('Origin',(1583.64075728601,2935.27067809451,2658.84991399641));
#5996=CARTESIAN_POINT('',(1587.64075728601,2928.77067809451,2658.84991399641));
#5997=CARTESIAN_POINT('Origin',(1583.64075728601,2928.77067809451,2658.84991399641));
#5998=CARTESIAN_POINT('',(1587.64075728601,2941.77067809451,2658.84991399641));
#5999=CARTESIAN_POINT('',(1587.64075728601,2935.27067809451,2658.84991399641));
#6000=CARTESIAN_POINT('Origin',(1583.64075728601,2941.77067809451,2658.84991399641));
#6001=CARTESIAN_POINT('Origin',(1583.64075728601,2935.27067809451,3064.34991399642));
#6002=CARTESIAN_POINT('',(1587.64075728601,2928.77067809451,3064.34991399642));
#6003=CARTESIAN_POINT('Origin',(1583.64075728601,2928.77067809451,3064.34991399642));
#6004=CARTESIAN_POINT('',(1587.64075728601,2941.77067809451,3064.34991399642));
#6005=CARTESIAN_POINT('',(1587.64075728601,2935.27067809451,3064.34991399642));
#6006=CARTESIAN_POINT('Origin',(1583.64075728601,2941.77067809451,3064.34991399642));
#6007=CARTESIAN_POINT('Origin',(1593.14075728601,2934.77067809451,2681.34991399641));
#6008=CARTESIAN_POINT('',(1610.64075728601,2927.77067809451,2681.34991399641));
#6009=CARTESIAN_POINT('Origin',(1593.14075728601,2927.77067809451,2681.34991399641));
#6010=CARTESIAN_POINT('',(1610.64075728601,2941.77067809451,2681.34991399641));
#6011=CARTESIAN_POINT('',(1610.64075728601,2934.77067809451,2681.34991399641));
#6012=CARTESIAN_POINT('Origin',(1593.14075728601,2941.77067809451,2681.34991399641));
#6013=CARTESIAN_POINT('Origin',(1593.14075728601,2934.77067809451,3086.84991399642));
#6014=CARTESIAN_POINT('',(1610.64075728601,2927.77067809451,3086.84991399642));
#6015=CARTESIAN_POINT('Origin',(1593.14075728601,2927.77067809451,3086.84991399642));
#6016=CARTESIAN_POINT('',(1610.64075728601,2941.77067809451,3086.84991399642));
#6017=CARTESIAN_POINT('',(1610.64075728601,2934.77067809451,3086.84991399642));
#6018=CARTESIAN_POINT('Origin',(1593.14075728601,2941.77067809451,3086.84991399642));
#6019=CARTESIAN_POINT('Origin',(886.844184188093,2941.77067809451,3172.70627468473));
#6020=CARTESIAN_POINT('',(1019.84418418809,2941.77067809451,3172.70627468473));
#6021=CARTESIAN_POINT('',(1019.84418418809,2923.77067809451,3172.70627468473));
#6022=CARTESIAN_POINT('',(1019.84418418809,2941.77067809451,3172.70627468473));
#6023=CARTESIAN_POINT('',(886.844184188093,2923.77067809451,3172.70627468473));
#6024=CARTESIAN_POINT('',(1019.84418418809,2923.77067809451,3172.70627468473));
#6025=CARTESIAN_POINT('',(886.844184188093,2941.77067809451,3172.70627468473));
#6026=CARTESIAN_POINT('',(886.844184188093,2941.77067809451,3172.70627468473));
#6027=CARTESIAN_POINT('',(886.844184188093,2941.77067809451,3172.70627468473));
#6028=CARTESIAN_POINT('Origin',(1019.84418418809,2941.77067809451,3172.70627468473));
#6029=CARTESIAN_POINT('',(1019.84418418809,2941.77067809451,2320.70627468473));
#6030=CARTESIAN_POINT('',(1019.84418418809,2923.77067809451,2320.70627468473));
#6031=CARTESIAN_POINT('',(1019.84418418809,2941.77067809451,2320.70627468473));
#6032=CARTESIAN_POINT('',(1019.84418418809,2923.77067809451,2320.70627468473));
#6033=CARTESIAN_POINT('',(1019.84418418809,2941.77067809451,3172.70627468473));
#6034=CARTESIAN_POINT('Origin',(1019.84418418809,2941.77067809451,2320.70627468473));
#6035=CARTESIAN_POINT('',(886.844184188093,2941.77067809451,2320.70627468473));
#6036=CARTESIAN_POINT('',(886.844184188093,2923.77067809451,2320.70627468473));
#6037=CARTESIAN_POINT('',(886.844184188093,2941.77067809451,2320.70627468473));
#6038=CARTESIAN_POINT('',(886.844184188093,2923.77067809451,2320.70627468473));
#6039=CARTESIAN_POINT('',(1019.84418418809,2941.77067809451,2320.70627468473));
#6040=CARTESIAN_POINT('Origin',(886.844184188093,2941.77067809451,2320.70627468473));
#6041=CARTESIAN_POINT('',(886.844184188093,2941.77067809451,2320.70627468473));
#6042=CARTESIAN_POINT('',(886.844184188093,2923.77067809451,3172.70627468473));
#6043=CARTESIAN_POINT('Origin',(886.844184188093,2941.77067809451,2320.70627468473));
#6044=CARTESIAN_POINT('',(886.844184188093,2941.77067809451,3172.70627468473));
#6045=CARTESIAN_POINT('',(886.844184188093,2923.77067809451,3172.70627468473));
#6046=CARTESIAN_POINT('',(886.844184188093,2941.77067809451,3172.70627468473));
#6047=CARTESIAN_POINT('',(886.844184188093,2923.77067809451,2320.70627468473));
#6048=CARTESIAN_POINT('',(886.844184188093,2923.77067809451,3172.70627468473));
#6049=CARTESIAN_POINT('',(886.844184188093,2941.77067809451,2320.70627468473));
#6050=CARTESIAN_POINT('',(886.844184188093,2941.77067809451,2320.70627468473));
#6051=CARTESIAN_POINT('',(886.844184188093,2941.77067809451,2320.70627468473));
#6052=CARTESIAN_POINT('Origin',(886.844184188093,2941.77067809451,3172.70627468473));
#6053=CARTESIAN_POINT('',(1019.84418418809,2941.77067809451,3172.70627468473));
#6054=CARTESIAN_POINT('',(1019.84418418809,2923.77067809451,3172.70627468473));
#6055=CARTESIAN_POINT('',(1019.84418418809,2941.77067809451,3172.70627468473));
#6056=CARTESIAN_POINT('',(1019.84418418809,2923.77067809451,3172.70627468473));
#6057=CARTESIAN_POINT('',(886.844184188093,2941.77067809451,3172.70627468473));
#6058=CARTESIAN_POINT('Origin',(1019.84418418809,2941.77067809451,3172.70627468473));
#6059=CARTESIAN_POINT('',(1019.84418418809,2941.77067809451,2320.70627468473));
#6060=CARTESIAN_POINT('',(1019.84418418809,2923.77067809451,2320.70627468473));
#6061=CARTESIAN_POINT('',(1019.84418418809,2941.77067809451,2320.70627468473));
#6062=CARTESIAN_POINT('',(1019.84418418809,2923.77067809451,2320.70627468473));
#6063=CARTESIAN_POINT('',(1019.84418418809,2941.77067809451,3172.70627468473));
#6064=CARTESIAN_POINT('Origin',(1019.84418418809,2941.77067809451,2320.70627468473));
#6065=CARTESIAN_POINT('',(1019.84418418809,2941.77067809451,2320.70627468473));
#6066=CARTESIAN_POINT('',(886.844184188093,2923.77067809451,2320.70627468473));
#6067=CARTESIAN_POINT('Origin',(1008.34418418809,2941.77067809451,3169.70627468473));
#6068=CARTESIAN_POINT('',(1008.34418418809,2941.77067809451,2323.70627468473));
#6069=CARTESIAN_POINT('',(1008.34418418809,2933.27067809451,2323.70627468473));
#6070=CARTESIAN_POINT('',(1008.34418418809,2941.77067809451,2323.70627468473));
#6071=CARTESIAN_POINT('',(1008.34418418809,2933.27067809451,3169.70627468473));
#6072=CARTESIAN_POINT('',(1008.34418418809,2933.27067809451,2323.70627468473));
#6073=CARTESIAN_POINT('',(1008.34418418809,2941.77067809451,3169.70627468473));
#6074=CARTESIAN_POINT('',(1008.34418418809,2941.77067809451,3169.70627468473));
#6075=CARTESIAN_POINT('',(1008.34418418809,2941.77067809451,3169.70627468473));
#6076=CARTESIAN_POINT('Origin',(1008.34418418809,2941.77067809451,2323.70627468473));
#6077=CARTESIAN_POINT('',(1002.84418418809,2941.77067809451,2323.70627468473));
#6078=CARTESIAN_POINT('',(1002.84418418809,2933.27067809451,2323.70627468473));
#6079=CARTESIAN_POINT('',(1002.84418418809,2941.77067809451,2323.70627468473));
#6080=CARTESIAN_POINT('',(1002.84418418809,2933.27067809451,2323.70627468473));
#6081=CARTESIAN_POINT('',(1008.34418418809,2941.77067809451,2323.70627468473));
#6082=CARTESIAN_POINT('Origin',(1002.84418418809,2941.77067809451,2323.70627468473));
#6083=CARTESIAN_POINT('',(1002.84418418809,2941.77067809451,3169.70627468473));
#6084=CARTESIAN_POINT('',(1002.84418418809,2933.27067809451,3169.70627468473));
#6085=CARTESIAN_POINT('',(1002.84418418809,2941.77067809451,3169.70627468473));
#6086=CARTESIAN_POINT('',(1002.84418418809,2933.27067809451,3169.70627468473));
#6087=CARTESIAN_POINT('',(1002.84418418809,2941.77067809451,2323.70627468473));
#6088=CARTESIAN_POINT('Origin',(1002.84418418809,2941.77067809451,3169.70627468473));
#6089=CARTESIAN_POINT('',(1002.84418418809,2941.77067809451,3169.70627468473));
#6090=CARTESIAN_POINT('',(1008.34418418809,2933.27067809451,3169.70627468473));
#6091=CARTESIAN_POINT('Origin',(167.328971205347,2941.77067809451,3147.93962900676));
#6092=CARTESIAN_POINT('',(744.828971205347,2941.77067809451,3147.93962900676));
#6093=CARTESIAN_POINT('',(744.828971205347,2923.77067809451,3147.93962900676));
#6094=CARTESIAN_POINT('',(744.828971205347,2941.77067809451,3147.93962900676));
#6095=CARTESIAN_POINT('',(167.328971205347,2923.77067809451,3147.93962900676));
#6096=CARTESIAN_POINT('',(744.828971205347,2923.77067809451,3147.93962900676));
#6097=CARTESIAN_POINT('',(167.328971205347,2941.77067809451,3147.93962900676));
#6098=CARTESIAN_POINT('',(167.328971205347,2941.77067809451,3147.93962900676));
#6099=CARTESIAN_POINT('',(167.328971205347,2941.77067809451,3147.93962900676));
#6100=CARTESIAN_POINT('Origin',(744.828971205347,2941.77067809451,3147.93962900676));
#6101=CARTESIAN_POINT('',(744.828971205347,2941.77067809451,2283.93962900676));
#6102=CARTESIAN_POINT('',(744.828971205347,2923.77067809451,2283.93962900676));
#6103=CARTESIAN_POINT('',(744.828971205347,2941.77067809451,2283.93962900676));
#6104=CARTESIAN_POINT('',(744.828971205347,2923.77067809451,2283.93962900676));
#6105=CARTESIAN_POINT('',(744.828971205347,2941.77067809451,3147.93962900676));
#6106=CARTESIAN_POINT('Origin',(744.828971205347,2941.77067809451,2283.93962900676));
#6107=CARTESIAN_POINT('',(167.328971205347,2941.77067809451,2283.93962900676));
#6108=CARTESIAN_POINT('',(167.328971205347,2923.77067809451,2283.93962900676));
#6109=CARTESIAN_POINT('',(167.328971205347,2941.77067809451,2283.93962900676));
#6110=CARTESIAN_POINT('',(167.328971205347,2923.77067809451,2283.93962900676));
#6111=CARTESIAN_POINT('',(744.828971205347,2941.77067809451,2283.93962900676));
#6112=CARTESIAN_POINT('Origin',(167.328971205347,2941.77067809451,2283.93962900676));
#6113=CARTESIAN_POINT('',(167.328971205347,2941.77067809451,2283.93962900676));
#6114=CARTESIAN_POINT('',(167.328971205347,2923.77067809451,3147.93962900676));
#6115=CARTESIAN_POINT('Origin',(167.328971205347,2941.77067809451,3147.93962900676));
#6116=CARTESIAN_POINT('',(744.828971205347,2941.77067809451,3147.93962900676));
#6117=CARTESIAN_POINT('',(744.828971205347,2923.77067809451,3147.93962900676));
#6118=CARTESIAN_POINT('',(744.828971205347,2941.77067809451,3147.93962900676));
#6119=CARTESIAN_POINT('',(167.328971205347,2923.77067809451,3147.93962900676));
#6120=CARTESIAN_POINT('',(744.828971205347,2923.77067809451,3147.93962900676));
#6121=CARTESIAN_POINT('',(167.328971205347,2941.77067809451,3147.93962900676));
#6122=CARTESIAN_POINT('',(167.328971205347,2941.77067809451,3147.93962900676));
#6123=CARTESIAN_POINT('',(167.328971205347,2941.77067809451,3147.93962900676));
#6124=CARTESIAN_POINT('Origin',(744.828971205347,2941.77067809451,3147.93962900676));
#6125=CARTESIAN_POINT('',(744.828971205347,2941.77067809451,2283.93962900676));
#6126=CARTESIAN_POINT('',(744.828971205347,2923.77067809451,2283.93962900676));
#6127=CARTESIAN_POINT('',(744.828971205347,2941.77067809451,2283.93962900676));
#6128=CARTESIAN_POINT('',(744.828971205347,2923.77067809451,2283.93962900676));
#6129=CARTESIAN_POINT('',(744.828971205347,2941.77067809451,3147.93962900676));
#6130=CARTESIAN_POINT('Origin',(744.828971205347,2941.77067809451,2283.93962900676));
#6131=CARTESIAN_POINT('',(167.328971205347,2941.77067809451,2283.93962900676));
#6132=CARTESIAN_POINT('',(167.328971205347,2923.77067809451,2283.93962900676));
#6133=CARTESIAN_POINT('',(167.328971205347,2941.77067809451,2283.93962900676));
#6134=CARTESIAN_POINT('',(167.328971205347,2923.77067809451,2283.93962900676));
#6135=CARTESIAN_POINT('',(744.828971205347,2941.77067809451,2283.93962900676));
#6136=CARTESIAN_POINT('Origin',(167.328971205347,2941.77067809451,2283.93962900676));
#6137=CARTESIAN_POINT('',(167.328971205347,2941.77067809451,2283.93962900676));
#6138=CARTESIAN_POINT('',(167.328971205347,2923.77067809451,3147.93962900676));
#6139=CARTESIAN_POINT('Origin',(186.328971205347,2941.77067809451,2277.93962900676));
#6140=CARTESIAN_POINT('',(186.328971205347,2941.77067809451,3153.93962900676));
#6141=CARTESIAN_POINT('',(186.328971205347,2933.27067809451,3153.93962900676));
#6142=CARTESIAN_POINT('',(186.328971205347,2941.77067809451,3153.93962900676));
#6143=CARTESIAN_POINT('',(186.328971205347,2933.27067809451,2277.93962900676));
#6144=CARTESIAN_POINT('',(186.328971205347,2933.27067809451,3153.93962900676));
#6145=CARTESIAN_POINT('',(186.328971205347,2941.77067809451,2277.93962900676));
#6146=CARTESIAN_POINT('',(186.328971205347,2941.77067809451,2277.93962900676));
#6147=CARTESIAN_POINT('',(186.328971205347,2941.77067809451,2277.93962900676));
#6148=CARTESIAN_POINT('Origin',(186.328971205347,2941.77067809451,3153.93962900676));
#6149=CARTESIAN_POINT('',(180.828971205347,2941.77067809451,3153.93962900676));
#6150=CARTESIAN_POINT('',(180.828971205347,2933.27067809451,3153.93962900676));
#6151=CARTESIAN_POINT('',(180.828971205347,2941.77067809451,3153.93962900676));
#6152=CARTESIAN_POINT('',(180.828971205347,2933.27067809451,3153.93962900676));
#6153=CARTESIAN_POINT('',(186.328971205347,2941.77067809451,3153.93962900676));
#6154=CARTESIAN_POINT('Origin',(180.828971205347,2941.77067809451,3153.93962900676));
#6155=CARTESIAN_POINT('',(180.828971205347,2941.77067809451,2277.93962900676));
#6156=CARTESIAN_POINT('',(180.828971205347,2933.27067809451,2277.93962900676));
#6157=CARTESIAN_POINT('',(180.828971205347,2941.77067809451,2277.93962900676));
#6158=CARTESIAN_POINT('',(180.828971205347,2933.27067809451,2277.93962900676));
#6159=CARTESIAN_POINT('',(180.828971205347,2941.77067809451,3153.93962900676));
#6160=CARTESIAN_POINT('Origin',(180.828971205347,2941.77067809451,2277.93962900676));
#6161=CARTESIAN_POINT('',(180.828971205347,2941.77067809451,2277.93962900676));
#6162=CARTESIAN_POINT('',(186.328971205347,2933.27067809451,2277.93962900676));
#6163=CARTESIAN_POINT('Origin',(-126.750479591511,2941.77067809451,3165.04435470076));
#6164=CARTESIAN_POINT('',(6.2495204084892,2941.77067809451,3165.04435470076));
#6165=CARTESIAN_POINT('',(6.2495204084892,2923.77067809451,3165.04435470076));
#6166=CARTESIAN_POINT('',(6.2495204084892,2941.77067809451,3165.04435470076));
#6167=CARTESIAN_POINT('',(-126.750479591511,2923.77067809451,3165.04435470076));
#6168=CARTESIAN_POINT('',(6.24952040848919,2923.77067809451,3165.04435470076));
#6169=CARTESIAN_POINT('',(-126.750479591511,2941.77067809451,3165.04435470076));
#6170=CARTESIAN_POINT('',(-126.750479591511,2941.77067809451,3165.04435470076));
#6171=CARTESIAN_POINT('',(-126.750479591511,2941.77067809451,3165.04435470076));
#6172=CARTESIAN_POINT('Origin',(6.2495204084892,2941.77067809451,3165.04435470076));
#6173=CARTESIAN_POINT('',(6.2495204084892,2941.77067809451,2313.04435470076));
#6174=CARTESIAN_POINT('',(6.2495204084892,2923.77067809451,2313.04435470076));
#6175=CARTESIAN_POINT('',(6.2495204084892,2941.77067809451,2313.04435470076));
#6176=CARTESIAN_POINT('',(6.2495204084892,2923.77067809451,2313.04435470076));
#6177=CARTESIAN_POINT('',(6.2495204084892,2941.77067809451,3165.04435470076));
#6178=CARTESIAN_POINT('Origin',(6.2495204084892,2941.77067809451,2313.04435470076));
#6179=CARTESIAN_POINT('',(-126.750479591511,2941.77067809451,2313.04435470076));
#6180=CARTESIAN_POINT('',(-126.750479591511,2923.77067809451,2313.04435470076));
#6181=CARTESIAN_POINT('',(-126.750479591511,2941.77067809451,2313.04435470076));
#6182=CARTESIAN_POINT('',(-126.750479591511,2923.77067809451,2313.04435470076));
#6183=CARTESIAN_POINT('',(6.2495204084892,2941.77067809451,2313.04435470076));
#6184=CARTESIAN_POINT('Origin',(-126.750479591511,2941.77067809451,2313.04435470076));
#6185=CARTESIAN_POINT('',(-126.750479591511,2941.77067809451,2313.04435470076));
#6186=CARTESIAN_POINT('',(-126.750479591511,2923.77067809451,3165.04435470076));
#6187=CARTESIAN_POINT('Origin',(6.2495204084892,2941.77067809451,2313.04435470076));
#6188=CARTESIAN_POINT('',(-126.750479591511,2941.77067809451,2313.04435470076));
#6189=CARTESIAN_POINT('',(-126.750479591511,2923.77067809451,2313.04435470076));
#6190=CARTESIAN_POINT('',(-126.750479591511,2941.77067809451,2313.04435470076));
#6191=CARTESIAN_POINT('',(6.2495204084892,2923.77067809451,2313.04435470076));
#6192=CARTESIAN_POINT('',(-126.750479591511,2923.77067809451,2313.04435470076));
#6193=CARTESIAN_POINT('',(6.2495204084892,2941.77067809451,2313.04435470076));
#6194=CARTESIAN_POINT('',(6.2495204084892,2941.77067809451,2313.04435470076));
#6195=CARTESIAN_POINT('',(6.2495204084892,2941.77067809451,2313.04435470076));
#6196=CARTESIAN_POINT('Origin',(-126.750479591511,2941.77067809451,2313.04435470076));
#6197=CARTESIAN_POINT('',(-126.750479591511,2941.77067809451,3165.04435470076));
#6198=CARTESIAN_POINT('',(-126.750479591511,2923.77067809451,3165.04435470076));
#6199=CARTESIAN_POINT('',(-126.750479591511,2941.77067809451,3165.04435470076));
#6200=CARTESIAN_POINT('',(-126.750479591511,2923.77067809451,3165.04435470076));
#6201=CARTESIAN_POINT('',(-126.750479591511,2941.77067809451,2313.04435470076));
#6202=CARTESIAN_POINT('Origin',(-126.750479591511,2941.77067809451,3165.04435470076));
#6203=CARTESIAN_POINT('',(6.2495204084892,2941.77067809451,3165.04435470076));
#6204=CARTESIAN_POINT('',(6.2495204084892,2923.77067809451,3165.04435470076));
#6205=CARTESIAN_POINT('',(6.2495204084892,2941.77067809451,3165.04435470076));
#6206=CARTESIAN_POINT('',(6.24952040848919,2923.77067809451,3165.04435470076));
#6207=CARTESIAN_POINT('',(-126.750479591511,2941.77067809451,3165.04435470076));
#6208=CARTESIAN_POINT('Origin',(6.2495204084892,2941.77067809451,3165.04435470076));
#6209=CARTESIAN_POINT('',(6.2495204084892,2941.77067809451,3165.04435470076));
#6210=CARTESIAN_POINT('',(6.2495204084892,2923.77067809451,2313.04435470076));
#6211=CARTESIAN_POINT('Origin',(-115.250479591511,2941.77067809451,2316.04435470076));
#6212=CARTESIAN_POINT('',(-115.250479591511,2941.77067809451,3162.04435470076));
#6213=CARTESIAN_POINT('',(-115.250479591511,2933.27067809451,3162.04435470076));
#6214=CARTESIAN_POINT('',(-115.250479591511,2941.77067809451,3162.04435470076));
#6215=CARTESIAN_POINT('',(-115.250479591511,2933.27067809451,2316.04435470076));
#6216=CARTESIAN_POINT('',(-115.250479591511,2933.27067809451,3162.04435470076));
#6217=CARTESIAN_POINT('',(-115.250479591511,2941.77067809451,2316.04435470076));
#6218=CARTESIAN_POINT('',(-115.250479591511,2941.77067809451,2316.04435470076));
#6219=CARTESIAN_POINT('',(-115.250479591511,2941.77067809451,2316.04435470076));
#6220=CARTESIAN_POINT('Origin',(-115.250479591511,2941.77067809451,3162.04435470076));
#6221=CARTESIAN_POINT('',(-109.750479591511,2941.77067809451,3162.04435470076));
#6222=CARTESIAN_POINT('',(-109.750479591511,2933.27067809451,3162.04435470076));
#6223=CARTESIAN_POINT('',(-109.750479591511,2941.77067809451,3162.04435470076));
#6224=CARTESIAN_POINT('',(-109.750479591511,2933.27067809451,3162.04435470076));
#6225=CARTESIAN_POINT('',(-115.250479591511,2941.77067809451,3162.04435470076));
#6226=CARTESIAN_POINT('Origin',(-109.750479591511,2941.77067809451,3162.04435470076));
#6227=CARTESIAN_POINT('',(-109.750479591511,2941.77067809451,2316.04435470076));
#6228=CARTESIAN_POINT('',(-109.750479591511,2933.27067809451,2316.04435470076));
#6229=CARTESIAN_POINT('',(-109.750479591511,2941.77067809451,2316.04435470076));
#6230=CARTESIAN_POINT('',(-109.750479591511,2933.27067809451,2316.04435470076));
#6231=CARTESIAN_POINT('',(-109.750479591511,2941.77067809451,3162.04435470076));
#6232=CARTESIAN_POINT('Origin',(-109.750479591511,2941.77067809451,2316.04435470076));
#6233=CARTESIAN_POINT('',(-109.750479591511,2941.77067809451,2316.04435470076));
#6234=CARTESIAN_POINT('',(-115.250479591511,2933.27067809451,2316.04435470076));
#6235=UNCERTAINTY_MEASURE_WITH_UNIT(LENGTH_MEASURE(0.01),#6239,
'DISTANCE_ACCURACY_VALUE',
'Maximum model space distance between geometric entities at asserted c
onnectivities');
#6236=UNCERTAINTY_MEASURE_WITH_UNIT(LENGTH_MEASURE(0.01),#6239,
'DISTANCE_ACCURACY_VALUE',
'Maximum model space distance between geometric entities at asserted c
onnectivities');
#6237=(
GEOMETRIC_REPRESENTATION_CONTEXT(3)
GLOBAL_UNCERTAINTY_ASSIGNED_CONTEXT((#6235))
GLOBAL_UNIT_ASSIGNED_CONTEXT((#6239,#6241,#6242))
REPRESENTATION_CONTEXT('','3D')
);
#6238=(
GEOMETRIC_REPRESENTATION_CONTEXT(3)
GLOBAL_UNCERTAINTY_ASSIGNED_CONTEXT((#6236))
GLOBAL_UNIT_ASSIGNED_CONTEXT((#6239,#6241,#6242))
REPRESENTATION_CONTEXT('','3D')
);
#6239=(
LENGTH_UNIT()
NAMED_UNIT(*)
SI_UNIT(.MILLI.,.METRE.)
);
#6240=(
LENGTH_UNIT()
NAMED_UNIT(*)
SI_UNIT($,.METRE.)
);
#6241=(
NAMED_UNIT(*)
PLANE_ANGLE_UNIT()
SI_UNIT($,.RADIAN.)
);
#6242=(
NAMED_UNIT(*)
SI_UNIT($,.STERADIAN.)
SOLID_ANGLE_UNIT()
);
#6243=SHAPE_DEFINITION_REPRESENTATION(#6244,#6245);
#6244=PRODUCT_DEFINITION_SHAPE('',$,#6247);
#6245=SHAPE_REPRESENTATION('',(#3783,#3693,#3694,#3695,#3696,#3697,#3698,
#3699,#3700,#3701,#3702,#3703,#3704,#3705,#3706,#3707,#3708,#3709,#3710,
#3711,#3712,#3713,#3714,#3715,#3716,#3717,#3718,#3719,#3720,#3721,#3722,
#3723,#3724,#3725,#3726,#3727,#3728,#3729,#3730,#3731,#3732,#3733,#3734,
#3735,#3736,#3737,#3738,#3739,#3740,#3741,#3742,#3743,#3744,#3745,#3746,
#3747,#3748,#3749,#3750,#3751,#3752,#3753,#3754,#3755,#3756,#3757,#3758,
#3759,#3760,#3761,#3762,#3763,#3764,#3765,#3766,#3767,#3768,#3769,#3770),
#6237);
#6246=PRODUCT_DEFINITION_CONTEXT('part definition',#6251,'design');
#6247=PRODUCT_DEFINITION('Document','(Unsaved)',#6248,#6246);
#6248=PRODUCT_DEFINITION_FORMATION('',$,#6253);
#6249=PRODUCT_RELATED_PRODUCT_CATEGORY('(Unsaved)','(Unsaved)',(#6253));
#6250=APPLICATION_PROTOCOL_DEFINITION('international standard',
'automotive_design',2009,#6251);
#6251=APPLICATION_CONTEXT(
'Core Data for Automotive Mechanical Design Process');
#6252=PRODUCT_CONTEXT('part definition',#6251,'mechanical');
#6253=PRODUCT('Document','(Unsaved)',$,(#6252));
#6254=PRESENTATION_STYLE_ASSIGNMENT((#6255));
#6255=SURFACE_STYLE_USAGE(.BOTH.,#6256);
#6256=SURFACE_SIDE_STYLE('',(#6257));
#6257=SURFACE_STYLE_FILL_AREA(#6258);
#6258=FILL_AREA_STYLE('Steel - Satin',(#6259));
#6259=FILL_AREA_STYLE_COLOUR('Steel - Satin',#6260);
#6260=COLOUR_RGB('Steel - Satin',0.627450980392157,0.627450980392157,0.627450980392157);
ENDSEC;
END-ISO-10303-21;
