ISO-10303-21;
HEADER;
/* Generated by software containing ST-Developer
 * from STEP Tools, Inc. (www.steptools.com) 
 */

FILE_DESCRIPTION(
/* description */ (''),
/* implementation_level */ '2;1');

FILE_NAME(
/* name */ 'bench.step',
/* time_stamp */ '2026-08-11T21:19:48+02:00',
/* author */ (''),
/* organization */ (''),
/* preprocessor_version */ 'ST-DEVELOPER v20.1',
/* originating_system */ 'Autodesk Translation Framework v15.8.0.0',
/* authorisation */ '');

FILE_SCHEMA (('AUTOMOTIVE_DESIGN { 1 0 10303 214 3 1 1 }'));
ENDSEC;

DATA;
#10=MECHANICAL_DESIGN_GEOMETRIC_PRESENTATION_REPRESENTATION('',(#53,#54,
#55,#56,#57,#58,#59),#3113);
#11=ITEM_DEFINED_TRANSFORMATION($,$,#1973,#2078);
#12=ITEM_DEFINED_TRANSFORMATION($,$,#1994,#2079);
#13=ITEM_DEFINED_TRANSFORMATION($,$,#2015,#2080);
#14=ITEM_DEFINED_TRANSFORMATION($,$,#2036,#2081);
#15=ITEM_DEFINED_TRANSFORMATION($,$,#2057,#2082);
#16=ITEM_DEFINED_TRANSFORMATION($,$,#2064,#2083);
#17=ITEM_DEFINED_TRANSFORMATION($,$,#2071,#2084);
#18=(
REPRESENTATION_RELATIONSHIP($,$,#3142,#3141)
REPRESENTATION_RELATIONSHIP_WITH_TRANSFORMATION(#11)
SHAPE_REPRESENTATION_RELATIONSHIP()
);
#19=(
REPRESENTATION_RELATIONSHIP($,$,#3143,#3141)
REPRESENTATION_RELATIONSHIP_WITH_TRANSFORMATION(#12)
SHAPE_REPRESENTATION_RELATIONSHIP()
);
#20=(
REPRESENTATION_RELATIONSHIP($,$,#3144,#3141)
REPRESENTATION_RELATIONSHIP_WITH_TRANSFORMATION(#13)
SHAPE_REPRESENTATION_RELATIONSHIP()
);
#21=(
REPRESENTATION_RELATIONSHIP($,$,#3145,#3141)
REPRESENTATION_RELATIONSHIP_WITH_TRANSFORMATION(#14)
SHAPE_REPRESENTATION_RELATIONSHIP()
);
#22=(
REPRESENTATION_RELATIONSHIP($,$,#3146,#3141)
REPRESENTATION_RELATIONSHIP_WITH_TRANSFORMATION(#15)
SHAPE_REPRESENTATION_RELATIONSHIP()
);
#23=(
REPRESENTATION_RELATIONSHIP($,$,#3147,#3141)
REPRESENTATION_RELATIONSHIP_WITH_TRANSFORMATION(#16)
SHAPE_REPRESENTATION_RELATIONSHIP()
);
#24=(
REPRESENTATION_RELATIONSHIP($,$,#3148,#3141)
REPRESENTATION_RELATIONSHIP_WITH_TRANSFORMATION(#17)
SHAPE_REPRESENTATION_RELATIONSHIP()
);
#25=CONTEXT_DEPENDENT_SHAPE_REPRESENTATION(#18,#3134);
#26=CONTEXT_DEPENDENT_SHAPE_REPRESENTATION(#19,#3135);
#27=CONTEXT_DEPENDENT_SHAPE_REPRESENTATION(#20,#3136);
#28=CONTEXT_DEPENDENT_SHAPE_REPRESENTATION(#21,#3137);
#29=CONTEXT_DEPENDENT_SHAPE_REPRESENTATION(#22,#3138);
#30=CONTEXT_DEPENDENT_SHAPE_REPRESENTATION(#23,#3139);
#31=CONTEXT_DEPENDENT_SHAPE_REPRESENTATION(#24,#3140);
#32=NEXT_ASSEMBLY_USAGE_OCCURRENCE('Component1:1','Component1:1',
'Component1:1',#3150,#3151,'Component1:1');
#33=NEXT_ASSEMBLY_USAGE_OCCURRENCE('Component2:1','Component2:1',
'Component2:1',#3150,#3152,'Component2:1');
#34=NEXT_ASSEMBLY_USAGE_OCCURRENCE('Component3:1','Component3:1',
'Component3:1',#3150,#3153,'Component3:1');
#35=NEXT_ASSEMBLY_USAGE_OCCURRENCE('Component4:1','Component4:1',
'Component4:1',#3150,#3154,'Component4:1');
#36=NEXT_ASSEMBLY_USAGE_OCCURRENCE('Component5:1','Component5:1',
'Component5:1',#3150,#3155,'Component5:1');
#37=NEXT_ASSEMBLY_USAGE_OCCURRENCE('Component6:1','Component6:1',
'Component6:1',#3150,#3156,'Component6:1');
#38=NEXT_ASSEMBLY_USAGE_OCCURRENCE('Component7:1','Component7:1',
'Component7:1',#3150,#3157,'Component7:1');
#39=SHAPE_REPRESENTATION_RELATIONSHIP('SRR','None',#3142,#46);
#40=SHAPE_REPRESENTATION_RELATIONSHIP('SRR','None',#3143,#47);
#41=SHAPE_REPRESENTATION_RELATIONSHIP('SRR','None',#3144,#48);
#42=SHAPE_REPRESENTATION_RELATIONSHIP('SRR','None',#3145,#49);
#43=SHAPE_REPRESENTATION_RELATIONSHIP('SRR','None',#3146,#50);
#44=SHAPE_REPRESENTATION_RELATIONSHIP('SRR','None',#3147,#51);
#45=SHAPE_REPRESENTATION_RELATIONSHIP('SRR','None',#3148,#52);
#46=ADVANCED_BREP_SHAPE_REPRESENTATION('',(#60),#3106);
#47=ADVANCED_BREP_SHAPE_REPRESENTATION('',(#61),#3107);
#48=ADVANCED_BREP_SHAPE_REPRESENTATION('',(#62),#3108);
#49=ADVANCED_BREP_SHAPE_REPRESENTATION('',(#63),#3109);
#50=ADVANCED_BREP_SHAPE_REPRESENTATION('',(#64),#3110);
#51=ADVANCED_BREP_SHAPE_REPRESENTATION('',(#65),#3111);
#52=ADVANCED_BREP_SHAPE_REPRESENTATION('',(#66),#3112);
#53=STYLED_ITEM('',(#3186),#60);
#54=STYLED_ITEM('',(#3186),#61);
#55=STYLED_ITEM('',(#3186),#62);
#56=STYLED_ITEM('',(#3186),#63);
#57=STYLED_ITEM('',(#3186),#64);
#58=STYLED_ITEM('',(#3186),#65);
#59=STYLED_ITEM('',(#3186),#66);
#60=MANIFOLD_SOLID_BREP('Body1',#1887);
#61=MANIFOLD_SOLID_BREP('Body1',#1888);
#62=MANIFOLD_SOLID_BREP('Body1',#1889);
#63=MANIFOLD_SOLID_BREP('Body1',#1890);
#64=MANIFOLD_SOLID_BREP('Body1',#1891);
#65=MANIFOLD_SOLID_BREP('Body1',#1892);
#66=MANIFOLD_SOLID_BREP('Body1',#1893);
#67=FACE_OUTER_BOUND('',#165,.T.);
#68=FACE_OUTER_BOUND('',#166,.T.);
#69=FACE_OUTER_BOUND('',#167,.T.);
#70=FACE_OUTER_BOUND('',#168,.T.);
#71=FACE_OUTER_BOUND('',#169,.T.);
#72=FACE_OUTER_BOUND('',#170,.T.);
#73=FACE_OUTER_BOUND('',#171,.T.);
#74=FACE_OUTER_BOUND('',#172,.T.);
#75=FACE_OUTER_BOUND('',#173,.T.);
#76=FACE_OUTER_BOUND('',#174,.T.);
#77=FACE_OUTER_BOUND('',#175,.T.);
#78=FACE_OUTER_BOUND('',#176,.T.);
#79=FACE_OUTER_BOUND('',#177,.T.);
#80=FACE_OUTER_BOUND('',#178,.T.);
#81=FACE_OUTER_BOUND('',#179,.T.);
#82=FACE_OUTER_BOUND('',#180,.T.);
#83=FACE_OUTER_BOUND('',#181,.T.);
#84=FACE_OUTER_BOUND('',#182,.T.);
#85=FACE_OUTER_BOUND('',#183,.T.);
#86=FACE_OUTER_BOUND('',#184,.T.);
#87=FACE_OUTER_BOUND('',#185,.T.);
#88=FACE_OUTER_BOUND('',#186,.T.);
#89=FACE_OUTER_BOUND('',#187,.T.);
#90=FACE_OUTER_BOUND('',#188,.T.);
#91=FACE_OUTER_BOUND('',#189,.T.);
#92=FACE_OUTER_BOUND('',#190,.T.);
#93=FACE_OUTER_BOUND('',#191,.T.);
#94=FACE_OUTER_BOUND('',#192,.T.);
#95=FACE_OUTER_BOUND('',#193,.T.);
#96=FACE_OUTER_BOUND('',#194,.T.);
#97=FACE_OUTER_BOUND('',#195,.T.);
#98=FACE_OUTER_BOUND('',#196,.T.);
#99=FACE_OUTER_BOUND('',#197,.T.);
#100=FACE_OUTER_BOUND('',#198,.T.);
#101=FACE_OUTER_BOUND('',#199,.T.);
#102=FACE_OUTER_BOUND('',#200,.T.);
#103=FACE_OUTER_BOUND('',#201,.T.);
#104=FACE_OUTER_BOUND('',#202,.T.);
#105=FACE_OUTER_BOUND('',#203,.T.);
#106=FACE_OUTER_BOUND('',#204,.T.);
#107=FACE_OUTER_BOUND('',#205,.T.);
#108=FACE_OUTER_BOUND('',#206,.T.);
#109=FACE_OUTER_BOUND('',#207,.T.);
#110=FACE_OUTER_BOUND('',#208,.T.);
#111=FACE_OUTER_BOUND('',#209,.T.);
#112=FACE_OUTER_BOUND('',#210,.T.);
#113=FACE_OUTER_BOUND('',#211,.T.);
#114=FACE_OUTER_BOUND('',#212,.T.);
#115=FACE_OUTER_BOUND('',#213,.T.);
#116=FACE_OUTER_BOUND('',#214,.T.);
#117=FACE_OUTER_BOUND('',#215,.T.);
#118=FACE_OUTER_BOUND('',#216,.T.);
#119=FACE_OUTER_BOUND('',#217,.T.);
#120=FACE_OUTER_BOUND('',#218,.T.);
#121=FACE_OUTER_BOUND('',#219,.T.);
#122=FACE_OUTER_BOUND('',#220,.T.);
#123=FACE_OUTER_BOUND('',#221,.T.);
#124=FACE_OUTER_BOUND('',#222,.T.);
#125=FACE_OUTER_BOUND('',#223,.T.);
#126=FACE_OUTER_BOUND('',#224,.T.);
#127=FACE_OUTER_BOUND('',#225,.T.);
#128=FACE_OUTER_BOUND('',#226,.T.);
#129=FACE_OUTER_BOUND('',#227,.T.);
#130=FACE_OUTER_BOUND('',#228,.T.);
#131=FACE_OUTER_BOUND('',#229,.T.);
#132=FACE_OUTER_BOUND('',#230,.T.);
#133=FACE_OUTER_BOUND('',#231,.T.);
#134=FACE_OUTER_BOUND('',#232,.T.);
#135=FACE_OUTER_BOUND('',#233,.T.);
#136=FACE_OUTER_BOUND('',#234,.T.);
#137=FACE_OUTER_BOUND('',#235,.T.);
#138=FACE_OUTER_BOUND('',#236,.T.);
#139=FACE_OUTER_BOUND('',#237,.T.);
#140=FACE_OUTER_BOUND('',#238,.T.);
#141=FACE_OUTER_BOUND('',#239,.T.);
#142=FACE_OUTER_BOUND('',#240,.T.);
#143=FACE_OUTER_BOUND('',#241,.T.);
#144=FACE_OUTER_BOUND('',#242,.T.);
#145=FACE_OUTER_BOUND('',#243,.T.);
#146=FACE_OUTER_BOUND('',#244,.T.);
#147=FACE_OUTER_BOUND('',#245,.T.);
#148=FACE_OUTER_BOUND('',#246,.T.);
#149=FACE_OUTER_BOUND('',#247,.T.);
#150=FACE_OUTER_BOUND('',#248,.T.);
#151=FACE_OUTER_BOUND('',#249,.T.);
#152=FACE_OUTER_BOUND('',#250,.T.);
#153=FACE_OUTER_BOUND('',#251,.T.);
#154=FACE_OUTER_BOUND('',#252,.T.);
#155=FACE_OUTER_BOUND('',#253,.T.);
#156=FACE_OUTER_BOUND('',#254,.T.);
#157=FACE_OUTER_BOUND('',#255,.T.);
#158=FACE_OUTER_BOUND('',#256,.T.);
#159=FACE_OUTER_BOUND('',#257,.T.);
#160=FACE_OUTER_BOUND('',#258,.T.);
#161=FACE_OUTER_BOUND('',#259,.T.);
#162=FACE_OUTER_BOUND('',#260,.T.);
#163=FACE_OUTER_BOUND('',#261,.T.);
#164=FACE_OUTER_BOUND('',#262,.T.);
#165=EDGE_LOOP('',(#1187,#1188,#1189,#1190));
#166=EDGE_LOOP('',(#1191,#1192,#1193,#1194));
#167=EDGE_LOOP('',(#1195,#1196,#1197,#1198));
#168=EDGE_LOOP('',(#1199,#1200,#1201,#1202));
#169=EDGE_LOOP('',(#1203,#1204,#1205,#1206));
#170=EDGE_LOOP('',(#1207,#1208,#1209,#1210));
#171=EDGE_LOOP('',(#1211,#1212,#1213,#1214));
#172=EDGE_LOOP('',(#1215,#1216,#1217,#1218));
#173=EDGE_LOOP('',(#1219,#1220,#1221,#1222));
#174=EDGE_LOOP('',(#1223,#1224,#1225,#1226));
#175=EDGE_LOOP('',(#1227,#1228,#1229,#1230));
#176=EDGE_LOOP('',(#1231,#1232,#1233,#1234));
#177=EDGE_LOOP('',(#1235,#1236,#1237,#1238));
#178=EDGE_LOOP('',(#1239,#1240,#1241,#1242));
#179=EDGE_LOOP('',(#1243,#1244,#1245,#1246));
#180=EDGE_LOOP('',(#1247,#1248,#1249,#1250));
#181=EDGE_LOOP('',(#1251,#1252,#1253,#1254));
#182=EDGE_LOOP('',(#1255,#1256,#1257,#1258));
#183=EDGE_LOOP('',(#1259,#1260,#1261,#1262,#1263,#1264,#1265,#1266,#1267,
#1268,#1269,#1270,#1271,#1272,#1273,#1274,#1275,#1276));
#184=EDGE_LOOP('',(#1277,#1278,#1279,#1280,#1281,#1282,#1283,#1284,#1285,
#1286,#1287,#1288,#1289,#1290,#1291,#1292,#1293,#1294));
#185=EDGE_LOOP('',(#1295,#1296,#1297,#1298));
#186=EDGE_LOOP('',(#1299,#1300,#1301,#1302));
#187=EDGE_LOOP('',(#1303,#1304,#1305,#1306));
#188=EDGE_LOOP('',(#1307,#1308,#1309,#1310));
#189=EDGE_LOOP('',(#1311,#1312,#1313,#1314));
#190=EDGE_LOOP('',(#1315,#1316,#1317,#1318));
#191=EDGE_LOOP('',(#1319,#1320,#1321,#1322));
#192=EDGE_LOOP('',(#1323,#1324,#1325,#1326));
#193=EDGE_LOOP('',(#1327,#1328,#1329,#1330));
#194=EDGE_LOOP('',(#1331,#1332,#1333,#1334));
#195=EDGE_LOOP('',(#1335,#1336,#1337,#1338));
#196=EDGE_LOOP('',(#1339,#1340,#1341,#1342));
#197=EDGE_LOOP('',(#1343,#1344,#1345,#1346));
#198=EDGE_LOOP('',(#1347,#1348,#1349,#1350));
#199=EDGE_LOOP('',(#1351,#1352,#1353,#1354));
#200=EDGE_LOOP('',(#1355,#1356,#1357,#1358));
#201=EDGE_LOOP('',(#1359,#1360,#1361,#1362));
#202=EDGE_LOOP('',(#1363,#1364,#1365,#1366));
#203=EDGE_LOOP('',(#1367,#1368,#1369,#1370,#1371,#1372,#1373,#1374,#1375,
#1376,#1377,#1378,#1379,#1380,#1381,#1382,#1383,#1384));
#204=EDGE_LOOP('',(#1385,#1386,#1387,#1388,#1389,#1390,#1391,#1392,#1393,
#1394,#1395,#1396,#1397,#1398,#1399,#1400,#1401,#1402));
#205=EDGE_LOOP('',(#1403,#1404,#1405,#1406));
#206=EDGE_LOOP('',(#1407,#1408,#1409,#1410));
#207=EDGE_LOOP('',(#1411,#1412,#1413,#1414));
#208=EDGE_LOOP('',(#1415,#1416,#1417,#1418));
#209=EDGE_LOOP('',(#1419,#1420,#1421,#1422));
#210=EDGE_LOOP('',(#1423,#1424,#1425,#1426));
#211=EDGE_LOOP('',(#1427,#1428,#1429,#1430));
#212=EDGE_LOOP('',(#1431,#1432,#1433,#1434));
#213=EDGE_LOOP('',(#1435,#1436,#1437,#1438));
#214=EDGE_LOOP('',(#1439,#1440,#1441,#1442));
#215=EDGE_LOOP('',(#1443,#1444,#1445,#1446));
#216=EDGE_LOOP('',(#1447,#1448,#1449,#1450));
#217=EDGE_LOOP('',(#1451,#1452,#1453,#1454));
#218=EDGE_LOOP('',(#1455,#1456,#1457,#1458));
#219=EDGE_LOOP('',(#1459,#1460,#1461,#1462));
#220=EDGE_LOOP('',(#1463,#1464,#1465,#1466));
#221=EDGE_LOOP('',(#1467,#1468,#1469,#1470));
#222=EDGE_LOOP('',(#1471,#1472,#1473,#1474));
#223=EDGE_LOOP('',(#1475,#1476,#1477,#1478,#1479,#1480,#1481,#1482,#1483,
#1484,#1485,#1486,#1487,#1488,#1489,#1490,#1491,#1492));
#224=EDGE_LOOP('',(#1493,#1494,#1495,#1496,#1497,#1498,#1499,#1500,#1501,
#1502,#1503,#1504,#1505,#1506,#1507,#1508,#1509,#1510));
#225=EDGE_LOOP('',(#1511,#1512,#1513,#1514));
#226=EDGE_LOOP('',(#1515,#1516,#1517,#1518));
#227=EDGE_LOOP('',(#1519,#1520,#1521,#1522));
#228=EDGE_LOOP('',(#1523,#1524,#1525,#1526));
#229=EDGE_LOOP('',(#1527,#1528,#1529,#1530));
#230=EDGE_LOOP('',(#1531,#1532,#1533,#1534));
#231=EDGE_LOOP('',(#1535,#1536,#1537,#1538));
#232=EDGE_LOOP('',(#1539,#1540,#1541,#1542));
#233=EDGE_LOOP('',(#1543,#1544,#1545,#1546));
#234=EDGE_LOOP('',(#1547,#1548,#1549,#1550));
#235=EDGE_LOOP('',(#1551,#1552,#1553,#1554));
#236=EDGE_LOOP('',(#1555,#1556,#1557,#1558));
#237=EDGE_LOOP('',(#1559,#1560,#1561,#1562));
#238=EDGE_LOOP('',(#1563,#1564,#1565,#1566));
#239=EDGE_LOOP('',(#1567,#1568,#1569,#1570));
#240=EDGE_LOOP('',(#1571,#1572,#1573,#1574));
#241=EDGE_LOOP('',(#1575,#1576,#1577,#1578));
#242=EDGE_LOOP('',(#1579,#1580,#1581,#1582));
#243=EDGE_LOOP('',(#1583,#1584,#1585,#1586,#1587,#1588,#1589,#1590,#1591,
#1592,#1593,#1594,#1595,#1596,#1597,#1598,#1599,#1600));
#244=EDGE_LOOP('',(#1601,#1602,#1603,#1604,#1605,#1606,#1607,#1608,#1609,
#1610,#1611,#1612,#1613,#1614,#1615,#1616,#1617,#1618));
#245=EDGE_LOOP('',(#1619,#1620,#1621,#1622));
#246=EDGE_LOOP('',(#1623,#1624,#1625,#1626));
#247=EDGE_LOOP('',(#1627,#1628,#1629,#1630));
#248=EDGE_LOOP('',(#1631,#1632,#1633,#1634));
#249=EDGE_LOOP('',(#1635,#1636,#1637,#1638));
#250=EDGE_LOOP('',(#1639,#1640,#1641,#1642));
#251=EDGE_LOOP('',(#1643,#1644,#1645,#1646));
#252=EDGE_LOOP('',(#1647,#1648,#1649,#1650));
#253=EDGE_LOOP('',(#1651,#1652,#1653,#1654));
#254=EDGE_LOOP('',(#1655,#1656,#1657,#1658));
#255=EDGE_LOOP('',(#1659,#1660,#1661,#1662));
#256=EDGE_LOOP('',(#1663,#1664,#1665,#1666));
#257=EDGE_LOOP('',(#1667,#1668,#1669,#1670));
#258=EDGE_LOOP('',(#1671,#1672,#1673,#1674));
#259=EDGE_LOOP('',(#1675,#1676,#1677,#1678));
#260=EDGE_LOOP('',(#1679,#1680,#1681,#1682));
#261=EDGE_LOOP('',(#1683,#1684,#1685,#1686));
#262=EDGE_LOOP('',(#1687,#1688,#1689,#1690));
#263=LINE('',#2568,#515);
#264=LINE('',#2570,#516);
#265=LINE('',#2572,#517);
#266=LINE('',#2573,#518);
#267=LINE('',#2576,#519);
#268=LINE('',#2578,#520);
#269=LINE('',#2579,#521);
#270=LINE('',#2582,#522);
#271=LINE('',#2584,#523);
#272=LINE('',#2585,#524);
#273=LINE('',#2588,#525);
#274=LINE('',#2590,#526);
#275=LINE('',#2591,#527);
#276=LINE('',#2594,#528);
#277=LINE('',#2596,#529);
#278=LINE('',#2597,#530);
#279=LINE('',#2600,#531);
#280=LINE('',#2602,#532);
#281=LINE('',#2603,#533);
#282=LINE('',#2606,#534);
#283=LINE('',#2608,#535);
#284=LINE('',#2609,#536);
#285=LINE('',#2612,#537);
#286=LINE('',#2614,#538);
#287=LINE('',#2615,#539);
#288=LINE('',#2618,#540);
#289=LINE('',#2620,#541);
#290=LINE('',#2621,#542);
#291=LINE('',#2624,#543);
#292=LINE('',#2626,#544);
#293=LINE('',#2627,#545);
#294=LINE('',#2630,#546);
#295=LINE('',#2632,#547);
#296=LINE('',#2633,#548);
#297=LINE('',#2636,#549);
#298=LINE('',#2638,#550);
#299=LINE('',#2639,#551);
#300=LINE('',#2642,#552);
#301=LINE('',#2644,#553);
#302=LINE('',#2645,#554);
#303=LINE('',#2648,#555);
#304=LINE('',#2650,#556);
#305=LINE('',#2651,#557);
#306=LINE('',#2654,#558);
#307=LINE('',#2656,#559);
#308=LINE('',#2657,#560);
#309=LINE('',#2660,#561);
#310=LINE('',#2662,#562);
#311=LINE('',#2663,#563);
#312=LINE('',#2666,#564);
#313=LINE('',#2668,#565);
#314=LINE('',#2669,#566);
#315=LINE('',#2671,#567);
#316=LINE('',#2672,#568);
#317=LINE('',#2679,#569);
#318=LINE('',#2681,#570);
#319=LINE('',#2683,#571);
#320=LINE('',#2684,#572);
#321=LINE('',#2687,#573);
#322=LINE('',#2689,#574);
#323=LINE('',#2690,#575);
#324=LINE('',#2693,#576);
#325=LINE('',#2695,#577);
#326=LINE('',#2696,#578);
#327=LINE('',#2699,#579);
#328=LINE('',#2701,#580);
#329=LINE('',#2702,#581);
#330=LINE('',#2705,#582);
#331=LINE('',#2707,#583);
#332=LINE('',#2708,#584);
#333=LINE('',#2711,#585);
#334=LINE('',#2713,#586);
#335=LINE('',#2714,#587);
#336=LINE('',#2717,#588);
#337=LINE('',#2719,#589);
#338=LINE('',#2720,#590);
#339=LINE('',#2723,#591);
#340=LINE('',#2725,#592);
#341=LINE('',#2726,#593);
#342=LINE('',#2729,#594);
#343=LINE('',#2731,#595);
#344=LINE('',#2732,#596);
#345=LINE('',#2735,#597);
#346=LINE('',#2737,#598);
#347=LINE('',#2738,#599);
#348=LINE('',#2741,#600);
#349=LINE('',#2743,#601);
#350=LINE('',#2744,#602);
#351=LINE('',#2747,#603);
#352=LINE('',#2749,#604);
#353=LINE('',#2750,#605);
#354=LINE('',#2753,#606);
#355=LINE('',#2755,#607);
#356=LINE('',#2756,#608);
#357=LINE('',#2759,#609);
#358=LINE('',#2761,#610);
#359=LINE('',#2762,#611);
#360=LINE('',#2765,#612);
#361=LINE('',#2767,#613);
#362=LINE('',#2768,#614);
#363=LINE('',#2771,#615);
#364=LINE('',#2773,#616);
#365=LINE('',#2774,#617);
#366=LINE('',#2777,#618);
#367=LINE('',#2779,#619);
#368=LINE('',#2780,#620);
#369=LINE('',#2782,#621);
#370=LINE('',#2783,#622);
#371=LINE('',#2790,#623);
#372=LINE('',#2792,#624);
#373=LINE('',#2794,#625);
#374=LINE('',#2795,#626);
#375=LINE('',#2798,#627);
#376=LINE('',#2800,#628);
#377=LINE('',#2801,#629);
#378=LINE('',#2804,#630);
#379=LINE('',#2806,#631);
#380=LINE('',#2807,#632);
#381=LINE('',#2810,#633);
#382=LINE('',#2812,#634);
#383=LINE('',#2813,#635);
#384=LINE('',#2816,#636);
#385=LINE('',#2818,#637);
#386=LINE('',#2819,#638);
#387=LINE('',#2822,#639);
#388=LINE('',#2824,#640);
#389=LINE('',#2825,#641);
#390=LINE('',#2828,#642);
#391=LINE('',#2830,#643);
#392=LINE('',#2831,#644);
#393=LINE('',#2834,#645);
#394=LINE('',#2836,#646);
#395=LINE('',#2837,#647);
#396=LINE('',#2840,#648);
#397=LINE('',#2842,#649);
#398=LINE('',#2843,#650);
#399=LINE('',#2846,#651);
#400=LINE('',#2848,#652);
#401=LINE('',#2849,#653);
#402=LINE('',#2852,#654);
#403=LINE('',#2854,#655);
#404=LINE('',#2855,#656);
#405=LINE('',#2858,#657);
#406=LINE('',#2860,#658);
#407=LINE('',#2861,#659);
#408=LINE('',#2864,#660);
#409=LINE('',#2866,#661);
#410=LINE('',#2867,#662);
#411=LINE('',#2870,#663);
#412=LINE('',#2872,#664);
#413=LINE('',#2873,#665);
#414=LINE('',#2876,#666);
#415=LINE('',#2878,#667);
#416=LINE('',#2879,#668);
#417=LINE('',#2882,#669);
#418=LINE('',#2884,#670);
#419=LINE('',#2885,#671);
#420=LINE('',#2888,#672);
#421=LINE('',#2890,#673);
#422=LINE('',#2891,#674);
#423=LINE('',#2893,#675);
#424=LINE('',#2894,#676);
#425=LINE('',#2901,#677);
#426=LINE('',#2903,#678);
#427=LINE('',#2905,#679);
#428=LINE('',#2906,#680);
#429=LINE('',#2909,#681);
#430=LINE('',#2911,#682);
#431=LINE('',#2912,#683);
#432=LINE('',#2915,#684);
#433=LINE('',#2917,#685);
#434=LINE('',#2918,#686);
#435=LINE('',#2921,#687);
#436=LINE('',#2923,#688);
#437=LINE('',#2924,#689);
#438=LINE('',#2927,#690);
#439=LINE('',#2929,#691);
#440=LINE('',#2930,#692);
#441=LINE('',#2933,#693);
#442=LINE('',#2935,#694);
#443=LINE('',#2936,#695);
#444=LINE('',#2939,#696);
#445=LINE('',#2941,#697);
#446=LINE('',#2942,#698);
#447=LINE('',#2945,#699);
#448=LINE('',#2947,#700);
#449=LINE('',#2948,#701);
#450=LINE('',#2951,#702);
#451=LINE('',#2953,#703);
#452=LINE('',#2954,#704);
#453=LINE('',#2957,#705);
#454=LINE('',#2959,#706);
#455=LINE('',#2960,#707);
#456=LINE('',#2963,#708);
#457=LINE('',#2965,#709);
#458=LINE('',#2966,#710);
#459=LINE('',#2969,#711);
#460=LINE('',#2971,#712);
#461=LINE('',#2972,#713);
#462=LINE('',#2975,#714);
#463=LINE('',#2977,#715);
#464=LINE('',#2978,#716);
#465=LINE('',#2981,#717);
#466=LINE('',#2983,#718);
#467=LINE('',#2984,#719);
#468=LINE('',#2987,#720);
#469=LINE('',#2989,#721);
#470=LINE('',#2990,#722);
#471=LINE('',#2993,#723);
#472=LINE('',#2995,#724);
#473=LINE('',#2996,#725);
#474=LINE('',#2999,#726);
#475=LINE('',#3001,#727);
#476=LINE('',#3002,#728);
#477=LINE('',#3004,#729);
#478=LINE('',#3005,#730);
#479=LINE('',#3012,#731);
#480=LINE('',#3014,#732);
#481=LINE('',#3016,#733);
#482=LINE('',#3017,#734);
#483=LINE('',#3020,#735);
#484=LINE('',#3022,#736);
#485=LINE('',#3023,#737);
#486=LINE('',#3026,#738);
#487=LINE('',#3028,#739);
#488=LINE('',#3029,#740);
#489=LINE('',#3031,#741);
#490=LINE('',#3032,#742);
#491=LINE('',#3039,#743);
#492=LINE('',#3041,#744);
#493=LINE('',#3043,#745);
#494=LINE('',#3044,#746);
#495=LINE('',#3047,#747);
#496=LINE('',#3049,#748);
#497=LINE('',#3050,#749);
#498=LINE('',#3053,#750);
#499=LINE('',#3055,#751);
#500=LINE('',#3056,#752);
#501=LINE('',#3058,#753);
#502=LINE('',#3059,#754);
#503=LINE('',#3066,#755);
#504=LINE('',#3068,#756);
#505=LINE('',#3070,#757);
#506=LINE('',#3071,#758);
#507=LINE('',#3074,#759);
#508=LINE('',#3076,#760);
#509=LINE('',#3077,#761);
#510=LINE('',#3080,#762);
#511=LINE('',#3082,#763);
#512=LINE('',#3083,#764);
#513=LINE('',#3085,#765);
#514=LINE('',#3086,#766);
#515=VECTOR('',#2091,10.);
#516=VECTOR('',#2092,10.);
#517=VECTOR('',#2093,10.);
#518=VECTOR('',#2094,10.);
#519=VECTOR('',#2097,10.);
#520=VECTOR('',#2098,10.);
#521=VECTOR('',#2099,10.);
#522=VECTOR('',#2102,10.);
#523=VECTOR('',#2103,10.);
#524=VECTOR('',#2104,10.);
#525=VECTOR('',#2107,10.);
#526=VECTOR('',#2108,10.);
#527=VECTOR('',#2109,10.);
#528=VECTOR('',#2112,10.);
#529=VECTOR('',#2113,10.);
#530=VECTOR('',#2114,10.);
#531=VECTOR('',#2117,10.);
#532=VECTOR('',#2118,10.);
#533=VECTOR('',#2119,10.);
#534=VECTOR('',#2122,10.);
#535=VECTOR('',#2123,10.);
#536=VECTOR('',#2124,10.);
#537=VECTOR('',#2127,10.);
#538=VECTOR('',#2128,10.);
#539=VECTOR('',#2129,10.);
#540=VECTOR('',#2132,10.);
#541=VECTOR('',#2133,10.);
#542=VECTOR('',#2134,10.);
#543=VECTOR('',#2137,10.);
#544=VECTOR('',#2138,10.);
#545=VECTOR('',#2139,10.);
#546=VECTOR('',#2142,10.);
#547=VECTOR('',#2143,10.);
#548=VECTOR('',#2144,10.);
#549=VECTOR('',#2147,10.);
#550=VECTOR('',#2148,10.);
#551=VECTOR('',#2149,10.);
#552=VECTOR('',#2152,10.);
#553=VECTOR('',#2153,10.);
#554=VECTOR('',#2154,10.);
#555=VECTOR('',#2157,9.99999999999998);
#556=VECTOR('',#2158,9.99999999999998);
#557=VECTOR('',#2159,10.);
#558=VECTOR('',#2162,10.);
#559=VECTOR('',#2163,10.);
#560=VECTOR('',#2164,10.);
#561=VECTOR('',#2167,10.);
#562=VECTOR('',#2168,10.);
#563=VECTOR('',#2169,10.);
#564=VECTOR('',#2172,10.);
#565=VECTOR('',#2173,10.);
#566=VECTOR('',#2174,10.);
#567=VECTOR('',#2177,10.);
#568=VECTOR('',#2178,10.);
#569=VECTOR('',#2187,10.);
#570=VECTOR('',#2188,10.);
#571=VECTOR('',#2189,10.);
#572=VECTOR('',#2190,10.);
#573=VECTOR('',#2193,10.);
#574=VECTOR('',#2194,10.);
#575=VECTOR('',#2195,10.);
#576=VECTOR('',#2198,10.);
#577=VECTOR('',#2199,10.);
#578=VECTOR('',#2200,10.);
#579=VECTOR('',#2203,10.);
#580=VECTOR('',#2204,10.);
#581=VECTOR('',#2205,10.);
#582=VECTOR('',#2208,10.);
#583=VECTOR('',#2209,10.);
#584=VECTOR('',#2210,10.);
#585=VECTOR('',#2213,10.);
#586=VECTOR('',#2214,10.);
#587=VECTOR('',#2215,10.);
#588=VECTOR('',#2218,10.);
#589=VECTOR('',#2219,10.);
#590=VECTOR('',#2220,10.);
#591=VECTOR('',#2223,10.);
#592=VECTOR('',#2224,10.);
#593=VECTOR('',#2225,10.);
#594=VECTOR('',#2228,10.);
#595=VECTOR('',#2229,10.);
#596=VECTOR('',#2230,10.);
#597=VECTOR('',#2233,10.);
#598=VECTOR('',#2234,10.);
#599=VECTOR('',#2235,10.);
#600=VECTOR('',#2238,10.);
#601=VECTOR('',#2239,10.);
#602=VECTOR('',#2240,10.);
#603=VECTOR('',#2243,10.);
#604=VECTOR('',#2244,10.);
#605=VECTOR('',#2245,10.);
#606=VECTOR('',#2248,10.);
#607=VECTOR('',#2249,10.);
#608=VECTOR('',#2250,10.);
#609=VECTOR('',#2253,9.99999999999998);
#610=VECTOR('',#2254,9.99999999999998);
#611=VECTOR('',#2255,10.);
#612=VECTOR('',#2258,10.);
#613=VECTOR('',#2259,10.);
#614=VECTOR('',#2260,10.);
#615=VECTOR('',#2263,10.);
#616=VECTOR('',#2264,10.);
#617=VECTOR('',#2265,10.);
#618=VECTOR('',#2268,10.);
#619=VECTOR('',#2269,10.);
#620=VECTOR('',#2270,10.);
#621=VECTOR('',#2273,10.);
#622=VECTOR('',#2274,10.);
#623=VECTOR('',#2283,10.);
#624=VECTOR('',#2284,10.);
#625=VECTOR('',#2285,10.);
#626=VECTOR('',#2286,10.);
#627=VECTOR('',#2289,10.);
#628=VECTOR('',#2290,10.);
#629=VECTOR('',#2291,10.);
#630=VECTOR('',#2294,10.);
#631=VECTOR('',#2295,10.);
#632=VECTOR('',#2296,10.);
#633=VECTOR('',#2299,10.);
#634=VECTOR('',#2300,10.);
#635=VECTOR('',#2301,10.);
#636=VECTOR('',#2304,10.);
#637=VECTOR('',#2305,10.);
#638=VECTOR('',#2306,10.);
#639=VECTOR('',#2309,10.);
#640=VECTOR('',#2310,10.);
#641=VECTOR('',#2311,10.);
#642=VECTOR('',#2314,10.);
#643=VECTOR('',#2315,10.);
#644=VECTOR('',#2316,10.);
#645=VECTOR('',#2319,10.);
#646=VECTOR('',#2320,10.);
#647=VECTOR('',#2321,10.);
#648=VECTOR('',#2324,10.);
#649=VECTOR('',#2325,10.);
#650=VECTOR('',#2326,10.);
#651=VECTOR('',#2329,10.);
#652=VECTOR('',#2330,10.);
#653=VECTOR('',#2331,10.);
#654=VECTOR('',#2334,10.);
#655=VECTOR('',#2335,10.);
#656=VECTOR('',#2336,10.);
#657=VECTOR('',#2339,10.);
#658=VECTOR('',#2340,10.);
#659=VECTOR('',#2341,10.);
#660=VECTOR('',#2344,10.);
#661=VECTOR('',#2345,10.);
#662=VECTOR('',#2346,10.);
#663=VECTOR('',#2349,9.99999999999998);
#664=VECTOR('',#2350,9.99999999999998);
#665=VECTOR('',#2351,10.);
#666=VECTOR('',#2354,10.);
#667=VECTOR('',#2355,10.);
#668=VECTOR('',#2356,10.);
#669=VECTOR('',#2359,10.);
#670=VECTOR('',#2360,10.);
#671=VECTOR('',#2361,10.);
#672=VECTOR('',#2364,10.);
#673=VECTOR('',#2365,10.);
#674=VECTOR('',#2366,10.);
#675=VECTOR('',#2369,10.);
#676=VECTOR('',#2370,10.);
#677=VECTOR('',#2379,10.);
#678=VECTOR('',#2380,10.);
#679=VECTOR('',#2381,10.);
#680=VECTOR('',#2382,10.);
#681=VECTOR('',#2385,10.);
#682=VECTOR('',#2386,10.);
#683=VECTOR('',#2387,10.);
#684=VECTOR('',#2390,10.);
#685=VECTOR('',#2391,10.);
#686=VECTOR('',#2392,10.);
#687=VECTOR('',#2395,10.);
#688=VECTOR('',#2396,10.);
#689=VECTOR('',#2397,10.);
#690=VECTOR('',#2400,10.);
#691=VECTOR('',#2401,10.);
#692=VECTOR('',#2402,10.);
#693=VECTOR('',#2405,10.);
#694=VECTOR('',#2406,10.);
#695=VECTOR('',#2407,10.);
#696=VECTOR('',#2410,10.);
#697=VECTOR('',#2411,10.);
#698=VECTOR('',#2412,10.);
#699=VECTOR('',#2415,10.);
#700=VECTOR('',#2416,10.);
#701=VECTOR('',#2417,10.);
#702=VECTOR('',#2420,10.);
#703=VECTOR('',#2421,10.);
#704=VECTOR('',#2422,10.);
#705=VECTOR('',#2425,10.);
#706=VECTOR('',#2426,10.);
#707=VECTOR('',#2427,10.);
#708=VECTOR('',#2430,10.);
#709=VECTOR('',#2431,10.);
#710=VECTOR('',#2432,10.);
#711=VECTOR('',#2435,10.);
#712=VECTOR('',#2436,10.);
#713=VECTOR('',#2437,10.);
#714=VECTOR('',#2440,10.);
#715=VECTOR('',#2441,10.);
#716=VECTOR('',#2442,10.);
#717=VECTOR('',#2445,9.99999999999998);
#718=VECTOR('',#2446,9.99999999999998);
#719=VECTOR('',#2447,10.);
#720=VECTOR('',#2450,10.);
#721=VECTOR('',#2451,10.);
#722=VECTOR('',#2452,10.);
#723=VECTOR('',#2455,10.);
#724=VECTOR('',#2456,10.);
#725=VECTOR('',#2457,10.);
#726=VECTOR('',#2460,10.);
#727=VECTOR('',#2461,10.);
#728=VECTOR('',#2462,10.);
#729=VECTOR('',#2465,10.);
#730=VECTOR('',#2466,10.);
#731=VECTOR('',#2475,10.);
#732=VECTOR('',#2476,10.);
#733=VECTOR('',#2477,10.);
#734=VECTOR('',#2478,10.);
#735=VECTOR('',#2481,10.);
#736=VECTOR('',#2482,10.);
#737=VECTOR('',#2483,10.);
#738=VECTOR('',#2486,10.);
#739=VECTOR('',#2487,10.);
#740=VECTOR('',#2488,10.);
#741=VECTOR('',#2491,10.);
#742=VECTOR('',#2492,10.);
#743=VECTOR('',#2501,10.);
#744=VECTOR('',#2502,9.99999999999999);
#745=VECTOR('',#2503,10.);
#746=VECTOR('',#2504,9.99999999999999);
#747=VECTOR('',#2507,10.);
#748=VECTOR('',#2508,10.);
#749=VECTOR('',#2509,9.99999999999999);
#750=VECTOR('',#2512,10.);
#751=VECTOR('',#2513,10.);
#752=VECTOR('',#2514,9.99999999999999);
#753=VECTOR('',#2517,10.);
#754=VECTOR('',#2518,10.);
#755=VECTOR('',#2527,10.);
#756=VECTOR('',#2528,10.);
#757=VECTOR('',#2529,10.);
#758=VECTOR('',#2530,10.);
#759=VECTOR('',#2533,10.);
#760=VECTOR('',#2534,10.);
#761=VECTOR('',#2535,10.);
#762=VECTOR('',#2538,10.);
#763=VECTOR('',#2539,10.);
#764=VECTOR('',#2540,10.);
#765=VECTOR('',#2543,10.);
#766=VECTOR('',#2544,10.);
#767=VERTEX_POINT('',#2566);
#768=VERTEX_POINT('',#2567);
#769=VERTEX_POINT('',#2569);
#770=VERTEX_POINT('',#2571);
#771=VERTEX_POINT('',#2575);
#772=VERTEX_POINT('',#2577);
#773=VERTEX_POINT('',#2581);
#774=VERTEX_POINT('',#2583);
#775=VERTEX_POINT('',#2587);
#776=VERTEX_POINT('',#2589);
#777=VERTEX_POINT('',#2593);
#778=VERTEX_POINT('',#2595);
#779=VERTEX_POINT('',#2599);
#780=VERTEX_POINT('',#2601);
#781=VERTEX_POINT('',#2605);
#782=VERTEX_POINT('',#2607);
#783=VERTEX_POINT('',#2611);
#784=VERTEX_POINT('',#2613);
#785=VERTEX_POINT('',#2617);
#786=VERTEX_POINT('',#2619);
#787=VERTEX_POINT('',#2623);
#788=VERTEX_POINT('',#2625);
#789=VERTEX_POINT('',#2629);
#790=VERTEX_POINT('',#2631);
#791=VERTEX_POINT('',#2635);
#792=VERTEX_POINT('',#2637);
#793=VERTEX_POINT('',#2641);
#794=VERTEX_POINT('',#2643);
#795=VERTEX_POINT('',#2647);
#796=VERTEX_POINT('',#2649);
#797=VERTEX_POINT('',#2653);
#798=VERTEX_POINT('',#2655);
#799=VERTEX_POINT('',#2659);
#800=VERTEX_POINT('',#2661);
#801=VERTEX_POINT('',#2665);
#802=VERTEX_POINT('',#2667);
#803=VERTEX_POINT('',#2677);
#804=VERTEX_POINT('',#2678);
#805=VERTEX_POINT('',#2680);
#806=VERTEX_POINT('',#2682);
#807=VERTEX_POINT('',#2686);
#808=VERTEX_POINT('',#2688);
#809=VERTEX_POINT('',#2692);
#810=VERTEX_POINT('',#2694);
#811=VERTEX_POINT('',#2698);
#812=VERTEX_POINT('',#2700);
#813=VERTEX_POINT('',#2704);
#814=VERTEX_POINT('',#2706);
#815=VERTEX_POINT('',#2710);
#816=VERTEX_POINT('',#2712);
#817=VERTEX_POINT('',#2716);
#818=VERTEX_POINT('',#2718);
#819=VERTEX_POINT('',#2722);
#820=VERTEX_POINT('',#2724);
#821=VERTEX_POINT('',#2728);
#822=VERTEX_POINT('',#2730);
#823=VERTEX_POINT('',#2734);
#824=VERTEX_POINT('',#2736);
#825=VERTEX_POINT('',#2740);
#826=VERTEX_POINT('',#2742);
#827=VERTEX_POINT('',#2746);
#828=VERTEX_POINT('',#2748);
#829=VERTEX_POINT('',#2752);
#830=VERTEX_POINT('',#2754);
#831=VERTEX_POINT('',#2758);
#832=VERTEX_POINT('',#2760);
#833=VERTEX_POINT('',#2764);
#834=VERTEX_POINT('',#2766);
#835=VERTEX_POINT('',#2770);
#836=VERTEX_POINT('',#2772);
#837=VERTEX_POINT('',#2776);
#838=VERTEX_POINT('',#2778);
#839=VERTEX_POINT('',#2788);
#840=VERTEX_POINT('',#2789);
#841=VERTEX_POINT('',#2791);
#842=VERTEX_POINT('',#2793);
#843=VERTEX_POINT('',#2797);
#844=VERTEX_POINT('',#2799);
#845=VERTEX_POINT('',#2803);
#846=VERTEX_POINT('',#2805);
#847=VERTEX_POINT('',#2809);
#848=VERTEX_POINT('',#2811);
#849=VERTEX_POINT('',#2815);
#850=VERTEX_POINT('',#2817);
#851=VERTEX_POINT('',#2821);
#852=VERTEX_POINT('',#2823);
#853=VERTEX_POINT('',#2827);
#854=VERTEX_POINT('',#2829);
#855=VERTEX_POINT('',#2833);
#856=VERTEX_POINT('',#2835);
#857=VERTEX_POINT('',#2839);
#858=VERTEX_POINT('',#2841);
#859=VERTEX_POINT('',#2845);
#860=VERTEX_POINT('',#2847);
#861=VERTEX_POINT('',#2851);
#862=VERTEX_POINT('',#2853);
#863=VERTEX_POINT('',#2857);
#864=VERTEX_POINT('',#2859);
#865=VERTEX_POINT('',#2863);
#866=VERTEX_POINT('',#2865);
#867=VERTEX_POINT('',#2869);
#868=VERTEX_POINT('',#2871);
#869=VERTEX_POINT('',#2875);
#870=VERTEX_POINT('',#2877);
#871=VERTEX_POINT('',#2881);
#872=VERTEX_POINT('',#2883);
#873=VERTEX_POINT('',#2887);
#874=VERTEX_POINT('',#2889);
#875=VERTEX_POINT('',#2899);
#876=VERTEX_POINT('',#2900);
#877=VERTEX_POINT('',#2902);
#878=VERTEX_POINT('',#2904);
#879=VERTEX_POINT('',#2908);
#880=VERTEX_POINT('',#2910);
#881=VERTEX_POINT('',#2914);
#882=VERTEX_POINT('',#2916);
#883=VERTEX_POINT('',#2920);
#884=VERTEX_POINT('',#2922);
#885=VERTEX_POINT('',#2926);
#886=VERTEX_POINT('',#2928);
#887=VERTEX_POINT('',#2932);
#888=VERTEX_POINT('',#2934);
#889=VERTEX_POINT('',#2938);
#890=VERTEX_POINT('',#2940);
#891=VERTEX_POINT('',#2944);
#892=VERTEX_POINT('',#2946);
#893=VERTEX_POINT('',#2950);
#894=VERTEX_POINT('',#2952);
#895=VERTEX_POINT('',#2956);
#896=VERTEX_POINT('',#2958);
#897=VERTEX_POINT('',#2962);
#898=VERTEX_POINT('',#2964);
#899=VERTEX_POINT('',#2968);
#900=VERTEX_POINT('',#2970);
#901=VERTEX_POINT('',#2974);
#902=VERTEX_POINT('',#2976);
#903=VERTEX_POINT('',#2980);
#904=VERTEX_POINT('',#2982);
#905=VERTEX_POINT('',#2986);
#906=VERTEX_POINT('',#2988);
#907=VERTEX_POINT('',#2992);
#908=VERTEX_POINT('',#2994);
#909=VERTEX_POINT('',#2998);
#910=VERTEX_POINT('',#3000);
#911=VERTEX_POINT('',#3010);
#912=VERTEX_POINT('',#3011);
#913=VERTEX_POINT('',#3013);
#914=VERTEX_POINT('',#3015);
#915=VERTEX_POINT('',#3019);
#916=VERTEX_POINT('',#3021);
#917=VERTEX_POINT('',#3025);
#918=VERTEX_POINT('',#3027);
#919=VERTEX_POINT('',#3037);
#920=VERTEX_POINT('',#3038);
#921=VERTEX_POINT('',#3040);
#922=VERTEX_POINT('',#3042);
#923=VERTEX_POINT('',#3046);
#924=VERTEX_POINT('',#3048);
#925=VERTEX_POINT('',#3052);
#926=VERTEX_POINT('',#3054);
#927=VERTEX_POINT('',#3064);
#928=VERTEX_POINT('',#3065);
#929=VERTEX_POINT('',#3067);
#930=VERTEX_POINT('',#3069);
#931=VERTEX_POINT('',#3073);
#932=VERTEX_POINT('',#3075);
#933=VERTEX_POINT('',#3079);
#934=VERTEX_POINT('',#3081);
#935=EDGE_CURVE('',#767,#768,#263,.T.);
#936=EDGE_CURVE('',#767,#769,#264,.T.);
#937=EDGE_CURVE('',#770,#769,#265,.T.);
#938=EDGE_CURVE('',#768,#770,#266,.T.);
#939=EDGE_CURVE('',#768,#771,#267,.T.);
#940=EDGE_CURVE('',#772,#770,#268,.T.);
#941=EDGE_CURVE('',#771,#772,#269,.T.);
#942=EDGE_CURVE('',#771,#773,#270,.T.);
#943=EDGE_CURVE('',#774,#772,#271,.T.);
#944=EDGE_CURVE('',#773,#774,#272,.T.);
#945=EDGE_CURVE('',#773,#775,#273,.T.);
#946=EDGE_CURVE('',#776,#774,#274,.T.);
#947=EDGE_CURVE('',#775,#776,#275,.T.);
#948=EDGE_CURVE('',#775,#777,#276,.T.);
#949=EDGE_CURVE('',#778,#776,#277,.T.);
#950=EDGE_CURVE('',#777,#778,#278,.T.);
#951=EDGE_CURVE('',#777,#779,#279,.T.);
#952=EDGE_CURVE('',#780,#778,#280,.T.);
#953=EDGE_CURVE('',#779,#780,#281,.T.);
#954=EDGE_CURVE('',#779,#781,#282,.T.);
#955=EDGE_CURVE('',#782,#780,#283,.T.);
#956=EDGE_CURVE('',#781,#782,#284,.T.);
#957=EDGE_CURVE('',#781,#783,#285,.T.);
#958=EDGE_CURVE('',#784,#782,#286,.T.);
#959=EDGE_CURVE('',#783,#784,#287,.T.);
#960=EDGE_CURVE('',#783,#785,#288,.T.);
#961=EDGE_CURVE('',#786,#784,#289,.T.);
#962=EDGE_CURVE('',#785,#786,#290,.T.);
#963=EDGE_CURVE('',#785,#787,#291,.T.);
#964=EDGE_CURVE('',#788,#786,#292,.T.);
#965=EDGE_CURVE('',#787,#788,#293,.T.);
#966=EDGE_CURVE('',#787,#789,#294,.T.);
#967=EDGE_CURVE('',#790,#788,#295,.T.);
#968=EDGE_CURVE('',#789,#790,#296,.T.);
#969=EDGE_CURVE('',#789,#791,#297,.T.);
#970=EDGE_CURVE('',#792,#790,#298,.T.);
#971=EDGE_CURVE('',#791,#792,#299,.T.);
#972=EDGE_CURVE('',#791,#793,#300,.T.);
#973=EDGE_CURVE('',#794,#792,#301,.T.);
#974=EDGE_CURVE('',#793,#794,#302,.T.);
#975=EDGE_CURVE('',#793,#795,#303,.T.);
#976=EDGE_CURVE('',#796,#794,#304,.T.);
#977=EDGE_CURVE('',#795,#796,#305,.T.);
#978=EDGE_CURVE('',#795,#797,#306,.T.);
#979=EDGE_CURVE('',#798,#796,#307,.T.);
#980=EDGE_CURVE('',#797,#798,#308,.T.);
#981=EDGE_CURVE('',#797,#799,#309,.T.);
#982=EDGE_CURVE('',#800,#798,#310,.T.);
#983=EDGE_CURVE('',#799,#800,#311,.T.);
#984=EDGE_CURVE('',#799,#801,#312,.T.);
#985=EDGE_CURVE('',#802,#800,#313,.T.);
#986=EDGE_CURVE('',#801,#802,#314,.T.);
#987=EDGE_CURVE('',#801,#767,#315,.T.);
#988=EDGE_CURVE('',#769,#802,#316,.T.);
#989=EDGE_CURVE('',#803,#804,#317,.T.);
#990=EDGE_CURVE('',#803,#805,#318,.T.);
#991=EDGE_CURVE('',#806,#805,#319,.T.);
#992=EDGE_CURVE('',#804,#806,#320,.T.);
#993=EDGE_CURVE('',#804,#807,#321,.T.);
#994=EDGE_CURVE('',#808,#806,#322,.T.);
#995=EDGE_CURVE('',#807,#808,#323,.T.);
#996=EDGE_CURVE('',#807,#809,#324,.T.);
#997=EDGE_CURVE('',#810,#808,#325,.T.);
#998=EDGE_CURVE('',#809,#810,#326,.T.);
#999=EDGE_CURVE('',#809,#811,#327,.T.);
#1000=EDGE_CURVE('',#812,#810,#328,.T.);
#1001=EDGE_CURVE('',#811,#812,#329,.T.);
#1002=EDGE_CURVE('',#811,#813,#330,.T.);
#1003=EDGE_CURVE('',#814,#812,#331,.T.);
#1004=EDGE_CURVE('',#813,#814,#332,.T.);
#1005=EDGE_CURVE('',#813,#815,#333,.T.);
#1006=EDGE_CURVE('',#816,#814,#334,.T.);
#1007=EDGE_CURVE('',#815,#816,#335,.T.);
#1008=EDGE_CURVE('',#815,#817,#336,.T.);
#1009=EDGE_CURVE('',#818,#816,#337,.T.);
#1010=EDGE_CURVE('',#817,#818,#338,.T.);
#1011=EDGE_CURVE('',#817,#819,#339,.T.);
#1012=EDGE_CURVE('',#820,#818,#340,.T.);
#1013=EDGE_CURVE('',#819,#820,#341,.T.);
#1014=EDGE_CURVE('',#819,#821,#342,.T.);
#1015=EDGE_CURVE('',#822,#820,#343,.T.);
#1016=EDGE_CURVE('',#821,#822,#344,.T.);
#1017=EDGE_CURVE('',#821,#823,#345,.T.);
#1018=EDGE_CURVE('',#824,#822,#346,.T.);
#1019=EDGE_CURVE('',#823,#824,#347,.T.);
#1020=EDGE_CURVE('',#823,#825,#348,.T.);
#1021=EDGE_CURVE('',#826,#824,#349,.T.);
#1022=EDGE_CURVE('',#825,#826,#350,.T.);
#1023=EDGE_CURVE('',#825,#827,#351,.T.);
#1024=EDGE_CURVE('',#828,#826,#352,.T.);
#1025=EDGE_CURVE('',#827,#828,#353,.T.);
#1026=EDGE_CURVE('',#827,#829,#354,.T.);
#1027=EDGE_CURVE('',#830,#828,#355,.T.);
#1028=EDGE_CURVE('',#829,#830,#356,.T.);
#1029=EDGE_CURVE('',#829,#831,#357,.T.);
#1030=EDGE_CURVE('',#832,#830,#358,.T.);
#1031=EDGE_CURVE('',#831,#832,#359,.T.);
#1032=EDGE_CURVE('',#831,#833,#360,.T.);
#1033=EDGE_CURVE('',#834,#832,#361,.T.);
#1034=EDGE_CURVE('',#833,#834,#362,.T.);
#1035=EDGE_CURVE('',#833,#835,#363,.T.);
#1036=EDGE_CURVE('',#836,#834,#364,.T.);
#1037=EDGE_CURVE('',#835,#836,#365,.T.);
#1038=EDGE_CURVE('',#835,#837,#366,.T.);
#1039=EDGE_CURVE('',#838,#836,#367,.T.);
#1040=EDGE_CURVE('',#837,#838,#368,.T.);
#1041=EDGE_CURVE('',#837,#803,#369,.T.);
#1042=EDGE_CURVE('',#805,#838,#370,.T.);
#1043=EDGE_CURVE('',#839,#840,#371,.T.);
#1044=EDGE_CURVE('',#839,#841,#372,.T.);
#1045=EDGE_CURVE('',#842,#841,#373,.T.);
#1046=EDGE_CURVE('',#840,#842,#374,.T.);
#1047=EDGE_CURVE('',#840,#843,#375,.T.);
#1048=EDGE_CURVE('',#844,#842,#376,.T.);
#1049=EDGE_CURVE('',#843,#844,#377,.T.);
#1050=EDGE_CURVE('',#843,#845,#378,.T.);
#1051=EDGE_CURVE('',#846,#844,#379,.T.);
#1052=EDGE_CURVE('',#845,#846,#380,.T.);
#1053=EDGE_CURVE('',#845,#847,#381,.T.);
#1054=EDGE_CURVE('',#848,#846,#382,.T.);
#1055=EDGE_CURVE('',#847,#848,#383,.T.);
#1056=EDGE_CURVE('',#847,#849,#384,.T.);
#1057=EDGE_CURVE('',#850,#848,#385,.T.);
#1058=EDGE_CURVE('',#849,#850,#386,.T.);
#1059=EDGE_CURVE('',#849,#851,#387,.T.);
#1060=EDGE_CURVE('',#852,#850,#388,.T.);
#1061=EDGE_CURVE('',#851,#852,#389,.T.);
#1062=EDGE_CURVE('',#851,#853,#390,.T.);
#1063=EDGE_CURVE('',#854,#852,#391,.T.);
#1064=EDGE_CURVE('',#853,#854,#392,.T.);
#1065=EDGE_CURVE('',#853,#855,#393,.T.);
#1066=EDGE_CURVE('',#856,#854,#394,.T.);
#1067=EDGE_CURVE('',#855,#856,#395,.T.);
#1068=EDGE_CURVE('',#855,#857,#396,.T.);
#1069=EDGE_CURVE('',#858,#856,#397,.T.);
#1070=EDGE_CURVE('',#857,#858,#398,.T.);
#1071=EDGE_CURVE('',#857,#859,#399,.T.);
#1072=EDGE_CURVE('',#860,#858,#400,.T.);
#1073=EDGE_CURVE('',#859,#860,#401,.T.);
#1074=EDGE_CURVE('',#859,#861,#402,.T.);
#1075=EDGE_CURVE('',#862,#860,#403,.T.);
#1076=EDGE_CURVE('',#861,#862,#404,.T.);
#1077=EDGE_CURVE('',#861,#863,#405,.T.);
#1078=EDGE_CURVE('',#864,#862,#406,.T.);
#1079=EDGE_CURVE('',#863,#864,#407,.T.);
#1080=EDGE_CURVE('',#863,#865,#408,.T.);
#1081=EDGE_CURVE('',#866,#864,#409,.T.);
#1082=EDGE_CURVE('',#865,#866,#410,.T.);
#1083=EDGE_CURVE('',#865,#867,#411,.T.);
#1084=EDGE_CURVE('',#868,#866,#412,.T.);
#1085=EDGE_CURVE('',#867,#868,#413,.T.);
#1086=EDGE_CURVE('',#867,#869,#414,.T.);
#1087=EDGE_CURVE('',#870,#868,#415,.T.);
#1088=EDGE_CURVE('',#869,#870,#416,.T.);
#1089=EDGE_CURVE('',#869,#871,#417,.T.);
#1090=EDGE_CURVE('',#872,#870,#418,.T.);
#1091=EDGE_CURVE('',#871,#872,#419,.T.);
#1092=EDGE_CURVE('',#871,#873,#420,.T.);
#1093=EDGE_CURVE('',#874,#872,#421,.T.);
#1094=EDGE_CURVE('',#873,#874,#422,.T.);
#1095=EDGE_CURVE('',#873,#839,#423,.T.);
#1096=EDGE_CURVE('',#841,#874,#424,.T.);
#1097=EDGE_CURVE('',#875,#876,#425,.T.);
#1098=EDGE_CURVE('',#875,#877,#426,.T.);
#1099=EDGE_CURVE('',#878,#877,#427,.T.);
#1100=EDGE_CURVE('',#876,#878,#428,.T.);
#1101=EDGE_CURVE('',#876,#879,#429,.T.);
#1102=EDGE_CURVE('',#880,#878,#430,.T.);
#1103=EDGE_CURVE('',#879,#880,#431,.T.);
#1104=EDGE_CURVE('',#879,#881,#432,.T.);
#1105=EDGE_CURVE('',#882,#880,#433,.T.);
#1106=EDGE_CURVE('',#881,#882,#434,.T.);
#1107=EDGE_CURVE('',#881,#883,#435,.T.);
#1108=EDGE_CURVE('',#884,#882,#436,.T.);
#1109=EDGE_CURVE('',#883,#884,#437,.T.);
#1110=EDGE_CURVE('',#883,#885,#438,.T.);
#1111=EDGE_CURVE('',#886,#884,#439,.T.);
#1112=EDGE_CURVE('',#885,#886,#440,.T.);
#1113=EDGE_CURVE('',#885,#887,#441,.T.);
#1114=EDGE_CURVE('',#888,#886,#442,.T.);
#1115=EDGE_CURVE('',#887,#888,#443,.T.);
#1116=EDGE_CURVE('',#887,#889,#444,.T.);
#1117=EDGE_CURVE('',#890,#888,#445,.T.);
#1118=EDGE_CURVE('',#889,#890,#446,.T.);
#1119=EDGE_CURVE('',#889,#891,#447,.T.);
#1120=EDGE_CURVE('',#892,#890,#448,.T.);
#1121=EDGE_CURVE('',#891,#892,#449,.T.);
#1122=EDGE_CURVE('',#891,#893,#450,.T.);
#1123=EDGE_CURVE('',#894,#892,#451,.T.);
#1124=EDGE_CURVE('',#893,#894,#452,.T.);
#1125=EDGE_CURVE('',#893,#895,#453,.T.);
#1126=EDGE_CURVE('',#896,#894,#454,.T.);
#1127=EDGE_CURVE('',#895,#896,#455,.T.);
#1128=EDGE_CURVE('',#895,#897,#456,.T.);
#1129=EDGE_CURVE('',#898,#896,#457,.T.);
#1130=EDGE_CURVE('',#897,#898,#458,.T.);
#1131=EDGE_CURVE('',#897,#899,#459,.T.);
#1132=EDGE_CURVE('',#900,#898,#460,.T.);
#1133=EDGE_CURVE('',#899,#900,#461,.T.);
#1134=EDGE_CURVE('',#899,#901,#462,.T.);
#1135=EDGE_CURVE('',#902,#900,#463,.T.);
#1136=EDGE_CURVE('',#901,#902,#464,.T.);
#1137=EDGE_CURVE('',#901,#903,#465,.T.);
#1138=EDGE_CURVE('',#904,#902,#466,.T.);
#1139=EDGE_CURVE('',#903,#904,#467,.T.);
#1140=EDGE_CURVE('',#903,#905,#468,.T.);
#1141=EDGE_CURVE('',#906,#904,#469,.T.);
#1142=EDGE_CURVE('',#905,#906,#470,.T.);
#1143=EDGE_CURVE('',#905,#907,#471,.T.);
#1144=EDGE_CURVE('',#908,#906,#472,.T.);
#1145=EDGE_CURVE('',#907,#908,#473,.T.);
#1146=EDGE_CURVE('',#907,#909,#474,.T.);
#1147=EDGE_CURVE('',#910,#908,#475,.T.);
#1148=EDGE_CURVE('',#909,#910,#476,.T.);
#1149=EDGE_CURVE('',#909,#875,#477,.T.);
#1150=EDGE_CURVE('',#877,#910,#478,.T.);
#1151=EDGE_CURVE('',#911,#912,#479,.T.);
#1152=EDGE_CURVE('',#912,#913,#480,.T.);
#1153=EDGE_CURVE('',#914,#913,#481,.T.);
#1154=EDGE_CURVE('',#911,#914,#482,.T.);
#1155=EDGE_CURVE('',#915,#911,#483,.T.);
#1156=EDGE_CURVE('',#916,#914,#484,.T.);
#1157=EDGE_CURVE('',#915,#916,#485,.T.);
#1158=EDGE_CURVE('',#917,#915,#486,.T.);
#1159=EDGE_CURVE('',#918,#916,#487,.T.);
#1160=EDGE_CURVE('',#917,#918,#488,.T.);
#1161=EDGE_CURVE('',#912,#917,#489,.T.);
#1162=EDGE_CURVE('',#913,#918,#490,.T.);
#1163=EDGE_CURVE('',#919,#920,#491,.T.);
#1164=EDGE_CURVE('',#920,#921,#492,.T.);
#1165=EDGE_CURVE('',#922,#921,#493,.T.);
#1166=EDGE_CURVE('',#919,#922,#494,.T.);
#1167=EDGE_CURVE('',#923,#919,#495,.T.);
#1168=EDGE_CURVE('',#924,#922,#496,.T.);
#1169=EDGE_CURVE('',#923,#924,#497,.T.);
#1170=EDGE_CURVE('',#925,#923,#498,.T.);
#1171=EDGE_CURVE('',#926,#924,#499,.T.);
#1172=EDGE_CURVE('',#925,#926,#500,.T.);
#1173=EDGE_CURVE('',#920,#925,#501,.T.);
#1174=EDGE_CURVE('',#921,#926,#502,.T.);
#1175=EDGE_CURVE('',#927,#928,#503,.T.);
#1176=EDGE_CURVE('',#928,#929,#504,.T.);
#1177=EDGE_CURVE('',#930,#929,#505,.T.);
#1178=EDGE_CURVE('',#927,#930,#506,.T.);
#1179=EDGE_CURVE('',#931,#927,#507,.T.);
#1180=EDGE_CURVE('',#932,#930,#508,.T.);
#1181=EDGE_CURVE('',#931,#932,#509,.T.);
#1182=EDGE_CURVE('',#933,#931,#510,.T.);
#1183=EDGE_CURVE('',#934,#932,#511,.T.);
#1184=EDGE_CURVE('',#933,#934,#512,.T.);
#1185=EDGE_CURVE('',#928,#933,#513,.T.);
#1186=EDGE_CURVE('',#929,#934,#514,.T.);
#1187=ORIENTED_EDGE('',*,*,#935,.F.);
#1188=ORIENTED_EDGE('',*,*,#936,.T.);
#1189=ORIENTED_EDGE('',*,*,#937,.F.);
#1190=ORIENTED_EDGE('',*,*,#938,.F.);
#1191=ORIENTED_EDGE('',*,*,#939,.F.);
#1192=ORIENTED_EDGE('',*,*,#938,.T.);
#1193=ORIENTED_EDGE('',*,*,#940,.F.);
#1194=ORIENTED_EDGE('',*,*,#941,.F.);
#1195=ORIENTED_EDGE('',*,*,#942,.F.);
#1196=ORIENTED_EDGE('',*,*,#941,.T.);
#1197=ORIENTED_EDGE('',*,*,#943,.F.);
#1198=ORIENTED_EDGE('',*,*,#944,.F.);
#1199=ORIENTED_EDGE('',*,*,#945,.F.);
#1200=ORIENTED_EDGE('',*,*,#944,.T.);
#1201=ORIENTED_EDGE('',*,*,#946,.F.);
#1202=ORIENTED_EDGE('',*,*,#947,.F.);
#1203=ORIENTED_EDGE('',*,*,#948,.F.);
#1204=ORIENTED_EDGE('',*,*,#947,.T.);
#1205=ORIENTED_EDGE('',*,*,#949,.F.);
#1206=ORIENTED_EDGE('',*,*,#950,.F.);
#1207=ORIENTED_EDGE('',*,*,#951,.F.);
#1208=ORIENTED_EDGE('',*,*,#950,.T.);
#1209=ORIENTED_EDGE('',*,*,#952,.F.);
#1210=ORIENTED_EDGE('',*,*,#953,.F.);
#1211=ORIENTED_EDGE('',*,*,#954,.F.);
#1212=ORIENTED_EDGE('',*,*,#953,.T.);
#1213=ORIENTED_EDGE('',*,*,#955,.F.);
#1214=ORIENTED_EDGE('',*,*,#956,.F.);
#1215=ORIENTED_EDGE('',*,*,#957,.F.);
#1216=ORIENTED_EDGE('',*,*,#956,.T.);
#1217=ORIENTED_EDGE('',*,*,#958,.F.);
#1218=ORIENTED_EDGE('',*,*,#959,.F.);
#1219=ORIENTED_EDGE('',*,*,#960,.F.);
#1220=ORIENTED_EDGE('',*,*,#959,.T.);
#1221=ORIENTED_EDGE('',*,*,#961,.F.);
#1222=ORIENTED_EDGE('',*,*,#962,.F.);
#1223=ORIENTED_EDGE('',*,*,#963,.F.);
#1224=ORIENTED_EDGE('',*,*,#962,.T.);
#1225=ORIENTED_EDGE('',*,*,#964,.F.);
#1226=ORIENTED_EDGE('',*,*,#965,.F.);
#1227=ORIENTED_EDGE('',*,*,#966,.F.);
#1228=ORIENTED_EDGE('',*,*,#965,.T.);
#1229=ORIENTED_EDGE('',*,*,#967,.F.);
#1230=ORIENTED_EDGE('',*,*,#968,.F.);
#1231=ORIENTED_EDGE('',*,*,#969,.F.);
#1232=ORIENTED_EDGE('',*,*,#968,.T.);
#1233=ORIENTED_EDGE('',*,*,#970,.F.);
#1234=ORIENTED_EDGE('',*,*,#971,.F.);
#1235=ORIENTED_EDGE('',*,*,#972,.F.);
#1236=ORIENTED_EDGE('',*,*,#971,.T.);
#1237=ORIENTED_EDGE('',*,*,#973,.F.);
#1238=ORIENTED_EDGE('',*,*,#974,.F.);
#1239=ORIENTED_EDGE('',*,*,#975,.F.);
#1240=ORIENTED_EDGE('',*,*,#974,.T.);
#1241=ORIENTED_EDGE('',*,*,#976,.F.);
#1242=ORIENTED_EDGE('',*,*,#977,.F.);
#1243=ORIENTED_EDGE('',*,*,#978,.F.);
#1244=ORIENTED_EDGE('',*,*,#977,.T.);
#1245=ORIENTED_EDGE('',*,*,#979,.F.);
#1246=ORIENTED_EDGE('',*,*,#980,.F.);
#1247=ORIENTED_EDGE('',*,*,#981,.F.);
#1248=ORIENTED_EDGE('',*,*,#980,.T.);
#1249=ORIENTED_EDGE('',*,*,#982,.F.);
#1250=ORIENTED_EDGE('',*,*,#983,.F.);
#1251=ORIENTED_EDGE('',*,*,#984,.F.);
#1252=ORIENTED_EDGE('',*,*,#983,.T.);
#1253=ORIENTED_EDGE('',*,*,#985,.F.);
#1254=ORIENTED_EDGE('',*,*,#986,.F.);
#1255=ORIENTED_EDGE('',*,*,#987,.F.);
#1256=ORIENTED_EDGE('',*,*,#986,.T.);
#1257=ORIENTED_EDGE('',*,*,#988,.F.);
#1258=ORIENTED_EDGE('',*,*,#936,.F.);
#1259=ORIENTED_EDGE('',*,*,#988,.T.);
#1260=ORIENTED_EDGE('',*,*,#985,.T.);
#1261=ORIENTED_EDGE('',*,*,#982,.T.);
#1262=ORIENTED_EDGE('',*,*,#979,.T.);
#1263=ORIENTED_EDGE('',*,*,#976,.T.);
#1264=ORIENTED_EDGE('',*,*,#973,.T.);
#1265=ORIENTED_EDGE('',*,*,#970,.T.);
#1266=ORIENTED_EDGE('',*,*,#967,.T.);
#1267=ORIENTED_EDGE('',*,*,#964,.T.);
#1268=ORIENTED_EDGE('',*,*,#961,.T.);
#1269=ORIENTED_EDGE('',*,*,#958,.T.);
#1270=ORIENTED_EDGE('',*,*,#955,.T.);
#1271=ORIENTED_EDGE('',*,*,#952,.T.);
#1272=ORIENTED_EDGE('',*,*,#949,.T.);
#1273=ORIENTED_EDGE('',*,*,#946,.T.);
#1274=ORIENTED_EDGE('',*,*,#943,.T.);
#1275=ORIENTED_EDGE('',*,*,#940,.T.);
#1276=ORIENTED_EDGE('',*,*,#937,.T.);
#1277=ORIENTED_EDGE('',*,*,#987,.T.);
#1278=ORIENTED_EDGE('',*,*,#935,.T.);
#1279=ORIENTED_EDGE('',*,*,#939,.T.);
#1280=ORIENTED_EDGE('',*,*,#942,.T.);
#1281=ORIENTED_EDGE('',*,*,#945,.T.);
#1282=ORIENTED_EDGE('',*,*,#948,.T.);
#1283=ORIENTED_EDGE('',*,*,#951,.T.);
#1284=ORIENTED_EDGE('',*,*,#954,.T.);
#1285=ORIENTED_EDGE('',*,*,#957,.T.);
#1286=ORIENTED_EDGE('',*,*,#960,.T.);
#1287=ORIENTED_EDGE('',*,*,#963,.T.);
#1288=ORIENTED_EDGE('',*,*,#966,.T.);
#1289=ORIENTED_EDGE('',*,*,#969,.T.);
#1290=ORIENTED_EDGE('',*,*,#972,.T.);
#1291=ORIENTED_EDGE('',*,*,#975,.T.);
#1292=ORIENTED_EDGE('',*,*,#978,.T.);
#1293=ORIENTED_EDGE('',*,*,#981,.T.);
#1294=ORIENTED_EDGE('',*,*,#984,.T.);
#1295=ORIENTED_EDGE('',*,*,#989,.F.);
#1296=ORIENTED_EDGE('',*,*,#990,.T.);
#1297=ORIENTED_EDGE('',*,*,#991,.F.);
#1298=ORIENTED_EDGE('',*,*,#992,.F.);
#1299=ORIENTED_EDGE('',*,*,#993,.F.);
#1300=ORIENTED_EDGE('',*,*,#992,.T.);
#1301=ORIENTED_EDGE('',*,*,#994,.F.);
#1302=ORIENTED_EDGE('',*,*,#995,.F.);
#1303=ORIENTED_EDGE('',*,*,#996,.F.);
#1304=ORIENTED_EDGE('',*,*,#995,.T.);
#1305=ORIENTED_EDGE('',*,*,#997,.F.);
#1306=ORIENTED_EDGE('',*,*,#998,.F.);
#1307=ORIENTED_EDGE('',*,*,#999,.F.);
#1308=ORIENTED_EDGE('',*,*,#998,.T.);
#1309=ORIENTED_EDGE('',*,*,#1000,.F.);
#1310=ORIENTED_EDGE('',*,*,#1001,.F.);
#1311=ORIENTED_EDGE('',*,*,#1002,.F.);
#1312=ORIENTED_EDGE('',*,*,#1001,.T.);
#1313=ORIENTED_EDGE('',*,*,#1003,.F.);
#1314=ORIENTED_EDGE('',*,*,#1004,.F.);
#1315=ORIENTED_EDGE('',*,*,#1005,.F.);
#1316=ORIENTED_EDGE('',*,*,#1004,.T.);
#1317=ORIENTED_EDGE('',*,*,#1006,.F.);
#1318=ORIENTED_EDGE('',*,*,#1007,.F.);
#1319=ORIENTED_EDGE('',*,*,#1008,.F.);
#1320=ORIENTED_EDGE('',*,*,#1007,.T.);
#1321=ORIENTED_EDGE('',*,*,#1009,.F.);
#1322=ORIENTED_EDGE('',*,*,#1010,.F.);
#1323=ORIENTED_EDGE('',*,*,#1011,.F.);
#1324=ORIENTED_EDGE('',*,*,#1010,.T.);
#1325=ORIENTED_EDGE('',*,*,#1012,.F.);
#1326=ORIENTED_EDGE('',*,*,#1013,.F.);
#1327=ORIENTED_EDGE('',*,*,#1014,.F.);
#1328=ORIENTED_EDGE('',*,*,#1013,.T.);
#1329=ORIENTED_EDGE('',*,*,#1015,.F.);
#1330=ORIENTED_EDGE('',*,*,#1016,.F.);
#1331=ORIENTED_EDGE('',*,*,#1017,.F.);
#1332=ORIENTED_EDGE('',*,*,#1016,.T.);
#1333=ORIENTED_EDGE('',*,*,#1018,.F.);
#1334=ORIENTED_EDGE('',*,*,#1019,.F.);
#1335=ORIENTED_EDGE('',*,*,#1020,.F.);
#1336=ORIENTED_EDGE('',*,*,#1019,.T.);
#1337=ORIENTED_EDGE('',*,*,#1021,.F.);
#1338=ORIENTED_EDGE('',*,*,#1022,.F.);
#1339=ORIENTED_EDGE('',*,*,#1023,.F.);
#1340=ORIENTED_EDGE('',*,*,#1022,.T.);
#1341=ORIENTED_EDGE('',*,*,#1024,.F.);
#1342=ORIENTED_EDGE('',*,*,#1025,.F.);
#1343=ORIENTED_EDGE('',*,*,#1026,.F.);
#1344=ORIENTED_EDGE('',*,*,#1025,.T.);
#1345=ORIENTED_EDGE('',*,*,#1027,.F.);
#1346=ORIENTED_EDGE('',*,*,#1028,.F.);
#1347=ORIENTED_EDGE('',*,*,#1029,.F.);
#1348=ORIENTED_EDGE('',*,*,#1028,.T.);
#1349=ORIENTED_EDGE('',*,*,#1030,.F.);
#1350=ORIENTED_EDGE('',*,*,#1031,.F.);
#1351=ORIENTED_EDGE('',*,*,#1032,.F.);
#1352=ORIENTED_EDGE('',*,*,#1031,.T.);
#1353=ORIENTED_EDGE('',*,*,#1033,.F.);
#1354=ORIENTED_EDGE('',*,*,#1034,.F.);
#1355=ORIENTED_EDGE('',*,*,#1035,.F.);
#1356=ORIENTED_EDGE('',*,*,#1034,.T.);
#1357=ORIENTED_EDGE('',*,*,#1036,.F.);
#1358=ORIENTED_EDGE('',*,*,#1037,.F.);
#1359=ORIENTED_EDGE('',*,*,#1038,.F.);
#1360=ORIENTED_EDGE('',*,*,#1037,.T.);
#1361=ORIENTED_EDGE('',*,*,#1039,.F.);
#1362=ORIENTED_EDGE('',*,*,#1040,.F.);
#1363=ORIENTED_EDGE('',*,*,#1041,.F.);
#1364=ORIENTED_EDGE('',*,*,#1040,.T.);
#1365=ORIENTED_EDGE('',*,*,#1042,.F.);
#1366=ORIENTED_EDGE('',*,*,#990,.F.);
#1367=ORIENTED_EDGE('',*,*,#1042,.T.);
#1368=ORIENTED_EDGE('',*,*,#1039,.T.);
#1369=ORIENTED_EDGE('',*,*,#1036,.T.);
#1370=ORIENTED_EDGE('',*,*,#1033,.T.);
#1371=ORIENTED_EDGE('',*,*,#1030,.T.);
#1372=ORIENTED_EDGE('',*,*,#1027,.T.);
#1373=ORIENTED_EDGE('',*,*,#1024,.T.);
#1374=ORIENTED_EDGE('',*,*,#1021,.T.);
#1375=ORIENTED_EDGE('',*,*,#1018,.T.);
#1376=ORIENTED_EDGE('',*,*,#1015,.T.);
#1377=ORIENTED_EDGE('',*,*,#1012,.T.);
#1378=ORIENTED_EDGE('',*,*,#1009,.T.);
#1379=ORIENTED_EDGE('',*,*,#1006,.T.);
#1380=ORIENTED_EDGE('',*,*,#1003,.T.);
#1381=ORIENTED_EDGE('',*,*,#1000,.T.);
#1382=ORIENTED_EDGE('',*,*,#997,.T.);
#1383=ORIENTED_EDGE('',*,*,#994,.T.);
#1384=ORIENTED_EDGE('',*,*,#991,.T.);
#1385=ORIENTED_EDGE('',*,*,#1041,.T.);
#1386=ORIENTED_EDGE('',*,*,#989,.T.);
#1387=ORIENTED_EDGE('',*,*,#993,.T.);
#1388=ORIENTED_EDGE('',*,*,#996,.T.);
#1389=ORIENTED_EDGE('',*,*,#999,.T.);
#1390=ORIENTED_EDGE('',*,*,#1002,.T.);
#1391=ORIENTED_EDGE('',*,*,#1005,.T.);
#1392=ORIENTED_EDGE('',*,*,#1008,.T.);
#1393=ORIENTED_EDGE('',*,*,#1011,.T.);
#1394=ORIENTED_EDGE('',*,*,#1014,.T.);
#1395=ORIENTED_EDGE('',*,*,#1017,.T.);
#1396=ORIENTED_EDGE('',*,*,#1020,.T.);
#1397=ORIENTED_EDGE('',*,*,#1023,.T.);
#1398=ORIENTED_EDGE('',*,*,#1026,.T.);
#1399=ORIENTED_EDGE('',*,*,#1029,.T.);
#1400=ORIENTED_EDGE('',*,*,#1032,.T.);
#1401=ORIENTED_EDGE('',*,*,#1035,.T.);
#1402=ORIENTED_EDGE('',*,*,#1038,.T.);
#1403=ORIENTED_EDGE('',*,*,#1043,.F.);
#1404=ORIENTED_EDGE('',*,*,#1044,.T.);
#1405=ORIENTED_EDGE('',*,*,#1045,.F.);
#1406=ORIENTED_EDGE('',*,*,#1046,.F.);
#1407=ORIENTED_EDGE('',*,*,#1047,.F.);
#1408=ORIENTED_EDGE('',*,*,#1046,.T.);
#1409=ORIENTED_EDGE('',*,*,#1048,.F.);
#1410=ORIENTED_EDGE('',*,*,#1049,.F.);
#1411=ORIENTED_EDGE('',*,*,#1050,.F.);
#1412=ORIENTED_EDGE('',*,*,#1049,.T.);
#1413=ORIENTED_EDGE('',*,*,#1051,.F.);
#1414=ORIENTED_EDGE('',*,*,#1052,.F.);
#1415=ORIENTED_EDGE('',*,*,#1053,.F.);
#1416=ORIENTED_EDGE('',*,*,#1052,.T.);
#1417=ORIENTED_EDGE('',*,*,#1054,.F.);
#1418=ORIENTED_EDGE('',*,*,#1055,.F.);
#1419=ORIENTED_EDGE('',*,*,#1056,.F.);
#1420=ORIENTED_EDGE('',*,*,#1055,.T.);
#1421=ORIENTED_EDGE('',*,*,#1057,.F.);
#1422=ORIENTED_EDGE('',*,*,#1058,.F.);
#1423=ORIENTED_EDGE('',*,*,#1059,.F.);
#1424=ORIENTED_EDGE('',*,*,#1058,.T.);
#1425=ORIENTED_EDGE('',*,*,#1060,.F.);
#1426=ORIENTED_EDGE('',*,*,#1061,.F.);
#1427=ORIENTED_EDGE('',*,*,#1062,.F.);
#1428=ORIENTED_EDGE('',*,*,#1061,.T.);
#1429=ORIENTED_EDGE('',*,*,#1063,.F.);
#1430=ORIENTED_EDGE('',*,*,#1064,.F.);
#1431=ORIENTED_EDGE('',*,*,#1065,.F.);
#1432=ORIENTED_EDGE('',*,*,#1064,.T.);
#1433=ORIENTED_EDGE('',*,*,#1066,.F.);
#1434=ORIENTED_EDGE('',*,*,#1067,.F.);
#1435=ORIENTED_EDGE('',*,*,#1068,.F.);
#1436=ORIENTED_EDGE('',*,*,#1067,.T.);
#1437=ORIENTED_EDGE('',*,*,#1069,.F.);
#1438=ORIENTED_EDGE('',*,*,#1070,.F.);
#1439=ORIENTED_EDGE('',*,*,#1071,.F.);
#1440=ORIENTED_EDGE('',*,*,#1070,.T.);
#1441=ORIENTED_EDGE('',*,*,#1072,.F.);
#1442=ORIENTED_EDGE('',*,*,#1073,.F.);
#1443=ORIENTED_EDGE('',*,*,#1074,.F.);
#1444=ORIENTED_EDGE('',*,*,#1073,.T.);
#1445=ORIENTED_EDGE('',*,*,#1075,.F.);
#1446=ORIENTED_EDGE('',*,*,#1076,.F.);
#1447=ORIENTED_EDGE('',*,*,#1077,.F.);
#1448=ORIENTED_EDGE('',*,*,#1076,.T.);
#1449=ORIENTED_EDGE('',*,*,#1078,.F.);
#1450=ORIENTED_EDGE('',*,*,#1079,.F.);
#1451=ORIENTED_EDGE('',*,*,#1080,.F.);
#1452=ORIENTED_EDGE('',*,*,#1079,.T.);
#1453=ORIENTED_EDGE('',*,*,#1081,.F.);
#1454=ORIENTED_EDGE('',*,*,#1082,.F.);
#1455=ORIENTED_EDGE('',*,*,#1083,.F.);
#1456=ORIENTED_EDGE('',*,*,#1082,.T.);
#1457=ORIENTED_EDGE('',*,*,#1084,.F.);
#1458=ORIENTED_EDGE('',*,*,#1085,.F.);
#1459=ORIENTED_EDGE('',*,*,#1086,.F.);
#1460=ORIENTED_EDGE('',*,*,#1085,.T.);
#1461=ORIENTED_EDGE('',*,*,#1087,.F.);
#1462=ORIENTED_EDGE('',*,*,#1088,.F.);
#1463=ORIENTED_EDGE('',*,*,#1089,.F.);
#1464=ORIENTED_EDGE('',*,*,#1088,.T.);
#1465=ORIENTED_EDGE('',*,*,#1090,.F.);
#1466=ORIENTED_EDGE('',*,*,#1091,.F.);
#1467=ORIENTED_EDGE('',*,*,#1092,.F.);
#1468=ORIENTED_EDGE('',*,*,#1091,.T.);
#1469=ORIENTED_EDGE('',*,*,#1093,.F.);
#1470=ORIENTED_EDGE('',*,*,#1094,.F.);
#1471=ORIENTED_EDGE('',*,*,#1095,.F.);
#1472=ORIENTED_EDGE('',*,*,#1094,.T.);
#1473=ORIENTED_EDGE('',*,*,#1096,.F.);
#1474=ORIENTED_EDGE('',*,*,#1044,.F.);
#1475=ORIENTED_EDGE('',*,*,#1096,.T.);
#1476=ORIENTED_EDGE('',*,*,#1093,.T.);
#1477=ORIENTED_EDGE('',*,*,#1090,.T.);
#1478=ORIENTED_EDGE('',*,*,#1087,.T.);
#1479=ORIENTED_EDGE('',*,*,#1084,.T.);
#1480=ORIENTED_EDGE('',*,*,#1081,.T.);
#1481=ORIENTED_EDGE('',*,*,#1078,.T.);
#1482=ORIENTED_EDGE('',*,*,#1075,.T.);
#1483=ORIENTED_EDGE('',*,*,#1072,.T.);
#1484=ORIENTED_EDGE('',*,*,#1069,.T.);
#1485=ORIENTED_EDGE('',*,*,#1066,.T.);
#1486=ORIENTED_EDGE('',*,*,#1063,.T.);
#1487=ORIENTED_EDGE('',*,*,#1060,.T.);
#1488=ORIENTED_EDGE('',*,*,#1057,.T.);
#1489=ORIENTED_EDGE('',*,*,#1054,.T.);
#1490=ORIENTED_EDGE('',*,*,#1051,.T.);
#1491=ORIENTED_EDGE('',*,*,#1048,.T.);
#1492=ORIENTED_EDGE('',*,*,#1045,.T.);
#1493=ORIENTED_EDGE('',*,*,#1095,.T.);
#1494=ORIENTED_EDGE('',*,*,#1043,.T.);
#1495=ORIENTED_EDGE('',*,*,#1047,.T.);
#1496=ORIENTED_EDGE('',*,*,#1050,.T.);
#1497=ORIENTED_EDGE('',*,*,#1053,.T.);
#1498=ORIENTED_EDGE('',*,*,#1056,.T.);
#1499=ORIENTED_EDGE('',*,*,#1059,.T.);
#1500=ORIENTED_EDGE('',*,*,#1062,.T.);
#1501=ORIENTED_EDGE('',*,*,#1065,.T.);
#1502=ORIENTED_EDGE('',*,*,#1068,.T.);
#1503=ORIENTED_EDGE('',*,*,#1071,.T.);
#1504=ORIENTED_EDGE('',*,*,#1074,.T.);
#1505=ORIENTED_EDGE('',*,*,#1077,.T.);
#1506=ORIENTED_EDGE('',*,*,#1080,.T.);
#1507=ORIENTED_EDGE('',*,*,#1083,.T.);
#1508=ORIENTED_EDGE('',*,*,#1086,.T.);
#1509=ORIENTED_EDGE('',*,*,#1089,.T.);
#1510=ORIENTED_EDGE('',*,*,#1092,.T.);
#1511=ORIENTED_EDGE('',*,*,#1097,.F.);
#1512=ORIENTED_EDGE('',*,*,#1098,.T.);
#1513=ORIENTED_EDGE('',*,*,#1099,.F.);
#1514=ORIENTED_EDGE('',*,*,#1100,.F.);
#1515=ORIENTED_EDGE('',*,*,#1101,.F.);
#1516=ORIENTED_EDGE('',*,*,#1100,.T.);
#1517=ORIENTED_EDGE('',*,*,#1102,.F.);
#1518=ORIENTED_EDGE('',*,*,#1103,.F.);
#1519=ORIENTED_EDGE('',*,*,#1104,.F.);
#1520=ORIENTED_EDGE('',*,*,#1103,.T.);
#1521=ORIENTED_EDGE('',*,*,#1105,.F.);
#1522=ORIENTED_EDGE('',*,*,#1106,.F.);
#1523=ORIENTED_EDGE('',*,*,#1107,.F.);
#1524=ORIENTED_EDGE('',*,*,#1106,.T.);
#1525=ORIENTED_EDGE('',*,*,#1108,.F.);
#1526=ORIENTED_EDGE('',*,*,#1109,.F.);
#1527=ORIENTED_EDGE('',*,*,#1110,.F.);
#1528=ORIENTED_EDGE('',*,*,#1109,.T.);
#1529=ORIENTED_EDGE('',*,*,#1111,.F.);
#1530=ORIENTED_EDGE('',*,*,#1112,.F.);
#1531=ORIENTED_EDGE('',*,*,#1113,.F.);
#1532=ORIENTED_EDGE('',*,*,#1112,.T.);
#1533=ORIENTED_EDGE('',*,*,#1114,.F.);
#1534=ORIENTED_EDGE('',*,*,#1115,.F.);
#1535=ORIENTED_EDGE('',*,*,#1116,.F.);
#1536=ORIENTED_EDGE('',*,*,#1115,.T.);
#1537=ORIENTED_EDGE('',*,*,#1117,.F.);
#1538=ORIENTED_EDGE('',*,*,#1118,.F.);
#1539=ORIENTED_EDGE('',*,*,#1119,.F.);
#1540=ORIENTED_EDGE('',*,*,#1118,.T.);
#1541=ORIENTED_EDGE('',*,*,#1120,.F.);
#1542=ORIENTED_EDGE('',*,*,#1121,.F.);
#1543=ORIENTED_EDGE('',*,*,#1122,.F.);
#1544=ORIENTED_EDGE('',*,*,#1121,.T.);
#1545=ORIENTED_EDGE('',*,*,#1123,.F.);
#1546=ORIENTED_EDGE('',*,*,#1124,.F.);
#1547=ORIENTED_EDGE('',*,*,#1125,.F.);
#1548=ORIENTED_EDGE('',*,*,#1124,.T.);
#1549=ORIENTED_EDGE('',*,*,#1126,.F.);
#1550=ORIENTED_EDGE('',*,*,#1127,.F.);
#1551=ORIENTED_EDGE('',*,*,#1128,.F.);
#1552=ORIENTED_EDGE('',*,*,#1127,.T.);
#1553=ORIENTED_EDGE('',*,*,#1129,.F.);
#1554=ORIENTED_EDGE('',*,*,#1130,.F.);
#1555=ORIENTED_EDGE('',*,*,#1131,.F.);
#1556=ORIENTED_EDGE('',*,*,#1130,.T.);
#1557=ORIENTED_EDGE('',*,*,#1132,.F.);
#1558=ORIENTED_EDGE('',*,*,#1133,.F.);
#1559=ORIENTED_EDGE('',*,*,#1134,.F.);
#1560=ORIENTED_EDGE('',*,*,#1133,.T.);
#1561=ORIENTED_EDGE('',*,*,#1135,.F.);
#1562=ORIENTED_EDGE('',*,*,#1136,.F.);
#1563=ORIENTED_EDGE('',*,*,#1137,.F.);
#1564=ORIENTED_EDGE('',*,*,#1136,.T.);
#1565=ORIENTED_EDGE('',*,*,#1138,.F.);
#1566=ORIENTED_EDGE('',*,*,#1139,.F.);
#1567=ORIENTED_EDGE('',*,*,#1140,.F.);
#1568=ORIENTED_EDGE('',*,*,#1139,.T.);
#1569=ORIENTED_EDGE('',*,*,#1141,.F.);
#1570=ORIENTED_EDGE('',*,*,#1142,.F.);
#1571=ORIENTED_EDGE('',*,*,#1143,.F.);
#1572=ORIENTED_EDGE('',*,*,#1142,.T.);
#1573=ORIENTED_EDGE('',*,*,#1144,.F.);
#1574=ORIENTED_EDGE('',*,*,#1145,.F.);
#1575=ORIENTED_EDGE('',*,*,#1146,.F.);
#1576=ORIENTED_EDGE('',*,*,#1145,.T.);
#1577=ORIENTED_EDGE('',*,*,#1147,.F.);
#1578=ORIENTED_EDGE('',*,*,#1148,.F.);
#1579=ORIENTED_EDGE('',*,*,#1149,.F.);
#1580=ORIENTED_EDGE('',*,*,#1148,.T.);
#1581=ORIENTED_EDGE('',*,*,#1150,.F.);
#1582=ORIENTED_EDGE('',*,*,#1098,.F.);
#1583=ORIENTED_EDGE('',*,*,#1150,.T.);
#1584=ORIENTED_EDGE('',*,*,#1147,.T.);
#1585=ORIENTED_EDGE('',*,*,#1144,.T.);
#1586=ORIENTED_EDGE('',*,*,#1141,.T.);
#1587=ORIENTED_EDGE('',*,*,#1138,.T.);
#1588=ORIENTED_EDGE('',*,*,#1135,.T.);
#1589=ORIENTED_EDGE('',*,*,#1132,.T.);
#1590=ORIENTED_EDGE('',*,*,#1129,.T.);
#1591=ORIENTED_EDGE('',*,*,#1126,.T.);
#1592=ORIENTED_EDGE('',*,*,#1123,.T.);
#1593=ORIENTED_EDGE('',*,*,#1120,.T.);
#1594=ORIENTED_EDGE('',*,*,#1117,.T.);
#1595=ORIENTED_EDGE('',*,*,#1114,.T.);
#1596=ORIENTED_EDGE('',*,*,#1111,.T.);
#1597=ORIENTED_EDGE('',*,*,#1108,.T.);
#1598=ORIENTED_EDGE('',*,*,#1105,.T.);
#1599=ORIENTED_EDGE('',*,*,#1102,.T.);
#1600=ORIENTED_EDGE('',*,*,#1099,.T.);
#1601=ORIENTED_EDGE('',*,*,#1149,.T.);
#1602=ORIENTED_EDGE('',*,*,#1097,.T.);
#1603=ORIENTED_EDGE('',*,*,#1101,.T.);
#1604=ORIENTED_EDGE('',*,*,#1104,.T.);
#1605=ORIENTED_EDGE('',*,*,#1107,.T.);
#1606=ORIENTED_EDGE('',*,*,#1110,.T.);
#1607=ORIENTED_EDGE('',*,*,#1113,.T.);
#1608=ORIENTED_EDGE('',*,*,#1116,.T.);
#1609=ORIENTED_EDGE('',*,*,#1119,.T.);
#1610=ORIENTED_EDGE('',*,*,#1122,.T.);
#1611=ORIENTED_EDGE('',*,*,#1125,.T.);
#1612=ORIENTED_EDGE('',*,*,#1128,.T.);
#1613=ORIENTED_EDGE('',*,*,#1131,.T.);
#1614=ORIENTED_EDGE('',*,*,#1134,.T.);
#1615=ORIENTED_EDGE('',*,*,#1137,.T.);
#1616=ORIENTED_EDGE('',*,*,#1140,.T.);
#1617=ORIENTED_EDGE('',*,*,#1143,.T.);
#1618=ORIENTED_EDGE('',*,*,#1146,.T.);
#1619=ORIENTED_EDGE('',*,*,#1151,.T.);
#1620=ORIENTED_EDGE('',*,*,#1152,.T.);
#1621=ORIENTED_EDGE('',*,*,#1153,.F.);
#1622=ORIENTED_EDGE('',*,*,#1154,.F.);
#1623=ORIENTED_EDGE('',*,*,#1155,.T.);
#1624=ORIENTED_EDGE('',*,*,#1154,.T.);
#1625=ORIENTED_EDGE('',*,*,#1156,.F.);
#1626=ORIENTED_EDGE('',*,*,#1157,.F.);
#1627=ORIENTED_EDGE('',*,*,#1158,.T.);
#1628=ORIENTED_EDGE('',*,*,#1157,.T.);
#1629=ORIENTED_EDGE('',*,*,#1159,.F.);
#1630=ORIENTED_EDGE('',*,*,#1160,.F.);
#1631=ORIENTED_EDGE('',*,*,#1161,.T.);
#1632=ORIENTED_EDGE('',*,*,#1160,.T.);
#1633=ORIENTED_EDGE('',*,*,#1162,.F.);
#1634=ORIENTED_EDGE('',*,*,#1152,.F.);
#1635=ORIENTED_EDGE('',*,*,#1161,.F.);
#1636=ORIENTED_EDGE('',*,*,#1151,.F.);
#1637=ORIENTED_EDGE('',*,*,#1155,.F.);
#1638=ORIENTED_EDGE('',*,*,#1158,.F.);
#1639=ORIENTED_EDGE('',*,*,#1162,.T.);
#1640=ORIENTED_EDGE('',*,*,#1159,.T.);
#1641=ORIENTED_EDGE('',*,*,#1156,.T.);
#1642=ORIENTED_EDGE('',*,*,#1153,.T.);
#1643=ORIENTED_EDGE('',*,*,#1163,.T.);
#1644=ORIENTED_EDGE('',*,*,#1164,.T.);
#1645=ORIENTED_EDGE('',*,*,#1165,.F.);
#1646=ORIENTED_EDGE('',*,*,#1166,.F.);
#1647=ORIENTED_EDGE('',*,*,#1167,.T.);
#1648=ORIENTED_EDGE('',*,*,#1166,.T.);
#1649=ORIENTED_EDGE('',*,*,#1168,.F.);
#1650=ORIENTED_EDGE('',*,*,#1169,.F.);
#1651=ORIENTED_EDGE('',*,*,#1170,.T.);
#1652=ORIENTED_EDGE('',*,*,#1169,.T.);
#1653=ORIENTED_EDGE('',*,*,#1171,.F.);
#1654=ORIENTED_EDGE('',*,*,#1172,.F.);
#1655=ORIENTED_EDGE('',*,*,#1173,.T.);
#1656=ORIENTED_EDGE('',*,*,#1172,.T.);
#1657=ORIENTED_EDGE('',*,*,#1174,.F.);
#1658=ORIENTED_EDGE('',*,*,#1164,.F.);
#1659=ORIENTED_EDGE('',*,*,#1173,.F.);
#1660=ORIENTED_EDGE('',*,*,#1163,.F.);
#1661=ORIENTED_EDGE('',*,*,#1167,.F.);
#1662=ORIENTED_EDGE('',*,*,#1170,.F.);
#1663=ORIENTED_EDGE('',*,*,#1174,.T.);
#1664=ORIENTED_EDGE('',*,*,#1171,.T.);
#1665=ORIENTED_EDGE('',*,*,#1168,.T.);
#1666=ORIENTED_EDGE('',*,*,#1165,.T.);
#1667=ORIENTED_EDGE('',*,*,#1175,.T.);
#1668=ORIENTED_EDGE('',*,*,#1176,.T.);
#1669=ORIENTED_EDGE('',*,*,#1177,.F.);
#1670=ORIENTED_EDGE('',*,*,#1178,.F.);
#1671=ORIENTED_EDGE('',*,*,#1179,.T.);
#1672=ORIENTED_EDGE('',*,*,#1178,.T.);
#1673=ORIENTED_EDGE('',*,*,#1180,.F.);
#1674=ORIENTED_EDGE('',*,*,#1181,.F.);
#1675=ORIENTED_EDGE('',*,*,#1182,.T.);
#1676=ORIENTED_EDGE('',*,*,#1181,.T.);
#1677=ORIENTED_EDGE('',*,*,#1183,.F.);
#1678=ORIENTED_EDGE('',*,*,#1184,.F.);
#1679=ORIENTED_EDGE('',*,*,#1185,.T.);
#1680=ORIENTED_EDGE('',*,*,#1184,.T.);
#1681=ORIENTED_EDGE('',*,*,#1186,.F.);
#1682=ORIENTED_EDGE('',*,*,#1176,.F.);
#1683=ORIENTED_EDGE('',*,*,#1185,.F.);
#1684=ORIENTED_EDGE('',*,*,#1175,.F.);
#1685=ORIENTED_EDGE('',*,*,#1179,.F.);
#1686=ORIENTED_EDGE('',*,*,#1182,.F.);
#1687=ORIENTED_EDGE('',*,*,#1186,.T.);
#1688=ORIENTED_EDGE('',*,*,#1183,.T.);
#1689=ORIENTED_EDGE('',*,*,#1180,.T.);
#1690=ORIENTED_EDGE('',*,*,#1177,.T.);
#1691=PLANE('',#1974);
#1692=PLANE('',#1975);
#1693=PLANE('',#1976);
#1694=PLANE('',#1977);
#1695=PLANE('',#1978);
#1696=PLANE('',#1979);
#1697=PLANE('',#1980);
#1698=PLANE('',#1981);
#1699=PLANE('',#1982);
#1700=PLANE('',#1983);
#1701=PLANE('',#1984);
#1702=PLANE('',#1985);
#1703=PLANE('',#1986);
#1704=PLANE('',#1987);
#1705=PLANE('',#1988);
#1706=PLANE('',#1989);
#1707=PLANE('',#1990);
#1708=PLANE('',#1991);
#1709=PLANE('',#1992);
#1710=PLANE('',#1993);
#1711=PLANE('',#1995);
#1712=PLANE('',#1996);
#1713=PLANE('',#1997);
#1714=PLANE('',#1998);
#1715=PLANE('',#1999);
#1716=PLANE('',#2000);
#1717=PLANE('',#2001);
#1718=PLANE('',#2002);
#1719=PLANE('',#2003);
#1720=PLANE('',#2004);
#1721=PLANE('',#2005);
#1722=PLANE('',#2006);
#1723=PLANE('',#2007);
#1724=PLANE('',#2008);
#1725=PLANE('',#2009);
#1726=PLANE('',#2010);
#1727=PLANE('',#2011);
#1728=PLANE('',#2012);
#1729=PLANE('',#2013);
#1730=PLANE('',#2014);
#1731=PLANE('',#2016);
#1732=PLANE('',#2017);
#1733=PLANE('',#2018);
#1734=PLANE('',#2019);
#1735=PLANE('',#2020);
#1736=PLANE('',#2021);
#1737=PLANE('',#2022);
#1738=PLANE('',#2023);
#1739=PLANE('',#2024);
#1740=PLANE('',#2025);
#1741=PLANE('',#2026);
#1742=PLANE('',#2027);
#1743=PLANE('',#2028);
#1744=PLANE('',#2029);
#1745=PLANE('',#2030);
#1746=PLANE('',#2031);
#1747=PLANE('',#2032);
#1748=PLANE('',#2033);
#1749=PLANE('',#2034);
#1750=PLANE('',#2035);
#1751=PLANE('',#2037);
#1752=PLANE('',#2038);
#1753=PLANE('',#2039);
#1754=PLANE('',#2040);
#1755=PLANE('',#2041);
#1756=PLANE('',#2042);
#1757=PLANE('',#2043);
#1758=PLANE('',#2044);
#1759=PLANE('',#2045);
#1760=PLANE('',#2046);
#1761=PLANE('',#2047);
#1762=PLANE('',#2048);
#1763=PLANE('',#2049);
#1764=PLANE('',#2050);
#1765=PLANE('',#2051);
#1766=PLANE('',#2052);
#1767=PLANE('',#2053);
#1768=PLANE('',#2054);
#1769=PLANE('',#2055);
#1770=PLANE('',#2056);
#1771=PLANE('',#2058);
#1772=PLANE('',#2059);
#1773=PLANE('',#2060);
#1774=PLANE('',#2061);
#1775=PLANE('',#2062);
#1776=PLANE('',#2063);
#1777=PLANE('',#2065);
#1778=PLANE('',#2066);
#1779=PLANE('',#2067);
#1780=PLANE('',#2068);
#1781=PLANE('',#2069);
#1782=PLANE('',#2070);
#1783=PLANE('',#2072);
#1784=PLANE('',#2073);
#1785=PLANE('',#2074);
#1786=PLANE('',#2075);
#1787=PLANE('',#2076);
#1788=PLANE('',#2077);
#1789=ADVANCED_FACE('',(#67),#1691,.T.);
#1790=ADVANCED_FACE('',(#68),#1692,.T.);
#1791=ADVANCED_FACE('',(#69),#1693,.T.);
#1792=ADVANCED_FACE('',(#70),#1694,.T.);
#1793=ADVANCED_FACE('',(#71),#1695,.T.);
#1794=ADVANCED_FACE('',(#72),#1696,.T.);
#1795=ADVANCED_FACE('',(#73),#1697,.T.);
#1796=ADVANCED_FACE('',(#74),#1698,.T.);
#1797=ADVANCED_FACE('',(#75),#1699,.T.);
#1798=ADVANCED_FACE('',(#76),#1700,.T.);
#1799=ADVANCED_FACE('',(#77),#1701,.T.);
#1800=ADVANCED_FACE('',(#78),#1702,.T.);
#1801=ADVANCED_FACE('',(#79),#1703,.T.);
#1802=ADVANCED_FACE('',(#80),#1704,.T.);
#1803=ADVANCED_FACE('',(#81),#1705,.T.);
#1804=ADVANCED_FACE('',(#82),#1706,.T.);
#1805=ADVANCED_FACE('',(#83),#1707,.T.);
#1806=ADVANCED_FACE('',(#84),#1708,.T.);
#1807=ADVANCED_FACE('',(#85),#1709,.T.);
#1808=ADVANCED_FACE('',(#86),#1710,.F.);
#1809=ADVANCED_FACE('',(#87),#1711,.T.);
#1810=ADVANCED_FACE('',(#88),#1712,.T.);
#1811=ADVANCED_FACE('',(#89),#1713,.T.);
#1812=ADVANCED_FACE('',(#90),#1714,.T.);
#1813=ADVANCED_FACE('',(#91),#1715,.T.);
#1814=ADVANCED_FACE('',(#92),#1716,.T.);
#1815=ADVANCED_FACE('',(#93),#1717,.T.);
#1816=ADVANCED_FACE('',(#94),#1718,.T.);
#1817=ADVANCED_FACE('',(#95),#1719,.T.);
#1818=ADVANCED_FACE('',(#96),#1720,.T.);
#1819=ADVANCED_FACE('',(#97),#1721,.T.);
#1820=ADVANCED_FACE('',(#98),#1722,.T.);
#1821=ADVANCED_FACE('',(#99),#1723,.T.);
#1822=ADVANCED_FACE('',(#100),#1724,.T.);
#1823=ADVANCED_FACE('',(#101),#1725,.T.);
#1824=ADVANCED_FACE('',(#102),#1726,.T.);
#1825=ADVANCED_FACE('',(#103),#1727,.T.);
#1826=ADVANCED_FACE('',(#104),#1728,.T.);
#1827=ADVANCED_FACE('',(#105),#1729,.T.);
#1828=ADVANCED_FACE('',(#106),#1730,.F.);
#1829=ADVANCED_FACE('',(#107),#1731,.T.);
#1830=ADVANCED_FACE('',(#108),#1732,.T.);
#1831=ADVANCED_FACE('',(#109),#1733,.T.);
#1832=ADVANCED_FACE('',(#110),#1734,.T.);
#1833=ADVANCED_FACE('',(#111),#1735,.T.);
#1834=ADVANCED_FACE('',(#112),#1736,.T.);
#1835=ADVANCED_FACE('',(#113),#1737,.T.);
#1836=ADVANCED_FACE('',(#114),#1738,.T.);
#1837=ADVANCED_FACE('',(#115),#1739,.T.);
#1838=ADVANCED_FACE('',(#116),#1740,.T.);
#1839=ADVANCED_FACE('',(#117),#1741,.T.);
#1840=ADVANCED_FACE('',(#118),#1742,.T.);
#1841=ADVANCED_FACE('',(#119),#1743,.T.);
#1842=ADVANCED_FACE('',(#120),#1744,.T.);
#1843=ADVANCED_FACE('',(#121),#1745,.T.);
#1844=ADVANCED_FACE('',(#122),#1746,.T.);
#1845=ADVANCED_FACE('',(#123),#1747,.T.);
#1846=ADVANCED_FACE('',(#124),#1748,.T.);
#1847=ADVANCED_FACE('',(#125),#1749,.T.);
#1848=ADVANCED_FACE('',(#126),#1750,.F.);
#1849=ADVANCED_FACE('',(#127),#1751,.T.);
#1850=ADVANCED_FACE('',(#128),#1752,.T.);
#1851=ADVANCED_FACE('',(#129),#1753,.T.);
#1852=ADVANCED_FACE('',(#130),#1754,.T.);
#1853=ADVANCED_FACE('',(#131),#1755,.T.);
#1854=ADVANCED_FACE('',(#132),#1756,.T.);
#1855=ADVANCED_FACE('',(#133),#1757,.T.);
#1856=ADVANCED_FACE('',(#134),#1758,.T.);
#1857=ADVANCED_FACE('',(#135),#1759,.T.);
#1858=ADVANCED_FACE('',(#136),#1760,.T.);
#1859=ADVANCED_FACE('',(#137),#1761,.T.);
#1860=ADVANCED_FACE('',(#138),#1762,.T.);
#1861=ADVANCED_FACE('',(#139),#1763,.T.);
#1862=ADVANCED_FACE('',(#140),#1764,.T.);
#1863=ADVANCED_FACE('',(#141),#1765,.T.);
#1864=ADVANCED_FACE('',(#142),#1766,.T.);
#1865=ADVANCED_FACE('',(#143),#1767,.T.);
#1866=ADVANCED_FACE('',(#144),#1768,.T.);
#1867=ADVANCED_FACE('',(#145),#1769,.T.);
#1868=ADVANCED_FACE('',(#146),#1770,.F.);
#1869=ADVANCED_FACE('',(#147),#1771,.T.);
#1870=ADVANCED_FACE('',(#148),#1772,.T.);
#1871=ADVANCED_FACE('',(#149),#1773,.T.);
#1872=ADVANCED_FACE('',(#150),#1774,.T.);
#1873=ADVANCED_FACE('',(#151),#1775,.T.);
#1874=ADVANCED_FACE('',(#152),#1776,.T.);
#1875=ADVANCED_FACE('',(#153),#1777,.T.);
#1876=ADVANCED_FACE('',(#154),#1778,.T.);
#1877=ADVANCED_FACE('',(#155),#1779,.T.);
#1878=ADVANCED_FACE('',(#156),#1780,.T.);
#1879=ADVANCED_FACE('',(#157),#1781,.T.);
#1880=ADVANCED_FACE('',(#158),#1782,.T.);
#1881=ADVANCED_FACE('',(#159),#1783,.T.);
#1882=ADVANCED_FACE('',(#160),#1784,.T.);
#1883=ADVANCED_FACE('',(#161),#1785,.T.);
#1884=ADVANCED_FACE('',(#162),#1786,.T.);
#1885=ADVANCED_FACE('',(#163),#1787,.T.);
#1886=ADVANCED_FACE('',(#164),#1788,.T.);
#1887=CLOSED_SHELL('',(#1789,#1790,#1791,#1792,#1793,#1794,#1795,#1796,
#1797,#1798,#1799,#1800,#1801,#1802,#1803,#1804,#1805,#1806,#1807,#1808));
#1888=CLOSED_SHELL('',(#1809,#1810,#1811,#1812,#1813,#1814,#1815,#1816,
#1817,#1818,#1819,#1820,#1821,#1822,#1823,#1824,#1825,#1826,#1827,#1828));
#1889=CLOSED_SHELL('',(#1829,#1830,#1831,#1832,#1833,#1834,#1835,#1836,
#1837,#1838,#1839,#1840,#1841,#1842,#1843,#1844,#1845,#1846,#1847,#1848));
#1890=CLOSED_SHELL('',(#1849,#1850,#1851,#1852,#1853,#1854,#1855,#1856,
#1857,#1858,#1859,#1860,#1861,#1862,#1863,#1864,#1865,#1866,#1867,#1868));
#1891=CLOSED_SHELL('',(#1869,#1870,#1871,#1872,#1873,#1874));
#1892=CLOSED_SHELL('',(#1875,#1876,#1877,#1878,#1879,#1880));
#1893=CLOSED_SHELL('',(#1881,#1882,#1883,#1884,#1885,#1886));
#1894=DERIVED_UNIT_ELEMENT(#1908,1.);
#1895=DERIVED_UNIT_ELEMENT(#3115,-3.);
#1896=DERIVED_UNIT_ELEMENT(#1908,1.);
#1897=DERIVED_UNIT_ELEMENT(#3115,-3.);
#1898=DERIVED_UNIT_ELEMENT(#1908,1.);
#1899=DERIVED_UNIT_ELEMENT(#3115,-3.);
#1900=DERIVED_UNIT_ELEMENT(#1908,1.);
#1901=DERIVED_UNIT_ELEMENT(#3115,-3.);
#1902=DERIVED_UNIT_ELEMENT(#1908,1.);
#1903=DERIVED_UNIT_ELEMENT(#3115,-3.);
#1904=DERIVED_UNIT_ELEMENT(#1908,1.);
#1905=DERIVED_UNIT_ELEMENT(#3115,-3.);
#1906=DERIVED_UNIT_ELEMENT(#1908,1.);
#1907=DERIVED_UNIT_ELEMENT(#3115,-3.);
#1908=(
MASS_UNIT()
NAMED_UNIT(*)
SI_UNIT(.KILO.,.GRAM.)
);
#1909=DERIVED_UNIT((#1894,#1895));
#1910=DERIVED_UNIT((#1896,#1897));
#1911=DERIVED_UNIT((#1898,#1899));
#1912=DERIVED_UNIT((#1900,#1901));
#1913=DERIVED_UNIT((#1902,#1903));
#1914=DERIVED_UNIT((#1904,#1905));
#1915=DERIVED_UNIT((#1906,#1907));
#1916=MEASURE_REPRESENTATION_ITEM('density measure',
POSITIVE_RATIO_MEASURE(7850.),#1909);
#1917=MEASURE_REPRESENTATION_ITEM('density measure',
POSITIVE_RATIO_MEASURE(7850.),#1910);
#1918=MEASURE_REPRESENTATION_ITEM('density measure',
POSITIVE_RATIO_MEASURE(7850.),#1911);
#1919=MEASURE_REPRESENTATION_ITEM('density measure',
POSITIVE_RATIO_MEASURE(7850.),#1912);
#1920=MEASURE_REPRESENTATION_ITEM('density measure',
POSITIVE_RATIO_MEASURE(7850.),#1913);
#1921=MEASURE_REPRESENTATION_ITEM('density measure',
POSITIVE_RATIO_MEASURE(7850.),#1914);
#1922=MEASURE_REPRESENTATION_ITEM('density measure',
POSITIVE_RATIO_MEASURE(7850.),#1915);
#1923=PROPERTY_DEFINITION_REPRESENTATION(#1958,#1937);
#1924=PROPERTY_DEFINITION_REPRESENTATION(#1959,#1938);
#1925=PROPERTY_DEFINITION_REPRESENTATION(#1960,#1939);
#1926=PROPERTY_DEFINITION_REPRESENTATION(#1961,#1940);
#1927=PROPERTY_DEFINITION_REPRESENTATION(#1962,#1941);
#1928=PROPERTY_DEFINITION_REPRESENTATION(#1963,#1942);
#1929=PROPERTY_DEFINITION_REPRESENTATION(#1964,#1943);
#1930=PROPERTY_DEFINITION_REPRESENTATION(#1965,#1944);
#1931=PROPERTY_DEFINITION_REPRESENTATION(#1966,#1945);
#1932=PROPERTY_DEFINITION_REPRESENTATION(#1967,#1946);
#1933=PROPERTY_DEFINITION_REPRESENTATION(#1968,#1947);
#1934=PROPERTY_DEFINITION_REPRESENTATION(#1969,#1948);
#1935=PROPERTY_DEFINITION_REPRESENTATION(#1970,#1949);
#1936=PROPERTY_DEFINITION_REPRESENTATION(#1971,#1950);
#1937=REPRESENTATION('material name',(#1951),#3106);
#1938=REPRESENTATION('density',(#1916),#3106);
#1939=REPRESENTATION('material name',(#1952),#3107);
#1940=REPRESENTATION('density',(#1917),#3107);
#1941=REPRESENTATION('material name',(#1953),#3108);
#1942=REPRESENTATION('density',(#1918),#3108);
#1943=REPRESENTATION('material name',(#1954),#3109);
#1944=REPRESENTATION('density',(#1919),#3109);
#1945=REPRESENTATION('material name',(#1955),#3110);
#1946=REPRESENTATION('density',(#1920),#3110);
#1947=REPRESENTATION('material name',(#1956),#3111);
#1948=REPRESENTATION('density',(#1921),#3111);
#1949=REPRESENTATION('material name',(#1957),#3112);
#1950=REPRESENTATION('density',(#1922),#3112);
#1951=DESCRIPTIVE_REPRESENTATION_ITEM('Steel','Steel');
#1952=DESCRIPTIVE_REPRESENTATION_ITEM('Steel','Steel');
#1953=DESCRIPTIVE_REPRESENTATION_ITEM('Steel','Steel');
#1954=DESCRIPTIVE_REPRESENTATION_ITEM('Steel','Steel');
#1955=DESCRIPTIVE_REPRESENTATION_ITEM('Steel','Steel');
#1956=DESCRIPTIVE_REPRESENTATION_ITEM('Steel','Steel');
#1957=DESCRIPTIVE_REPRESENTATION_ITEM('Steel','Steel');
#1958=PROPERTY_DEFINITION('material property','material name',#3151);
#1959=PROPERTY_DEFINITION('material property','density of part',#3151);
#1960=PROPERTY_DEFINITION('material property','material name',#3152);
#1961=PROPERTY_DEFINITION('material property','density of part',#3152);
#1962=PROPERTY_DEFINITION('material property','material name',#3153);
#1963=PROPERTY_DEFINITION('material property','density of part',#3153);
#1964=PROPERTY_DEFINITION('material property','material name',#3154);
#1965=PROPERTY_DEFINITION('material property','density of part',#3154);
#1966=PROPERTY_DEFINITION('material property','material name',#3155);
#1967=PROPERTY_DEFINITION('material property','density of part',#3155);
#1968=PROPERTY_DEFINITION('material property','material name',#3156);
#1969=PROPERTY_DEFINITION('material property','density of part',#3156);
#1970=PROPERTY_DEFINITION('material property','material name',#3157);
#1971=PROPERTY_DEFINITION('material property','density of part',#3157);
#1972=AXIS2_PLACEMENT_3D('',#2563,#2085,#2086);
#1973=AXIS2_PLACEMENT_3D('',#2564,#2087,#2088);
#1974=AXIS2_PLACEMENT_3D('',#2565,#2089,#2090);
#1975=AXIS2_PLACEMENT_3D('',#2574,#2095,#2096);
#1976=AXIS2_PLACEMENT_3D('',#2580,#2100,#2101);
#1977=AXIS2_PLACEMENT_3D('',#2586,#2105,#2106);
#1978=AXIS2_PLACEMENT_3D('',#2592,#2110,#2111);
#1979=AXIS2_PLACEMENT_3D('',#2598,#2115,#2116);
#1980=AXIS2_PLACEMENT_3D('',#2604,#2120,#2121);
#1981=AXIS2_PLACEMENT_3D('',#2610,#2125,#2126);
#1982=AXIS2_PLACEMENT_3D('',#2616,#2130,#2131);
#1983=AXIS2_PLACEMENT_3D('',#2622,#2135,#2136);
#1984=AXIS2_PLACEMENT_3D('',#2628,#2140,#2141);
#1985=AXIS2_PLACEMENT_3D('',#2634,#2145,#2146);
#1986=AXIS2_PLACEMENT_3D('',#2640,#2150,#2151);
#1987=AXIS2_PLACEMENT_3D('',#2646,#2155,#2156);
#1988=AXIS2_PLACEMENT_3D('',#2652,#2160,#2161);
#1989=AXIS2_PLACEMENT_3D('',#2658,#2165,#2166);
#1990=AXIS2_PLACEMENT_3D('',#2664,#2170,#2171);
#1991=AXIS2_PLACEMENT_3D('',#2670,#2175,#2176);
#1992=AXIS2_PLACEMENT_3D('',#2673,#2179,#2180);
#1993=AXIS2_PLACEMENT_3D('',#2674,#2181,#2182);
#1994=AXIS2_PLACEMENT_3D('',#2675,#2183,#2184);
#1995=AXIS2_PLACEMENT_3D('',#2676,#2185,#2186);
#1996=AXIS2_PLACEMENT_3D('',#2685,#2191,#2192);
#1997=AXIS2_PLACEMENT_3D('',#2691,#2196,#2197);
#1998=AXIS2_PLACEMENT_3D('',#2697,#2201,#2202);
#1999=AXIS2_PLACEMENT_3D('',#2703,#2206,#2207);
#2000=AXIS2_PLACEMENT_3D('',#2709,#2211,#2212);
#2001=AXIS2_PLACEMENT_3D('',#2715,#2216,#2217);
#2002=AXIS2_PLACEMENT_3D('',#2721,#2221,#2222);
#2003=AXIS2_PLACEMENT_3D('',#2727,#2226,#2227);
#2004=AXIS2_PLACEMENT_3D('',#2733,#2231,#2232);
#2005=AXIS2_PLACEMENT_3D('',#2739,#2236,#2237);
#2006=AXIS2_PLACEMENT_3D('',#2745,#2241,#2242);
#2007=AXIS2_PLACEMENT_3D('',#2751,#2246,#2247);
#2008=AXIS2_PLACEMENT_3D('',#2757,#2251,#2252);
#2009=AXIS2_PLACEMENT_3D('',#2763,#2256,#2257);
#2010=AXIS2_PLACEMENT_3D('',#2769,#2261,#2262);
#2011=AXIS2_PLACEMENT_3D('',#2775,#2266,#2267);
#2012=AXIS2_PLACEMENT_3D('',#2781,#2271,#2272);
#2013=AXIS2_PLACEMENT_3D('',#2784,#2275,#2276);
#2014=AXIS2_PLACEMENT_3D('',#2785,#2277,#2278);
#2015=AXIS2_PLACEMENT_3D('',#2786,#2279,#2280);
#2016=AXIS2_PLACEMENT_3D('',#2787,#2281,#2282);
#2017=AXIS2_PLACEMENT_3D('',#2796,#2287,#2288);
#2018=AXIS2_PLACEMENT_3D('',#2802,#2292,#2293);
#2019=AXIS2_PLACEMENT_3D('',#2808,#2297,#2298);
#2020=AXIS2_PLACEMENT_3D('',#2814,#2302,#2303);
#2021=AXIS2_PLACEMENT_3D('',#2820,#2307,#2308);
#2022=AXIS2_PLACEMENT_3D('',#2826,#2312,#2313);
#2023=AXIS2_PLACEMENT_3D('',#2832,#2317,#2318);
#2024=AXIS2_PLACEMENT_3D('',#2838,#2322,#2323);
#2025=AXIS2_PLACEMENT_3D('',#2844,#2327,#2328);
#2026=AXIS2_PLACEMENT_3D('',#2850,#2332,#2333);
#2027=AXIS2_PLACEMENT_3D('',#2856,#2337,#2338);
#2028=AXIS2_PLACEMENT_3D('',#2862,#2342,#2343);
#2029=AXIS2_PLACEMENT_3D('',#2868,#2347,#2348);
#2030=AXIS2_PLACEMENT_3D('',#2874,#2352,#2353);
#2031=AXIS2_PLACEMENT_3D('',#2880,#2357,#2358);
#2032=AXIS2_PLACEMENT_3D('',#2886,#2362,#2363);
#2033=AXIS2_PLACEMENT_3D('',#2892,#2367,#2368);
#2034=AXIS2_PLACEMENT_3D('',#2895,#2371,#2372);
#2035=AXIS2_PLACEMENT_3D('',#2896,#2373,#2374);
#2036=AXIS2_PLACEMENT_3D('',#2897,#2375,#2376);
#2037=AXIS2_PLACEMENT_3D('',#2898,#2377,#2378);
#2038=AXIS2_PLACEMENT_3D('',#2907,#2383,#2384);
#2039=AXIS2_PLACEMENT_3D('',#2913,#2388,#2389);
#2040=AXIS2_PLACEMENT_3D('',#2919,#2393,#2394);
#2041=AXIS2_PLACEMENT_3D('',#2925,#2398,#2399);
#2042=AXIS2_PLACEMENT_3D('',#2931,#2403,#2404);
#2043=AXIS2_PLACEMENT_3D('',#2937,#2408,#2409);
#2044=AXIS2_PLACEMENT_3D('',#2943,#2413,#2414);
#2045=AXIS2_PLACEMENT_3D('',#2949,#2418,#2419);
#2046=AXIS2_PLACEMENT_3D('',#2955,#2423,#2424);
#2047=AXIS2_PLACEMENT_3D('',#2961,#2428,#2429);
#2048=AXIS2_PLACEMENT_3D('',#2967,#2433,#2434);
#2049=AXIS2_PLACEMENT_3D('',#2973,#2438,#2439);
#2050=AXIS2_PLACEMENT_3D('',#2979,#2443,#2444);
#2051=AXIS2_PLACEMENT_3D('',#2985,#2448,#2449);
#2052=AXIS2_PLACEMENT_3D('',#2991,#2453,#2454);
#2053=AXIS2_PLACEMENT_3D('',#2997,#2458,#2459);
#2054=AXIS2_PLACEMENT_3D('',#3003,#2463,#2464);
#2055=AXIS2_PLACEMENT_3D('',#3006,#2467,#2468);
#2056=AXIS2_PLACEMENT_3D('',#3007,#2469,#2470);
#2057=AXIS2_PLACEMENT_3D('',#3008,#2471,#2472);
#2058=AXIS2_PLACEMENT_3D('',#3009,#2473,#2474);
#2059=AXIS2_PLACEMENT_3D('',#3018,#2479,#2480);
#2060=AXIS2_PLACEMENT_3D('',#3024,#2484,#2485);
#2061=AXIS2_PLACEMENT_3D('',#3030,#2489,#2490);
#2062=AXIS2_PLACEMENT_3D('',#3033,#2493,#2494);
#2063=AXIS2_PLACEMENT_3D('',#3034,#2495,#2496);
#2064=AXIS2_PLACEMENT_3D('',#3035,#2497,#2498);
#2065=AXIS2_PLACEMENT_3D('',#3036,#2499,#2500);
#2066=AXIS2_PLACEMENT_3D('',#3045,#2505,#2506);
#2067=AXIS2_PLACEMENT_3D('',#3051,#2510,#2511);
#2068=AXIS2_PLACEMENT_3D('',#3057,#2515,#2516);
#2069=AXIS2_PLACEMENT_3D('',#3060,#2519,#2520);
#2070=AXIS2_PLACEMENT_3D('',#3061,#2521,#2522);
#2071=AXIS2_PLACEMENT_3D('',#3062,#2523,#2524);
#2072=AXIS2_PLACEMENT_3D('',#3063,#2525,#2526);
#2073=AXIS2_PLACEMENT_3D('',#3072,#2531,#2532);
#2074=AXIS2_PLACEMENT_3D('',#3078,#2536,#2537);
#2075=AXIS2_PLACEMENT_3D('',#3084,#2541,#2542);
#2076=AXIS2_PLACEMENT_3D('',#3087,#2545,#2546);
#2077=AXIS2_PLACEMENT_3D('',#3088,#2547,#2548);
#2078=AXIS2_PLACEMENT_3D('',#3089,#2549,#2550);
#2079=AXIS2_PLACEMENT_3D('',#3090,#2551,#2552);
#2080=AXIS2_PLACEMENT_3D('',#3091,#2553,#2554);
#2081=AXIS2_PLACEMENT_3D('',#3092,#2555,#2556);
#2082=AXIS2_PLACEMENT_3D('',#3093,#2557,#2558);
#2083=AXIS2_PLACEMENT_3D('',#3094,#2559,#2560);
#2084=AXIS2_PLACEMENT_3D('',#3095,#2561,#2562);
#2085=DIRECTION('axis',(0.,0.,1.));
#2086=DIRECTION('refdir',(1.,0.,0.));
#2087=DIRECTION('axis',(0.,0.,1.));
#2088=DIRECTION('refdir',(1.,0.,0.));
#2089=DIRECTION('center_axis',(0.,-1.,0.));
#2090=DIRECTION('ref_axis',(0.,0.,-1.));
#2091=DIRECTION('',(0.,0.,1.));
#2092=DIRECTION('',(1.,0.,0.));
#2093=DIRECTION('',(0.,0.,-1.));
#2094=DIRECTION('',(1.,0.,0.));
#2095=DIRECTION('center_axis',(0.,-0.111779229198021,0.993733064721053));
#2096=DIRECTION('ref_axis',(0.,-0.993733064721053,-0.111779229198021));
#2097=DIRECTION('',(0.,0.993733064721053,0.111779229198021));
#2098=DIRECTION('',(0.,-0.993733064721053,-0.111779229198021));
#2099=DIRECTION('',(1.,0.,0.));
#2100=DIRECTION('center_axis',(0.,1.,0.));
#2101=DIRECTION('ref_axis',(0.,0.,1.));
#2102=DIRECTION('',(0.,0.,-1.));
#2103=DIRECTION('',(0.,0.,1.));
#2104=DIRECTION('',(1.,0.,0.));
#2105=DIRECTION('center_axis',(0.,0.258273045434884,0.966071961088712));
#2106=DIRECTION('ref_axis',(0.,-0.966071961088712,0.258273045434884));
#2107=DIRECTION('',(0.,0.966071961088712,-0.258273045434884));
#2108=DIRECTION('',(0.,-0.966071961088712,0.258273045434884));
#2109=DIRECTION('',(1.,0.,0.));
#2110=DIRECTION('center_axis',(0.,1.,0.));
#2111=DIRECTION('ref_axis',(0.,0.,1.));
#2112=DIRECTION('',(0.,0.,-1.));
#2113=DIRECTION('',(0.,0.,1.));
#2114=DIRECTION('',(1.,0.,0.));
#2115=DIRECTION('center_axis',(0.,-0.0488344553023086,-0.998806886227426));
#2116=DIRECTION('ref_axis',(0.,0.998806886227426,-0.0488344553023086));
#2117=DIRECTION('',(0.,-0.998806886227426,0.0488344553023086));
#2118=DIRECTION('',(0.,0.998806886227426,-0.0488344553023086));
#2119=DIRECTION('',(1.,0.,0.));
#2120=DIRECTION('center_axis',(0.,-1.,1.0022914741295E-15));
#2121=DIRECTION('ref_axis',(0.,-1.0022914741295E-15,-1.));
#2122=DIRECTION('',(0.,1.0022914741295E-15,1.));
#2123=DIRECTION('',(0.,-1.0022914741295E-15,-1.));
#2124=DIRECTION('',(1.,0.,0.));
#2125=DIRECTION('center_axis',(0.,-0.136047155443714,0.990702362718326));
#2126=DIRECTION('ref_axis',(0.,-0.990702362718326,-0.136047155443714));
#2127=DIRECTION('',(0.,0.990702362718326,0.136047155443714));
#2128=DIRECTION('',(0.,-0.990702362718326,-0.136047155443714));
#2129=DIRECTION('',(1.,0.,0.));
#2130=DIRECTION('center_axis',(0.,-0.359630314566791,0.933094870227348));
#2131=DIRECTION('ref_axis',(0.,-0.933094870227348,-0.359630314566791));
#2132=DIRECTION('',(0.,0.933094870227348,0.359630314566791));
#2133=DIRECTION('',(0.,-0.933094870227348,-0.359630314566791));
#2134=DIRECTION('',(1.,0.,0.));
#2135=DIRECTION('center_axis',(0.,-1.,1.04683776186859E-15));
#2136=DIRECTION('ref_axis',(0.,-1.04683776186859E-15,-1.));
#2137=DIRECTION('',(0.,1.04683776186859E-15,1.));
#2138=DIRECTION('',(0.,-1.04683776186859E-15,-1.));
#2139=DIRECTION('',(1.,0.,0.));
#2140=DIRECTION('center_axis',(0.,-0.325079768511048,-0.945686599304867));
#2141=DIRECTION('ref_axis',(0.,0.945686599304867,-0.325079768511048));
#2142=DIRECTION('',(0.,-0.945686599304867,0.325079768511048));
#2143=DIRECTION('',(0.,0.945686599304867,-0.325079768511048));
#2144=DIRECTION('',(1.,0.,0.));
#2145=DIRECTION('center_axis',(0.,-0.133081254275941,-0.991105130528716));
#2146=DIRECTION('ref_axis',(0.,0.991105130528716,-0.133081254275941));
#2147=DIRECTION('',(0.,-0.991105130528716,0.133081254275941));
#2148=DIRECTION('',(0.,0.991105130528716,-0.133081254275941));
#2149=DIRECTION('',(1.,0.,0.));
#2150=DIRECTION('center_axis',(0.,-1.,1.0445526150998E-15));
#2151=DIRECTION('ref_axis',(0.,-1.0445526150998E-15,-1.));
#2152=DIRECTION('',(0.,1.0445526150998E-15,1.));
#2153=DIRECTION('',(0.,-1.0445526150998E-15,-1.));
#2154=DIRECTION('',(1.,0.,0.));
#2155=DIRECTION('center_axis',(0.,-0.204092389574209,0.978951631347478));
#2156=DIRECTION('ref_axis',(0.,-0.978951631347478,-0.204092389574209));
#2157=DIRECTION('',(0.,0.978951631347478,0.204092389574209));
#2158=DIRECTION('',(0.,-0.978951631347478,-0.204092389574209));
#2159=DIRECTION('',(1.,0.,0.));
#2160=DIRECTION('center_axis',(0.,-0.381229110222291,0.924480592289054));
#2161=DIRECTION('ref_axis',(0.,-0.924480592289054,-0.381229110222291));
#2162=DIRECTION('',(0.,0.924480592289054,0.381229110222291));
#2163=DIRECTION('',(0.,-0.924480592289054,-0.381229110222291));
#2164=DIRECTION('',(1.,0.,0.));
#2165=DIRECTION('center_axis',(0.,-1.,1.32697744462215E-15));
#2166=DIRECTION('ref_axis',(0.,-1.32697744462215E-15,-1.));
#2167=DIRECTION('',(0.,1.32697744462215E-15,1.));
#2168=DIRECTION('',(0.,-1.32697744462215E-15,-1.));
#2169=DIRECTION('',(1.,0.,0.));
#2170=DIRECTION('center_axis',(0.,-0.389330191735207,-0.921098258495491));
#2171=DIRECTION('ref_axis',(0.,0.921098258495491,-0.389330191735207));
#2172=DIRECTION('',(0.,-0.921098258495491,0.389330191735207));
#2173=DIRECTION('',(0.,0.921098258495491,-0.389330191735207));
#2174=DIRECTION('',(1.,0.,0.));
#2175=DIRECTION('center_axis',(0.,-0.209294766303044,-0.977852596661764));
#2176=DIRECTION('ref_axis',(0.,0.977852596661764,-0.209294766303044));
#2177=DIRECTION('',(0.,-0.977852596661764,0.209294766303044));
#2178=DIRECTION('',(0.,0.977852596661764,-0.209294766303044));
#2179=DIRECTION('center_axis',(1.,0.,0.));
#2180=DIRECTION('ref_axis',(0.,0.,-1.));
#2181=DIRECTION('center_axis',(1.,0.,0.));
#2182=DIRECTION('ref_axis',(0.,0.,-1.));
#2183=DIRECTION('axis',(0.,0.,1.));
#2184=DIRECTION('refdir',(1.,0.,0.));
#2185=DIRECTION('center_axis',(0.,-1.,0.));
#2186=DIRECTION('ref_axis',(0.,0.,-1.));
#2187=DIRECTION('',(0.,0.,1.));
#2188=DIRECTION('',(1.,0.,0.));
#2189=DIRECTION('',(0.,0.,-1.));
#2190=DIRECTION('',(1.,0.,0.));
#2191=DIRECTION('center_axis',(0.,-0.111779229198021,0.993733064721053));
#2192=DIRECTION('ref_axis',(0.,-0.993733064721053,-0.111779229198021));
#2193=DIRECTION('',(0.,0.993733064721053,0.111779229198021));
#2194=DIRECTION('',(0.,-0.993733064721053,-0.111779229198021));
#2195=DIRECTION('',(1.,0.,0.));
#2196=DIRECTION('center_axis',(0.,1.,0.));
#2197=DIRECTION('ref_axis',(0.,0.,1.));
#2198=DIRECTION('',(0.,0.,-1.));
#2199=DIRECTION('',(0.,0.,1.));
#2200=DIRECTION('',(1.,0.,0.));
#2201=DIRECTION('center_axis',(0.,0.258273045434884,0.966071961088712));
#2202=DIRECTION('ref_axis',(0.,-0.966071961088712,0.258273045434884));
#2203=DIRECTION('',(0.,0.966071961088712,-0.258273045434884));
#2204=DIRECTION('',(0.,-0.966071961088712,0.258273045434884));
#2205=DIRECTION('',(1.,0.,0.));
#2206=DIRECTION('center_axis',(0.,1.,0.));
#2207=DIRECTION('ref_axis',(0.,0.,1.));
#2208=DIRECTION('',(0.,0.,-1.));
#2209=DIRECTION('',(0.,0.,1.));
#2210=DIRECTION('',(1.,0.,0.));
#2211=DIRECTION('center_axis',(0.,-0.0488344553023086,-0.998806886227426));
#2212=DIRECTION('ref_axis',(0.,0.998806886227426,-0.0488344553023086));
#2213=DIRECTION('',(0.,-0.998806886227426,0.0488344553023086));
#2214=DIRECTION('',(0.,0.998806886227426,-0.0488344553023086));
#2215=DIRECTION('',(1.,0.,0.));
#2216=DIRECTION('center_axis',(0.,-1.,1.0022914741295E-15));
#2217=DIRECTION('ref_axis',(0.,-1.0022914741295E-15,-1.));
#2218=DIRECTION('',(0.,1.0022914741295E-15,1.));
#2219=DIRECTION('',(0.,-1.0022914741295E-15,-1.));
#2220=DIRECTION('',(1.,0.,0.));
#2221=DIRECTION('center_axis',(0.,-0.136047155443714,0.990702362718326));
#2222=DIRECTION('ref_axis',(0.,-0.990702362718326,-0.136047155443714));
#2223=DIRECTION('',(0.,0.990702362718326,0.136047155443714));
#2224=DIRECTION('',(0.,-0.990702362718326,-0.136047155443714));
#2225=DIRECTION('',(1.,0.,0.));
#2226=DIRECTION('center_axis',(0.,-0.359630314566791,0.933094870227348));
#2227=DIRECTION('ref_axis',(0.,-0.933094870227348,-0.359630314566791));
#2228=DIRECTION('',(0.,0.933094870227348,0.359630314566791));
#2229=DIRECTION('',(0.,-0.933094870227348,-0.359630314566791));
#2230=DIRECTION('',(1.,0.,0.));
#2231=DIRECTION('center_axis',(0.,-1.,1.04683776186859E-15));
#2232=DIRECTION('ref_axis',(0.,-1.04683776186859E-15,-1.));
#2233=DIRECTION('',(0.,1.04683776186859E-15,1.));
#2234=DIRECTION('',(0.,-1.04683776186859E-15,-1.));
#2235=DIRECTION('',(1.,0.,0.));
#2236=DIRECTION('center_axis',(0.,-0.325079768511048,-0.945686599304867));
#2237=DIRECTION('ref_axis',(0.,0.945686599304867,-0.325079768511048));
#2238=DIRECTION('',(0.,-0.945686599304867,0.325079768511048));
#2239=DIRECTION('',(0.,0.945686599304867,-0.325079768511048));
#2240=DIRECTION('',(1.,0.,0.));
#2241=DIRECTION('center_axis',(0.,-0.133081254275941,-0.991105130528716));
#2242=DIRECTION('ref_axis',(0.,0.991105130528716,-0.133081254275941));
#2243=DIRECTION('',(0.,-0.991105130528716,0.133081254275941));
#2244=DIRECTION('',(0.,0.991105130528716,-0.133081254275941));
#2245=DIRECTION('',(1.,0.,0.));
#2246=DIRECTION('center_axis',(0.,-1.,1.0445526150998E-15));
#2247=DIRECTION('ref_axis',(0.,-1.0445526150998E-15,-1.));
#2248=DIRECTION('',(0.,1.0445526150998E-15,1.));
#2249=DIRECTION('',(0.,-1.0445526150998E-15,-1.));
#2250=DIRECTION('',(1.,0.,0.));
#2251=DIRECTION('center_axis',(0.,-0.204092389574209,0.978951631347478));
#2252=DIRECTION('ref_axis',(0.,-0.978951631347478,-0.204092389574209));
#2253=DIRECTION('',(0.,0.978951631347478,0.204092389574209));
#2254=DIRECTION('',(0.,-0.978951631347478,-0.204092389574209));
#2255=DIRECTION('',(1.,0.,0.));
#2256=DIRECTION('center_axis',(0.,-0.381229110222291,0.924480592289054));
#2257=DIRECTION('ref_axis',(0.,-0.924480592289054,-0.381229110222291));
#2258=DIRECTION('',(0.,0.924480592289054,0.381229110222291));
#2259=DIRECTION('',(0.,-0.924480592289054,-0.381229110222291));
#2260=DIRECTION('',(1.,0.,0.));
#2261=DIRECTION('center_axis',(0.,-1.,1.32697744462215E-15));
#2262=DIRECTION('ref_axis',(0.,-1.32697744462215E-15,-1.));
#2263=DIRECTION('',(0.,1.32697744462215E-15,1.));
#2264=DIRECTION('',(0.,-1.32697744462215E-15,-1.));
#2265=DIRECTION('',(1.,0.,0.));
#2266=DIRECTION('center_axis',(0.,-0.389330191735207,-0.921098258495491));
#2267=DIRECTION('ref_axis',(0.,0.921098258495491,-0.389330191735207));
#2268=DIRECTION('',(0.,-0.921098258495491,0.389330191735207));
#2269=DIRECTION('',(0.,0.921098258495491,-0.389330191735207));
#2270=DIRECTION('',(1.,0.,0.));
#2271=DIRECTION('center_axis',(0.,-0.209294766303044,-0.977852596661764));
#2272=DIRECTION('ref_axis',(0.,0.977852596661764,-0.209294766303044));
#2273=DIRECTION('',(0.,-0.977852596661764,0.209294766303044));
#2274=DIRECTION('',(0.,0.977852596661764,-0.209294766303044));
#2275=DIRECTION('center_axis',(1.,0.,0.));
#2276=DIRECTION('ref_axis',(0.,0.,-1.));
#2277=DIRECTION('center_axis',(1.,0.,0.));
#2278=DIRECTION('ref_axis',(0.,0.,-1.));
#2279=DIRECTION('axis',(0.,0.,1.));
#2280=DIRECTION('refdir',(1.,0.,0.));
#2281=DIRECTION('center_axis',(0.,-1.,0.));
#2282=DIRECTION('ref_axis',(0.,0.,-1.));
#2283=DIRECTION('',(0.,0.,1.));
#2284=DIRECTION('',(1.,0.,0.));
#2285=DIRECTION('',(0.,0.,-1.));
#2286=DIRECTION('',(1.,0.,0.));
#2287=DIRECTION('center_axis',(0.,-0.111779229198021,0.993733064721053));
#2288=DIRECTION('ref_axis',(0.,-0.993733064721053,-0.111779229198021));
#2289=DIRECTION('',(0.,0.993733064721053,0.111779229198021));
#2290=DIRECTION('',(0.,-0.993733064721053,-0.111779229198021));
#2291=DIRECTION('',(1.,0.,0.));
#2292=DIRECTION('center_axis',(0.,1.,0.));
#2293=DIRECTION('ref_axis',(0.,0.,1.));
#2294=DIRECTION('',(0.,0.,-1.));
#2295=DIRECTION('',(0.,0.,1.));
#2296=DIRECTION('',(1.,0.,0.));
#2297=DIRECTION('center_axis',(0.,0.258273045434884,0.966071961088712));
#2298=DIRECTION('ref_axis',(0.,-0.966071961088712,0.258273045434884));
#2299=DIRECTION('',(0.,0.966071961088712,-0.258273045434884));
#2300=DIRECTION('',(0.,-0.966071961088712,0.258273045434884));
#2301=DIRECTION('',(1.,0.,0.));
#2302=DIRECTION('center_axis',(0.,1.,0.));
#2303=DIRECTION('ref_axis',(0.,0.,1.));
#2304=DIRECTION('',(0.,0.,-1.));
#2305=DIRECTION('',(0.,0.,1.));
#2306=DIRECTION('',(1.,0.,0.));
#2307=DIRECTION('center_axis',(0.,-0.0488344553023086,-0.998806886227426));
#2308=DIRECTION('ref_axis',(0.,0.998806886227426,-0.0488344553023086));
#2309=DIRECTION('',(0.,-0.998806886227426,0.0488344553023086));
#2310=DIRECTION('',(0.,0.998806886227426,-0.0488344553023086));
#2311=DIRECTION('',(1.,0.,0.));
#2312=DIRECTION('center_axis',(0.,-1.,1.0022914741295E-15));
#2313=DIRECTION('ref_axis',(0.,-1.0022914741295E-15,-1.));
#2314=DIRECTION('',(0.,1.0022914741295E-15,1.));
#2315=DIRECTION('',(0.,-1.0022914741295E-15,-1.));
#2316=DIRECTION('',(1.,0.,0.));
#2317=DIRECTION('center_axis',(0.,-0.136047155443714,0.990702362718326));
#2318=DIRECTION('ref_axis',(0.,-0.990702362718326,-0.136047155443714));
#2319=DIRECTION('',(0.,0.990702362718326,0.136047155443714));
#2320=DIRECTION('',(0.,-0.990702362718326,-0.136047155443714));
#2321=DIRECTION('',(1.,0.,0.));
#2322=DIRECTION('center_axis',(0.,-0.359630314566791,0.933094870227348));
#2323=DIRECTION('ref_axis',(0.,-0.933094870227348,-0.359630314566791));
#2324=DIRECTION('',(0.,0.933094870227348,0.359630314566791));
#2325=DIRECTION('',(0.,-0.933094870227348,-0.359630314566791));
#2326=DIRECTION('',(1.,0.,0.));
#2327=DIRECTION('center_axis',(0.,-1.,1.04683776186859E-15));
#2328=DIRECTION('ref_axis',(0.,-1.04683776186859E-15,-1.));
#2329=DIRECTION('',(0.,1.04683776186859E-15,1.));
#2330=DIRECTION('',(0.,-1.04683776186859E-15,-1.));
#2331=DIRECTION('',(1.,0.,0.));
#2332=DIRECTION('center_axis',(0.,-0.325079768511048,-0.945686599304867));
#2333=DIRECTION('ref_axis',(0.,0.945686599304867,-0.325079768511048));
#2334=DIRECTION('',(0.,-0.945686599304867,0.325079768511048));
#2335=DIRECTION('',(0.,0.945686599304867,-0.325079768511048));
#2336=DIRECTION('',(1.,0.,0.));
#2337=DIRECTION('center_axis',(0.,-0.133081254275941,-0.991105130528716));
#2338=DIRECTION('ref_axis',(0.,0.991105130528716,-0.133081254275941));
#2339=DIRECTION('',(0.,-0.991105130528716,0.133081254275941));
#2340=DIRECTION('',(0.,0.991105130528716,-0.133081254275941));
#2341=DIRECTION('',(1.,0.,0.));
#2342=DIRECTION('center_axis',(0.,-1.,1.0445526150998E-15));
#2343=DIRECTION('ref_axis',(0.,-1.0445526150998E-15,-1.));
#2344=DIRECTION('',(0.,1.0445526150998E-15,1.));
#2345=DIRECTION('',(0.,-1.0445526150998E-15,-1.));
#2346=DIRECTION('',(1.,0.,0.));
#2347=DIRECTION('center_axis',(0.,-0.204092389574209,0.978951631347478));
#2348=DIRECTION('ref_axis',(0.,-0.978951631347478,-0.204092389574209));
#2349=DIRECTION('',(0.,0.978951631347478,0.204092389574209));
#2350=DIRECTION('',(0.,-0.978951631347478,-0.204092389574209));
#2351=DIRECTION('',(1.,0.,0.));
#2352=DIRECTION('center_axis',(0.,-0.381229110222291,0.924480592289054));
#2353=DIRECTION('ref_axis',(0.,-0.924480592289054,-0.381229110222291));
#2354=DIRECTION('',(0.,0.924480592289054,0.381229110222291));
#2355=DIRECTION('',(0.,-0.924480592289054,-0.381229110222291));
#2356=DIRECTION('',(1.,0.,0.));
#2357=DIRECTION('center_axis',(0.,-1.,1.32697744462215E-15));
#2358=DIRECTION('ref_axis',(0.,-1.32697744462215E-15,-1.));
#2359=DIRECTION('',(0.,1.32697744462215E-15,1.));
#2360=DIRECTION('',(0.,-1.32697744462215E-15,-1.));
#2361=DIRECTION('',(1.,0.,0.));
#2362=DIRECTION('center_axis',(0.,-0.389330191735207,-0.921098258495491));
#2363=DIRECTION('ref_axis',(0.,0.921098258495491,-0.389330191735207));
#2364=DIRECTION('',(0.,-0.921098258495491,0.389330191735207));
#2365=DIRECTION('',(0.,0.921098258495491,-0.389330191735207));
#2366=DIRECTION('',(1.,0.,0.));
#2367=DIRECTION('center_axis',(0.,-0.209294766303044,-0.977852596661764));
#2368=DIRECTION('ref_axis',(0.,0.977852596661764,-0.209294766303044));
#2369=DIRECTION('',(0.,-0.977852596661764,0.209294766303044));
#2370=DIRECTION('',(0.,0.977852596661764,-0.209294766303044));
#2371=DIRECTION('center_axis',(1.,0.,0.));
#2372=DIRECTION('ref_axis',(0.,0.,-1.));
#2373=DIRECTION('center_axis',(1.,0.,0.));
#2374=DIRECTION('ref_axis',(0.,0.,-1.));
#2375=DIRECTION('axis',(0.,0.,1.));
#2376=DIRECTION('refdir',(1.,0.,0.));
#2377=DIRECTION('center_axis',(0.,-1.,0.));
#2378=DIRECTION('ref_axis',(0.,0.,-1.));
#2379=DIRECTION('',(0.,0.,1.));
#2380=DIRECTION('',(1.,0.,0.));
#2381=DIRECTION('',(0.,0.,-1.));
#2382=DIRECTION('',(1.,0.,0.));
#2383=DIRECTION('center_axis',(0.,-0.111779229198021,0.993733064721053));
#2384=DIRECTION('ref_axis',(0.,-0.993733064721053,-0.111779229198021));
#2385=DIRECTION('',(0.,0.993733064721053,0.111779229198021));
#2386=DIRECTION('',(0.,-0.993733064721053,-0.111779229198021));
#2387=DIRECTION('',(1.,0.,0.));
#2388=DIRECTION('center_axis',(0.,1.,0.));
#2389=DIRECTION('ref_axis',(0.,0.,1.));
#2390=DIRECTION('',(0.,0.,-1.));
#2391=DIRECTION('',(0.,0.,1.));
#2392=DIRECTION('',(1.,0.,0.));
#2393=DIRECTION('center_axis',(0.,0.258273045434884,0.966071961088712));
#2394=DIRECTION('ref_axis',(0.,-0.966071961088712,0.258273045434884));
#2395=DIRECTION('',(0.,0.966071961088712,-0.258273045434884));
#2396=DIRECTION('',(0.,-0.966071961088712,0.258273045434884));
#2397=DIRECTION('',(1.,0.,0.));
#2398=DIRECTION('center_axis',(0.,1.,0.));
#2399=DIRECTION('ref_axis',(0.,0.,1.));
#2400=DIRECTION('',(0.,0.,-1.));
#2401=DIRECTION('',(0.,0.,1.));
#2402=DIRECTION('',(1.,0.,0.));
#2403=DIRECTION('center_axis',(0.,-0.0488344553023086,-0.998806886227426));
#2404=DIRECTION('ref_axis',(0.,0.998806886227426,-0.0488344553023086));
#2405=DIRECTION('',(0.,-0.998806886227426,0.0488344553023086));
#2406=DIRECTION('',(0.,0.998806886227426,-0.0488344553023086));
#2407=DIRECTION('',(1.,0.,0.));
#2408=DIRECTION('center_axis',(0.,-1.,1.0022914741295E-15));
#2409=DIRECTION('ref_axis',(0.,-1.0022914741295E-15,-1.));
#2410=DIRECTION('',(0.,1.0022914741295E-15,1.));
#2411=DIRECTION('',(0.,-1.0022914741295E-15,-1.));
#2412=DIRECTION('',(1.,0.,0.));
#2413=DIRECTION('center_axis',(0.,-0.136047155443714,0.990702362718326));
#2414=DIRECTION('ref_axis',(0.,-0.990702362718326,-0.136047155443714));
#2415=DIRECTION('',(0.,0.990702362718326,0.136047155443714));
#2416=DIRECTION('',(0.,-0.990702362718326,-0.136047155443714));
#2417=DIRECTION('',(1.,0.,0.));
#2418=DIRECTION('center_axis',(0.,-0.359630314566791,0.933094870227348));
#2419=DIRECTION('ref_axis',(0.,-0.933094870227348,-0.359630314566791));
#2420=DIRECTION('',(0.,0.933094870227348,0.359630314566791));
#2421=DIRECTION('',(0.,-0.933094870227348,-0.359630314566791));
#2422=DIRECTION('',(1.,0.,0.));
#2423=DIRECTION('center_axis',(0.,-1.,1.04683776186859E-15));
#2424=DIRECTION('ref_axis',(0.,-1.04683776186859E-15,-1.));
#2425=DIRECTION('',(0.,1.04683776186859E-15,1.));
#2426=DIRECTION('',(0.,-1.04683776186859E-15,-1.));
#2427=DIRECTION('',(1.,0.,0.));
#2428=DIRECTION('center_axis',(0.,-0.325079768511048,-0.945686599304867));
#2429=DIRECTION('ref_axis',(0.,0.945686599304867,-0.325079768511048));
#2430=DIRECTION('',(0.,-0.945686599304867,0.325079768511048));
#2431=DIRECTION('',(0.,0.945686599304867,-0.325079768511048));
#2432=DIRECTION('',(1.,0.,0.));
#2433=DIRECTION('center_axis',(0.,-0.133081254275941,-0.991105130528716));
#2434=DIRECTION('ref_axis',(0.,0.991105130528716,-0.133081254275941));
#2435=DIRECTION('',(0.,-0.991105130528716,0.133081254275941));
#2436=DIRECTION('',(0.,0.991105130528716,-0.133081254275941));
#2437=DIRECTION('',(1.,0.,0.));
#2438=DIRECTION('center_axis',(0.,-1.,1.0445526150998E-15));
#2439=DIRECTION('ref_axis',(0.,-1.0445526150998E-15,-1.));
#2440=DIRECTION('',(0.,1.0445526150998E-15,1.));
#2441=DIRECTION('',(0.,-1.0445526150998E-15,-1.));
#2442=DIRECTION('',(1.,0.,0.));
#2443=DIRECTION('center_axis',(0.,-0.204092389574209,0.978951631347478));
#2444=DIRECTION('ref_axis',(0.,-0.978951631347478,-0.204092389574209));
#2445=DIRECTION('',(0.,0.978951631347478,0.204092389574209));
#2446=DIRECTION('',(0.,-0.978951631347478,-0.204092389574209));
#2447=DIRECTION('',(1.,0.,0.));
#2448=DIRECTION('center_axis',(0.,-0.381229110222291,0.924480592289054));
#2449=DIRECTION('ref_axis',(0.,-0.924480592289054,-0.381229110222291));
#2450=DIRECTION('',(0.,0.924480592289054,0.381229110222291));
#2451=DIRECTION('',(0.,-0.924480592289054,-0.381229110222291));
#2452=DIRECTION('',(1.,0.,0.));
#2453=DIRECTION('center_axis',(0.,-1.,1.32697744462215E-15));
#2454=DIRECTION('ref_axis',(0.,-1.32697744462215E-15,-1.));
#2455=DIRECTION('',(0.,1.32697744462215E-15,1.));
#2456=DIRECTION('',(0.,-1.32697744462215E-15,-1.));
#2457=DIRECTION('',(1.,0.,0.));
#2458=DIRECTION('center_axis',(0.,-0.389330191735207,-0.921098258495491));
#2459=DIRECTION('ref_axis',(0.,0.921098258495491,-0.389330191735207));
#2460=DIRECTION('',(0.,-0.921098258495491,0.389330191735207));
#2461=DIRECTION('',(0.,0.921098258495491,-0.389330191735207));
#2462=DIRECTION('',(1.,0.,0.));
#2463=DIRECTION('center_axis',(0.,-0.209294766303044,-0.977852596661764));
#2464=DIRECTION('ref_axis',(0.,0.977852596661764,-0.209294766303044));
#2465=DIRECTION('',(0.,-0.977852596661764,0.209294766303044));
#2466=DIRECTION('',(0.,0.977852596661764,-0.209294766303044));
#2467=DIRECTION('center_axis',(1.,0.,0.));
#2468=DIRECTION('ref_axis',(0.,0.,-1.));
#2469=DIRECTION('center_axis',(1.,0.,0.));
#2470=DIRECTION('ref_axis',(0.,0.,-1.));
#2471=DIRECTION('axis',(0.,0.,1.));
#2472=DIRECTION('refdir',(1.,0.,0.));
#2473=DIRECTION('center_axis',(1.,0.,0.));
#2474=DIRECTION('ref_axis',(0.,0.,1.));
#2475=DIRECTION('',(0.,0.,1.));
#2476=DIRECTION('',(0.,-1.,0.));
#2477=DIRECTION('',(0.,0.,1.));
#2478=DIRECTION('',(0.,-1.,0.));
#2479=DIRECTION('center_axis',(1.03720387203397E-16,0.,-1.));
#2480=DIRECTION('ref_axis',(1.,0.,1.03720387203397E-16));
#2481=DIRECTION('',(1.,0.,1.03720387203397E-16));
#2482=DIRECTION('',(1.,0.,1.03720387203397E-16));
#2483=DIRECTION('',(0.,-1.,0.));
#2484=DIRECTION('center_axis',(-1.,0.,0.));
#2485=DIRECTION('ref_axis',(0.,0.,-1.));
#2486=DIRECTION('',(0.,0.,-1.));
#2487=DIRECTION('',(0.,0.,-1.));
#2488=DIRECTION('',(0.,-1.,0.));
#2489=DIRECTION('center_axis',(0.,0.,1.));
#2490=DIRECTION('ref_axis',(-1.,0.,0.));
#2491=DIRECTION('',(-1.,0.,0.));
#2492=DIRECTION('',(-1.,0.,0.));
#2493=DIRECTION('center_axis',(0.,1.,0.));
#2494=DIRECTION('ref_axis',(-1.,0.,0.));
#2495=DIRECTION('center_axis',(0.,-1.,0.));
#2496=DIRECTION('ref_axis',(0.,0.,-1.));
#2497=DIRECTION('axis',(0.,0.,1.));
#2498=DIRECTION('refdir',(1.,0.,0.));
#2499=DIRECTION('center_axis',(1.,0.,0.));
#2500=DIRECTION('ref_axis',(0.,-0.966071961088712,0.258273045434884));
#2501=DIRECTION('',(0.,-0.966071961088712,0.258273045434884));
#2502=DIRECTION('',(0.,-0.258273045434883,-0.966071961088713));
#2503=DIRECTION('',(0.,-0.966071961088712,0.258273045434884));
#2504=DIRECTION('',(0.,-0.258273045434883,-0.966071961088713));
#2505=DIRECTION('center_axis',(0.,0.966071961088713,-0.258273045434883));
#2506=DIRECTION('ref_axis',(1.,0.,0.));
#2507=DIRECTION('',(1.,0.,0.));
#2508=DIRECTION('',(1.,0.,0.));
#2509=DIRECTION('',(0.,-0.258273045434883,-0.966071961088713));
#2510=DIRECTION('center_axis',(-1.,0.,0.));
#2511=DIRECTION('ref_axis',(0.,0.966071961088712,-0.258273045434884));
#2512=DIRECTION('',(0.,0.966071961088712,-0.258273045434884));
#2513=DIRECTION('',(0.,0.966071961088712,-0.258273045434884));
#2514=DIRECTION('',(0.,-0.258273045434883,-0.966071961088713));
#2515=DIRECTION('center_axis',(0.,-0.966071961088713,0.258273045434883));
#2516=DIRECTION('ref_axis',(-1.,0.,0.));
#2517=DIRECTION('',(-1.,0.,0.));
#2518=DIRECTION('',(-1.,0.,0.));
#2519=DIRECTION('center_axis',(0.,0.258273045434884,0.966071961088712));
#2520=DIRECTION('ref_axis',(1.,0.,0.));
#2521=DIRECTION('center_axis',(0.,-0.258273045434883,-0.966071961088713));
#2522=DIRECTION('ref_axis',(-1.,0.,0.));
#2523=DIRECTION('axis',(0.,0.,1.));
#2524=DIRECTION('refdir',(1.,0.,0.));
#2525=DIRECTION('center_axis',(1.,0.,0.));
#2526=DIRECTION('ref_axis',(0.,0.,1.));
#2527=DIRECTION('',(0.,0.,1.));
#2528=DIRECTION('',(0.,-1.,0.));
#2529=DIRECTION('',(0.,0.,1.));
#2530=DIRECTION('',(0.,-1.,0.));
#2531=DIRECTION('center_axis',(0.,0.,-1.));
#2532=DIRECTION('ref_axis',(1.,0.,0.));
#2533=DIRECTION('',(1.,0.,0.));
#2534=DIRECTION('',(1.,0.,0.));
#2535=DIRECTION('',(0.,-1.,0.));
#2536=DIRECTION('center_axis',(-1.,0.,0.));
#2537=DIRECTION('ref_axis',(0.,0.,-1.));
#2538=DIRECTION('',(0.,0.,-1.));
#2539=DIRECTION('',(0.,0.,-1.));
#2540=DIRECTION('',(0.,-1.,0.));
#2541=DIRECTION('center_axis',(0.,0.,1.));
#2542=DIRECTION('ref_axis',(-1.,0.,0.));
#2543=DIRECTION('',(-1.,0.,0.));
#2544=DIRECTION('',(-1.,0.,0.));
#2545=DIRECTION('center_axis',(0.,1.,0.));
#2546=DIRECTION('ref_axis',(-1.,0.,0.));
#2547=DIRECTION('center_axis',(0.,-1.,0.));
#2548=DIRECTION('ref_axis',(0.,0.,-1.));
#2549=DIRECTION('',(0.,0.,1.));
#2550=DIRECTION('',(1.,0.,0.));
#2551=DIRECTION('',(0.,0.,1.));
#2552=DIRECTION('',(1.,0.,0.));
#2553=DIRECTION('',(0.,0.,1.));
#2554=DIRECTION('',(1.,0.,0.));
#2555=DIRECTION('',(0.,-9.96418672523282E-16,1.));
#2556=DIRECTION('',(1.,0.,0.));
#2557=DIRECTION('',(0.,0.,1.));
#2558=DIRECTION('',(1.,0.,0.));
#2559=DIRECTION('',(0.,0.,1.));
#2560=DIRECTION('',(1.,0.,0.));
#2561=DIRECTION('',(0.,0.,1.));
#2562=DIRECTION('',(1.,0.,0.));
#2563=CARTESIAN_POINT('',(0.,0.,0.));
#2564=CARTESIAN_POINT('',(0.,0.,0.));
#2565=CARTESIAN_POINT('Origin',(-0.23,-6.93889390390723E-17,0.160555375664756));
#2566=CARTESIAN_POINT('',(-0.23,-6.93889390390723E-17,0.0913250760661917));
#2567=CARTESIAN_POINT('',(-0.23,-6.93889390390723E-17,0.160555375664756));
#2568=CARTESIAN_POINT('',(-0.23,-6.93889390390723E-17,0.0913250760661917));
#2569=CARTESIAN_POINT('',(-0.212,-6.93889390390723E-17,0.0913250760661917));
#2570=CARTESIAN_POINT('',(-0.23,-6.93889390390723E-17,0.0913250760661917));
#2571=CARTESIAN_POINT('',(-0.212,-6.93889390390723E-17,0.160555375664756));
#2572=CARTESIAN_POINT('',(-0.212,-6.93889390390723E-17,0.0913250760661917));
#2573=CARTESIAN_POINT('',(-0.23,-6.93889390390723E-17,0.160555375664756));
#2574=CARTESIAN_POINT('Origin',(-0.23,0.440422544254699,0.21009593566619));
#2575=CARTESIAN_POINT('',(-0.23,0.440422544254699,0.21009593566619));
#2576=CARTESIAN_POINT('',(-0.23,-6.93889390390723E-17,0.160555375664756));
#2577=CARTESIAN_POINT('',(-0.212,0.440422544254699,0.21009593566619));
#2578=CARTESIAN_POINT('',(-0.212,-6.93889390390723E-17,0.160555375664756));
#2579=CARTESIAN_POINT('',(-0.23,0.440422544254699,0.21009593566619));
#2580=CARTESIAN_POINT('Origin',(-0.23,0.440422544254699,-0.184123137230225));
#2581=CARTESIAN_POINT('',(-0.23,0.440422544254699,-0.184123137230225));
#2582=CARTESIAN_POINT('',(-0.23,0.440422544254699,0.21009593566619));
#2583=CARTESIAN_POINT('',(-0.212,0.440422544254699,-0.184123137230225));
#2584=CARTESIAN_POINT('',(-0.212,0.440422544254699,0.21009593566619));
#2585=CARTESIAN_POINT('',(-0.23,0.440422544254699,-0.184123137230225));
#2586=CARTESIAN_POINT('Origin',(-0.23,0.875689640666951,-0.300488959959728));
#2587=CARTESIAN_POINT('',(-0.23,0.875689640666951,-0.300488959959728));
#2588=CARTESIAN_POINT('',(-0.23,0.440422544254699,-0.184123137230225));
#2589=CARTESIAN_POINT('',(-0.212,0.875689640666951,-0.300488959959728));
#2590=CARTESIAN_POINT('',(-0.212,0.440422544254699,-0.184123137230225));
#2591=CARTESIAN_POINT('',(-0.23,0.875689640666951,-0.300488959959728));
#2592=CARTESIAN_POINT('Origin',(-0.23,0.875689640666951,-0.412498160057037));
#2593=CARTESIAN_POINT('',(-0.23,0.875689640666951,-0.412498160057037));
#2594=CARTESIAN_POINT('',(-0.23,0.875689640666951,-0.300488959959728));
#2595=CARTESIAN_POINT('',(-0.212,0.875689640666951,-0.412498160057037));
#2596=CARTESIAN_POINT('',(-0.212,0.875689640666951,-0.300488959959728));
#2597=CARTESIAN_POINT('',(-0.23,0.875689640666951,-0.412498160057037));
#2598=CARTESIAN_POINT('Origin',(-0.23,0.000736492548920886,-0.369719259558292));
#2599=CARTESIAN_POINT('',(-0.23,0.000736492548920817,-0.369719259558292));
#2600=CARTESIAN_POINT('',(-0.23,0.875689640666951,-0.412498160057037));
#2601=CARTESIAN_POINT('',(-0.212,0.000736492548920817,-0.369719259558292));
#2602=CARTESIAN_POINT('',(-0.212,0.875689640666951,-0.412498160057037));
#2603=CARTESIAN_POINT('',(-0.23,0.000736492548920817,-0.369719259558292));
#2604=CARTESIAN_POINT('Origin',(-0.23,0.000736492548920886,-0.300488959959728));
#2605=CARTESIAN_POINT('',(-0.23,0.000736492548920886,-0.300488959959728));
#2606=CARTESIAN_POINT('',(-0.23,0.000736492548920817,-0.369719259558292));
#2607=CARTESIAN_POINT('',(-0.212,0.000736492548920886,-0.300488959959728));
#2608=CARTESIAN_POINT('',(-0.212,0.000736492548920817,-0.369719259558292));
#2609=CARTESIAN_POINT('',(-0.23,0.000736492548920886,-0.300488959959728));
#2610=CARTESIAN_POINT('Origin',(-0.23,0.209900376442457,-0.271765750551812));
#2611=CARTESIAN_POINT('',(-0.23,0.209900376442457,-0.271765750551812));
#2612=CARTESIAN_POINT('',(-0.23,0.000736492548920886,-0.300488959959728));
#2613=CARTESIAN_POINT('',(-0.212,0.209900376442457,-0.271765750551812));
#2614=CARTESIAN_POINT('',(-0.212,0.000736492548920886,-0.300488959959728));
#2615=CARTESIAN_POINT('',(-0.23,0.209900376442457,-0.271765750551812));
#2616=CARTESIAN_POINT('Origin',(-0.23,0.280603661138863,-0.244515526241739));
#2617=CARTESIAN_POINT('',(-0.23,0.280603661138863,-0.244515526241739));
#2618=CARTESIAN_POINT('',(-0.23,0.209900376442457,-0.271765750551812));
#2619=CARTESIAN_POINT('',(-0.212,0.280603661138863,-0.244515526241739));
#2620=CARTESIAN_POINT('',(-0.212,0.209900376442457,-0.271765750551812));
#2621=CARTESIAN_POINT('',(-0.23,0.280603661138863,-0.244515526241739));
#2622=CARTESIAN_POINT('Origin',(-0.23,0.280603661138863,-0.211373361540299));
#2623=CARTESIAN_POINT('',(-0.23,0.280603661138863,-0.211373361540299));
#2624=CARTESIAN_POINT('',(-0.23,0.280603661138863,-0.244515526241739));
#2625=CARTESIAN_POINT('',(-0.212,0.280603661138863,-0.211373361540299));
#2626=CARTESIAN_POINT('',(-0.212,0.280603661138863,-0.244515526241739));
#2627=CARTESIAN_POINT('',(-0.23,0.280603661138863,-0.211373361540299));
#2628=CARTESIAN_POINT('Origin',(-0.23,0.209900376442457,-0.187069107425909));
#2629=CARTESIAN_POINT('',(-0.23,0.209900376442457,-0.187069107425909));
#2630=CARTESIAN_POINT('',(-0.23,0.280603661138863,-0.211373361540299));
#2631=CARTESIAN_POINT('',(-0.212,0.209900376442457,-0.187069107425909));
#2632=CARTESIAN_POINT('',(-0.212,0.280603661138863,-0.211373361540299));
#2633=CARTESIAN_POINT('',(-0.23,0.209900376442457,-0.187069107425909));
#2634=CARTESIAN_POINT('Origin',(-0.23,0.0014729850978417,-0.159082390566915));
#2635=CARTESIAN_POINT('',(-0.23,0.0014729850978417,-0.159082390566915));
#2636=CARTESIAN_POINT('',(-0.23,0.209900376442457,-0.187069107425909));
#2637=CARTESIAN_POINT('',(-0.212,0.0014729850978417,-0.159082390566915));
#2638=CARTESIAN_POINT('',(-0.212,0.209900376442457,-0.187069107425909));
#2639=CARTESIAN_POINT('',(-0.23,0.0014729850978417,-0.159082390566915));
#2640=CARTESIAN_POINT('Origin',(-0.23,0.00147298509784176,-0.109000897240293));
#2641=CARTESIAN_POINT('',(-0.23,0.00147298509784176,-0.109000897240293));
#2642=CARTESIAN_POINT('',(-0.23,0.0014729850978417,-0.159082390566915));
#2643=CARTESIAN_POINT('',(-0.212,0.00147298509784177,-0.109000897240293));
#2644=CARTESIAN_POINT('',(-0.212,0.0014729850978417,-0.159082390566915));
#2645=CARTESIAN_POINT('',(-0.23,0.00147298509784176,-0.109000897240293));
#2646=CARTESIAN_POINT('Origin',(-0.23,0.209900376442457,-0.0655478368539602));
#2647=CARTESIAN_POINT('',(-0.23,0.209900376442457,-0.0655478368539602));
#2648=CARTESIAN_POINT('',(-0.23,0.00147298509784176,-0.109000897240293));
#2649=CARTESIAN_POINT('',(-0.212,0.209900376442457,-0.0655478368539602));
#2650=CARTESIAN_POINT('',(-0.212,0.00147298509784176,-0.109000897240293));
#2651=CARTESIAN_POINT('',(-0.23,0.209900376442457,-0.0655478368539602));
#2652=CARTESIAN_POINT('Origin',(-0.23,0.281340153687784,-0.0360881348971241));
#2653=CARTESIAN_POINT('',(-0.23,0.281340153687784,-0.0360881348971241));
#2654=CARTESIAN_POINT('',(-0.23,0.209900376442457,-0.0655478368539602));
#2655=CARTESIAN_POINT('',(-0.212,0.281340153687784,-0.0360881348971241));
#2656=CARTESIAN_POINT('',(-0.212,0.209900376442457,-0.0655478368539602));
#2657=CARTESIAN_POINT('',(-0.23,0.281340153687784,-0.0360881348971241));
#2658=CARTESIAN_POINT('Origin',(-0.23,0.281340153687784,0.0162028360762598));
#2659=CARTESIAN_POINT('',(-0.23,0.281340153687784,0.0162028360762598));
#2660=CARTESIAN_POINT('',(-0.23,0.281340153687784,-0.0360881348971241));
#2661=CARTESIAN_POINT('',(-0.212,0.281340153687784,0.0162028360762598));
#2662=CARTESIAN_POINT('',(-0.212,0.281340153687784,-0.0360881348971241));
#2663=CARTESIAN_POINT('',(-0.23,0.281340153687784,0.0162028360762598));
#2664=CARTESIAN_POINT('Origin',(-0.23,0.209900376442457,0.0463990305820168));
#2665=CARTESIAN_POINT('',(-0.23,0.209900376442457,0.0463990305820168));
#2666=CARTESIAN_POINT('',(-0.23,0.281340153687784,0.0162028360762598));
#2667=CARTESIAN_POINT('',(-0.212,0.209900376442457,0.0463990305820168));
#2668=CARTESIAN_POINT('',(-0.212,0.281340153687784,0.0162028360762598));
#2669=CARTESIAN_POINT('',(-0.23,0.209900376442457,0.0463990305820168));
#2670=CARTESIAN_POINT('Origin',(-0.23,-6.93889390390723E-17,0.0913250760661917));
#2671=CARTESIAN_POINT('',(-0.23,0.209900376442457,0.0463990305820168));
#2672=CARTESIAN_POINT('',(-0.212,0.209900376442457,0.0463990305820168));
#2673=CARTESIAN_POINT('Origin',(-0.212,0.437844820333475,-0.101201112195424));
#2674=CARTESIAN_POINT('Origin',(-0.23,0.437844820333475,-0.101201112195424));
#2675=CARTESIAN_POINT('',(0.,0.,0.));
#2676=CARTESIAN_POINT('Origin',(0.21,-6.93889390390723E-17,0.160555375664756));
#2677=CARTESIAN_POINT('',(0.21,-6.93889390390723E-17,0.0913250760661917));
#2678=CARTESIAN_POINT('',(0.21,-6.93889390390723E-17,0.160555375664756));
#2679=CARTESIAN_POINT('',(0.21,-6.93889390390723E-17,0.0913250760661917));
#2680=CARTESIAN_POINT('',(0.228,-6.93889390390723E-17,0.0913250760661917));
#2681=CARTESIAN_POINT('',(0.21,-6.93889390390723E-17,0.0913250760661917));
#2682=CARTESIAN_POINT('',(0.228,-6.93889390390723E-17,0.160555375664756));
#2683=CARTESIAN_POINT('',(0.228,-6.93889390390723E-17,0.0913250760661917));
#2684=CARTESIAN_POINT('',(0.21,-6.93889390390723E-17,0.160555375664756));
#2685=CARTESIAN_POINT('Origin',(0.21,0.440422544254699,0.21009593566619));
#2686=CARTESIAN_POINT('',(0.21,0.440422544254699,0.21009593566619));
#2687=CARTESIAN_POINT('',(0.21,-6.93889390390723E-17,0.160555375664756));
#2688=CARTESIAN_POINT('',(0.228,0.440422544254699,0.21009593566619));
#2689=CARTESIAN_POINT('',(0.228,-6.93889390390723E-17,0.160555375664756));
#2690=CARTESIAN_POINT('',(0.21,0.440422544254699,0.21009593566619));
#2691=CARTESIAN_POINT('Origin',(0.21,0.440422544254699,-0.184123137230225));
#2692=CARTESIAN_POINT('',(0.21,0.440422544254699,-0.184123137230225));
#2693=CARTESIAN_POINT('',(0.21,0.440422544254699,0.21009593566619));
#2694=CARTESIAN_POINT('',(0.228,0.440422544254699,-0.184123137230225));
#2695=CARTESIAN_POINT('',(0.228,0.440422544254699,0.21009593566619));
#2696=CARTESIAN_POINT('',(0.21,0.440422544254699,-0.184123137230225));
#2697=CARTESIAN_POINT('Origin',(0.21,0.875689640666951,-0.300488959959728));
#2698=CARTESIAN_POINT('',(0.21,0.875689640666951,-0.300488959959728));
#2699=CARTESIAN_POINT('',(0.21,0.440422544254699,-0.184123137230225));
#2700=CARTESIAN_POINT('',(0.228,0.875689640666951,-0.300488959959728));
#2701=CARTESIAN_POINT('',(0.228,0.440422544254699,-0.184123137230225));
#2702=CARTESIAN_POINT('',(0.21,0.875689640666951,-0.300488959959728));
#2703=CARTESIAN_POINT('Origin',(0.21,0.875689640666951,-0.412498160057037));
#2704=CARTESIAN_POINT('',(0.21,0.875689640666951,-0.412498160057037));
#2705=CARTESIAN_POINT('',(0.21,0.875689640666951,-0.300488959959728));
#2706=CARTESIAN_POINT('',(0.228,0.875689640666951,-0.412498160057037));
#2707=CARTESIAN_POINT('',(0.228,0.875689640666951,-0.300488959959728));
#2708=CARTESIAN_POINT('',(0.21,0.875689640666951,-0.412498160057037));
#2709=CARTESIAN_POINT('Origin',(0.21,0.000736492548920886,-0.369719259558292));
#2710=CARTESIAN_POINT('',(0.21,0.000736492548920817,-0.369719259558292));
#2711=CARTESIAN_POINT('',(0.21,0.875689640666951,-0.412498160057037));
#2712=CARTESIAN_POINT('',(0.228,0.000736492548920817,-0.369719259558292));
#2713=CARTESIAN_POINT('',(0.228,0.875689640666951,-0.412498160057037));
#2714=CARTESIAN_POINT('',(0.21,0.000736492548920817,-0.369719259558292));
#2715=CARTESIAN_POINT('Origin',(0.21,0.000736492548920886,-0.300488959959728));
#2716=CARTESIAN_POINT('',(0.21,0.000736492548920886,-0.300488959959728));
#2717=CARTESIAN_POINT('',(0.21,0.000736492548920817,-0.369719259558292));
#2718=CARTESIAN_POINT('',(0.228,0.000736492548920886,-0.300488959959728));
#2719=CARTESIAN_POINT('',(0.228,0.000736492548920817,-0.369719259558292));
#2720=CARTESIAN_POINT('',(0.21,0.000736492548920886,-0.300488959959728));
#2721=CARTESIAN_POINT('Origin',(0.21,0.209900376442457,-0.271765750551812));
#2722=CARTESIAN_POINT('',(0.21,0.209900376442457,-0.271765750551812));
#2723=CARTESIAN_POINT('',(0.21,0.000736492548920886,-0.300488959959728));
#2724=CARTESIAN_POINT('',(0.228,0.209900376442457,-0.271765750551812));
#2725=CARTESIAN_POINT('',(0.228,0.000736492548920886,-0.300488959959728));
#2726=CARTESIAN_POINT('',(0.21,0.209900376442457,-0.271765750551812));
#2727=CARTESIAN_POINT('Origin',(0.21,0.280603661138863,-0.244515526241739));
#2728=CARTESIAN_POINT('',(0.21,0.280603661138863,-0.244515526241739));
#2729=CARTESIAN_POINT('',(0.21,0.209900376442457,-0.271765750551812));
#2730=CARTESIAN_POINT('',(0.228,0.280603661138863,-0.244515526241739));
#2731=CARTESIAN_POINT('',(0.228,0.209900376442457,-0.271765750551812));
#2732=CARTESIAN_POINT('',(0.21,0.280603661138863,-0.244515526241739));
#2733=CARTESIAN_POINT('Origin',(0.21,0.280603661138863,-0.211373361540299));
#2734=CARTESIAN_POINT('',(0.21,0.280603661138863,-0.211373361540299));
#2735=CARTESIAN_POINT('',(0.21,0.280603661138863,-0.244515526241739));
#2736=CARTESIAN_POINT('',(0.228,0.280603661138863,-0.211373361540299));
#2737=CARTESIAN_POINT('',(0.228,0.280603661138863,-0.244515526241739));
#2738=CARTESIAN_POINT('',(0.21,0.280603661138863,-0.211373361540299));
#2739=CARTESIAN_POINT('Origin',(0.21,0.209900376442457,-0.187069107425909));
#2740=CARTESIAN_POINT('',(0.21,0.209900376442457,-0.187069107425909));
#2741=CARTESIAN_POINT('',(0.21,0.280603661138863,-0.211373361540299));
#2742=CARTESIAN_POINT('',(0.228,0.209900376442457,-0.187069107425909));
#2743=CARTESIAN_POINT('',(0.228,0.280603661138863,-0.211373361540299));
#2744=CARTESIAN_POINT('',(0.21,0.209900376442457,-0.187069107425909));
#2745=CARTESIAN_POINT('Origin',(0.21,0.0014729850978417,-0.159082390566915));
#2746=CARTESIAN_POINT('',(0.21,0.0014729850978417,-0.159082390566915));
#2747=CARTESIAN_POINT('',(0.21,0.209900376442457,-0.187069107425909));
#2748=CARTESIAN_POINT('',(0.228,0.0014729850978417,-0.159082390566915));
#2749=CARTESIAN_POINT('',(0.228,0.209900376442457,-0.187069107425909));
#2750=CARTESIAN_POINT('',(0.21,0.0014729850978417,-0.159082390566915));
#2751=CARTESIAN_POINT('Origin',(0.21,0.00147298509784176,-0.109000897240293));
#2752=CARTESIAN_POINT('',(0.21,0.00147298509784176,-0.109000897240293));
#2753=CARTESIAN_POINT('',(0.21,0.0014729850978417,-0.159082390566915));
#2754=CARTESIAN_POINT('',(0.228,0.00147298509784177,-0.109000897240293));
#2755=CARTESIAN_POINT('',(0.228,0.0014729850978417,-0.159082390566915));
#2756=CARTESIAN_POINT('',(0.21,0.00147298509784176,-0.109000897240293));
#2757=CARTESIAN_POINT('Origin',(0.21,0.209900376442457,-0.0655478368539602));
#2758=CARTESIAN_POINT('',(0.21,0.209900376442457,-0.0655478368539602));
#2759=CARTESIAN_POINT('',(0.21,0.00147298509784176,-0.109000897240293));
#2760=CARTESIAN_POINT('',(0.228,0.209900376442457,-0.0655478368539602));
#2761=CARTESIAN_POINT('',(0.228,0.00147298509784176,-0.109000897240293));
#2762=CARTESIAN_POINT('',(0.21,0.209900376442457,-0.0655478368539602));
#2763=CARTESIAN_POINT('Origin',(0.21,0.281340153687784,-0.0360881348971241));
#2764=CARTESIAN_POINT('',(0.21,0.281340153687784,-0.0360881348971241));
#2765=CARTESIAN_POINT('',(0.21,0.209900376442457,-0.0655478368539602));
#2766=CARTESIAN_POINT('',(0.228,0.281340153687784,-0.0360881348971241));
#2767=CARTESIAN_POINT('',(0.228,0.209900376442457,-0.0655478368539602));
#2768=CARTESIAN_POINT('',(0.21,0.281340153687784,-0.0360881348971241));
#2769=CARTESIAN_POINT('Origin',(0.21,0.281340153687784,0.0162028360762598));
#2770=CARTESIAN_POINT('',(0.21,0.281340153687784,0.0162028360762598));
#2771=CARTESIAN_POINT('',(0.21,0.281340153687784,-0.0360881348971241));
#2772=CARTESIAN_POINT('',(0.228,0.281340153687784,0.0162028360762598));
#2773=CARTESIAN_POINT('',(0.228,0.281340153687784,-0.0360881348971241));
#2774=CARTESIAN_POINT('',(0.21,0.281340153687784,0.0162028360762598));
#2775=CARTESIAN_POINT('Origin',(0.21,0.209900376442457,0.0463990305820168));
#2776=CARTESIAN_POINT('',(0.21,0.209900376442457,0.0463990305820168));
#2777=CARTESIAN_POINT('',(0.21,0.281340153687784,0.0162028360762598));
#2778=CARTESIAN_POINT('',(0.228,0.209900376442457,0.0463990305820168));
#2779=CARTESIAN_POINT('',(0.228,0.281340153687784,0.0162028360762598));
#2780=CARTESIAN_POINT('',(0.21,0.209900376442457,0.0463990305820168));
#2781=CARTESIAN_POINT('Origin',(0.21,-6.93889390390723E-17,0.0913250760661917));
#2782=CARTESIAN_POINT('',(0.21,0.209900376442457,0.0463990305820168));
#2783=CARTESIAN_POINT('',(0.228,0.209900376442457,0.0463990305820168));
#2784=CARTESIAN_POINT('Origin',(0.228,0.437844820333475,-0.101201112195424));
#2785=CARTESIAN_POINT('Origin',(0.21,0.437844820333475,-0.101201112195424));
#2786=CARTESIAN_POINT('',(0.,0.,0.));
#2787=CARTESIAN_POINT('Origin',(0.65,-6.93889390390723E-17,0.160555375664756));
#2788=CARTESIAN_POINT('',(0.65,-6.93889390390723E-17,0.0913250760661917));
#2789=CARTESIAN_POINT('',(0.65,-6.93889390390723E-17,0.160555375664756));
#2790=CARTESIAN_POINT('',(0.65,-6.93889390390723E-17,0.0913250760661917));
#2791=CARTESIAN_POINT('',(0.668,-6.93889390390723E-17,0.0913250760661917));
#2792=CARTESIAN_POINT('',(0.65,-6.93889390390723E-17,0.0913250760661917));
#2793=CARTESIAN_POINT('',(0.668,-6.93889390390723E-17,0.160555375664756));
#2794=CARTESIAN_POINT('',(0.668,-6.93889390390723E-17,0.0913250760661917));
#2795=CARTESIAN_POINT('',(0.65,-6.93889390390723E-17,0.160555375664756));
#2796=CARTESIAN_POINT('Origin',(0.65,0.440422544254699,0.21009593566619));
#2797=CARTESIAN_POINT('',(0.65,0.440422544254699,0.21009593566619));
#2798=CARTESIAN_POINT('',(0.65,-6.93889390390723E-17,0.160555375664756));
#2799=CARTESIAN_POINT('',(0.668,0.440422544254699,0.21009593566619));
#2800=CARTESIAN_POINT('',(0.668,-6.93889390390723E-17,0.160555375664756));
#2801=CARTESIAN_POINT('',(0.65,0.440422544254699,0.21009593566619));
#2802=CARTESIAN_POINT('Origin',(0.65,0.440422544254699,-0.184123137230225));
#2803=CARTESIAN_POINT('',(0.65,0.440422544254699,-0.184123137230225));
#2804=CARTESIAN_POINT('',(0.65,0.440422544254699,0.21009593566619));
#2805=CARTESIAN_POINT('',(0.668,0.440422544254699,-0.184123137230225));
#2806=CARTESIAN_POINT('',(0.668,0.440422544254699,0.21009593566619));
#2807=CARTESIAN_POINT('',(0.65,0.440422544254699,-0.184123137230225));
#2808=CARTESIAN_POINT('Origin',(0.65,0.875689640666951,-0.300488959959728));
#2809=CARTESIAN_POINT('',(0.65,0.875689640666951,-0.300488959959728));
#2810=CARTESIAN_POINT('',(0.65,0.440422544254699,-0.184123137230225));
#2811=CARTESIAN_POINT('',(0.668,0.875689640666951,-0.300488959959728));
#2812=CARTESIAN_POINT('',(0.668,0.440422544254699,-0.184123137230225));
#2813=CARTESIAN_POINT('',(0.65,0.875689640666951,-0.300488959959728));
#2814=CARTESIAN_POINT('Origin',(0.65,0.875689640666951,-0.412498160057037));
#2815=CARTESIAN_POINT('',(0.65,0.875689640666951,-0.412498160057037));
#2816=CARTESIAN_POINT('',(0.65,0.875689640666951,-0.300488959959728));
#2817=CARTESIAN_POINT('',(0.668,0.875689640666951,-0.412498160057037));
#2818=CARTESIAN_POINT('',(0.668,0.875689640666951,-0.300488959959728));
#2819=CARTESIAN_POINT('',(0.65,0.875689640666951,-0.412498160057037));
#2820=CARTESIAN_POINT('Origin',(0.65,0.000736492548920886,-0.369719259558292));
#2821=CARTESIAN_POINT('',(0.65,0.000736492548920817,-0.369719259558292));
#2822=CARTESIAN_POINT('',(0.65,0.875689640666951,-0.412498160057037));
#2823=CARTESIAN_POINT('',(0.668,0.000736492548920817,-0.369719259558292));
#2824=CARTESIAN_POINT('',(0.668,0.875689640666951,-0.412498160057037));
#2825=CARTESIAN_POINT('',(0.65,0.000736492548920817,-0.369719259558292));
#2826=CARTESIAN_POINT('Origin',(0.65,0.000736492548920886,-0.300488959959728));
#2827=CARTESIAN_POINT('',(0.65,0.000736492548920886,-0.300488959959728));
#2828=CARTESIAN_POINT('',(0.65,0.000736492548920817,-0.369719259558292));
#2829=CARTESIAN_POINT('',(0.668,0.000736492548920886,-0.300488959959728));
#2830=CARTESIAN_POINT('',(0.668,0.000736492548920817,-0.369719259558292));
#2831=CARTESIAN_POINT('',(0.65,0.000736492548920886,-0.300488959959728));
#2832=CARTESIAN_POINT('Origin',(0.65,0.209900376442457,-0.271765750551812));
#2833=CARTESIAN_POINT('',(0.65,0.209900376442457,-0.271765750551812));
#2834=CARTESIAN_POINT('',(0.65,0.000736492548920886,-0.300488959959728));
#2835=CARTESIAN_POINT('',(0.668,0.209900376442457,-0.271765750551812));
#2836=CARTESIAN_POINT('',(0.668,0.000736492548920886,-0.300488959959728));
#2837=CARTESIAN_POINT('',(0.65,0.209900376442457,-0.271765750551812));
#2838=CARTESIAN_POINT('Origin',(0.65,0.280603661138863,-0.244515526241739));
#2839=CARTESIAN_POINT('',(0.65,0.280603661138863,-0.244515526241739));
#2840=CARTESIAN_POINT('',(0.65,0.209900376442457,-0.271765750551812));
#2841=CARTESIAN_POINT('',(0.668,0.280603661138863,-0.244515526241739));
#2842=CARTESIAN_POINT('',(0.668,0.209900376442457,-0.271765750551812));
#2843=CARTESIAN_POINT('',(0.65,0.280603661138863,-0.244515526241739));
#2844=CARTESIAN_POINT('Origin',(0.65,0.280603661138863,-0.211373361540299));
#2845=CARTESIAN_POINT('',(0.65,0.280603661138863,-0.211373361540299));
#2846=CARTESIAN_POINT('',(0.65,0.280603661138863,-0.244515526241739));
#2847=CARTESIAN_POINT('',(0.668,0.280603661138863,-0.211373361540299));
#2848=CARTESIAN_POINT('',(0.668,0.280603661138863,-0.244515526241739));
#2849=CARTESIAN_POINT('',(0.65,0.280603661138863,-0.211373361540299));
#2850=CARTESIAN_POINT('Origin',(0.65,0.209900376442457,-0.187069107425909));
#2851=CARTESIAN_POINT('',(0.65,0.209900376442457,-0.187069107425909));
#2852=CARTESIAN_POINT('',(0.65,0.280603661138863,-0.211373361540299));
#2853=CARTESIAN_POINT('',(0.668,0.209900376442457,-0.187069107425909));
#2854=CARTESIAN_POINT('',(0.668,0.280603661138863,-0.211373361540299));
#2855=CARTESIAN_POINT('',(0.65,0.209900376442457,-0.187069107425909));
#2856=CARTESIAN_POINT('Origin',(0.65,0.0014729850978417,-0.159082390566915));
#2857=CARTESIAN_POINT('',(0.65,0.0014729850978417,-0.159082390566915));
#2858=CARTESIAN_POINT('',(0.65,0.209900376442457,-0.187069107425909));
#2859=CARTESIAN_POINT('',(0.668,0.0014729850978417,-0.159082390566915));
#2860=CARTESIAN_POINT('',(0.668,0.209900376442457,-0.187069107425909));
#2861=CARTESIAN_POINT('',(0.65,0.0014729850978417,-0.159082390566915));
#2862=CARTESIAN_POINT('Origin',(0.65,0.00147298509784176,-0.109000897240293));
#2863=CARTESIAN_POINT('',(0.65,0.00147298509784176,-0.109000897240293));
#2864=CARTESIAN_POINT('',(0.65,0.0014729850978417,-0.159082390566915));
#2865=CARTESIAN_POINT('',(0.668,0.00147298509784177,-0.109000897240293));
#2866=CARTESIAN_POINT('',(0.668,0.0014729850978417,-0.159082390566915));
#2867=CARTESIAN_POINT('',(0.65,0.00147298509784176,-0.109000897240293));
#2868=CARTESIAN_POINT('Origin',(0.65,0.209900376442457,-0.0655478368539602));
#2869=CARTESIAN_POINT('',(0.65,0.209900376442457,-0.0655478368539602));
#2870=CARTESIAN_POINT('',(0.65,0.00147298509784176,-0.109000897240293));
#2871=CARTESIAN_POINT('',(0.668,0.209900376442457,-0.0655478368539602));
#2872=CARTESIAN_POINT('',(0.668,0.00147298509784176,-0.109000897240293));
#2873=CARTESIAN_POINT('',(0.65,0.209900376442457,-0.0655478368539602));
#2874=CARTESIAN_POINT('Origin',(0.65,0.281340153687784,-0.0360881348971241));
#2875=CARTESIAN_POINT('',(0.65,0.281340153687784,-0.0360881348971241));
#2876=CARTESIAN_POINT('',(0.65,0.209900376442457,-0.0655478368539602));
#2877=CARTESIAN_POINT('',(0.668,0.281340153687784,-0.0360881348971241));
#2878=CARTESIAN_POINT('',(0.668,0.209900376442457,-0.0655478368539602));
#2879=CARTESIAN_POINT('',(0.65,0.281340153687784,-0.0360881348971241));
#2880=CARTESIAN_POINT('Origin',(0.65,0.281340153687784,0.0162028360762598));
#2881=CARTESIAN_POINT('',(0.65,0.281340153687784,0.0162028360762598));
#2882=CARTESIAN_POINT('',(0.65,0.281340153687784,-0.0360881348971241));
#2883=CARTESIAN_POINT('',(0.668,0.281340153687784,0.0162028360762598));
#2884=CARTESIAN_POINT('',(0.668,0.281340153687784,-0.0360881348971241));
#2885=CARTESIAN_POINT('',(0.65,0.281340153687784,0.0162028360762598));
#2886=CARTESIAN_POINT('Origin',(0.65,0.209900376442457,0.0463990305820168));
#2887=CARTESIAN_POINT('',(0.65,0.209900376442457,0.0463990305820168));
#2888=CARTESIAN_POINT('',(0.65,0.281340153687784,0.0162028360762598));
#2889=CARTESIAN_POINT('',(0.668,0.209900376442457,0.0463990305820168));
#2890=CARTESIAN_POINT('',(0.668,0.281340153687784,0.0162028360762598));
#2891=CARTESIAN_POINT('',(0.65,0.209900376442457,0.0463990305820168));
#2892=CARTESIAN_POINT('Origin',(0.65,-6.93889390390723E-17,0.0913250760661917));
#2893=CARTESIAN_POINT('',(0.65,0.209900376442457,0.0463990305820168));
#2894=CARTESIAN_POINT('',(0.668,0.209900376442457,0.0463990305820168));
#2895=CARTESIAN_POINT('Origin',(0.668,0.437844820333475,-0.101201112195424));
#2896=CARTESIAN_POINT('Origin',(0.65,0.437844820333475,-0.101201112195424));
#2897=CARTESIAN_POINT('',(0.,0.,0.));
#2898=CARTESIAN_POINT('Origin',(-0.67,-6.93889390390723E-17,0.160555375664756));
#2899=CARTESIAN_POINT('',(-0.67,-6.93889390390723E-17,0.0913250760661917));
#2900=CARTESIAN_POINT('',(-0.67,-6.93889390390723E-17,0.160555375664756));
#2901=CARTESIAN_POINT('',(-0.67,-6.93889390390723E-17,0.0913250760661917));
#2902=CARTESIAN_POINT('',(-0.652,-6.93889390390723E-17,0.0913250760661917));
#2903=CARTESIAN_POINT('',(-0.67,-6.93889390390723E-17,0.0913250760661917));
#2904=CARTESIAN_POINT('',(-0.652,-6.93889390390723E-17,0.160555375664756));
#2905=CARTESIAN_POINT('',(-0.652,-6.93889390390723E-17,0.0913250760661917));
#2906=CARTESIAN_POINT('',(-0.67,-6.93889390390723E-17,0.160555375664756));
#2907=CARTESIAN_POINT('Origin',(-0.67,0.440422544254699,0.21009593566619));
#2908=CARTESIAN_POINT('',(-0.67,0.440422544254699,0.21009593566619));
#2909=CARTESIAN_POINT('',(-0.67,-6.93889390390723E-17,0.160555375664756));
#2910=CARTESIAN_POINT('',(-0.652,0.440422544254699,0.21009593566619));
#2911=CARTESIAN_POINT('',(-0.652,-6.93889390390723E-17,0.160555375664756));
#2912=CARTESIAN_POINT('',(-0.67,0.440422544254699,0.21009593566619));
#2913=CARTESIAN_POINT('Origin',(-0.67,0.440422544254699,-0.184123137230225));
#2914=CARTESIAN_POINT('',(-0.67,0.440422544254699,-0.184123137230225));
#2915=CARTESIAN_POINT('',(-0.67,0.440422544254699,0.21009593566619));
#2916=CARTESIAN_POINT('',(-0.652,0.440422544254699,-0.184123137230225));
#2917=CARTESIAN_POINT('',(-0.652,0.440422544254699,0.21009593566619));
#2918=CARTESIAN_POINT('',(-0.67,0.440422544254699,-0.184123137230225));
#2919=CARTESIAN_POINT('Origin',(-0.67,0.875689640666951,-0.300488959959728));
#2920=CARTESIAN_POINT('',(-0.67,0.875689640666951,-0.300488959959728));
#2921=CARTESIAN_POINT('',(-0.67,0.440422544254699,-0.184123137230225));
#2922=CARTESIAN_POINT('',(-0.652,0.875689640666951,-0.300488959959728));
#2923=CARTESIAN_POINT('',(-0.652,0.440422544254699,-0.184123137230225));
#2924=CARTESIAN_POINT('',(-0.67,0.875689640666951,-0.300488959959728));
#2925=CARTESIAN_POINT('Origin',(-0.67,0.875689640666951,-0.412498160057037));
#2926=CARTESIAN_POINT('',(-0.67,0.875689640666951,-0.412498160057037));
#2927=CARTESIAN_POINT('',(-0.67,0.875689640666951,-0.300488959959728));
#2928=CARTESIAN_POINT('',(-0.652,0.875689640666951,-0.412498160057037));
#2929=CARTESIAN_POINT('',(-0.652,0.875689640666951,-0.300488959959728));
#2930=CARTESIAN_POINT('',(-0.67,0.875689640666951,-0.412498160057037));
#2931=CARTESIAN_POINT('Origin',(-0.67,0.000736492548920886,-0.369719259558292));
#2932=CARTESIAN_POINT('',(-0.67,0.000736492548920817,-0.369719259558292));
#2933=CARTESIAN_POINT('',(-0.67,0.875689640666951,-0.412498160057037));
#2934=CARTESIAN_POINT('',(-0.652,0.000736492548920817,-0.369719259558292));
#2935=CARTESIAN_POINT('',(-0.652,0.875689640666951,-0.412498160057037));
#2936=CARTESIAN_POINT('',(-0.67,0.000736492548920817,-0.369719259558292));
#2937=CARTESIAN_POINT('Origin',(-0.67,0.000736492548920886,-0.300488959959728));
#2938=CARTESIAN_POINT('',(-0.67,0.000736492548920886,-0.300488959959728));
#2939=CARTESIAN_POINT('',(-0.67,0.000736492548920817,-0.369719259558292));
#2940=CARTESIAN_POINT('',(-0.652,0.000736492548920886,-0.300488959959728));
#2941=CARTESIAN_POINT('',(-0.652,0.000736492548920817,-0.369719259558292));
#2942=CARTESIAN_POINT('',(-0.67,0.000736492548920886,-0.300488959959728));
#2943=CARTESIAN_POINT('Origin',(-0.67,0.209900376442457,-0.271765750551812));
#2944=CARTESIAN_POINT('',(-0.67,0.209900376442457,-0.271765750551812));
#2945=CARTESIAN_POINT('',(-0.67,0.000736492548920886,-0.300488959959728));
#2946=CARTESIAN_POINT('',(-0.652,0.209900376442457,-0.271765750551812));
#2947=CARTESIAN_POINT('',(-0.652,0.000736492548920886,-0.300488959959728));
#2948=CARTESIAN_POINT('',(-0.67,0.209900376442457,-0.271765750551812));
#2949=CARTESIAN_POINT('Origin',(-0.67,0.280603661138863,-0.244515526241739));
#2950=CARTESIAN_POINT('',(-0.67,0.280603661138863,-0.244515526241739));
#2951=CARTESIAN_POINT('',(-0.67,0.209900376442457,-0.271765750551812));
#2952=CARTESIAN_POINT('',(-0.652,0.280603661138863,-0.244515526241739));
#2953=CARTESIAN_POINT('',(-0.652,0.209900376442457,-0.271765750551812));
#2954=CARTESIAN_POINT('',(-0.67,0.280603661138863,-0.244515526241739));
#2955=CARTESIAN_POINT('Origin',(-0.67,0.280603661138863,-0.211373361540299));
#2956=CARTESIAN_POINT('',(-0.67,0.280603661138863,-0.211373361540299));
#2957=CARTESIAN_POINT('',(-0.67,0.280603661138863,-0.244515526241739));
#2958=CARTESIAN_POINT('',(-0.652,0.280603661138863,-0.211373361540299));
#2959=CARTESIAN_POINT('',(-0.652,0.280603661138863,-0.244515526241739));
#2960=CARTESIAN_POINT('',(-0.67,0.280603661138863,-0.211373361540299));
#2961=CARTESIAN_POINT('Origin',(-0.67,0.209900376442457,-0.187069107425909));
#2962=CARTESIAN_POINT('',(-0.67,0.209900376442457,-0.187069107425909));
#2963=CARTESIAN_POINT('',(-0.67,0.280603661138863,-0.211373361540299));
#2964=CARTESIAN_POINT('',(-0.652,0.209900376442457,-0.187069107425909));
#2965=CARTESIAN_POINT('',(-0.652,0.280603661138863,-0.211373361540299));
#2966=CARTESIAN_POINT('',(-0.67,0.209900376442457,-0.187069107425909));
#2967=CARTESIAN_POINT('Origin',(-0.67,0.0014729850978417,-0.159082390566915));
#2968=CARTESIAN_POINT('',(-0.67,0.0014729850978417,-0.159082390566915));
#2969=CARTESIAN_POINT('',(-0.67,0.209900376442457,-0.187069107425909));
#2970=CARTESIAN_POINT('',(-0.652,0.0014729850978417,-0.159082390566915));
#2971=CARTESIAN_POINT('',(-0.652,0.209900376442457,-0.187069107425909));
#2972=CARTESIAN_POINT('',(-0.67,0.0014729850978417,-0.159082390566915));
#2973=CARTESIAN_POINT('Origin',(-0.67,0.00147298509784176,-0.109000897240293));
#2974=CARTESIAN_POINT('',(-0.67,0.00147298509784176,-0.109000897240293));
#2975=CARTESIAN_POINT('',(-0.67,0.0014729850978417,-0.159082390566915));
#2976=CARTESIAN_POINT('',(-0.652,0.00147298509784177,-0.109000897240293));
#2977=CARTESIAN_POINT('',(-0.652,0.0014729850978417,-0.159082390566915));
#2978=CARTESIAN_POINT('',(-0.67,0.00147298509784176,-0.109000897240293));
#2979=CARTESIAN_POINT('Origin',(-0.67,0.209900376442457,-0.0655478368539602));
#2980=CARTESIAN_POINT('',(-0.67,0.209900376442457,-0.0655478368539602));
#2981=CARTESIAN_POINT('',(-0.67,0.00147298509784176,-0.109000897240293));
#2982=CARTESIAN_POINT('',(-0.652,0.209900376442457,-0.0655478368539602));
#2983=CARTESIAN_POINT('',(-0.652,0.00147298509784176,-0.109000897240293));
#2984=CARTESIAN_POINT('',(-0.67,0.209900376442457,-0.0655478368539602));
#2985=CARTESIAN_POINT('Origin',(-0.67,0.281340153687784,-0.0360881348971241));
#2986=CARTESIAN_POINT('',(-0.67,0.281340153687784,-0.0360881348971241));
#2987=CARTESIAN_POINT('',(-0.67,0.209900376442457,-0.0655478368539602));
#2988=CARTESIAN_POINT('',(-0.652,0.281340153687784,-0.0360881348971241));
#2989=CARTESIAN_POINT('',(-0.652,0.209900376442457,-0.0655478368539602));
#2990=CARTESIAN_POINT('',(-0.67,0.281340153687784,-0.0360881348971241));
#2991=CARTESIAN_POINT('Origin',(-0.67,0.281340153687784,0.0162028360762598));
#2992=CARTESIAN_POINT('',(-0.67,0.281340153687784,0.0162028360762598));
#2993=CARTESIAN_POINT('',(-0.67,0.281340153687784,-0.0360881348971241));
#2994=CARTESIAN_POINT('',(-0.652,0.281340153687784,0.0162028360762598));
#2995=CARTESIAN_POINT('',(-0.652,0.281340153687784,-0.0360881348971241));
#2996=CARTESIAN_POINT('',(-0.67,0.281340153687784,0.0162028360762598));
#2997=CARTESIAN_POINT('Origin',(-0.67,0.209900376442457,0.0463990305820168));
#2998=CARTESIAN_POINT('',(-0.67,0.209900376442457,0.0463990305820168));
#2999=CARTESIAN_POINT('',(-0.67,0.281340153687784,0.0162028360762598));
#3000=CARTESIAN_POINT('',(-0.652,0.209900376442457,0.0463990305820168));
#3001=CARTESIAN_POINT('',(-0.652,0.281340153687784,0.0162028360762598));
#3002=CARTESIAN_POINT('',(-0.67,0.209900376442457,0.0463990305820168));
#3003=CARTESIAN_POINT('Origin',(-0.67,-6.93889390390723E-17,0.0913250760661917));
#3004=CARTESIAN_POINT('',(-0.67,0.209900376442457,0.0463990305820168));
#3005=CARTESIAN_POINT('',(-0.652,0.209900376442457,0.0463990305820168));
#3006=CARTESIAN_POINT('Origin',(-0.652,0.437844820333475,-0.101201112195424));
#3007=CARTESIAN_POINT('Origin',(-0.67,0.437844820333475,-0.101201112195424));
#3008=CARTESIAN_POINT('',(0.,0.,0.));
#3009=CARTESIAN_POINT('Origin',(0.668,0.875689640666951,-0.412498160057037));
#3010=CARTESIAN_POINT('',(0.668,0.875689640666951,-0.412498160057037));
#3011=CARTESIAN_POINT('',(0.668,0.875689640666951,-0.300488959959728));
#3012=CARTESIAN_POINT('',(0.668,0.875689640666951,-0.412498160057037));
#3013=CARTESIAN_POINT('',(0.668,0.857689640666951,-0.300488959959728));
#3014=CARTESIAN_POINT('',(0.668,0.875689640666951,-0.300488959959728));
#3015=CARTESIAN_POINT('',(0.668,0.857689640666951,-0.412498160057037));
#3016=CARTESIAN_POINT('',(0.668,0.857689640666951,-0.412498160057037));
#3017=CARTESIAN_POINT('',(0.668,0.875689640666951,-0.412498160057037));
#3018=CARTESIAN_POINT('Origin',(-0.67,0.875689640666951,-0.412498160057037));
#3019=CARTESIAN_POINT('',(-0.67,0.875689640666951,-0.412498160057037));
#3020=CARTESIAN_POINT('',(-0.67,0.875689640666951,-0.412498160057037));
#3021=CARTESIAN_POINT('',(-0.67,0.857689640666951,-0.412498160057037));
#3022=CARTESIAN_POINT('',(-0.67,0.857689640666951,-0.412498160057037));
#3023=CARTESIAN_POINT('',(-0.67,0.875689640666951,-0.412498160057037));
#3024=CARTESIAN_POINT('Origin',(-0.67,0.875689640666951,-0.300488959959728));
#3025=CARTESIAN_POINT('',(-0.67,0.875689640666951,-0.300488959959728));
#3026=CARTESIAN_POINT('',(-0.67,0.875689640666951,-0.300488959959728));
#3027=CARTESIAN_POINT('',(-0.67,0.857689640666951,-0.300488959959728));
#3028=CARTESIAN_POINT('',(-0.67,0.857689640666951,-0.300488959959728));
#3029=CARTESIAN_POINT('',(-0.67,0.875689640666951,-0.300488959959728));
#3030=CARTESIAN_POINT('Origin',(0.668,0.875689640666951,-0.300488959959728));
#3031=CARTESIAN_POINT('',(0.668,0.875689640666951,-0.300488959959728));
#3032=CARTESIAN_POINT('',(0.668,0.857689640666951,-0.300488959959728));
#3033=CARTESIAN_POINT('Origin',(-0.00100000000000003,0.875689640666951,
-0.356493560008382));
#3034=CARTESIAN_POINT('Origin',(-0.00100000000000003,0.857689640666951,
-0.356493560008382));
#3035=CARTESIAN_POINT('',(0.,0.,0.));
#3036=CARTESIAN_POINT('Origin',(0.668,0.875689640666951,-0.300488959959728));
#3037=CARTESIAN_POINT('',(0.668,0.875689640666951,-0.300488959959728));
#3038=CARTESIAN_POINT('',(0.668,0.440422544254699,-0.184123137230225));
#3039=CARTESIAN_POINT('',(0.668,0.875689640666951,-0.300488959959728));
#3040=CARTESIAN_POINT('',(0.668,0.435773629436871,-0.201512432529822));
#3041=CARTESIAN_POINT('',(0.668,0.440422544254699,-0.184123137230225));
#3042=CARTESIAN_POINT('',(0.668,0.871040725849123,-0.317878255259324));
#3043=CARTESIAN_POINT('',(0.668,0.871040725849123,-0.317878255259324));
#3044=CARTESIAN_POINT('',(0.668,0.875689640666951,-0.300488959959728));
#3045=CARTESIAN_POINT('Origin',(-0.67,0.875689640666951,-0.300488959959728));
#3046=CARTESIAN_POINT('',(-0.67,0.875689640666951,-0.300488959959728));
#3047=CARTESIAN_POINT('',(-0.67,0.875689640666951,-0.300488959959728));
#3048=CARTESIAN_POINT('',(-0.67,0.871040725849123,-0.317878255259324));
#3049=CARTESIAN_POINT('',(-0.67,0.871040725849123,-0.317878255259324));
#3050=CARTESIAN_POINT('',(-0.67,0.875689640666951,-0.300488959959728));
#3051=CARTESIAN_POINT('Origin',(-0.67,0.440422544254699,-0.184123137230225));
#3052=CARTESIAN_POINT('',(-0.67,0.440422544254699,-0.184123137230225));
#3053=CARTESIAN_POINT('',(-0.67,0.440422544254699,-0.184123137230225));
#3054=CARTESIAN_POINT('',(-0.67,0.435773629436871,-0.201512432529822));
#3055=CARTESIAN_POINT('',(-0.67,0.435773629436871,-0.201512432529822));
#3056=CARTESIAN_POINT('',(-0.67,0.440422544254699,-0.184123137230225));
#3057=CARTESIAN_POINT('Origin',(0.668,0.440422544254699,-0.184123137230225));
#3058=CARTESIAN_POINT('',(0.668,0.440422544254699,-0.184123137230225));
#3059=CARTESIAN_POINT('',(0.668,0.435773629436871,-0.201512432529822));
#3060=CARTESIAN_POINT('Origin',(-0.00100000000000003,0.658056092460825,
-0.242306048594976));
#3061=CARTESIAN_POINT('Origin',(-0.00100000000000003,0.653407177642997,
-0.259695343894573));
#3062=CARTESIAN_POINT('',(0.,0.,0.));
#3063=CARTESIAN_POINT('Origin',(0.65,0.440422544254699,-0.184123137230225));
#3064=CARTESIAN_POINT('',(0.65,0.440422544254699,-0.184123137230225));
#3065=CARTESIAN_POINT('',(0.65,0.440422544254699,0.21009593566619));
#3066=CARTESIAN_POINT('',(0.65,0.440422544254699,-0.184123137230225));
#3067=CARTESIAN_POINT('',(0.65,0.422422544254699,0.21009593566619));
#3068=CARTESIAN_POINT('',(0.65,0.440422544254699,0.21009593566619));
#3069=CARTESIAN_POINT('',(0.65,0.422422544254699,-0.184123137230225));
#3070=CARTESIAN_POINT('',(0.65,0.422422544254699,-0.184123137230225));
#3071=CARTESIAN_POINT('',(0.65,0.440422544254699,-0.184123137230225));
#3072=CARTESIAN_POINT('Origin',(-0.67,0.440422544254699,-0.184123137230225));
#3073=CARTESIAN_POINT('',(-0.67,0.440422544254699,-0.184123137230225));
#3074=CARTESIAN_POINT('',(-0.67,0.440422544254699,-0.184123137230225));
#3075=CARTESIAN_POINT('',(-0.67,0.422422544254699,-0.184123137230225));
#3076=CARTESIAN_POINT('',(-0.67,0.422422544254699,-0.184123137230225));
#3077=CARTESIAN_POINT('',(-0.67,0.440422544254699,-0.184123137230225));
#3078=CARTESIAN_POINT('Origin',(-0.67,0.440422544254699,0.21009593566619));
#3079=CARTESIAN_POINT('',(-0.67,0.440422544254699,0.21009593566619));
#3080=CARTESIAN_POINT('',(-0.67,0.440422544254699,0.21009593566619));
#3081=CARTESIAN_POINT('',(-0.67,0.422422544254699,0.21009593566619));
#3082=CARTESIAN_POINT('',(-0.67,0.422422544254699,0.21009593566619));
#3083=CARTESIAN_POINT('',(-0.67,0.440422544254699,0.21009593566619));
#3084=CARTESIAN_POINT('Origin',(0.65,0.440422544254699,0.21009593566619));
#3085=CARTESIAN_POINT('',(0.668,0.440422544254699,0.21009593566619));
#3086=CARTESIAN_POINT('',(0.668,0.422422544254699,0.21009593566619));
#3087=CARTESIAN_POINT('Origin',(-0.01,0.440422544254699,0.0129863992179823));
#3088=CARTESIAN_POINT('Origin',(-0.01,0.422422544254699,0.0129863992179823));
#3089=CARTESIAN_POINT('',(0.,0.,0.));
#3090=CARTESIAN_POINT('',(0.,0.,0.));
#3091=CARTESIAN_POINT('',(0.,0.,0.));
#3092=CARTESIAN_POINT('',(1.76,0.87495314811803,-0.0213894502493725));
#3093=CARTESIAN_POINT('',(0.44,-1.38777878078145E-16,0.));
#3094=CARTESIAN_POINT('',(0.44,-1.38777878078145E-16,0.));
#3095=CARTESIAN_POINT('',(0.449,-2.08166817117217E-16,3.46944695195361E-17));
#3096=UNCERTAINTY_MEASURE_WITH_UNIT(LENGTH_MEASURE(0.01),#3114,
'DISTANCE_ACCURACY_VALUE',
'Maximum model space distance between geometric entities at asserted c
onnectivities');
#3097=UNCERTAINTY_MEASURE_WITH_UNIT(LENGTH_MEASURE(0.01),#3114,
'DISTANCE_ACCURACY_VALUE',
'Maximum model space distance between geometric entities at asserted c
onnectivities');
#3098=UNCERTAINTY_MEASURE_WITH_UNIT(LENGTH_MEASURE(0.01),#3114,
'DISTANCE_ACCURACY_VALUE',
'Maximum model space distance between geometric entities at asserted c
onnectivities');
#3099=UNCERTAINTY_MEASURE_WITH_UNIT(LENGTH_MEASURE(0.01),#3114,
'DISTANCE_ACCURACY_VALUE',
'Maximum model space distance between geometric entities at asserted c
onnectivities');
#3100=UNCERTAINTY_MEASURE_WITH_UNIT(LENGTH_MEASURE(0.01),#3114,
'DISTANCE_ACCURACY_VALUE',
'Maximum model space distance between geometric entities at asserted c
onnectivities');
#3101=UNCERTAINTY_MEASURE_WITH_UNIT(LENGTH_MEASURE(0.01),#3114,
'DISTANCE_ACCURACY_VALUE',
'Maximum model space distance between geometric entities at asserted c
onnectivities');
#3102=UNCERTAINTY_MEASURE_WITH_UNIT(LENGTH_MEASURE(0.01),#3114,
'DISTANCE_ACCURACY_VALUE',
'Maximum model space distance between geometric entities at asserted c
onnectivities');
#3103=UNCERTAINTY_MEASURE_WITH_UNIT(LENGTH_MEASURE(0.01),#3114,
'DISTANCE_ACCURACY_VALUE',
'Maximum model space distance between geometric entities at asserted c
onnectivities');
#3104=UNCERTAINTY_MEASURE_WITH_UNIT(LENGTH_MEASURE(0.01),#3114,
'DISTANCE_ACCURACY_VALUE',
'Maximum model space distance between geometric entities at asserted c
onnectivities');
#3105=(
GEOMETRIC_REPRESENTATION_CONTEXT(3)
GLOBAL_UNCERTAINTY_ASSIGNED_CONTEXT((#3096))
GLOBAL_UNIT_ASSIGNED_CONTEXT((#3114,#3116,#3117))
REPRESENTATION_CONTEXT('','3D')
);
#3106=(
GEOMETRIC_REPRESENTATION_CONTEXT(3)
GLOBAL_UNCERTAINTY_ASSIGNED_CONTEXT((#3097))
GLOBAL_UNIT_ASSIGNED_CONTEXT((#3114,#3116,#3117))
REPRESENTATION_CONTEXT('','3D')
);
#3107=(
GEOMETRIC_REPRESENTATION_CONTEXT(3)
GLOBAL_UNCERTAINTY_ASSIGNED_CONTEXT((#3098))
GLOBAL_UNIT_ASSIGNED_CONTEXT((#3114,#3116,#3117))
REPRESENTATION_CONTEXT('','3D')
);
#3108=(
GEOMETRIC_REPRESENTATION_CONTEXT(3)
GLOBAL_UNCERTAINTY_ASSIGNED_CONTEXT((#3099))
GLOBAL_UNIT_ASSIGNED_CONTEXT((#3114,#3116,#3117))
REPRESENTATION_CONTEXT('','3D')
);
#3109=(
GEOMETRIC_REPRESENTATION_CONTEXT(3)
GLOBAL_UNCERTAINTY_ASSIGNED_CONTEXT((#3100))
GLOBAL_UNIT_ASSIGNED_CONTEXT((#3114,#3116,#3117))
REPRESENTATION_CONTEXT('','3D')
);
#3110=(
GEOMETRIC_REPRESENTATION_CONTEXT(3)
GLOBAL_UNCERTAINTY_ASSIGNED_CONTEXT((#3101))
GLOBAL_UNIT_ASSIGNED_CONTEXT((#3114,#3116,#3117))
REPRESENTATION_CONTEXT('','3D')
);
#3111=(
GEOMETRIC_REPRESENTATION_CONTEXT(3)
GLOBAL_UNCERTAINTY_ASSIGNED_CONTEXT((#3102))
GLOBAL_UNIT_ASSIGNED_CONTEXT((#3114,#3116,#3117))
REPRESENTATION_CONTEXT('','3D')
);
#3112=(
GEOMETRIC_REPRESENTATION_CONTEXT(3)
GLOBAL_UNCERTAINTY_ASSIGNED_CONTEXT((#3103))
GLOBAL_UNIT_ASSIGNED_CONTEXT((#3114,#3116,#3117))
REPRESENTATION_CONTEXT('','3D')
);
#3113=(
GEOMETRIC_REPRESENTATION_CONTEXT(3)
GLOBAL_UNCERTAINTY_ASSIGNED_CONTEXT((#3104))
GLOBAL_UNIT_ASSIGNED_CONTEXT((#3114,#3116,#3117))
REPRESENTATION_CONTEXT('','3D')
);
#3114=(
LENGTH_UNIT()
NAMED_UNIT(*)
SI_UNIT(.MILLI.,.METRE.)
);
#3115=(
LENGTH_UNIT()
NAMED_UNIT(*)
SI_UNIT($,.METRE.)
);
#3116=(
NAMED_UNIT(*)
PLANE_ANGLE_UNIT()
SI_UNIT($,.RADIAN.)
);
#3117=(
NAMED_UNIT(*)
SI_UNIT($,.STERADIAN.)
SOLID_ANGLE_UNIT()
);
#3118=SHAPE_DEFINITION_REPRESENTATION(#3126,#3141);
#3119=SHAPE_DEFINITION_REPRESENTATION(#3127,#3142);
#3120=SHAPE_DEFINITION_REPRESENTATION(#3128,#3143);
#3121=SHAPE_DEFINITION_REPRESENTATION(#3129,#3144);
#3122=SHAPE_DEFINITION_REPRESENTATION(#3130,#3145);
#3123=SHAPE_DEFINITION_REPRESENTATION(#3131,#3146);
#3124=SHAPE_DEFINITION_REPRESENTATION(#3132,#3147);
#3125=SHAPE_DEFINITION_REPRESENTATION(#3133,#3148);
#3126=PRODUCT_DEFINITION_SHAPE('',$,#3150);
#3127=PRODUCT_DEFINITION_SHAPE('',$,#3151);
#3128=PRODUCT_DEFINITION_SHAPE('',$,#3152);
#3129=PRODUCT_DEFINITION_SHAPE('',$,#3153);
#3130=PRODUCT_DEFINITION_SHAPE('',$,#3154);
#3131=PRODUCT_DEFINITION_SHAPE('',$,#3155);
#3132=PRODUCT_DEFINITION_SHAPE('',$,#3156);
#3133=PRODUCT_DEFINITION_SHAPE('',$,#3157);
#3134=PRODUCT_DEFINITION_SHAPE($,$,#32);
#3135=PRODUCT_DEFINITION_SHAPE($,$,#33);
#3136=PRODUCT_DEFINITION_SHAPE($,$,#34);
#3137=PRODUCT_DEFINITION_SHAPE($,$,#35);
#3138=PRODUCT_DEFINITION_SHAPE($,$,#36);
#3139=PRODUCT_DEFINITION_SHAPE($,$,#37);
#3140=PRODUCT_DEFINITION_SHAPE($,$,#38);
#3141=SHAPE_REPRESENTATION('',(#1972,#2078,#2079,#2080,#2081,#2082,#2083,
#2084),#3105);
#3142=SHAPE_REPRESENTATION('',(#1973),#3106);
#3143=SHAPE_REPRESENTATION('',(#1994),#3107);
#3144=SHAPE_REPRESENTATION('',(#2015),#3108);
#3145=SHAPE_REPRESENTATION('',(#2036),#3109);
#3146=SHAPE_REPRESENTATION('',(#2057),#3110);
#3147=SHAPE_REPRESENTATION('',(#2064),#3111);
#3148=SHAPE_REPRESENTATION('',(#2071),#3112);
#3149=PRODUCT_DEFINITION_CONTEXT('part definition',#3175,'design');
#3150=PRODUCT_DEFINITION('bench','(Unsaved)',#3158,#3149);
#3151=PRODUCT_DEFINITION('2026-08-11-21-11-27-628','Component1',#3159,#3149);
#3152=PRODUCT_DEFINITION('2026-08-11-21-11-30-600','Component2',#3160,#3149);
#3153=PRODUCT_DEFINITION('2026-08-11-21-11-33-007','Component3',#3161,#3149);
#3154=PRODUCT_DEFINITION('2026-08-11-21-11-34-563','Component4',#3162,#3149);
#3155=PRODUCT_DEFINITION('2026-08-11-21-11-36-233','Component5',#3163,#3149);
#3156=PRODUCT_DEFINITION('2026-08-11-21-11-37-986','Component6',#3164,#3149);
#3157=PRODUCT_DEFINITION('2026-08-11-21-11-39-768','Component7',#3165,#3149);
#3158=PRODUCT_DEFINITION_FORMATION('',$,#3177);
#3159=PRODUCT_DEFINITION_FORMATION('',$,#3178);
#3160=PRODUCT_DEFINITION_FORMATION('',$,#3179);
#3161=PRODUCT_DEFINITION_FORMATION('',$,#3180);
#3162=PRODUCT_DEFINITION_FORMATION('',$,#3181);
#3163=PRODUCT_DEFINITION_FORMATION('',$,#3182);
#3164=PRODUCT_DEFINITION_FORMATION('',$,#3183);
#3165=PRODUCT_DEFINITION_FORMATION('',$,#3184);
#3166=PRODUCT_RELATED_PRODUCT_CATEGORY('(Unsaved)','(Unsaved)',(#3177));
#3167=PRODUCT_RELATED_PRODUCT_CATEGORY('Component1','Component1',(#3178));
#3168=PRODUCT_RELATED_PRODUCT_CATEGORY('Component2','Component2',(#3179));
#3169=PRODUCT_RELATED_PRODUCT_CATEGORY('Component3','Component3',(#3180));
#3170=PRODUCT_RELATED_PRODUCT_CATEGORY('Component4','Component4',(#3181));
#3171=PRODUCT_RELATED_PRODUCT_CATEGORY('Component5','Component5',(#3182));
#3172=PRODUCT_RELATED_PRODUCT_CATEGORY('Component6','Component6',(#3183));
#3173=PRODUCT_RELATED_PRODUCT_CATEGORY('Component7','Component7',(#3184));
#3174=APPLICATION_PROTOCOL_DEFINITION('international standard',
'automotive_design',2009,#3175);
#3175=APPLICATION_CONTEXT(
'Core Data for Automotive Mechanical Design Process');
#3176=PRODUCT_CONTEXT('part definition',#3175,'mechanical');
#3177=PRODUCT('bench','(Unsaved)',$,(#3176));
#3178=PRODUCT('2026-08-11-21-11-27-628','Component1',$,(#3176));
#3179=PRODUCT('2026-08-11-21-11-30-600','Component2',$,(#3176));
#3180=PRODUCT('2026-08-11-21-11-33-007','Component3',$,(#3176));
#3181=PRODUCT('2026-08-11-21-11-34-563','Component4',$,(#3176));
#3182=PRODUCT('2026-08-11-21-11-36-233','Component5',$,(#3176));
#3183=PRODUCT('2026-08-11-21-11-37-986','Component6',$,(#3176));
#3184=PRODUCT('2026-08-11-21-11-39-768','Component7',$,(#3176));
#3185=PRESENTATION_STYLE_ASSIGNMENT((#3187));
#3186=PRESENTATION_STYLE_ASSIGNMENT((#3188));
#3187=SURFACE_STYLE_USAGE(.BOTH.,#3189);
#3188=SURFACE_STYLE_USAGE(.BOTH.,#3190);
#3189=SURFACE_SIDE_STYLE('',(#3191));
#3190=SURFACE_SIDE_STYLE('',(#3192));
#3191=SURFACE_STYLE_FILL_AREA(#3193);
#3192=SURFACE_STYLE_FILL_AREA(#3194);
#3193=FILL_AREA_STYLE('Steel - Satin',(#3195));
#3194=FILL_AREA_STYLE('Opaque(160,160,160)',(#3196));
#3195=FILL_AREA_STYLE_COLOUR('Steel - Satin',#3197);
#3196=FILL_AREA_STYLE_COLOUR('Opaque(160,160,160)',#3198);
#3197=COLOUR_RGB('Steel - Satin',0.627450980392157,0.627450980392157,0.627450980392157);
#3198=COLOUR_RGB('Opaque(160,160,160)',0.627450980392157,0.627450980392157,
0.627450980392157);
ENDSEC;
END-ISO-10303-21;
