ISO-10303-21;
HEADER;
/* Generated by software containing ST-Developer
 * from STEP Tools, Inc. (www.steptools.com) 
 */

FILE_DESCRIPTION(
/* description */ (''),
/* implementation_level */ '2;1');

FILE_NAME(
/* name */ 'thread.step',
/* time_stamp */ '2026-08-19T10:46:36+02:00',
/* author */ (''),
/* organization */ (''),
/* preprocessor_version */ 'ST-DEVELOPER v20.1',
/* originating_system */ 'Autodesk Translation Framework v15.8.0.0',
/* authorisation */ '');

FILE_SCHEMA (('AUTOMOTIVE_DESIGN { 1 0 10303 214 3 1 1 }'));
ENDSEC;

DATA;
#10=MECHANICAL_DESIGN_GEOMETRIC_PRESENTATION_REPRESENTATION('',(#13,#14),
#9395);
#11=SHAPE_REPRESENTATION_RELATIONSHIP('SRR','None',#9402,#12);
#12=ADVANCED_BREP_SHAPE_REPRESENTATION('',(#15,#16),#9394);
#13=STYLED_ITEM('',(#9411),#15);
#14=STYLED_ITEM('',(#9411),#16);
#15=MANIFOLD_SOLID_BREP('Body1',#826);
#16=MANIFOLD_SOLID_BREP('Body2',#827);
#17=B_SPLINE_SURFACE_WITH_KNOTS('',3,3,((#2208,#2209,#2210,#2211,#2212,
#2213,#2214,#2215,#2216,#2217,#2218,#2219,#2220,#2221,#2222,#2223,#2224,
#2225,#2226,#2227,#2228,#2229,#2230,#2231,#2232,#2233,#2234,#2235,#2236,
#2237,#2238,#2239,#2240,#2241,#2242,#2243,#2244,#2245,#2246,#2247,#2248,
#2249,#2250,#2251,#2252,#2253,#2254,#2255,#2256,#2257,#2258,#2259,#2260,
#2261,#2262,#2263,#2264,#2265,#2266,#2267,#2268,#2269,#2270,#2271,#2272,
#2273,#2274,#2275,#2276,#2277,#2278,#2279,#2280,#2281,#2282,#2283,#2284,
#2285,#2286,#2287,#2288,#2289,#2290,#2291,#2292,#2293,#2294,#2295,#2296,
#2297,#2298,#2299,#2300,#2301,#2302,#2303,#2304,#2305,#2306,#2307,#2308,
#2309,#2310,#2311,#2312,#2313,#2314,#2315,#2316,#2317,#2318,#2319,#2320),
(#2321,#2322,#2323,#2324,#2325,#2326,#2327,#2328,#2329,#2330,#2331,#2332,
#2333,#2334,#2335,#2336,#2337,#2338,#2339,#2340,#2341,#2342,#2343,#2344,
#2345,#2346,#2347,#2348,#2349,#2350,#2351,#2352,#2353,#2354,#2355,#2356,
#2357,#2358,#2359,#2360,#2361,#2362,#2363,#2364,#2365,#2366,#2367,#2368,
#2369,#2370,#2371,#2372,#2373,#2374,#2375,#2376,#2377,#2378,#2379,#2380,
#2381,#2382,#2383,#2384,#2385,#2386,#2387,#2388,#2389,#2390,#2391,#2392,
#2393,#2394,#2395,#2396,#2397,#2398,#2399,#2400,#2401,#2402,#2403,#2404,
#2405,#2406,#2407,#2408,#2409,#2410,#2411,#2412,#2413,#2414,#2415,#2416,
#2417,#2418,#2419,#2420,#2421,#2422,#2423,#2424,#2425,#2426,#2427,#2428,
#2429,#2430,#2431,#2432,#2433),(#2434,#2435,#2436,#2437,#2438,#2439,#2440,
#2441,#2442,#2443,#2444,#2445,#2446,#2447,#2448,#2449,#2450,#2451,#2452,
#2453,#2454,#2455,#2456,#2457,#2458,#2459,#2460,#2461,#2462,#2463,#2464,
#2465,#2466,#2467,#2468,#2469,#2470,#2471,#2472,#2473,#2474,#2475,#2476,
#2477,#2478,#2479,#2480,#2481,#2482,#2483,#2484,#2485,#2486,#2487,#2488,
#2489,#2490,#2491,#2492,#2493,#2494,#2495,#2496,#2497,#2498,#2499,#2500,
#2501,#2502,#2503,#2504,#2505,#2506,#2507,#2508,#2509,#2510,#2511,#2512,
#2513,#2514,#2515,#2516,#2517,#2518,#2519,#2520,#2521,#2522,#2523,#2524,
#2525,#2526,#2527,#2528,#2529,#2530,#2531,#2532,#2533,#2534,#2535,#2536,
#2537,#2538,#2539,#2540,#2541,#2542,#2543,#2544,#2545,#2546),(#2547,#2548,
#2549,#2550,#2551,#2552,#2553,#2554,#2555,#2556,#2557,#2558,#2559,#2560,
#2561,#2562,#2563,#2564,#2565,#2566,#2567,#2568,#2569,#2570,#2571,#2572,
#2573,#2574,#2575,#2576,#2577,#2578,#2579,#2580,#2581,#2582,#2583,#2584,
#2585,#2586,#2587,#2588,#2589,#2590,#2591,#2592,#2593,#2594,#2595,#2596,
#2597,#2598,#2599,#2600,#2601,#2602,#2603,#2604,#2605,#2606,#2607,#2608,
#2609,#2610,#2611,#2612,#2613,#2614,#2615,#2616,#2617,#2618,#2619,#2620,
#2621,#2622,#2623,#2624,#2625,#2626,#2627,#2628,#2629,#2630,#2631,#2632,
#2633,#2634,#2635,#2636,#2637,#2638,#2639,#2640,#2641,#2642,#2643,#2644,
#2645,#2646,#2647,#2648,#2649,#2650,#2651,#2652,#2653,#2654,#2655,#2656,
#2657,#2658,#2659)),.UNSPECIFIED.,.F.,.F.,.F.,(4,4),(4,1,1,1,1,1,1,1,1,
1,1,1,1,1,1,1,1,1,1,1,1,1,1,1,1,1,1,1,1,1,1,1,1,1,1,1,1,1,1,1,1,1,1,1,1,
1,1,1,1,1,1,1,1,1,1,1,1,1,1,1,1,1,1,1,1,1,1,1,1,1,1,1,1,1,1,1,1,1,1,1,1,
1,1,1,1,1,1,1,1,1,1,1,1,1,1,1,1,1,1,1,1,1,1,1,1,1,1,1,1,1,4),(0.,0.0398395474927118),
(8.03185880879231,8.5311483830158,9.03043795723928,9.52972753146277,10.0290171056863,
10.5283066799097,11.0275962541332,11.5268858283567,12.0261754025802,12.5254649768037,
13.0247545510272,13.5240441252507,14.0233336994742,14.5226232736976,15.0219128479211,
15.5212024221446,16.0204919963681,16.5197815705916,17.0190711448151,17.5183607190386,
18.0176502932621,18.5169398674856,19.016229441709,19.5155190159325,20.014808590156,
20.5140981643795,21.013387738603,21.5126773128265,22.01196688705,22.5112564612735,
23.0105460354969,23.5098356097204,24.0091251839439,24.5084147581674,25.0077043323909,
25.5069939066144,26.0062834808379,26.5055730550614,27.0048626292848,27.5041522035083,
28.0034417777318,28.5027313519553,29.0020209261788,29.5013105004023,30.0006000746258,
30.4998896488493,30.9991792230727,31.4984687972962,31.9977583715197,32.4970479457432,
32.9963375199667,33.4956270941902,33.9949166684137,34.4942062426372,34.9934958168606,
35.4927853910841,35.9920749653076,36.4913645395311,36.9906541137546,37.4899436879781,
37.9892332622016,38.4885228364251,38.9878124106486,39.487101984872,39.9863915590955,
40.485681133319,40.9849707075425,41.484260281766,41.9835498559895,42.482839430213,
42.9821290044365,43.4814185786599,43.9807081528834,44.4799977271069,44.9792873013304,
45.4785768755539,45.9778664497774,46.4771560240009,46.9764455982244,47.4757351724478,
47.9750247466713,48.4743143208948,48.9736038951183,49.4728934693418,49.9721830435653,
50.4714726177888,50.9707621920123,51.4700517662357,51.9693413404592,52.4686309146827,
52.9679204889062,53.4672100631297,53.9664996373532,54.4657892115767,54.9650787858002,
55.4643683600236,55.9636579342471,56.4629475084706,56.9622370826941,57.4615266569176,
57.9608162311411,58.4601058053646,58.9593953795881,59.4586849538115,59.957974528035,
60.4572641022585,60.956553676482,61.4558432507055,61.955132824929,62.4544223991525,
62.953711973376),.UNSPECIFIED.);
#18=B_SPLINE_SURFACE_WITH_KNOTS('',3,3,((#2810,#2811,#2812,#2813,#2814,
#2815,#2816,#2817,#2818,#2819,#2820,#2821,#2822,#2823,#2824,#2825,#2826,
#2827,#2828,#2829,#2830,#2831,#2832,#2833,#2834,#2835,#2836,#2837,#2838,
#2839,#2840,#2841,#2842,#2843,#2844,#2845,#2846,#2847,#2848,#2849,#2850,
#2851,#2852,#2853,#2854,#2855,#2856,#2857,#2858,#2859,#2860,#2861,#2862,
#2863,#2864,#2865,#2866,#2867,#2868,#2869,#2870,#2871,#2872,#2873,#2874,
#2875,#2876,#2877,#2878,#2879,#2880,#2881,#2882,#2883,#2884,#2885,#2886,
#2887,#2888,#2889,#2890,#2891,#2892,#2893,#2894,#2895,#2896,#2897,#2898,
#2899,#2900,#2901,#2902,#2903,#2904,#2905,#2906,#2907,#2908,#2909,#2910,
#2911,#2912,#2913,#2914,#2915,#2916,#2917,#2918,#2919,#2920,#2921,#2922,
#2923,#2924),(#2925,#2926,#2927,#2928,#2929,#2930,#2931,#2932,#2933,#2934,
#2935,#2936,#2937,#2938,#2939,#2940,#2941,#2942,#2943,#2944,#2945,#2946,
#2947,#2948,#2949,#2950,#2951,#2952,#2953,#2954,#2955,#2956,#2957,#2958,
#2959,#2960,#2961,#2962,#2963,#2964,#2965,#2966,#2967,#2968,#2969,#2970,
#2971,#2972,#2973,#2974,#2975,#2976,#2977,#2978,#2979,#2980,#2981,#2982,
#2983,#2984,#2985,#2986,#2987,#2988,#2989,#2990,#2991,#2992,#2993,#2994,
#2995,#2996,#2997,#2998,#2999,#3000,#3001,#3002,#3003,#3004,#3005,#3006,
#3007,#3008,#3009,#3010,#3011,#3012,#3013,#3014,#3015,#3016,#3017,#3018,
#3019,#3020,#3021,#3022,#3023,#3024,#3025,#3026,#3027,#3028,#3029,#3030,
#3031,#3032,#3033,#3034,#3035,#3036,#3037,#3038,#3039),(#3040,#3041,#3042,
#3043,#3044,#3045,#3046,#3047,#3048,#3049,#3050,#3051,#3052,#3053,#3054,
#3055,#3056,#3057,#3058,#3059,#3060,#3061,#3062,#3063,#3064,#3065,#3066,
#3067,#3068,#3069,#3070,#3071,#3072,#3073,#3074,#3075,#3076,#3077,#3078,
#3079,#3080,#3081,#3082,#3083,#3084,#3085,#3086,#3087,#3088,#3089,#3090,
#3091,#3092,#3093,#3094,#3095,#3096,#3097,#3098,#3099,#3100,#3101,#3102,
#3103,#3104,#3105,#3106,#3107,#3108,#3109,#3110,#3111,#3112,#3113,#3114,
#3115,#3116,#3117,#3118,#3119,#3120,#3121,#3122,#3123,#3124,#3125,#3126,
#3127,#3128,#3129,#3130,#3131,#3132,#3133,#3134,#3135,#3136,#3137,#3138,
#3139,#3140,#3141,#3142,#3143,#3144,#3145,#3146,#3147,#3148,#3149,#3150,
#3151,#3152,#3153,#3154),(#3155,#3156,#3157,#3158,#3159,#3160,#3161,#3162,
#3163,#3164,#3165,#3166,#3167,#3168,#3169,#3170,#3171,#3172,#3173,#3174,
#3175,#3176,#3177,#3178,#3179,#3180,#3181,#3182,#3183,#3184,#3185,#3186,
#3187,#3188,#3189,#3190,#3191,#3192,#3193,#3194,#3195,#3196,#3197,#3198,
#3199,#3200,#3201,#3202,#3203,#3204,#3205,#3206,#3207,#3208,#3209,#3210,
#3211,#3212,#3213,#3214,#3215,#3216,#3217,#3218,#3219,#3220,#3221,#3222,
#3223,#3224,#3225,#3226,#3227,#3228,#3229,#3230,#3231,#3232,#3233,#3234,
#3235,#3236,#3237,#3238,#3239,#3240,#3241,#3242,#3243,#3244,#3245,#3246,
#3247,#3248,#3249,#3250,#3251,#3252,#3253,#3254,#3255,#3256,#3257,#3258,
#3259,#3260,#3261,#3262,#3263,#3264,#3265,#3266,#3267,#3268,#3269),(#3270,
#3271,#3272,#3273,#3274,#3275,#3276,#3277,#3278,#3279,#3280,#3281,#3282,
#3283,#3284,#3285,#3286,#3287,#3288,#3289,#3290,#3291,#3292,#3293,#3294,
#3295,#3296,#3297,#3298,#3299,#3300,#3301,#3302,#3303,#3304,#3305,#3306,
#3307,#3308,#3309,#3310,#3311,#3312,#3313,#3314,#3315,#3316,#3317,#3318,
#3319,#3320,#3321,#3322,#3323,#3324,#3325,#3326,#3327,#3328,#3329,#3330,
#3331,#3332,#3333,#3334,#3335,#3336,#3337,#3338,#3339,#3340,#3341,#3342,
#3343,#3344,#3345,#3346,#3347,#3348,#3349,#3350,#3351,#3352,#3353,#3354,
#3355,#3356,#3357,#3358,#3359,#3360,#3361,#3362,#3363,#3364,#3365,#3366,
#3367,#3368,#3369,#3370,#3371,#3372,#3373,#3374,#3375,#3376,#3377,#3378,
#3379,#3380,#3381,#3382,#3383,#3384)),.UNSPECIFIED.,.F.,.F.,.F.,(4,1,4),
(4,1,1,1,1,1,1,1,1,1,1,1,1,1,1,1,1,1,1,1,1,1,1,1,1,1,1,1,1,1,1,1,1,1,1,
1,1,1,1,1,1,1,1,1,1,1,1,1,1,1,1,1,1,1,1,1,1,1,1,1,1,1,1,1,1,1,1,1,1,1,1,
1,1,1,1,1,1,1,1,1,1,1,1,1,1,1,1,1,1,1,1,1,1,1,1,1,1,1,1,1,1,1,1,1,1,1,1,
1,1,1,1,1,4),(0.,0.467498906784196,1.09083078249646),(8.53242191119057,
9.02515740357578,9.517892895961,10.0106283883462,10.5033638807314,10.9960993731166,
11.4888348655019,11.9815703578871,12.4743058502723,12.9670413426575,13.4597768350427,
13.9525123274279,14.4452478198131,14.9379833121983,15.4307188045836,15.9234542969688,
16.416189789354,16.9089252817392,17.4016607741244,17.8943962665096,18.3871317588948,
18.8798672512801,19.3726027436653,19.8653382360505,20.3580737284357,20.8508092208209,
21.3435447132061,21.8362802055913,22.3290156979766,22.8217511903618,23.314486682747,
23.8072221751322,24.2999576675174,24.7926931599026,25.2854286522878,25.7781641446731,
26.2708996370583,26.7636351294435,27.2563706218287,27.7491061142139,28.2418416065991,
28.7345770989843,29.2273125913696,29.7200480837548,30.21278357614,30.7055190685252,
31.1982545609104,31.6909900532956,32.1837255456808,32.6764610380661,33.1691965304513,
33.6619320228365,34.1546675152217,34.6474030076069,35.1401384999921,35.6328739923773,
36.1256094847625,36.6183449771478,37.111080469533,37.6038159619182,38.0965514543034,
38.5892869466886,39.0820224390738,39.5747579314591,40.0674934238443,40.5602289162295,
41.0529644086147,41.5456999009999,42.0384353933851,42.5311708857703,43.0239063781556,
43.5166418705408,44.009377362926,44.5021128553112,44.9948483476964,45.4875838400816,
45.9803193324668,46.473054824852,46.9657903172373,47.4585258096225,47.9512613020077,
48.4439967943929,48.9367322867781,49.4294677791633,49.9222032715485,50.4149387639338,
50.907674256319,51.4004097487042,51.8931452410894,52.3858807334746,52.8786162258598,
53.371351718245,53.8640872106303,54.3568227030155,54.8495581954007,55.3422936877859,
55.8350291801711,56.3277646725563,56.8205001649415,57.3132356573268,57.805971149712,
58.2987066420972,58.7914421344824,59.2841776268676,59.7769131192528,60.269648611638,
60.7623841040233,61.2551195964085,61.7478550887937,62.2405905811789,62.7333260735641,
63.2260615659493,63.7187970583345),.UNSPECIFIED.);
#19=B_SPLINE_SURFACE_WITH_KNOTS('',3,3,((#3398,#3399,#3400,#3401,#3402,
#3403,#3404,#3405,#3406,#3407,#3408,#3409,#3410,#3411,#3412,#3413,#3414,
#3415,#3416,#3417,#3418,#3419,#3420,#3421,#3422,#3423,#3424,#3425,#3426,
#3427,#3428,#3429,#3430,#3431,#3432,#3433,#3434,#3435,#3436,#3437,#3438,
#3439,#3440,#3441,#3442,#3443,#3444,#3445,#3446,#3447,#3448,#3449,#3450,
#3451,#3452,#3453,#3454,#3455,#3456,#3457,#3458,#3459,#3460,#3461,#3462,
#3463,#3464,#3465,#3466,#3467,#3468,#3469,#3470,#3471,#3472,#3473,#3474,
#3475,#3476,#3477,#3478,#3479,#3480,#3481,#3482,#3483,#3484,#3485,#3486,
#3487,#3488,#3489,#3490,#3491,#3492,#3493,#3494,#3495,#3496,#3497,#3498,
#3499,#3500,#3501,#3502,#3503,#3504,#3505,#3506,#3507,#3508,#3509,#3510,
#3511,#3512),(#3513,#3514,#3515,#3516,#3517,#3518,#3519,#3520,#3521,#3522,
#3523,#3524,#3525,#3526,#3527,#3528,#3529,#3530,#3531,#3532,#3533,#3534,
#3535,#3536,#3537,#3538,#3539,#3540,#3541,#3542,#3543,#3544,#3545,#3546,
#3547,#3548,#3549,#3550,#3551,#3552,#3553,#3554,#3555,#3556,#3557,#3558,
#3559,#3560,#3561,#3562,#3563,#3564,#3565,#3566,#3567,#3568,#3569,#3570,
#3571,#3572,#3573,#3574,#3575,#3576,#3577,#3578,#3579,#3580,#3581,#3582,
#3583,#3584,#3585,#3586,#3587,#3588,#3589,#3590,#3591,#3592,#3593,#3594,
#3595,#3596,#3597,#3598,#3599,#3600,#3601,#3602,#3603,#3604,#3605,#3606,
#3607,#3608,#3609,#3610,#3611,#3612,#3613,#3614,#3615,#3616,#3617,#3618,
#3619,#3620,#3621,#3622,#3623,#3624,#3625,#3626,#3627),(#3628,#3629,#3630,
#3631,#3632,#3633,#3634,#3635,#3636,#3637,#3638,#3639,#3640,#3641,#3642,
#3643,#3644,#3645,#3646,#3647,#3648,#3649,#3650,#3651,#3652,#3653,#3654,
#3655,#3656,#3657,#3658,#3659,#3660,#3661,#3662,#3663,#3664,#3665,#3666,
#3667,#3668,#3669,#3670,#3671,#3672,#3673,#3674,#3675,#3676,#3677,#3678,
#3679,#3680,#3681,#3682,#3683,#3684,#3685,#3686,#3687,#3688,#3689,#3690,
#3691,#3692,#3693,#3694,#3695,#3696,#3697,#3698,#3699,#3700,#3701,#3702,
#3703,#3704,#3705,#3706,#3707,#3708,#3709,#3710,#3711,#3712,#3713,#3714,
#3715,#3716,#3717,#3718,#3719,#3720,#3721,#3722,#3723,#3724,#3725,#3726,
#3727,#3728,#3729,#3730,#3731,#3732,#3733,#3734,#3735,#3736,#3737,#3738,
#3739,#3740,#3741,#3742),(#3743,#3744,#3745,#3746,#3747,#3748,#3749,#3750,
#3751,#3752,#3753,#3754,#3755,#3756,#3757,#3758,#3759,#3760,#3761,#3762,
#3763,#3764,#3765,#3766,#3767,#3768,#3769,#3770,#3771,#3772,#3773,#3774,
#3775,#3776,#3777,#3778,#3779,#3780,#3781,#3782,#3783,#3784,#3785,#3786,
#3787,#3788,#3789,#3790,#3791,#3792,#3793,#3794,#3795,#3796,#3797,#3798,
#3799,#3800,#3801,#3802,#3803,#3804,#3805,#3806,#3807,#3808,#3809,#3810,
#3811,#3812,#3813,#3814,#3815,#3816,#3817,#3818,#3819,#3820,#3821,#3822,
#3823,#3824,#3825,#3826,#3827,#3828,#3829,#3830,#3831,#3832,#3833,#3834,
#3835,#3836,#3837,#3838,#3839,#3840,#3841,#3842,#3843,#3844,#3845,#3846,
#3847,#3848,#3849,#3850,#3851,#3852,#3853,#3854,#3855,#3856,#3857),(#3858,
#3859,#3860,#3861,#3862,#3863,#3864,#3865,#3866,#3867,#3868,#3869,#3870,
#3871,#3872,#3873,#3874,#3875,#3876,#3877,#3878,#3879,#3880,#3881,#3882,
#3883,#3884,#3885,#3886,#3887,#3888,#3889,#3890,#3891,#3892,#3893,#3894,
#3895,#3896,#3897,#3898,#3899,#3900,#3901,#3902,#3903,#3904,#3905,#3906,
#3907,#3908,#3909,#3910,#3911,#3912,#3913,#3914,#3915,#3916,#3917,#3918,
#3919,#3920,#3921,#3922,#3923,#3924,#3925,#3926,#3927,#3928,#3929,#3930,
#3931,#3932,#3933,#3934,#3935,#3936,#3937,#3938,#3939,#3940,#3941,#3942,
#3943,#3944,#3945,#3946,#3947,#3948,#3949,#3950,#3951,#3952,#3953,#3954,
#3955,#3956,#3957,#3958,#3959,#3960,#3961,#3962,#3963,#3964,#3965,#3966,
#3967,#3968,#3969,#3970,#3971,#3972)),.UNSPECIFIED.,.F.,.F.,.F.,(4,1,4),
(4,1,1,1,1,1,1,1,1,1,1,1,1,1,1,1,1,1,1,1,1,1,1,1,1,1,1,1,1,1,1,1,1,1,1,
1,1,1,1,1,1,1,1,1,1,1,1,1,1,1,1,1,1,1,1,1,1,1,1,1,1,1,1,1,1,1,1,1,1,1,1,
1,1,1,1,1,1,1,1,1,1,1,1,1,1,1,1,1,1,1,1,1,1,1,1,1,1,1,1,1,1,1,1,1,1,1,1,
1,1,1,1,1,4),(-1.09083078249646,-0.623331875712261,0.),(9.55204892538958,
10.0447844177748,10.53751991016,11.0302554025452,11.5229908949304,12.0157263873157,
12.5084618797009,13.0011973720861,13.4939328644713,13.9866683568565,14.4794038492417,
14.9721393416269,15.4648748340122,15.9576103263974,16.4503458187826,16.9430813111678,
17.435816803553,17.9285522959382,18.4212877883234,18.9140232807086,19.4067587730939,
19.8994942654791,20.3922297578643,20.8849652502495,21.3777007426347,21.8704362350199,
22.3631717274051,22.8559072197904,23.3486427121756,23.8413782045608,24.334113696946,
24.8268491893312,25.3195846817164,25.8123201741016,26.3050556664869,26.7977911588721,
27.2905266512573,27.7832621436425,28.2759976360277,28.7687331284129,29.2614686207981,
29.7542041131834,30.2469396055686,30.7396750979538,31.232410590339,31.7251460827242,
32.2178815751094,32.7106170674946,33.2033525598799,33.6960880522651,34.1888235446503,
34.6815590370355,35.1742945294207,35.6670300218059,36.1597655141911,36.6525010065764,
37.1452364989616,37.6379719913468,38.130707483732,38.6234429761172,39.1161784685024,
39.6089139608876,40.1016494532729,40.5943849456581,41.0871204380433,41.5798559304285,
42.0725914228137,42.5653269151989,43.0580624075841,43.5507978999694,44.0435333923546,
44.5362688847398,45.029004377125,45.5217398695102,46.0144753618954,46.5072108542806,
46.9999463466659,47.4926818390511,47.9854173314363,48.4781528238215,48.9708883162067,
49.4636238085919,49.9563593009771,50.4490947933624,50.9418302857476,51.4345657781328,
51.927301270518,52.4200367629032,52.9127722552884,53.4055077476736,53.8982432400588,
54.3909787324441,54.8837142248293,55.3764497172145,55.8691852095997,56.3619207019849,
56.8546561943701,57.3473916867554,57.8401271791406,58.3328626715258,58.825598163911,
59.3183336562962,59.8110691486814,60.3038046410666,60.7965401334518,61.2892756258371,
61.7820111182223,62.2747466106075,62.7674821029927,63.2602175953779,63.7529530877631,
64.2456885801483,64.7384240725336),.UNSPECIFIED.);
#20=B_SPLINE_SURFACE_WITH_KNOTS('',3,3,((#4096,#4097,#4098,#4099,#4100,
#4101,#4102,#4103,#4104,#4105,#4106,#4107,#4108,#4109,#4110,#4111,#4112,
#4113,#4114,#4115,#4116,#4117,#4118,#4119,#4120,#4121,#4122,#4123,#4124,
#4125,#4126,#4127,#4128,#4129,#4130,#4131,#4132,#4133,#4134,#4135,#4136,
#4137,#4138,#4139,#4140,#4141,#4142,#4143,#4144,#4145,#4146,#4147,#4148,
#4149,#4150,#4151,#4152,#4153,#4154,#4155,#4156,#4157,#4158,#4159,#4160,
#4161,#4162,#4163,#4164,#4165,#4166,#4167,#4168,#4169,#4170,#4171,#4172,
#4173,#4174,#4175,#4176,#4177,#4178,#4179,#4180,#4181,#4182,#4183,#4184,
#4185,#4186,#4187,#4188,#4189,#4190,#4191,#4192,#4193,#4194,#4195,#4196,
#4197,#4198,#4199,#4200,#4201,#4202,#4203,#4204,#4205,#4206,#4207,#4208),
(#4209,#4210,#4211,#4212,#4213,#4214,#4215,#4216,#4217,#4218,#4219,#4220,
#4221,#4222,#4223,#4224,#4225,#4226,#4227,#4228,#4229,#4230,#4231,#4232,
#4233,#4234,#4235,#4236,#4237,#4238,#4239,#4240,#4241,#4242,#4243,#4244,
#4245,#4246,#4247,#4248,#4249,#4250,#4251,#4252,#4253,#4254,#4255,#4256,
#4257,#4258,#4259,#4260,#4261,#4262,#4263,#4264,#4265,#4266,#4267,#4268,
#4269,#4270,#4271,#4272,#4273,#4274,#4275,#4276,#4277,#4278,#4279,#4280,
#4281,#4282,#4283,#4284,#4285,#4286,#4287,#4288,#4289,#4290,#4291,#4292,
#4293,#4294,#4295,#4296,#4297,#4298,#4299,#4300,#4301,#4302,#4303,#4304,
#4305,#4306,#4307,#4308,#4309,#4310,#4311,#4312,#4313,#4314,#4315,#4316,
#4317,#4318,#4319,#4320,#4321),(#4322,#4323,#4324,#4325,#4326,#4327,#4328,
#4329,#4330,#4331,#4332,#4333,#4334,#4335,#4336,#4337,#4338,#4339,#4340,
#4341,#4342,#4343,#4344,#4345,#4346,#4347,#4348,#4349,#4350,#4351,#4352,
#4353,#4354,#4355,#4356,#4357,#4358,#4359,#4360,#4361,#4362,#4363,#4364,
#4365,#4366,#4367,#4368,#4369,#4370,#4371,#4372,#4373,#4374,#4375,#4376,
#4377,#4378,#4379,#4380,#4381,#4382,#4383,#4384,#4385,#4386,#4387,#4388,
#4389,#4390,#4391,#4392,#4393,#4394,#4395,#4396,#4397,#4398,#4399,#4400,
#4401,#4402,#4403,#4404,#4405,#4406,#4407,#4408,#4409,#4410,#4411,#4412,
#4413,#4414,#4415,#4416,#4417,#4418,#4419,#4420,#4421,#4422,#4423,#4424,
#4425,#4426,#4427,#4428,#4429,#4430,#4431,#4432,#4433,#4434),(#4435,#4436,
#4437,#4438,#4439,#4440,#4441,#4442,#4443,#4444,#4445,#4446,#4447,#4448,
#4449,#4450,#4451,#4452,#4453,#4454,#4455,#4456,#4457,#4458,#4459,#4460,
#4461,#4462,#4463,#4464,#4465,#4466,#4467,#4468,#4469,#4470,#4471,#4472,
#4473,#4474,#4475,#4476,#4477,#4478,#4479,#4480,#4481,#4482,#4483,#4484,
#4485,#4486,#4487,#4488,#4489,#4490,#4491,#4492,#4493,#4494,#4495,#4496,
#4497,#4498,#4499,#4500,#4501,#4502,#4503,#4504,#4505,#4506,#4507,#4508,
#4509,#4510,#4511,#4512,#4513,#4514,#4515,#4516,#4517,#4518,#4519,#4520,
#4521,#4522,#4523,#4524,#4525,#4526,#4527,#4528,#4529,#4530,#4531,#4532,
#4533,#4534,#4535,#4536,#4537,#4538,#4539,#4540,#4541,#4542,#4543,#4544,
#4545,#4546,#4547)),.UNSPECIFIED.,.F.,.F.,.F.,(4,4),(4,1,1,1,1,1,1,1,1,
1,1,1,1,1,1,1,1,1,1,1,1,1,1,1,1,1,1,1,1,1,1,1,1,1,1,1,1,1,1,1,1,1,1,1,1,
1,1,1,1,1,1,1,1,1,1,1,1,1,1,1,1,1,1,1,1,1,1,1,1,1,1,1,1,1,1,1,1,1,1,1,1,
1,1,1,1,1,1,1,1,1,1,1,1,1,1,1,1,1,1,1,1,1,1,1,1,1,1,1,1,1,4),(0.0782832718808154,
0.118122819373528),(10.3171340103482,10.8164235845716,11.3157131587951,
11.8150027330186,12.3142923072421,12.8135818814656,13.3128714556891,13.8121610299126,
14.3114506041361,14.8107401783595,15.310029752583,15.8093193268065,16.30860890103,
16.8078984752535,17.307188049477,17.8064776237005,18.305767197924,18.8050567721474,
19.3043463463709,19.8036359205944,20.3029254948179,20.8022150690414,21.3015046432649,
21.8007942174884,22.3000837917119,22.7993733659353,23.2986629401588,23.7979525143823,
24.2972420886058,24.7965316628293,25.2958212370528,25.7951108112763,26.2944003854998,
26.7936899597232,27.2929795339467,27.7922691081702,28.2915586823937,28.7908482566172,
29.2901378308407,29.7894274050642,30.2887169792877,30.7880065535112,31.2872961277346,
31.7865857019581,32.2858752761816,32.7851648504051,33.2844544246286,33.7837439988521,
34.2830335730756,34.7823231472991,35.2816127215225,35.780902295746,36.2801918699695,
36.779481444193,37.2787710184165,37.77806059264,38.2773501668635,38.776639741087,
39.2759293153104,39.7752188895339,40.2745084637574,40.7737980379809,41.2730876122044,
41.7723771864279,42.2716667606514,42.7709563348749,43.2702459090983,43.7695354833218,
44.2688250575453,44.7681146317688,45.2674042059923,45.7666937802158,46.2659833544393,
46.7652729286628,47.2645625028862,47.7638520771097,48.2631416513332,48.7624312255567,
49.2617207997802,49.7610103740037,50.2602999482272,50.7595895224507,51.2588790966741,
51.7581686708976,52.2574582451211,52.7567478193446,53.2560373935681,53.7553269677916,
54.2546165420151,54.7539061162386,55.2531956904621,55.7524852646855,56.251774838909,
56.7510644131325,57.250353987356,57.7496435615795,58.248933135803,58.7482227100265,
59.24751228425,59.7468018584734,60.2460914326969,60.7453810069204,61.2446705811439,
61.7439601553674,62.2432497295909,62.7425393038144,63.2418288780379,63.7411184522613,
64.2404080264848,64.7396976007083,65.2389871749318),.UNSPECIFIED.);
#21=B_SPLINE_SURFACE_WITH_KNOTS('',3,3,((#4930,#4931,#4932,#4933,#4934,
#4935,#4936,#4937,#4938,#4939,#4940,#4941,#4942,#4943,#4944,#4945,#4946,
#4947,#4948,#4949,#4950,#4951,#4952,#4953,#4954,#4955,#4956,#4957,#4958,
#4959,#4960,#4961,#4962,#4963,#4964,#4965,#4966,#4967,#4968,#4969,#4970,
#4971,#4972,#4973,#4974,#4975,#4976,#4977,#4978,#4979,#4980,#4981,#4982,
#4983,#4984,#4985,#4986,#4987,#4988,#4989,#4990,#4991,#4992,#4993,#4994,
#4995,#4996,#4997,#4998,#4999,#5000,#5001,#5002,#5003,#5004,#5005,#5006,
#5007,#5008,#5009,#5010,#5011,#5012,#5013,#5014,#5015,#5016,#5017,#5018,
#5019,#5020,#5021,#5022,#5023,#5024,#5025,#5026,#5027,#5028,#5029,#5030,
#5031,#5032,#5033,#5034,#5035,#5036,#5037,#5038,#5039,#5040,#5041,#5042,
#5043,#5044),(#5045,#5046,#5047,#5048,#5049,#5050,#5051,#5052,#5053,#5054,
#5055,#5056,#5057,#5058,#5059,#5060,#5061,#5062,#5063,#5064,#5065,#5066,
#5067,#5068,#5069,#5070,#5071,#5072,#5073,#5074,#5075,#5076,#5077,#5078,
#5079,#5080,#5081,#5082,#5083,#5084,#5085,#5086,#5087,#5088,#5089,#5090,
#5091,#5092,#5093,#5094,#5095,#5096,#5097,#5098,#5099,#5100,#5101,#5102,
#5103,#5104,#5105,#5106,#5107,#5108,#5109,#5110,#5111,#5112,#5113,#5114,
#5115,#5116,#5117,#5118,#5119,#5120,#5121,#5122,#5123,#5124,#5125,#5126,
#5127,#5128,#5129,#5130,#5131,#5132,#5133,#5134,#5135,#5136,#5137,#5138,
#5139,#5140,#5141,#5142,#5143,#5144,#5145,#5146,#5147,#5148,#5149,#5150,
#5151,#5152,#5153,#5154,#5155,#5156,#5157,#5158,#5159),(#5160,#5161,#5162,
#5163,#5164,#5165,#5166,#5167,#5168,#5169,#5170,#5171,#5172,#5173,#5174,
#5175,#5176,#5177,#5178,#5179,#5180,#5181,#5182,#5183,#5184,#5185,#5186,
#5187,#5188,#5189,#5190,#5191,#5192,#5193,#5194,#5195,#5196,#5197,#5198,
#5199,#5200,#5201,#5202,#5203,#5204,#5205,#5206,#5207,#5208,#5209,#5210,
#5211,#5212,#5213,#5214,#5215,#5216,#5217,#5218,#5219,#5220,#5221,#5222,
#5223,#5224,#5225,#5226,#5227,#5228,#5229,#5230,#5231,#5232,#5233,#5234,
#5235,#5236,#5237,#5238,#5239,#5240,#5241,#5242,#5243,#5244,#5245,#5246,
#5247,#5248,#5249,#5250,#5251,#5252,#5253,#5254,#5255,#5256,#5257,#5258,
#5259,#5260,#5261,#5262,#5263,#5264,#5265,#5266,#5267,#5268,#5269,#5270,
#5271,#5272,#5273,#5274),(#5275,#5276,#5277,#5278,#5279,#5280,#5281,#5282,
#5283,#5284,#5285,#5286,#5287,#5288,#5289,#5290,#5291,#5292,#5293,#5294,
#5295,#5296,#5297,#5298,#5299,#5300,#5301,#5302,#5303,#5304,#5305,#5306,
#5307,#5308,#5309,#5310,#5311,#5312,#5313,#5314,#5315,#5316,#5317,#5318,
#5319,#5320,#5321,#5322,#5323,#5324,#5325,#5326,#5327,#5328,#5329,#5330,
#5331,#5332,#5333,#5334,#5335,#5336,#5337,#5338,#5339,#5340,#5341,#5342,
#5343,#5344,#5345,#5346,#5347,#5348,#5349,#5350,#5351,#5352,#5353,#5354,
#5355,#5356,#5357,#5358,#5359,#5360,#5361,#5362,#5363,#5364,#5365,#5366,
#5367,#5368,#5369,#5370,#5371,#5372,#5373,#5374,#5375,#5376,#5377,#5378,
#5379,#5380,#5381,#5382,#5383,#5384,#5385,#5386,#5387,#5388,#5389),(#5390,
#5391,#5392,#5393,#5394,#5395,#5396,#5397,#5398,#5399,#5400,#5401,#5402,
#5403,#5404,#5405,#5406,#5407,#5408,#5409,#5410,#5411,#5412,#5413,#5414,
#5415,#5416,#5417,#5418,#5419,#5420,#5421,#5422,#5423,#5424,#5425,#5426,
#5427,#5428,#5429,#5430,#5431,#5432,#5433,#5434,#5435,#5436,#5437,#5438,
#5439,#5440,#5441,#5442,#5443,#5444,#5445,#5446,#5447,#5448,#5449,#5450,
#5451,#5452,#5453,#5454,#5455,#5456,#5457,#5458,#5459,#5460,#5461,#5462,
#5463,#5464,#5465,#5466,#5467,#5468,#5469,#5470,#5471,#5472,#5473,#5474,
#5475,#5476,#5477,#5478,#5479,#5480,#5481,#5482,#5483,#5484,#5485,#5486,
#5487,#5488,#5489,#5490,#5491,#5492,#5493,#5494,#5495,#5496,#5497,#5498,
#5499,#5500,#5501,#5502,#5503,#5504)),.UNSPECIFIED.,.F.,.F.,.F.,(4,1,4),
(4,1,1,1,1,1,1,1,1,1,1,1,1,1,1,1,1,1,1,1,1,1,1,1,1,1,1,1,1,1,1,1,1,1,1,
1,1,1,1,1,1,1,1,1,1,1,1,1,1,1,1,1,1,1,1,1,1,1,1,1,1,1,1,1,1,1,1,1,1,1,1,
1,1,1,1,1,1,1,1,1,1,1,1,1,1,1,1,1,1,1,1,1,1,1,1,1,1,1,1,1,1,1,1,1,1,1,1,
1,1,1,1,1,4),(-1.09083078249645,-0.623331875712259,0.),(11.574964470768,
12.067702500974,12.56044053118,13.053178561386,13.5459165915919,14.0386546217979,
14.5313926520039,15.0241306822099,15.5168687124158,16.0096067426218,16.5023447728278,
16.9950828030338,17.4878208332397,17.9805588634457,18.4732968936517,18.9660349238576,
19.4587729540636,19.9515109842696,20.4442490144756,20.9369870446815,21.4297250748875,
21.9224631050935,22.4152011352995,22.9079391655054,23.4006771957114,23.8934152259174,
24.3861532561234,24.8788912863293,25.3716293165353,25.8643673467413,26.3571053769473,
26.8498434071532,27.3425814373592,27.8353194675652,28.3280574977712,28.8207955279771,
29.3135335581831,29.8062715883891,30.2990096185951,30.791747648801,31.284485679007,
31.777223709213,32.269961739419,32.7626997696249,33.2554377998309,33.7481758300369,
34.2409138602428,34.7336518904488,35.2263899206548,35.7191279508608,36.2118659810667,
36.7046040112727,37.1973420414787,37.6900800716847,38.1828181018906,38.6755561320966,
39.1682941623026,39.6610321925086,40.1537702227145,40.6465082529205,41.1392462831265,
41.6319843133325,42.1247223435384,42.6174603737444,43.1101984039504,43.6029364341564,
44.0956744643623,44.5884124945683,45.0811505247743,45.5738885549803,46.0666265851862,
46.5593646153922,47.0521026455982,47.5448406758042,48.0375787060101,48.5303167362161,
49.0230547664221,49.515792796628,50.008530826834,50.50126885704,50.994006887246,
51.4867449174519,51.9794829476579,52.4722209778639,52.9649590080699,53.4576970382759,
53.9504350684818,54.4431730986878,54.9359111288938,55.4286491590997,55.9213871893057,
56.4141252195117,56.9068632497177,57.3996012799236,57.8923393101296,58.3850773403356,
58.8778153705416,59.3705534007475,59.8632914309535,60.3560294611595,60.8487674913655,
61.3415055215714,61.8342435517774,62.3269815819834,62.8197196121894,63.3124576423953,
63.8051956726013,64.2979337028073,64.7906717330133,65.2834097632192,65.7761477934252,
66.2688858236312,66.7616238538372),.UNSPECIFIED.);
#22=B_SPLINE_SURFACE_WITH_KNOTS('',3,3,((#5637,#5638,#5639,#5640,#5641,
#5642,#5643,#5644,#5645,#5646,#5647,#5648,#5649,#5650,#5651,#5652,#5653,
#5654,#5655,#5656,#5657,#5658,#5659,#5660,#5661,#5662,#5663,#5664,#5665,
#5666,#5667,#5668,#5669,#5670,#5671,#5672,#5673,#5674,#5675,#5676,#5677,
#5678,#5679,#5680,#5681,#5682,#5683,#5684,#5685,#5686,#5687,#5688,#5689,
#5690,#5691,#5692,#5693,#5694,#5695,#5696,#5697,#5698,#5699,#5700,#5701,
#5702,#5703,#5704,#5705,#5706,#5707,#5708,#5709,#5710,#5711,#5712,#5713,
#5714,#5715,#5716,#5717,#5718,#5719,#5720,#5721,#5722,#5723,#5724,#5725,
#5726,#5727,#5728,#5729,#5730,#5731,#5732,#5733,#5734,#5735,#5736,#5737,
#5738,#5739,#5740,#5741,#5742,#5743,#5744,#5745,#5746,#5747,#5748,#5749,
#5750,#5751),(#5752,#5753,#5754,#5755,#5756,#5757,#5758,#5759,#5760,#5761,
#5762,#5763,#5764,#5765,#5766,#5767,#5768,#5769,#5770,#5771,#5772,#5773,
#5774,#5775,#5776,#5777,#5778,#5779,#5780,#5781,#5782,#5783,#5784,#5785,
#5786,#5787,#5788,#5789,#5790,#5791,#5792,#5793,#5794,#5795,#5796,#5797,
#5798,#5799,#5800,#5801,#5802,#5803,#5804,#5805,#5806,#5807,#5808,#5809,
#5810,#5811,#5812,#5813,#5814,#5815,#5816,#5817,#5818,#5819,#5820,#5821,
#5822,#5823,#5824,#5825,#5826,#5827,#5828,#5829,#5830,#5831,#5832,#5833,
#5834,#5835,#5836,#5837,#5838,#5839,#5840,#5841,#5842,#5843,#5844,#5845,
#5846,#5847,#5848,#5849,#5850,#5851,#5852,#5853,#5854,#5855,#5856,#5857,
#5858,#5859,#5860,#5861,#5862,#5863,#5864,#5865,#5866),(#5867,#5868,#5869,
#5870,#5871,#5872,#5873,#5874,#5875,#5876,#5877,#5878,#5879,#5880,#5881,
#5882,#5883,#5884,#5885,#5886,#5887,#5888,#5889,#5890,#5891,#5892,#5893,
#5894,#5895,#5896,#5897,#5898,#5899,#5900,#5901,#5902,#5903,#5904,#5905,
#5906,#5907,#5908,#5909,#5910,#5911,#5912,#5913,#5914,#5915,#5916,#5917,
#5918,#5919,#5920,#5921,#5922,#5923,#5924,#5925,#5926,#5927,#5928,#5929,
#5930,#5931,#5932,#5933,#5934,#5935,#5936,#5937,#5938,#5939,#5940,#5941,
#5942,#5943,#5944,#5945,#5946,#5947,#5948,#5949,#5950,#5951,#5952,#5953,
#5954,#5955,#5956,#5957,#5958,#5959,#5960,#5961,#5962,#5963,#5964,#5965,
#5966,#5967,#5968,#5969,#5970,#5971,#5972,#5973,#5974,#5975,#5976,#5977,
#5978,#5979,#5980,#5981),(#5982,#5983,#5984,#5985,#5986,#5987,#5988,#5989,
#5990,#5991,#5992,#5993,#5994,#5995,#5996,#5997,#5998,#5999,#6000,#6001,
#6002,#6003,#6004,#6005,#6006,#6007,#6008,#6009,#6010,#6011,#6012,#6013,
#6014,#6015,#6016,#6017,#6018,#6019,#6020,#6021,#6022,#6023,#6024,#6025,
#6026,#6027,#6028,#6029,#6030,#6031,#6032,#6033,#6034,#6035,#6036,#6037,
#6038,#6039,#6040,#6041,#6042,#6043,#6044,#6045,#6046,#6047,#6048,#6049,
#6050,#6051,#6052,#6053,#6054,#6055,#6056,#6057,#6058,#6059,#6060,#6061,
#6062,#6063,#6064,#6065,#6066,#6067,#6068,#6069,#6070,#6071,#6072,#6073,
#6074,#6075,#6076,#6077,#6078,#6079,#6080,#6081,#6082,#6083,#6084,#6085,
#6086,#6087,#6088,#6089,#6090,#6091,#6092,#6093,#6094,#6095,#6096)),
 .UNSPECIFIED.,.F.,.F.,.F.,(4,4),(4,1,1,1,1,1,1,1,1,1,1,1,1,1,1,1,1,1,1,
1,1,1,1,1,1,1,1,1,1,1,1,1,1,1,1,1,1,1,1,1,1,1,1,1,1,1,1,1,1,1,1,1,1,1,1,
1,1,1,1,1,1,1,1,1,1,1,1,1,1,1,1,1,1,1,1,1,1,1,1,1,1,1,1,1,1,1,1,1,1,1,1,
1,1,1,1,1,1,1,1,1,1,1,1,1,1,1,1,1,1,1,1,1,4),(0.,0.110216853599706),(10.1901472816531,
10.6884160963968,11.1866849111406,11.6849537258843,12.1832225406281,12.6814913553719,
13.1797601701156,13.6780289848594,14.1762977996031,14.6745666143469,15.1728354290906,
15.6711042438344,16.1693730585781,16.6676418733219,17.1659106880656,17.6641795028094,
18.1624483175531,18.6607171322969,19.1589859470406,19.6572547617844,20.1555235765281,
20.6537923912719,21.1520612060157,21.6503300207594,22.1485988355032,22.6468676502469,
23.1451364649907,23.6434052797344,24.1416740944782,24.6399429092219,25.1382117239657,
25.6364805387094,26.1347493534532,26.6330181681969,27.1312869829407,27.6295557976844,
28.1278246124282,28.626093427172,29.1243622419157,29.6226310566595,30.1208998714032,
30.619168686147,31.1174375008907,31.6157063156345,32.1139751303782,32.612243945122,
33.1105127598657,33.6087815746095,34.1070503893532,34.605319204097,35.1035880188407,
35.6018568335845,36.1001256483282,36.598394463072,37.0966632778158,37.5949320925595,
38.0932009073033,38.591469722047,39.0897385367908,39.5880073515345,40.0862761662783,
40.584544981022,41.0828137957658,41.5810826105095,42.0793514252533,42.577620239997,
43.0758890547408,43.5741578694846,44.0724266842283,44.5706954989721,45.0689643137158,
45.5672331284596,46.0655019432033,46.5637707579471,47.0620395726908,47.5603083874346,
48.0585772021783,48.5568460169221,49.0551148316658,49.5533836464096,50.0516524611533,
50.5499212758971,51.0481900906408,51.5464589053846,52.0447277201283,52.5429965348721,
53.0412653496159,53.5395341643596,54.0378029791034,54.5360717938471,55.0343406085909,
55.5326094233346,56.0308782380784,56.5291470528221,57.0274158675659,57.5256846823096,
58.0239534970534,58.5222223117971,59.0204911265409,59.5187599412846,60.0170287560284,
60.5152975707721,61.0135663855159,61.5118352002597,62.0101040150034,62.5083728297472,
63.0066416444909,63.5049104592347,64.0031792739784,64.5014480887222,64.9997169034659,
65.4979857182097,65.9962545329534),.UNSPECIFIED.);
#23=B_SPLINE_SURFACE_WITH_KNOTS('',3,3,((#6400,#6401,#6402,#6403,#6404,
#6405,#6406,#6407,#6408,#6409,#6410,#6411,#6412,#6413,#6414,#6415,#6416,
#6417,#6418,#6419,#6420,#6421,#6422,#6423,#6424,#6425,#6426,#6427,#6428,
#6429,#6430,#6431,#6432,#6433,#6434,#6435,#6436,#6437,#6438,#6439,#6440,
#6441,#6442,#6443,#6444,#6445,#6446,#6447,#6448,#6449,#6450,#6451,#6452,
#6453,#6454,#6455,#6456,#6457,#6458,#6459,#6460,#6461,#6462,#6463,#6464,
#6465,#6466,#6467,#6468,#6469,#6470,#6471,#6472,#6473,#6474,#6475,#6476,
#6477,#6478,#6479,#6480,#6481,#6482,#6483,#6484,#6485,#6486,#6487,#6488,
#6489,#6490,#6491,#6492,#6493,#6494,#6495,#6496,#6497,#6498,#6499,#6500,
#6501,#6502,#6503,#6504,#6505,#6506,#6507,#6508,#6509,#6510,#6511,#6512,
#6513,#6514),(#6515,#6516,#6517,#6518,#6519,#6520,#6521,#6522,#6523,#6524,
#6525,#6526,#6527,#6528,#6529,#6530,#6531,#6532,#6533,#6534,#6535,#6536,
#6537,#6538,#6539,#6540,#6541,#6542,#6543,#6544,#6545,#6546,#6547,#6548,
#6549,#6550,#6551,#6552,#6553,#6554,#6555,#6556,#6557,#6558,#6559,#6560,
#6561,#6562,#6563,#6564,#6565,#6566,#6567,#6568,#6569,#6570,#6571,#6572,
#6573,#6574,#6575,#6576,#6577,#6578,#6579,#6580,#6581,#6582,#6583,#6584,
#6585,#6586,#6587,#6588,#6589,#6590,#6591,#6592,#6593,#6594,#6595,#6596,
#6597,#6598,#6599,#6600,#6601,#6602,#6603,#6604,#6605,#6606,#6607,#6608,
#6609,#6610,#6611,#6612,#6613,#6614,#6615,#6616,#6617,#6618,#6619,#6620,
#6621,#6622,#6623,#6624,#6625,#6626,#6627,#6628,#6629),(#6630,#6631,#6632,
#6633,#6634,#6635,#6636,#6637,#6638,#6639,#6640,#6641,#6642,#6643,#6644,
#6645,#6646,#6647,#6648,#6649,#6650,#6651,#6652,#6653,#6654,#6655,#6656,
#6657,#6658,#6659,#6660,#6661,#6662,#6663,#6664,#6665,#6666,#6667,#6668,
#6669,#6670,#6671,#6672,#6673,#6674,#6675,#6676,#6677,#6678,#6679,#6680,
#6681,#6682,#6683,#6684,#6685,#6686,#6687,#6688,#6689,#6690,#6691,#6692,
#6693,#6694,#6695,#6696,#6697,#6698,#6699,#6700,#6701,#6702,#6703,#6704,
#6705,#6706,#6707,#6708,#6709,#6710,#6711,#6712,#6713,#6714,#6715,#6716,
#6717,#6718,#6719,#6720,#6721,#6722,#6723,#6724,#6725,#6726,#6727,#6728,
#6729,#6730,#6731,#6732,#6733,#6734,#6735,#6736,#6737,#6738,#6739,#6740,
#6741,#6742,#6743,#6744),(#6745,#6746,#6747,#6748,#6749,#6750,#6751,#6752,
#6753,#6754,#6755,#6756,#6757,#6758,#6759,#6760,#6761,#6762,#6763,#6764,
#6765,#6766,#6767,#6768,#6769,#6770,#6771,#6772,#6773,#6774,#6775,#6776,
#6777,#6778,#6779,#6780,#6781,#6782,#6783,#6784,#6785,#6786,#6787,#6788,
#6789,#6790,#6791,#6792,#6793,#6794,#6795,#6796,#6797,#6798,#6799,#6800,
#6801,#6802,#6803,#6804,#6805,#6806,#6807,#6808,#6809,#6810,#6811,#6812,
#6813,#6814,#6815,#6816,#6817,#6818,#6819,#6820,#6821,#6822,#6823,#6824,
#6825,#6826,#6827,#6828,#6829,#6830,#6831,#6832,#6833,#6834,#6835,#6836,
#6837,#6838,#6839,#6840,#6841,#6842,#6843,#6844,#6845,#6846,#6847,#6848,
#6849,#6850,#6851,#6852,#6853,#6854,#6855,#6856,#6857,#6858,#6859),(#6860,
#6861,#6862,#6863,#6864,#6865,#6866,#6867,#6868,#6869,#6870,#6871,#6872,
#6873,#6874,#6875,#6876,#6877,#6878,#6879,#6880,#6881,#6882,#6883,#6884,
#6885,#6886,#6887,#6888,#6889,#6890,#6891,#6892,#6893,#6894,#6895,#6896,
#6897,#6898,#6899,#6900,#6901,#6902,#6903,#6904,#6905,#6906,#6907,#6908,
#6909,#6910,#6911,#6912,#6913,#6914,#6915,#6916,#6917,#6918,#6919,#6920,
#6921,#6922,#6923,#6924,#6925,#6926,#6927,#6928,#6929,#6930,#6931,#6932,
#6933,#6934,#6935,#6936,#6937,#6938,#6939,#6940,#6941,#6942,#6943,#6944,
#6945,#6946,#6947,#6948,#6949,#6950,#6951,#6952,#6953,#6954,#6955,#6956,
#6957,#6958,#6959,#6960,#6961,#6962,#6963,#6964,#6965,#6966,#6967,#6968,
#6969,#6970,#6971,#6972,#6973,#6974)),.UNSPECIFIED.,.F.,.F.,.F.,(4,1,4),
(4,1,1,1,1,1,1,1,1,1,1,1,1,1,1,1,1,1,1,1,1,1,1,1,1,1,1,1,1,1,1,1,1,1,1,
1,1,1,1,1,1,1,1,1,1,1,1,1,1,1,1,1,1,1,1,1,1,1,1,1,1,1,1,1,1,1,1,1,1,1,1,
1,1,1,1,1,1,1,1,1,1,1,1,1,1,1,1,1,1,1,1,1,1,1,1,1,1,1,1,1,1,1,1,1,1,1,1,
1,1,1,1,1,4),(-1.09083078249645,-0.623331875712259,0.),(9.42477796076936,
9.91751599097534,10.4102540211813,10.9029920513873,11.3957300815933,11.8884681117992,
12.3812061420052,12.8739441722112,13.3666822024172,13.8594202326231,14.3521582628291,
14.8448962930351,15.3376343232411,15.830372353447,16.323110383653,16.815848413859,
17.308586444065,17.8013244742709,18.2940625044769,18.7868005346829,19.2795385648889,
19.7722765950948,20.2650146253008,20.7577526555068,21.2504906857127,21.7432287159187,
22.2359667461247,22.7287047763307,23.2214428065366,23.7141808367426,24.2069188669486,
24.6996568971546,25.1923949273605,25.6851329575665,26.1778709877725,26.6706090179785,
27.1633470481844,27.6560850783904,28.1488231085964,28.6415611388024,29.1342991690083,
29.6270371992143,30.1197752294203,30.6125132596263,31.1052512898322,31.5979893200382,
32.0907273502442,32.5834653804502,33.0762034106561,33.5689414408621,34.0616794710681,
34.5544175012741,35.04715553148,35.539893561686,36.032631591892,36.525369622098,
37.0181076523039,37.5108456825099,38.0035837127159,38.4963217429219,38.9890597731278,
39.4817978033338,39.9745358335398,40.4672738637457,40.9600118939517,41.4527499241577,
41.9454879543637,42.4382259845696,42.9309640147756,43.4237020449816,43.9164400751876,
44.4091781053935,44.9019161355995,45.3946541658055,45.8873921960115,46.3801302262174,
46.8728682564234,47.3656062866294,47.8583443168354,48.3510823470413,48.8438203772473,
49.3365584074533,49.8292964376593,50.3220344678652,50.8147724980712,51.3075105282772,
51.8002485584832,52.2929865886891,52.7857246188951,53.2784626491011,53.7712006793071,
54.263938709513,54.756676739719,55.249414769925,55.742152800131,56.2348908303369,
56.7276288605429,57.2203668907489,57.7131049209548,58.2058429511608,58.6985809813668,
59.1913190115728,59.6840570417787,60.1767950719847,60.6695331021907,61.1622711323967,
61.6550091626026,62.1477471928086,62.6404852230146,63.1332232532206,63.6259612834265,
64.1186993136325,64.6114373438385),.UNSPECIFIED.);
#24=B_SPLINE_SURFACE_WITH_KNOTS('',3,3,((#7325,#7326,#7327,#7328,#7329,
#7330,#7331,#7332,#7333,#7334,#7335,#7336,#7337,#7338,#7339,#7340,#7341,
#7342,#7343,#7344,#7345,#7346,#7347,#7348,#7349,#7350,#7351,#7352,#7353,
#7354,#7355,#7356,#7357,#7358,#7359,#7360,#7361,#7362,#7363,#7364,#7365,
#7366,#7367,#7368,#7369,#7370,#7371,#7372,#7373,#7374,#7375,#7376,#7377,
#7378,#7379,#7380,#7381,#7382,#7383,#7384,#7385,#7386,#7387,#7388,#7389,
#7390,#7391,#7392,#7393,#7394,#7395,#7396,#7397,#7398,#7399,#7400,#7401,
#7402,#7403,#7404,#7405,#7406,#7407,#7408,#7409,#7410,#7411,#7412,#7413,
#7414,#7415,#7416,#7417,#7418,#7419,#7420,#7421,#7422,#7423,#7424,#7425,
#7426,#7427,#7428,#7429,#7430,#7431,#7432,#7433,#7434,#7435,#7436,#7437,
#7438,#7439),(#7440,#7441,#7442,#7443,#7444,#7445,#7446,#7447,#7448,#7449,
#7450,#7451,#7452,#7453,#7454,#7455,#7456,#7457,#7458,#7459,#7460,#7461,
#7462,#7463,#7464,#7465,#7466,#7467,#7468,#7469,#7470,#7471,#7472,#7473,
#7474,#7475,#7476,#7477,#7478,#7479,#7480,#7481,#7482,#7483,#7484,#7485,
#7486,#7487,#7488,#7489,#7490,#7491,#7492,#7493,#7494,#7495,#7496,#7497,
#7498,#7499,#7500,#7501,#7502,#7503,#7504,#7505,#7506,#7507,#7508,#7509,
#7510,#7511,#7512,#7513,#7514,#7515,#7516,#7517,#7518,#7519,#7520,#7521,
#7522,#7523,#7524,#7525,#7526,#7527,#7528,#7529,#7530,#7531,#7532,#7533,
#7534,#7535,#7536,#7537,#7538,#7539,#7540,#7541,#7542,#7543,#7544,#7545,
#7546,#7547,#7548,#7549,#7550,#7551,#7552,#7553,#7554),(#7555,#7556,#7557,
#7558,#7559,#7560,#7561,#7562,#7563,#7564,#7565,#7566,#7567,#7568,#7569,
#7570,#7571,#7572,#7573,#7574,#7575,#7576,#7577,#7578,#7579,#7580,#7581,
#7582,#7583,#7584,#7585,#7586,#7587,#7588,#7589,#7590,#7591,#7592,#7593,
#7594,#7595,#7596,#7597,#7598,#7599,#7600,#7601,#7602,#7603,#7604,#7605,
#7606,#7607,#7608,#7609,#7610,#7611,#7612,#7613,#7614,#7615,#7616,#7617,
#7618,#7619,#7620,#7621,#7622,#7623,#7624,#7625,#7626,#7627,#7628,#7629,
#7630,#7631,#7632,#7633,#7634,#7635,#7636,#7637,#7638,#7639,#7640,#7641,
#7642,#7643,#7644,#7645,#7646,#7647,#7648,#7649,#7650,#7651,#7652,#7653,
#7654,#7655,#7656,#7657,#7658,#7659,#7660,#7661,#7662,#7663,#7664,#7665,
#7666,#7667,#7668,#7669),(#7670,#7671,#7672,#7673,#7674,#7675,#7676,#7677,
#7678,#7679,#7680,#7681,#7682,#7683,#7684,#7685,#7686,#7687,#7688,#7689,
#7690,#7691,#7692,#7693,#7694,#7695,#7696,#7697,#7698,#7699,#7700,#7701,
#7702,#7703,#7704,#7705,#7706,#7707,#7708,#7709,#7710,#7711,#7712,#7713,
#7714,#7715,#7716,#7717,#7718,#7719,#7720,#7721,#7722,#7723,#7724,#7725,
#7726,#7727,#7728,#7729,#7730,#7731,#7732,#7733,#7734,#7735,#7736,#7737,
#7738,#7739,#7740,#7741,#7742,#7743,#7744,#7745,#7746,#7747,#7748,#7749,
#7750,#7751,#7752,#7753,#7754,#7755,#7756,#7757,#7758,#7759,#7760,#7761,
#7762,#7763,#7764,#7765,#7766,#7767,#7768,#7769,#7770,#7771,#7772,#7773,
#7774,#7775,#7776,#7777,#7778,#7779,#7780,#7781,#7782,#7783,#7784),(#7785,
#7786,#7787,#7788,#7789,#7790,#7791,#7792,#7793,#7794,#7795,#7796,#7797,
#7798,#7799,#7800,#7801,#7802,#7803,#7804,#7805,#7806,#7807,#7808,#7809,
#7810,#7811,#7812,#7813,#7814,#7815,#7816,#7817,#7818,#7819,#7820,#7821,
#7822,#7823,#7824,#7825,#7826,#7827,#7828,#7829,#7830,#7831,#7832,#7833,
#7834,#7835,#7836,#7837,#7838,#7839,#7840,#7841,#7842,#7843,#7844,#7845,
#7846,#7847,#7848,#7849,#7850,#7851,#7852,#7853,#7854,#7855,#7856,#7857,
#7858,#7859,#7860,#7861,#7862,#7863,#7864,#7865,#7866,#7867,#7868,#7869,
#7870,#7871,#7872,#7873,#7874,#7875,#7876,#7877,#7878,#7879,#7880,#7881,
#7882,#7883,#7884,#7885,#7886,#7887,#7888,#7889,#7890,#7891,#7892,#7893,
#7894,#7895,#7896,#7897,#7898,#7899)),.UNSPECIFIED.,.F.,.F.,.F.,(4,1,4),
(4,1,1,1,1,1,1,1,1,1,1,1,1,1,1,1,1,1,1,1,1,1,1,1,1,1,1,1,1,1,1,1,1,1,1,
1,1,1,1,1,1,1,1,1,1,1,1,1,1,1,1,1,1,1,1,1,1,1,1,1,1,1,1,1,1,1,1,1,1,1,1,
1,1,1,1,1,1,1,1,1,1,1,1,1,1,1,1,1,1,1,1,1,1,1,1,1,1,1,1,1,1,1,1,1,1,1,1,
1,1,1,1,1,4),(0.,0.623331875712259,1.09083078249645),(12.7924074370666,
13.2851454672725,13.7778834974785,14.2706215276845,14.7633595578904,15.2560975880964,
15.7488356183024,16.2415736485084,16.7343116787143,17.2270497089203,17.7197877391263,
18.2125257693323,18.7052637995382,19.1980018297442,19.6907398599502,20.1834778901562,
20.6762159203621,21.1689539505681,21.6616919807741,22.1544300109801,22.647168041186,
23.139906071392,23.632644101598,24.125382131804,24.6181201620099,25.1108581922159,
25.6035962224219,26.0963342526279,26.5890722828338,27.0818103130398,27.5745483432458,
28.0672863734518,28.5600244036577,29.0527624338637,29.5455004640697,30.0382384942756,
30.5309765244816,31.0237145546876,31.5164525848936,32.0091906150995,32.5019286453055,
32.9946666755115,33.4874047057175,33.9801427359234,34.4728807661294,34.9656187963354,
35.4583568265414,35.9510948567473,36.4438328869533,36.9365709171593,37.4293089473653,
37.9220469775712,38.4147850077772,38.9075230379832,39.4002610681892,39.8929990983951,
40.3857371286011,40.8784751588071,41.3712131890131,41.863951219219,42.356689249425,
42.849427279631,43.342165309837,43.8349033400429,44.3276413702489,44.8203794004549,
45.3131174306609,45.8058554608668,46.2985934910728,46.7913315212788,47.2840695514847,
47.7768075816907,48.2695456118967,48.7622836421027,49.2550216723087,49.7477597025146,
50.2404977327206,50.7332357629266,51.2259737931325,51.7187118233385,52.2114498535445,
52.7041878837505,53.1969259139564,53.6896639441624,54.1824019743684,54.6751400045744,
55.1678780347803,55.6606160649863,56.1533540951923,56.6460921253983,57.1388301556042,
57.6315681858102,58.1243062160162,58.6170442462222,59.1097822764281,59.6025203066341,
60.0952583368401,60.5879963670461,61.080734397252,61.573472427458,62.066210457664,
62.55894848787,63.0516865180759,63.5444245482819,64.0371625784879,64.5299006086939,
65.0226386388998,65.5153766691058,66.0081146993118,66.5008527295178,66.9935907597237,
67.4863287899297,67.9790668201357),.UNSPECIFIED.);
#25=B_SPLINE_SURFACE_WITH_KNOTS('',3,3,((#8032,#8033,#8034,#8035,#8036,
#8037,#8038,#8039,#8040,#8041,#8042,#8043,#8044,#8045,#8046,#8047,#8048,
#8049,#8050,#8051,#8052,#8053,#8054,#8055,#8056,#8057,#8058,#8059,#8060,
#8061,#8062,#8063,#8064,#8065,#8066,#8067,#8068,#8069,#8070,#8071,#8072,
#8073,#8074,#8075,#8076,#8077,#8078,#8079,#8080,#8081,#8082,#8083,#8084,
#8085,#8086,#8087,#8088,#8089,#8090,#8091,#8092,#8093,#8094,#8095,#8096,
#8097,#8098,#8099,#8100,#8101,#8102,#8103,#8104,#8105,#8106,#8107,#8108,
#8109,#8110,#8111,#8112,#8113,#8114,#8115,#8116,#8117,#8118,#8119,#8120,
#8121,#8122,#8123,#8124,#8125,#8126,#8127,#8128,#8129,#8130,#8131,#8132,
#8133,#8134,#8135,#8136,#8137,#8138,#8139,#8140,#8141,#8142,#8143,#8144,
#8145,#8146),(#8147,#8148,#8149,#8150,#8151,#8152,#8153,#8154,#8155,#8156,
#8157,#8158,#8159,#8160,#8161,#8162,#8163,#8164,#8165,#8166,#8167,#8168,
#8169,#8170,#8171,#8172,#8173,#8174,#8175,#8176,#8177,#8178,#8179,#8180,
#8181,#8182,#8183,#8184,#8185,#8186,#8187,#8188,#8189,#8190,#8191,#8192,
#8193,#8194,#8195,#8196,#8197,#8198,#8199,#8200,#8201,#8202,#8203,#8204,
#8205,#8206,#8207,#8208,#8209,#8210,#8211,#8212,#8213,#8214,#8215,#8216,
#8217,#8218,#8219,#8220,#8221,#8222,#8223,#8224,#8225,#8226,#8227,#8228,
#8229,#8230,#8231,#8232,#8233,#8234,#8235,#8236,#8237,#8238,#8239,#8240,
#8241,#8242,#8243,#8244,#8245,#8246,#8247,#8248,#8249,#8250,#8251,#8252,
#8253,#8254,#8255,#8256,#8257,#8258,#8259,#8260,#8261),(#8262,#8263,#8264,
#8265,#8266,#8267,#8268,#8269,#8270,#8271,#8272,#8273,#8274,#8275,#8276,
#8277,#8278,#8279,#8280,#8281,#8282,#8283,#8284,#8285,#8286,#8287,#8288,
#8289,#8290,#8291,#8292,#8293,#8294,#8295,#8296,#8297,#8298,#8299,#8300,
#8301,#8302,#8303,#8304,#8305,#8306,#8307,#8308,#8309,#8310,#8311,#8312,
#8313,#8314,#8315,#8316,#8317,#8318,#8319,#8320,#8321,#8322,#8323,#8324,
#8325,#8326,#8327,#8328,#8329,#8330,#8331,#8332,#8333,#8334,#8335,#8336,
#8337,#8338,#8339,#8340,#8341,#8342,#8343,#8344,#8345,#8346,#8347,#8348,
#8349,#8350,#8351,#8352,#8353,#8354,#8355,#8356,#8357,#8358,#8359,#8360,
#8361,#8362,#8363,#8364,#8365,#8366,#8367,#8368,#8369,#8370,#8371,#8372,
#8373,#8374,#8375,#8376),(#8377,#8378,#8379,#8380,#8381,#8382,#8383,#8384,
#8385,#8386,#8387,#8388,#8389,#8390,#8391,#8392,#8393,#8394,#8395,#8396,
#8397,#8398,#8399,#8400,#8401,#8402,#8403,#8404,#8405,#8406,#8407,#8408,
#8409,#8410,#8411,#8412,#8413,#8414,#8415,#8416,#8417,#8418,#8419,#8420,
#8421,#8422,#8423,#8424,#8425,#8426,#8427,#8428,#8429,#8430,#8431,#8432,
#8433,#8434,#8435,#8436,#8437,#8438,#8439,#8440,#8441,#8442,#8443,#8444,
#8445,#8446,#8447,#8448,#8449,#8450,#8451,#8452,#8453,#8454,#8455,#8456,
#8457,#8458,#8459,#8460,#8461,#8462,#8463,#8464,#8465,#8466,#8467,#8468,
#8469,#8470,#8471,#8472,#8473,#8474,#8475,#8476,#8477,#8478,#8479,#8480,
#8481,#8482,#8483,#8484,#8485,#8486,#8487,#8488,#8489,#8490,#8491)),
 .UNSPECIFIED.,.F.,.F.,.F.,(4,4),(4,1,1,1,1,1,1,1,1,1,1,1,1,1,1,1,1,1,1,
1,1,1,1,1,1,1,1,1,1,1,1,1,1,1,1,1,1,1,1,1,1,1,1,1,1,1,1,1,1,1,1,1,1,1,1,
1,1,1,1,1,1,1,1,1,1,1,1,1,1,1,1,1,1,1,1,1,1,1,1,1,1,1,1,1,1,1,1,1,1,1,1,
1,1,1,1,1,1,1,1,1,1,1,1,1,1,1,1,1,1,1,1,1,4),(0.,0.110216853599706),(13.5577767579503,
14.056045572694,14.5543143874378,15.0525832021815,15.5508520169253,16.049120831669,
16.5473896464128,17.0456584611565,17.5439272759003,18.0421960906441,18.5404649053878,
19.0387337201316,19.5370025348753,20.0352713496191,20.5335401643628,21.0318089791066,
21.5300777938503,22.0283466085941,22.5266154233378,23.0248842380816,23.5231530528253,
24.0214218675691,24.5196906823128,25.0179594970566,25.5162283118003,26.0144971265441,
26.5127659412879,27.0110347560316,27.5093035707754,28.0075723855191,28.5058412002629,
29.0041100150066,29.5023788297504,30.0006476444941,30.4989164592379,30.9971852739816,
31.4954540887254,31.9937229034691,32.4919917182129,32.9902605329566,33.4885293477004,
33.9867981624441,34.4850669771879,34.9833357919317,35.4816046066754,35.9798734214192,
36.4781422361629,36.9764110509067,37.4746798656504,37.9729486803942,38.4712174951379,
38.9694863098817,39.4677551246254,39.9660239393692,40.4642927541129,40.9625615688567,
41.4608303836004,41.9590991983442,42.457368013088,42.9556368278317,43.4539056425755,
43.9521744573192,44.450443272063,44.9487120868067,45.4469809015505,45.9452497162942,
46.443518531038,46.9417873457817,47.4400561605255,47.9383249752692,48.436593790013,
48.9348626047567,49.4331314195005,49.9314002342442,50.429669048988,50.9279378637317,
51.4262066784755,51.9244754932193,52.422744307963,52.9210131227068,53.4192819374505,
53.9175507521943,54.415819566938,54.9140883816818,55.4123571964255,55.9106260111693,
56.408894825913,56.9071636406568,57.4054324554005,57.9037012701443,58.401970084888,
58.9002388996318,59.3985077143755,59.8967765291193,60.3950453438631,60.8933141586068,
61.3915829733506,61.8898517880943,62.3881206028381,62.8863894175818,63.3846582323256,
63.8829270470693,64.3811958618131,64.8794646765568,65.3777334913006,65.8760023060443,
66.3742711207881,66.8725399355318,67.3708087502756,67.8690775650194,68.3673463797631,
68.8656151945069,69.3638840092506),.UNSPECIFIED.);
#26=B_SPLINE_SURFACE_WITH_KNOTS('',3,3,((#8795,#8796,#8797,#8798,#8799,
#8800,#8801,#8802,#8803,#8804,#8805,#8806,#8807,#8808,#8809,#8810,#8811,
#8812,#8813,#8814,#8815,#8816,#8817,#8818,#8819,#8820,#8821,#8822,#8823,
#8824,#8825,#8826,#8827,#8828,#8829,#8830,#8831,#8832,#8833,#8834,#8835,
#8836,#8837,#8838,#8839,#8840,#8841,#8842,#8843,#8844,#8845,#8846,#8847,
#8848,#8849,#8850,#8851,#8852,#8853,#8854,#8855,#8856,#8857,#8858,#8859,
#8860,#8861,#8862,#8863,#8864,#8865,#8866,#8867,#8868,#8869,#8870,#8871,
#8872,#8873,#8874,#8875,#8876,#8877,#8878,#8879,#8880,#8881,#8882,#8883,
#8884,#8885,#8886,#8887,#8888,#8889,#8890,#8891,#8892,#8893,#8894,#8895,
#8896,#8897,#8898,#8899,#8900,#8901,#8902,#8903,#8904,#8905,#8906,#8907,
#8908,#8909),(#8910,#8911,#8912,#8913,#8914,#8915,#8916,#8917,#8918,#8919,
#8920,#8921,#8922,#8923,#8924,#8925,#8926,#8927,#8928,#8929,#8930,#8931,
#8932,#8933,#8934,#8935,#8936,#8937,#8938,#8939,#8940,#8941,#8942,#8943,
#8944,#8945,#8946,#8947,#8948,#8949,#8950,#8951,#8952,#8953,#8954,#8955,
#8956,#8957,#8958,#8959,#8960,#8961,#8962,#8963,#8964,#8965,#8966,#8967,
#8968,#8969,#8970,#8971,#8972,#8973,#8974,#8975,#8976,#8977,#8978,#8979,
#8980,#8981,#8982,#8983,#8984,#8985,#8986,#8987,#8988,#8989,#8990,#8991,
#8992,#8993,#8994,#8995,#8996,#8997,#8998,#8999,#9000,#9001,#9002,#9003,
#9004,#9005,#9006,#9007,#9008,#9009,#9010,#9011,#9012,#9013,#9014,#9015,
#9016,#9017,#9018,#9019,#9020,#9021,#9022,#9023,#9024),(#9025,#9026,#9027,
#9028,#9029,#9030,#9031,#9032,#9033,#9034,#9035,#9036,#9037,#9038,#9039,
#9040,#9041,#9042,#9043,#9044,#9045,#9046,#9047,#9048,#9049,#9050,#9051,
#9052,#9053,#9054,#9055,#9056,#9057,#9058,#9059,#9060,#9061,#9062,#9063,
#9064,#9065,#9066,#9067,#9068,#9069,#9070,#9071,#9072,#9073,#9074,#9075,
#9076,#9077,#9078,#9079,#9080,#9081,#9082,#9083,#9084,#9085,#9086,#9087,
#9088,#9089,#9090,#9091,#9092,#9093,#9094,#9095,#9096,#9097,#9098,#9099,
#9100,#9101,#9102,#9103,#9104,#9105,#9106,#9107,#9108,#9109,#9110,#9111,
#9112,#9113,#9114,#9115,#9116,#9117,#9118,#9119,#9120,#9121,#9122,#9123,
#9124,#9125,#9126,#9127,#9128,#9129,#9130,#9131,#9132,#9133,#9134,#9135,
#9136,#9137,#9138,#9139),(#9140,#9141,#9142,#9143,#9144,#9145,#9146,#9147,
#9148,#9149,#9150,#9151,#9152,#9153,#9154,#9155,#9156,#9157,#9158,#9159,
#9160,#9161,#9162,#9163,#9164,#9165,#9166,#9167,#9168,#9169,#9170,#9171,
#9172,#9173,#9174,#9175,#9176,#9177,#9178,#9179,#9180,#9181,#9182,#9183,
#9184,#9185,#9186,#9187,#9188,#9189,#9190,#9191,#9192,#9193,#9194,#9195,
#9196,#9197,#9198,#9199,#9200,#9201,#9202,#9203,#9204,#9205,#9206,#9207,
#9208,#9209,#9210,#9211,#9212,#9213,#9214,#9215,#9216,#9217,#9218,#9219,
#9220,#9221,#9222,#9223,#9224,#9225,#9226,#9227,#9228,#9229,#9230,#9231,
#9232,#9233,#9234,#9235,#9236,#9237,#9238,#9239,#9240,#9241,#9242,#9243,
#9244,#9245,#9246,#9247,#9248,#9249,#9250,#9251,#9252,#9253,#9254),(#9255,
#9256,#9257,#9258,#9259,#9260,#9261,#9262,#9263,#9264,#9265,#9266,#9267,
#9268,#9269,#9270,#9271,#9272,#9273,#9274,#9275,#9276,#9277,#9278,#9279,
#9280,#9281,#9282,#9283,#9284,#9285,#9286,#9287,#9288,#9289,#9290,#9291,
#9292,#9293,#9294,#9295,#9296,#9297,#9298,#9299,#9300,#9301,#9302,#9303,
#9304,#9305,#9306,#9307,#9308,#9309,#9310,#9311,#9312,#9313,#9314,#9315,
#9316,#9317,#9318,#9319,#9320,#9321,#9322,#9323,#9324,#9325,#9326,#9327,
#9328,#9329,#9330,#9331,#9332,#9333,#9334,#9335,#9336,#9337,#9338,#9339,
#9340,#9341,#9342,#9343,#9344,#9345,#9346,#9347,#9348,#9349,#9350,#9351,
#9352,#9353,#9354,#9355,#9356,#9357,#9358,#9359,#9360,#9361,#9362,#9363,
#9364,#9365,#9366,#9367,#9368,#9369)),.UNSPECIFIED.,.F.,.F.,.F.,(4,1,4),
(4,1,1,1,1,1,1,1,1,1,1,1,1,1,1,1,1,1,1,1,1,1,1,1,1,1,1,1,1,1,1,1,1,1,1,
1,1,1,1,1,1,1,1,1,1,1,1,1,1,1,1,1,1,1,1,1,1,1,1,1,1,1,1,1,1,1,1,1,1,1,1,
1,1,1,1,1,1,1,1,1,1,1,1,1,1,1,1,1,1,1,1,1,1,1,1,1,1,1,1,1,1,1,1,1,1,1,1,
1,1,1,1,1,4),(0.,0.623331875712259,1.09083078249645),(14.9425939470652,
15.4353319772712,15.9280700074772,16.4208080376831,16.9135460678891,17.4062840980951,
17.8990221283011,18.391760158507,18.884498188713,19.377236218919,19.869974249125,
20.3627122793309,20.8554503095369,21.3481883397429,21.8409263699489,22.3336644001548,
22.8264024303608,23.3191404605668,23.8118784907728,24.3046165209787,24.7973545511847,
25.2900925813907,25.7828306115967,26.2755686418026,26.7683066720086,27.2610447022146,
27.7537827324206,28.2465207626265,28.7392587928325,29.2319968230385,29.7247348532445,
30.2174728834504,30.7102109136564,31.2029489438624,31.6956869740684,32.1884250042743,
32.6811630344803,33.1739010646863,33.6666390948922,34.1593771250982,34.6521151553042,
35.1448531855102,35.6375912157161,36.1303292459221,36.6230672761281,37.1158053063341,
37.60854333654,38.101281366746,38.594019396952,39.086757427158,39.5794954573639,
40.0722334875699,40.5649715177759,41.0577095479819,41.5504475781878,42.0431856083938,
42.5359236385998,43.0286616688058,43.5213996990117,44.0141377292177,44.5068757594237,
44.9996137896297,45.4923518198356,45.9850898500416,46.4778278802476,46.9705659104536,
47.4633039406595,47.9560419708655,48.4487800010715,48.9415180312775,49.4342560614834,
49.9269940916894,50.4197321218954,50.9124701521013,51.4052081823073,51.8979462125133,
52.3906842427193,52.8834222729252,53.3761603031312,53.8688983333372,54.3616363635432,
54.8543743937491,55.3471124239551,55.8398504541611,56.3325884843671,56.825326514573,
57.318064544779,57.810802574985,58.303540605191,58.7962786353969,59.2890166656029,
59.7817546958089,60.2744927260149,60.7672307562208,61.2599687864268,61.7527068166328,
62.2454448468388,62.7381828770447,63.2309209072507,63.7236589374567,64.2163969676626,
64.7091349978686,65.2018730280746,65.6946110582806,66.1873490884865,66.6800871186925,
67.1728251488985,67.6655631791045,68.1583012093105,68.6510392395164,69.1437772697224,
69.6365152999284,70.1292533301343),.UNSPECIFIED.);
#27=FACE_BOUND('',#101,.T.);
#28=FACE_BOUND('',#109,.T.);
#29=FACE_BOUND('',#128,.T.);
#30=FACE_BOUND('',#130,.T.);
#31=PLANE('',#865);
#32=PLANE('',#871);
#33=PLANE('',#887);
#34=PLANE('',#888);
#35=FACE_OUTER_BOUND('',#81,.T.);
#36=FACE_OUTER_BOUND('',#82,.T.);
#37=FACE_OUTER_BOUND('',#83,.T.);
#38=FACE_OUTER_BOUND('',#84,.T.);
#39=FACE_OUTER_BOUND('',#85,.T.);
#40=FACE_OUTER_BOUND('',#86,.T.);
#41=FACE_OUTER_BOUND('',#87,.T.);
#42=FACE_OUTER_BOUND('',#88,.T.);
#43=FACE_OUTER_BOUND('',#89,.T.);
#44=FACE_OUTER_BOUND('',#90,.T.);
#45=FACE_OUTER_BOUND('',#91,.T.);
#46=FACE_OUTER_BOUND('',#92,.T.);
#47=FACE_OUTER_BOUND('',#93,.T.);
#48=FACE_OUTER_BOUND('',#94,.T.);
#49=FACE_OUTER_BOUND('',#95,.T.);
#50=FACE_OUTER_BOUND('',#96,.T.);
#51=FACE_OUTER_BOUND('',#97,.T.);
#52=FACE_OUTER_BOUND('',#98,.T.);
#53=FACE_OUTER_BOUND('',#99,.T.);
#54=FACE_OUTER_BOUND('',#100,.T.);
#55=FACE_OUTER_BOUND('',#102,.T.);
#56=FACE_OUTER_BOUND('',#103,.T.);
#57=FACE_OUTER_BOUND('',#104,.T.);
#58=FACE_OUTER_BOUND('',#105,.T.);
#59=FACE_OUTER_BOUND('',#106,.T.);
#60=FACE_OUTER_BOUND('',#107,.T.);
#61=FACE_OUTER_BOUND('',#108,.T.);
#62=FACE_OUTER_BOUND('',#110,.T.);
#63=FACE_OUTER_BOUND('',#111,.T.);
#64=FACE_OUTER_BOUND('',#112,.T.);
#65=FACE_OUTER_BOUND('',#113,.T.);
#66=FACE_OUTER_BOUND('',#114,.T.);
#67=FACE_OUTER_BOUND('',#115,.T.);
#68=FACE_OUTER_BOUND('',#116,.T.);
#69=FACE_OUTER_BOUND('',#117,.T.);
#70=FACE_OUTER_BOUND('',#118,.T.);
#71=FACE_OUTER_BOUND('',#119,.T.);
#72=FACE_OUTER_BOUND('',#120,.T.);
#73=FACE_OUTER_BOUND('',#121,.T.);
#74=FACE_OUTER_BOUND('',#122,.T.);
#75=FACE_OUTER_BOUND('',#123,.T.);
#76=FACE_OUTER_BOUND('',#124,.T.);
#77=FACE_OUTER_BOUND('',#125,.T.);
#78=FACE_OUTER_BOUND('',#126,.T.);
#79=FACE_OUTER_BOUND('',#127,.T.);
#80=FACE_OUTER_BOUND('',#129,.T.);
#81=EDGE_LOOP('',(#496,#497,#498,#499));
#82=EDGE_LOOP('',(#500,#501,#502,#503));
#83=EDGE_LOOP('',(#504,#505,#506,#507));
#84=EDGE_LOOP('',(#508,#509,#510,#511));
#85=EDGE_LOOP('',(#512,#513,#514,#515));
#86=EDGE_LOOP('',(#516,#517,#518,#519));
#87=EDGE_LOOP('',(#520,#521,#522,#523));
#88=EDGE_LOOP('',(#524,#525,#526,#527));
#89=EDGE_LOOP('',(#528,#529,#530,#531,#532));
#90=EDGE_LOOP('',(#533,#534,#535));
#91=EDGE_LOOP('',(#536,#537,#538,#539,#540));
#92=EDGE_LOOP('',(#541,#542,#543,#544));
#93=EDGE_LOOP('',(#545,#546,#547,#548));
#94=EDGE_LOOP('',(#549,#550,#551,#552));
#95=EDGE_LOOP('',(#553,#554,#555,#556));
#96=EDGE_LOOP('',(#557,#558,#559,#560));
#97=EDGE_LOOP('',(#561,#562,#563,#564));
#98=EDGE_LOOP('',(#565,#566,#567,#568));
#99=EDGE_LOOP('',(#569,#570,#571,#572));
#100=EDGE_LOOP('',(#573,#574,#575,#576,#577,#578,#579));
#101=EDGE_LOOP('',(#580));
#102=EDGE_LOOP('',(#581,#582,#583,#584,#585,#586,#587,#588,#589,#590,#591,
#592,#593));
#103=EDGE_LOOP('',(#594,#595,#596,#597,#598,#599,#600,#601,#602,#603,#604,
#605,#606));
#104=EDGE_LOOP('',(#607,#608,#609));
#105=EDGE_LOOP('',(#610,#611,#612,#613,#614,#615,#616,#617,#618,#619,#620,
#621));
#106=EDGE_LOOP('',(#622,#623,#624,#625,#626,#627,#628,#629,#630,#631,#632,
#633));
#107=EDGE_LOOP('',(#634,#635,#636,#637));
#108=EDGE_LOOP('',(#638,#639,#640,#641,#642,#643,#644));
#109=EDGE_LOOP('',(#645));
#110=EDGE_LOOP('',(#646,#647,#648,#649));
#111=EDGE_LOOP('',(#650,#651,#652,#653));
#112=EDGE_LOOP('',(#654,#655,#656,#657));
#113=EDGE_LOOP('',(#658,#659,#660,#661));
#114=EDGE_LOOP('',(#662,#663,#664,#665));
#115=EDGE_LOOP('',(#666,#667,#668,#669));
#116=EDGE_LOOP('',(#670,#671,#672,#673));
#117=EDGE_LOOP('',(#674,#675,#676,#677));
#118=EDGE_LOOP('',(#678,#679,#680,#681));
#119=EDGE_LOOP('',(#682,#683,#684,#685));
#120=EDGE_LOOP('',(#686,#687,#688,#689,#690,#691,#692,#693,#694,#695,#696,
#697,#698));
#121=EDGE_LOOP('',(#699,#700,#701,#702));
#122=EDGE_LOOP('',(#703,#704,#705,#706));
#123=EDGE_LOOP('',(#707,#708,#709,#710,#711,#712,#713,#714,#715,#716,#717,
#718,#719));
#124=EDGE_LOOP('',(#720,#721,#722,#723));
#125=EDGE_LOOP('',(#724,#725,#726,#727));
#126=EDGE_LOOP('',(#728,#729,#730,#731));
#127=EDGE_LOOP('',(#732));
#128=EDGE_LOOP('',(#733,#734,#735,#736,#737,#738,#739));
#129=EDGE_LOOP('',(#740));
#130=EDGE_LOOP('',(#741,#742,#743,#744,#745,#746,#747));
#131=CIRCLE('',#842,19.476);
#132=CIRCLE('',#851,19.476);
#133=CIRCLE('',#853,20.);
#134=CIRCLE('',#855,20.);
#135=CIRCLE('',#864,20.);
#136=CIRCLE('',#866,15.);
#137=CIRCLE('',#868,19.476);
#138=CIRCLE('',#870,15.);
#139=CIRCLE('',#873,20.955);
#140=CIRCLE('',#882,20.955);
#141=CIRCLE('',#885,25.);
#142=CIRCLE('',#886,25.);
#143=B_SPLINE_CURVE_WITH_KNOTS('',3,(#1022,#1023,#1024,#1025,#1026,#1027,
#1028,#1029,#1030,#1031,#1032,#1033,#1034),.UNSPECIFIED.,.F.,.F.,(4,1,1,
1,1,1,1,1,1,1,4),(59.6902604182061,59.8110691486814,60.3038046410666,60.7965401334518,
61.2892756258371,61.7820111182223,62.2747466106075,62.7674821029927,63.2602175953779,
63.7529530877631,63.973338987575),.UNSPECIFIED.);
#144=B_SPLINE_CURVE_WITH_KNOTS('',3,(#1037,#1038,#1039,#1040,#1041,#1042,
#1043,#1044,#1045,#1046,#1047,#1048),.UNSPECIFIED.,.F.,.F.,(4,1,1,1,1,1,
1,1,1,4),(59.6902604182061,59.7769131192528,60.269648611638,60.7623841040233,
61.2551195964085,61.7478550887937,62.2405905811789,62.7333260735641,63.2260615659493,
63.7187970583345),.UNSPECIFIED.);
#145=B_SPLINE_CURVE_WITH_KNOTS('',3,(#1053,#1054,#1055,#1056,#1057,#1058,
#1059,#1060,#1061,#1062,#1063,#1064,#1065,#1066,#1067,#1068),
 .UNSPECIFIED.,.F.,.F.,(4,1,1,1,1,1,1,1,1,1,1,1,1,4),(53.4070751110265,
53.8982432400588,54.3909787324441,54.8837142248293,55.3764497172145,55.8691852095997,
56.3619207019849,56.8546561943701,57.3473916867554,57.8401271791406,58.3328626715258,
58.825598163911,59.3183336562962,59.6902604182061),.UNSPECIFIED.);
#146=B_SPLINE_CURVE_WITH_KNOTS('',3,(#1069,#1070,#1071,#1072,#1073,#1074,
#1075,#1076,#1077,#1078,#1079,#1080,#1081,#1082,#1083,#1084),
 .UNSPECIFIED.,.F.,.F.,(4,1,1,1,1,1,1,1,1,1,1,1,1,4),(53.4070751110265,
53.8640872106303,54.3568227030155,54.8495581954007,55.3422936877859,55.8350291801711,
56.3277646725563,56.8205001649415,57.3132356573268,57.805971149712,58.2987066420972,
58.7914421344824,59.2841776268676,59.6902604182061),.UNSPECIFIED.);
#147=B_SPLINE_CURVE_WITH_KNOTS('',3,(#1089,#1090,#1091,#1092,#1093,#1094,
#1095,#1096,#1097,#1098,#1099,#1100,#1101,#1102,#1103,#1104,#1105),
 .UNSPECIFIED.,.F.,.F.,(4,1,1,1,1,1,1,1,1,1,1,1,1,1,4),(47.1238898038469,
47.4926818390511,47.9854173314363,48.4781528238215,48.9708883162067,49.4636238085919,
49.9563593009771,50.4490947933624,50.9418302857476,51.4345657781328,51.927301270518,
52.4200367629032,52.9127722552884,53.4055077476736,53.4070751110265),
 .UNSPECIFIED.);
#148=B_SPLINE_CURVE_WITH_KNOTS('',3,(#1106,#1107,#1108,#1109,#1110,#1111,
#1112,#1113,#1114,#1115,#1116,#1117,#1118,#1119,#1120,#1121,#1122),
 .UNSPECIFIED.,.F.,.F.,(4,1,1,1,1,1,1,1,1,1,1,1,1,1,4),(47.1238898038469,
47.4585258096225,47.9512613020077,48.4439967943929,48.9367322867781,49.4294677791633,
49.9222032715485,50.4149387639338,50.907674256319,51.4004097487042,51.8931452410894,
52.3858807334746,52.8786162258598,53.371351718245,53.4070751110265),
 .UNSPECIFIED.);
#149=B_SPLINE_CURVE_WITH_KNOTS('',3,(#1127,#1128,#1129,#1130,#1131,#1132,
#1133,#1134,#1135,#1136,#1137,#1138,#1139,#1140,#1141,#1142,#1143),
 .UNSPECIFIED.,.F.,.F.,(4,1,1,1,1,1,1,1,1,1,1,1,1,1,4),(40.8407044966673,
41.0871204380433,41.5798559304285,42.0725914228137,42.5653269151989,43.0580624075841,
43.5507978999694,44.0435333923546,44.5362688847398,45.029004377125,45.5217398695102,
46.0144753618954,46.5072108542806,46.9999463466659,47.1238898038469),
 .UNSPECIFIED.);
#150=B_SPLINE_CURVE_WITH_KNOTS('',3,(#1144,#1145,#1146,#1147,#1148,#1149,
#1150,#1151,#1152,#1153,#1154,#1155,#1156,#1157,#1158,#1159,#1160),
 .UNSPECIFIED.,.F.,.F.,(4,1,1,1,1,1,1,1,1,1,1,1,1,1,4),(40.8407044966673,
41.0529644086147,41.5456999009999,42.0384353933851,42.5311708857703,43.0239063781556,
43.5166418705408,44.009377362926,44.5021128553112,44.9948483476964,45.4875838400816,
45.9803193324668,46.473054824852,46.9657903172373,47.1238898038469),
 .UNSPECIFIED.);
#151=B_SPLINE_CURVE_WITH_KNOTS('',3,(#1165,#1166,#1167,#1168,#1169,#1170,
#1171,#1172,#1173,#1174,#1175,#1176,#1177,#1178,#1179,#1180,#1181),
 .UNSPECIFIED.,.F.,.F.,(4,1,1,1,1,1,1,1,1,1,1,1,1,1,4),(34.5575191894877,
34.6815590370355,35.1742945294207,35.6670300218059,36.1597655141911,36.6525010065764,
37.1452364989616,37.6379719913468,38.130707483732,38.6234429761172,39.1161784685024,
39.6089139608876,40.1016494532729,40.5943849456581,40.8407044966673),
 .UNSPECIFIED.);
#152=B_SPLINE_CURVE_WITH_KNOTS('',3,(#1182,#1183,#1184,#1185,#1186,#1187,
#1188,#1189,#1190,#1191,#1192,#1193,#1194,#1195,#1196,#1197,#1198),
 .UNSPECIFIED.,.F.,.F.,(4,1,1,1,1,1,1,1,1,1,1,1,1,1,4),(34.5575191894877,
34.6474030076069,35.1401384999921,35.6328739923773,36.1256094847625,36.6183449771478,
37.111080469533,37.6038159619182,38.0965514543034,38.5892869466886,39.0820224390738,
39.5747579314591,40.0674934238443,40.5602289162295,40.8407044966673),
 .UNSPECIFIED.);
#153=B_SPLINE_CURVE_WITH_KNOTS('',3,(#1203,#1204,#1205,#1206,#1207,#1208,
#1209,#1210,#1211,#1212,#1213,#1214,#1215,#1216,#1217,#1218,#1219),
 .UNSPECIFIED.,.F.,.F.,(4,1,1,1,1,1,1,1,1,1,1,1,1,1,4),(28.2743338823081,
28.2759976360277,28.7687331284129,29.2614686207981,29.7542041131834,30.2469396055686,
30.7396750979538,31.232410590339,31.7251460827242,32.2178815751094,32.7106170674946,
33.2033525598799,33.6960880522651,34.1888235446503,34.5575191894877),
 .UNSPECIFIED.);
#154=B_SPLINE_CURVE_WITH_KNOTS('',3,(#1220,#1221,#1222,#1223,#1224,#1225,
#1226,#1227,#1228,#1229,#1230,#1231,#1232,#1233,#1234,#1235),
 .UNSPECIFIED.,.F.,.F.,(4,1,1,1,1,1,1,1,1,1,1,1,1,4),(28.2743338823081,
28.7345770989843,29.2273125913696,29.7200480837548,30.21278357614,30.7055190685252,
31.1982545609104,31.6909900532956,32.1837255456808,32.6764610380661,33.1691965304513,
33.6619320228365,34.1546675152217,34.5575191894877),.UNSPECIFIED.);
#155=B_SPLINE_CURVE_WITH_KNOTS('',3,(#1240,#1241,#1242,#1243,#1244,#1245,
#1246,#1247,#1248,#1249,#1250,#1251,#1252,#1253,#1254,#1255),
 .UNSPECIFIED.,.F.,.F.,(4,1,1,1,1,1,1,1,1,1,1,1,1,4),(21.9911485751285,
22.3631717274051,22.8559072197904,23.3486427121756,23.8413782045608,24.334113696946,
24.8268491893312,25.3195846817164,25.8123201741016,26.3050556664869,26.7977911588721,
27.2905266512573,27.7832621436425,28.2743338823081),.UNSPECIFIED.);
#156=B_SPLINE_CURVE_WITH_KNOTS('',3,(#1256,#1257,#1258,#1259,#1260,#1261,
#1262,#1263,#1264,#1265,#1266,#1267,#1268,#1269,#1270,#1271,#1272),
 .UNSPECIFIED.,.F.,.F.,(4,1,1,1,1,1,1,1,1,1,1,1,1,1,4),(21.9911485751285,
22.3290156979766,22.8217511903618,23.314486682747,23.8072221751322,24.2999576675174,
24.7926931599026,25.2854286522878,25.7781641446731,26.2708996370583,26.7636351294435,
27.2563706218287,27.7491061142139,28.2418416065991,28.2743338823081),
 .UNSPECIFIED.);
#157=B_SPLINE_CURVE_WITH_KNOTS('',3,(#1277,#1278,#1279,#1280,#1281,#1282,
#1283,#1284,#1285,#1286,#1287,#1288,#1289,#1290,#1291,#1292,#1293),
 .UNSPECIFIED.,.F.,.F.,(4,1,1,1,1,1,1,1,1,1,1,1,1,1,4),(15.7079632679489,
15.9576103263974,16.4503458187826,16.9430813111678,17.435816803553,17.9285522959382,
18.4212877883234,18.9140232807086,19.4067587730939,19.8994942654791,20.3922297578643,
20.8849652502495,21.3777007426347,21.8704362350199,21.9911485751285),
 .UNSPECIFIED.);
#158=B_SPLINE_CURVE_WITH_KNOTS('',3,(#1294,#1295,#1296,#1297,#1298,#1299,
#1300,#1301,#1302,#1303,#1304,#1305,#1306,#1307,#1308,#1309,#1310),
 .UNSPECIFIED.,.F.,.F.,(4,1,1,1,1,1,1,1,1,1,1,1,1,1,4),(15.7079632679489,
15.9234542969688,16.416189789354,16.9089252817392,17.4016607741244,17.8943962665096,
18.3871317588948,18.8798672512801,19.3726027436653,19.8653382360505,20.3580737284357,
20.8508092208209,21.3435447132061,21.8362802055913,21.9911485751285),
 .UNSPECIFIED.);
#159=B_SPLINE_CURVE_WITH_KNOTS('',3,(#1317,#1318,#1319,#1320,#1321,#1322,
#1323,#1324,#1325,#1326,#1327,#1328,#1329,#1330,#1331,#1332),
 .UNSPECIFIED.,.F.,.F.,(4,1,1,1,1,1,1,1,1,1,1,1,1,4),(9.55204892538958,
10.0447844177748,10.53751991016,11.0302554025452,11.5229908949304,12.0157263873157,
12.5084618797009,13.0011973720861,13.4939328644713,13.9866683568565,14.4794038492417,
14.9721393416269,15.4648748340122,15.7079632679489),.UNSPECIFIED.);
#160=B_SPLINE_CURVE_WITH_KNOTS('',3,(#1333,#1334,#1335,#1336,#1337,#1338,
#1339,#1340,#1341,#1342,#1343,#1344,#1345,#1346,#1347,#1348,#1349),
 .UNSPECIFIED.,.F.,.F.,(4,1,1,1,1,1,1,1,1,1,1,1,1,1,4),(9.42477796076935,
9.517892895961,10.0106283883462,10.5033638807314,10.9960993731166,11.4888348655019,
11.9815703578871,12.4743058502723,12.9670413426575,13.4597768350427,13.9525123274279,
14.4452478198131,14.9379833121983,15.4307188045836,15.7079632679489),
 .UNSPECIFIED.);
#161=B_SPLINE_CURVE_WITH_KNOTS('',3,(#1355,#1356,#1357,#1358,#1359,#1360,
#1361,#1362,#1363,#1364,#1365,#1366,#1367,#1368,#1369,#1370,#1371,#1372,
#1373),.UNSPECIFIED.,.F.,.F.,(4,3,3,3,3,3,4),(-55.4048784788396,-54.9068624327908,
-54.4075728585674,-53.9082832843439,-53.4089937101204,-52.9097041358969,
-52.6419900260679),.UNSPECIFIED.);
#162=B_SPLINE_CURVE_WITH_KNOTS('',3,(#1379,#1380,#1381,#1382,#1383,#1384,
#1385,#1386,#1387,#1388,#1389,#1390,#1391,#1392,#1393,#1394,#1395,#1396,
#1397,#1398,#1399,#1400,#1401,#1402,#1403,#1404,#1405,#1406,#1407,#1408,
#1409,#1410,#1411,#1412,#1413,#1414,#1415,#1416,#1417,#1418,#1419,#1420,
#1421),.UNSPECIFIED.,.F.,.F.,(4,3,3,3,3,3,3,3,3,3,3,3,3,3,4),(-52.6419900260679,
-52.4104145616734,-51.9111249874499,-51.4118354132264,-50.9125458390029,
-50.4132562647795,-49.913966690556,-49.4146771163325,-48.915387542109,-48.4160979678855,
-47.916808393662,-47.4175188194385,-46.918229245215,-46.4189396709916,-46.3588047188883),
 .UNSPECIFIED.);
#163=B_SPLINE_CURVE_WITH_KNOTS('',3,(#1424,#1425,#1426,#1427,#1428,#1429,
#1430,#1431,#1432,#1433,#1434,#1435,#1436,#1437,#1438,#1439,#1440,#1441,
#1442,#1443,#1444,#1445,#1446,#1447,#1448,#1449,#1450,#1451,#1452,#1453,
#1454,#1455,#1456,#1457,#1458,#1459,#1460),.UNSPECIFIED.,.F.,.F.,(4,3,3,
3,3,3,3,3,3,3,3,3,4),(49.3731264078579,49.4296678481253,49.9289574223488,
50.4282469965723,50.9275365707958,51.4268261450192,51.9261157192427,52.4254052934662,
52.9246948676897,53.4239844419132,53.9232740161367,54.4225635903602,54.9218531645837),
 .UNSPECIFIED.);
#164=B_SPLINE_CURVE_WITH_KNOTS('',3,(#1465,#1466,#1467,#1468,#1469,#1470,
#1471,#1472,#1473,#1474,#1475,#1476,#1477,#1478,#1479,#1480,#1481,#1482,
#1483,#1484,#1485,#1486,#1487,#1488,#1489,#1490,#1491,#1492,#1493,#1494,
#1495,#1496,#1497,#1498,#1499,#1500,#1501,#1502,#1503,#1504),
 .UNSPECIFIED.,.F.,.F.,(4,3,3,3,3,3,3,3,3,3,3,3,3,4),(-46.3588047188883,
-45.9196500967681,-45.4203605225446,-44.9210709483211,-44.4217813740976,
-43.9224917998741,-43.4232022256506,-42.9239126514271,-42.4246230772037,
-41.9253335029802,-41.4260439287567,-40.9267543545332,-40.4274647803097,
-40.0756194117087),.UNSPECIFIED.);
#165=B_SPLINE_CURVE_WITH_KNOTS('',3,(#1505,#1506,#1507,#1508,#1509,#1510,
#1511,#1512,#1513,#1514,#1515,#1516,#1517,#1518,#1519,#1520,#1521,#1522,
#1523,#1524,#1525,#1526,#1527,#1528,#1529,#1530,#1531,#1532,#1533,#1534,
#1535,#1536,#1537,#1538,#1539,#1540,#1541,#1542,#1543,#1544),
 .UNSPECIFIED.,.F.,.F.,(4,3,3,3,3,3,3,3,3,3,3,3,3,4),(43.0899411006783,
43.4381929574434,43.9374825316669,44.4367721058904,44.9360616801139,45.4353512543374,
45.9346408285609,46.4339304027844,46.9332199770079,47.4325095512313,47.9317991254548,
48.4310886996783,48.9303782739018,49.3731264078579),.UNSPECIFIED.);
#166=B_SPLINE_CURVE_WITH_KNOTS('',3,(#1549,#1550,#1551,#1552,#1553,#1554,
#1555,#1556,#1557,#1558,#1559,#1560,#1561,#1562,#1563,#1564,#1565,#1566,
#1567,#1568,#1569,#1570,#1571,#1572,#1573,#1574,#1575,#1576,#1577,#1578,
#1579,#1580,#1581,#1582,#1583,#1584,#1585,#1586,#1587,#1588,#1589,#1590,
#1591),.UNSPECIFIED.,.F.,.F.,(4,3,3,3,3,3,3,3,3,3,3,3,3,3,4),(-40.0756194117087,
-39.9281752060862,-39.4288856318627,-38.9295960576392,-38.4303064834157,
-37.9310169091923,-37.4317273349688,-36.9324377607453,-36.4331481865218,
-35.9338586122983,-35.4345690380748,-34.9352794638513,-34.4359898896279,
-33.9367003154044,-33.7924341045292),.UNSPECIFIED.);
#167=B_SPLINE_CURVE_WITH_KNOTS('',3,(#1592,#1593,#1594,#1595,#1596,#1597,
#1598,#1599,#1600,#1601,#1602,#1603,#1604,#1605,#1606,#1607,#1608,#1609,
#1610,#1611,#1612,#1613,#1614,#1615,#1616,#1617,#1618,#1619,#1620,#1621,
#1622,#1623,#1624,#1625,#1626,#1627,#1628,#1629,#1630,#1631,#1632,#1633,
#1634),.UNSPECIFIED.,.F.,.F.,(4,3,3,3,3,3,3,3,3,3,3,3,3,3,4),(36.8067557934987,
36.9474284925381,37.4467180667616,37.9460076409851,38.4452972152086,38.9445867894321,
39.4438763636555,39.943165937879,40.4424555121025,40.941745086326,41.4410346605495,
41.940324234773,42.4396138089965,42.93890338322,43.0899411006783),
 .UNSPECIFIED.);
#168=B_SPLINE_CURVE_WITH_KNOTS('',3,(#1639,#1640,#1641,#1642,#1643,#1644,
#1645,#1646,#1647,#1648,#1649,#1650,#1651,#1652,#1653,#1654,#1655,#1656,
#1657,#1658,#1659,#1660,#1661,#1662,#1663,#1664,#1665,#1666,#1667,#1668,
#1669,#1670,#1671,#1672,#1673,#1674,#1675,#1676,#1677,#1678),
 .UNSPECIFIED.,.F.,.F.,(4,3,3,3,3,3,3,3,3,3,3,3,3,4),(-33.7924341045292,
-33.4374107411809,-32.9381211669574,-32.4388315927339,-31.9395420185104,
-31.4402524442869,-30.9409628700634,-30.4416732958399,-29.9423837216165,
-29.443094147393,-28.9438045731695,-28.444514998946,-27.9452254247225,-27.5092487973496),
 .UNSPECIFIED.);
#169=B_SPLINE_CURVE_WITH_KNOTS('',3,(#1679,#1680,#1681,#1682,#1683,#1684,
#1685,#1686,#1687,#1688,#1689,#1690,#1691,#1692,#1693,#1694,#1695,#1696,
#1697,#1698,#1699,#1700,#1701,#1702,#1703,#1704,#1705,#1706,#1707,#1708,
#1709,#1710,#1711,#1712,#1713,#1714,#1715,#1716,#1717,#1718),
 .UNSPECIFIED.,.F.,.F.,(4,3,3,3,3,3,3,3,3,3,3,3,3,4),(30.5235704863191,
30.9559536018562,31.4552431760797,31.9545327503032,32.4538223245267,32.9531118987502,
33.4524014729737,33.9516910471972,34.4509806214207,34.9502701956442,35.4495597698676,
35.9488493440911,36.4481389183146,36.8067557934987),.UNSPECIFIED.);
#170=B_SPLINE_CURVE_WITH_KNOTS('',3,(#1723,#1724,#1725,#1726,#1727,#1728,
#1729,#1730,#1731,#1732,#1733,#1734,#1735,#1736,#1737,#1738,#1739,#1740,
#1741,#1742,#1743,#1744,#1745,#1746,#1747,#1748,#1749,#1750,#1751,#1752,
#1753,#1754,#1755,#1756,#1757,#1758,#1759,#1760,#1761,#1762,#1763,#1764,
#1765),.UNSPECIFIED.,.F.,.F.,(4,3,3,3,3,3,3,3,3,3,3,3,3,3,4),(-27.5092487973496,
-27.445935850499,-26.9466462762755,-26.447356702052,-25.9480671278286,-25.4487775536051,
-24.9494879793816,-24.4501984051581,-23.9509088309346,-23.4516192567111,
-22.9523296824876,-22.4530401082641,-21.9537505340407,-21.4544609598172,
-21.22606349017),.UNSPECIFIED.);
#171=B_SPLINE_CURVE_WITH_KNOTS('',3,(#1766,#1767,#1768,#1769,#1770,#1771,
#1772,#1773,#1774,#1775,#1776,#1777,#1778,#1779,#1780,#1781,#1782,#1783,
#1784,#1785,#1786,#1787,#1788,#1789,#1790,#1791,#1792,#1793,#1794,#1795,
#1796,#1797,#1798,#1799,#1800,#1801,#1802,#1803,#1804,#1805,#1806,#1807,
#1808),.UNSPECIFIED.,.F.,.F.,(4,3,3,3,3,3,3,3,3,3,3,3,3,3,4),(24.2403851791395,
24.4651891369509,24.9644787111744,25.4637682853979,25.9630578596214,26.4623474338449,
26.9616370080683,27.4609265822918,27.9602161565153,28.4595057307388,28.9587953049623,
29.4580848791858,29.9573744534093,30.4566640276328,30.5235704863191),
 .UNSPECIFIED.);
#172=B_SPLINE_CURVE_WITH_KNOTS('',3,(#1813,#1814,#1815,#1816,#1817,#1818,
#1819,#1820,#1821,#1822,#1823,#1824,#1825,#1826,#1827,#1828,#1829,#1830,
#1831,#1832,#1833,#1834,#1835,#1836,#1837,#1838,#1839,#1840,#1841,#1842,
#1843,#1844,#1845,#1846,#1847,#1848,#1849,#1850,#1851,#1852,#1853,#1854,
#1855),.UNSPECIFIED.,.F.,.F.,(4,3,3,3,3,3,3,3,3,3,3,3,3,3,4),(-21.22606349017,
-20.9551713855937,-20.4558818113702,-19.9565922371467,-19.4573026629232,
-18.9580130886997,-18.4587235144762,-17.9594339402528,-17.4601443660293,
-16.9608547918058,-16.4615652175823,-15.9622756433588,-15.4629860691353,
-14.9636964949118,-14.9428781829904),.UNSPECIFIED.);
#173=B_SPLINE_CURVE_WITH_KNOTS('',3,(#1856,#1857,#1858,#1859,#1860,#1861,
#1862,#1863,#1864,#1865,#1866,#1867,#1868,#1869,#1870,#1871,#1872,#1873,
#1874,#1875,#1876,#1877,#1878,#1879,#1880,#1881,#1882,#1883,#1884,#1885,
#1886,#1887,#1888,#1889,#1890,#1891,#1892,#1893,#1894,#1895,#1896,#1897,
#1898),.UNSPECIFIED.,.F.,.F.,(4,3,3,3,3,3,3,3,3,3,3,3,3,3,4),(17.9571998719599,
17.9744246720456,18.473714246269,18.9730038204925,19.472293394716,19.9715829689395,
20.470872543163,20.9701621173865,21.46945169161,21.9687412658335,22.468030840057,
22.9673204142804,23.4666099885039,23.9658995627274,24.2403851791395),
 .UNSPECIFIED.);
#174=B_SPLINE_CURVE_WITH_KNOTS('',3,(#1903,#1904,#1905,#1906,#1907,#1908,
#1909,#1910,#1911,#1912,#1913,#1914,#1915,#1916,#1917,#1918,#1919,#1920,
#1921,#1922,#1923,#1924,#1925,#1926,#1927,#1928,#1929,#1930,#1931,#1932,
#1933,#1934,#1935,#1936,#1937,#1938,#1939,#1940,#1941,#1942),
 .UNSPECIFIED.,.F.,.F.,(4,3,3,3,3,3,3,3,3,3,3,3,3,4),(-14.9428781829904,
-14.4644069206883,-13.9651173464649,-13.4658277722414,-12.9665381980179,
-12.4672486237944,-11.9679590495709,-11.4686694753474,-10.9693799011239,
-10.4700903269004,-9.97080075267694,-9.47151117845345,-8.97222160422997,
-8.6596928758108),.UNSPECIFIED.);
#175=B_SPLINE_CURVE_WITH_KNOTS('',3,(#1943,#1944,#1945,#1946,#1947,#1948,
#1949,#1950,#1951,#1952,#1953,#1954,#1955,#1956,#1957,#1958,#1959,#1960,
#1961,#1962,#1963,#1964,#1965,#1966,#1967,#1968,#1969,#1970,#1971,#1972,
#1973,#1974,#1975,#1976,#1977,#1978,#1979,#1980,#1981,#1982),
 .UNSPECIFIED.,.F.,.F.,(4,3,3,3,3,3,3,3,3,3,3,3,3,4),(11.6740145647804,
11.9829497813637,12.4822393555872,12.9815289298107,13.4808185040342,13.9801080782577,
14.4793976524811,14.9786872267046,15.4779768009281,15.9772663751516,16.4765559493751,
16.9758455235986,17.4751350978221,17.9571998719599),.UNSPECIFIED.);
#176=B_SPLINE_CURVE_WITH_KNOTS('',3,(#1987,#1988,#1989,#1990,#1991,#1992,
#1993,#1994,#1995,#1996,#1997,#1998,#1999,#2000,#2001,#2002,#2003,#2004,
#2005,#2006,#2007,#2008,#2009,#2010,#2011,#2012,#2013,#2014,#2015,#2016,
#2017,#2018,#2019,#2020,#2021,#2022,#2023,#2024,#2025,#2026,#2027,#2028,
#2029),.UNSPECIFIED.,.F.,.F.,(4,3,3,3,3,3,3,3,3,3,3,3,3,3,4),(-8.6596928758108,
-8.47293203000648,-7.97364245578299,-7.47435288155951,-6.97506330733602,
-6.47577373311253,-5.97648415888904,-5.47719458466555,-4.97790501044207,
-4.47861543621858,-3.97932586199509,-3.4800362877716,-2.98074671354812,
-2.48145713932463,-2.37650756863122),.UNSPECIFIED.);
#177=B_SPLINE_CURVE_WITH_KNOTS('',3,(#2030,#2031,#2032,#2033,#2034,#2035,
#2036,#2037,#2038,#2039,#2040,#2041,#2042,#2043,#2044,#2045,#2046,#2047,
#2048,#2049,#2050,#2051,#2052,#2053,#2054,#2055,#2056,#2057,#2058,#2059,
#2060,#2061,#2062,#2063,#2064,#2065,#2066,#2067,#2068,#2069,#2070,#2071,
#2072),.UNSPECIFIED.,.F.,.F.,(4,3,3,3,3,3,3,3,3,3,3,3,3,3,4),(5.39082925760077,
5.49218531645836,5.99147489068185,6.49076446490534,6.99005403912883,7.48934361335232,
7.9886331875758,8.48792276179929,8.98721233602278,9.48650191024627,9.98579148446975,
10.4850810586932,10.9843706329167,11.4836602071402,11.6740145647804),
 .UNSPECIFIED.);
#178=B_SPLINE_CURVE_WITH_KNOTS('',3,(#2075,#2076,#2077,#2078,#2079,#2080,
#2081,#2082,#2083,#2084,#2085,#2086,#2087,#2088,#2089,#2090,#2091,#2092,
#2093,#2094,#2095,#2096,#2097,#2098,#2099,#2100,#2101,#2102,#2103,#2104,
#2105),.UNSPECIFIED.,.F.,.F.,(4,3,3,3,3,3,3,3,3,3,4),(0.500563102398257,
0.998579148446975,1.49786872267046,1.99715829689395,2.49644787111744,2.99573744534093,
3.49502701956441,3.9943165937879,4.49360616801139,4.99289574223488,5.39082925760077),
 .UNSPECIFIED.);
#179=B_SPLINE_CURVE_WITH_KNOTS('',3,(#2108,#2109,#2110,#2111,#2112,#2113,
#2114,#2115,#2116,#2117),.UNSPECIFIED.,.F.,.F.,(4,3,3,4),(-2.37650756863122,
-1.98216756510114,-1.48287799087766,-0.983588416654167),.UNSPECIFIED.);
#180=B_SPLINE_CURVE_WITH_KNOTS('',3,(#2120,#2121,#2122,#2123,#2124,#2125,
#2126,#2127,#2128,#2129,#2130,#2131,#2132,#2133,#2134,#2135,#2136,#2137,
#2138,#2139,#2140,#2141,#2142,#2143,#2144,#2145,#2146,#2147,#2148,#2149,
#2150,#2151,#2152,#2153),.UNSPECIFIED.,.F.,.F.,(4,3,3,3,3,3,3,3,3,3,3,4),
(2.0094632977275,2.01202351351177,2.1382409493591,2.24668175958478,2.29412461405851,
2.30661584969645,2.43100487231866,2.55604622409713,2.68082414470699,2.80482673118385,
2.92693729845113,3.00576743116452),.UNSPECIFIED.);
#181=B_SPLINE_CURVE_WITH_KNOTS('',3,(#2154,#2155,#2156,#2157,#2158,#2159,
#2160,#2161),.UNSPECIFIED.,.F.,.F.,(4,2,2,4),(0.,0.438970404633305,0.674557748930902,
0.928678590448466),.UNSPECIFIED.);
#182=B_SPLINE_CURVE_WITH_KNOTS('',3,(#2163,#2164,#2165,#2166,#2167,#2168),
 .UNSPECIFIED.,.F.,.F.,(4,2,4),(0.,0.751007919566062,1.71051135983396),
 .UNSPECIFIED.);
#183=B_SPLINE_CURVE_WITH_KNOTS('',3,(#2169,#2170,#2171,#2172,#2173,#2174,
#2175,#2176,#2177,#2178,#2179,#2180,#2181,#2182,#2183,#2184,#2185,#2186,
#2187,#2188,#2189,#2190,#2191,#2192,#2193,#2194,#2195,#2196,#2197,#2198,
#2199,#2200,#2201,#2202,#2203,#2204,#2205),.UNSPECIFIED.,.F.,.F.,(4,3,3,
3,3,3,3,3,3,3,3,3,4),(0.,0.00250379953619658,0.126650282864031,0.25020067483039,
0.374805061831421,0.499891875193183,0.624412298019448,0.717228140054305,
0.752034080817376,0.767834947649707,0.777990078793281,0.904083637925002,
0.995675666158874),.UNSPECIFIED.);
#184=B_SPLINE_CURVE_WITH_KNOTS('',3,(#2661,#2662,#2663,#2664,#2665,#2666,
#2667,#2668,#2669,#2670,#2671,#2672,#2673,#2674,#2675,#2676,#2677,#2678,
#2679,#2680,#2681,#2682,#2683,#2684,#2685,#2686,#2687,#2688,#2689,#2690,
#2691,#2692,#2693,#2694,#2695,#2696,#2697),.UNSPECIFIED.,.F.,.F.,(4,3,3,
3,3,3,3,3,3,3,3,3,4),(0.,0.002503799536179,0.126650282864018,0.25020065736051,
0.374805032856177,0.499891843175064,0.624412278805944,0.71722812564418,
0.752034068208519,0.767834908584196,0.777990057939997,0.904083611232878,
0.995675666158888),.UNSPECIFIED.);
#185=B_SPLINE_CURVE_WITH_KNOTS('',3,(#2698,#2699,#2700,#2701,#2702,#2703,
#2704,#2705,#2706,#2707,#2708,#2709,#2710,#2711,#2712,#2713,#2714,#2715,
#2716,#2717,#2718,#2719,#2720,#2721,#2722,#2723,#2724,#2725,#2726,#2727,
#2728,#2729,#2730,#2731,#2732,#2733,#2734,#2735,#2736,#2737,#2738,#2739,
#2740,#2741,#2742,#2743,#2744,#2745,#2746,#2747,#2748,#2749,#2750,#2751,
#2752,#2753,#2754,#2755,#2756,#2757,#2758,#2759,#2760,#2761,#2762,#2763,
#2764,#2765,#2766,#2767,#2768,#2769,#2770,#2771,#2772,#2773,#2774,#2775,
#2776,#2777,#2778,#2779,#2780,#2781,#2782,#2783,#2784,#2785,#2786,#2787,
#2788,#2789,#2790,#2791,#2792,#2793,#2794,#2795,#2796,#2797,#2798,#2799,
#2800,#2801,#2802,#2803,#2804,#2805,#2806,#2807,#2808,#2809),
 .UNSPECIFIED.,.F.,.F.,(4,1,1,1,1,1,1,1,1,1,1,1,1,1,1,1,1,1,1,1,1,1,1,1,
1,1,1,1,1,1,1,1,1,1,1,1,1,1,1,1,1,1,1,1,1,1,1,1,1,1,1,1,1,1,1,1,1,1,1,1,
1,1,1,1,1,1,1,1,1,1,1,1,1,1,1,1,1,1,1,1,1,1,1,1,1,1,1,1,1,1,1,1,1,1,1,1,
1,1,1,1,1,1,1,1,1,1,1,1,1,4),(8.53242191119057,9.03043795723928,9.52972753146277,
10.0290171056863,10.5283066799097,11.0275962541332,11.5268858283567,12.0261754025802,
12.5254649768037,13.0247545510272,13.5240441252507,14.0233336994742,14.5226232736976,
15.0219128479211,15.5212024221446,16.0204919963681,16.5197815705916,17.0190711448151,
17.5183607190386,18.0176502932621,18.5169398674856,19.016229441709,19.5155190159325,
20.014808590156,20.5140981643795,21.013387738603,21.5126773128265,22.01196688705,
22.5112564612735,23.0105460354969,23.5098356097204,24.0091251839439,24.5084147581674,
25.0077043323909,25.5069939066144,26.0062834808379,26.5055730550614,27.0048626292848,
27.5041522035083,28.0034417777318,28.5027313519553,29.0020209261788,29.5013105004023,
30.0006000746258,30.4998896488493,30.9991792230727,31.4984687972962,31.9977583715197,
32.4970479457432,32.9963375199667,33.4956270941902,33.9949166684137,34.4942062426372,
34.9934958168606,35.4927853910841,35.9920749653076,36.4913645395311,36.9906541137546,
37.4899436879781,37.9892332622016,38.4885228364251,38.9878124106486,39.487101984872,
39.9863915590955,40.485681133319,40.9849707075425,41.484260281766,41.9835498559895,
42.482839430213,42.9821290044365,43.4814185786599,43.9807081528834,44.4799977271069,
44.9792873013304,45.4785768755539,45.9778664497774,46.4771560240009,46.9764455982244,
47.4757351724478,47.9750247466713,48.4743143208948,48.9736038951183,49.4728934693418,
49.9721830435653,50.4714726177888,50.9707621920123,51.4700517662357,51.9693413404592,
52.4686309146827,52.9679204889062,53.4672100631297,53.9664996373532,54.4657892115767,
54.9650787858002,55.4643683600236,55.9636579342471,56.4629475084706,56.9622370826941,
57.4615266569176,57.9608162311411,58.4601058053646,58.9593953795881,59.4586849538115,
59.957974528035,60.4572641022585,60.956553676482,61.4558432507055,61.955132824929,
62.4544223991525,62.953711973376),.UNSPECIFIED.);
#186=B_SPLINE_CURVE_WITH_KNOTS('',3,(#3386,#3387,#3388,#3389,#3390,#3391),
 .UNSPECIFIED.,.F.,.F.,(4,2,4),(0.,0.751007919566072,1.71051135983393),
 .UNSPECIFIED.);
#187=B_SPLINE_CURVE_WITH_KNOTS('',3,(#3392,#3393,#3394,#3395),
 .UNSPECIFIED.,.F.,.F.,(4,4),(9.29750699614914,9.42477796076935),
 .UNSPECIFIED.);
#188=B_SPLINE_CURVE_WITH_KNOTS('',3,(#3974,#3975,#3976,#3977,#3978,#3979,
#3980,#3981),.UNSPECIFIED.,.F.,.F.,(4,2,2,4),(0.,0.438970404633222,0.674557748930765,
0.928678590448272),.UNSPECIFIED.);
#189=B_SPLINE_CURVE_WITH_KNOTS('',3,(#3982,#3983,#3984,#3985,#3986,#3987,
#3988,#3989,#3990,#3991,#3992,#3993,#3994,#3995,#3996,#3997,#3998,#3999,
#4000,#4001,#4002,#4003,#4004,#4005,#4006,#4007,#4008,#4009,#4010,#4011,
#4012,#4013,#4014,#4015,#4016,#4017,#4018,#4019,#4020,#4021,#4022,#4023,
#4024,#4025,#4026,#4027,#4028,#4029,#4030,#4031,#4032,#4033,#4034,#4035,
#4036,#4037,#4038,#4039,#4040,#4041,#4042,#4043,#4044,#4045,#4046,#4047,
#4048,#4049,#4050,#4051,#4052,#4053,#4054,#4055,#4056,#4057,#4058,#4059,
#4060,#4061,#4062,#4063,#4064,#4065,#4066,#4067,#4068,#4069,#4070,#4071,
#4072,#4073,#4074,#4075,#4076,#4077,#4078,#4079,#4080,#4081,#4082,#4083,
#4084,#4085,#4086,#4087,#4088,#4089,#4090,#4091,#4092,#4093,#4094,#4095),
 .UNSPECIFIED.,.F.,.F.,(4,1,1,1,1,1,1,1,1,1,1,1,1,1,1,1,1,1,1,1,1,1,1,1,
1,1,1,1,1,1,1,1,1,1,1,1,1,1,1,1,1,1,1,1,1,1,1,1,1,1,1,1,1,1,1,1,1,1,1,1,
1,1,1,1,1,1,1,1,1,1,1,1,1,1,1,1,1,1,1,1,1,1,1,1,1,1,1,1,1,1,1,1,1,1,1,1,
1,1,1,1,1,1,1,1,1,1,1,1,1,1,1,4),(10.3171340103482,10.53751991016,11.0302554025452,
11.5229908949304,12.0157263873157,12.5084618797009,13.0011973720861,13.4939328644713,
13.9866683568565,14.4794038492417,14.9721393416269,15.4648748340122,15.9576103263974,
16.4503458187826,16.9430813111678,17.435816803553,17.9285522959382,18.4212877883234,
18.9140232807086,19.4067587730939,19.8994942654791,20.3922297578643,20.8849652502495,
21.3777007426347,21.8704362350199,22.3631717274051,22.8559072197904,23.3486427121756,
23.8413782045608,24.334113696946,24.8268491893312,25.3195846817164,25.8123201741016,
26.3050556664869,26.7977911588721,27.2905266512573,27.7832621436425,28.2759976360277,
28.7687331284129,29.2614686207981,29.7542041131834,30.2469396055686,30.7396750979538,
31.232410590339,31.7251460827242,32.2178815751094,32.7106170674946,33.2033525598799,
33.6960880522651,34.1888235446503,34.6815590370355,35.1742945294207,35.6670300218059,
36.1597655141911,36.6525010065764,37.1452364989616,37.6379719913468,38.130707483732,
38.6234429761172,39.1161784685024,39.6089139608876,40.1016494532729,40.5943849456581,
41.0871204380433,41.5798559304285,42.0725914228137,42.5653269151989,43.0580624075841,
43.5507978999694,44.0435333923546,44.5362688847398,45.029004377125,45.5217398695102,
46.0144753618954,46.5072108542806,46.9999463466659,47.4926818390511,47.9854173314363,
48.4781528238215,48.9708883162067,49.4636238085919,49.9563593009771,50.4490947933624,
50.9418302857476,51.4345657781328,51.927301270518,52.4200367629032,52.9127722552884,
53.4055077476736,53.8982432400588,54.3909787324441,54.8837142248293,55.3764497172145,
55.8691852095997,56.3619207019849,56.8546561943701,57.3473916867554,57.8401271791406,
58.3328626715258,58.825598163911,59.3183336562962,59.8110691486814,60.3038046410666,
60.7965401334518,61.2892756258371,61.7820111182223,62.2747466106075,62.7674821029927,
63.2602175953779,63.7529530877631,64.2456885801483,64.7384240725336),
 .UNSPECIFIED.);
#190=B_SPLINE_CURVE_WITH_KNOTS('',3,(#4548,#4549,#4550,#4551,#4552,#4553,
#4554,#4555,#4556,#4557,#4558,#4559,#4560,#4561,#4562,#4563,#4564,#4565,
#4566,#4567,#4568,#4569,#4570,#4571,#4572,#4573,#4574,#4575,#4576,#4577,
#4578,#4579,#4580,#4581),.UNSPECIFIED.,.F.,.F.,(4,3,3,3,3,3,3,3,3,3,3,4),
(2.00946329772751,2.01202351351175,2.13824094786058,2.24668175827358,2.29412461282926,
2.3066158484812,2.43100488391545,2.55604623950799,2.68082414843776,2.80482671513675,
2.92693725283118,3.00576743116454),.UNSPECIFIED.);
#191=B_SPLINE_CURVE_WITH_KNOTS('',3,(#4592,#4593,#4594,#4595,#4596),
 .UNSPECIFIED.,.F.,.F.,(4,1,4),(65.9734457253856,66.2688858236312,66.7616238538372),
 .UNSPECIFIED.);
#192=B_SPLINE_CURVE_WITH_KNOTS('',3,(#4599,#4600,#4601,#4602,#4603,#4604,
#4605),.UNSPECIFIED.,.F.,.F.,(4,1,1,1,4),(65.9734457253856,66.0081146993118,
66.5008527295178,66.9935907597237,67.2136974992519),.UNSPECIFIED.);
#193=B_SPLINE_CURVE_WITH_KNOTS('',3,(#4610,#4611,#4612,#4613,#4614,#4615,
#4616,#4617,#4618,#4619,#4620,#4621,#4622,#4623,#4624,#4625,#4626),
 .UNSPECIFIED.,.F.,.F.,(4,1,1,1,1,1,1,1,1,1,1,1,1,1,4),(59.690260418206,
59.8632914309535,60.3560294611595,60.8487674913655,61.3415055215714,61.8342435517774,
62.3269815819834,62.8197196121894,63.3124576423953,63.8051956726013,64.2979337028073,
64.7906717330133,65.2834097632192,65.7761477934252,65.9734457253856),
 .UNSPECIFIED.);
#194=B_SPLINE_CURVE_WITH_KNOTS('',3,(#4627,#4628,#4629,#4630,#4631,#4632,
#4633,#4634,#4635,#4636,#4637,#4638,#4639,#4640,#4641,#4642),
 .UNSPECIFIED.,.F.,.F.,(4,1,1,1,1,1,1,1,1,1,1,1,1,4),(59.690260418206,60.0952583368401,
60.5879963670461,61.080734397252,61.573472427458,62.066210457664,62.55894848787,
63.0516865180759,63.5444245482819,64.0371625784879,64.5299006086939,65.0226386388998,
65.5153766691058,65.9734457253856),.UNSPECIFIED.);
#195=B_SPLINE_CURVE_WITH_KNOTS('',3,(#4647,#4648,#4649,#4650,#4651,#4652,
#4653,#4654,#4655,#4656,#4657,#4658,#4659,#4660,#4661,#4662,#4663),
 .UNSPECIFIED.,.F.,.F.,(4,1,1,1,1,1,1,1,1,1,1,1,1,1,4),(53.4070751110265,
53.4576970382759,53.9504350684818,54.4431730986878,54.9359111288938,55.4286491590997,
55.9213871893057,56.4141252195117,56.9068632497177,57.3996012799236,57.8923393101296,
58.3850773403356,58.8778153705416,59.3705534007475,59.690260418206),
 .UNSPECIFIED.);
#196=B_SPLINE_CURVE_WITH_KNOTS('',3,(#4664,#4665,#4666,#4667,#4668,#4669,
#4670,#4671,#4672,#4673,#4674,#4675,#4676,#4677,#4678,#4679,#4680),
 .UNSPECIFIED.,.F.,.F.,(4,1,1,1,1,1,1,1,1,1,1,1,1,1,4),(53.4070751110265,
53.6896639441624,54.1824019743684,54.6751400045744,55.1678780347803,55.6606160649863,
56.1533540951923,56.6460921253983,57.1388301556042,57.6315681858102,58.1243062160162,
58.6170442462222,59.1097822764281,59.6025203066341,59.690260418206),
 .UNSPECIFIED.);
#197=B_SPLINE_CURVE_WITH_KNOTS('',3,(#4685,#4686,#4687,#4688,#4689,#4690,
#4691,#4692,#4693,#4694,#4695,#4696,#4697,#4698,#4699,#4700),
 .UNSPECIFIED.,.F.,.F.,(4,1,1,1,1,1,1,1,1,1,1,1,1,4),(47.1238898038469,
47.5448406758042,48.0375787060101,48.5303167362161,49.0230547664221,49.515792796628,
50.008530826834,50.50126885704,50.994006887246,51.4867449174519,51.9794829476579,
52.4722209778639,52.9649590080699,53.4070751110265),.UNSPECIFIED.);
#198=B_SPLINE_CURVE_WITH_KNOTS('',3,(#4701,#4702,#4703,#4704,#4705,#4706,
#4707,#4708,#4709,#4710,#4711,#4712,#4713,#4714,#4715,#4716,#4717),
 .UNSPECIFIED.,.F.,.F.,(4,1,1,1,1,1,1,1,1,1,1,1,1,1,4),(47.1238898038469,
47.2840695514847,47.7768075816907,48.2695456118967,48.7622836421027,49.2550216723087,
49.7477597025146,50.2404977327206,50.7332357629266,51.2259737931325,51.7187118233385,
52.2114498535445,52.7041878837505,53.1969259139564,53.4070751110265),
 .UNSPECIFIED.);
#199=B_SPLINE_CURVE_WITH_KNOTS('',3,(#4722,#4723,#4724,#4725,#4726,#4727,
#4728,#4729,#4730,#4731,#4732,#4733,#4734,#4735,#4736,#4737,#4738),
 .UNSPECIFIED.,.F.,.F.,(4,1,1,1,1,1,1,1,1,1,1,1,1,1,4),(40.8407044966673,
41.1392462831265,41.6319843133325,42.1247223435384,42.6174603737444,43.1101984039504,
43.6029364341564,44.0956744643623,44.5884124945683,45.0811505247743,45.5738885549803,
46.0666265851862,46.5593646153922,47.0521026455982,47.1238898038469),
 .UNSPECIFIED.);
#200=B_SPLINE_CURVE_WITH_KNOTS('',3,(#4739,#4740,#4741,#4742,#4743,#4744,
#4745,#4746,#4747,#4748,#4749,#4750,#4751,#4752,#4753,#4754,#4755),
 .UNSPECIFIED.,.F.,.F.,(4,1,1,1,1,1,1,1,1,1,1,1,1,1,4),(40.8407044966673,
40.8784751588071,41.3712131890131,41.863951219219,42.356689249425,42.849427279631,
43.342165309837,43.8349033400429,44.3276413702489,44.8203794004549,45.3131174306609,
45.8058554608668,46.2985934910728,46.7913315212788,47.1238898038469),
 .UNSPECIFIED.);
#201=B_SPLINE_CURVE_WITH_KNOTS('',3,(#4760,#4761,#4762,#4763,#4764,#4765,
#4766,#4767,#4768,#4769,#4770,#4771,#4772,#4773,#4774,#4775,#4776),
 .UNSPECIFIED.,.F.,.F.,(4,1,1,1,1,1,1,1,1,1,1,1,1,1,4),(34.5575191894877,
34.7336518904488,35.2263899206548,35.7191279508608,36.2118659810667,36.7046040112727,
37.1973420414787,37.6900800716847,38.1828181018906,38.6755561320966,39.1682941623026,
39.6610321925086,40.1537702227145,40.6465082529205,40.8407044966673),
 .UNSPECIFIED.);
#202=B_SPLINE_CURVE_WITH_KNOTS('',3,(#4777,#4778,#4779,#4780,#4781,#4782,
#4783,#4784,#4785,#4786,#4787,#4788,#4789,#4790,#4791,#4792),
 .UNSPECIFIED.,.F.,.F.,(4,1,1,1,1,1,1,1,1,1,1,1,1,4),(34.5575191894877,
34.9656187963354,35.4583568265414,35.9510948567473,36.4438328869533,36.9365709171593,
37.4293089473653,37.9220469775712,38.4147850077772,38.9075230379832,39.4002610681892,
39.8929990983951,40.3857371286011,40.8407044966673),.UNSPECIFIED.);
#203=B_SPLINE_CURVE_WITH_KNOTS('',3,(#4797,#4798,#4799,#4800,#4801,#4802,
#4803,#4804,#4805,#4806,#4807,#4808,#4809,#4810,#4811,#4812,#4813),
 .UNSPECIFIED.,.F.,.F.,(4,1,1,1,1,1,1,1,1,1,1,1,1,1,4),(28.2743338823081,
28.3280574977712,28.8207955279771,29.3135335581831,29.8062715883891,30.2990096185951,
30.791747648801,31.284485679007,31.777223709213,32.269961739419,32.7626997696249,
33.2554377998309,33.7481758300369,34.2409138602428,34.5575191894877),
 .UNSPECIFIED.);
#204=B_SPLINE_CURVE_WITH_KNOTS('',3,(#4814,#4815,#4816,#4817,#4818,#4819,
#4820,#4821,#4822,#4823,#4824,#4825,#4826,#4827,#4828,#4829,#4830),
 .UNSPECIFIED.,.F.,.F.,(4,1,1,1,1,1,1,1,1,1,1,1,1,1,4),(28.2743338823081,
28.5600244036577,29.0527624338637,29.5455004640697,30.0382384942756,30.5309765244816,
31.0237145546876,31.5164525848936,32.0091906150995,32.5019286453055,32.9946666755115,
33.4874047057175,33.9801427359234,34.4728807661294,34.5575191894877),
 .UNSPECIFIED.);
#205=B_SPLINE_CURVE_WITH_KNOTS('',3,(#4835,#4836,#4837,#4838,#4839,#4840,
#4841,#4842,#4843,#4844,#4845,#4846,#4847,#4848,#4849,#4850),
 .UNSPECIFIED.,.F.,.F.,(4,1,1,1,1,1,1,1,1,1,1,1,1,4),(21.9911485751285,
22.4152011352995,22.9079391655054,23.4006771957114,23.8934152259174,24.3861532561234,
24.8788912863293,25.3716293165353,25.8643673467413,26.3571053769473,26.8498434071532,
27.3425814373592,27.8353194675652,28.2743338823081),.UNSPECIFIED.);
#206=B_SPLINE_CURVE_WITH_KNOTS('',3,(#4851,#4852,#4853,#4854,#4855,#4856,
#4857,#4858,#4859,#4860,#4861,#4862,#4863,#4864,#4865,#4866,#4867),
 .UNSPECIFIED.,.F.,.F.,(4,1,1,1,1,1,1,1,1,1,1,1,1,1,4),(21.9911485751285,
22.1544300109801,22.647168041186,23.139906071392,23.632644101598,24.125382131804,
24.6181201620099,25.1108581922159,25.6035962224219,26.0963342526279,26.5890722828338,
27.0818103130398,27.5745483432458,28.0672863734518,28.2743338823081),
 .UNSPECIFIED.);
#207=B_SPLINE_CURVE_WITH_KNOTS('',3,(#4873,#4874,#4875,#4876,#4877,#4878,
#4879,#4880,#4881),.UNSPECIFIED.,.F.,.F.,(4,1,1,1,1,1,4),(12.7924074370666,
13.2851454672725,13.7778834974785,14.2706215276845,14.7633595578904,15.2560975880964,
15.7079632679489),.UNSPECIFIED.);
#208=B_SPLINE_CURVE_WITH_KNOTS('',3,(#4884,#4885,#4886,#4887,#4888,#4889,
#4890,#4891,#4892,#4893,#4894),.UNSPECIFIED.,.F.,.F.,(4,1,1,1,1,1,1,1,4),
(12.3403337916518,12.56044053118,13.053178561386,13.5459165915919,14.0386546217979,
14.5313926520039,15.0241306822099,15.5168687124158,15.7079632679489),
 .UNSPECIFIED.);
#209=B_SPLINE_CURVE_WITH_KNOTS('',3,(#4896,#4897,#4898,#4899,#4900,#4901,
#4902,#4903,#4904,#4905,#4906,#4907,#4908,#4909,#4910,#4911,#4912),
 .UNSPECIFIED.,.F.,.F.,(4,1,1,1,1,1,1,1,1,1,1,1,1,1,4),(15.7079632679489,
16.0096067426218,16.5023447728278,16.9950828030338,17.4878208332397,17.9805588634457,
18.4732968936517,18.9660349238576,19.4587729540636,19.9515109842696,20.4442490144756,
20.9369870446815,21.4297250748875,21.9224631050935,21.9911485751285),
 .UNSPECIFIED.);
#210=B_SPLINE_CURVE_WITH_KNOTS('',3,(#4913,#4914,#4915,#4916,#4917,#4918,
#4919,#4920,#4921,#4922,#4923,#4924,#4925,#4926,#4927,#4928,#4929),
 .UNSPECIFIED.,.F.,.F.,(4,1,1,1,1,1,1,1,1,1,1,1,1,1,4),(15.7079632679489,
15.7488356183024,16.2415736485084,16.7343116787143,17.2270497089203,17.7197877391263,
18.2125257693323,18.7052637995382,19.1980018297442,19.6907398599502,20.1834778901562,
20.6762159203621,21.1689539505681,21.6616919807741,21.9911485751285),
 .UNSPECIFIED.);
#211=B_SPLINE_CURVE_WITH_KNOTS('',3,(#5506,#5507,#5508,#5509,#5510,#5511,
#5512,#5513),.UNSPECIFIED.,.F.,.F.,(4,2,2,4),(0.,0.775792084668845,1.25558947509605,
1.60463128785375),.UNSPECIFIED.);
#212=B_SPLINE_CURVE_WITH_KNOTS('',3,(#5515,#5516,#5517,#5518,#5519,#5520,
#5521,#5522),.UNSPECIFIED.,.F.,.F.,(4,2,2,4),(0.,0.505555100665807,0.788939028181446,
1.09529227025037),.UNSPECIFIED.);
#213=B_SPLINE_CURVE_WITH_KNOTS('',3,(#5523,#5524,#5525,#5526,#5527,#5528,
#5529,#5530,#5531,#5532,#5533,#5534,#5535,#5536,#5537,#5538,#5539,#5540,
#5541,#5542,#5543,#5544,#5545,#5546,#5547,#5548,#5549,#5550,#5551,#5552,
#5553,#5554,#5555,#5556,#5557,#5558,#5559,#5560,#5561,#5562,#5563,#5564,
#5565,#5566,#5567,#5568,#5569,#5570,#5571,#5572,#5573,#5574,#5575,#5576,
#5577,#5578,#5579,#5580,#5581,#5582,#5583,#5584,#5585,#5586,#5587,#5588,
#5589,#5590,#5591,#5592,#5593,#5594,#5595,#5596,#5597,#5598,#5599,#5600,
#5601,#5602,#5603,#5604,#5605,#5606,#5607,#5608,#5609,#5610,#5611,#5612,
#5613,#5614,#5615,#5616,#5617,#5618,#5619,#5620,#5621,#5622,#5623,#5624,
#5625,#5626,#5627,#5628,#5629,#5630,#5631,#5632,#5633,#5634,#5635,#5636),
 .UNSPECIFIED.,.F.,.F.,(4,1,1,1,1,1,1,1,1,1,1,1,1,1,1,1,1,1,1,1,1,1,1,1,
1,1,1,1,1,1,1,1,1,1,1,1,1,1,1,1,1,1,1,1,1,1,1,1,1,1,1,1,1,1,1,1,1,1,1,1,
1,1,1,1,1,1,1,1,1,1,1,1,1,1,1,1,1,1,1,1,1,1,1,1,1,1,1,1,1,1,1,1,1,1,1,1,
1,1,1,1,1,1,1,1,1,1,1,1,1,1,1,4),(11.574964470768,12.067702500974,12.56044053118,
13.053178561386,13.5459165915919,14.0386546217979,14.5313926520039,15.0241306822099,
15.5168687124158,16.0096067426218,16.5023447728278,16.9950828030338,17.4878208332397,
17.9805588634457,18.4732968936517,18.9660349238576,19.4587729540636,19.9515109842696,
20.4442490144756,20.9369870446815,21.4297250748875,21.9224631050935,22.4152011352995,
22.9079391655054,23.4006771957114,23.8934152259174,24.3861532561234,24.8788912863293,
25.3716293165353,25.8643673467413,26.3571053769473,26.8498434071532,27.3425814373592,
27.8353194675652,28.3280574977712,28.8207955279771,29.3135335581831,29.8062715883891,
30.2990096185951,30.791747648801,31.284485679007,31.777223709213,32.269961739419,
32.7626997696249,33.2554377998309,33.7481758300369,34.2409138602428,34.7336518904488,
35.2263899206548,35.7191279508608,36.2118659810667,36.7046040112727,37.1973420414787,
37.6900800716847,38.1828181018906,38.6755561320966,39.1682941623026,39.6610321925086,
40.1537702227145,40.6465082529205,41.1392462831265,41.6319843133325,42.1247223435384,
42.6174603737444,43.1101984039504,43.6029364341564,44.0956744643623,44.5884124945683,
45.0811505247743,45.5738885549803,46.0666265851862,46.5593646153922,47.0521026455982,
47.5448406758042,48.0375787060101,48.5303167362161,49.0230547664221,49.515792796628,
50.008530826834,50.50126885704,50.994006887246,51.4867449174519,51.9794829476579,
52.4722209778639,52.9649590080699,53.4576970382759,53.9504350684818,54.4431730986878,
54.9359111288938,55.4286491590997,55.9213871893057,56.4141252195117,56.9068632497177,
57.3996012799236,57.8923393101296,58.3850773403356,58.8778153705416,59.3705534007475,
59.8632914309535,60.3560294611595,60.8487674913655,61.3415055215714,61.8342435517774,
62.3269815819834,62.8197196121894,63.3124576423953,63.8051956726013,64.2979337028073,
64.7906717330133,65.2834097632192,65.7761477934252,65.9962545329534),
 .UNSPECIFIED.);
#214=B_SPLINE_CURVE_WITH_KNOTS('',3,(#6098,#6099,#6100,#6101,#6102,#6103,
#6104,#6105,#6106,#6107,#6108,#6109,#6110,#6111,#6112,#6113,#6114,#6115,
#6116,#6117,#6118,#6119,#6120,#6121,#6122,#6123,#6124,#6125,#6126,#6127,
#6128,#6129,#6130,#6131,#6132,#6133,#6134,#6135,#6136,#6137,#6138,#6139,
#6140,#6141,#6142,#6143,#6144,#6145,#6146,#6147,#6148,#6149,#6150,#6151,
#6152,#6153,#6154,#6155,#6156,#6157,#6158,#6159,#6160,#6161,#6162,#6163,
#6164,#6165,#6166,#6167,#6168,#6169,#6170,#6171,#6172,#6173,#6174,#6175,
#6176,#6177,#6178,#6179,#6180,#6181,#6182,#6183,#6184,#6185,#6186,#6187,
#6188,#6189,#6190,#6191),.UNSPECIFIED.,.F.,.F.,(4,3,3,3,3,3,3,3,3,3,3,3,
3,3,3,3,3,3,3,3,3,3,3,3,3,3,3,3,3,3,3,4),(0.,0.128836890939373,0.257496498509112,
0.386718032605733,0.515830444263084,0.64454661507606,0.741083743185792,
0.777285166226941,0.796600054116238,0.808259763014721,0.935999262988361,
1.03069512751499,1.15827767171099,1.28625616726159,1.4139421037894,1.54068921149637,
1.58054056555713,1.59610901300008,1.61070935889277,1.73735459412107,1.8637864860682,
1.98907294873546,2.04417028520825,2.14127582148955,2.18375949361262,2.21245433804507,
2.22432878676746,2.34919191788031,2.47492510944046,2.60046470396058,2.72474847152778,
2.82101457545865),.UNSPECIFIED.);
#215=B_SPLINE_CURVE_WITH_KNOTS('',3,(#6193,#6194,#6195,#6196,#6197,#6198,
#6199,#6200,#6201,#6202,#6203,#6204,#6205,#6206,#6207,#6208,#6209,#6210,
#6211,#6212,#6213,#6214,#6215,#6216,#6217,#6218,#6219,#6220,#6221,#6222,
#6223,#6224,#6225,#6226,#6227,#6228,#6229,#6230,#6231,#6232,#6233,#6234,
#6235,#6236,#6237,#6238,#6239,#6240,#6241,#6242,#6243,#6244,#6245,#6246,
#6247,#6248,#6249,#6250,#6251,#6252,#6253,#6254,#6255,#6256,#6257,#6258,
#6259,#6260,#6261,#6262,#6263,#6264,#6265,#6266,#6267,#6268,#6269,#6270,
#6271,#6272,#6273,#6274,#6275,#6276,#6277,#6278,#6279,#6280,#6281,#6282,
#6283,#6284,#6285,#6286),.UNSPECIFIED.,.F.,.F.,(4,3,3,3,3,3,3,3,3,3,3,3,
3,3,3,3,3,3,3,3,3,3,3,3,3,3,3,3,3,3,3,4),(0.,0.12488116899453,0.249251838142735,
0.374658132508393,0.500520555686919,0.625768795089074,0.719088934305865,
0.754083986512162,0.771432763488504,0.786573082647675,0.913450580976177,
0.999049351956237,1.12608090785637,1.25284375529464,1.37991433253457,1.50662251529394,
1.54515720495341,1.56586782614955,1.57806593365657,1.70589032965927,1.83402886863211,
1.96170500508328,2.01530179915733,2.11567524368645,2.15958862566794,2.18832235653178,
2.20223432889628,2.32936316515638,2.45817071427176,2.58730854336776,2.71593724977924,
2.81828935539026),.UNSPECIFIED.);
#216=B_SPLINE_CURVE_WITH_KNOTS('',3,(#6287,#6288,#6289,#6290,#6291,#6292,
#6293,#6294,#6295,#6296,#6297,#6298,#6299,#6300,#6301,#6302,#6303,#6304,
#6305,#6306,#6307,#6308,#6309,#6310,#6311,#6312,#6313,#6314,#6315,#6316,
#6317,#6318,#6319,#6320,#6321,#6322,#6323,#6324,#6325,#6326,#6327,#6328,
#6329,#6330,#6331,#6332,#6333,#6334,#6335,#6336,#6337,#6338,#6339,#6340,
#6341,#6342,#6343,#6344,#6345,#6346,#6347,#6348,#6349,#6350,#6351,#6352,
#6353,#6354,#6355,#6356,#6357,#6358,#6359,#6360,#6361,#6362,#6363,#6364,
#6365,#6366,#6367,#6368,#6369,#6370,#6371,#6372,#6373,#6374,#6375,#6376,
#6377,#6378,#6379,#6380,#6381,#6382,#6383,#6384,#6385,#6386,#6387,#6388,
#6389,#6390,#6391,#6392,#6393,#6394,#6395,#6396,#6397,#6398,#6399),
 .UNSPECIFIED.,.F.,.F.,(4,1,1,1,1,1,1,1,1,1,1,1,1,1,1,1,1,1,1,1,1,1,1,1,
1,1,1,1,1,1,1,1,1,1,1,1,1,1,1,1,1,1,1,1,1,1,1,1,1,1,1,1,1,1,1,1,1,1,1,1,
1,1,1,1,1,1,1,1,1,1,1,1,1,1,1,1,1,1,1,1,1,1,1,1,1,1,1,1,1,1,1,1,1,1,1,1,
1,1,1,1,1,1,1,1,1,1,1,1,1,1,4),(10.1901472816531,10.6884160963968,11.1866849111406,
11.6849537258843,12.1832225406281,12.6814913553719,13.1797601701156,13.6780289848594,
14.1762977996031,14.6745666143469,15.1728354290906,15.6711042438344,16.1693730585781,
16.6676418733219,17.1659106880656,17.6641795028094,18.1624483175531,18.6607171322969,
19.1589859470406,19.6572547617844,20.1555235765281,20.6537923912719,21.1520612060157,
21.6503300207594,22.1485988355032,22.6468676502469,23.1451364649907,23.6434052797344,
24.1416740944782,24.6399429092219,25.1382117239657,25.6364805387094,26.1347493534532,
26.6330181681969,27.1312869829407,27.6295557976844,28.1278246124282,28.626093427172,
29.1243622419157,29.6226310566595,30.1208998714032,30.619168686147,31.1174375008907,
31.6157063156345,32.1139751303782,32.612243945122,33.1105127598657,33.6087815746095,
34.1070503893532,34.605319204097,35.1035880188407,35.6018568335845,36.1001256483282,
36.598394463072,37.0966632778158,37.5949320925595,38.0932009073033,38.591469722047,
39.0897385367908,39.5880073515345,40.0862761662783,40.584544981022,41.0828137957658,
41.5810826105095,42.0793514252533,42.577620239997,43.0758890547408,43.5741578694846,
44.0724266842283,44.5706954989721,45.0689643137158,45.5672331284596,46.0655019432033,
46.5637707579471,47.0620395726908,47.5603083874346,48.0585772021783,48.5568460169221,
49.0551148316658,49.5533836464096,50.0516524611533,50.5499212758971,51.0481900906408,
51.5464589053846,52.0447277201283,52.5429965348721,53.0412653496159,53.5395341643596,
54.0378029791034,54.5360717938471,55.0343406085909,55.5326094233346,56.0308782380784,
56.5291470528221,57.0274158675659,57.5256846823096,58.0239534970534,58.5222223117971,
59.0204911265409,59.5187599412846,60.0170287560284,60.5152975707721,61.0135663855159,
61.5118352002597,62.0101040150034,62.5083728297472,63.0066416444909,63.5049104592347,
64.0031792739784,64.5014480887222,64.6114373438385),.UNSPECIFIED.);
#217=B_SPLINE_CURVE_WITH_KNOTS('',3,(#6976,#6977,#6978,#6979,#6980,#6981,
#6982,#6983),.UNSPECIFIED.,.F.,.F.,(4,2,2,4),(0.,0.442553839414974,0.680031511176647,
0.936193911244758),.UNSPECIFIED.);
#218=B_SPLINE_CURVE_WITH_KNOTS('',3,(#6985,#6986,#6987,#6988,#6989,#6990),
 .UNSPECIFIED.,.F.,.F.,(4,2,4),(0.,0.757058134566893,1.72548287819352),
 .UNSPECIFIED.);
#219=B_SPLINE_CURVE_WITH_KNOTS('',3,(#6991,#6992,#6993,#6994,#6995,#6996,
#6997,#6998,#6999,#7000,#7001,#7002,#7003,#7004,#7005,#7006,#7007,#7008,
#7009,#7010,#7011,#7012,#7013,#7014,#7015,#7016,#7017,#7018,#7019,#7020,
#7021,#7022,#7023,#7024,#7025,#7026,#7027,#7028,#7029,#7030,#7031,#7032,
#7033,#7034,#7035,#7036,#7037,#7038,#7039,#7040,#7041,#7042,#7043,#7044,
#7045,#7046,#7047,#7048,#7049,#7050,#7051,#7052,#7053,#7054,#7055,#7056,
#7057,#7058,#7059,#7060,#7061,#7062,#7063,#7064,#7065,#7066,#7067,#7068,
#7069,#7070,#7071,#7072,#7073,#7074,#7075,#7076,#7077,#7078,#7079,#7080,
#7081,#7082,#7083,#7084,#7085,#7086,#7087,#7088,#7089,#7090,#7091,#7092,
#7093,#7094,#7095,#7096,#7097,#7098,#7099,#7100,#7101,#7102,#7103,#7104,
#7105,#7106,#7107,#7108,#7109,#7110,#7111,#7112,#7113,#7114,#7115,#7116,
#7117,#7118,#7119,#7120,#7121,#7122,#7123,#7124,#7125,#7126,#7127,#7128,
#7129,#7130,#7131,#7132,#7133,#7134,#7135,#7136,#7137,#7138,#7139,#7140,
#7141,#7142,#7143,#7144,#7145,#7146,#7147,#7148,#7149,#7150,#7151,#7152,
#7153,#7154,#7155,#7156,#7157,#7158,#7159,#7160,#7161,#7162,#7163,#7164,
#7165,#7166,#7167,#7168,#7169,#7170,#7171,#7172,#7173,#7174,#7175,#7176,
#7177,#7178,#7179,#7180,#7181,#7182,#7183,#7184,#7185,#7186,#7187,#7188,
#7189,#7190,#7191,#7192,#7193,#7194,#7195,#7196,#7197,#7198,#7199,#7200,
#7201,#7202,#7203,#7204,#7205,#7206,#7207,#7208,#7209,#7210,#7211,#7212,
#7213,#7214,#7215,#7216,#7217,#7218,#7219,#7220,#7221,#7222,#7223,#7224,
#7225,#7226,#7227,#7228,#7229,#7230,#7231,#7232,#7233,#7234,#7235,#7236,
#7237,#7238,#7239,#7240,#7241,#7242,#7243,#7244,#7245,#7246,#7247,#7248,
#7249,#7250,#7251,#7252,#7253,#7254,#7255,#7256,#7257,#7258,#7259,#7260,
#7261,#7262,#7263,#7264,#7265,#7266,#7267,#7268,#7269,#7270,#7271,#7272,
#7273,#7274,#7275,#7276,#7277,#7278,#7279,#7280,#7281,#7282,#7283,#7284,
#7285,#7286,#7287,#7288,#7289,#7290,#7291,#7292,#7293,#7294,#7295,#7296,
#7297,#7298,#7299,#7300,#7301,#7302,#7303,#7304,#7305,#7306,#7307,#7308,
#7309,#7310,#7311,#7312,#7313,#7314,#7315,#7316,#7317,#7318,#7319,#7320,
#7321,#7322,#7323,#7324),.UNSPECIFIED.,.F.,.F.,(4,3,3,3,3,3,3,3,3,3,3,3,
3,3,3,3,3,3,3,3,3,3,3,3,3,3,3,3,3,3,3,3,3,3,3,3,3,3,3,3,3,3,3,3,3,3,3,3,
3,3,3,3,3,3,3,3,3,3,3,3,3,3,3,3,3,3,3,3,3,3,3,3,3,3,3,3,3,3,3,3,3,3,3,3,
3,3,3,3,3,3,3,3,3,3,3,3,3,3,3,3,3,3,3,3,3,3,3,3,3,3,3,4),(0.,0.492738030205976,
0.985476060411949,1.47821409061792,1.9709521208239,2.46369015102987,2.95642818123585,
3.44916621144182,3.9419042416478,4.43464227185377,4.92738030205974,5.42011833226572,
5.91285636247169,6.40559439267767,6.89833242288364,7.39107045308962,7.88380848329559,
8.37654651350156,8.86928454370754,9.36202257391351,9.85476060411949,10.3474986343255,
10.8402366645314,11.3329746947374,11.8257127249434,12.3184507551494,12.8111887853553,
13.3039268155613,13.7966648457673,14.2894028759733,14.7821409061792,15.2748789363852,
15.7676169665912,16.2603549967972,16.7530930270031,17.2458310572091,17.7385690874151,
18.2313071176211,18.724045147827,19.216783178033,19.709521208239,20.2022592384449,
20.6949972686509,21.1877352988569,21.6804733290629,22.1732113592688,22.6659493894748,
23.1586874196808,23.6514254498868,24.1441634800927,24.6369015102987,25.1296395405047,
25.6223775707107,26.1151156009166,26.6078536311226,27.1005916613286,27.5933296915346,
28.0860677217405,28.5788057519465,29.0715437821525,29.5642818123585,30.0570198425644,
30.5497578727704,31.0424959029764,31.5352339331824,32.0279719633883,32.5207099935943,
33.0134480238003,33.5061860540063,33.9989240842122,34.4916621144182,34.9844001446242,
35.4771381748302,35.9698762050361,36.4626142352421,36.9553522654481,37.448090295654,
37.94082832586,38.433566356066,38.926304386272,39.4190424164779,39.9117804466839,
40.4045184768899,40.8972565070959,41.3899945373018,41.8827325675078,42.3754705977138,
42.8682086279198,43.3609466581257,43.8536846883317,44.3464227185377,44.8391607487437,
45.3318987789496,45.8246368091556,46.3173748393616,46.8101128695676,47.3028508997735,
47.7955889299795,48.2883269601855,48.7810649903915,49.2738030205974,49.7665410508034,
50.2592790810094,50.7520171112153,51.2447551414213,51.7374931716273,52.2302312018333,
52.7229692320393,53.2157072622452,53.7084452924512,54.2011833226572,54.4212900621854),
 .UNSPECIFIED.);
#220=B_SPLINE_CURVE_WITH_KNOTS('',3,(#7901,#7902,#7903,#7904,#7905,#7906,
#7907,#7908),.UNSPECIFIED.,.F.,.F.,(4,2,2,4),(0.,0.505555100665777,0.788939028181442,
1.09529227025036),.UNSPECIFIED.);
#221=B_SPLINE_CURVE_WITH_KNOTS('',3,(#7910,#7911,#7912,#7913,#7914,#7915,
#7916,#7917,#7918,#7919,#7920,#7921,#7922,#7923,#7924,#7925,#7926,#7927,
#7928,#7929,#7930,#7931,#7932,#7933,#7934,#7935,#7936,#7937,#7938,#7939,
#7940,#7941,#7942,#7943,#7944,#7945,#7946,#7947,#7948,#7949,#7950,#7951,
#7952,#7953,#7954,#7955,#7956,#7957,#7958,#7959,#7960,#7961,#7962,#7963,
#7964,#7965,#7966,#7967,#7968,#7969,#7970,#7971,#7972,#7973,#7974,#7975,
#7976,#7977,#7978,#7979,#7980,#7981,#7982,#7983,#7984,#7985,#7986,#7987,
#7988,#7989,#7990,#7991,#7992,#7993,#7994,#7995,#7996,#7997,#7998,#7999,
#8000,#8001,#8002,#8003,#8004,#8005,#8006,#8007,#8008,#8009,#8010,#8011,
#8012,#8013,#8014,#8015,#8016,#8017,#8018,#8019,#8020,#8021,#8022,#8023),
 .UNSPECIFIED.,.F.,.F.,(4,1,1,1,1,1,1,1,1,1,1,1,1,1,1,1,1,1,1,1,1,1,1,1,
1,1,1,1,1,1,1,1,1,1,1,1,1,1,1,1,1,1,1,1,1,1,1,1,1,1,1,1,1,1,1,1,1,1,1,1,
1,1,1,1,1,1,1,1,1,1,1,1,1,1,1,1,1,1,1,1,1,1,1,1,1,1,1,1,1,1,1,1,1,1,1,1,
1,1,1,1,1,1,1,1,1,1,1,1,1,1,1,4),(13.5577767579503,13.7778834974785,14.2706215276845,
14.7633595578904,15.2560975880964,15.7488356183024,16.2415736485084,16.7343116787143,
17.2270497089203,17.7197877391263,18.2125257693323,18.7052637995382,19.1980018297442,
19.6907398599502,20.1834778901562,20.6762159203621,21.1689539505681,21.6616919807741,
22.1544300109801,22.647168041186,23.139906071392,23.632644101598,24.125382131804,
24.6181201620099,25.1108581922159,25.6035962224219,26.0963342526279,26.5890722828338,
27.0818103130398,27.5745483432458,28.0672863734518,28.5600244036577,29.0527624338637,
29.5455004640697,30.0382384942756,30.5309765244816,31.0237145546876,31.5164525848936,
32.0091906150995,32.5019286453055,32.9946666755115,33.4874047057175,33.9801427359234,
34.4728807661294,34.9656187963354,35.4583568265414,35.9510948567473,36.4438328869533,
36.9365709171593,37.4293089473653,37.9220469775712,38.4147850077772,38.9075230379832,
39.4002610681892,39.8929990983951,40.3857371286011,40.8784751588071,41.3712131890131,
41.863951219219,42.356689249425,42.849427279631,43.342165309837,43.8349033400429,
44.3276413702489,44.8203794004549,45.3131174306609,45.8058554608668,46.2985934910728,
46.7913315212788,47.2840695514847,47.7768075816907,48.2695456118967,48.7622836421027,
49.2550216723087,49.7477597025146,50.2404977327206,50.7332357629266,51.2259737931325,
51.7187118233385,52.2114498535445,52.7041878837505,53.1969259139564,53.6896639441624,
54.1824019743684,54.6751400045744,55.1678780347803,55.6606160649863,56.1533540951923,
56.6460921253983,57.1388301556042,57.6315681858102,58.1243062160162,58.6170442462222,
59.1097822764281,59.6025203066341,60.0952583368401,60.5879963670461,61.080734397252,
61.573472427458,62.066210457664,62.55894848787,63.0516865180759,63.5444245482819,
64.0371625784879,64.5299006086939,65.0226386388998,65.5153766691058,66.0081146993118,
66.5008527295178,66.9935907597237,67.4863287899297,67.9790668201357),
 .UNSPECIFIED.);
#222=B_SPLINE_CURVE_WITH_KNOTS('',3,(#8024,#8025,#8026,#8027,#8028,#8029,
#8030,#8031),.UNSPECIFIED.,.F.,.F.,(4,2,2,4),(0.,0.77579208466883,1.25558947509606,
1.60463128785375),.UNSPECIFIED.);
#223=B_SPLINE_CURVE_WITH_KNOTS('',3,(#8493,#8494,#8495,#8496,#8497,#8498,
#8499,#8500,#8501,#8502,#8503,#8504,#8505,#8506,#8507,#8508,#8509,#8510,
#8511,#8512,#8513,#8514,#8515,#8516,#8517,#8518,#8519,#8520,#8521,#8522,
#8523,#8524,#8525,#8526,#8527,#8528,#8529,#8530,#8531,#8532,#8533,#8534,
#8535,#8536,#8537,#8538,#8539,#8540,#8541,#8542,#8543,#8544,#8545,#8546,
#8547,#8548,#8549,#8550,#8551,#8552,#8553,#8554,#8555,#8556,#8557,#8558,
#8559,#8560,#8561,#8562,#8563,#8564,#8565,#8566,#8567,#8568,#8569,#8570,
#8571,#8572,#8573,#8574,#8575,#8576,#8577,#8578,#8579,#8580,#8581,#8582,
#8583,#8584,#8585,#8586),.UNSPECIFIED.,.F.,.F.,(4,3,3,3,3,3,3,3,3,3,3,3,
3,3,3,3,3,3,3,3,3,3,3,3,3,3,3,3,3,3,3,4),(0.,0.124881168994531,0.249251751288203,
0.374657992915622,0.500520402634263,0.625768687379795,0.719088853523908,
0.75408391582795,0.771432684687659,0.786573064702056,0.913450538404571,
0.999049351956245,1.12608090785639,1.25284379511509,1.37991438365142,1.50662255413255,
1.54515717622964,1.56586778675858,1.57806587162968,1.70589030077911,1.83402884876253,
1.96170496649111,2.01530179915738,2.11567524368649,2.15958862566798,2.18832235754359,
2.20223432916773,2.32936312726408,2.45817065998913,2.58730848217136,2.7159371892677,
2.8182893553903),.UNSPECIFIED.);
#224=B_SPLINE_CURVE_WITH_KNOTS('',3,(#8588,#8589,#8590,#8591,#8592,#8593,
#8594,#8595,#8596,#8597,#8598,#8599,#8600,#8601,#8602,#8603,#8604,#8605,
#8606,#8607,#8608,#8609,#8610,#8611,#8612,#8613,#8614,#8615,#8616,#8617,
#8618,#8619,#8620,#8621,#8622,#8623,#8624,#8625,#8626,#8627,#8628,#8629,
#8630,#8631,#8632,#8633,#8634,#8635,#8636,#8637,#8638,#8639,#8640,#8641,
#8642,#8643,#8644,#8645,#8646,#8647,#8648,#8649,#8650,#8651,#8652,#8653,
#8654,#8655,#8656,#8657,#8658,#8659,#8660,#8661,#8662,#8663,#8664,#8665,
#8666,#8667,#8668,#8669,#8670,#8671,#8672,#8673,#8674,#8675,#8676,#8677,
#8678,#8679,#8680,#8681,#8682,#8683,#8684,#8685,#8686,#8687,#8688,#8689,
#8690,#8691,#8692,#8693,#8694,#8695,#8696,#8697,#8698,#8699,#8700),
 .UNSPECIFIED.,.F.,.F.,(4,1,1,1,1,1,1,1,1,1,1,1,1,1,1,1,1,1,1,1,1,1,1,1,
1,1,1,1,1,1,1,1,1,1,1,1,1,1,1,1,1,1,1,1,1,1,1,1,1,1,1,1,1,1,1,1,1,1,1,1,
1,1,1,1,1,1,1,1,1,1,1,1,1,1,1,1,1,1,1,1,1,1,1,1,1,1,1,1,1,1,1,1,1,1,1,1,
1,1,1,1,1,1,1,1,1,1,1,1,1,1,4),(14.9425939470652,15.0525832021815,15.5508520169253,
16.049120831669,16.5473896464128,17.0456584611565,17.5439272759003,18.0421960906441,
18.5404649053878,19.0387337201316,19.5370025348753,20.0352713496191,20.5335401643628,
21.0318089791066,21.5300777938503,22.0283466085941,22.5266154233378,23.0248842380816,
23.5231530528253,24.0214218675691,24.5196906823128,25.0179594970566,25.5162283118003,
26.0144971265441,26.5127659412879,27.0110347560316,27.5093035707754,28.0075723855191,
28.5058412002629,29.0041100150066,29.5023788297504,30.0006476444941,30.4989164592379,
30.9971852739816,31.4954540887254,31.9937229034691,32.4919917182129,32.9902605329566,
33.4885293477004,33.9867981624441,34.4850669771879,34.9833357919317,35.4816046066754,
35.9798734214192,36.4781422361629,36.9764110509067,37.4746798656504,37.9729486803942,
38.4712174951379,38.9694863098817,39.4677551246254,39.9660239393692,40.4642927541129,
40.9625615688567,41.4608303836004,41.9590991983442,42.457368013088,42.9556368278317,
43.4539056425755,43.9521744573192,44.450443272063,44.9487120868067,45.4469809015505,
45.9452497162942,46.443518531038,46.9417873457817,47.4400561605255,47.9383249752692,
48.436593790013,48.9348626047567,49.4331314195005,49.9314002342442,50.429669048988,
50.9279378637317,51.4262066784755,51.9244754932193,52.422744307963,52.9210131227068,
53.4192819374505,53.9175507521943,54.415819566938,54.9140883816818,55.4123571964255,
55.9106260111693,56.408894825913,56.9071636406568,57.4054324554005,57.9037012701443,
58.401970084888,58.9002388996318,59.3985077143755,59.8967765291193,60.3950453438631,
60.8933141586068,61.3915829733506,61.8898517880943,62.3881206028381,62.8863894175818,
63.3846582323256,63.8829270470693,64.3811958618131,64.8794646765568,65.3777334913006,
65.8760023060443,66.3742711207881,66.8725399355318,67.3708087502756,67.8690775650194,
68.3673463797631,68.8656151945069,69.3638840092506),.UNSPECIFIED.);
#225=B_SPLINE_CURVE_WITH_KNOTS('',3,(#8701,#8702,#8703,#8704,#8705,#8706,
#8707,#8708,#8709,#8710,#8711,#8712,#8713,#8714,#8715,#8716,#8717,#8718,
#8719,#8720,#8721,#8722,#8723,#8724,#8725,#8726,#8727,#8728,#8729,#8730,
#8731,#8732,#8733,#8734,#8735,#8736,#8737,#8738,#8739,#8740,#8741,#8742,
#8743,#8744,#8745,#8746,#8747,#8748,#8749,#8750,#8751,#8752,#8753,#8754,
#8755,#8756,#8757,#8758,#8759,#8760,#8761,#8762,#8763,#8764,#8765,#8766,
#8767,#8768,#8769,#8770,#8771,#8772,#8773,#8774,#8775,#8776,#8777,#8778,
#8779,#8780,#8781,#8782,#8783,#8784,#8785,#8786,#8787,#8788,#8789,#8790,
#8791,#8792,#8793,#8794),.UNSPECIFIED.,.F.,.F.,(4,3,3,3,3,3,3,3,3,3,3,3,
3,3,3,3,3,3,3,3,3,3,3,3,3,3,3,3,3,3,3,4),(0.,0.128836890939377,0.257496444206285,
0.386717963545707,0.515830398176959,0.644546580511474,0.741083717262359,
0.777285143543942,0.796600065743544,0.808259785772269,0.935999299245148,
1.03069512751502,1.15827770887566,1.2862562147054,1.41394214089064,1.54068922660823,
1.58054055447219,1.59610899578831,1.61070935548144,1.7373545951163,1.86378647550614,
1.98907291484153,2.04417028520822,2.14127582148952,2.18375949361259,2.21245433931686,
2.22432879079881,2.34919190388501,2.47492509176459,2.60046468543476,2.72474844854489,
2.82101457545863),.UNSPECIFIED.);
#226=B_SPLINE_CURVE_WITH_KNOTS('',3,(#9370,#9371,#9372,#9373,#9374,#9375),
 .UNSPECIFIED.,.F.,.F.,(4,2,4),(0.,0.757058134566899,1.7254828781935),
 .UNSPECIFIED.);
#227=B_SPLINE_CURVE_WITH_KNOTS('',3,(#9376,#9377,#9378,#9379,#9380,#9381,
#9382,#9383),.UNSPECIFIED.,.F.,.F.,(4,2,2,4),(0.,0.442553839414915,0.680031511176566,
0.936193911244634),.UNSPECIFIED.);
#228=LINE('',#1020,#257);
#229=LINE('',#1052,#258);
#230=LINE('',#1088,#259);
#231=LINE('',#1126,#260);
#232=LINE('',#1164,#261);
#233=LINE('',#1202,#262);
#234=LINE('',#1239,#263);
#235=LINE('',#1276,#264);
#236=LINE('',#1314,#265);
#237=LINE('',#1353,#266);
#238=LINE('',#1378,#267);
#239=LINE('',#1464,#268);
#240=LINE('',#1548,#269);
#241=LINE('',#1638,#270);
#242=LINE('',#1722,#271);
#243=LINE('',#1812,#272);
#244=LINE('',#1902,#273);
#245=LINE('',#1986,#274);
#246=LINE('',#4584,#275);
#247=LINE('',#4590,#276);
#248=LINE('',#4609,#277);
#249=LINE('',#4646,#278);
#250=LINE('',#4684,#279);
#251=LINE('',#4721,#280);
#252=LINE('',#4759,#281);
#253=LINE('',#4796,#282);
#254=LINE('',#4834,#283);
#255=LINE('',#4871,#284);
#256=LINE('',#9388,#285);
#257=VECTOR('',#893,19.476);
#258=VECTOR('',#898,19.476);
#259=VECTOR('',#901,19.476);
#260=VECTOR('',#904,19.476);
#261=VECTOR('',#907,19.476);
#262=VECTOR('',#910,19.476);
#263=VECTOR('',#913,19.476);
#264=VECTOR('',#916,19.476);
#265=VECTOR('',#919,19.476);
#266=VECTOR('',#924,20.);
#267=VECTOR('',#929,20.);
#268=VECTOR('',#934,20.);
#269=VECTOR('',#937,20.);
#270=VECTOR('',#940,20.);
#271=VECTOR('',#943,20.);
#272=VECTOR('',#946,20.);
#273=VECTOR('',#949,20.);
#274=VECTOR('',#952,20.);
#275=VECTOR('',#967,15.);
#276=VECTOR('',#974,20.955);
#277=VECTOR('',#979,20.955);
#278=VECTOR('',#982,20.955);
#279=VECTOR('',#985,20.955);
#280=VECTOR('',#988,20.955);
#281=VECTOR('',#991,20.955);
#282=VECTOR('',#994,20.955);
#283=VECTOR('',#997,20.955);
#284=VECTOR('',#1000,20.955);
#285=VECTOR('',#1009,25.);
#286=VERTEX_POINT('',#1018);
#287=VERTEX_POINT('',#1019);
#288=VERTEX_POINT('',#1021);
#289=VERTEX_POINT('',#1035);
#290=VERTEX_POINT('',#1050);
#291=VERTEX_POINT('',#1051);
#292=VERTEX_POINT('',#1086);
#293=VERTEX_POINT('',#1087);
#294=VERTEX_POINT('',#1124);
#295=VERTEX_POINT('',#1125);
#296=VERTEX_POINT('',#1162);
#297=VERTEX_POINT('',#1163);
#298=VERTEX_POINT('',#1200);
#299=VERTEX_POINT('',#1201);
#300=VERTEX_POINT('',#1237);
#301=VERTEX_POINT('',#1238);
#302=VERTEX_POINT('',#1274);
#303=VERTEX_POINT('',#1275);
#304=VERTEX_POINT('',#1312);
#305=VERTEX_POINT('',#1313);
#306=VERTEX_POINT('',#1315);
#307=VERTEX_POINT('',#1351);
#308=VERTEX_POINT('',#1352);
#309=VERTEX_POINT('',#1354);
#310=VERTEX_POINT('',#1376);
#311=VERTEX_POINT('',#1377);
#312=VERTEX_POINT('',#1422);
#313=VERTEX_POINT('',#1462);
#314=VERTEX_POINT('',#1463);
#315=VERTEX_POINT('',#1546);
#316=VERTEX_POINT('',#1547);
#317=VERTEX_POINT('',#1636);
#318=VERTEX_POINT('',#1637);
#319=VERTEX_POINT('',#1720);
#320=VERTEX_POINT('',#1721);
#321=VERTEX_POINT('',#1810);
#322=VERTEX_POINT('',#1811);
#323=VERTEX_POINT('',#1900);
#324=VERTEX_POINT('',#1901);
#325=VERTEX_POINT('',#1984);
#326=VERTEX_POINT('',#1985);
#327=VERTEX_POINT('',#2074);
#328=VERTEX_POINT('',#2106);
#329=VERTEX_POINT('',#2119);
#330=VERTEX_POINT('',#2162);
#331=VERTEX_POINT('',#2206);
#332=VERTEX_POINT('',#2660);
#333=VERTEX_POINT('',#3385);
#334=VERTEX_POINT('',#3973);
#335=VERTEX_POINT('',#4583);
#336=VERTEX_POINT('',#4588);
#337=VERTEX_POINT('',#4589);
#338=VERTEX_POINT('',#4591);
#339=VERTEX_POINT('',#4597);
#340=VERTEX_POINT('',#4607);
#341=VERTEX_POINT('',#4608);
#342=VERTEX_POINT('',#4644);
#343=VERTEX_POINT('',#4645);
#344=VERTEX_POINT('',#4682);
#345=VERTEX_POINT('',#4683);
#346=VERTEX_POINT('',#4719);
#347=VERTEX_POINT('',#4720);
#348=VERTEX_POINT('',#4757);
#349=VERTEX_POINT('',#4758);
#350=VERTEX_POINT('',#4794);
#351=VERTEX_POINT('',#4795);
#352=VERTEX_POINT('',#4832);
#353=VERTEX_POINT('',#4833);
#354=VERTEX_POINT('',#4869);
#355=VERTEX_POINT('',#4870);
#356=VERTEX_POINT('',#4872);
#357=VERTEX_POINT('',#4882);
#358=VERTEX_POINT('',#5505);
#359=VERTEX_POINT('',#5514);
#360=VERTEX_POINT('',#6097);
#361=VERTEX_POINT('',#6192);
#362=VERTEX_POINT('',#6975);
#363=VERTEX_POINT('',#6984);
#364=VERTEX_POINT('',#7900);
#365=VERTEX_POINT('',#7909);
#366=VERTEX_POINT('',#8492);
#367=VERTEX_POINT('',#8587);
#368=VERTEX_POINT('',#9385);
#369=VERTEX_POINT('',#9387);
#370=EDGE_CURVE('',#286,#287,#228,.T.);
#371=EDGE_CURVE('',#286,#288,#143,.T.);
#372=EDGE_CURVE('',#289,#288,#131,.T.);
#373=EDGE_CURVE('',#287,#289,#144,.T.);
#374=EDGE_CURVE('',#290,#291,#229,.T.);
#375=EDGE_CURVE('',#290,#286,#145,.T.);
#376=EDGE_CURVE('',#291,#287,#146,.T.);
#377=EDGE_CURVE('',#292,#293,#230,.T.);
#378=EDGE_CURVE('',#292,#290,#147,.T.);
#379=EDGE_CURVE('',#293,#291,#148,.T.);
#380=EDGE_CURVE('',#294,#295,#231,.T.);
#381=EDGE_CURVE('',#294,#292,#149,.T.);
#382=EDGE_CURVE('',#295,#293,#150,.T.);
#383=EDGE_CURVE('',#296,#297,#232,.T.);
#384=EDGE_CURVE('',#296,#294,#151,.T.);
#385=EDGE_CURVE('',#297,#295,#152,.T.);
#386=EDGE_CURVE('',#298,#299,#233,.T.);
#387=EDGE_CURVE('',#298,#296,#153,.T.);
#388=EDGE_CURVE('',#299,#297,#154,.T.);
#389=EDGE_CURVE('',#300,#301,#234,.T.);
#390=EDGE_CURVE('',#300,#298,#155,.T.);
#391=EDGE_CURVE('',#301,#299,#156,.T.);
#392=EDGE_CURVE('',#302,#303,#235,.T.);
#393=EDGE_CURVE('',#302,#300,#157,.T.);
#394=EDGE_CURVE('',#303,#301,#158,.T.);
#395=EDGE_CURVE('',#304,#305,#236,.T.);
#396=EDGE_CURVE('',#306,#304,#132,.T.);
#397=EDGE_CURVE('',#306,#302,#159,.T.);
#398=EDGE_CURVE('',#305,#303,#160,.T.);
#399=EDGE_CURVE('',#307,#308,#237,.T.);
#400=EDGE_CURVE('',#309,#307,#161,.T.);
#401=EDGE_CURVE('',#308,#309,#133,.T.);
#402=EDGE_CURVE('',#310,#311,#238,.T.);
#403=EDGE_CURVE('',#307,#310,#162,.T.);
#404=EDGE_CURVE('',#312,#308,#134,.T.);
#405=EDGE_CURVE('',#311,#312,#163,.T.);
#406=EDGE_CURVE('',#313,#314,#239,.T.);
#407=EDGE_CURVE('',#310,#313,#164,.T.);
#408=EDGE_CURVE('',#314,#311,#165,.T.);
#409=EDGE_CURVE('',#315,#316,#240,.T.);
#410=EDGE_CURVE('',#313,#315,#166,.T.);
#411=EDGE_CURVE('',#316,#314,#167,.T.);
#412=EDGE_CURVE('',#317,#318,#241,.T.);
#413=EDGE_CURVE('',#315,#317,#168,.T.);
#414=EDGE_CURVE('',#318,#316,#169,.T.);
#415=EDGE_CURVE('',#319,#320,#242,.T.);
#416=EDGE_CURVE('',#317,#319,#170,.T.);
#417=EDGE_CURVE('',#320,#318,#171,.T.);
#418=EDGE_CURVE('',#321,#322,#243,.T.);
#419=EDGE_CURVE('',#319,#321,#172,.T.);
#420=EDGE_CURVE('',#322,#320,#173,.T.);
#421=EDGE_CURVE('',#323,#324,#244,.T.);
#422=EDGE_CURVE('',#321,#323,#174,.T.);
#423=EDGE_CURVE('',#324,#322,#175,.T.);
#424=EDGE_CURVE('',#325,#326,#245,.T.);
#425=EDGE_CURVE('',#323,#325,#176,.T.);
#426=EDGE_CURVE('',#326,#324,#177,.T.);
#427=EDGE_CURVE('',#327,#326,#178,.T.);
#428=EDGE_CURVE('',#328,#327,#135,.T.);
#429=EDGE_CURVE('',#325,#328,#179,.T.);
#430=EDGE_CURVE('',#309,#329,#180,.T.);
#431=EDGE_CURVE('',#329,#289,#181,.T.);
#432=EDGE_CURVE('',#288,#330,#182,.T.);
#433=EDGE_CURVE('',#330,#312,#183,.T.);
#434=EDGE_CURVE('',#331,#331,#136,.T.);
#435=EDGE_CURVE('',#332,#328,#184,.T.);
#436=EDGE_CURVE('',#332,#329,#185,.T.);
#437=EDGE_CURVE('',#333,#332,#186,.T.);
#438=EDGE_CURVE('',#333,#305,#187,.T.);
#439=EDGE_CURVE('',#304,#333,#137,.T.);
#440=EDGE_CURVE('',#334,#306,#188,.T.);
#441=EDGE_CURVE('',#334,#330,#189,.T.);
#442=EDGE_CURVE('',#327,#334,#190,.T.);
#443=EDGE_CURVE('',#331,#335,#246,.T.);
#444=EDGE_CURVE('',#335,#335,#138,.T.);
#445=EDGE_CURVE('',#336,#337,#247,.T.);
#446=EDGE_CURVE('',#337,#338,#191,.T.);
#447=EDGE_CURVE('',#339,#338,#139,.T.);
#448=EDGE_CURVE('',#336,#339,#192,.T.);
#449=EDGE_CURVE('',#340,#341,#248,.T.);
#450=EDGE_CURVE('',#341,#337,#193,.T.);
#451=EDGE_CURVE('',#340,#336,#194,.T.);
#452=EDGE_CURVE('',#342,#343,#249,.T.);
#453=EDGE_CURVE('',#343,#341,#195,.T.);
#454=EDGE_CURVE('',#342,#340,#196,.T.);
#455=EDGE_CURVE('',#344,#345,#250,.T.);
#456=EDGE_CURVE('',#345,#343,#197,.T.);
#457=EDGE_CURVE('',#344,#342,#198,.T.);
#458=EDGE_CURVE('',#346,#347,#251,.T.);
#459=EDGE_CURVE('',#347,#345,#199,.T.);
#460=EDGE_CURVE('',#346,#344,#200,.T.);
#461=EDGE_CURVE('',#348,#349,#252,.T.);
#462=EDGE_CURVE('',#349,#347,#201,.T.);
#463=EDGE_CURVE('',#348,#346,#202,.T.);
#464=EDGE_CURVE('',#350,#351,#253,.T.);
#465=EDGE_CURVE('',#351,#349,#203,.T.);
#466=EDGE_CURVE('',#350,#348,#204,.T.);
#467=EDGE_CURVE('',#352,#353,#254,.T.);
#468=EDGE_CURVE('',#353,#351,#205,.T.);
#469=EDGE_CURVE('',#352,#350,#206,.T.);
#470=EDGE_CURVE('',#354,#355,#255,.T.);
#471=EDGE_CURVE('',#356,#354,#207,.T.);
#472=EDGE_CURVE('',#357,#356,#140,.T.);
#473=EDGE_CURVE('',#357,#355,#208,.T.);
#474=EDGE_CURVE('',#355,#353,#209,.T.);
#475=EDGE_CURVE('',#354,#352,#210,.T.);
#476=EDGE_CURVE('',#338,#358,#211,.T.);
#477=EDGE_CURVE('',#359,#357,#212,.T.);
#478=EDGE_CURVE('',#359,#358,#213,.T.);
#479=EDGE_CURVE('',#358,#360,#214,.T.);
#480=EDGE_CURVE('',#361,#359,#215,.T.);
#481=EDGE_CURVE('',#361,#360,#216,.T.);
#482=EDGE_CURVE('',#360,#362,#217,.T.);
#483=EDGE_CURVE('',#363,#361,#218,.T.);
#484=EDGE_CURVE('',#363,#362,#219,.T.);
#485=EDGE_CURVE('',#364,#339,#220,.T.);
#486=EDGE_CURVE('',#365,#364,#221,.T.);
#487=EDGE_CURVE('',#356,#365,#222,.T.);
#488=EDGE_CURVE('',#366,#364,#223,.T.);
#489=EDGE_CURVE('',#367,#366,#224,.T.);
#490=EDGE_CURVE('',#365,#367,#225,.T.);
#491=EDGE_CURVE('',#362,#366,#226,.T.);
#492=EDGE_CURVE('',#367,#363,#227,.T.);
#493=EDGE_CURVE('',#368,#368,#141,.T.);
#494=EDGE_CURVE('',#368,#369,#256,.T.);
#495=EDGE_CURVE('',#369,#369,#142,.T.);
#496=ORIENTED_EDGE('',*,*,#370,.F.);
#497=ORIENTED_EDGE('',*,*,#371,.T.);
#498=ORIENTED_EDGE('',*,*,#372,.F.);
#499=ORIENTED_EDGE('',*,*,#373,.F.);
#500=ORIENTED_EDGE('',*,*,#374,.F.);
#501=ORIENTED_EDGE('',*,*,#375,.T.);
#502=ORIENTED_EDGE('',*,*,#370,.T.);
#503=ORIENTED_EDGE('',*,*,#376,.F.);
#504=ORIENTED_EDGE('',*,*,#377,.F.);
#505=ORIENTED_EDGE('',*,*,#378,.T.);
#506=ORIENTED_EDGE('',*,*,#374,.T.);
#507=ORIENTED_EDGE('',*,*,#379,.F.);
#508=ORIENTED_EDGE('',*,*,#380,.F.);
#509=ORIENTED_EDGE('',*,*,#381,.T.);
#510=ORIENTED_EDGE('',*,*,#377,.T.);
#511=ORIENTED_EDGE('',*,*,#382,.F.);
#512=ORIENTED_EDGE('',*,*,#383,.F.);
#513=ORIENTED_EDGE('',*,*,#384,.T.);
#514=ORIENTED_EDGE('',*,*,#380,.T.);
#515=ORIENTED_EDGE('',*,*,#385,.F.);
#516=ORIENTED_EDGE('',*,*,#386,.F.);
#517=ORIENTED_EDGE('',*,*,#387,.T.);
#518=ORIENTED_EDGE('',*,*,#383,.T.);
#519=ORIENTED_EDGE('',*,*,#388,.F.);
#520=ORIENTED_EDGE('',*,*,#389,.F.);
#521=ORIENTED_EDGE('',*,*,#390,.T.);
#522=ORIENTED_EDGE('',*,*,#386,.T.);
#523=ORIENTED_EDGE('',*,*,#391,.F.);
#524=ORIENTED_EDGE('',*,*,#392,.F.);
#525=ORIENTED_EDGE('',*,*,#393,.T.);
#526=ORIENTED_EDGE('',*,*,#389,.T.);
#527=ORIENTED_EDGE('',*,*,#394,.F.);
#528=ORIENTED_EDGE('',*,*,#395,.F.);
#529=ORIENTED_EDGE('',*,*,#396,.F.);
#530=ORIENTED_EDGE('',*,*,#397,.T.);
#531=ORIENTED_EDGE('',*,*,#392,.T.);
#532=ORIENTED_EDGE('',*,*,#398,.F.);
#533=ORIENTED_EDGE('',*,*,#399,.F.);
#534=ORIENTED_EDGE('',*,*,#400,.F.);
#535=ORIENTED_EDGE('',*,*,#401,.F.);
#536=ORIENTED_EDGE('',*,*,#402,.F.);
#537=ORIENTED_EDGE('',*,*,#403,.F.);
#538=ORIENTED_EDGE('',*,*,#399,.T.);
#539=ORIENTED_EDGE('',*,*,#404,.F.);
#540=ORIENTED_EDGE('',*,*,#405,.F.);
#541=ORIENTED_EDGE('',*,*,#406,.F.);
#542=ORIENTED_EDGE('',*,*,#407,.F.);
#543=ORIENTED_EDGE('',*,*,#402,.T.);
#544=ORIENTED_EDGE('',*,*,#408,.F.);
#545=ORIENTED_EDGE('',*,*,#409,.F.);
#546=ORIENTED_EDGE('',*,*,#410,.F.);
#547=ORIENTED_EDGE('',*,*,#406,.T.);
#548=ORIENTED_EDGE('',*,*,#411,.F.);
#549=ORIENTED_EDGE('',*,*,#412,.F.);
#550=ORIENTED_EDGE('',*,*,#413,.F.);
#551=ORIENTED_EDGE('',*,*,#409,.T.);
#552=ORIENTED_EDGE('',*,*,#414,.F.);
#553=ORIENTED_EDGE('',*,*,#415,.F.);
#554=ORIENTED_EDGE('',*,*,#416,.F.);
#555=ORIENTED_EDGE('',*,*,#412,.T.);
#556=ORIENTED_EDGE('',*,*,#417,.F.);
#557=ORIENTED_EDGE('',*,*,#418,.F.);
#558=ORIENTED_EDGE('',*,*,#419,.F.);
#559=ORIENTED_EDGE('',*,*,#415,.T.);
#560=ORIENTED_EDGE('',*,*,#420,.F.);
#561=ORIENTED_EDGE('',*,*,#421,.F.);
#562=ORIENTED_EDGE('',*,*,#422,.F.);
#563=ORIENTED_EDGE('',*,*,#418,.T.);
#564=ORIENTED_EDGE('',*,*,#423,.F.);
#565=ORIENTED_EDGE('',*,*,#424,.F.);
#566=ORIENTED_EDGE('',*,*,#425,.F.);
#567=ORIENTED_EDGE('',*,*,#421,.T.);
#568=ORIENTED_EDGE('',*,*,#426,.F.);
#569=ORIENTED_EDGE('',*,*,#424,.T.);
#570=ORIENTED_EDGE('',*,*,#427,.F.);
#571=ORIENTED_EDGE('',*,*,#428,.F.);
#572=ORIENTED_EDGE('',*,*,#429,.F.);
#573=ORIENTED_EDGE('',*,*,#404,.T.);
#574=ORIENTED_EDGE('',*,*,#401,.T.);
#575=ORIENTED_EDGE('',*,*,#430,.T.);
#576=ORIENTED_EDGE('',*,*,#431,.T.);
#577=ORIENTED_EDGE('',*,*,#372,.T.);
#578=ORIENTED_EDGE('',*,*,#432,.T.);
#579=ORIENTED_EDGE('',*,*,#433,.T.);
#580=ORIENTED_EDGE('',*,*,#434,.T.);
#581=ORIENTED_EDGE('',*,*,#400,.T.);
#582=ORIENTED_EDGE('',*,*,#403,.T.);
#583=ORIENTED_EDGE('',*,*,#407,.T.);
#584=ORIENTED_EDGE('',*,*,#410,.T.);
#585=ORIENTED_EDGE('',*,*,#413,.T.);
#586=ORIENTED_EDGE('',*,*,#416,.T.);
#587=ORIENTED_EDGE('',*,*,#419,.T.);
#588=ORIENTED_EDGE('',*,*,#422,.T.);
#589=ORIENTED_EDGE('',*,*,#425,.T.);
#590=ORIENTED_EDGE('',*,*,#429,.T.);
#591=ORIENTED_EDGE('',*,*,#435,.F.);
#592=ORIENTED_EDGE('',*,*,#436,.T.);
#593=ORIENTED_EDGE('',*,*,#430,.F.);
#594=ORIENTED_EDGE('',*,*,#431,.F.);
#595=ORIENTED_EDGE('',*,*,#436,.F.);
#596=ORIENTED_EDGE('',*,*,#437,.F.);
#597=ORIENTED_EDGE('',*,*,#438,.T.);
#598=ORIENTED_EDGE('',*,*,#398,.T.);
#599=ORIENTED_EDGE('',*,*,#394,.T.);
#600=ORIENTED_EDGE('',*,*,#391,.T.);
#601=ORIENTED_EDGE('',*,*,#388,.T.);
#602=ORIENTED_EDGE('',*,*,#385,.T.);
#603=ORIENTED_EDGE('',*,*,#382,.T.);
#604=ORIENTED_EDGE('',*,*,#379,.T.);
#605=ORIENTED_EDGE('',*,*,#376,.T.);
#606=ORIENTED_EDGE('',*,*,#373,.T.);
#607=ORIENTED_EDGE('',*,*,#395,.T.);
#608=ORIENTED_EDGE('',*,*,#438,.F.);
#609=ORIENTED_EDGE('',*,*,#439,.F.);
#610=ORIENTED_EDGE('',*,*,#432,.F.);
#611=ORIENTED_EDGE('',*,*,#371,.F.);
#612=ORIENTED_EDGE('',*,*,#375,.F.);
#613=ORIENTED_EDGE('',*,*,#378,.F.);
#614=ORIENTED_EDGE('',*,*,#381,.F.);
#615=ORIENTED_EDGE('',*,*,#384,.F.);
#616=ORIENTED_EDGE('',*,*,#387,.F.);
#617=ORIENTED_EDGE('',*,*,#390,.F.);
#618=ORIENTED_EDGE('',*,*,#393,.F.);
#619=ORIENTED_EDGE('',*,*,#397,.F.);
#620=ORIENTED_EDGE('',*,*,#440,.F.);
#621=ORIENTED_EDGE('',*,*,#441,.T.);
#622=ORIENTED_EDGE('',*,*,#427,.T.);
#623=ORIENTED_EDGE('',*,*,#426,.T.);
#624=ORIENTED_EDGE('',*,*,#423,.T.);
#625=ORIENTED_EDGE('',*,*,#420,.T.);
#626=ORIENTED_EDGE('',*,*,#417,.T.);
#627=ORIENTED_EDGE('',*,*,#414,.T.);
#628=ORIENTED_EDGE('',*,*,#411,.T.);
#629=ORIENTED_EDGE('',*,*,#408,.T.);
#630=ORIENTED_EDGE('',*,*,#405,.T.);
#631=ORIENTED_EDGE('',*,*,#433,.F.);
#632=ORIENTED_EDGE('',*,*,#441,.F.);
#633=ORIENTED_EDGE('',*,*,#442,.F.);
#634=ORIENTED_EDGE('',*,*,#434,.F.);
#635=ORIENTED_EDGE('',*,*,#443,.T.);
#636=ORIENTED_EDGE('',*,*,#444,.T.);
#637=ORIENTED_EDGE('',*,*,#443,.F.);
#638=ORIENTED_EDGE('',*,*,#428,.T.);
#639=ORIENTED_EDGE('',*,*,#442,.T.);
#640=ORIENTED_EDGE('',*,*,#440,.T.);
#641=ORIENTED_EDGE('',*,*,#396,.T.);
#642=ORIENTED_EDGE('',*,*,#439,.T.);
#643=ORIENTED_EDGE('',*,*,#437,.T.);
#644=ORIENTED_EDGE('',*,*,#435,.T.);
#645=ORIENTED_EDGE('',*,*,#444,.F.);
#646=ORIENTED_EDGE('',*,*,#445,.T.);
#647=ORIENTED_EDGE('',*,*,#446,.T.);
#648=ORIENTED_EDGE('',*,*,#447,.F.);
#649=ORIENTED_EDGE('',*,*,#448,.F.);
#650=ORIENTED_EDGE('',*,*,#449,.T.);
#651=ORIENTED_EDGE('',*,*,#450,.T.);
#652=ORIENTED_EDGE('',*,*,#445,.F.);
#653=ORIENTED_EDGE('',*,*,#451,.F.);
#654=ORIENTED_EDGE('',*,*,#452,.T.);
#655=ORIENTED_EDGE('',*,*,#453,.T.);
#656=ORIENTED_EDGE('',*,*,#449,.F.);
#657=ORIENTED_EDGE('',*,*,#454,.F.);
#658=ORIENTED_EDGE('',*,*,#455,.T.);
#659=ORIENTED_EDGE('',*,*,#456,.T.);
#660=ORIENTED_EDGE('',*,*,#452,.F.);
#661=ORIENTED_EDGE('',*,*,#457,.F.);
#662=ORIENTED_EDGE('',*,*,#458,.T.);
#663=ORIENTED_EDGE('',*,*,#459,.T.);
#664=ORIENTED_EDGE('',*,*,#455,.F.);
#665=ORIENTED_EDGE('',*,*,#460,.F.);
#666=ORIENTED_EDGE('',*,*,#461,.T.);
#667=ORIENTED_EDGE('',*,*,#462,.T.);
#668=ORIENTED_EDGE('',*,*,#458,.F.);
#669=ORIENTED_EDGE('',*,*,#463,.F.);
#670=ORIENTED_EDGE('',*,*,#464,.T.);
#671=ORIENTED_EDGE('',*,*,#465,.T.);
#672=ORIENTED_EDGE('',*,*,#461,.F.);
#673=ORIENTED_EDGE('',*,*,#466,.F.);
#674=ORIENTED_EDGE('',*,*,#467,.T.);
#675=ORIENTED_EDGE('',*,*,#468,.T.);
#676=ORIENTED_EDGE('',*,*,#464,.F.);
#677=ORIENTED_EDGE('',*,*,#469,.F.);
#678=ORIENTED_EDGE('',*,*,#470,.F.);
#679=ORIENTED_EDGE('',*,*,#471,.F.);
#680=ORIENTED_EDGE('',*,*,#472,.F.);
#681=ORIENTED_EDGE('',*,*,#473,.T.);
#682=ORIENTED_EDGE('',*,*,#470,.T.);
#683=ORIENTED_EDGE('',*,*,#474,.T.);
#684=ORIENTED_EDGE('',*,*,#467,.F.);
#685=ORIENTED_EDGE('',*,*,#475,.F.);
#686=ORIENTED_EDGE('',*,*,#476,.F.);
#687=ORIENTED_EDGE('',*,*,#446,.F.);
#688=ORIENTED_EDGE('',*,*,#450,.F.);
#689=ORIENTED_EDGE('',*,*,#453,.F.);
#690=ORIENTED_EDGE('',*,*,#456,.F.);
#691=ORIENTED_EDGE('',*,*,#459,.F.);
#692=ORIENTED_EDGE('',*,*,#462,.F.);
#693=ORIENTED_EDGE('',*,*,#465,.F.);
#694=ORIENTED_EDGE('',*,*,#468,.F.);
#695=ORIENTED_EDGE('',*,*,#474,.F.);
#696=ORIENTED_EDGE('',*,*,#473,.F.);
#697=ORIENTED_EDGE('',*,*,#477,.F.);
#698=ORIENTED_EDGE('',*,*,#478,.T.);
#699=ORIENTED_EDGE('',*,*,#479,.F.);
#700=ORIENTED_EDGE('',*,*,#478,.F.);
#701=ORIENTED_EDGE('',*,*,#480,.F.);
#702=ORIENTED_EDGE('',*,*,#481,.T.);
#703=ORIENTED_EDGE('',*,*,#482,.F.);
#704=ORIENTED_EDGE('',*,*,#481,.F.);
#705=ORIENTED_EDGE('',*,*,#483,.F.);
#706=ORIENTED_EDGE('',*,*,#484,.T.);
#707=ORIENTED_EDGE('',*,*,#485,.F.);
#708=ORIENTED_EDGE('',*,*,#486,.F.);
#709=ORIENTED_EDGE('',*,*,#487,.F.);
#710=ORIENTED_EDGE('',*,*,#471,.T.);
#711=ORIENTED_EDGE('',*,*,#475,.T.);
#712=ORIENTED_EDGE('',*,*,#469,.T.);
#713=ORIENTED_EDGE('',*,*,#466,.T.);
#714=ORIENTED_EDGE('',*,*,#463,.T.);
#715=ORIENTED_EDGE('',*,*,#460,.T.);
#716=ORIENTED_EDGE('',*,*,#457,.T.);
#717=ORIENTED_EDGE('',*,*,#454,.T.);
#718=ORIENTED_EDGE('',*,*,#451,.T.);
#719=ORIENTED_EDGE('',*,*,#448,.T.);
#720=ORIENTED_EDGE('',*,*,#488,.F.);
#721=ORIENTED_EDGE('',*,*,#489,.F.);
#722=ORIENTED_EDGE('',*,*,#490,.F.);
#723=ORIENTED_EDGE('',*,*,#486,.T.);
#724=ORIENTED_EDGE('',*,*,#491,.F.);
#725=ORIENTED_EDGE('',*,*,#484,.F.);
#726=ORIENTED_EDGE('',*,*,#492,.F.);
#727=ORIENTED_EDGE('',*,*,#489,.T.);
#728=ORIENTED_EDGE('',*,*,#493,.F.);
#729=ORIENTED_EDGE('',*,*,#494,.T.);
#730=ORIENTED_EDGE('',*,*,#495,.T.);
#731=ORIENTED_EDGE('',*,*,#494,.F.);
#732=ORIENTED_EDGE('',*,*,#493,.T.);
#733=ORIENTED_EDGE('',*,*,#491,.T.);
#734=ORIENTED_EDGE('',*,*,#488,.T.);
#735=ORIENTED_EDGE('',*,*,#485,.T.);
#736=ORIENTED_EDGE('',*,*,#447,.T.);
#737=ORIENTED_EDGE('',*,*,#476,.T.);
#738=ORIENTED_EDGE('',*,*,#479,.T.);
#739=ORIENTED_EDGE('',*,*,#482,.T.);
#740=ORIENTED_EDGE('',*,*,#495,.F.);
#741=ORIENTED_EDGE('',*,*,#483,.T.);
#742=ORIENTED_EDGE('',*,*,#480,.T.);
#743=ORIENTED_EDGE('',*,*,#477,.T.);
#744=ORIENTED_EDGE('',*,*,#472,.T.);
#745=ORIENTED_EDGE('',*,*,#487,.T.);
#746=ORIENTED_EDGE('',*,*,#490,.T.);
#747=ORIENTED_EDGE('',*,*,#492,.T.);
#748=CYLINDRICAL_SURFACE('',#841,19.476);
#749=CYLINDRICAL_SURFACE('',#843,19.476);
#750=CYLINDRICAL_SURFACE('',#844,19.476);
#751=CYLINDRICAL_SURFACE('',#845,19.476);
#752=CYLINDRICAL_SURFACE('',#846,19.476);
#753=CYLINDRICAL_SURFACE('',#847,19.476);
#754=CYLINDRICAL_SURFACE('',#848,19.476);
#755=CYLINDRICAL_SURFACE('',#849,19.476);
#756=CYLINDRICAL_SURFACE('',#850,19.476);
#757=CYLINDRICAL_SURFACE('',#852,20.);
#758=CYLINDRICAL_SURFACE('',#854,20.);
#759=CYLINDRICAL_SURFACE('',#856,20.);
#760=CYLINDRICAL_SURFACE('',#857,20.);
#761=CYLINDRICAL_SURFACE('',#858,20.);
#762=CYLINDRICAL_SURFACE('',#859,20.);
#763=CYLINDRICAL_SURFACE('',#860,20.);
#764=CYLINDRICAL_SURFACE('',#861,20.);
#765=CYLINDRICAL_SURFACE('',#862,20.);
#766=CYLINDRICAL_SURFACE('',#863,20.);
#767=CYLINDRICAL_SURFACE('',#867,19.476);
#768=CYLINDRICAL_SURFACE('',#869,15.);
#769=CYLINDRICAL_SURFACE('',#872,20.955);
#770=CYLINDRICAL_SURFACE('',#874,20.955);
#771=CYLINDRICAL_SURFACE('',#875,20.955);
#772=CYLINDRICAL_SURFACE('',#876,20.955);
#773=CYLINDRICAL_SURFACE('',#877,20.955);
#774=CYLINDRICAL_SURFACE('',#878,20.955);
#775=CYLINDRICAL_SURFACE('',#879,20.955);
#776=CYLINDRICAL_SURFACE('',#880,20.955);
#777=CYLINDRICAL_SURFACE('',#881,20.955);
#778=CYLINDRICAL_SURFACE('',#883,20.955);
#779=CYLINDRICAL_SURFACE('',#884,25.);
#780=ADVANCED_FACE('',(#35),#748,.T.);
#781=ADVANCED_FACE('',(#36),#749,.T.);
#782=ADVANCED_FACE('',(#37),#750,.T.);
#783=ADVANCED_FACE('',(#38),#751,.T.);
#784=ADVANCED_FACE('',(#39),#752,.T.);
#785=ADVANCED_FACE('',(#40),#753,.T.);
#786=ADVANCED_FACE('',(#41),#754,.T.);
#787=ADVANCED_FACE('',(#42),#755,.T.);
#788=ADVANCED_FACE('',(#43),#756,.T.);
#789=ADVANCED_FACE('',(#44),#757,.T.);
#790=ADVANCED_FACE('',(#45),#758,.T.);
#791=ADVANCED_FACE('',(#46),#759,.T.);
#792=ADVANCED_FACE('',(#47),#760,.T.);
#793=ADVANCED_FACE('',(#48),#761,.T.);
#794=ADVANCED_FACE('',(#49),#762,.T.);
#795=ADVANCED_FACE('',(#50),#763,.T.);
#796=ADVANCED_FACE('',(#51),#764,.T.);
#797=ADVANCED_FACE('',(#52),#765,.T.);
#798=ADVANCED_FACE('',(#53),#766,.T.);
#799=ADVANCED_FACE('',(#54,#27),#31,.T.);
#800=ADVANCED_FACE('',(#55),#17,.F.);
#801=ADVANCED_FACE('',(#56),#18,.F.);
#802=ADVANCED_FACE('',(#57),#767,.T.);
#803=ADVANCED_FACE('',(#58),#19,.F.);
#804=ADVANCED_FACE('',(#59),#20,.F.);
#805=ADVANCED_FACE('',(#60),#768,.F.);
#806=ADVANCED_FACE('',(#61,#28),#32,.F.);
#807=ADVANCED_FACE('',(#62),#769,.F.);
#808=ADVANCED_FACE('',(#63),#770,.F.);
#809=ADVANCED_FACE('',(#64),#771,.F.);
#810=ADVANCED_FACE('',(#65),#772,.F.);
#811=ADVANCED_FACE('',(#66),#773,.F.);
#812=ADVANCED_FACE('',(#67),#774,.F.);
#813=ADVANCED_FACE('',(#68),#775,.F.);
#814=ADVANCED_FACE('',(#69),#776,.F.);
#815=ADVANCED_FACE('',(#70),#777,.F.);
#816=ADVANCED_FACE('',(#71),#778,.F.);
#817=ADVANCED_FACE('',(#72),#21,.F.);
#818=ADVANCED_FACE('',(#73),#22,.F.);
#819=ADVANCED_FACE('',(#74),#23,.T.);
#820=ADVANCED_FACE('',(#75),#24,.F.);
#821=ADVANCED_FACE('',(#76),#25,.F.);
#822=ADVANCED_FACE('',(#77),#26,.T.);
#823=ADVANCED_FACE('',(#78),#779,.T.);
#824=ADVANCED_FACE('',(#79,#29),#33,.T.);
#825=ADVANCED_FACE('',(#80,#30),#34,.F.);
#826=CLOSED_SHELL('',(#780,#781,#782,#783,#784,#785,#786,#787,#788,#789,
#790,#791,#792,#793,#794,#795,#796,#797,#798,#799,#800,#801,#802,#803,#804,
#805,#806));
#827=CLOSED_SHELL('',(#807,#808,#809,#810,#811,#812,#813,#814,#815,#816,
#817,#818,#819,#820,#821,#822,#823,#824,#825));
#828=DERIVED_UNIT_ELEMENT(#830,1.);
#829=DERIVED_UNIT_ELEMENT(#9397,-3.);
#830=(
MASS_UNIT()
NAMED_UNIT(*)
SI_UNIT(.KILO.,.GRAM.)
);
#831=DERIVED_UNIT((#828,#829));
#832=MEASURE_REPRESENTATION_ITEM('density measure',
POSITIVE_RATIO_MEASURE(7850.),#831);
#833=PROPERTY_DEFINITION_REPRESENTATION(#838,#835);
#834=PROPERTY_DEFINITION_REPRESENTATION(#839,#836);
#835=REPRESENTATION('material name',(#837),#9394);
#836=REPRESENTATION('density',(#832),#9394);
#837=DESCRIPTIVE_REPRESENTATION_ITEM('Steel','Steel');
#838=PROPERTY_DEFINITION('material property','material name',#9404);
#839=PROPERTY_DEFINITION('material property','density of part',#9404);
#840=AXIS2_PLACEMENT_3D('',#1016,#889,#890);
#841=AXIS2_PLACEMENT_3D('',#1017,#891,#892);
#842=AXIS2_PLACEMENT_3D('',#1036,#894,#895);
#843=AXIS2_PLACEMENT_3D('',#1049,#896,#897);
#844=AXIS2_PLACEMENT_3D('',#1085,#899,#900);
#845=AXIS2_PLACEMENT_3D('',#1123,#902,#903);
#846=AXIS2_PLACEMENT_3D('',#1161,#905,#906);
#847=AXIS2_PLACEMENT_3D('',#1199,#908,#909);
#848=AXIS2_PLACEMENT_3D('',#1236,#911,#912);
#849=AXIS2_PLACEMENT_3D('',#1273,#914,#915);
#850=AXIS2_PLACEMENT_3D('',#1311,#917,#918);
#851=AXIS2_PLACEMENT_3D('',#1316,#920,#921);
#852=AXIS2_PLACEMENT_3D('',#1350,#922,#923);
#853=AXIS2_PLACEMENT_3D('',#1374,#925,#926);
#854=AXIS2_PLACEMENT_3D('',#1375,#927,#928);
#855=AXIS2_PLACEMENT_3D('',#1423,#930,#931);
#856=AXIS2_PLACEMENT_3D('',#1461,#932,#933);
#857=AXIS2_PLACEMENT_3D('',#1545,#935,#936);
#858=AXIS2_PLACEMENT_3D('',#1635,#938,#939);
#859=AXIS2_PLACEMENT_3D('',#1719,#941,#942);
#860=AXIS2_PLACEMENT_3D('',#1809,#944,#945);
#861=AXIS2_PLACEMENT_3D('',#1899,#947,#948);
#862=AXIS2_PLACEMENT_3D('',#1983,#950,#951);
#863=AXIS2_PLACEMENT_3D('',#2073,#953,#954);
#864=AXIS2_PLACEMENT_3D('',#2107,#955,#956);
#865=AXIS2_PLACEMENT_3D('',#2118,#957,#958);
#866=AXIS2_PLACEMENT_3D('',#2207,#959,#960);
#867=AXIS2_PLACEMENT_3D('',#3396,#961,#962);
#868=AXIS2_PLACEMENT_3D('',#3397,#963,#964);
#869=AXIS2_PLACEMENT_3D('',#4582,#965,#966);
#870=AXIS2_PLACEMENT_3D('',#4585,#968,#969);
#871=AXIS2_PLACEMENT_3D('',#4586,#970,#971);
#872=AXIS2_PLACEMENT_3D('',#4587,#972,#973);
#873=AXIS2_PLACEMENT_3D('',#4598,#975,#976);
#874=AXIS2_PLACEMENT_3D('',#4606,#977,#978);
#875=AXIS2_PLACEMENT_3D('',#4643,#980,#981);
#876=AXIS2_PLACEMENT_3D('',#4681,#983,#984);
#877=AXIS2_PLACEMENT_3D('',#4718,#986,#987);
#878=AXIS2_PLACEMENT_3D('',#4756,#989,#990);
#879=AXIS2_PLACEMENT_3D('',#4793,#992,#993);
#880=AXIS2_PLACEMENT_3D('',#4831,#995,#996);
#881=AXIS2_PLACEMENT_3D('',#4868,#998,#999);
#882=AXIS2_PLACEMENT_3D('',#4883,#1001,#1002);
#883=AXIS2_PLACEMENT_3D('',#4895,#1003,#1004);
#884=AXIS2_PLACEMENT_3D('',#9384,#1005,#1006);
#885=AXIS2_PLACEMENT_3D('',#9386,#1007,#1008);
#886=AXIS2_PLACEMENT_3D('',#9389,#1010,#1011);
#887=AXIS2_PLACEMENT_3D('',#9390,#1012,#1013);
#888=AXIS2_PLACEMENT_3D('',#9391,#1014,#1015);
#889=DIRECTION('axis',(0.,0.,1.));
#890=DIRECTION('refdir',(1.,0.,0.));
#891=DIRECTION('center_axis',(0.,1.,0.));
#892=DIRECTION('ref_axis',(1.,0.,-1.95552349931478E-14));
#893=DIRECTION('',(0.,1.,0.));
#894=DIRECTION('center_axis',(0.,1.,0.));
#895=DIRECTION('ref_axis',(1.,0.,-1.95552349931478E-14));
#896=DIRECTION('center_axis',(0.,1.,0.));
#897=DIRECTION('ref_axis',(1.,0.,-1.95552349931478E-14));
#898=DIRECTION('',(0.,1.,0.));
#899=DIRECTION('center_axis',(0.,1.,0.));
#900=DIRECTION('ref_axis',(1.,0.,-1.95552349931478E-14));
#901=DIRECTION('',(0.,1.,0.));
#902=DIRECTION('center_axis',(0.,1.,0.));
#903=DIRECTION('ref_axis',(1.,0.,-1.95552349931478E-14));
#904=DIRECTION('',(0.,1.,0.));
#905=DIRECTION('center_axis',(0.,1.,0.));
#906=DIRECTION('ref_axis',(1.,0.,-1.95552349931478E-14));
#907=DIRECTION('',(0.,1.,0.));
#908=DIRECTION('center_axis',(0.,1.,0.));
#909=DIRECTION('ref_axis',(1.,0.,-1.95552349931478E-14));
#910=DIRECTION('',(0.,1.,0.));
#911=DIRECTION('center_axis',(0.,1.,0.));
#912=DIRECTION('ref_axis',(1.,0.,-1.95552349931478E-14));
#913=DIRECTION('',(0.,1.,0.));
#914=DIRECTION('center_axis',(0.,1.,0.));
#915=DIRECTION('ref_axis',(1.,0.,-1.95552349931478E-14));
#916=DIRECTION('',(0.,1.,0.));
#917=DIRECTION('center_axis',(0.,1.,0.));
#918=DIRECTION('ref_axis',(1.,0.,-1.95552349931478E-14));
#919=DIRECTION('',(0.,1.,0.));
#920=DIRECTION('center_axis',(0.,-1.,0.));
#921=DIRECTION('ref_axis',(1.,0.,-1.95552349931478E-14));
#922=DIRECTION('center_axis',(0.,1.,0.));
#923=DIRECTION('ref_axis',(-0.188220742775249,0.,0.982126749451991));
#924=DIRECTION('',(0.,1.,0.));
#925=DIRECTION('center_axis',(0.,1.,0.));
#926=DIRECTION('ref_axis',(1.,0.,0.));
#927=DIRECTION('center_axis',(0.,1.,0.));
#928=DIRECTION('ref_axis',(1.,0.,0.));
#929=DIRECTION('',(0.,1.,0.));
#930=DIRECTION('center_axis',(0.,1.,0.));
#931=DIRECTION('ref_axis',(1.,0.,0.));
#932=DIRECTION('center_axis',(0.,1.,0.));
#933=DIRECTION('ref_axis',(1.,0.,0.));
#934=DIRECTION('',(0.,1.,0.));
#935=DIRECTION('center_axis',(0.,1.,0.));
#936=DIRECTION('ref_axis',(1.,0.,0.));
#937=DIRECTION('',(0.,1.,0.));
#938=DIRECTION('center_axis',(0.,1.,0.));
#939=DIRECTION('ref_axis',(1.,0.,0.));
#940=DIRECTION('',(0.,1.,0.));
#941=DIRECTION('center_axis',(0.,1.,0.));
#942=DIRECTION('ref_axis',(1.,0.,0.));
#943=DIRECTION('',(0.,1.,0.));
#944=DIRECTION('center_axis',(0.,1.,0.));
#945=DIRECTION('ref_axis',(1.,0.,0.));
#946=DIRECTION('',(0.,1.,0.));
#947=DIRECTION('center_axis',(0.,1.,0.));
#948=DIRECTION('ref_axis',(1.,0.,0.));
#949=DIRECTION('',(0.,1.,0.));
#950=DIRECTION('center_axis',(0.,1.,0.));
#951=DIRECTION('ref_axis',(1.,0.,0.));
#952=DIRECTION('',(0.,1.,0.));
#953=DIRECTION('center_axis',(0.,1.,0.));
#954=DIRECTION('ref_axis',(0.767112988220623,0.,-0.641512013374049));
#955=DIRECTION('center_axis',(0.,-1.,0.));
#956=DIRECTION('ref_axis',(1.,0.,0.));
#957=DIRECTION('center_axis',(0.,1.,0.));
#958=DIRECTION('ref_axis',(1.,0.,0.));
#959=DIRECTION('center_axis',(0.,-1.,0.));
#960=DIRECTION('ref_axis',(1.,0.,0.));
#961=DIRECTION('center_axis',(0.,1.,0.));
#962=DIRECTION('ref_axis',(-0.997976618762971,0.,-0.0635819817434767));
#963=DIRECTION('center_axis',(0.,-1.,0.));
#964=DIRECTION('ref_axis',(1.,0.,-1.95552349931478E-14));
#965=DIRECTION('center_axis',(0.,1.,0.));
#966=DIRECTION('ref_axis',(1.,0.,0.));
#967=DIRECTION('',(0.,-1.,0.));
#968=DIRECTION('center_axis',(0.,-1.,0.));
#969=DIRECTION('ref_axis',(1.,0.,0.));
#970=DIRECTION('center_axis',(0.,1.,0.));
#971=DIRECTION('ref_axis',(1.,0.,0.));
#972=DIRECTION('center_axis',(0.,1.,0.));
#973=DIRECTION('ref_axis',(-0.813807258846681,0.,0.581134877157146));
#974=DIRECTION('',(1.22464679914735E-16,1.,-2.26539530447474E-30));
#975=DIRECTION('center_axis',(0.,-1.,0.));
#976=DIRECTION('ref_axis',(1.,0.,-1.83758917935762E-14));
#977=DIRECTION('center_axis',(0.,1.,0.));
#978=DIRECTION('ref_axis',(1.,0.,-1.83758917935762E-14));
#979=DIRECTION('',(1.22464679914735E-16,1.,-2.26539530447474E-30));
#980=DIRECTION('center_axis',(0.,1.,0.));
#981=DIRECTION('ref_axis',(1.,0.,-1.83758917935762E-14));
#982=DIRECTION('',(1.22464679914735E-16,1.,-2.26539530447474E-30));
#983=DIRECTION('center_axis',(0.,1.,0.));
#984=DIRECTION('ref_axis',(1.,0.,-1.83758917935762E-14));
#985=DIRECTION('',(1.22464679914735E-16,1.,-2.26539530447474E-30));
#986=DIRECTION('center_axis',(0.,1.,0.));
#987=DIRECTION('ref_axis',(1.,0.,-1.83758917935762E-14));
#988=DIRECTION('',(1.22464679914735E-16,1.,-2.26539530447474E-30));
#989=DIRECTION('center_axis',(0.,1.,0.));
#990=DIRECTION('ref_axis',(1.,0.,-1.83758917935762E-14));
#991=DIRECTION('',(1.22464679914735E-16,1.,-2.26539530447474E-30));
#992=DIRECTION('center_axis',(0.,1.,0.));
#993=DIRECTION('ref_axis',(1.,0.,-1.83758917935762E-14));
#994=DIRECTION('',(1.22464679914735E-16,1.,-2.26539530447474E-30));
#995=DIRECTION('center_axis',(0.,1.,0.));
#996=DIRECTION('ref_axis',(1.,0.,-1.83758917935762E-14));
#997=DIRECTION('',(1.22464679914735E-16,1.,-2.26539530447474E-30));
#998=DIRECTION('center_axis',(0.,1.,0.));
#999=DIRECTION('ref_axis',(0.112771766462722,0.,-0.993620918000863));
#1000=DIRECTION('',(1.22464679914735E-16,1.,-2.26539530447474E-30));
#1001=DIRECTION('center_axis',(0.,1.,0.));
#1002=DIRECTION('ref_axis',(1.,0.,-1.83758917935762E-14));
#1003=DIRECTION('center_axis',(0.,1.,0.));
#1004=DIRECTION('ref_axis',(1.,0.,-1.83758917935762E-14));
#1005=DIRECTION('center_axis',(0.,1.,0.));
#1006=DIRECTION('ref_axis',(1.,0.,0.));
#1007=DIRECTION('center_axis',(0.,1.,0.));
#1008=DIRECTION('ref_axis',(1.,0.,0.));
#1009=DIRECTION('',(0.,-1.,0.));
#1010=DIRECTION('center_axis',(0.,1.,0.));
#1011=DIRECTION('ref_axis',(1.,0.,0.));
#1012=DIRECTION('center_axis',(0.,1.,0.));
#1013=DIRECTION('ref_axis',(1.,0.,0.));
#1014=DIRECTION('center_axis',(0.,1.,0.));
#1015=DIRECTION('ref_axis',(1.,0.,0.));
#1016=CARTESIAN_POINT('',(0.,0.,0.));
#1017=CARTESIAN_POINT('Origin',(0.,-3.51040885450337,0.));
#1018=CARTESIAN_POINT('',(-19.4758586242358,18.4259547818603,0.000475954853740884));
#1019=CARTESIAN_POINT('',(-19.4765324696779,18.5194997635943,0.00043992366919321));
#1020=CARTESIAN_POINT('',(-19.476,-3.51040885450337,3.83242878832566E-13));
#1021=CARTESIAN_POINT('',(8.10676601318873,20.,-17.7086114872795));
#1022=CARTESIAN_POINT('Ctrl Pts',(-19.4758586242358,18.4259547818603,0.000475954853740995));
#1023=CARTESIAN_POINT('Ctrl Pts',(-19.4766243134155,18.4407539815041,0.78476753977385));
#1024=CARTESIAN_POINT('Ctrl Pts',(-19.240455131099,18.5159138098432,4.76744482867597));
#1025=CARTESIAN_POINT('Ctrl Pts',(-16.5826716494582,18.6514342668778,11.6776358096757));
#1026=CARTESIAN_POINT('Ctrl Pts',(-9.08605723005443,18.832516152964,18.132726437334));
#1027=CARTESIAN_POINT('Ctrl Pts',(0.572238516385187,19.0135980390502,20.2737301295749));
#1028=CARTESIAN_POINT('Ctrl Pts',(10.0944561498677,19.1946799251364,17.5913487677346));
#1029=CARTESIAN_POINT('Ctrl Pts',(17.2149150489855,19.3757618112226,10.723606536637));
#1030=CARTESIAN_POINT('Ctrl Pts',(20.2399283293401,19.5568436973088,1.30475184825573));
#1031=CARTESIAN_POINT('Ctrl Pts',(18.4490528324607,19.7379255833949,-8.42491744228736));
#1032=CARTESIAN_POINT('Ctrl Pts',(13.408306476928,19.8856443509587,-14.7262092748288));
#1033=CARTESIAN_POINT('Ctrl Pts',(9.40753883105981,19.9730024898271,-17.1119280909577));
#1034=CARTESIAN_POINT('Ctrl Pts',(8.10611386893146,20.,-17.7073050762474));
#1035=CARTESIAN_POINT('',(12.3046217852882,20.,-15.0967168192628));
#1036=CARTESIAN_POINT('Origin',(0.,20.,0.));
#1037=CARTESIAN_POINT('Ctrl Pts',(-19.4765324696779,18.5194997635943,0.000439923669194181));
#1038=CARTESIAN_POINT('Ctrl Pts',(-19.4770780286934,18.530114812833,0.562934138291648));
#1039=CARTESIAN_POINT('Ctrl Pts',(-19.3173143540846,18.6010904907671,4.32364371274773));
#1040=CARTESIAN_POINT('Ctrl Pts',(-16.9717773458315,18.7324267973966,11.1045201905908));
#1041=CARTESIAN_POINT('Ctrl Pts',(-9.69999180758183,18.9135086834828,17.8118991498956));
#1042=CARTESIAN_POINT('Ctrl Pts',(-0.120406218771537,19.094590569569,20.2813843425852));
#1043=CARTESIAN_POINT('Ctrl Pts',(9.48778684208476,19.2756724556552,17.9259300734363));
#1044=CARTESIAN_POINT('Ctrl Pts',(16.8387632228437,19.4567543417414,11.3049918318499));
#1045=CARTESIAN_POINT('Ctrl Pts',(20.183381612584,19.6378362278276,1.99564586673121));
#1046=CARTESIAN_POINT('Ctrl Pts',(18.7263881963821,19.8189181139138,-7.79098648398669));
#1047=CARTESIAN_POINT('Ctrl Pts',(14.784184517068,19.9396393713046,-13.0757421946002));
#1048=CARTESIAN_POINT('Ctrl Pts',(12.3046217852882,20.,-15.0967168192628));
#1049=CARTESIAN_POINT('Origin',(0.,-3.51040885450337,0.));
#1050=CARTESIAN_POINT('',(-19.4775902784976,16.1168638727694,-1.02921202689425E-5));
#1051=CARTESIAN_POINT('',(-19.4773639898051,16.2104088545034,-0.000223586763955091));
#1052=CARTESIAN_POINT('',(-19.476,-3.51040885450337,3.83242878832566E-13));
#1053=CARTESIAN_POINT('Ctrl Pts',(-19.4775898744013,16.1168638727694,-1.02895049987036E-5));
#1054=CARTESIAN_POINT('Ctrl Pts',(-19.4774872299367,16.1770324977653,3.18783890953091));
#1055=CARTESIAN_POINT('Ctrl Pts',(-17.877097948496,16.2975617514567,9.57380938617342));
#1056=CARTESIAN_POINT('Ctrl Pts',(-11.2315910902118,16.4784516338435,16.8879684591666));
#1057=CARTESIAN_POINT('Ctrl Pts',(-1.90685891264423,16.6595335199297,20.1919787605138));
#1058=CARTESIAN_POINT('Ctrl Pts',(7.87154486761941,16.8406154060159,18.6920009164613));
#1059=CARTESIAN_POINT('Ctrl Pts',(15.7771848062297,17.0216972921021,12.7449031859615));
#1060=CARTESIAN_POINT('Ctrl Pts',(19.9291852228909,17.2027791781882,3.7655932526227));
#1061=CARTESIAN_POINT('Ctrl Pts',(19.3397202872379,17.3838610642745,-6.10961025195008));
#1062=CARTESIAN_POINT('Ctrl Pts',(14.1490326968462,17.5649429503606,-14.5312418760958));
#1063=CARTESIAN_POINT('Ctrl Pts',(5.59206884412478,17.7460248364468,-19.4956631129783));
#1064=CARTESIAN_POINT('Ctrl Pts',(-4.29533642946115,17.9271067225331,-19.8217611120001));
#1065=CARTESIAN_POINT('Ctrl Pts',(-13.1608126531274,18.1081886086192,-15.431950588488));
#1066=CARTESIAN_POINT('Ctrl Pts',(-18.426481844821,18.2744712950616,-8.02946235636902));
#1067=CARTESIAN_POINT('Ctrl Pts',(-19.4735013418101,18.3803933528087,-2.41407660624609));
#1068=CARTESIAN_POINT('Ctrl Pts',(-19.4758586242358,18.4259547818603,0.000475954853740995));
#1069=CARTESIAN_POINT('Ctrl Pts',(-19.4773639898051,16.2104088545034,-0.000223586763954987));
#1070=CARTESIAN_POINT('Ctrl Pts',(-19.4756131159767,16.2663933290943,2.96604146088961));
#1071=CARTESIAN_POINT('Ctrl Pts',(-18.0457611604268,16.3827384323806,9.13206734441064));
#1072=CARTESIAN_POINT('Ctrl Pts',(-11.8017539686744,16.5594441643623,16.4945664388449));
#1073=CARTESIAN_POINT('Ctrl Pts',(-2.59529045559306,16.7405260504486,20.1150835681248));
#1074=CARTESIAN_POINT('Ctrl Pts',(7.22863332923308,16.9216079365347,18.949907078059));
#1075=CARTESIAN_POINT('Ctrl Pts',(15.3327519662869,17.1026898226209,13.2762508725014));
#1076=CARTESIAN_POINT('Ctrl Pts',(19.7889686859402,17.2837717087071,4.44396635222834));
#1077=CARTESIAN_POINT('Ctrl Pts',(19.5370796317331,17.4648535947933,-5.44560699458054));
#1078=CARTESIAN_POINT('Ctrl Pts',(14.6370133011267,17.6459354808795,-14.039585892731));
#1079=CARTESIAN_POINT('Ctrl Pts',(6.25457197157475,17.8270173669657,-19.2933257931221));
#1080=CARTESIAN_POINT('Ctrl Pts',(-3.61592966967774,18.0080992530519,-19.9568841568357));
#1081=CARTESIAN_POINT('Ctrl Pts',(-12.6261456933825,18.1891811391381,-15.8723812667479));
#1082=CARTESIAN_POINT('Ctrl Pts',(-18.2803146993994,18.3596479759855,-8.47240166647217));
#1083=CARTESIAN_POINT('Ctrl Pts',(-19.4739758023704,18.4697541841376,-2.63559124473443));
#1084=CARTESIAN_POINT('Ctrl Pts',(-19.4765324696779,18.5194997635943,0.000439923669194181));
#1085=CARTESIAN_POINT('Origin',(0.,-3.51040885450337,0.));
#1086=CARTESIAN_POINT('',(-19.4757984247435,13.8077729636784,-0.000474510225770563));
#1087=CARTESIAN_POINT('',(-19.4751842128923,13.9013179454125,-0.000418707160294018));
#1088=CARTESIAN_POINT('',(-19.476,-3.51040885450337,3.83242878832566E-13));
#1089=CARTESIAN_POINT('Ctrl Pts',(-19.4757984247435,13.8077729636784,-0.000474510225770691));
#1090=CARTESIAN_POINT('Ctrl Pts',(-19.4734793150585,13.8529503853312,2.39374883473355));
#1091=CARTESIAN_POINT('Ctrl Pts',(-18.4394537836716,13.9584884356794,7.98879334166824));
#1092=CARTESIAN_POINT('Ctrl Pts',(-13.209123418681,14.124387114723,15.3906197279955));
#1093=CARTESIAN_POINT('Ctrl Pts',(-4.35745074052566,14.3054690008092,19.8081988112396));
#1094=CARTESIAN_POINT('Ctrl Pts',(5.53092774594317,14.4865508868954,19.5130970215111));
#1095=CARTESIAN_POINT('Ctrl Pts',(14.1034118572308,14.6676327729816,14.5755236985484));
#1096=CARTESIAN_POINT('Ctrl Pts',(19.3204733005375,14.8487146590678,6.17020490300704));
#1097=CARTESIAN_POINT('Ctrl Pts',(19.9408914120504,15.029796545154,-3.70310232025844));
#1098=CARTESIAN_POINT('Ctrl Pts',(15.8170590017162,15.2108784312401,-12.6953834773939));
#1099=CARTESIAN_POINT('Ctrl Pts',(7.93010041643342,15.3919603173264,-18.6672339806234));
#1100=CARTESIAN_POINT('Ctrl Pts',(-1.84355331500233,15.5730422034125,-20.1978570218404));
#1101=CARTESIAN_POINT('Ctrl Pts',(-11.1785968262644,15.7541240894987,-16.9230933963692));
#1102=CARTESIAN_POINT('Ctrl Pts',(-17.8540769940952,15.9352059755849,-9.62206068268001));
#1103=CARTESIAN_POINT('Ctrl Pts',(-19.4751281321532,16.0561192366751,-3.21837750244863));
#1104=CARTESIAN_POINT('Ctrl Pts',(-19.4775902019493,16.11667186907,-0.0101830139015116));
#1105=CARTESIAN_POINT('Ctrl Pts',(-19.4775898744013,16.1168638727694,-1.02895049987036E-5));
#1106=CARTESIAN_POINT('Ctrl Pts',(-19.4751842128923,13.9013179454125,-0.00041870716029388));
#1107=CARTESIAN_POINT('Ctrl Pts',(-19.4734243948726,13.9423112166602,2.17225830029162));
#1108=CARTESIAN_POINT('Ctrl Pts',(-18.5760484711814,14.0436651166033,7.54551601216409));
#1109=CARTESIAN_POINT('Ctrl Pts',(-13.7269993436292,14.2053796452418,14.9305595339961));
#1110=CARTESIAN_POINT('Ctrl Pts',(-5.03134710092985,14.386461531328,19.6478412383661));
#1111=CARTESIAN_POINT('Ctrl Pts',(4.86134145354012,14.5675434174142,19.6905936490096));
#1112=CARTESIAN_POINT('Ctrl Pts',(13.5974407035826,14.7486253035004,15.0486452975175));
#1113=CARTESIAN_POINT('Ctrl Pts',(19.0984957511762,14.9297071895866,6.82638843171203));
#1114=CARTESIAN_POINT('Ctrl Pts',(20.0557194041701,15.1107890756728,-3.01997320512958));
#1115=CARTESIAN_POINT('Ctrl Pts',(16.2413731567014,15.291870961759,-12.1478358962085));
#1116=CARTESIAN_POINT('Ctrl Pts',(8.56294974829647,15.4729528478452,-18.3855380827146));
#1117=CARTESIAN_POINT('Ctrl Pts',(-1.15273357863049,15.6540347339314,-20.2490326748094));
#1118=CARTESIAN_POINT('Ctrl Pts',(-10.594163524834,15.8351166200176,-17.2949651113197));
#1119=CARTESIAN_POINT('Ctrl Pts',(-17.5150759681701,16.0161985061038,-10.2261543501489));
#1120=CARTESIAN_POINT('Ctrl Pts',(-19.4174939158069,16.141295917599,-3.66201231166576));
#1121=CARTESIAN_POINT('Ctrl Pts',(-19.47750085085,16.2060327003989,-0.232088457481906));
#1122=CARTESIAN_POINT('Ctrl Pts',(-19.4773639898051,16.2104088545034,-0.000223586763954987));
#1123=CARTESIAN_POINT('Origin',(0.,-3.51040885450337,0.));
#1124=CARTESIAN_POINT('',(-19.474415293194,11.4986820545875,-2.77721405945232E-7));
#1125=CARTESIAN_POINT('',(-19.4745370275591,11.5922270363216,0.000191175900322582));
#1126=CARTESIAN_POINT('',(-19.476,-3.51040885450337,3.83242878832566E-13));
#1127=CARTESIAN_POINT('Ctrl Pts',(-19.474415293194,11.4986820545875,-2.77721405317344E-7));
#1128=CARTESIAN_POINT('Ctrl Pts',(-19.474414479572,11.5288682728971,1.60007516623035));
#1129=CARTESIAN_POINT('Ctrl Pts',(-18.8893021165662,11.6194151199021,6.39967618233666));
#1130=CARTESIAN_POINT('Ctrl Pts',(-14.9890838798664,11.7703225956025,13.663069989722));
#1131=CARTESIAN_POINT('Ctrl Pts',(-6.7428671821649,11.9514044816887,19.1281431212075));
#1132=CARTESIAN_POINT('Ctrl Pts',(3.10758327253839,12.1324863677749,20.0423312842082));
#1133=CARTESIAN_POINT('Ctrl Pts',(12.2186909738078,12.3135682538611,16.1881347902808));
#1134=CARTESIAN_POINT('Ctrl Pts',(18.4227806370529,12.4946501399473,8.48252737695196));
#1135=CARTESIAN_POINT('Ctrl Pts',(20.2438021191582,12.6757320260335,-1.24120621255182));
#1136=CARTESIAN_POINT('Ctrl Pts',(17.2485058758429,12.8568139121196,-10.6696373955597));
#1137=CARTESIAN_POINT('Ctrl Pts',(10.1495198168568,13.0378957982058,-17.5595946590161));
#1138=CARTESIAN_POINT('Ctrl Pts',(0.635803960044031,13.218977684292,-20.2718492108171));
#1139=CARTESIAN_POINT('Ctrl Pts',(-9.0291796213111,13.4000595703782,-18.1611131946203));
#1140=CARTESIAN_POINT('Ctrl Pts',(-16.5459798920335,13.5811414564644,-11.7295637819203));
#1141=CARTESIAN_POINT('Ctrl Pts',(-19.2330089192323,13.7170459208978,-4.80817758762231));
#1142=CARTESIAN_POINT('Ctrl Pts',(-19.4765778300573,13.7925897566358,-0.805123988280417));
#1143=CARTESIAN_POINT('Ctrl Pts',(-19.4757984247435,13.8077729636784,-0.000474510225770691));
#1144=CARTESIAN_POINT('Ctrl Pts',(-19.4745370275591,11.5922270363216,0.000191175900321888));
#1145=CARTESIAN_POINT('Ctrl Pts',(-19.4750233442773,11.6182291042261,1.37845344884086));
#1146=CARTESIAN_POINT('Ctrl Pts',(-18.9956304261441,11.704591800826,5.95585002079728));
#1147=CARTESIAN_POINT('Ctrl Pts',(-15.4469268609185,11.8513151261213,13.1432328417173));
#1148=CARTESIAN_POINT('Ctrl Pts',(-7.39214874285566,12.0323970122076,18.8867216832795));
#1149=CARTESIAN_POINT('Ctrl Pts',(2.42133738912649,12.2134788982937,20.136763499286));
#1150=CARTESIAN_POINT('Ctrl Pts',(11.6587494161639,12.3945607843799,16.5959537547337));
#1151=CARTESIAN_POINT('Ctrl Pts',(18.1223622754961,12.5756426704661,9.1067065689983));
#1152=CARTESIAN_POINT('Ctrl Pts',(20.274381189175,12.7567245565523,-0.549168802998694));
#1153=CARTESIAN_POINT('Ctrl Pts',(17.6028071375311,12.9378064426385,-10.0743883118055));
#1154=CARTESIAN_POINT('Ctrl Pts',(10.7432494484945,13.1188883287247,-17.2027529850772));
#1155=CARTESIAN_POINT('Ctrl Pts',(1.32770437908162,13.2999702148109,-20.238313172296));
#1156=CARTESIAN_POINT('Ctrl Pts',(-8.40372236598924,13.4810521008971,-18.4588615405591));
#1157=CARTESIAN_POINT('Ctrl Pts',(-16.1357718817933,13.6621339869833,-12.2877575153847));
#1158=CARTESIAN_POINT('Ctrl Pts',(-19.1475502286116,13.8022226018217,-5.25202627485317));
#1159=CARTESIAN_POINT('Ctrl Pts',(-19.4760156426268,13.8819505879648,-1.02690454107565));
#1160=CARTESIAN_POINT('Ctrl Pts',(-19.4751842128923,13.9013179454125,-0.00041870716029388));
#1161=CARTESIAN_POINT('Origin',(0.,-3.51040885450337,0.));
#1162=CARTESIAN_POINT('',(-19.4757965608257,9.18959114549662,0.000474470489732636));
#1163=CARTESIAN_POINT('',(-19.4764693505743,9.28313612723064,0.000444153659941993));
#1164=CARTESIAN_POINT('',(-19.476,-3.51040885450337,3.83242878832566E-13));
#1165=CARTESIAN_POINT('Ctrl Pts',(-19.4757965608257,9.18959114549662,0.000474470489731371));
#1166=CARTESIAN_POINT('Ctrl Pts',(-19.4765763658284,9.20478616046302,0.805749943249264));
#1167=CARTESIAN_POINT('Ctrl Pts',(-19.2327788856839,9.28034180412481,4.80943010683946));
#1168=CARTESIAN_POINT('Ctrl Pts',(-16.5448491982152,9.41625807648199,11.7311586004978));
#1169=CARTESIAN_POINT('Ctrl Pts',(-9.02742902300668,9.59733996256819,18.1619834361858));
#1170=CARTESIAN_POINT('Ctrl Pts',(0.637757968067667,9.77842184865438,20.2717878312664));
#1171=CARTESIAN_POINT('Ctrl Pts',(10.1512123454733,9.95950373474057,17.558616261506));
#1172=CARTESIAN_POINT('Ctrl Pts',(17.2495342459742,10.1405856208268,10.6679747561885));
#1173=CARTESIAN_POINT('Ctrl Pts',(20.2439216654365,10.321667506913,1.23925489927789));
#1174=CARTESIAN_POINT('Ctrl Pts',(18.4219629175453,10.5027493929992,-8.48430311612562));
#1175=CARTESIAN_POINT('Ctrl Pts',(12.217130536798,10.6838312790853,-16.1893124791806));
#1176=CARTESIAN_POINT('Ctrl Pts',(3.10565137044151,10.8649131651715,-20.0426307321915));
#1177=CARTESIAN_POINT('Ctrl Pts',(-6.74471091956879,11.0459950512577,-19.1274930849069));
#1178=CARTESIAN_POINT('Ctrl Pts',(-14.9904007985593,11.2270769373439,-13.661625122959));
#1179=CARTESIAN_POINT('Ctrl Pts',(-18.8896137738048,11.3779726051205,-6.39842376761503));
#1180=CARTESIAN_POINT('Ctrl Pts',(-19.4744161064977,11.4685076442017,-1.59944982118133));
#1181=CARTESIAN_POINT('Ctrl Pts',(-19.474415293194,11.4986820545875,-2.77721405317344E-7));
#1182=CARTESIAN_POINT('Ctrl Pts',(-19.4764693505743,9.28313612723064,0.000444153659940744));
#1183=CARTESIAN_POINT('Ctrl Pts',(-19.4770400773583,9.29414699179198,0.583918174148001));
#1184=CARTESIAN_POINT('Ctrl Pts',(-19.3103779697936,9.36551848504872,4.36562259304942));
#1185=CARTESIAN_POINT('Ctrl Pts',(-16.9358111735848,9.49725060700085,11.1593198211559));
#1186=CARTESIAN_POINT('Ctrl Pts',(-9.64238433174193,9.67833249308704,17.8431091286563));
#1187=CARTESIAN_POINT('Ctrl Pts',(-0.0548831703157891,9.85941437917324,
20.2817431897699));
#1188=CARTESIAN_POINT('Ctrl Pts',(9.54567555729593,10.0404962652594,17.8950327502635));
#1189=CARTESIAN_POINT('Ctrl Pts',(16.8751684981003,10.2215781513456,11.2508136211957));
#1190=CARTESIAN_POINT('Ctrl Pts',(20.1897944352432,10.4026600374318,1.92984964201467));
#1191=CARTESIAN_POINT('Ctrl Pts',(18.7009519212182,10.583741923518,-7.85025580592418));
#1192=CARTESIAN_POINT('Ctrl Pts',(12.7628599188689,10.7648238096042,-15.7626623915343));
#1193=CARTESIAN_POINT('Ctrl Pts',(3.78828355985148,10.9459056956904,-19.9248846081557));
#1194=CARTESIAN_POINT('Ctrl Pts',(-6.08758481688262,11.1269875817766,-19.3466645723604));
#1195=CARTESIAN_POINT('Ctrl Pts',(-14.5151213789717,11.3080694678628,-14.1655698908261));
#1196=CARTESIAN_POINT('Ctrl Pts',(-18.7750289606974,11.4631492860444,-6.8421707100195));
#1197=CARTESIAN_POINT('Ctrl Pts',(-19.4738944193409,11.5578684755307,-1.82101428608214));
#1198=CARTESIAN_POINT('Ctrl Pts',(-19.4745370275591,11.5922270363216,0.000191175900321888));
#1199=CARTESIAN_POINT('Origin',(0.,-3.51040885450337,0.));
#1200=CARTESIAN_POINT('',(-19.4775900743586,6.88050023640572,1.09238870513353E-5));
#1201=CARTESIAN_POINT('',(-19.4774005245101,6.97404521813973,-0.000205000066053063));
#1202=CARTESIAN_POINT('',(-19.476,-3.51040885450337,3.83242878832566E-13));
#1203=CARTESIAN_POINT('Ctrl Pts',(-19.4775898110162,6.88050023640571,1.09220778772567E-5));
#1204=CARTESIAN_POINT('Ctrl Pts',(-19.4775901798775,6.88070404802891,0.0108092530345363));
#1205=CARTESIAN_POINT('Ctrl Pts',(-19.4749761868074,6.94126848834751,3.2196293582999));
#1206=CARTESIAN_POINT('Ctrl Pts',(-17.8531494373815,7.0621935573615,9.62378159915507));
#1207=CARTESIAN_POINT('Ctrl Pts',(-11.176965551062,7.24327544344769,16.9241708267225));
#1208=CARTESIAN_POINT('Ctrl Pts',(-1.84160642764359,7.42435732953388,20.198034628829));
#1209=CARTESIAN_POINT('Ctrl Pts',(7.93189972114584,7.60543921562007,18.6664695085975));
#1210=CARTESIAN_POINT('Ctrl Pts',(15.8182826408922,7.78652110170627,12.693858806311));
#1211=CARTESIAN_POINT('Ctrl Pts',(19.9412482628108,7.96760298779245,3.70118019321628));
#1212=CARTESIAN_POINT('Ctrl Pts',(19.3198784624672,8.14868487387866,-6.17206718184509));
#1213=CARTESIAN_POINT('Ctrl Pts',(14.1020068516414,8.32976675996483,-14.576883063878));
#1214=CARTESIAN_POINT('Ctrl Pts',(5.52904684567227,8.51084864605104,-19.5136300590145));
#1215=CARTESIAN_POINT('Ctrl Pts',(-4.35936003982799,8.69193053213723,-19.8077787029456));
#1216=CARTESIAN_POINT('Ctrl Pts',(-13.2106068647957,8.87301241822342,-15.3893464242483));
#1217=CARTESIAN_POINT('Ctrl Pts',(-18.439851520059,9.03889928934322,-7.98754278352537));
#1218=CARTESIAN_POINT('Ctrl Pts',(-19.4734786709382,9.14442553176762,-2.39312376080761));
#1219=CARTESIAN_POINT('Ctrl Pts',(-19.4757965608257,9.18959114549662,0.000474470489731371));
#1220=CARTESIAN_POINT('Ctrl Pts',(-19.4774005245101,6.97404521813973,-0.000205000066052542));
#1221=CARTESIAN_POINT('Ctrl Pts',(-19.475761307787,7.03042550805327,2.98701552439365));
#1222=CARTESIAN_POINT('Ctrl Pts',(-18.030199827733,7.14716642666222,9.17388104642849));
#1223=CARTESIAN_POINT('Ctrl Pts',(-11.7483965811723,7.32426797396654,16.5326131252643));
#1224=CARTESIAN_POINT('Ctrl Pts',(-2.53028282967454,7.50534986005274,20.1233642261928));
#1225=CARTESIAN_POINT('Ctrl Pts',(7.28982485414662,7.68643174613892,18.9264516635852));
#1226=CARTESIAN_POINT('Ctrl Pts',(15.375568980491,7.86751363222512,13.2266396905761));
#1227=CARTESIAN_POINT('Ctrl Pts',(19.8032243257223,8.04859551831132,4.3800028862184));
#1228=CARTESIAN_POINT('Ctrl Pts',(19.5193823060295,8.2296774043975,-5.50870523528203));
#1229=CARTESIAN_POINT('Ctrl Pts',(14.5915733854341,8.4107592904837,-14.086806065097));
#1230=CARTESIAN_POINT('Ctrl Pts',(6.19220052026062,8.59184117656989,-19.3134350050696));
#1231=CARTESIAN_POINT('Ctrl Pts',(-3.68039387462071,8.77292306265609,-19.9450951340377));
#1232=CARTESIAN_POINT('Ctrl Pts',(-12.6773648984314,8.95400494874228,-15.831504609802));
#1233=CARTESIAN_POINT('Ctrl Pts',(-18.2945220074027,9.12407597026712,-8.43051166376231));
#1234=CARTESIAN_POINT('Ctrl Pts',(-19.473911401376,9.23378636309658,-2.61463708079051));
#1235=CARTESIAN_POINT('Ctrl Pts',(-19.4764693505743,9.28313612723064,0.000444153659940744));
#1236=CARTESIAN_POINT('Origin',(0.,-3.51040885450337,0.));
#1237=CARTESIAN_POINT('',(-19.4758611709636,4.5714093273148,-0.000475437939928245));
#1238=CARTESIAN_POINT('',(-19.4752372000251,4.66495430904882,-0.000427387400220858));
#1239=CARTESIAN_POINT('',(-19.476,-3.51040885450337,3.83242878832566E-13));
#1240=CARTESIAN_POINT('Ctrl Pts',(-19.4758611709636,4.5714093273148,-0.000475437939928269));
#1241=CARTESIAN_POINT('Ctrl Pts',(-19.4735026636687,4.6169825642902,2.41470214605535));
#1242=CARTESIAN_POINT('Ctrl Pts',(-18.4260808146199,4.722916429961,8.03071206978333));
#1243=CARTESIAN_POINT('Ctrl Pts',(-13.1593256587406,4.88921092432719,15.4332195380378));
#1244=CARTESIAN_POINT('Ctrl Pts',(-4.29342549639393,5.07029281041338,19.8221748203564));
#1245=CARTESIAN_POINT('Ctrl Pts',(5.5939478654074,5.25137469649957,19.4951241181121));
#1246=CARTESIAN_POINT('Ctrl Pts',(14.150433378177,5.43245658258577,14.5298779179884));
#1247=CARTESIAN_POINT('Ctrl Pts',(19.3403090663262,5.61353846867197,6.10774609169422));
#1248=CARTESIAN_POINT('Ctrl Pts',(19.9288221832152,5.79462035475815,-3.76751423242687));
#1249=CARTESIAN_POINT('Ctrl Pts',(15.7759562368784,5.97570224084435,-12.7464238872634));
#1250=CARTESIAN_POINT('Ctrl Pts',(7.86974310744576,6.15678412693053,-18.6927595748868));
#1251=CARTESIAN_POINT('Ctrl Pts',(-1.90880521869636,6.33786601301673,-20.191794861745));
#1252=CARTESIAN_POINT('Ctrl Pts',(-11.2332188741338,6.51894789910292,-16.8868857646256));
#1253=CARTESIAN_POINT('Ctrl Pts',(-17.8775869373383,6.69982597356591,-9.57256364827203));
#1254=CARTESIAN_POINT('Ctrl Pts',(-19.4774809382927,6.82034341933351,-3.18721270067872));
#1255=CARTESIAN_POINT('Ctrl Pts',(-19.4775898110162,6.88050023640571,1.09220778772567E-5));
#1256=CARTESIAN_POINT('Ctrl Pts',(-19.4752372000251,4.66495430904882,-0.000427387400220997));
#1257=CARTESIAN_POINT('Ctrl Pts',(-19.4734158815774,4.70634339561916,2.19321102026237));
#1258=CARTESIAN_POINT('Ctrl Pts',(-18.5634980607347,4.80809311088491,7.58746058794948));
#1259=CARTESIAN_POINT('Ctrl Pts',(-13.6786853860805,4.97020345484605,14.9748350604128));
#1260=CARTESIAN_POINT('Ctrl Pts',(-4.96783647222735,5.15128534093224,19.6639955188037));
#1261=CARTESIAN_POINT('Ctrl Pts',(4.92493857967547,5.33236722701844,19.6747833270026));
#1262=CARTESIAN_POINT('Ctrl Pts',(13.6459935743352,5.51344911310462,15.0046318964312));
#1263=CARTESIAN_POINT('Ctrl Pts',(19.12045287782,5.69453099919082,6.76464342927385));
#1264=CARTESIAN_POINT('Ctrl Pts',(20.0458568422211,5.87561288527701,-3.08475970528331));
#1265=CARTESIAN_POINT('Ctrl Pts',(16.2020373642004,6.0566947713632,-12.2002501706817));
#1266=CARTESIAN_POINT('Ctrl Pts',(8.5034993266027,6.23777665744939,-18.4131099540688));
#1267=CARTESIAN_POINT('Ctrl Pts',(-1.21815444260261,6.41885854353558,-20.2452023633287));
#1268=CARTESIAN_POINT('Ctrl Pts',(-10.6499901825824,6.59994042962177,-17.2606439071391));
#1269=CARTESIAN_POINT('Ctrl Pts',(-17.5480263828311,6.78102231570797,-10.169507807442));
#1270=CARTESIAN_POINT('Ctrl Pts',(-19.4232727063082,6.90572391188062,-3.6200417673506));
#1271=CARTESIAN_POINT('Ctrl Pts',(-19.4775162500218,6.97006487935787,-0.211096957551556));
#1272=CARTESIAN_POINT('Ctrl Pts',(-19.4774005245101,6.97404521813973,-0.000205000066052542));
#1273=CARTESIAN_POINT('Origin',(0.,-3.51040885450337,0.));
#1274=CARTESIAN_POINT('',(-19.4744162976068,2.2623184182239,-1.88311477514492E-5));
#1275=CARTESIAN_POINT('',(-19.4745152394598,2.35586339995791,0.000173966897996092));
#1276=CARTESIAN_POINT('',(-19.476,-3.51040885450337,3.83242878832566E-13));
#1277=CARTESIAN_POINT('Ctrl Pts',(-19.4744162976068,2.2623184182239,-1.88311477505865E-5));
#1278=CARTESIAN_POINT('Ctrl Pts',(-19.4743602934856,2.2929004518561,1.62103722013811));
#1279=CARTESIAN_POINT('Ctrl Pts',(-18.8788170842349,2.3838431141837,6.44165809301304));
#1280=CARTESIAN_POINT('Ctrl Pts',(-14.9448585636394,2.53514640520669,13.7114301473256));
#1281=CARTESIAN_POINT('Ctrl Pts',(-6.6810269092342,2.71622829129289,19.1498301860907));
#1282=CARTESIAN_POINT('Ctrl Pts',(3.17232610175043,2.89731017737907,20.0321857350487));
#1283=CARTESIAN_POINT('Ctrl Pts',(12.270932836244,3.07839206346527,16.1485703243625));
#1284=CARTESIAN_POINT('Ctrl Pts',(18.450092472278,3.25947394955146,8.42295704570829));
#1285=CARTESIAN_POINT('Ctrl Pts',(20.2396859637528,3.44055583563765,-1.30660971701751));
#1286=CARTESIAN_POINT('Ctrl Pts',(17.2139410532543,3.62163772172384,-10.7253135428693));
#1287=CARTESIAN_POINT('Ctrl Pts',(10.0927298268556,3.80271960781004,-17.5922972274126));
#1288=CARTESIAN_POINT('Ctrl Pts',(0.570300037827767,3.98380149389623,-20.2737977437416));
#1289=CARTESIAN_POINT('Ctrl Pts',(-9.08781306971508,4.16488337998242,-18.1318441071583));
#1290=CARTESIAN_POINT('Ctrl Pts',(-16.5837930487481,4.34596526606861,-11.6760406477773));
#1291=CARTESIAN_POINT('Ctrl Pts',(-19.240683608933,4.48147391517941,-4.76619188411594));
#1292=CARTESIAN_POINT('Ctrl Pts',(-19.4766264484282,4.5566219355948,-0.784141014014337));
#1293=CARTESIAN_POINT('Ctrl Pts',(-19.4758611709636,4.5714093273148,-0.000475437939928269));
#1294=CARTESIAN_POINT('Ctrl Pts',(-19.4745152394598,2.35586339995791,0.000173966897996369));
#1295=CARTESIAN_POINT('Ctrl Pts',(-19.4749637941958,2.38226128318506,1.39942124006683));
#1296=CARTESIAN_POINT('Ctrl Pts',(-18.9859231929462,2.4690197951076,5.99783750230616));
#1297=CARTESIAN_POINT('Ctrl Pts',(-15.4043789713104,2.61613893572555,13.1930750243269));
#1298=CARTESIAN_POINT('Ctrl Pts',(-7.33108505566494,2.79722082181174,18.9105079250182));
#1299=CARTESIAN_POINT('Ctrl Pts',(2.48638887822152,2.97830270789793,20.1288347861418));
#1300=CARTESIAN_POINT('Ctrl Pts',(11.7123119322977,3.15938459398412,16.5581963976499));
#1301=CARTESIAN_POINT('Ctrl Pts',(18.1516924600442,3.34046648007032,9.04810366261223));
#1302=CARTESIAN_POINT('Ctrl Pts',(20.2725009299969,3.5215483661565,-0.614674723242056));
#1303=CARTESIAN_POINT('Ctrl Pts',(17.5701637785984,3.7026302522427,-10.1312123537646));
#1304=CARTESIAN_POINT('Ctrl Pts',(10.6876093559513,3.88371213832889,-17.2373758225338));
#1305=CARTESIAN_POINT('Ctrl Pts',(1.26230520299562,4.06479402441509,-20.2424974877926));
#1306=CARTESIAN_POINT('Ctrl Pts',(-8.46332113699857,4.24587591050128,-18.4316118208591));
#1307=CARTESIAN_POINT('Ctrl Pts',(-16.1753907661875,4.42695779658747,-12.2355568952773));
#1308=CARTESIAN_POINT('Ctrl Pts',(-19.155974764979,4.56665059610331,-5.21003758669818));
#1309=CARTESIAN_POINT('Ctrl Pts',(-19.4760720389287,4.64598276692377,-1.00592682956296));
#1310=CARTESIAN_POINT('Ctrl Pts',(-19.4752372000251,4.66495430904882,-0.000427387400220997));
#1311=CARTESIAN_POINT('Origin',(0.,-3.51040885450337,0.));
#1312=CARTESIAN_POINT('',(-19.476,0.,3.83242878832566E-13));
#1313=CARTESIAN_POINT('',(-19.4764095745381,0.046772490867003,0.000461083729066392));
#1314=CARTESIAN_POINT('',(-19.476,-3.51040885450337,3.83242878832566E-13));
#1315=CARTESIAN_POINT('',(-19.3184776649186,0.,2.47204302350124));
#1316=CARTESIAN_POINT('Origin',(0.,0.,0.));
#1317=CARTESIAN_POINT('Ctrl Pts',(-19.3184776649186,0.,2.47204302350124));
#1318=CARTESIAN_POINT('Ctrl Pts',(-18.9124565527912,0.0603606286953975,
5.64500955828673));
#1319=CARTESIAN_POINT('Ctrl Pts',(-16.507965820711,0.181081886086192,11.7840670953073));
#1320=CARTESIAN_POINT('Ctrl Pts',(-8.96817451236359,0.362163772172384,18.1912977122522));
#1321=CARTESIAN_POINT('Ctrl Pts',(0.702990497398706,0.543245658258577,20.2694989746873));
#1322=CARTESIAN_POINT('Ctrl Pts',(10.2080284955601,0.724327544344769,17.5257875827645));
#1323=CARTESIAN_POINT('Ctrl Pts',(17.2838442575404,0.905409430430961,10.6121517600099));
#1324=CARTESIAN_POINT('Ctrl Pts',(20.2478557365209,1.08649131651715,1.17385454921505));
#1325=CARTESIAN_POINT('Ctrl Pts',(18.3944347771801,1.26757320260335,-8.54379069936389));
#1326=CARTESIAN_POINT('Ctrl Pts',(12.1647666499832,1.44865508868954,-16.2286985427196));
#1327=CARTESIAN_POINT('Ctrl Pts',(3.04087038379879,1.62973697477573,-20.052563039325));
#1328=CARTESIAN_POINT('Ctrl Pts',(-6.80647631088655,1.81081886086192,-19.1055991843325));
#1329=CARTESIAN_POINT('Ctrl Pts',(-15.0344660445387,1.99190074694811,-13.613118738325));
#1330=CARTESIAN_POINT('Ctrl Pts',(-18.90002242835,2.14240059940211,-6.35644086456175));
#1331=CARTESIAN_POINT('Ctrl Pts',(-19.4744708304109,2.2325398231607,-1.57848716672492));
#1332=CARTESIAN_POINT('Ctrl Pts',(-19.4744162976068,2.2623184182239,-1.88311477505865E-5));
#1333=CARTESIAN_POINT('Ctrl Pts',(-19.4764095745381,0.046772490867003,0.000461083729066045));
#1334=CARTESIAN_POINT('Ctrl Pts',(-19.4769982888398,0.0581791707509539,
0.604965307404139));
#1335=CARTESIAN_POINT('Ctrl Pts',(-19.3033311059714,0.129946479330302,4.40794264458202));
#1336=CARTESIAN_POINT('Ctrl Pts',(-16.8996996459499,0.262074416605048,11.2136942650434));
#1337=CARTESIAN_POINT('Ctrl Pts',(-9.58466368176565,0.443156302691241,17.874319295179));
#1338=CARTESIAN_POINT('Ctrl Pts',(0.0106408606374872,0.624238188777433,
20.2817389609782));
#1339=CARTESIAN_POINT('Ctrl Pts',(9.60345109901218,0.805320074863625,17.8641350023472));
#1340=CARTESIAN_POINT('Ctrl Pts',(16.9114307212235,0.986401960949817,11.1962094434222));
#1341=CARTESIAN_POINT('Ctrl Pts',(20.195925792416,1.16748384703601,1.86461429463602));
#1342=CARTESIAN_POINT('Ctrl Pts',(18.6754886397875,1.3485657331222,-7.91064491837189));
#1343=CARTESIAN_POINT('Ctrl Pts',(12.7118626898987,1.52964761920839,-15.8038156500477));
#1344=CARTESIAN_POINT('Ctrl Pts',(3.72388410162138,1.71072950529459,-19.9370223409391));
#1345=CARTESIAN_POINT('Ctrl Pts',(-6.15006418654713,1.89181139138078,-19.3268932114944));
#1346=CARTESIAN_POINT('Ctrl Pts',(-14.5608161864907,2.07289327746697,-14.1185963324957));
#1347=CARTESIAN_POINT('Ctrl Pts',(-18.7862265074373,2.22757728032601,-6.80019746283153));
#1348=CARTESIAN_POINT('Ctrl Pts',(-19.4739381420388,2.32190065448966,-1.80005670223781));
#1349=CARTESIAN_POINT('Ctrl Pts',(-19.4745152394598,2.35586339995791,0.000173966897996369));
#1350=CARTESIAN_POINT('Origin',(0.,0.,0.));
#1351=CARTESIAN_POINT('',(-19.9983236932517,18.9846295633144,-0.000107272339230971));
#1352=CARTESIAN_POINT('',(-20.,20.,2.44929359829471E-15));
#1353=CARTESIAN_POINT('',(-20.,0.,2.44929359829471E-15));
#1354=CARTESIAN_POINT('',(18.5846157984761,20.,7.39482557666591));
#1355=CARTESIAN_POINT('Ctrl Pts',(18.584619866428,20.,7.39482673077629));
#1356=CARTESIAN_POINT('Ctrl Pts',(17.3577682572018,19.9389924977915,10.4785489412345));
#1357=CARTESIAN_POINT('Ctrl Pts',(15.3459300803836,19.877984995583,13.2509996377591));
#1358=CARTESIAN_POINT('Ctrl Pts',(12.7945028475332,19.8169774933745,15.374321140621));
#1359=CARTESIAN_POINT('Ctrl Pts',(10.236551097064,19.7558139825925,17.5030724078036));
#1360=CARTESIAN_POINT('Ctrl Pts',(7.13624708442516,19.6946504718105,18.9793703261135));
#1361=CARTESIAN_POINT('Ctrl Pts',(3.87153710506327,19.6334869610284,19.6234213036188));
#1362=CARTESIAN_POINT('Ctrl Pts',(0.606827125701427,19.5723234502464,20.267472281124));
#1363=CARTESIAN_POINT('Ctrl Pts',(-2.8222888203835,19.5111599394644,20.0792763178247));
#1364=CARTESIAN_POINT('Ctrl Pts',(-5.99693196811518,19.4499964286824,19.0815928475724));
#1365=CARTESIAN_POINT('Ctrl Pts',(-9.17157511584695,19.3888329179004,18.0839093773201));
#1366=CARTESIAN_POINT('Ctrl Pts',(-12.0917454652255,19.3276694071183,16.2767384001147));
#1367=CARTESIAN_POINT('Ctrl Pts',(-14.4010909027847,19.2665058963363,13.8808038730076));
#1368=CARTESIAN_POINT('Ctrl Pts',(-16.7104363403438,19.2053423855543,11.4848693459006));
#1369=CARTESIAN_POINT('Ctrl Pts',(-18.4089568660837,19.1441788747723,8.50017126889183));
#1370=CARTESIAN_POINT('Ctrl Pts',(-19.2892335661449,19.0830153639903,5.29101651065397));
#1371=CARTESIAN_POINT('Ctrl Pts',(-19.7612291881775,19.0502200970983,3.57029960856126));
#1372=CARTESIAN_POINT('Ctrl Pts',(-19.9979798845859,19.0174248302064,1.78505145841688));
#1373=CARTESIAN_POINT('Ctrl Pts',(-19.9983236932517,18.9846295633144,-0.000107272339230971));
#1374=CARTESIAN_POINT('Origin',(0.,20.,0.));
#1375=CARTESIAN_POINT('Origin',(0.,0.,0.));
#1376=CARTESIAN_POINT('',(-20.0011135364447,16.6755386542235,0.000376672983100465));
#1377=CARTESIAN_POINT('',(-20.0011762377981,17.9608249821401,0.000359162755355632));
#1378=CARTESIAN_POINT('',(-20.,0.,2.44929359829471E-15));
#1379=CARTESIAN_POINT('Ctrl Pts',(-19.9983236932517,18.9846295633144,-0.000107272339230971));
#1380=CARTESIAN_POINT('Ctrl Pts',(-19.9986210912914,18.9562613194244,-1.54428797449542));
#1381=CARTESIAN_POINT('Ctrl Pts',(-19.8220287302311,18.9278930755343,-3.08840176923533));
#1382=CARTESIAN_POINT('Ctrl Pts',(-19.4677945443105,18.8995248316442,-4.5906237204075));
#1383=CARTESIAN_POINT('Ctrl Pts',(-18.7040459480326,18.8383613208622,-7.82949775376406));
#1384=CARTESIAN_POINT('Ctrl Pts',(-17.1145158810944,18.7771978100802,-10.8736343810102));
#1385=CARTESIAN_POINT('Ctrl Pts',(-14.8932314740184,18.7160342992981,-13.3514291629145));
#1386=CARTESIAN_POINT('Ctrl Pts',(-12.6719470669425,18.6548707885161,-15.8292239448187));
#1387=CARTESIAN_POINT('Ctrl Pts',(-9.81890831972881,18.5937072777341,-17.7406768813811));
#1388=CARTESIAN_POINT('Ctrl Pts',(-6.68241507615508,18.5325437669521,-18.8524358072095));
#1389=CARTESIAN_POINT('Ctrl Pts',(-3.54592183258129,18.4713802561701,-19.9641947330378));
#1390=CARTESIAN_POINT('Ctrl Pts',(-0.125974092647454,18.410216745388,-20.276259648132));
#1391=CARTESIAN_POINT('Ctrl Pts',(3.15993571379872,18.349053234606,-19.7505384856725));
#1392=CARTESIAN_POINT('Ctrl Pts',(6.4458455202449,18.287889723824,-19.224817323213));
#1393=CARTESIAN_POINT('Ctrl Pts',(9.59771739320342,18.226726213042,-17.8613100831997));
#1394=CARTESIAN_POINT('Ctrl Pts',(12.2307776347899,18.16556270226,-15.8264677234913));
#1395=CARTESIAN_POINT('Ctrl Pts',(14.8638378763763,18.1043991914779,-13.7916253637828));
#1396=CARTESIAN_POINT('Ctrl Pts',(16.9780864865907,18.0432356806959,-11.0854478843792));
#1397=CARTESIAN_POINT('Ctrl Pts',(18.3154234536086,17.9820721699139,-8.03829851195048));
#1398=CARTESIAN_POINT('Ctrl Pts',(19.6527604206266,17.9209086591319,-4.9911491395218));
#1399=CARTESIAN_POINT('Ctrl Pts',(20.2131857444481,17.8597451483499,-1.60302787406807));
#1400=CARTESIAN_POINT('Ctrl Pts',(19.9282837061314,17.7985816375678,1.71245391708772));
#1401=CARTESIAN_POINT('Ctrl Pts',(19.6433816678148,17.7374181267858,5.02793570824347));
#1402=CARTESIAN_POINT('Ctrl Pts',(18.5131522673601,17.6762546160038,8.27077802510128));
#1403=CARTESIAN_POINT('Ctrl Pts',(16.6755709198571,17.6150911052218,11.0451039303583));
#1404=CARTESIAN_POINT('Ctrl Pts',(14.837989572354,17.5539275944398,13.8194298356154));
#1405=CARTESIAN_POINT('Ctrl Pts',(12.2930562778026,17.4927640836577,16.1252393292718));
#1406=CARTESIAN_POINT('Ctrl Pts',(9.35144885039552,17.4316005728757,17.68104609846));
#1407=CARTESIAN_POINT('Ctrl Pts',(6.40984142298849,17.3704370620937,19.2368528676482));
#1408=CARTESIAN_POINT('Ctrl Pts',(3.07155986272584,17.3092735513117,20.0426569123682));
#1409=CARTESIAN_POINT('Ctrl Pts',(-0.255868134313964,17.2481100405297,20.0000879700324));
#1410=CARTESIAN_POINT('Ctrl Pts',(-3.58329613135372,17.1869465297477,19.9575190276967));
#1411=CARTESIAN_POINT('Ctrl Pts',(-6.89987056517064,17.1257830189656,19.0665770983052));
#1412=CARTESIAN_POINT('Ctrl Pts',(-9.80071381297982,17.0646195081836,17.4360257927251));
#1413=CARTESIAN_POINT('Ctrl Pts',(-12.7015570607891,17.0034559974016,15.805474487145));
#1414=CARTESIAN_POINT('Ctrl Pts',(-15.1866691225906,16.9422924866196,13.4353138053763));
#1415=CARTESIAN_POINT('Ctrl Pts',(-16.9526747930146,16.8811289758375,10.6148859843489));
#1416=CARTESIAN_POINT('Ctrl Pts',(-18.7186804634385,16.8199654650555,7.7944581633215));
#1417=CARTESIAN_POINT('Ctrl Pts',(-19.7655797424849,16.7588019542735,4.52376320303542));
#1418=CARTESIAN_POINT('Ctrl Pts',(-19.9655702522556,16.6976384434915,1.20207794893081));
#1419=CARTESIAN_POINT('Ctrl Pts',(-19.9896573158496,16.6902718470688,0.802010745508458));
#1420=CARTESIAN_POINT('Ctrl Pts',(-20.0014590848949,16.6829052506462,0.401203874720014));
#1421=CARTESIAN_POINT('Ctrl Pts',(-20.0011135364447,16.6755386542235,0.000376672983100465));
#1422=CARTESIAN_POINT('',(-14.8438746751059,20.,-13.4037078687111));
#1423=CARTESIAN_POINT('Origin',(0.,20.,0.));
#1424=CARTESIAN_POINT('Ctrl Pts',(-20.0011762377981,17.9608249821401,0.000359162755355632));
#1425=CARTESIAN_POINT('Ctrl Pts',(-20.0014899196914,17.9677513694912,0.377230559014474));
#1426=CARTESIAN_POINT('Ctrl Pts',(-19.9910572593692,17.9746777568423,0.754084598633349));
#1427=CARTESIAN_POINT('Ctrl Pts',(-19.9697614161812,17.9816041441934,1.13032376609623));
#1428=CARTESIAN_POINT('Ctrl Pts',(-19.7817083275473,18.0427676549754,4.45270630252129));
#1429=CARTESIAN_POINT('Ctrl Pts',(-18.7465675861737,18.1039311657574,7.72714242970414));
#1430=CARTESIAN_POINT('Ctrl Pts',(-16.9907092364884,18.1650946765394,10.5538980751012));
#1431=CARTESIAN_POINT('Ctrl Pts',(-15.2348508868032,18.2262581873214,13.3806537204983));
#1432=CARTESIAN_POINT('Ctrl Pts',(-12.7582749288062,18.2874216981034,15.7597288841095));
#1433=CARTESIAN_POINT('Ctrl Pts',(-9.86330843479419,18.3485852088855,17.4006940819191));
#1434=CARTESIAN_POINT('Ctrl Pts',(-6.96834194078217,18.4097487196675,19.0416592797287));
#1435=CARTESIAN_POINT('Ctrl Pts',(-3.65498491075509,18.4709122304495,19.9445145117365));
#1436=CARTESIAN_POINT('Ctrl Pts',(-0.327734029557664,18.5320757412315,19.9990398637712));
#1437=CARTESIAN_POINT('Ctrl Pts',(2.99951685163971,18.5932392520135,20.0535652158058));
#1438=CARTESIAN_POINT('Ctrl Pts',(6.34066158400741,18.6544027627956,19.2597606878672));
#1439=CARTESIAN_POINT('Ctrl Pts',(9.28784601028021,18.7155662735776,17.7145355019233));
#1440=CARTESIAN_POINT('Ctrl Pts',(12.235030436553,18.7767297843596,16.1693103159794));
#1441=CARTESIAN_POINT('Ctrl Pts',(14.7882545567309,18.8378932951416,13.8726644720302));
#1442=CARTESIAN_POINT('Ctrl Pts',(16.6357834724636,18.8990568059236,11.1049581545537));
#1443=CARTESIAN_POINT('Ctrl Pts',(18.4833123881963,18.9602203167057,8.33725183707729));
#1444=CARTESIAN_POINT('Ctrl Pts',(19.6251460994838,19.0213838274877,5.09848504607355));
#1445=CARTESIAN_POINT('Ctrl Pts',(19.9219802362548,19.0825473382697,1.78405173304176));
#1446=CARTESIAN_POINT('Ctrl Pts',(20.2188143730257,19.1437108490517,-1.53038157999007));
#1447=CARTESIAN_POINT('Ctrl Pts',(19.6706489352801,19.2048743598337,-4.92048141505004));
#1448=CARTESIAN_POINT('Ctrl Pts',(18.3442319305363,19.2660378706158,-7.97242328435689));
#1449=CARTESIAN_POINT('Ctrl Pts',(17.0178149257926,19.3272013813978,-11.0243651536637));
#1450=CARTESIAN_POINT('Ctrl Pts',(14.9131463540508,19.3883648921798,-13.7381490572173));
#1451=CARTESIAN_POINT('Ctrl Pts',(12.2874920116655,19.4495284029618,-15.7824270728119));
#1452=CARTESIAN_POINT('Ctrl Pts',(9.66183766928018,19.5106919137438,-17.8267050884065));
#1453=CARTESIAN_POINT('Ctrl Pts',(6.51519755625135,19.5718554245259,-19.201477216042));
#1454=CARTESIAN_POINT('Ctrl Pts',(3.23103391615359,19.6330189353079,-19.7390343435071));
#1455=CARTESIAN_POINT('Ctrl Pts',(-0.0531297239442607,19.6941824460899,
-20.2765914709723));
#1456=CARTESIAN_POINT('Ctrl Pts',(-3.47481689111103,19.7553459568719,-19.9769335982669));
#1457=CARTESIAN_POINT('Ctrl Pts',(-6.61480882933613,19.8165094676539,-18.876328686565));
#1458=CARTESIAN_POINT('Ctrl Pts',(-9.75480076756114,19.877672978436,-17.775723774863));
#1459=CARTESIAN_POINT('Ctrl Pts',(-12.6130974768445,19.938836489218,-15.8741718241645));
#1460=CARTESIAN_POINT('Ctrl Pts',(-14.843874675106,20.,-13.403707868711));
#1461=CARTESIAN_POINT('Origin',(0.,0.,0.));
#1462=CARTESIAN_POINT('',(-19.9993470022502,14.3664477451326,-0.000492644917617019));
#1463=CARTESIAN_POINT('',(-19.9992798464662,15.6517340730492,-0.000484536710401158));
#1464=CARTESIAN_POINT('',(-20.,0.,2.44929359829471E-15));
#1465=CARTESIAN_POINT('Ctrl Pts',(-20.0011135364447,16.6755386542235,0.000376672983100465));
#1466=CARTESIAN_POINT('Ctrl Pts',(-19.9985900589364,16.6217417398642,-2.92679150721573));
#1467=CARTESIAN_POINT('Ctrl Pts',(-19.3482361271273,16.5679448255048,-5.85504396034885));
#1468=CARTESIAN_POINT('Ctrl Pts',(-18.1037893490781,16.5141479111454,-8.50422237329035));
#1469=CARTESIAN_POINT('Ctrl Pts',(-16.6889361956351,16.4529844003634,-11.5161618934837));
#1470=CARTESIAN_POINT('Ctrl Pts',(-14.5061481482541,16.3918208895814,-14.1673653859471));
#1471=CARTESIAN_POINT('Ctrl Pts',(-11.8218935647279,16.3306573787994,-16.1341817114787));
#1472=CARTESIAN_POINT('Ctrl Pts',(-9.13763898120166,16.2694938680173,-18.1009980370102));
#1473=CARTESIAN_POINT('Ctrl Pts',(-5.95191786153019,16.2083303572353,-19.38342719561));
#1474=CARTESIAN_POINT('Ctrl Pts',(-2.65363368303602,16.1471668464533,-19.8249140029559));
#1475=CARTESIAN_POINT('Ctrl Pts',(0.644650495458156,16.0860033356713,-20.2664008103019));
#1476=CARTESIAN_POINT('Ctrl Pts',(4.05549773277502,16.0248398248893,-19.8669452663942));
#1477=CARTESIAN_POINT('Ctrl Pts',(7.16252181387843,15.9636763141072,-18.6753117303005));
#1478=CARTESIAN_POINT('Ctrl Pts',(10.2695458949818,15.9025128033252,-17.4836781942069));
#1479=CARTESIAN_POINT('Ctrl Pts',(13.0727468198717,15.8413492925432,-15.4998666659275));
#1480=CARTESIAN_POINT('Ctrl Pts',(15.2299180521078,15.7801857817612,-12.9660550313922));
#1481=CARTESIAN_POINT('Ctrl Pts',(17.387089284344,15.7190222709792,-10.4322433968568));
#1482=CARTESIAN_POINT('Ctrl Pts',(18.8982308239263,15.6578587601971,-7.34843165606537));
#1483=CARTESIAN_POINT('Ctrl Pts',(19.5788669492014,15.5966952494151,-4.091082490045));
#1484=CARTESIAN_POINT('Ctrl Pts',(20.2595030744764,15.5355317386331,-0.833733324024723));
#1485=CARTESIAN_POINT('Ctrl Pts',(20.1096337854444,15.4743682278511,2.59715326722453));
#1486=CARTESIAN_POINT('Ctrl Pts',(19.1475546849042,15.4132047170691,5.78274472390807));
#1487=CARTESIAN_POINT('Ctrl Pts',(18.185475584364,15.352041206287,8.96833618059161));
#1488=CARTESIAN_POINT('Ctrl Pts',(16.4111866723157,15.290877695505,11.9086325027094));
#1489=CARTESIAN_POINT('Ctrl Pts',(14.0412879285987,15.229714184723,14.2446909499607));
#1490=CARTESIAN_POINT('Ctrl Pts',(11.6713891848817,15.168550673941,16.580749397212));
#1491=CARTESIAN_POINT('Ctrl Pts',(8.70588060949607,15.107387163159,18.3125699695967));
#1492=CARTESIAN_POINT('Ctrl Pts',(5.50678278065668,15.0462236523769,19.2287370973865));
#1493=CARTESIAN_POINT('Ctrl Pts',(2.30768495181729,14.9850601415949,20.1449042251763));
#1494=CARTESIAN_POINT('Ctrl Pts',(-1.12500213047584,14.9238966308129,20.2454179083711));
#1495=CARTESIAN_POINT('Ctrl Pts',(-4.37222610787361,14.8627331200309,19.5180077317134));
#1496=CARTESIAN_POINT('Ctrl Pts',(-7.61945008527138,14.8015696092489,18.7905975550558));
#1497=CARTESIAN_POINT('Ctrl Pts',(-10.6812109577738,14.7404060984668,17.2352635185456));
#1498=CARTESIAN_POINT('Ctrl Pts',(-13.1837379494156,14.6792425876848,15.0418762338632));
#1499=CARTESIAN_POINT('Ctrl Pts',(-15.6862649410574,14.6180790769028,12.8484889491808));
#1500=CARTESIAN_POINT('Ctrl Pts',(-17.6295580518387,14.5569155661208,10.0170484163261));
#1501=CARTESIAN_POINT('Ctrl Pts',(-18.7763857655945,14.4957520553387,6.89320858056882));
#1502=CARTESIAN_POINT('Ctrl Pts',(-19.5845460807699,14.4526506186034,4.69186363926551));
#1503=CARTESIAN_POINT('Ctrl Pts',(-19.9971889955102,14.409549181868,2.34531588989929));
#1504=CARTESIAN_POINT('Ctrl Pts',(-19.9993470022502,14.3664477451326,-0.000492644917617019));
#1505=CARTESIAN_POINT('Ctrl Pts',(-19.9992798464662,15.6517340730492,-0.000484536710401158));
#1506=CARTESIAN_POINT('Ctrl Pts',(-19.9971898738802,15.694395300713,2.32138786958512));
#1507=CARTESIAN_POINT('Ctrl Pts',(-19.5931067195628,15.7370565283768,4.64396877450558));
#1508=CARTESIAN_POINT('Ctrl Pts',(-18.8010353230849,15.7797177560406,6.82569106027439));
#1509=CARTESIAN_POINT('Ctrl Pts',(-17.6654405441351,15.8408812668226,9.95363185936698));
#1510=CARTESIAN_POINT('Ctrl Pts',(-15.7323347714883,15.9020447776047,12.792037344954));
#1511=CARTESIAN_POINT('Ctrl Pts',(-13.2377058820215,15.9632082883867,14.9944033106182));
#1512=CARTESIAN_POINT('Ctrl Pts',(-10.7430769925547,16.0243717991687,17.1967692762825));
#1513=CARTESIAN_POINT('Ctrl Pts',(-7.68692498626781,16.0855353099507,18.7630957220241));
#1514=CARTESIAN_POINT('Ctrl Pts',(-4.44233592319272,16.1466988207327,19.5021701154592));
#1515=CARTESIAN_POINT('Ctrl Pts',(-1.19774686011776,16.2078623315148,20.2412445088943));
#1516=CARTESIAN_POINT('Ctrl Pts',(2.23527925974541,16.2690258422968,20.153066850023));
#1517=CARTESIAN_POINT('Ctrl Pts',(5.43764868540473,16.3301893530788,19.2484016078281));
#1518=CARTESIAN_POINT('Ctrl Pts',(8.64001811106414,16.3913528638608,18.3437363656332));
#1519=CARTESIAN_POINT('Ctrl Pts',(11.6117308425197,16.4525163746428,16.6225835401148));
#1520=CARTESIAN_POINT('Ctrl Pts',(13.9900089240676,16.5136798854249,14.2950564150622));
#1521=CARTESIAN_POINT('Ctrl Pts',(16.3682870056156,16.5748433962069,11.9675292900096));
#1522=CARTESIAN_POINT('Ctrl Pts',(18.153130437256,16.6360069069889,9.03362786542292));
#1523=CARTESIAN_POINT('Ctrl Pts',(19.126650759452,16.6971704177709,5.85151420881454));
#1524=CARTESIAN_POINT('Ctrl Pts',(20.1001710816479,16.7583339285529,2.6694005522062));
#1525=CARTESIAN_POINT('Ctrl Pts',(20.2623682943994,16.819497439335,-0.760925336423843));
#1526=CARTESIAN_POINT('Ctrl Pts',(19.5934418673062,16.880660950117,-4.02069934138067));
#1527=CARTESIAN_POINT('Ctrl Pts',(18.924515440213,16.941824460899,-7.28047334633754));
#1528=CARTESIAN_POINT('Ctrl Pts',(17.4244653732751,17.002987971681,-10.3696954676212));
#1529=CARTESIAN_POINT('Ctrl Pts',(15.2764133169675,17.064151482463,-12.9112425502565));
#1530=CARTESIAN_POINT('Ctrl Pts',(13.1283612606599,17.125314993245,-15.4527896328917));
#1531=CARTESIAN_POINT('Ctrl Pts',(10.3323072149827,17.1864785040271,-17.4466616768786));
#1532=CARTESIAN_POINT('Ctrl Pts',(7.22958535700983,17.2476420148091,-18.6494526197238));
#1533=CARTESIAN_POINT('Ctrl Pts',(4.12686349903699,17.3088055255911,-19.8522435625689));
#1534=CARTESIAN_POINT('Ctrl Pts',(0.717473828768719,17.3699690363731,-20.2639534042723));
#1535=CARTESIAN_POINT('Ctrl Pts',(-2.58237558997098,17.4311325471551,-19.8343218528477));
#1536=CARTESIAN_POINT('Ctrl Pts',(-5.88222500871068,17.4922960579372,-19.4046903014231));
#1537=CARTESIAN_POINT('Ctrl Pts',(-9.07253417592181,17.5534595687192,-18.1337173568705));
#1538=CARTESIAN_POINT('Ctrl Pts',(-11.7638390984391,17.6146230795012,-16.1765595928184));
#1539=CARTESIAN_POINT('Ctrl Pts',(-14.4551440209563,17.6757865902832,-14.2194018287664));
#1540=CARTESIAN_POINT('Ctrl Pts',(-16.6474446987798,17.7369501010652,-11.576059245215));
#1541=CARTESIAN_POINT('Ctrl Pts',(-18.0731123197445,17.7981136118473,-8.56922348060557));
#1542=CARTESIAN_POINT('Ctrl Pts',(-19.337331945811,17.8523507352782,-5.90289317326105));
#1543=CARTESIAN_POINT('Ctrl Pts',(-19.9987199495919,17.9065878587092,-2.95073487811131));
#1544=CARTESIAN_POINT('Ctrl Pts',(-20.0011762377981,17.9608249821401,0.000359162755355632));
#1545=CARTESIAN_POINT('Origin',(0.,0.,0.));
#1546=CARTESIAN_POINT('',(-19.9994075797902,12.0573568360417,0.000499029527823006));
#1547=CARTESIAN_POINT('',(-19.9994773249352,13.3426431639583,0.000505342858426734));
#1548=CARTESIAN_POINT('',(-20.,0.,2.44929359829471E-15));
#1549=CARTESIAN_POINT('Ctrl Pts',(-19.9993470022502,14.3664477451326,-0.000492644917617019));
#1550=CARTESIAN_POINT('Ctrl Pts',(-20.000251335852,14.348385671086,-0.98352640583911));
#1551=CARTESIAN_POINT('Ctrl Pts',(-19.9290699998624,14.3303235970393,-1.96643035254644));
#1552=CARTESIAN_POINT('Ctrl Pts',(-19.7847015130532,14.3122615229927,-2.93846439370491));
#1553=CARTESIAN_POINT('Ctrl Pts',(-19.2958272300256,14.2510980122107,-6.23005839356186));
#1554=CARTESIAN_POINT('Ctrl Pts',(-17.9677163472399,14.1899345014287,-9.39700725461586));
#1555=CARTESIAN_POINT('Ctrl Pts',(-15.9625007410545,14.1287709906466,-12.0526991601676));
#1556=CARTESIAN_POINT('Ctrl Pts',(-13.9572851348692,14.0676074798646,-14.7083910657193));
#1557=CARTESIAN_POINT('Ctrl Pts',(-11.2749648052842,14.0064439690826,-16.8528260157688));
#1558=CARTESIAN_POINT('Ctrl Pts',(-8.24298954106607,13.9452804583006,-18.2242176890956));
#1559=CARTESIAN_POINT('Ctrl Pts',(-5.21101427684789,13.8841169475186,-19.5956093624224));
#1560=CARTESIAN_POINT('Ctrl Pts',(-1.82938407799652,13.8229534367365,-20.1939577590265));
#1561=CARTESIAN_POINT('Ctrl Pts',(1.48908157151761,13.7617899259545,-19.9462182637973));
#1562=CARTESIAN_POINT('Ctrl Pts',(4.80754722103165,13.7006264151725,-19.6984787685681));
#1563=CARTESIAN_POINT('Ctrl Pts',(8.06284832120846,13.6394629043905,-18.6046513815056));
#1564=CARTESIAN_POINT('Ctrl Pts',(10.8575872734583,13.5782993936085,-16.7982673378211));
#1565=CARTESIAN_POINT('Ctrl Pts',(13.6523262257082,13.5171358828264,-14.9918832941366));
#1566=CARTESIAN_POINT('Ctrl Pts',(15.9865030300312,13.4559723720444,-12.4729425938299));
#1567=CARTESIAN_POINT('Ctrl Pts',(17.5751682368442,13.3948088612624,-9.54895012031662));
#1568=CARTESIAN_POINT('Ctrl Pts',(19.1638334436573,13.3336453504804,-6.62495764680326));
#1569=CARTESIAN_POINT('Ctrl Pts',(20.0069870529604,13.2724818396984,-3.29591340008319));
#1570=CARTESIAN_POINT('Ctrl Pts',(20.0016993481873,13.2113183289163,0.0317826744824251));
#1571=CARTESIAN_POINT('Ctrl Pts',(19.9964116434141,13.1501548181343,3.35947874904804));
#1572=CARTESIAN_POINT('Ctrl Pts',(19.1426826245647,13.0889913073523,6.68582665145921));
#1573=CARTESIAN_POINT('Ctrl Pts',(17.5447330231463,13.0278277965703,9.60475559814979));
#1574=CARTESIAN_POINT('Ctrl Pts',(15.946783421728,12.9666642857882,12.5236845448404));
#1575=CARTESIAN_POINT('Ctrl Pts',(13.6046132377408,12.9055007750062,15.0351945358104));
#1576=CARTESIAN_POINT('Ctrl Pts',(10.8041477290831,12.8443372642242,16.8326878068186));
#1577=CARTESIAN_POINT('Ctrl Pts',(8.00368222042547,12.7831737534422,18.6301810778269));
#1578=CARTESIAN_POINT('Ctrl Pts',(4.74492138709739,12.7220102426602,19.7136576288734));
#1579=CARTESIAN_POINT('Ctrl Pts',(1.42568518175177,12.6608467318781,19.9508498244111));
#1580=CARTESIAN_POINT('Ctrl Pts',(-1.89355102359381,12.5996832210961,20.1880420199488));
#1581=CARTESIAN_POINT('Ctrl Pts',(-5.27326260095691,12.5385197103141,19.5789498599777));
#1582=CARTESIAN_POINT('Ctrl Pts',(-8.30086428604436,12.4773561995321,18.1979295266892));
#1583=CARTESIAN_POINT('Ctrl Pts',(-11.3284659711318,12.4161926887501,16.8169091934006));
#1584=CARTESIAN_POINT('Ctrl Pts',(-14.0039577639436,12.3550291779681,14.6639606867945));
#1585=CARTESIAN_POINT('Ctrl Pts',(-16.000723483429,12.293865667186,12.001909638075));
#1586=CARTESIAN_POINT('Ctrl Pts',(-17.9974892029144,12.232702156404,9.3398585893553));
#1587=CARTESIAN_POINT('Ctrl Pts',(-19.3155288490733,12.171538645622,6.16870499852208));
#1588=CARTESIAN_POINT('Ctrl Pts',(-19.7939400125398,12.11037513484,2.87557398333728));
#1589=CARTESIAN_POINT('Ctrl Pts',(-19.9321735534686,12.0927023685739,1.92404693770413));
#1590=CARTESIAN_POINT('Ctrl Pts',(-20.0003081596688,12.0750296023078,0.962336236222912));
#1591=CARTESIAN_POINT('Ctrl Pts',(-19.9994075797902,12.0573568360417,0.000499029527823006));
#1592=CARTESIAN_POINT('Ctrl Pts',(-19.9994773249352,13.3426431639583,0.000505342858426734));
#1593=CARTESIAN_POINT('Ctrl Pts',(-20.0003715583689,13.3598757211528,0.938374861101646));
#1594=CARTESIAN_POINT('Ctrl Pts',(-19.9356008954954,13.3771082783473,1.8761218761766));
#1595=CARTESIAN_POINT('Ctrl Pts',(-19.8041456143917,13.3943408355418,2.80442581461278));
#1596=CARTESIAN_POINT('Ctrl Pts',(-19.3375714192575,13.4555043463239,6.09925474259129));
#1597=CARTESIAN_POINT('Ctrl Pts',(-18.0309358355017,13.5166678571059,9.27512424207528));
#1598=CARTESIAN_POINT('Ctrl Pts',(-16.0437490980416,13.5778313678879,11.9443334910237));
#1599=CARTESIAN_POINT('Ctrl Pts',(-14.0565623605814,13.6389948786699,14.6135427399722));
#1600=CARTESIAN_POINT('Ctrl Pts',(-11.388824469417,13.7001583894519,16.7760917383852));
#1601=CARTESIAN_POINT('Ctrl Pts',(-8.36620503205688,13.7613219002339,18.1679828552122));
#1602=CARTESIAN_POINT('Ctrl Pts',(-5.34358559469678,13.822485411016,19.5598739720392));
#1603=CARTESIAN_POINT('Ctrl Pts',(-1.96608461114104,13.883648921798,20.1811072072803));
#1604=CARTESIAN_POINT('Ctrl Pts',(1.35398251711806,13.94481243258,19.9558442319296));
#1605=CARTESIAN_POINT('Ctrl Pts',(4.67404964537721,14.005975943362,19.7305812565788));
#1606=CARTESIAN_POINT('Ctrl Pts',(7.93668291833971,14.067139454144,18.6588220706361));
#1607=CARTESIAN_POINT('Ctrl Pts',(10.7435896472928,14.1283029649261,16.8714038881265));
#1608=CARTESIAN_POINT('Ctrl Pts',(13.5504963762459,14.1894664757081,15.0839857056169));
#1609=CARTESIAN_POINT('Ctrl Pts',(15.9016765611896,14.2506299864901,12.5809085265405));
#1610=CARTESIAN_POINT('Ctrl Pts',(17.5101050297706,14.3117934972721,9.66774066222701));
#1611=CARTESIAN_POINT('Ctrl Pts',(19.1185334983516,14.3729570080542,6.75457279791356));
#1612=CARTESIAN_POINT('Ctrl Pts',(19.9842102505699,14.4341205188362,3.43131424836309));
#1613=CARTESIAN_POINT('Ctrl Pts',(20.00145601071,14.4952840296182,0.103658658016091));
#1614=CARTESIAN_POINT('Ctrl Pts',(20.01870177085,14.5564475404002,-3.22399693233101));
#1615=CARTESIAN_POINT('Ctrl Pts',(19.1875165389117,14.6176110511822,-6.55604956347463));
#1616=CARTESIAN_POINT('Ctrl Pts',(17.6093689671095,14.6787745619643,-9.4857320353162));
#1617=CARTESIAN_POINT('Ctrl Pts',(16.0312213953074,14.7399380727463,-12.4154145071577));
#1618=CARTESIAN_POINT('Ctrl Pts',(13.7061114836414,14.8011015835283,-14.9427268196971));
#1619=CARTESIAN_POINT('Ctrl Pts',(10.9178818220466,14.8622650943103,-16.7591421076855));
#1620=CARTESIAN_POINT('Ctrl Pts',(8.12965216045163,14.9234286050923,-18.5755573956739));
#1621=CARTESIAN_POINT('Ctrl Pts',(4.87830274892779,14.9845921158744,-19.6810756591112));
#1622=CARTESIAN_POINT('Ctrl Pts',(1.56074877555554,15.0457556266564,-19.9407384749245));
#1623=CARTESIAN_POINT('Ctrl Pts',(-1.75680519781671,15.1069191374384,-20.2004012907377));
#1624=CARTESIAN_POINT('Ctrl Pts',(-5.14056373303738,15.1680826482204,-19.614208658927));
#1625=CARTESIAN_POINT('Ctrl Pts',(-8.17744752515396,15.2292461590024,-18.253721254546));
#1626=CARTESIAN_POINT('Ctrl Pts',(-11.2143313172705,15.2904096697845,-16.8932338501651));
#1627=CARTESIAN_POINT('Ctrl Pts',(-13.904340366283,15.3515731805665,-14.7584516732139));
#1628=CARTESIAN_POINT('Ctrl Pts',(-15.9190862669967,15.4127366913485,-12.109982662697));
#1629=CARTESIAN_POINT('Ctrl Pts',(-17.9338321677104,15.4739002021305,-9.46151365218004));
#1630=CARTESIAN_POINT('Ctrl Pts',(-19.2733149201254,15.5350637129125,-6.29935780809733));
#1631=CARTESIAN_POINT('Ctrl Pts',(-19.7740144037065,15.5962272236946,-3.00954182975687));
#1632=CARTESIAN_POINT('Ctrl Pts',(-19.9254786261475,15.6147295068128,-2.01435522487062));
#1633=CARTESIAN_POINT('Ctrl Pts',(-20.000186272901,15.633231789931,-1.00748651434216));
#1634=CARTESIAN_POINT('Ctrl Pts',(-19.9992798464662,15.6517340730492,-0.000484536710401158));
#1635=CARTESIAN_POINT('Origin',(0.,0.,0.));
#1636=CARTESIAN_POINT('',(-20.001056754248,9.7482659269508,-0.000391354646346577));
#1637=CARTESIAN_POINT('',(-20.0009907375375,11.0335522548674,-0.000407095624596062));
#1638=CARTESIAN_POINT('',(-20.,0.,2.44929359829471E-15));
#1639=CARTESIAN_POINT('Ctrl Pts',(-19.9994075797902,12.0573568360417,0.000499029527823006));
#1640=CARTESIAN_POINT('Ctrl Pts',(-19.9971913512255,12.0138660915258,-2.36647711854476));
#1641=CARTESIAN_POINT('Ctrl Pts',(-19.5768992381557,11.9703753470098,-4.73421937998921));
#1642=CARTESIAN_POINT('Ctrl Pts',(-18.7543844044204,11.9268846024939,-6.95284492599299));
#1643=CARTESIAN_POINT('Ctrl Pts',(-17.5976349520601,11.8657210917119,-10.0730243806022));
#1644=CARTESIAN_POINT('Ctrl Pts',(-15.6453533665653,11.8045575809299,-12.8982748502843));
#1645=CARTESIAN_POINT('Ctrl Pts',(-13.1358684507017,11.7433940701479,-15.0836980545068));
#1646=CARTESIAN_POINT('Ctrl Pts',(-10.6263835348381,11.6822305593658,-17.2691212587292));
#1647=CARTESIAN_POINT('Ctrl Pts',(-7.55969528860567,11.6210670485838,-18.8147171974921));
#1648=CARTESIAN_POINT('Ctrl Pts',(-4.31017600727694,11.5599035378018,-19.5318040574845));
#1649=CARTESIAN_POINT('Ctrl Pts',(-1.06065672594821,11.4987400270198,-20.2488909174768));
#1650=CARTESIAN_POINT('Ctrl Pts',(2.37169359047683,11.4375765162378,-20.1374686986985));
#1651=CARTESIAN_POINT('Ctrl Pts',(5.56786369502249,11.3764130054557,-19.2111394984088));
#1652=CARTESIAN_POINT('Ctrl Pts',(8.76403379956824,11.3152494946737,-18.284810298119));
#1653=CARTESIAN_POINT('Ctrl Pts',(11.7240236922346,11.2540859838917,-16.5435741163177));
#1654=CARTESIAN_POINT('Ctrl Pts',(14.0864864994153,11.1929224731097,-14.1999959526565));
#1655=CARTESIAN_POINT('Ctrl Pts',(16.448949306596,11.1317589623277,-11.8564177889955));
#1656=CARTESIAN_POINT('Ctrl Pts',(18.2138850282911,11.0705954515456,-8.91049764347468));
#1657=CARTESIAN_POINT('Ctrl Pts',(19.165835494616,11.0094319407636,-5.72186479628696));
#1658=CARTESIAN_POINT('Ctrl Pts',(20.117785960941,10.9482684299816,-2.53323194909918));
#1659=CARTESIAN_POINT('Ctrl Pts',(20.2567511718959,10.8871049191996,0.898113599755523));
#1660=CARTESIAN_POINT('Ctrl Pts',(19.5657666626212,10.8259414084176,4.15328326237583));
#1661=CARTESIAN_POINT('Ctrl Pts',(18.8747821533465,10.7647778976355,7.40845292499613));
#1662=CARTESIAN_POINT('Ctrl Pts',(17.3538479238423,10.7036143868535,10.487446701382));
#1663=CARTESIAN_POINT('Ctrl Pts',(15.1886351583762,10.6424508760715,13.014390073277));
#1664=CARTESIAN_POINT('Ctrl Pts',(13.0234223929101,10.5812873652895,15.541333445172));
#1665=CARTESIAN_POINT('Ctrl Pts',(10.2139310914822,10.5201238545075,17.516226412576));
#1666=CARTESIAN_POINT('Ctrl Pts',(7.10313570164394,10.4589603437254,18.697979841622));
#1667=CARTESIAN_POINT('Ctrl Pts',(3.99234031180564,10.3977968329434,19.879733270668));
#1668=CARTESIAN_POINT('Ctrl Pts',(0.580240833556924,10.3366333221614,20.268347161356));
#1669=CARTESIAN_POINT('Ctrl Pts',(-2.71662364898124,10.2754698113794,19.8163806711384));
#1670=CARTESIAN_POINT('Ctrl Pts',(-6.0134881315194,10.2143063005973,19.3644141809209));
#1671=CARTESIAN_POINT('Ctrl Pts',(-9.195117618347,10.1531427898153,18.0718673097978));
#1672=CARTESIAN_POINT('Ctrl Pts',(-11.8731081250832,10.0919792790333,16.0965303840224));
#1673=CARTESIAN_POINT('Ctrl Pts',(-14.5510986318194,10.0308157682513,14.121193458247));
#1674=CARTESIAN_POINT('Ctrl Pts',(-16.7254501584642,9.96965225746927,11.4630664778192));
#1675=CARTESIAN_POINT('Ctrl Pts',(-18.1307242559808,9.90848874668725,8.4466457784887));
#1676=CARTESIAN_POINT('Ctrl Pts',(-19.3578010731219,9.85508114010843,5.81272552233805));
#1677=CARTESIAN_POINT('Ctrl Pts',(-19.9984812333952,9.80167353352962,2.90561789781087));
#1678=CARTESIAN_POINT('Ctrl Pts',(-20.001056754248,9.7482659269508,-0.000391354646346577));
#1679=CARTESIAN_POINT('Ctrl Pts',(-20.0009907375375,11.0335522548674,-0.000407095624596062));
#1680=CARTESIAN_POINT('Ctrl Pts',(-19.998364316157,11.0865196523746,2.88167707139528));
#1681=CARTESIAN_POINT('Ctrl Pts',(-19.368528127876,11.1394870498819,5.76487179761698));
#1682=CARTESIAN_POINT('Ctrl Pts',(-18.1609602645311,11.1924544473891,8.38143841687225));
#1683=CARTESIAN_POINT('Ctrl Pts',(-16.7665347593019,11.2536179581711,11.4028895011322));
#1684=CARTESIAN_POINT('Ctrl Pts',(-14.6017492599793,11.3147814689532,14.0688128624487));
#1685=CARTESIAN_POINT('Ctrl Pts',(-11.9308744230769,11.3759449797352,16.0537604057887));
#1686=CARTESIAN_POINT('Ctrl Pts',(-9.25999958617456,11.4371084905172,18.0387079491286));
#1687=CARTESIAN_POINT('Ctrl Pts',(-6.08303541169239,11.4982720012992,19.342679674492));
#1688=CARTESIAN_POINT('Ctrl Pts',(-2.78781635638054,11.5594355120812,19.8064905429709));
#1689=CARTESIAN_POINT('Ctrl Pts',(0.507402698931292,11.6205990228632,20.2703014114499));
#1690=CARTESIAN_POINT('Ctrl Pts',(3.92087663507287,11.6817625336453,19.8939514230443));
#1691=CARTESIAN_POINT('Ctrl Pts',(7.03589857813982,11.7429260444273,18.7233842791262));
#1692=CARTESIAN_POINT('Ctrl Pts',(10.1509205212068,11.8040895552093,17.552817135208));
#1693=CARTESIAN_POINT('Ctrl Pts',(12.9674904711992,11.8652530659913,15.5880328357771));
#1694=CARTESIAN_POINT('Ctrl Pts',(15.1417698399366,11.9264165767733,13.0688864782003));
#1695=CARTESIAN_POINT('Ctrl Pts',(17.3160492086739,11.9875800875554,10.5497401206235));
#1696=CARTESIAN_POINT('Ctrl Pts',(18.8480379961561,12.0487435983374,7.47623170490073));
#1697=CARTESIAN_POINT('Ctrl Pts',(19.5507155101411,12.1099071091194,4.22356611256741));
#1698=CARTESIAN_POINT('Ctrl Pts',(20.2533930241261,12.1710706199014,0.970900520233984));
#1699=CARTESIAN_POINT('Ctrl Pts',(20.1267592646137,12.2322341306834,-2.46092224871001));
#1700=CARTESIAN_POINT('Ctrl Pts',(19.1862733090847,12.2933976414655,-5.65295534873615));
#1701=CARTESIAN_POINT('Ctrl Pts',(18.2457873535557,12.3545611522475,-8.84498844876221));
#1702=CARTESIAN_POINT('Ctrl Pts',(16.49144920201,12.4157246630295,-11.7972318798704));
#1703=CARTESIAN_POINT('Ctrl Pts',(14.1374233040899,12.4768881738115,-14.1492844337328));
#1704=CARTESIAN_POINT('Ctrl Pts',(11.7833974061698,12.5380516845935,-16.5013369875953));
#1705=CARTESIAN_POINT('Ctrl Pts',(8.82968376187518,12.5992151953756,-18.2531986642119));
#1706=CARTESIAN_POINT('Ctrl Pts',(5.63686305884227,12.6603787061576,-19.1910073347273));
#1707=CARTESIAN_POINT('Ctrl Pts',(2.44404235580936,12.7215422169396,-20.1288160052428));
#1708=CARTESIAN_POINT('Ctrl Pts',(-0.987885405961824,12.7827057277216,-20.2525716696571));
#1709=CARTESIAN_POINT('Ctrl Pts',(-4.23996056372683,12.8438692385037,-19.5471665998871));
#1710=CARTESIAN_POINT('Ctrl Pts',(-7.49203572149179,12.9050327492857,-18.8417615301171));
#1711=CARTESIAN_POINT('Ctrl Pts',(-10.5642582752506,12.9661962600677,-17.3071957261628));
#1712=CARTESIAN_POINT('Ctrl Pts',(-13.0815803177202,13.0273597708497,-15.1308044748696));
#1713=CARTESIAN_POINT('Ctrl Pts',(-15.5989023601899,13.0885232816317,-12.9544132235763));
#1714=CARTESIAN_POINT('Ctrl Pts',(-17.5613238913705,13.1496867924137,-10.1361965249442));
#1715=CARTESIAN_POINT('Ctrl Pts',(-18.7292782537045,13.2108503031958,-7.02019399739152));
#1716=CARTESIAN_POINT('Ctrl Pts',(-19.568166476895,13.2547812567833,-4.78211183588315));
#1717=CARTESIAN_POINT('Ctrl Pts',(-19.9971976558745,13.2987122103708,-2.39040517680566));
#1718=CARTESIAN_POINT('Ctrl Pts',(-19.9994773249352,13.3426431639583,0.000505342858426734));
#1719=CARTESIAN_POINT('Origin',(0.,0.,0.));
#1720=CARTESIAN_POINT('',(-19.9983318210026,7.43917501785989,0.000131293900157226));
#1721=CARTESIAN_POINT('',(-19.9983501585058,8.72446134577647,0.000152911555552081));
#1722=CARTESIAN_POINT('',(-20.,0.,2.44929359829471E-15));
#1723=CARTESIAN_POINT('Ctrl Pts',(-20.001056754248,9.7482659269508,-0.000391354646346577));
#1724=CARTESIAN_POINT('Ctrl Pts',(-20.0014307738735,9.7405100227476,-0.422404824626761));
#1725=CARTESIAN_POINT('Ctrl Pts',(-19.9883477225196,9.7327541185444,-0.844395130897034));
#1726=CARTESIAN_POINT('Ctrl Pts',(-19.961649240164,9.72499821434119,-1.26552225042984));
#1727=CARTESIAN_POINT('Ctrl Pts',(-19.7511034584421,9.66383470355918,-4.58655516178442));
#1728=CARTESIAN_POINT('Ctrl Pts',(-18.6938152266098,9.60267119277715,-7.85390656626019));
#1729=CARTESIAN_POINT('Ctrl Pts',(-16.9188551871109,9.54150768199513,-10.6687077995062));
#1730=CARTESIAN_POINT('Ctrl Pts',(-15.1438951476119,9.48034417121311,-13.4835090327522));
#1731=CARTESIAN_POINT('Ctrl Pts',(-12.6512633004463,9.41918066043109,-15.8457600947684));
#1732=CARTESIAN_POINT('Ctrl Pts',(-9.74525282149826,9.35801714964907,-17.4670843130373));
#1733=CARTESIAN_POINT('Ctrl Pts',(-6.83924234255024,9.29685363886705,-19.0884085313061));
#1734=CARTESIAN_POINT('Ctrl Pts',(-3.51985323181978,9.23569012808504,-19.9688059058277));
#1735=CARTESIAN_POINT('Ctrl Pts',(-0.192306764020264,9.17452661730302,-20.0008001105502));
#1736=CARTESIAN_POINT('Ctrl Pts',(3.1352397037793,9.113363106521,-20.0327943152726));
#1737=CARTESIAN_POINT('Ctrl Pts',(6.47094352864792,9.05219959573897,-19.2163853501959));
#1738=CARTESIAN_POINT('Ctrl Pts',(9.40759178348102,8.99103608495695,-17.6512380242592));
#1739=CARTESIAN_POINT('Ctrl Pts',(12.3442400383141,8.92987257417493,-16.0860906983224));
#1740=CARTESIAN_POINT('Ctrl Pts',(14.8818327231117,8.86870906339291,-13.7722050115257));
#1741=CARTESIAN_POINT('Ctrl Pts',(16.7105879749662,8.80754555261089,-10.9920533334125));
#1742=CARTESIAN_POINT('Ctrl Pts',(18.5393432268208,8.74638204182887,-8.21190165529933));
#1743=CARTESIAN_POINT('Ctrl Pts',(19.6592610457322,8.68521853104685,-4.96548398586962));
#1744=CARTESIAN_POINT('Ctrl Pts',(19.9336251531883,8.62405502026483,-1.64911346057529));
#1745=CARTESIAN_POINT('Ctrl Pts',(20.2079892606444,8.56289150948281,1.66725706471904));
#1746=CARTESIAN_POINT('Ctrl Pts',(19.636799656645,8.50172799870079,5.053580445878));
#1747=CARTESIAN_POINT('Ctrl Pts',(18.2897854906555,8.44056448791877,8.09646426901763));
#1748=CARTESIAN_POINT('Ctrl Pts',(16.942771324666,8.37940097713675,11.1393480921573));
#1749=CARTESIAN_POINT('Ctrl Pts',(14.8199325966864,8.31823746635473,13.8387923572776));
#1750=CARTESIAN_POINT('Ctrl Pts',(12.1804192245682,8.25707395557271,15.8652568358486));
#1751=CARTESIAN_POINT('Ctrl Pts',(9.54090585245,8.19591044479069,17.8917213144196));
#1752=CARTESIAN_POINT('Ctrl Pts',(6.38471783619316,8.13474693400867,19.2452060064414));
#1753=CARTESIAN_POINT('Ctrl Pts',(3.09715334016422,8.07358342322665,19.7604814754393));
#1754=CARTESIAN_POINT('Ctrl Pts',(-0.190411155864719,8.01241991244463,20.2757569444372));
#1755=CARTESIAN_POINT('Ctrl Pts',(-3.60935213166576,7.95125640166261,19.9528231904112));
#1756=CARTESIAN_POINT('Ctrl Pts',(-6.74229531318788,7.89009289088059,18.8311030177055));
#1757=CARTESIAN_POINT('Ctrl Pts',(-9.87523849471002,7.82892938009857,17.7093828449997));
#1758=CARTESIAN_POINT('Ctrl Pts',(-12.7221838819533,7.76776586931655,15.7888762536142));
#1759=CARTESIAN_POINT('Ctrl Pts',(-14.9355847425599,7.70660235853453,13.3040330483461));
#1760=CARTESIAN_POINT('Ctrl Pts',(-17.1489856031665,7.64543884775251,10.819189843078));
#1761=CARTESIAN_POINT('Ctrl Pts',(-18.7288419371365,7.58427533697049,7.77001002392729));
#1762=CARTESIAN_POINT('Ctrl Pts',(-19.4822895227232,7.52311182618847,4.52872850880481));
#1763=CARTESIAN_POINT('Ctrl Pts',(-19.8269502786131,7.49513289007894,3.04602080832958));
#1764=CARTESIAN_POINT('Ctrl Pts',(-19.9986801800918,7.46715395396942,1.52311470665977));
#1765=CARTESIAN_POINT('Ctrl Pts',(-19.9983318210026,7.43917501785989,0.000131293900157226));
#1766=CARTESIAN_POINT('Ctrl Pts',(-19.9983501585058,8.72446134577647,0.000152911555552081));
#1767=CARTESIAN_POINT('Ctrl Pts',(-19.9987499343735,8.75200007281442,1.49917040312869));
#1768=CARTESIAN_POINT('Ctrl Pts',(-19.8324292835639,8.77953879985237,2.99810056583323));
#1769=CARTESIAN_POINT('Ctrl Pts',(-19.4984377540915,8.80707752689033,4.45868958501476));
#1770=CARTESIAN_POINT('Ctrl Pts',(-18.7566425910168,8.86824103767235,7.7026576921712));
#1771=CARTESIAN_POINT('Ctrl Pts',(-17.1877536964279,8.92940454845437,10.7574950467493));
#1772=CARTESIAN_POINT('Ctrl Pts',(-14.9832964192796,8.99056805923639,13.2502760755277));
#1773=CARTESIAN_POINT('Ctrl Pts',(-12.7788391421313,9.05173157001841,15.743057104306));
#1774=CARTESIAN_POINT('Ctrl Pts',(-9.93881348242355,9.11289508080043,17.6737818072846));
#1775=CARTESIAN_POINT('Ctrl Pts',(-6.80992143249738,9.17405859158245,18.8067529826101));
#1776=CARTESIAN_POINT('Ctrl Pts',(-3.68102938257123,9.23522210236447,19.9397241579355));
#1777=CARTESIAN_POINT('Ctrl Pts',(-0.263270942426754,9.29638561314649,20.2749418056078));
#1778=CARTESIAN_POINT('Ctrl Pts',(3.0261239743654,9.35754912392851,19.7714835396201));
#1779=CARTESIAN_POINT('Ctrl Pts',(6.31551889115758,9.41871263471053,19.2680252736325));
#1780=CARTESIAN_POINT('Ctrl Pts',(9.47655028459738,9.47987614549255,17.9258910939849));
#1781=CARTESIAN_POINT('Ctrl Pts',(12.1233287250551,9.54103965627457,15.9089247999339));
#1782=CARTESIAN_POINT('Ctrl Pts',(14.7701071655129,9.60220316705659,13.891958505883));
#1783=CARTESIAN_POINT('Ctrl Pts',(16.9026326529885,9.66336667783861,11.2001600974287));
#1784=CARTESIAN_POINT('Ctrl Pts',(18.2605727384782,9.72453018862063,8.16213641937253));
#1785=CARTESIAN_POINT('Ctrl Pts',(19.6185128239678,9.78569369940265,5.12411274131636));
#1786=CARTESIAN_POINT('Ctrl Pts',(20.2018675074713,9.84685721018466,1.73986379365827));
#1787=CARTESIAN_POINT('Ctrl Pts',(19.9394225623424,9.90802072096669,-1.57747125046763));
#1788=CARTESIAN_POINT('Ctrl Pts',(19.6769776172134,9.96918423174871,-4.89480629459352));
#1789=CARTESIAN_POINT('Ctrl Pts',(18.5687330434519,10.0303477425307,-8.14522743518723));
#1790=CARTESIAN_POINT('Ctrl Pts',(16.7499800840827,10.0915112533128,-10.931932804794));
#1791=CARTESIAN_POINT('Ctrl Pts',(14.9312271247136,10.1526747640948,-13.7186381744008));
#1792=CARTESIAN_POINT('Ctrl Pts',(12.4019657797367,10.2138382748768,-16.0416277730207));
#1793=CARTESIAN_POINT('Ctrl Pts',(9.47096084656079,10.2750017856588,-17.6173178522899));
#1794=CARTESIAN_POINT('Ctrl Pts',(6.53995591338476,10.3361652964408,-19.1930079315592));
#1795=CARTESIAN_POINT('Ctrl Pts',(3.20720739200957,10.3973288072228,-20.0213984914778));
#1796=CARTESIAN_POINT('Ctrl Pts',(-0.120432565231913,10.4584923180049,-20.0013620451941));
#1797=CARTESIAN_POINT('Ctrl Pts',(-3.44807252247328,10.5196558287869,-19.9813255989104));
#1798=CARTESIAN_POINT('Ctrl Pts',(-6.7706039155809,10.5808193395689,-19.1128621464246));
#1799=CARTESIAN_POINT('Ctrl Pts',(-9.68242186923674,10.6419828503509,-17.5019911556321));
#1800=CARTESIAN_POINT('Ctrl Pts',(-12.5942398228926,10.7031463611329,-15.8911201648397));
#1801=CARTESIAN_POINT('Ctrl Pts',(-15.0953443370967,10.764309871915,-13.5378416357406));
#1802=CARTESIAN_POINT('Ctrl Pts',(-16.8804079176539,10.825473382697,-10.7294369003833));
#1803=CARTESIAN_POINT('Ctrl Pts',(-18.6654714982112,10.886636893479,-7.92103216502583));
#1804=CARTESIAN_POINT('Ctrl Pts',(-19.7344941451217,10.947800404261,-4.65750122341004));
#1805=CARTESIAN_POINT('Ctrl Pts',(-19.956972713009,11.0089639150431,-1.3372463490004));
#1806=CARTESIAN_POINT('Ctrl Pts',(-19.9867855788876,11.0171600283178,-0.892321185224825));
#1807=CARTESIAN_POINT('Ctrl Pts',(-20.0013971469168,11.0253561415926,-0.446377436098569));
#1808=CARTESIAN_POINT('Ctrl Pts',(-20.0009907375375,11.0335522548674,-0.000407095624596062));
#1809=CARTESIAN_POINT('Origin',(0.,0.,0.));
#1810=CARTESIAN_POINT('',(-20.0016381276117,5.13008410876898,0.000145694549994383));
#1811=CARTESIAN_POINT('',(-20.0016645612421,6.41537043668556,0.000121156745992445));
#1812=CARTESIAN_POINT('',(-20.,0.,2.44929359829471E-15));
#1813=CARTESIAN_POINT('Ctrl Pts',(-19.9983318210026,7.43917501785989,0.000131293900157226));
#1814=CARTESIAN_POINT('Ctrl Pts',(-19.9979186477439,7.4059904431874,-1.8062117560231));
#1815=CARTESIAN_POINT('Ctrl Pts',(-19.7554381747894,7.3728058685149,-3.61266356161765));
#1816=CARTESIAN_POINT('Ctrl Pts',(-19.2723129188255,7.33962129384241,-5.35228378475437));
#1817=CARTESIAN_POINT('Ctrl Pts',(-18.3818498921376,7.27845778306039,-8.5586313520968));
#1818=CARTESIAN_POINT('Ctrl Pts',(-16.6738850015583,7.21729427227837,-11.5379432756874));
#1819=CARTESIAN_POINT('Ctrl Pts',(-14.3569215852137,7.15613076149635,-13.926513905127));
#1820=CARTESIAN_POINT('Ctrl Pts',(-12.0399581688691,7.09496725071433,-16.3150845345667));
#1821=CARTESIAN_POINT('Ctrl Pts',(-9.11399622675897,7.03380373993231,-18.1129138698553));
#1822=CARTESIAN_POINT('Ctrl Pts',(-5.93622860021438,6.97264022915029,-19.1005281853583));
#1823=CARTESIAN_POINT('Ctrl Pts',(-2.75846097366982,6.91147671836827,-20.0881425008614));
#1824=CARTESIAN_POINT('Ctrl Pts',(0.67111233730923,6.85031320758625,-20.2655417965789));
#1825=CARTESIAN_POINT('Ctrl Pts',(3.93381909441679,6.78914969680423,-19.6110696874514));
#1826=CARTESIAN_POINT('Ctrl Pts',(7.19652585152434,6.72798618602221,-18.9565975783239));
#1827=CARTESIAN_POINT('Ctrl Pts',(10.2923660547603,6.66682267524019,-17.4702540643515));
#1828=CARTESIAN_POINT('Ctrl Pts',(12.8434086235508,6.60565916445817,-15.333487596831));
#1829=CARTESIAN_POINT('Ctrl Pts',(15.3944511923414,6.54449565367615,-13.1967211293106));
#1830=CARTESIAN_POINT('Ctrl Pts',(17.4006961266863,6.48333214289413,-10.4095317082422));
#1831=CARTESIAN_POINT('Ctrl Pts',(18.6172269366645,6.42216863211211,-7.31217123311579));
#1832=CARTESIAN_POINT('Ctrl Pts',(19.8337577466427,6.36100512133009,-4.21481075798939));
#1833=CARTESIAN_POINT('Ctrl Pts',(20.2605744322541,6.29984161054807,-0.807279228805037));
#1834=CARTESIAN_POINT('Ctrl Pts',(19.8455724659359,6.23867809976605,2.49444191212323));
#1835=CARTESIAN_POINT('Ctrl Pts',(19.4305704996177,6.17751458898403,5.7961630530515));
#1836=CARTESIAN_POINT('Ctrl Pts',(18.1737498813698,6.11635107820201,8.99207380572368));
#1837=CARTESIAN_POINT('Ctrl Pts',(16.2285395814101,6.05518756741998,11.6920267707645));
#1838=CARTESIAN_POINT('Ctrl Pts',(14.2833292814505,5.99402405663797,14.3919797358054));
#1839=CARTESIAN_POINT('Ctrl Pts',(11.6497292997789,5.93286054585595,16.5959749132149));
#1840=CARTESIAN_POINT('Ctrl Pts',(8.649241788165,5.87169703507393,18.0349550441231));
#1841=CARTESIAN_POINT('Ctrl Pts',(5.64875427655109,5.81053352429191,19.4739351750312));
#1842=CARTESIAN_POINT('Ctrl Pts',(2.28137923499476,5.74937001350989,20.1479002594381));
#1843=CARTESIAN_POINT('Ctrl Pts',(-1.04180408027483,5.68820650272787,19.9745746190494));
#1844=CARTESIAN_POINT('Ctrl Pts',(-4.36498739554442,5.62704299194585,19.8012489786607));
#1845=CARTESIAN_POINT('Ctrl Pts',(-7.64397898452733,5.56587948116383,18.7806326134764));
#1846=CARTESIAN_POINT('Ctrl Pts',(-10.4784891833292,5.50471597038181,17.0373193721481));
#1847=CARTESIAN_POINT('Ctrl Pts',(-13.3129993821311,5.44355245959979,15.2940061308198));
#1848=CARTESIAN_POINT('Ctrl Pts',(-15.7030281907519,5.38238894881776,12.8279960133476));
#1849=CARTESIAN_POINT('Ctrl Pts',(-17.3568079109464,5.32122543803574,9.94033229304259));
#1850=CARTESIAN_POINT('Ctrl Pts',(-19.0105876311409,5.26006192725372,7.05266857273763));
#1851=CARTESIAN_POINT('Ctrl Pts',(-19.928118262909,5.19889841647171,3.74335124960001));
#1852=CARTESIAN_POINT('Ctrl Pts',(-19.9973903611947,5.13773490568969,0.416372064073508));
#1853=CARTESIAN_POINT('Ctrl Pts',(-20.000278721425,5.13518464004945,0.277650780841992));
#1854=CARTESIAN_POINT('Ctrl Pts',(-20.0016923457136,5.13263437440922,0.138898791661483));
#1855=CARTESIAN_POINT('Ctrl Pts',(-20.0016381276117,5.13008410876898,0.000145694549994383));
#1856=CARTESIAN_POINT('Ctrl Pts',(-20.0016645612421,6.41537043668556,0.000121156745992445));
#1857=CARTESIAN_POINT('Ctrl Pts',(-20.0017025246307,6.41748049325422,0.114923220569554));
#1858=CARTESIAN_POINT('Ctrl Pts',(-20.0007348249417,6.41959054982288,0.229724642321505));
#1859=CARTESIAN_POINT('Ctrl Pts',(-19.998757497425,6.42170060639154,0.344508671715857));
#1860=CARTESIAN_POINT('Ctrl Pts',(-19.9414413597025,6.48286411717356,3.67171530860603));
#1861=CARTESIAN_POINT('Ctrl Pts',(-19.0358086966872,6.54402762795558,6.98430841766278));
#1862=CARTESIAN_POINT('Ctrl Pts',(-17.3924164843427,6.6051911387376,9.87789636009941));
#1863=CARTESIAN_POINT('Ctrl Pts',(-15.7490242719981,6.66635464951962,12.771484302536));
#1864=CARTESIAN_POINT('Ctrl Pts',(-13.3678725103243,6.72751816030164,15.2460670783525));
#1865=CARTESIAN_POINT('Ctrl Pts',(-10.539645213748,6.78868167108366,16.999554889291));
#1866=CARTESIAN_POINT('Ctrl Pts',(-7.71141791717163,6.84984518186568,18.7530427002295));
#1867=CARTESIAN_POINT('Ctrl Pts',(-4.43611508569278,6.9110086926477,19.78543554629));
#1868=CARTESIAN_POINT('Ctrl Pts',(-1.11357607052028,6.97217220342972,19.9707019406145));
#1869=CARTESIAN_POINT('Ctrl Pts',(2.20896294465223,7.03333571421174,20.155968334939));
#1870=CARTESIAN_POINT('Ctrl Pts',(5.57873814351841,7.09449922499376,19.4941082775274));
#1871=CARTESIAN_POINT('Ctrl Pts',(8.58437726569214,7.15566273577579,18.0659197005291));
#1872=CARTESIAN_POINT('Ctrl Pts',(11.5900163878659,7.21682624655781,16.6377311235309));
#1873=CARTESIAN_POINT('Ctrl Pts',(14.2315194333472,7.27798975733983,14.443214026946));
#1874=CARTESIAN_POINT('Ctrl Pts',(16.1864194675459,7.33915326812184,11.7502686133701));
#1875=CARTESIAN_POINT('Ctrl Pts',(18.1413195017446,7.40031677890386,9.05732319979424));
#1876=CARTESIAN_POINT('Ctrl Pts',(19.4096165246607,7.46148028968588,5.86594946922732));
#1877=CARTESIAN_POINT('Ctrl Pts',(19.8364805602965,7.5226438004679,2.56574095471037));
#1878=CARTESIAN_POINT('Ctrl Pts',(20.2633445959323,7.58380731124992,-0.734467559806576));
#1879=CARTESIAN_POINT('Ctrl Pts',(19.8487756442879,7.64497082203195,-4.14351085827351));
#1880=CARTESIAN_POINT('Ctrl Pts',(18.6433830655311,7.70613433281397,-7.24522294602236));
#1881=CARTESIAN_POINT('Ctrl Pts',(17.4379904867742,7.76729784359599,-10.3469350337712));
#1882=CARTESIAN_POINT('Ctrl Pts',(15.4417742809048,7.82846135437801,-13.1413159108019));
#1883=CARTESIAN_POINT('Ctrl Pts',(12.8984266601228,7.88962486516002,-15.2872357657993));
#1884=CARTESIAN_POINT('Ctrl Pts',(10.3550790393408,7.95078837594204,-17.4331556207966));
#1885=CARTESIAN_POINT('Ctrl Pts',(7.26460000364614,8.01195188672406,-18.9306144537607));
#1886=CARTESIAN_POINT('Ctrl Pts',(4.00426615802341,8.07311539750608,-19.5968068878939));
#1887=CARTESIAN_POINT('Ctrl Pts',(0.743932312400682,8.1342789082881,-20.2629993220272));
#1888=CARTESIAN_POINT('Ctrl Pts',(-2.68625634315011,8.19544241907012,-20.0979253573297));
#1889=CARTESIAN_POINT('Ctrl Pts',(-5.86755245086474,8.25660592985214,-19.1217367386451));
#1890=CARTESIAN_POINT('Ctrl Pts',(-9.04884855857933,8.31776944063417,-18.1455481199606));
#1891=CARTESIAN_POINT('Ctrl Pts',(-11.9812521184578,8.37893295141619,-16.3582448472891));
#1892=CARTESIAN_POINT('Ctrl Pts',(-14.3067839153888,8.44009646219821,-13.9780156554523));
#1893=CARTESIAN_POINT('Ctrl Pts',(-16.6323157123199,8.50125997298023,-11.5977864636156));
#1894=CARTESIAN_POINT('Ctrl Pts',(-18.3509757463036,8.56242348376225,-8.62463135261353));
#1895=CARTESIAN_POINT('Ctrl Pts',(-19.2529550475152,8.62358699454427,-5.42150436724511));
#1896=CARTESIAN_POINT('Ctrl Pts',(-19.7488202873794,8.65721177828833,-3.66057778192129));
#1897=CARTESIAN_POINT('Ctrl Pts',(-19.9978620321998,8.6908365620324,-1.8301473384616));
#1898=CARTESIAN_POINT('Ctrl Pts',(-19.9983501585058,8.72446134577647,0.000152911555552081));
#1899=CARTESIAN_POINT('Origin',(0.,0.,0.));
#1900=CARTESIAN_POINT('',(-19.9987085214858,2.82099319967807,-0.00035765025058529));
#1901=CARTESIAN_POINT('',(-19.9986625731332,4.10627952759465,-0.000340789421131579));
#1902=CARTESIAN_POINT('',(-20.,0.,2.44929359829471E-15));
#1903=CARTESIAN_POINT('Ctrl Pts',(-20.0016381276117,5.13008410876898,0.000145694549994383));
#1904=CARTESIAN_POINT('Ctrl Pts',(-20.0003920225604,5.0714708636272,-3.18884339226019));
#1905=CARTESIAN_POINT('Ctrl Pts',(-19.2237917596192,5.01285761848541,-6.37841771826069));
#1906=CARTESIAN_POINT('Ctrl Pts',(-17.7555274320078,4.95424437334362,-9.20924712258957));
#1907=CARTESIAN_POINT('Ctrl Pts',(-16.2233788397317,4.8930808625616,-12.1632460758107));
#1908=CARTESIAN_POINT('Ctrl Pts',(-13.9380680903762,4.83191735177959,-14.7266029343377));
#1909=CARTESIAN_POINT('Ctrl Pts',(-11.1785792090093,4.77075384099757,-16.5863906206621));
#1910=CARTESIAN_POINT('Ctrl Pts',(-8.41909032764235,4.70959033021555,-18.4461783069865));
#1911=CARTESIAN_POINT('Ctrl Pts',(-5.185423314264,4.64842681943353,-19.6023968211083));
#1912=CARTESIAN_POINT('Ctrl Pts',(-1.87233474173341,4.58726330865151,-19.9138984021156));
#1913=CARTESIAN_POINT('Ctrl Pts',(1.44075383079718,4.52609979786948,-20.2253999831228));
#1914=CARTESIAN_POINT('Ctrl Pts',(4.83326396248002,4.46493628708746,-19.6921846310155));
#1915=CARTESIAN_POINT('Ctrl Pts',(7.89104797920017,4.40377277630544,-18.3793457103611));
#1916=CARTESIAN_POINT('Ctrl Pts',(10.9488319959203,4.34260926552342,-17.0665067897068));
#1917=CARTESIAN_POINT('Ctrl Pts',(13.6718898976778,4.28144575474141,-14.9740443005055));
#1918=CARTESIAN_POINT('Ctrl Pts',(15.7277987723234,4.22028224395939,-12.357399918085));
#1919=CARTESIAN_POINT('Ctrl Pts',(17.783707646969,4.15911873317737,-9.74075553566452));
#1920=CARTESIAN_POINT('Ctrl Pts',(19.1724674945029,4.09795522239534,-6.59992926002483));
#1921=CARTESIAN_POINT('Ctrl Pts',(19.7245425914538,4.03679171161332,-3.31834394032153));
#1922=CARTESIAN_POINT('Ctrl Pts',(20.2766176884047,3.9756282008313,-0.0367586206182546));
#1923=CARTESIAN_POINT('Ctrl Pts',(19.9920080347726,3.91446469004928,3.38558574314864));
#1924=CARTESIAN_POINT('Ctrl Pts',(18.9054579404964,3.85330117926726,6.53089940321298));
#1925=CARTESIAN_POINT('Ctrl Pts',(17.8189078462202,3.79213766848524,9.67621306327732));
#1926=CARTESIAN_POINT('Ctrl Pts',(15.9304173112999,3.73097415770322,12.5444960196391));
#1927=CARTESIAN_POINT('Ctrl Pts',(13.4705277158886,3.6698106469212,14.7855967084742));
#1928=CARTESIAN_POINT('Ctrl Pts',(11.0106381204773,3.60864713613918,17.0266973973094));
#1929=CARTESIAN_POINT('Ctrl Pts',(7.97934946457513,3.54748362535716,18.6406158186178));
#1930=CARTESIAN_POINT('Ctrl Pts',(4.74671256248269,3.48632011457514,19.4303295582506));
#1931=CARTESIAN_POINT('Ctrl Pts',(1.51407566039024,3.42515660379312,20.2200432978834));
#1932=CARTESIAN_POINT('Ctrl Pts',(-1.91990948789243,3.36399309301111,20.1855523558407));
#1933=CARTESIAN_POINT('Ctrl Pts',(-5.13603205418543,3.30282958222908,19.331067271023));
#1934=CARTESIAN_POINT('Ctrl Pts',(-8.35215462047842,3.24166607144706,18.4765821862054));
#1935=CARTESIAN_POINT('Ctrl Pts',(-11.3504146047817,3.18050256066504,16.8021029586129));
#1936=CARTESIAN_POINT('Ctrl Pts',(-13.7647932442601,3.11933904988302,14.5120451222865));
#1937=CARTESIAN_POINT('Ctrl Pts',(-16.1791718837384,3.058175539101,12.2219872859601));
#1938=CARTESIAN_POINT('Ctrl Pts',(-18.0096691783918,2.99701202831898,9.3163508408998));
#1939=CARTESIAN_POINT('Ctrl Pts',(-19.0328233722677,2.93584851753696,6.14984729820638));
#1940=CARTESIAN_POINT('Ctrl Pts',(-19.6732635009967,2.897563411584,4.16778442963585));
#1941=CARTESIAN_POINT('Ctrl Pts',(-19.9973789819599,2.85927830563103,2.08351136976868));
#1942=CARTESIAN_POINT('Ctrl Pts',(-19.9987085214858,2.82099319967807,-0.00035765025058529));
#1943=CARTESIAN_POINT('Ctrl Pts',(-19.9986625731332,4.10627952759465,-0.000340789421131579));
#1944=CARTESIAN_POINT('Ctrl Pts',(-19.997413938447,4.14412442447604,2.05958108101832));
#1945=CARTESIAN_POINT('Ctrl Pts',(-19.6808314906945,4.18196932135743,4.11987799717846));
#1946=CARTESIAN_POINT('Ctrl Pts',(-19.0547999969533,4.21981421823882,6.08141305447638));
#1947=CARTESIAN_POINT('Ctrl Pts',(-18.043031246801,4.28097772902084,9.25157285177646));
#1948=CARTESIAN_POINT('Ctrl Pts',(-16.2229871964429,4.34214123980286,12.1637684635168));
#1949=CARTESIAN_POINT('Ctrl Pts',(-13.8168534784313,4.40330475058488,14.4624876014628));
#1950=CARTESIAN_POINT('Ctrl Pts',(-11.4107197604198,4.4644682613669,16.7612067394088));
#1951=CARTESIAN_POINT('Ctrl Pts',(-8.41849637475483,4.52563177214892,18.4464494035605));
#1952=CARTESIAN_POINT('Ctrl Pts',(-5.2054651653428,4.58679528293094,19.3124861185119));
#1953=CARTESIAN_POINT('Ctrl Pts',(-1.99243395593072,4.64795879371296,20.1785228334633));
#1954=CARTESIAN_POINT('Ctrl Pts',(1.44140507722841,4.70912230449498,20.2253535992144));
#1955=CARTESIAN_POINT('Ctrl Pts',(4.6768589490605,4.770285815277,19.4472614533853));
#1956=CARTESIAN_POINT('Ctrl Pts',(7.91231282089257,4.83144932605902,18.6691693075561));
#1957=CARTESIAN_POINT('Ctrl Pts',(10.9493815313976,4.89261283684104,17.0661542501467));
#1958=CARTESIAN_POINT('Ctrl Pts',(13.4173086512068,4.95377634762306,14.8339076518638));
#1959=CARTESIAN_POINT('Ctrl Pts',(15.885235771016,5.01493985840508,12.6016610535809));
#1960=CARTESIAN_POINT('Ctrl Pts',(17.7840213001295,5.0761033691871,9.74018291442437));
#1961=CARTESIAN_POINT('Ctrl Pts',(18.8818670772628,5.13726687996912,6.59879408242173));
#1962=CARTESIAN_POINT('Ctrl Pts',(19.9797128543961,5.19843039075114,3.45740525041908));
#1963=CARTESIAN_POINT('Ctrl Pts',(20.2766188795492,5.25959390153316,0.036105725570279));
#1964=CARTESIAN_POINT('Ctrl Pts',(19.736339737075,5.32075741231518,-3.24744229332907));
#1965=CARTESIAN_POINT('Ctrl Pts',(19.1960605946007,5.3819209230972,-6.53099031222844));
#1966=CARTESIAN_POINT('Ctrl Pts',(17.818596284499,5.44308443387922,-9.67678682517837));
#1967=CARTESIAN_POINT('Ctrl Pts',(15.7721036046045,5.50424794466124,-12.3008022320212));
#1968=CARTESIAN_POINT('Ctrl Pts',(13.7256109247099,5.56541145544326,-14.9248176388641));
#1969=CARTESIAN_POINT('Ctrl Pts',(11.0100898750225,5.62657496622528,-17.0270519396));
#1970=CARTESIAN_POINT('Ctrl Pts',(7.95704329071761,5.6877384770073,-18.3508705443462));
#1971=CARTESIAN_POINT('Ctrl Pts',(4.90399670641273,5.74890198778932,-19.6746891490924));
#1972=CARTESIAN_POINT('Ctrl Pts',(1.51342458749035,5.81006549857134,-20.220092057849));
#1973=CARTESIAN_POINT('Ctrl Pts',(-1.80076197873528,5.87122900935336,-19.9204980851795));
#1974=CARTESIAN_POINT('Ctrl Pts',(-5.11494854496091,5.93239252013538,-19.6209041125099));
#1975=CARTESIAN_POINT('Ctrl Pts',(-8.35274955848979,5.99355603091741,-18.4763132584143));
#1976=CARTESIAN_POINT('Ctrl Pts',(-11.1189037799189,6.05471954169942,-16.6264538130837));
#1977=CARTESIAN_POINT('Ctrl Pts',(-13.8850580013479,6.11588305248144,-14.776594367753));
#1978=CARTESIAN_POINT('Ctrl Pts',(-16.1795654306772,6.17704656326346,-12.2214663311873));
#1979=CARTESIAN_POINT('Ctrl Pts',(-17.7223193391271,6.23821007404548,-9.27299223054261));
#1980=CARTESIAN_POINT('Ctrl Pts',(-19.2118503704606,6.29726352825884,-6.42623641035714));
#1981=CARTESIAN_POINT('Ctrl Pts',(-20.0006020924632,6.3563169824722,-3.21280617434605));
#1982=CARTESIAN_POINT('Ctrl Pts',(-20.0016645612421,6.41537043668556,0.000121156745992445));
#1983=CARTESIAN_POINT('Origin',(0.,0.,0.));
#1984=CARTESIAN_POINT('',(-20.0002137473184,0.511902290587161,0.000507218574508003));
#1985=CARTESIAN_POINT('',(-20.0002928857557,1.79718861850374,0.00050781694478141));
#1986=CARTESIAN_POINT('',(-20.,0.,2.44929359829471E-15));
#1987=CARTESIAN_POINT('Ctrl Pts',(-19.9987085214858,2.82099319967807,-0.00035765025058529));
#1988=CARTESIAN_POINT('Ctrl Pts',(-19.9995030274106,2.79811479484902,-1.24563562099203));
#1989=CARTESIAN_POINT('Ctrl Pts',(-19.8850301629639,2.77523639001996,-2.49076930846455));
#1990=CARTESIAN_POINT('Ctrl Pts',(-19.653911109518,2.7523579851909,-3.71386117626865));
#1991=CARTESIAN_POINT('Ctrl Pts',(-19.0360335597942,2.69119447440888,-6.98369546772369));
#1992=CARTESIAN_POINT('Ctrl Pts',(-17.5844673672482,2.63003096362686,-10.0959934103072));
#1993=CARTESIAN_POINT('Ctrl Pts',(-15.4764153871978,2.56886745284484,-12.670815013191));
#1994=CARTESIAN_POINT('Ctrl Pts',(-13.3683634071474,2.50770394206282,-15.2456366160749));
#1995=CARTESIAN_POINT('Ctrl Pts',(-10.6038256395925,2.4465404312808,-17.282981879259));
#1996=CARTESIAN_POINT('Ctrl Pts',(-7.52028889788176,2.38537692049878,-18.534137281854));
#1997=CARTESIAN_POINT('Ctrl Pts',(-4.43675215617104,2.32421340971676,-19.7852926844489));
#1998=CARTESIAN_POINT('Ctrl Pts',(-1.03421644030451,2.26304989893474,-20.2502582264547));
#1999=CARTESIAN_POINT('Ctrl Pts',(2.27194699579968,2.20188638815272,-19.8722730481568));
#2000=CARTESIAN_POINT('Ctrl Pts',(5.57811043190387,2.1407228773707,-19.4942878698588));
#2001=CARTESIAN_POINT('Ctrl Pts',(8.78790158824571,2.07955936658868,-18.2733519712571));
#2002=CARTESIAN_POINT('Ctrl Pts',(11.5094779742017,2.01839585580666,-16.3585121241436));
#2003=CARTESIAN_POINT('Ctrl Pts',(14.2310543601577,1.95723234502464,-14.4436722770301));
#2004=CARTESIAN_POINT('Ctrl Pts',(16.4644159757279,1.89606883424262,-11.8349284814048));
#2005=CARTESIAN_POINT('Ctrl Pts',(17.9369217869412,1.8349053234606,-8.85075143694179));
#2006=CARTESIAN_POINT('Ctrl Pts',(19.4094275981544,1.77374181267858,-5.86657439247875));
#2007=CARTESIAN_POINT('Ctrl Pts',(20.1210776050107,1.71257830189656,-2.50696409917794));
#2008=CARTESIAN_POINT('Ctrl Pts',(19.9849933385583,1.65141479111454,0.817953771772729));
#2009=CARTESIAN_POINT('Ctrl Pts',(19.8489090721059,1.59025128033252,4.14287164272338));
#2010=CARTESIAN_POINT('Ctrl Pts',(18.8650905323448,1.5290877695505,7.43309709132389));
#2011=CARTESIAN_POINT('Ctrl Pts',(17.1536439308187,1.46792425876848,10.2869579723893));
#2012=CARTESIAN_POINT('Ctrl Pts',(15.4421973292925,1.40676074798646,13.1408188534547));
#2013=CARTESIAN_POINT('Ctrl Pts',(13.0031226660013,1.34559723720444,15.5583151669849));
#2014=CARTESIAN_POINT('Ctrl Pts',(10.1341661775789,1.28443372642242,17.2443476666144));
#2015=CARTESIAN_POINT('Ctrl Pts',(7.26520968915644,1.2232702156404,18.9303801662438));
#2016=CARTESIAN_POINT('Ctrl Pts',(3.96637137560285,1.16210670485838,19.8849488519725));
#2017=CARTESIAN_POINT('Ctrl Pts',(0.640380951387072,1.10094319407636,19.991480673587));
#2018=CARTESIAN_POINT('Ctrl Pts',(-2.68560947282868,1.03977968329434,20.0980124952016));
#2019=CARTESIAN_POINT('Ctrl Pts',(-6.03875200770663,0.97861617251232,19.3565074527021));
#2020=CARTESIAN_POINT('Ctrl Pts',(-9.00973842604905,0.9174526617303,17.8575683911709));
#2021=CARTESIAN_POINT('Ctrl Pts',(-11.9807248443915,0.85628915094828,16.3586293296398));
#2022=CARTESIAN_POINT('Ctrl Pts',(-14.5695551461984,0.795125640166259,14.102256249077));
#2023=CARTESIAN_POINT('Ctrl Pts',(-16.4601270759004,0.733962129384239,11.3637403734835));
#2024=CARTESIAN_POINT('Ctrl Pts',(-18.3506990056023,0.672798618602219,8.62522449788998));
#2025=CARTESIAN_POINT('Ctrl Pts',(-19.5430125631994,0.6116351078202,5.40456582726581));
#2026=CARTESIAN_POINT('Ctrl Pts',(-19.8916415361428,0.55047159703818,2.09524705292647));
#2027=CARTESIAN_POINT('Ctrl Pts',(-19.9649225797108,0.537615161554507,1.39963552289459));
#2028=CARTESIAN_POINT('Ctrl Pts',(-20.0009270096994,0.524758726070834,0.700106713246356));
#2029=CARTESIAN_POINT('Ctrl Pts',(-20.0002137473184,0.511902290587161,0.000507218574508003));
#2030=CARTESIAN_POINT('Ctrl Pts',(-20.0002928857557,1.79718861850374,0.00050781694478141));
#2031=CARTESIAN_POINT('Ctrl Pts',(-20.0009919079933,1.80960484491584,0.676172804055333));
#2032=CARTESIAN_POINT('Ctrl Pts',(-19.9674248553166,1.82202107132794,1.35176866567138));
#2033=CARTESIAN_POINT('Ctrl Pts',(-19.8990735443543,1.83443729774004,2.02382679885854));
#2034=CARTESIAN_POINT('Ctrl Pts',(-19.5623684935402,1.89560080852206,5.3344490049164));
#2035=CARTESIAN_POINT('Ctrl Pts',(-18.3815743036351,1.95676431930408,8.55922323573867));
#2036=CARTESIAN_POINT('Ctrl Pts',(-16.5008403911709,2.0179278300861,11.304479040087));
#2037=CARTESIAN_POINT('Ctrl Pts',(-14.6201064787066,2.07909134086812,14.0497348444353));
#2038=CARTESIAN_POINT('Ctrl Pts',(-12.0394328436832,2.14025485165014,16.3154722223096));
#2039=CARTESIAN_POINT('Ctrl Pts',(-9.07385976028761,2.20141836243216,17.8250963432068));
#2040=CARTESIAN_POINT('Ctrl Pts',(-6.10828667689206,2.26258187321418,19.3347204641039));
#2041=CARTESIAN_POINT('Ctrl Pts',(-2.75781414512437,2.3237453839962,20.0882313280238));
#2042=CARTESIAN_POINT('Ctrl Pts',(0.568541585030033,2.38490889477822,19.9936426775143));
#2043=CARTESIAN_POINT('Ctrl Pts',(3.89489731518441,2.44607240556024,19.8990540270048));
#2044=CARTESIAN_POINT('Ctrl Pts',(7.19713624372551,2.50723591634226,18.9563658620658));
#2045=CARTESIAN_POINT('Ctrl Pts',(10.072130946311,2.56839942712428,17.2806587157428));
#2046=CARTESIAN_POINT('Ctrl Pts',(12.9471256488964,2.6295629379063,15.6049515694198));
#2047=CARTESIAN_POINT('Ctrl Pts',(15.3948761255263,2.69072644868832,13.1962254417126));
#2048=CARTESIAN_POINT('Ctrl Pts',(17.1165680802964,2.75188995947034,10.3485305804715));
#2049=CARTESIAN_POINT('Ctrl Pts',(18.8382600350665,2.81305347025236,7.50083571923043));
#2050=CARTESIAN_POINT('Ctrl Pts',(19.8338934679769,2.87421698103438,4.2141721244554));
#2051=CARTESIAN_POINT('Ctrl Pts',(19.9819244277219,2.9353804918164,0.889766017612663));
#2052=CARTESIAN_POINT('Ctrl Pts',(20.1299553874669,2.99654400259842,-2.43464008923006));
#2053=CARTESIAN_POINT('Ctrl Pts',(19.4303838740466,3.05770751338044,-5.79678870814045));
#2054=CARTESIAN_POINT('Ctrl Pts',(17.9686114955345,3.11887102416246,-8.78623859979628));
#2055=CARTESIAN_POINT('Ctrl Pts',(16.5068391170223,3.18003453494448,-11.7756884914521));
#2056=CARTESIAN_POINT('Ctrl Pts',(14.2828658734185,3.2411980457265,-14.3924396558534));
#2057=CARTESIAN_POINT('Ctrl Pts',(11.5681879015463,3.30236155650852,-16.3170468001971));
#2058=CARTESIAN_POINT('Ctrl Pts',(8.85350992967408,3.36352506729054,-18.2416539445407));
#2059=CARTESIAN_POINT('Ctrl Pts',(5.64812722953358,3.42468857807256,-19.4741170688268));
#2060=CARTESIAN_POINT('Ctrl Pts',(2.34334350069433,3.48585208885458,-19.8639806916911));
#2061=CARTESIAN_POINT('Ctrl Pts',(-0.961440228144944,3.5470155996366,-20.2538443145554));
#2062=CARTESIAN_POINT('Ctrl Pts',(-4.36562498568298,3.60817911041862,-19.8011084359979));
#2063=CARTESIAN_POINT('Ctrl Pts',(-7.45363788989615,3.66934262120064,-18.5610417238124));
#2064=CARTESIAN_POINT('Ctrl Pts',(-10.5416507941093,3.73050613198266,-17.3209750116268));
#2065=CARTESIAN_POINT('Ctrl Pts',(-13.3134918449976,3.79166964276468,-15.2935774658133));
#2066=CARTESIAN_POINT('Ctrl Pts',(-15.4307828289605,3.8528331535467,-12.7263478243305));
#2067=CARTESIAN_POINT('Ctrl Pts',(-17.5480738129234,3.91399666432872,-10.1591181828477));
#2068=CARTESIAN_POINT('Ctrl Pts',(-19.010814729961,3.97516017511074,-7.05205644569555));
#2069=CARTESIAN_POINT('Ctrl Pts',(-19.6404384635065,4.03632368589276,-3.78446358568954));
#2070=CARTESIAN_POINT('Ctrl Pts',(-19.8804827735453,4.05964229979339,-2.53869245004485));
#2071=CARTESIAN_POINT('Ctrl Pts',(-19.9994319352546,4.08296091369402,-1.26958781400108));
#2072=CARTESIAN_POINT('Ctrl Pts',(-19.9986625731332,4.10627952759465,-0.000340789421131579));
#2073=CARTESIAN_POINT('Origin',(0.,0.,0.));
#2074=CARTESIAN_POINT('',(-3.53930856661714,7.7900290388682E-16,19.6861542337295));
#2075=CARTESIAN_POINT('Ctrl Pts',(-3.53930973188842,3.47693154446806E-16,
19.6861582857716));
#2076=CARTESIAN_POINT('Ctrl Pts',(-0.272896471431704,0.061007502208499,
20.2735694889708));
#2077=CARTESIAN_POINT('Ctrl Pts',(3.14392430008912,0.122015004416998,20.0300350081374));
#2078=CARTESIAN_POINT('Ctrl Pts',(6.29464945236573,0.183022506625496,18.9854271812177));
#2079=CARTESIAN_POINT('Ctrl Pts',(9.4534316487561,0.244186017407517,17.938148079929));
#2080=CARTESIAN_POINT('Ctrl Pts',(12.3447555647438,0.305349528189537,16.0856933796236));
#2081=CARTESIAN_POINT('Ctrl Pts',(14.6163001524801,0.366513038971557,13.6539823530712));
#2082=CARTESIAN_POINT('Ctrl Pts',(16.8878447402164,0.427676549753577,11.2222713265188));
#2083=CARTESIAN_POINT('Ctrl Pts',(18.5396099997012,0.488840060535597,8.21130397371943));
#2084=CARTESIAN_POINT('Ctrl Pts',(19.3696323831453,0.550003571317617,4.98875931350399));
#2085=CARTESIAN_POINT('Ctrl Pts',(20.1996547665894,0.611167082099637,1.76621465328856));
#2086=CARTESIAN_POINT('Ctrl Pts',(20.2079342739926,0.672330592881657,-1.66790731434292));
#2087=CARTESIAN_POINT('Ctrl Pts',(19.3936239154472,0.733494103663676,-4.8944344459897));
#2088=CARTESIAN_POINT('Ctrl Pts',(18.5793135569017,0.794657614445696,-8.12096157763651));
#2089=CARTESIAN_POINT('Ctrl Pts',(16.9424133324076,0.855821125227717,-11.1398938732986));
#2090=CARTESIAN_POINT('Ctrl Pts',(14.6826672937821,0.916984636009738,-13.5826605824184));
#2091=CARTESIAN_POINT('Ctrl Pts',(12.4229212551566,0.978148146791758,-16.0254272915382));
#2092=CARTESIAN_POINT('Ctrl Pts',(9.54032940239979,1.03931165757378,-17.8920284141157));
#2093=CARTESIAN_POINT('Ctrl Pts',(6.38683312779644,1.1004751683558,-18.9546093116493));
#2094=CARTESIAN_POINT('Ctrl Pts',(3.23333685319309,1.16163867913782,-20.0171902091829));
#2095=CARTESIAN_POINT('Ctrl Pts',(-0.191063843256767,1.22280218991984,-20.2757508816726));
#2096=CARTESIAN_POINT('Ctrl Pts',(-3.46835026215159,1.28396570070186,-19.6987195402613));
#2097=CARTESIAN_POINT('Ctrl Pts',(-6.7456366810464,1.34512921148388,-19.12168819885));
#2098=CARTESIAN_POINT('Ctrl Pts',(-9.87580882238618,1.4062927222659,-17.7090648435376));
#2099=CARTESIAN_POINT('Ctrl Pts',(-12.4767331355375,1.46745623304792,-15.6333022128083));
#2100=CARTESIAN_POINT('Ctrl Pts',(-15.0776574486889,1.52861974382994,-13.5575395820789));
#2101=CARTESIAN_POINT('Ctrl Pts',(-17.1493339336519,1.58978325461196,-10.8186376759325));
#2102=CARTESIAN_POINT('Ctrl Pts',(-18.4388642202718,1.65094676539398,-7.75095163221263));
#2103=CARTESIAN_POINT('Ctrl Pts',(-19.4666191477074,1.6996940497639,-5.30600754677908));
#2104=CARTESIAN_POINT('Ctrl Pts',(-19.9975484580475,1.74844133413382,-2.65221710706128));
#2105=CARTESIAN_POINT('Ctrl Pts',(-20.0002928857557,1.79718861850374,0.00050781694478141));
#2106=CARTESIAN_POINT('',(-3.53881286879984,0.,-19.6844304840048));
#2107=CARTESIAN_POINT('Origin',(0.,0.,0.));
#2108=CARTESIAN_POINT('Ctrl Pts',(-20.0002137473184,0.511902290587161,0.000507218574508003));
#2109=CARTESIAN_POINT('Ctrl Pts',(-19.9975337183484,0.463595215288814,-2.62818449855945));
#2110=CARTESIAN_POINT('Ctrl Pts',(-19.4764647602103,0.415288139990466,-5.25787416331305));
#2111=CARTESIAN_POINT('Ctrl Pts',(-18.4666566272325,0.366981064692119,-7.6845069238287));
#2112=CARTESIAN_POINT('Ctrl Pts',(-17.1880983570888,0.3058175539101,-10.7569632481899));
#2113=CARTESIAN_POINT('Ctrl Pts',(-15.1260374285114,0.244654043128081,-13.5038970188579));
#2114=CARTESIAN_POINT('Ctrl Pts',(-12.5327352993717,0.183490532346061,-15.588522796935));
#2115=CARTESIAN_POINT('Ctrl Pts',(-9.939433170232,0.122327021564041,-17.6731485750121));
#2116=CARTESIAN_POINT('Ctrl Pts',(-6.81488984052999,0.061163510782021,-19.0954663604982));
#2117=CARTESIAN_POINT('Ctrl Pts',(-3.53881286879978,1.07552855510562E-15,
-19.6844304840048));
#2118=CARTESIAN_POINT('Origin',(0.,20.,0.));
#2119=CARTESIAN_POINT('',(19.5009271839632,20.,-2.38819452372452));
#2120=CARTESIAN_POINT('Ctrl Pts',(18.584619866446,20.,7.39482673072597));
#2121=CARTESIAN_POINT('Ctrl Pts',(18.5874786170232,20.,7.38683043506171));
#2122=CARTESIAN_POINT('Ctrl Pts',(18.590332170612,20.,7.37883224307231));
#2123=CARTESIAN_POINT('Ctrl Pts',(18.5931805235385,20.,7.37083215874649));
#2124=CARTESIAN_POINT('Ctrl Pts',(18.7336029851844,20.,6.97643175844692));
#2125=CARTESIAN_POINT('Ctrl Pts',(18.8613898396972,20.,6.57743270250934));
#2126=CARTESIAN_POINT('Ctrl Pts',(18.9764641904299,20.,6.17445385126388));
#2127=CARTESIAN_POINT('Ctrl Pts',(19.0753313219469,20.,5.82823105851339));
#2128=CARTESIAN_POINT('Ctrl Pts',(19.1648138577736,20.,5.47907020001188));
#2129=CARTESIAN_POINT('Ctrl Pts',(19.2448323308804,20.,5.12736254079159));
#2130=CARTESIAN_POINT('Ctrl Pts',(19.2798404128646,20.,4.97349043988271));
#2131=CARTESIAN_POINT('Ctrl Pts',(19.3130366461766,20.,4.81913087698028));
#2132=CARTESIAN_POINT('Ctrl Pts',(19.3444126518934,20.,4.6643167578628));
#2133=CARTESIAN_POINT('Ctrl Pts',(19.3526736447264,20.,4.62355572728342));
#2134=CARTESIAN_POINT('Ctrl Pts',(19.3608088117729,20.,4.58276134496157));
#2135=CARTESIAN_POINT('Ctrl Pts',(19.3688168876006,20.,4.5419398251407));
#2136=CARTESIAN_POINT('Ctrl Pts',(19.4485621389239,20.,4.13543488842752));
#2137=CARTESIAN_POINT('Ctrl Pts',(19.5155623488192,20.,3.72699235659687));
#2138=CARTESIAN_POINT('Ctrl Pts',(19.5698396555434,20.,3.31722621021036));
#2139=CARTESIAN_POINT('Ctrl Pts',(19.6244016069167,20.,2.9053111410419));
#2140=CARTESIAN_POINT('Ctrl Pts',(19.6661069193908,20.,2.49205798967655));
#2141=CARTESIAN_POINT('Ctrl Pts',(19.6949265305078,20.,2.07808001471707));
#2142=CARTESIAN_POINT('Ctrl Pts',(19.7236854258398,20.,1.66497418885204));
#2143=CARTESIAN_POINT('Ctrl Pts',(19.7396128600789,20.,1.25114603910099));
#2144=CARTESIAN_POINT('Ctrl Pts',(19.7426283822104,20.,0.837202862865617));
#2145=CARTESIAN_POINT('Ctrl Pts',(19.7456251667542,20.,0.425831810545204));
#2146=CARTESIAN_POINT('Ctrl Pts',(19.7358699782122,20.,0.0143466296856113));
#2147=CARTESIAN_POINT('Ctrl Pts',(19.7132330773857,20.,-0.396650666400549));
#2148=CARTESIAN_POINT('Ctrl Pts',(19.6909415681548,20.,-0.801377006360919));
#2149=CARTESIAN_POINT('Ctrl Pts',(19.6561583524244,20.,-1.20563070306115));
#2150=CARTESIAN_POINT('Ctrl Pts',(19.6087111148173,20.,-1.60882375753587));
#2151=CARTESIAN_POINT('Ctrl Pts',(19.5780809071198,20.,-1.86911050179275));
#2152=CARTESIAN_POINT('Ctrl Pts',(19.5421719649443,20.,-2.12895493750004));
#2153=CARTESIAN_POINT('Ctrl Pts',(19.5009271839631,20.,-2.38819452372467));
#2154=CARTESIAN_POINT('Ctrl Pts',(19.5009271839632,20.,-2.38819452372451));
#2155=CARTESIAN_POINT('Ctrl Pts',(19.2710194724554,20.,-3.83325444605361));
#2156=CARTESIAN_POINT('Ctrl Pts',(18.804538509163,20.,-5.95605311978432));
#2157=CARTESIAN_POINT('Ctrl Pts',(17.0568205725357,20.,-9.5661249963192));
#2158=CARTESIAN_POINT('Ctrl Pts',(16.3178162372185,20.,-10.7586655812625));
#2159=CARTESIAN_POINT('Ctrl Pts',(14.5333602359087,20.,-13.0584729021595));
#2160=CARTESIAN_POINT('Ctrl Pts',(13.475432911402,20.,-14.1424438961292));
#2161=CARTESIAN_POINT('Ctrl Pts',(12.3046217852882,20.,-15.0967168192628));
#2162=CARTESIAN_POINT('',(-6.47357431028537,20.,-18.5494600936684));
#2163=CARTESIAN_POINT('Ctrl Pts',(8.10676601318872,20.,-17.7086114872795));
#2164=CARTESIAN_POINT('Ctrl Pts',(5.83057865927185,20.,-18.7506196816339));
#2165=CARTESIAN_POINT('Ctrl Pts',(3.38198278105796,20.,-19.3527398803101));
#2166=CARTESIAN_POINT('Ctrl Pts',(-2.31463611716023,20.,-19.6637190991811));
#2167=CARTESIAN_POINT('Ctrl Pts',(-4.88779180372831,20.,-19.0397514153031));
#2168=CARTESIAN_POINT('Ctrl Pts',(-6.47357431028565,20.,-18.5494600936683));
#2169=CARTESIAN_POINT('Ctrl Pts',(-6.47432320552043,20.,-18.5510595054429));
#2170=CARTESIAN_POINT('Ctrl Pts',(-6.48229358302566,20.,-18.5485949021012));
#2171=CARTESIAN_POINT('Ctrl Pts',(-6.49026210489011,20.,-18.5461251835739));
#2172=CARTESIAN_POINT('Ctrl Pts',(-6.4982287660978,20.,-18.5436503509149));
#2173=CARTESIAN_POINT('Ctrl Pts',(-6.89324160897968,20.,-18.420940139091));
#2174=CARTESIAN_POINT('Ctrl Pts',(-7.28368010045937,20.,-18.2856616918486));
#2175=CARTESIAN_POINT('Ctrl Pts',(-7.66907857636562,20.,-18.1383026493785));
#2176=CARTESIAN_POINT('Ctrl Pts',(-8.05262655521342,20.,-17.9916511537506));
#2177=CARTESIAN_POINT('Ctrl Pts',(-8.43118324819464,20.,-17.8330344762518));
#2178=CARTESIAN_POINT('Ctrl Pts',(-8.80428481401919,20.,-17.6628785752619));
#2179=CARTESIAN_POINT('Ctrl Pts',(-9.18056926895924,20.,-17.4912710926792));
#2180=CARTESIAN_POINT('Ctrl Pts',(-9.55130560360269,20.,-17.3079264678973));
#2181=CARTESIAN_POINT('Ctrl Pts',(-9.91600607834565,20.,-17.1132296122256));
#2182=CARTESIAN_POINT('Ctrl Pts',(-10.2821185509085,20.,-16.9177789556822));
#2183=CARTESIAN_POINT('Ctrl Pts',(-10.6421488251933,20.,-16.7108877523958));
#2184=CARTESIAN_POINT('Ctrl Pts',(-10.9955842162883,20.,-16.4928965660537));
#2185=CARTESIAN_POINT('Ctrl Pts',(-11.3474192591528,20.,-16.27589243935));
#2186=CARTESIAN_POINT('Ctrl Pts',(-11.692719466488,20.,-16.0478883242867));
#2187=CARTESIAN_POINT('Ctrl Pts',(-12.0309529740414,20.,-15.8091760248241));
#2188=CARTESIAN_POINT('Ctrl Pts',(-12.2830676641093,20.,-15.6312430996396));
#2189=CARTESIAN_POINT('Ctrl Pts',(-12.5312555945484,20.,-15.4473597682976));
#2190=CARTESIAN_POINT('Ctrl Pts',(-12.7752846736344,20.,-15.2576322690018));
#2191=CARTESIAN_POINT('Ctrl Pts',(-12.8667955782917,20.,-15.1864844567659));
#2192=CARTESIAN_POINT('Ctrl Pts',(-12.9577215323767,20.,-15.114514688288));
#2193=CARTESIAN_POINT('Ctrl Pts',(-13.0480498743995,20.,-15.0417281433356));
#2194=CARTESIAN_POINT('Ctrl Pts',(-13.0890562679115,20.,-15.0086852064471));
#2195=CARTESIAN_POINT('Ctrl Pts',(-13.1299394967728,20.,-14.9754739377532));
#2196=CARTESIAN_POINT('Ctrl Pts',(-13.1706983595733,20.,-14.9420948067873));
#2197=CARTESIAN_POINT('Ctrl Pts',(-13.1968938589337,20.,-14.9206422209252));
#2198=CARTESIAN_POINT('Ctrl Pts',(-13.223038057821,20.,-14.8991202153959));
#2199=CARTESIAN_POINT('Ctrl Pts',(-13.2491216700459,20.,-14.8775364062925));
#2200=CARTESIAN_POINT('Ctrl Pts',(-13.5729949370624,20.,-14.6095359963529));
#2201=CARTESIAN_POINT('Ctrl Pts',(-13.887904002608,20.,-14.3317045602862));
#2202=CARTESIAN_POINT('Ctrl Pts',(-14.1933679104129,20.,-14.0444510327829));
#2203=CARTESIAN_POINT('Ctrl Pts',(-14.4152512410188,20.,-13.83579538548));
#2204=CARTESIAN_POINT('Ctrl Pts',(-14.6321507223837,20.,-13.6221672817507));
#2205=CARTESIAN_POINT('Ctrl Pts',(-14.8438746749853,20.,-13.4037078688356));
#2206=CARTESIAN_POINT('',(-15.,20.,1.83697019872103E-15));
#2207=CARTESIAN_POINT('Origin',(0.,20.,0.));
#2208=CARTESIAN_POINT('Ctrl Pts',(-3.47628538920594,-0.183958558066626,
-19.3366251970238));
#2209=CARTESIAN_POINT('Ctrl Pts',(-6.69447717638633,-0.122795047284606,
-18.7580675130718));
#2210=CARTESIAN_POINT('Ctrl Pts',(-12.833148379234,-0.000468025720565736,
-15.9636939647636));
#2211=CARTESIAN_POINT('Ctrl Pts',(-18.9100271604201,0.183022506625495,-7.86849982527118));
#2212=CARTESIAN_POINT('Ctrl Pts',(-20.3689525008967,0.366513038971555,2.14531958074134));
#2213=CARTESIAN_POINT('Ctrl Pts',(-16.8552129899693,0.550003571317616,11.6365776060131));
#2214=CARTESIAN_POINT('Ctrl Pts',(-9.2259486403481,0.733494103663675,18.2860929067911));
#2215=CARTESIAN_POINT('Ctrl Pts',(0.655738383589901,0.916984636009736,20.4713029539144));
#2216=CARTESIAN_POINT('Ctrl Pts',(10.3773912563922,1.1004751683558,17.6581958768645));
#2217=CARTESIAN_POINT('Ctrl Pts',(17.5653268123552,1.28396570070186,10.5338515630313));
#2218=CARTESIAN_POINT('Ctrl Pts',(20.4646329996541,1.46745623304792,0.837580741531734));
#2219=CARTESIAN_POINT('Ctrl Pts',(18.3674055286503,1.65094676539398,-9.06316672013485));
#2220=CARTESIAN_POINT('Ctrl Pts',(11.785704850321,1.83443729774004,-16.7511159933521));
#2221=CARTESIAN_POINT('Ctrl Pts',(2.32647331177003,2.0179278300861,-20.3492053381321));
#2222=CARTESIAN_POINT('Ctrl Pts',(-7.70077506262324,2.20141836243216,-18.978955217469));
#2223=CARTESIAN_POINT('Ctrl Pts',(-15.8478480548031,2.38490889477822,-12.974913325101));
#2224=CARTESIAN_POINT('Ctrl Pts',(-20.1256032232963,2.56839942712428,-3.80299358892553));
#2225=CARTESIAN_POINT('Ctrl Pts',(-19.4896094782916,2.75188995947034,6.29744312990114));
#2226=CARTESIAN_POINT('Ctrl Pts',(-14.0951470670513,2.9353804918164,14.860332913672));
#2227=CARTESIAN_POINT('Ctrl Pts',(-5.25929637680894,3.11887102416246,19.7950111992035));
#2228=CARTESIAN_POINT('Ctrl Pts',(4.86063324956937,3.30236155650852,19.8966557582649));
#2229=CARTESIAN_POINT('Ctrl Pts',(13.7938191983527,3.48585208885458,15.1404497349147));
#2230=CARTESIAN_POINT('Ctrl Pts',(19.3591872731194,3.66934262120064,6.68764041468864));
#2231=CARTESIAN_POINT('Ctrl Pts',(20.1979298830531,3.8528331535467,-3.39798390313167));
#2232=CARTESIAN_POINT('Ctrl Pts',(16.1052645632829,4.03632368589276,-12.6539764324089));
#2233=CARTESIAN_POINT('Ctrl Pts',(8.08043243839152,4.21981421823882,-18.8204483949168));
#2234=CARTESIAN_POINT('Ctrl Pts',(-1.91727061124896,4.40330475058488,-20.3918302169172));
#2235=CARTESIAN_POINT('Ctrl Pts',(-11.4468641294081,4.58679528293094,-16.9844625404787));
#2236=CARTESIAN_POINT('Ctrl Pts',(-18.1816585327706,4.770285815277,-9.43026824567795));
#2237=CARTESIAN_POINT('Ctrl Pts',(-20.4773259756061,4.95377634762306,0.426364957097227));
#2238=CARTESIAN_POINT('Ctrl Pts',(-17.7733697781883,5.13726687996913,10.1788993960582));
#2239=CARTESIAN_POINT('Ctrl Pts',(-10.7299720045095,5.32075741231518,17.4462135424916));
#2240=CARTESIAN_POINT('Ctrl Pts',(-1.06680728680895,5.50424794466124,20.4539626576442));
#2241=CARTESIAN_POINT('Ctrl Pts',(8.85682283232973,5.6877384770073,18.4677923830744));
#2242=CARTESIAN_POINT('Ctrl Pts',(16.6180231077227,5.87122900935336,11.9726343875846));
#2243=CARTESIAN_POINT('Ctrl Pts',(20.3218644641742,6.05471954169943,2.55430829919059));
#2244=CARTESIAN_POINT('Ctrl Pts',(19.0640387499566,6.23821007404548,-7.48766270125368));
#2245=CARTESIAN_POINT('Ctrl Pts',(13.1516493038337,6.42170060639155,-15.7014899540315));
#2246=CARTESIAN_POINT('Ctrl Pts',(4.02823040759026,6.6051911387376,-20.0817336395778));
#2247=CARTESIAN_POINT('Ctrl Pts',(-6.07869756586653,6.78868167108367,-19.5589391862216));
#2248=CARTESIAN_POINT('Ctrl Pts',(-14.7014864438042,6.97217220342972,-14.2607490171529));
#2249=CARTESIAN_POINT('Ctrl Pts',(-19.7348467382222,7.15566273577579,-5.48073812606173));
#2250=CARTESIAN_POINT('Ctrl Pts',(-19.9498627621933,7.33915326812184,4.63741759573544));
#2251=CARTESIAN_POINT('Ctrl Pts',(-15.2940374661638,7.5226438004679,13.623328674416));
#2252=CARTESIAN_POINT('Ctrl Pts',(-6.90410980923953,7.70613433281396,19.2830478381802));
#2253=CARTESIAN_POINT('Ctrl Pts',(3.17148474863178,7.88962486516003,20.2347312973704));
#2254=CARTESIAN_POINT('Ctrl Pts',(12.4727482174361,8.07311539750608,16.2460216081363));
#2255=CARTESIAN_POINT('Ctrl Pts',(18.7287387379679,8.25660592985215,8.29077870121527));
#2256=CARTESIAN_POINT('Ctrl Pts',(20.4120304081964,8.4400964621982,-1.68869203896139));
#2257=CARTESIAN_POINT('Ctrl Pts',(17.1116406204365,8.62358699454427,-11.2558616491414));
#2258=CARTESIAN_POINT('Ctrl Pts',(9.63337316100774,8.80707752689032,-18.0748661883943));
#2259=CARTESIAN_POINT('Ctrl Pts',(-0.196922109486683,8.99056805923639,-20.480817558642));
#2260=CARTESIAN_POINT('Ctrl Pts',(-9.97913803431627,9.17405859158244,-17.8862928042579));
#2261=CARTESIAN_POINT('Ctrl Pts',(-17.3249062274024,9.35754912392851,-10.9247558507867));
#2262=CARTESIAN_POINT('Ctrl Pts',(-20.4407270708011,9.54103965627457,-1.29589467342282));
#2263=CARTESIAN_POINT('Ctrl Pts',(-18.5658600476146,9.72453018862062,8.64936453619408));
#2264=CARTESIAN_POINT('Ctrl Pts',(-12.1580616785221,9.9080207209667,16.4828457011779));
#2265=CARTESIAN_POINT('Ctrl Pts',(-2.78182237824217,10.0915112533127,20.2919720688625));
#2266=CARTESIAN_POINT('Ctrl Pts',(7.27361033536397,10.2750017856588,19.146729717549));
#2267=CARTESIAN_POINT('Ctrl Pts',(15.5531610697609,10.4584923180049,13.326734293354));
#2268=CARTESIAN_POINT('Ctrl Pts',(20.0353433461259,10.6419828503509,4.25296169632791));
#2269=CARTESIAN_POINT('Ctrl Pts',(19.6258138651724,10.825473382697,-5.85918904944976));
#2270=CARTESIAN_POINT('Ctrl Pts',(14.4245609396705,11.0089639150431,-14.5407946098319));
#2271=CARTESIAN_POINT('Ctrl Pts',(5.70149193526478,11.1924544473891,-19.6722051610819));
#2272=CARTESIAN_POINT('Ctrl Pts',(-4.41361985334327,11.3759449797352,-20.0005656414452));
#2273=CARTESIAN_POINT('Ctrl Pts',(-13.4511281411803,11.5594355120812,-15.4457054846042));
#2274=CARTESIAN_POINT('Ctrl Pts',(-19.2044879849064,11.7429260444273,-7.11971259428158));
#2275=CARTESIAN_POINT('Ctrl Pts',(-20.2689928364262,11.9264165767733,2.94458750667892));
#2276=CARTESIAN_POINT('Ctrl Pts',(-16.384739443375,12.1099071091194,12.2899544165265));
#2277=CARTESIAN_POINT('Ctrl Pts',(-8.50008430071982,12.2933976414655,18.6346782389244));
#2278=CARTESIAN_POINT('Ctrl Pts',(1.45990150104627,12.4768881738115,20.4296684700175));
#2279=CARTESIAN_POINT('Ctrl Pts',(11.0634463267921,12.6603787061576,17.2366708375422));
#2280=CARTESIAN_POINT('Ctrl Pts',(17.9658050765979,12.8438692385036,9.83526888993243));
#2281=CARTESIAN_POINT('Ctrl Pts',(20.4817383779035,13.0273597708497,0.032545455881889));
#2282=CARTESIAN_POINT('Ctrl Pts',(17.9969707327546,13.2108503031958,-9.77812408552678));
#2283=CARTESIAN_POINT('Ctrl Pts',(11.1181684155442,13.3943408355418,-17.2014242803082));
#2284=CARTESIAN_POINT('Ctrl Pts',(1.52481939860495,13.5778313678879,-20.4249257523553));
#2285=CARTESIAN_POINT('Ctrl Pts',(-8.44082056693923,13.7613219002339,-18.6615973149224));
#2286=CARTESIAN_POINT('Ctrl Pts',(-16.3455993585362,13.94481243258,-12.3419628826942));
#2287=CARTESIAN_POINT('Ctrl Pts',(-20.2595326137629,14.1283029649261,-3.00898728137797));
#2288=CARTESIAN_POINT('Ctrl Pts',(-19.2270173768173,14.3117934972721,7.05864498179775));
#2289=CARTESIAN_POINT('Ctrl Pts',(-13.5001465036666,14.4952840296182,15.4028799439362));
#2290=CARTESIAN_POINT('Ctrl Pts',(-4.47715915090585,14.6787745619643,19.9864382050618));
#2291=CARTESIAN_POINT('Ctrl Pts',(5.63894508430237,14.8622650943103,19.6902251008996));
#2292=CARTESIAN_POINT('Ctrl Pts',(14.3782776071388,15.0457556266564,14.5865622831346));
#2293=CARTESIAN_POINT('Ctrl Pts',(19.6070943175931,15.2292461590024,5.92153009002433));
#2294=CARTESIAN_POINT('Ctrl Pts',(20.0487580385089,15.4127366913485,-4.18926811097873));
#2295=CARTESIAN_POINT('Ctrl Pts',(15.5954347491761,15.5962272236946,-13.2772392145854));
#2296=CARTESIAN_POINT('Ctrl Pts',(7.33442170936393,15.7797177560406,-19.1235175737757));
#2297=CARTESIAN_POINT('Ctrl Pts',(-2.71732065918872,15.9632082883867,-20.3007101994441));
#2298=CARTESIAN_POINT('Ctrl Pts',(-12.1056179721416,16.1466988207327,-16.5214006580691));
#2299=CARTESIAN_POINT('Ctrl Pts',(-18.5382787073933,16.3301893530788,-8.70832296250719));
#2300=CARTESIAN_POINT('Ctrl Pts',(-20.4447421827769,16.5136798854249,1.2309277109148));
#2301=CARTESIAN_POINT('Ctrl Pts',(-17.3595375087978,16.6971704177709,10.8696423232941));
#2302=CARTESIAN_POINT('Ctrl Pts',(-10.0359300692981,16.880660950117,17.8544888695008));
#2303=CARTESIAN_POINT('Ctrl Pts',(-0.26200897716461,17.064151482463,20.4800883515315));
#2304=CARTESIAN_POINT('Ctrl Pts',(9.57588286106569,17.2476420148091,18.1053896055874));
#2305=CARTESIAN_POINT('Ctrl Pts',(17.0757830448412,17.4311325471552,11.3101855496506));
#2306=CARTESIAN_POINT('Ctrl Pts',(20.4065609895232,17.6146230795012,1.75355247788125));
#2307=CARTESIAN_POINT('Ctrl Pts',(18.7549915758493,17.7981136118473,-8.23121661442965));
#2308=CARTESIAN_POINT('Ctrl Pts',(12.5243160708205,17.9816041441933,-16.206302255598));
#2309=CARTESIAN_POINT('Ctrl Pts',(3.23577224538993,18.1650946765394,-20.2245483219482));
#2310=CARTESIAN_POINT('Ctrl Pts',(-6.84278923916689,18.3485852088855,-19.3048952532112));
#2311=CARTESIAN_POINT('Ctrl Pts',(-15.2506739842632,18.5320757412315,-13.6718571453382));
#2312=CARTESIAN_POINT('Ctrl Pts',(-19.9350077020346,18.7155662735776,-4.70080831706434));
#2313=CARTESIAN_POINT('Ctrl Pts',(-19.7521972657153,18.8990568059236,5.4180199921119));
#2314=CARTESIAN_POINT('Ctrl Pts',(-14.7466694468069,19.0825473382697,14.2139038387329));
#2315=CARTESIAN_POINT('Ctrl Pts',(-6.14094835115064,19.2660378706158,19.5396237595941));
#2316=CARTESIAN_POINT('Ctrl Pts',(3.96463177124041,19.4495284029618,20.0942359149526));
#2317=CARTESIAN_POINT('Ctrl Pts',(13.1012054818091,19.6330189353079,15.7435965278438));
#2318=CARTESIAN_POINT('Ctrl Pts',(19.0411627314083,19.8165094676539,7.54740645255656));
#2319=CARTESIAN_POINT('Ctrl Pts',(19.8983940596009,19.938836489218,0.857342019823411));
#2320=CARTESIAN_POINT('Ctrl Pts',(19.5009271839631,20.,-2.38819452372467));
#2321=CARTESIAN_POINT('Ctrl Pts',(-3.4971278824039,-0.122639038711056,-19.4525602926842));
#2322=CARTESIAN_POINT('Ctrl Pts',(-6.7346147311009,-0.0614755279290357,
-18.8705337955473));
#2323=CARTESIAN_POINT('Ctrl Pts',(-12.910091086134,0.0608514936350044,-16.0594062396844));
#2324=CARTESIAN_POINT('Ctrl Pts',(-19.0234045355022,0.244342025981064,-7.91567637602147));
#2325=CARTESIAN_POINT('Ctrl Pts',(-20.4910770408633,0.427832558327125,2.15818210604145));
#2326=CARTESIAN_POINT('Ctrl Pts',(-16.9562704759814,0.611323090673185,11.7063461268468));
#2327=CARTESIAN_POINT('Ctrl Pts',(-9.28126394109362,0.794813623019246,18.3957294079283));
#2328=CARTESIAN_POINT('Ctrl Pts',(0.659669943076368,0.978304155365305,20.59404114851));
#2329=CARTESIAN_POINT('Ctrl Pts',(10.4396101718315,1.16179468771137,17.7640677447481));
#2330=CARTESIAN_POINT('Ctrl Pts',(17.6706418724314,1.34528522005743,10.597008555329));
#2331=CARTESIAN_POINT('Ctrl Pts',(20.5873312037251,1.52877575240349,0.842602559062111));
#2332=CARTESIAN_POINT('Ctrl Pts',(18.477529549533,1.71226628474955,-9.11750604201643));
#2333=CARTESIAN_POINT('Ctrl Pts',(11.8563674817432,1.89575681709561,-16.8515493531199));
#2334=CARTESIAN_POINT('Ctrl Pts',(2.34042196636737,2.07924734944167,-20.471211481575));
#2335=CARTESIAN_POINT('Ctrl Pts',(-7.74694599909471,2.26273788178773,-19.0927458591271));
#2336=CARTESIAN_POINT('Ctrl Pts',(-15.9428657614362,2.44622841413379,-13.0527060010309));
#2337=CARTESIAN_POINT('Ctrl Pts',(-20.2462687329776,2.62971894647984,-3.8257949009971));
#2338=CARTESIAN_POINT('Ctrl Pts',(-19.6064618098762,2.81320947882591,6.33520021854728));
#2339=CARTESIAN_POINT('Ctrl Pts',(-14.1796562410626,2.99670001117196,14.9494298527882));
#2340=CARTESIAN_POINT('Ctrl Pts',(-5.290829129931,3.18019054351803,19.9136946040683));
#2341=CARTESIAN_POINT('Ctrl Pts',(4.88977576927056,3.36368107586409,20.0159485854854));
#2342=CARTESIAN_POINT('Ctrl Pts',(13.8765217243617,3.54717160821015,15.2312261486102));
#2343=CARTESIAN_POINT('Ctrl Pts',(19.4752576424598,3.73066214055621,6.72773697876428));
#2344=CARTESIAN_POINT('Ctrl Pts',(20.3190290360477,3.91415267290227,-3.41835693021618));
#2345=CARTESIAN_POINT('Ctrl Pts',(16.2018256420004,4.09764320524833,-12.7298448920407));
#2346=CARTESIAN_POINT('Ctrl Pts',(8.128879656982,4.28113373759439,-18.9332886895806));
#2347=CARTESIAN_POINT('Ctrl Pts',(-1.92876584112786,4.46462426994045,-20.5140919230216));
#2348=CARTESIAN_POINT('Ctrl Pts',(-11.5154951999457,4.64811480228651,-17.0862949579408));
#2349=CARTESIAN_POINT('Ctrl Pts',(-18.2906688848762,4.83160533463257,-9.48680856954656));
#2350=CARTESIAN_POINT('Ctrl Pts',(-20.6001002819632,5.01509586697862,0.428921280218937));
#2351=CARTESIAN_POINT('Ctrl Pts',(-17.8799321852499,5.1985863993247,10.2399282293306));
#2352=CARTESIAN_POINT('Ctrl Pts',(-10.7943048608431,5.38207693167075,17.5508144444251));
#2353=CARTESIAN_POINT('Ctrl Pts',(-1.07320346005983,5.56556746401681,20.5765968863778));
#2354=CARTESIAN_POINT('Ctrl Pts',(8.90992499425566,5.74905799636287,18.5785182855912));
#2355=CARTESIAN_POINT('Ctrl Pts',(16.7176584928558,5.93254852870893,12.044417777855));
#2356=CARTESIAN_POINT('Ctrl Pts',(20.4437066820714,6.11603906105499,2.56962296625351));
#2357=CARTESIAN_POINT('Ctrl Pts',(19.1783395203148,6.29952959340106,-7.53255589656039));
#2358=CARTESIAN_POINT('Ctrl Pts',(13.230501621888,6.48302012574711,-15.795630152814));
#2359=CARTESIAN_POINT('Ctrl Pts',(4.0523821544896,6.66651065809318,-20.2021361238174));
#2360=CARTESIAN_POINT('Ctrl Pts',(-6.115143138794,6.85000119043923,-19.6762071925291));
#2361=CARTESIAN_POINT('Ctrl Pts',(-14.7896309995292,7.03349172278529,-14.3462510778613));
#2362=CARTESIAN_POINT('Ctrl Pts',(-19.8531694197204,7.21698225513136,-5.5135985602099));
#2363=CARTESIAN_POINT('Ctrl Pts',(-20.0694745984978,7.40047278747741,4.66522179874919));
#2364=CARTESIAN_POINT('Ctrl Pts',(-15.3857347338414,7.58396331982348,13.7050090036869));
#2365=CARTESIAN_POINT('Ctrl Pts',(-6.94550424198197,7.76745385216952,19.3986617042486));
#2366=CARTESIAN_POINT('Ctrl Pts',(3.19049977239998,7.95094438451561,20.3560510977347));
#2367=CARTESIAN_POINT('Ctrl Pts',(12.547530101193,8.13443491686165,16.3434266128902));
#2368=CARTESIAN_POINT('Ctrl Pts',(18.8410291761939,8.31792544920773,8.34048707648915));
#2369=CARTESIAN_POINT('Ctrl Pts',(20.5344132270122,8.50141598155377,-1.69881679812089));
#2370=CARTESIAN_POINT('Ctrl Pts',(17.2142355495942,8.68490651389983,-11.323347541004));
#2371=CARTESIAN_POINT('Ctrl Pts',(9.69113122517736,8.8683970462459,-18.1832362539693));
#2372=CARTESIAN_POINT('Ctrl Pts',(-0.198102780020878,9.05188757859196,-20.6036127992112));
#2373=CARTESIAN_POINT('Ctrl Pts',(-10.0389691739711,9.23537811093801,-17.9935322551001));
#2374=CARTESIAN_POINT('Ctrl Pts',(-17.4287798165275,9.41886864328407,-10.9902565574365));
#2375=CARTESIAN_POINT('Ctrl Pts',(-20.5632819439589,9.60235917563014,-1.30366436805144));
#2376=CARTESIAN_POINT('Ctrl Pts',(-18.6771739267795,9.7858497079762,8.70122285659321));
#2377=CARTESIAN_POINT('Ctrl Pts',(-12.2309568207396,9.96934024032225,16.5816706136769));
#2378=CARTESIAN_POINT('Ctrl Pts',(-2.79850113372539,10.1528307726683,20.4136350632564));
#2379=CARTESIAN_POINT('Ctrl Pts',(7.31722015359413,10.3363213050144,19.2615262716927));
#2380=CARTESIAN_POINT('Ctrl Pts',(15.64641194462,10.5198118373605,13.4066363548254));
#2381=CARTESIAN_POINT('Ctrl Pts',(20.155467691701,10.7033023697065,4.2784608470887));
#2382=CARTESIAN_POINT('Ctrl Pts',(19.743482826777,10.8867929020526,-5.89431853228447));
#2383=CARTESIAN_POINT('Ctrl Pts',(14.5110451547473,11.0702834343986,-14.6279757180601));
#2384=CARTESIAN_POINT('Ctrl Pts',(5.73567592581054,11.2537739667447,-19.7901522673614));
#2385=CARTESIAN_POINT('Ctrl Pts',(-4.44008224968659,11.4372644990907,-20.1204814730485));
#2386=CARTESIAN_POINT('Ctrl Pts',(-13.5317760211438,11.6207550314368,-15.5383120963916));
#2387=CARTESIAN_POINT('Ctrl Pts',(-19.3196308357893,11.8042455637829,-7.16239969982778));
#2388=CARTESIAN_POINT('Ctrl Pts',(-20.3905180560282,11.9877360961289,2.96224214034891));
#2389=CARTESIAN_POINT('Ctrl Pts',(-16.4829761478352,12.171226628475,12.3636403377471));
#2390=CARTESIAN_POINT('Ctrl Pts',(-8.55104759325327,12.354717160821,18.7464047259519));
#2391=CARTESIAN_POINT('Ctrl Pts',(1.46865451862063,12.5382076931671,20.552157039985));
#2392=CARTESIAN_POINT('Ctrl Pts',(11.1297785691126,12.7216982255131,17.3400154006216));
#2393=CARTESIAN_POINT('Ctrl Pts',(18.0735212529704,12.9051887578592,9.89423744457845));
#2394=CARTESIAN_POINT('Ctrl Pts',(20.6045391393569,13.0886792902053,0.0327405861335484));
#2395=CARTESIAN_POINT('Ctrl Pts',(18.1048737666212,13.2721698225514,-9.83675002152564));
#2396=CARTESIAN_POINT('Ctrl Pts',(11.1848287508246,13.4556603548974,-17.3045575183533));
#2397=CARTESIAN_POINT('Ctrl Pts',(1.53396163935488,13.6391508872435,-20.5473858867805));
#2398=CARTESIAN_POINT('Ctrl Pts',(-8.49142853652593,13.8226414195895,-18.7734851985544));
#2399=CARTESIAN_POINT('Ctrl Pts',(-16.4436013938422,14.0061319519356,-12.4159606270195));
#2400=CARTESIAN_POINT('Ctrl Pts',(-20.3810011134458,14.1896224842817,-3.02702803175467));
#2401=CARTESIAN_POINT('Ctrl Pts',(-19.3422953054182,14.3731130166277,7.10096594902233));
#2402=CARTESIAN_POINT('Ctrl Pts',(-13.5810882792032,14.5566035489738,15.4952297899693));
#2403=CARTESIAN_POINT('Ctrl Pts',(-4.50400250486021,14.7400940813198,20.1062693338965));
#2404=CARTESIAN_POINT('Ctrl Pts',(5.67275406757171,14.9235846136659,19.8082802479269));
#2405=CARTESIAN_POINT('Ctrl Pts',(14.4644843248484,15.1070751460119,14.6740177970322));
#2406=CARTESIAN_POINT('Ctrl Pts',(19.7246510438662,15.290565678358,5.95703334617416));
#2407=CARTESIAN_POINT('Ctrl Pts',(20.1689628135088,15.4740562107041,-4.21438537907721));
#2408=CARTESIAN_POINT('Ctrl Pts',(15.688939081038,15.6575467430501,-13.356844522273));
#2409=CARTESIAN_POINT('Ctrl Pts',(7.37839612960659,15.8410372753962,-19.2381749566793));
#2410=CARTESIAN_POINT('Ctrl Pts',(-2.73361268674539,16.0245278077422,-20.4224255843661));
#2411=CARTESIAN_POINT('Ctrl Pts',(-12.1781986817188,16.2080183400883,-16.6204567315163));
#2412=CARTESIAN_POINT('Ctrl Pts',(-18.6494272192676,16.3915088724344,-8.76053477534491));
#2413=CARTESIAN_POINT('Ctrl Pts',(-20.5673211290284,16.5749994047804,1.23830788819299));
#2414=CARTESIAN_POINT('Ctrl Pts',(-17.463618733996,16.7584899371265,10.9348125900654));
#2415=CARTESIAN_POINT('Ctrl Pts',(-10.0961017125279,16.9419804694726,17.9615376359718));
#2416=CARTESIAN_POINT('Ctrl Pts',(-0.263579883955335,17.1254710018186,20.6028792200505));
#2417=CARTESIAN_POINT('Ctrl Pts',(9.63329623512753,17.3089615341647,18.2139426780343));
#2418=CARTESIAN_POINT('Ctrl Pts',(17.1781629855293,17.4924520665107,11.3779971470868));
#2419=CARTESIAN_POINT('Ctrl Pts',(20.528911015772,17.6759425988568,1.76406611571604));
#2420=CARTESIAN_POINT('Ctrl Pts',(18.8674394161679,17.8594331312029,-8.28056787794497));
#2421=CARTESIAN_POINT('Ctrl Pts',(12.5994071359344,18.0429236635489,-16.3034691181276));
#2422=CARTESIAN_POINT('Ctrl Pts',(3.25517271268875,18.226414195895,-20.3458070690409));
#2423=CARTESIAN_POINT('Ctrl Pts',(-6.88381601694963,18.409904728241,-19.420640108122));
#2424=CARTESIAN_POINT('Ctrl Pts',(-15.3421112608943,18.5933952605871,-13.7538284329776));
#2425=CARTESIAN_POINT('Ctrl Pts',(-20.0545304730134,18.7768857929332,-4.72899258688223));
#2426=CARTESIAN_POINT('Ctrl Pts',(-19.8706239744182,18.9603763252792,5.45050439203564));
#2427=CARTESIAN_POINT('Ctrl Pts',(-14.8350849027393,19.1438668576253,14.2991250334585));
#2428=CARTESIAN_POINT('Ctrl Pts',(-6.1777671562566,19.3273573899713,19.6567759579046));
#2429=CARTESIAN_POINT('Ctrl Pts',(3.98840220475575,19.5108479223174,20.2147133581096));
#2430=CARTESIAN_POINT('Ctrl Pts',(13.1797553577737,19.6943384546635,15.8379891817271));
#2431=CARTESIAN_POINT('Ctrl Pts',(19.1553263458063,19.8778289870095,7.59265784881364));
#2432=CARTESIAN_POINT('Ctrl Pts',(20.0176973090192,20.0001560085736,0.862482318508888));
#2433=CARTESIAN_POINT('Ctrl Pts',(19.617847372233,20.0613195193556,-2.40251323537897));
#2434=CARTESIAN_POINT('Ctrl Pts',(-3.51797037560185,-0.0613195193554856,
-19.5684953883446));
#2435=CARTESIAN_POINT('Ctrl Pts',(-6.77475228581546,-0.000156008573465654,
-18.9830000780229));
#2436=CARTESIAN_POINT('Ctrl Pts',(-12.9870337930341,0.122171012990575,-16.1551185146052));
#2437=CARTESIAN_POINT('Ctrl Pts',(-19.1367819105843,0.305661545336635,-7.96285292677174));
#2438=CARTESIAN_POINT('Ctrl Pts',(-20.61320158083,0.489152077682695,2.17104463134154));
#2439=CARTESIAN_POINT('Ctrl Pts',(-17.0573279619934,0.672642610028755,11.7761146476805));
#2440=CARTESIAN_POINT('Ctrl Pts',(-9.33657924183913,0.856133142374816,18.5053659090655));
#2441=CARTESIAN_POINT('Ctrl Pts',(0.663601502562838,1.03962367472087,20.7167793431056));
#2442=CARTESIAN_POINT('Ctrl Pts',(10.5018290872708,1.22311420706694,17.8699396126318));
#2443=CARTESIAN_POINT('Ctrl Pts',(17.7759569325077,1.406604739413,10.6601655476267));
#2444=CARTESIAN_POINT('Ctrl Pts',(20.7100294077961,1.59009527175906,0.847624376592495));
#2445=CARTESIAN_POINT('Ctrl Pts',(18.5876535704156,1.77358580410512,-9.17184536389803));
#2446=CARTESIAN_POINT('Ctrl Pts',(11.9270301131654,1.95707633645118,-16.9519827128877));
#2447=CARTESIAN_POINT('Ctrl Pts',(2.3543706209647,2.14056686879724,-20.5932176250179));
#2448=CARTESIAN_POINT('Ctrl Pts',(-7.79311693556617,2.3240574011433,-19.2065365007852));
#2449=CARTESIAN_POINT('Ctrl Pts',(-16.0378834680693,2.50754793348936,-13.1304986769609));
#2450=CARTESIAN_POINT('Ctrl Pts',(-20.3669342426589,2.69103846583542,-3.84859621306865));
#2451=CARTESIAN_POINT('Ctrl Pts',(-19.7233141414608,2.87452899818148,6.3729573071934));
#2452=CARTESIAN_POINT('Ctrl Pts',(-14.2641654150739,3.05801953052753,15.0385267919044));
#2453=CARTESIAN_POINT('Ctrl Pts',(-5.32236188305308,3.2415100628736,20.0323780089332));
#2454=CARTESIAN_POINT('Ctrl Pts',(4.91891828897177,3.42500059521966,20.1352414127059));
#2455=CARTESIAN_POINT('Ctrl Pts',(13.9592242503706,3.60849112756572,15.3220025623056));
#2456=CARTESIAN_POINT('Ctrl Pts',(19.5913280118003,3.79198165991178,6.76783354283994));
#2457=CARTESIAN_POINT('Ctrl Pts',(20.4401281890423,3.97547219225784,-3.43872995730069));
#2458=CARTESIAN_POINT('Ctrl Pts',(16.2983867207179,4.1589627246039,-12.8057133516725));
#2459=CARTESIAN_POINT('Ctrl Pts',(8.17732687557247,4.34245325694996,-19.0461289842444));
#2460=CARTESIAN_POINT('Ctrl Pts',(-1.94026107100677,4.52594378929602,-20.6363536291259));
#2461=CARTESIAN_POINT('Ctrl Pts',(-11.5841262704832,4.70943432164208,-17.1881273754028));
#2462=CARTESIAN_POINT('Ctrl Pts',(-18.3996792369818,4.89292485398814,-9.54334889341519));
#2463=CARTESIAN_POINT('Ctrl Pts',(-20.7228745883202,5.0764153863342,0.43147760334066));
#2464=CARTESIAN_POINT('Ctrl Pts',(-17.9864945923114,5.25990591868026,10.300957062603));
#2465=CARTESIAN_POINT('Ctrl Pts',(-10.8586377171766,5.44339645102632,17.6554153463587));
#2466=CARTESIAN_POINT('Ctrl Pts',(-1.07959963331072,5.62688698337239,20.6992311151115));
#2467=CARTESIAN_POINT('Ctrl Pts',(8.9630271561816,5.81037751571844,18.6892441881078));
#2468=CARTESIAN_POINT('Ctrl Pts',(16.817293877989,5.9938680480645,12.1162011681255));
#2469=CARTESIAN_POINT('Ctrl Pts',(20.5655488999686,6.17735858041056,2.58493763331643));
#2470=CARTESIAN_POINT('Ctrl Pts',(19.2926402906732,6.36084911275662,-7.57744909186709));
#2471=CARTESIAN_POINT('Ctrl Pts',(13.3093539399423,6.54433964510268,-15.8897703515965));
#2472=CARTESIAN_POINT('Ctrl Pts',(4.07653390138895,6.72783017744874,-20.322538608057));
#2473=CARTESIAN_POINT('Ctrl Pts',(-6.15158871172147,6.9113207097948,-19.7934751988365));
#2474=CARTESIAN_POINT('Ctrl Pts',(-14.8777755552542,7.09481124214087,-14.4317531385698));
#2475=CARTESIAN_POINT('Ctrl Pts',(-19.9714921012187,7.27830177448691,-5.54645899435806));
#2476=CARTESIAN_POINT('Ctrl Pts',(-20.1890864348022,7.46179230683299,4.69302600176293));
#2477=CARTESIAN_POINT('Ctrl Pts',(-15.477432001519,7.64528283917904,13.7866893329578));
#2478=CARTESIAN_POINT('Ctrl Pts',(-6.98689867472442,7.82877337152511,19.514275570317));
#2479=CARTESIAN_POINT('Ctrl Pts',(3.20951479616817,8.01226390387116,20.4773708980991));
#2480=CARTESIAN_POINT('Ctrl Pts',(12.62231198495,8.19575443621722,16.4408316176441));
#2481=CARTESIAN_POINT('Ctrl Pts',(18.9533196144198,8.37924496856329,8.39019545176308));
#2482=CARTESIAN_POINT('Ctrl Pts',(20.6567960458281,8.56273550090935,-1.70894155728043));
#2483=CARTESIAN_POINT('Ctrl Pts',(17.3168304787518,8.74622603325541,-11.3908334328666));
#2484=CARTESIAN_POINT('Ctrl Pts',(9.748889289347,8.92971656560147,-18.2916063195443));
#2485=CARTESIAN_POINT('Ctrl Pts',(-0.199283450555084,9.11320709794752,-20.7264080397804));
#2486=CARTESIAN_POINT('Ctrl Pts',(-10.098800313626,9.29669763029359,-18.1007717059424));
#2487=CARTESIAN_POINT('Ctrl Pts',(-17.5326534056526,9.48018816263965,-11.0557572640863));
#2488=CARTESIAN_POINT('Ctrl Pts',(-20.6858368171167,9.66367869498572,-1.31143406268008));
#2489=CARTESIAN_POINT('Ctrl Pts',(-18.7884878059444,9.84716922733176,8.75308117699235));
#2490=CARTESIAN_POINT('Ctrl Pts',(-12.3038519629571,10.0306597596778,16.6804955261759));
#2491=CARTESIAN_POINT('Ctrl Pts',(-2.81517988920861,10.2141502920239,20.5352980576502));
#2492=CARTESIAN_POINT('Ctrl Pts',(7.36082997182428,10.3976408243699,19.3763228258365));
#2493=CARTESIAN_POINT('Ctrl Pts',(15.739662819479,10.581131356716,13.4865384162967));
#2494=CARTESIAN_POINT('Ctrl Pts',(20.275592037276,10.7646218890621,4.30395999784948));
#2495=CARTESIAN_POINT('Ctrl Pts',(19.8611517883817,10.9481124214081,-5.92944801511918));
#2496=CARTESIAN_POINT('Ctrl Pts',(14.5975293698242,11.1316029537542,-14.7151568262883));
#2497=CARTESIAN_POINT('Ctrl Pts',(5.76985991635631,11.3150934861002,-19.9080993736409));
#2498=CARTESIAN_POINT('Ctrl Pts',(-4.46654464602992,11.4985840184463,-20.2403973046519));
#2499=CARTESIAN_POINT('Ctrl Pts',(-13.6124239011072,11.6820745507924,-15.630918708179));
#2500=CARTESIAN_POINT('Ctrl Pts',(-19.4347736866721,11.8655650831384,-7.20508680537397));
#2501=CARTESIAN_POINT('Ctrl Pts',(-20.5120432756303,12.0490556154845,2.97989677401889));
#2502=CARTESIAN_POINT('Ctrl Pts',(-16.5812128522954,12.2325461478305,12.4373262589678));
#2503=CARTESIAN_POINT('Ctrl Pts',(-8.6020108857867,12.4160366801766,18.8581312129793));
#2504=CARTESIAN_POINT('Ctrl Pts',(1.477407536195,12.5995272125227,20.6746456099526));
#2505=CARTESIAN_POINT('Ctrl Pts',(11.1961108114331,12.7830177448687,17.443359963701));
#2506=CARTESIAN_POINT('Ctrl Pts',(18.1812374293429,12.9665082772148,9.95320599922445));
#2507=CARTESIAN_POINT('Ctrl Pts',(20.7273399008103,13.1499988095608,0.0329357163852235));
#2508=CARTESIAN_POINT('Ctrl Pts',(18.2127768004877,13.3334893419069,-9.89537595752452));
#2509=CARTESIAN_POINT('Ctrl Pts',(11.251489086105,13.516979874253,-17.4076907563983));
#2510=CARTESIAN_POINT('Ctrl Pts',(1.54310388010479,13.700470406599,-20.6698460212056));
#2511=CARTESIAN_POINT('Ctrl Pts',(-8.54203650611262,13.8839609389451,-18.8853730821865));
#2512=CARTESIAN_POINT('Ctrl Pts',(-16.5416034291482,14.0674514712912,-12.4899583713447));
#2513=CARTESIAN_POINT('Ctrl Pts',(-20.5024696131286,14.2509420036372,-3.04506878213139));
#2514=CARTESIAN_POINT('Ctrl Pts',(-19.4575732340192,14.4344325359833,7.14328691624693));
#2515=CARTESIAN_POINT('Ctrl Pts',(-13.6620300547398,14.6179230683293,15.5875796360024));
#2516=CARTESIAN_POINT('Ctrl Pts',(-4.53084585881462,14.8014136006754,20.2261004627313));
#2517=CARTESIAN_POINT('Ctrl Pts',(5.7065630508411,14.9849041330215,19.9263353949543));
#2518=CARTESIAN_POINT('Ctrl Pts',(14.5506910425579,15.1683946653675,14.7614733109298));
#2519=CARTESIAN_POINT('Ctrl Pts',(19.8422077701393,15.3518851977136,5.99253660232397));
#2520=CARTESIAN_POINT('Ctrl Pts',(20.2891675885087,15.5353757300596,-4.23950264717569));
#2521=CARTESIAN_POINT('Ctrl Pts',(15.7824434128999,15.7188662624057,-13.4364498299606));
#2522=CARTESIAN_POINT('Ctrl Pts',(7.42237054984924,15.9023567947518,-19.3528323395829));
#2523=CARTESIAN_POINT('Ctrl Pts',(-2.74990471430206,16.0858473270978,-20.544140969288));
#2524=CARTESIAN_POINT('Ctrl Pts',(-12.2507793912961,16.2693378594439,-16.7195128049635));
#2525=CARTESIAN_POINT('Ctrl Pts',(-18.7605757311419,16.45282839179,-8.81274658818259));
#2526=CARTESIAN_POINT('Ctrl Pts',(-20.68990007528,16.636318924136,1.24568806547117));
#2527=CARTESIAN_POINT('Ctrl Pts',(-17.567699959194,16.819809456482,10.9999828568366));
#2528=CARTESIAN_POINT('Ctrl Pts',(-10.1562733557578,17.0032999888281,18.0685864024428));
#2529=CARTESIAN_POINT('Ctrl Pts',(-0.265150790746042,17.1867905211742,20.7256700885695));
#2530=CARTESIAN_POINT('Ctrl Pts',(9.69070960918937,17.3702810535202,18.3224957504813));
#2531=CARTESIAN_POINT('Ctrl Pts',(17.2805429262174,17.5537715858663,11.445808744523));
#2532=CARTESIAN_POINT('Ctrl Pts',(20.6512610420209,17.7372621182123,1.77457975355083));
#2533=CARTESIAN_POINT('Ctrl Pts',(18.9798872564866,17.9207526505584,-8.32991914146028));
#2534=CARTESIAN_POINT('Ctrl Pts',(12.6744982010482,18.1042431829045,-16.4006359806571));
#2535=CARTESIAN_POINT('Ctrl Pts',(3.2745731799876,18.2877337152505,-20.4670658161337));
#2536=CARTESIAN_POINT('Ctrl Pts',(-6.92484279473239,18.4712242475966,-19.5363849630329));
#2537=CARTESIAN_POINT('Ctrl Pts',(-15.4335485375253,18.6547147799427,-13.835799720617));
#2538=CARTESIAN_POINT('Ctrl Pts',(-20.1740532439921,18.8382053122887,-4.7571768567001));
#2539=CARTESIAN_POINT('Ctrl Pts',(-19.989050683121,19.0216958446348,5.48298879195937));
#2540=CARTESIAN_POINT('Ctrl Pts',(-14.9235003586716,19.2051863769809,14.3843462281841));
#2541=CARTESIAN_POINT('Ctrl Pts',(-6.21458596136257,19.3886769093269,19.773928156215));
#2542=CARTESIAN_POINT('Ctrl Pts',(4.01217263827109,19.572167441673,20.3351908012666));
#2543=CARTESIAN_POINT('Ctrl Pts',(13.2583052337383,19.755657974019,15.9323818356105));
#2544=CARTESIAN_POINT('Ctrl Pts',(19.2694899602042,19.9391485063651,7.63790924507072));
#2545=CARTESIAN_POINT('Ctrl Pts',(20.1370005584375,20.0614755279291,0.867622617194381));
#2546=CARTESIAN_POINT('Ctrl Pts',(19.7347675605028,20.1226390387111,-2.41683194703328));
#2547=CARTESIAN_POINT('Ctrl Pts',(-3.53881286879981,8.43769498715119E-14,
-19.684430484005));
#2548=CARTESIAN_POINT('Ctrl Pts',(-6.81488984053003,0.0611635107821044,
-19.0954663604984));
#2549=CARTESIAN_POINT('Ctrl Pts',(-13.0639764999341,0.183490532346145,-16.250830789526));
#2550=CARTESIAN_POINT('Ctrl Pts',(-19.2501592856663,0.366981064692204,-8.01002947752204));
#2551=CARTESIAN_POINT('Ctrl Pts',(-20.7353261207966,0.550471597038266,2.18390715664166));
#2552=CARTESIAN_POINT('Ctrl Pts',(-17.1583854480055,0.733962129384324,11.8458831685142));
#2553=CARTESIAN_POINT('Ctrl Pts',(-9.39189454258465,0.917452661730387,18.6150024102027));
#2554=CARTESIAN_POINT('Ctrl Pts',(0.667533062049304,1.10094319407645,20.8395175377012));
#2555=CARTESIAN_POINT('Ctrl Pts',(10.5640480027101,1.28443372642251,17.9758114805154));
#2556=CARTESIAN_POINT('Ctrl Pts',(17.8812719925839,1.46792425876857,10.7233225399245));
#2557=CARTESIAN_POINT('Ctrl Pts',(20.8327276118672,1.65141479111463,0.852646194122872));
#2558=CARTESIAN_POINT('Ctrl Pts',(18.6977775912983,1.83490532346069,-9.22618468577963));
#2559=CARTESIAN_POINT('Ctrl Pts',(11.9976927445876,2.01839585580675,-17.0524160726555));
#2560=CARTESIAN_POINT('Ctrl Pts',(2.36831927556205,2.20188638815281,-20.7152237684607));
#2561=CARTESIAN_POINT('Ctrl Pts',(-7.83928787203765,2.38537692049887,-19.3203271424433));
#2562=CARTESIAN_POINT('Ctrl Pts',(-16.1329011747024,2.56886745284493,-13.2082913528908));
#2563=CARTESIAN_POINT('Ctrl Pts',(-20.4875997523403,2.75235798519099,-3.87139752514021));
#2564=CARTESIAN_POINT('Ctrl Pts',(-19.8401664730454,2.93584851753705,6.41071439583953));
#2565=CARTESIAN_POINT('Ctrl Pts',(-14.3486745890852,3.11933904988311,15.1276237310206));
#2566=CARTESIAN_POINT('Ctrl Pts',(-5.35389463617514,3.30282958222917,20.151061413798));
#2567=CARTESIAN_POINT('Ctrl Pts',(4.94806080867296,3.48632011457523,20.2545342399264));
#2568=CARTESIAN_POINT('Ctrl Pts',(14.0419267763796,3.66981064692129,15.4127789760011));
#2569=CARTESIAN_POINT('Ctrl Pts',(19.7073983811408,3.85330117926735,6.80793010691558));
#2570=CARTESIAN_POINT('Ctrl Pts',(20.5612273420369,4.03679171161341,-3.4591029843852));
#2571=CARTESIAN_POINT('Ctrl Pts',(16.3949477994354,4.22028224395947,-12.8815818113043));
#2572=CARTESIAN_POINT('Ctrl Pts',(8.22577409416293,4.40377277630553,-19.1589692789083));
#2573=CARTESIAN_POINT('Ctrl Pts',(-1.95175630088564,4.58726330865159,-20.7586153352303));
#2574=CARTESIAN_POINT('Ctrl Pts',(-11.6527573410207,4.77075384099765,-17.2899597928649));
#2575=CARTESIAN_POINT('Ctrl Pts',(-18.5086895890874,4.9542443733437,-9.59988921728381));
#2576=CARTESIAN_POINT('Ctrl Pts',(-20.8456488946773,5.13773490568978,0.434033926462394));
#2577=CARTESIAN_POINT('Ctrl Pts',(-18.0930569993729,5.32122543803582,10.3619858958753));
#2578=CARTESIAN_POINT('Ctrl Pts',(-10.9229705735102,5.50471597038189,17.7600162482923));
#2579=CARTESIAN_POINT('Ctrl Pts',(-1.08599580656158,5.68820650272795,20.8218653438451));
#2580=CARTESIAN_POINT('Ctrl Pts',(9.01612931810751,5.87169703507401,18.7999700906246));
#2581=CARTESIAN_POINT('Ctrl Pts',(16.9169292631221,6.05518756742007,12.187984558396));
#2582=CARTESIAN_POINT('Ctrl Pts',(20.6873911178657,6.23867809976613,2.60025230037934));
#2583=CARTESIAN_POINT('Ctrl Pts',(19.4069410610315,6.42216863211219,-7.62234228717379));
#2584=CARTESIAN_POINT('Ctrl Pts',(13.3882062579966,6.60565916445825,-15.9839105503791));
#2585=CARTESIAN_POINT('Ctrl Pts',(4.10068564828829,6.78914969680432,-20.4429410922965));
#2586=CARTESIAN_POINT('Ctrl Pts',(-6.18803428464892,6.97264022915037,-19.9107432051441));
#2587=CARTESIAN_POINT('Ctrl Pts',(-14.9659201109792,7.15613076149644,-14.5172551992782));
#2588=CARTESIAN_POINT('Ctrl Pts',(-20.089814782717,7.33962129384249,-5.57931942850624));
#2589=CARTESIAN_POINT('Ctrl Pts',(-20.3086982711066,7.52311182618856,4.72083020477669));
#2590=CARTESIAN_POINT('Ctrl Pts',(-15.5691292691966,7.70660235853461,13.8683696622287));
#2591=CARTESIAN_POINT('Ctrl Pts',(-7.02829310746688,7.89009289088068,19.6298894363854));
#2592=CARTESIAN_POINT('Ctrl Pts',(3.22852981993637,8.07358342322673,20.5986906984634));
#2593=CARTESIAN_POINT('Ctrl Pts',(12.697093868707,8.2570739555728,16.538236622398));
#2594=CARTESIAN_POINT('Ctrl Pts',(19.0656100526458,8.44056448791885,8.43990382703698));
#2595=CARTESIAN_POINT('Ctrl Pts',(20.7791788646439,8.62405502026492,-1.71906631643996));
#2596=CARTESIAN_POINT('Ctrl Pts',(17.4194254079094,8.80754555261097,-11.4583193247291));
#2597=CARTESIAN_POINT('Ctrl Pts',(9.80664735351662,8.99103608495704,-18.3999763851193));
#2598=CARTESIAN_POINT('Ctrl Pts',(-0.200464121089273,9.1745266173031,-20.8492032803495));
#2599=CARTESIAN_POINT('Ctrl Pts',(-10.1586314532808,9.35801714964916,-18.2080111567847));
#2600=CARTESIAN_POINT('Ctrl Pts',(-17.6365269947777,9.54150768199522,-11.121257970736));
#2601=CARTESIAN_POINT('Ctrl Pts',(-20.8083916902745,9.72499821434128,-1.31920375730872));
#2602=CARTESIAN_POINT('Ctrl Pts',(-18.8998016851092,9.90848874668733,8.8049394973915));
#2603=CARTESIAN_POINT('Ctrl Pts',(-12.3767471051747,10.0919792790334,16.7793204386748));
#2604=CARTESIAN_POINT('Ctrl Pts',(-2.83185864469182,10.2754698113794,20.6569610520441));
#2605=CARTESIAN_POINT('Ctrl Pts',(7.40443979005442,10.4589603437255,19.4911193799802));
#2606=CARTESIAN_POINT('Ctrl Pts',(15.8329136943381,10.6424508760716,13.566440477768));
#2607=CARTESIAN_POINT('Ctrl Pts',(20.395716382851,10.8259414084176,4.32945914861027));
#2608=CARTESIAN_POINT('Ctrl Pts',(19.9788207499863,11.0094319407637,-5.96457749795389));
#2609=CARTESIAN_POINT('Ctrl Pts',(14.684013584901,11.1929224731098,-14.8023379345164));
#2610=CARTESIAN_POINT('Ctrl Pts',(5.80404390690207,11.3764130054558,-20.0260464799205));
#2611=CARTESIAN_POINT('Ctrl Pts',(-4.49300704237324,11.5599035378019,-20.3603131362552));
#2612=CARTESIAN_POINT('Ctrl Pts',(-13.6930717810707,11.7433940701479,-15.7235253199665));
#2613=CARTESIAN_POINT('Ctrl Pts',(-19.549916537555,11.926884602494,-7.24777391092017));
#2614=CARTESIAN_POINT('Ctrl Pts',(-20.6335684952323,12.1103751348401,2.99755140768887));
#2615=CARTESIAN_POINT('Ctrl Pts',(-16.6794495567557,12.2938656671861,12.5110121801885));
#2616=CARTESIAN_POINT('Ctrl Pts',(-8.65297417832014,12.4773561995322,18.9698577000068));
#2617=CARTESIAN_POINT('Ctrl Pts',(1.48616055376936,12.6608467318782,20.7971341799201));
#2618=CARTESIAN_POINT('Ctrl Pts',(11.2624430537536,12.8443372642243,17.5467045267805));
#2619=CARTESIAN_POINT('Ctrl Pts',(18.2889536057154,13.0278277965703,10.0121745538705));
#2620=CARTESIAN_POINT('Ctrl Pts',(20.8501406622637,13.2113183289164,0.0331308466368752));
#2621=CARTESIAN_POINT('Ctrl Pts',(18.3206798343543,13.3948088612625,-9.95400189352336));
#2622=CARTESIAN_POINT('Ctrl Pts',(11.3181494213853,13.5782993936085,-17.5108239944434));
#2623=CARTESIAN_POINT('Ctrl Pts',(1.55224612085471,13.7617899259546,-20.7923061556307));
#2624=CARTESIAN_POINT('Ctrl Pts',(-8.59264447569932,13.9452804583007,-18.9972609658185));
#2625=CARTESIAN_POINT('Ctrl Pts',(-16.6396054644542,14.1287709906467,-12.5639561156699));
#2626=CARTESIAN_POINT('Ctrl Pts',(-20.6239381128114,14.3122615229928,-3.06310953250808));
#2627=CARTESIAN_POINT('Ctrl Pts',(-19.5728511626201,14.4957520553388,7.1856078834715));
#2628=CARTESIAN_POINT('Ctrl Pts',(-13.7429718302763,14.6792425876849,15.6799294820356));
#2629=CARTESIAN_POINT('Ctrl Pts',(-4.55768921276901,14.8627331200309,20.3459315915661));
#2630=CARTESIAN_POINT('Ctrl Pts',(5.74037203411046,15.046223652377,20.0443905419816));
#2631=CARTESIAN_POINT('Ctrl Pts',(14.6368977602675,15.2297141847231,14.8489288248274));
#2632=CARTESIAN_POINT('Ctrl Pts',(19.9597644964125,15.4132047170691,6.02803985847379));
#2633=CARTESIAN_POINT('Ctrl Pts',(20.4093723635087,15.5966952494152,-4.26461991527416));
#2634=CARTESIAN_POINT('Ctrl Pts',(15.8759477447618,15.7801857817613,-13.5160551376482));
#2635=CARTESIAN_POINT('Ctrl Pts',(7.4663449700919,15.9636763141073,-19.4674897224865));
#2636=CARTESIAN_POINT('Ctrl Pts',(-2.76619674185873,16.1471668464534,-20.6658563542099));
#2637=CARTESIAN_POINT('Ctrl Pts',(-12.3233601008732,16.3306573787994,-16.8185688784107));
#2638=CARTESIAN_POINT('Ctrl Pts',(-18.8717242430163,16.5141479111455,-8.86495840102031));
#2639=CARTESIAN_POINT('Ctrl Pts',(-20.8124790215315,16.6976384434916,1.25306824274936));
#2640=CARTESIAN_POINT('Ctrl Pts',(-17.6717811843922,16.8811289758376,11.0651531236078));
#2641=CARTESIAN_POINT('Ctrl Pts',(-10.2164449989877,17.0646195081837,18.1756351689138));
#2642=CARTESIAN_POINT('Ctrl Pts',(-0.266721697536759,17.2481100405298,20.8484609570884));
#2643=CARTESIAN_POINT('Ctrl Pts',(9.74812298325121,17.4316005728758,18.4310488229283));
#2644=CARTESIAN_POINT('Ctrl Pts',(17.3829228669055,17.6150911052219,11.5136203419592));
#2645=CARTESIAN_POINT('Ctrl Pts',(20.7736110682697,17.7985816375679,1.78509339138562));
#2646=CARTESIAN_POINT('Ctrl Pts',(19.0923350968052,17.982072169914,-8.37927040497559));
#2647=CARTESIAN_POINT('Ctrl Pts',(12.749589266162,18.1655627022601,-16.4978028431866));
#2648=CARTESIAN_POINT('Ctrl Pts',(3.29397364728641,18.3490532346061,-20.5883245632264));
#2649=CARTESIAN_POINT('Ctrl Pts',(-6.96586957251514,18.5325437669522,-19.6521298179437));
#2650=CARTESIAN_POINT('Ctrl Pts',(-15.5249858141564,18.7160342992982,-13.9177710082564));
#2651=CARTESIAN_POINT('Ctrl Pts',(-20.2935760149709,18.8995248316443,-4.78536112651799));
#2652=CARTESIAN_POINT('Ctrl Pts',(-20.1074773918238,19.0830153639903,5.5154731918831));
#2653=CARTESIAN_POINT('Ctrl Pts',(-15.011915814604,19.2665058963364,14.4695674229096));
#2654=CARTESIAN_POINT('Ctrl Pts',(-6.25140476646853,19.4499964286825,19.8910803545255));
#2655=CARTESIAN_POINT('Ctrl Pts',(4.03594307178644,19.6334869610285,20.4556682444236));
#2656=CARTESIAN_POINT('Ctrl Pts',(13.3368551097029,19.8169774933746,16.0267744894938));
#2657=CARTESIAN_POINT('Ctrl Pts',(19.3836535746022,20.0004680257207,7.68316064132779));
#2658=CARTESIAN_POINT('Ctrl Pts',(20.2563038078557,20.1227950472847,0.872762915879861));
#2659=CARTESIAN_POINT('Ctrl Pts',(19.8516877487726,20.1839585580667,-2.43115065868759));
#2660=CARTESIAN_POINT('',(-12.3298145137362,0.,-15.295924560949));
#2661=CARTESIAN_POINT('Ctrl Pts',(-12.3307769488047,3.57786716920216E-16,
-15.2974058431851));
#2662=CARTESIAN_POINT('Ctrl Pts',(-12.3244736936548,3.56813795357277E-16,
-15.3028712033754));
#2663=CARTESIAN_POINT('Ctrl Pts',(-12.3181670756839,3.15888276535842E-16,
-15.3083322857166));
#2664=CARTESIAN_POINT('Ctrl Pts',(-12.3118570984371,3.15285991758785E-16,
-15.3137890865065));
#2665=CARTESIAN_POINT('Ctrl Pts',(-11.9989880073786,2.74438458302475E-16,
-15.5843549279376));
#2666=CARTESIAN_POINT('Ctrl Pts',(-11.6778642216722,1.02887443163735E-16,
-15.8443972039061));
#2667=CARTESIAN_POINT('Ctrl Pts',(-11.3491457844909,9.71445146547012E-17,
-16.0937781505606));
#2668=CARTESIAN_POINT('Ctrl Pts',(-11.0220057404962,9.14291617185734E-17,
-16.3419616554456));
#2669=CARTESIAN_POINT('Ctrl Pts',(-10.6873432974733,7.98069754589356E-16,
-16.5795861801335));
#2670=CARTESIAN_POINT('Ctrl Pts',(-10.3457651633924,7.07767178198537E-16,
-16.8064829228339));
#2671=CARTESIAN_POINT('Ctrl Pts',(-10.0012730462817,6.16694235824355E-16,
-17.0353153083399));
#2672=CARTESIAN_POINT('Ctrl Pts',(-9.64974631841882,8.62289256761418E-16,
-17.2532363956402));
#2673=CARTESIAN_POINT('Ctrl Pts',(-9.29176946136028,7.21644966006352E-16,
-17.4600354070817));
#2674=CARTESIAN_POINT('Ctrl Pts',(-8.93240661363276,5.80456138165188E-16,
-17.6676350889984));
#2675=CARTESIAN_POINT('Ctrl Pts',(-8.56654312978248,8.81253982618438E-16,
-17.8640266931009));
#2676=CARTESIAN_POINT('Ctrl Pts',(-8.19473901569893,8.60422844084496E-16,
-18.0489548332332));
#2677=CARTESIAN_POINT('Ctrl Pts',(-7.82461837598471,8.39686025883433E-16,
-18.2330456459335));
#2678=CARTESIAN_POINT('Ctrl Pts',(-7.44861028426612,-1.93083741513349E-16,
-18.4057768020648));
#2679=CARTESIAN_POINT('Ctrl Pts',(-7.0672434785908,-1.80411241501588E-16,
-18.5668508716945));
#2680=CARTESIAN_POINT('Ctrl Pts',(-6.78297782496206,-1.70965331565681E-16,
-18.6869133024161));
#2681=CARTESIAN_POINT('Ctrl Pts',(-6.49573433776371,7.35442520179888E-17,
-18.8004981349502));
#2682=CARTESIAN_POINT('Ctrl Pts',(-6.20572583134825,5.55111512312578E-17,
-18.90746443309));
#2683=CARTESIAN_POINT('Ctrl Pts',(-6.09697264144245,4.87487384362337E-17,
-18.9475767948924));
#2684=CARTESIAN_POINT('Ctrl Pts',(-5.98783057793791,1.05509577817253E-15,
-18.9867582666551));
#2685=CARTESIAN_POINT('Ctrl Pts',(-5.87831072770277,1.08246744900953E-15,
-19.0250008343796));
#2686=CARTESIAN_POINT('Ctrl Pts',(-5.82859204336216,1.09489335590493E-15,
-19.0423617981592));
#2687=CARTESIAN_POINT('Ctrl Pts',(-5.77879550070394,8.39225708792345E-16,
-19.0595292602753));
#2688=CARTESIAN_POINT('Ctrl Pts',(-5.72892213307705,8.60422844084496E-16,
-19.0765024487076));
#2689=CARTESIAN_POINT('Ctrl Pts',(-5.69686867990076,8.74046174849754E-16,
-19.0874110623936));
#2690=CARTESIAN_POINT('Ctrl Pts',(-5.66478338602969,7.96455832378251E-16,
-19.0982394448624));
#2691=CARTESIAN_POINT('Ctrl Pts',(-5.63267762389578,8.04911692853238E-16,
-19.1089837349746));
#2692=CARTESIAN_POINT('Ctrl Pts',(-5.23402965853351,9.09905667445155E-16,
-19.2423924786948));
#2693=CARTESIAN_POINT('Ctrl Pts',(-4.8317701711149,6.89027662237812E-16,
-19.3629964287159));
#2694=CARTESIAN_POINT('Ctrl Pts',(-4.42650045716845,5.82867087928207E-16,
-19.4706032580965));
#2695=CARTESIAN_POINT('Ctrl Pts',(-4.13211993627525,5.05753985004086E-16,
-19.5487668942988));
#2696=CARTESIAN_POINT('Ctrl Pts',(-3.83615037175597,1.02888626814508E-15,
-19.6200720301602));
#2697=CARTESIAN_POINT('Ctrl Pts',(-3.53881286896933,1.22124532708767E-15,
-19.6844304839681));
#2698=CARTESIAN_POINT('Ctrl Pts',(-12.3307769488047,3.64122523365679E-16,
-15.2974058431851));
#2699=CARTESIAN_POINT('Ctrl Pts',(-14.8691030830072,0.0610075022084984,
-13.2515283353546));
#2700=CARTESIAN_POINT('Ctrl Pts',(-18.9112675778866,0.183178515199017,-7.85998580734848));
#2701=CARTESIAN_POINT('Ctrl Pts',(-20.3689525008967,0.366513038971555,2.14531958074134));
#2702=CARTESIAN_POINT('Ctrl Pts',(-16.8552129899693,0.550003571317616,11.6365776060131));
#2703=CARTESIAN_POINT('Ctrl Pts',(-9.2259486403481,0.733494103663675,18.2860929067911));
#2704=CARTESIAN_POINT('Ctrl Pts',(0.655738383589901,0.916984636009736,20.4713029539144));
#2705=CARTESIAN_POINT('Ctrl Pts',(10.3773912563922,1.1004751683558,17.6581958768645));
#2706=CARTESIAN_POINT('Ctrl Pts',(17.5653268123552,1.28396570070186,10.5338515630313));
#2707=CARTESIAN_POINT('Ctrl Pts',(20.4646329996541,1.46745623304792,0.837580741531734));
#2708=CARTESIAN_POINT('Ctrl Pts',(18.3674055286503,1.65094676539398,-9.06316672013485));
#2709=CARTESIAN_POINT('Ctrl Pts',(11.785704850321,1.83443729774004,-16.7511159933521));
#2710=CARTESIAN_POINT('Ctrl Pts',(2.32647331177003,2.0179278300861,-20.3492053381321));
#2711=CARTESIAN_POINT('Ctrl Pts',(-7.70077506262324,2.20141836243216,-18.978955217469));
#2712=CARTESIAN_POINT('Ctrl Pts',(-15.8478480548031,2.38490889477822,-12.974913325101));
#2713=CARTESIAN_POINT('Ctrl Pts',(-20.1256032232963,2.56839942712428,-3.80299358892553));
#2714=CARTESIAN_POINT('Ctrl Pts',(-19.4896094782916,2.75188995947034,6.29744312990114));
#2715=CARTESIAN_POINT('Ctrl Pts',(-14.0951470670513,2.9353804918164,14.860332913672));
#2716=CARTESIAN_POINT('Ctrl Pts',(-5.25929637680894,3.11887102416246,19.7950111992035));
#2717=CARTESIAN_POINT('Ctrl Pts',(4.86063324956937,3.30236155650852,19.8966557582649));
#2718=CARTESIAN_POINT('Ctrl Pts',(13.7938191983527,3.48585208885458,15.1404497349147));
#2719=CARTESIAN_POINT('Ctrl Pts',(19.3591872731194,3.66934262120064,6.68764041468864));
#2720=CARTESIAN_POINT('Ctrl Pts',(20.1979298830531,3.8528331535467,-3.39798390313167));
#2721=CARTESIAN_POINT('Ctrl Pts',(16.1052645632829,4.03632368589276,-12.6539764324089));
#2722=CARTESIAN_POINT('Ctrl Pts',(8.08043243839152,4.21981421823882,-18.8204483949168));
#2723=CARTESIAN_POINT('Ctrl Pts',(-1.91727061124896,4.40330475058488,-20.3918302169172));
#2724=CARTESIAN_POINT('Ctrl Pts',(-11.4468641294081,4.58679528293094,-16.9844625404787));
#2725=CARTESIAN_POINT('Ctrl Pts',(-18.1816585327706,4.770285815277,-9.43026824567795));
#2726=CARTESIAN_POINT('Ctrl Pts',(-20.4773259756061,4.95377634762306,0.426364957097227));
#2727=CARTESIAN_POINT('Ctrl Pts',(-17.7733697781883,5.13726687996913,10.1788993960582));
#2728=CARTESIAN_POINT('Ctrl Pts',(-10.7299720045095,5.32075741231518,17.4462135424916));
#2729=CARTESIAN_POINT('Ctrl Pts',(-1.06680728680895,5.50424794466124,20.4539626576442));
#2730=CARTESIAN_POINT('Ctrl Pts',(8.85682283232973,5.6877384770073,18.4677923830744));
#2731=CARTESIAN_POINT('Ctrl Pts',(16.6180231077227,5.87122900935336,11.9726343875846));
#2732=CARTESIAN_POINT('Ctrl Pts',(20.3218644641742,6.05471954169943,2.55430829919059));
#2733=CARTESIAN_POINT('Ctrl Pts',(19.0640387499566,6.23821007404548,-7.48766270125368));
#2734=CARTESIAN_POINT('Ctrl Pts',(13.1516493038337,6.42170060639155,-15.7014899540315));
#2735=CARTESIAN_POINT('Ctrl Pts',(4.02823040759026,6.6051911387376,-20.0817336395778));
#2736=CARTESIAN_POINT('Ctrl Pts',(-6.07869756586653,6.78868167108367,-19.5589391862216));
#2737=CARTESIAN_POINT('Ctrl Pts',(-14.7014864438042,6.97217220342972,-14.2607490171529));
#2738=CARTESIAN_POINT('Ctrl Pts',(-19.7348467382222,7.15566273577579,-5.48073812606173));
#2739=CARTESIAN_POINT('Ctrl Pts',(-19.9498627621933,7.33915326812184,4.63741759573544));
#2740=CARTESIAN_POINT('Ctrl Pts',(-15.2940374661638,7.5226438004679,13.623328674416));
#2741=CARTESIAN_POINT('Ctrl Pts',(-6.90410980923953,7.70613433281396,19.2830478381802));
#2742=CARTESIAN_POINT('Ctrl Pts',(3.17148474863178,7.88962486516003,20.2347312973704));
#2743=CARTESIAN_POINT('Ctrl Pts',(12.4727482174361,8.07311539750608,16.2460216081363));
#2744=CARTESIAN_POINT('Ctrl Pts',(18.7287387379679,8.25660592985215,8.29077870121527));
#2745=CARTESIAN_POINT('Ctrl Pts',(20.4120304081964,8.4400964621982,-1.68869203896139));
#2746=CARTESIAN_POINT('Ctrl Pts',(17.1116406204365,8.62358699454427,-11.2558616491414));
#2747=CARTESIAN_POINT('Ctrl Pts',(9.63337316100774,8.80707752689032,-18.0748661883943));
#2748=CARTESIAN_POINT('Ctrl Pts',(-0.196922109486683,8.99056805923639,-20.480817558642));
#2749=CARTESIAN_POINT('Ctrl Pts',(-9.97913803431627,9.17405859158244,-17.8862928042579));
#2750=CARTESIAN_POINT('Ctrl Pts',(-17.3249062274024,9.35754912392851,-10.9247558507867));
#2751=CARTESIAN_POINT('Ctrl Pts',(-20.4407270708011,9.54103965627457,-1.29589467342282));
#2752=CARTESIAN_POINT('Ctrl Pts',(-18.5658600476146,9.72453018862062,8.64936453619408));
#2753=CARTESIAN_POINT('Ctrl Pts',(-12.1580616785221,9.9080207209667,16.4828457011779));
#2754=CARTESIAN_POINT('Ctrl Pts',(-2.78182237824217,10.0915112533127,20.2919720688625));
#2755=CARTESIAN_POINT('Ctrl Pts',(7.27361033536397,10.2750017856588,19.146729717549));
#2756=CARTESIAN_POINT('Ctrl Pts',(15.5531610697609,10.4584923180049,13.326734293354));
#2757=CARTESIAN_POINT('Ctrl Pts',(20.0353433461259,10.6419828503509,4.25296169632791));
#2758=CARTESIAN_POINT('Ctrl Pts',(19.6258138651724,10.825473382697,-5.85918904944976));
#2759=CARTESIAN_POINT('Ctrl Pts',(14.4245609396705,11.0089639150431,-14.5407946098319));
#2760=CARTESIAN_POINT('Ctrl Pts',(5.70149193526478,11.1924544473891,-19.6722051610819));
#2761=CARTESIAN_POINT('Ctrl Pts',(-4.41361985334327,11.3759449797352,-20.0005656414452));
#2762=CARTESIAN_POINT('Ctrl Pts',(-13.4511281411803,11.5594355120812,-15.4457054846042));
#2763=CARTESIAN_POINT('Ctrl Pts',(-19.2044879849064,11.7429260444273,-7.11971259428158));
#2764=CARTESIAN_POINT('Ctrl Pts',(-20.2689928364262,11.9264165767733,2.94458750667892));
#2765=CARTESIAN_POINT('Ctrl Pts',(-16.384739443375,12.1099071091194,12.2899544165265));
#2766=CARTESIAN_POINT('Ctrl Pts',(-8.50008430071982,12.2933976414655,18.6346782389244));
#2767=CARTESIAN_POINT('Ctrl Pts',(1.45990150104627,12.4768881738115,20.4296684700175));
#2768=CARTESIAN_POINT('Ctrl Pts',(11.0634463267921,12.6603787061576,17.2366708375422));
#2769=CARTESIAN_POINT('Ctrl Pts',(17.9658050765979,12.8438692385036,9.83526888993243));
#2770=CARTESIAN_POINT('Ctrl Pts',(20.4817383779035,13.0273597708497,0.032545455881889));
#2771=CARTESIAN_POINT('Ctrl Pts',(17.9969707327546,13.2108503031958,-9.77812408552678));
#2772=CARTESIAN_POINT('Ctrl Pts',(11.1181684155442,13.3943408355418,-17.2014242803082));
#2773=CARTESIAN_POINT('Ctrl Pts',(1.52481939860495,13.5778313678879,-20.4249257523553));
#2774=CARTESIAN_POINT('Ctrl Pts',(-8.44082056693923,13.7613219002339,-18.6615973149224));
#2775=CARTESIAN_POINT('Ctrl Pts',(-16.3455993585362,13.94481243258,-12.3419628826942));
#2776=CARTESIAN_POINT('Ctrl Pts',(-20.2595326137629,14.1283029649261,-3.00898728137797));
#2777=CARTESIAN_POINT('Ctrl Pts',(-19.2270173768173,14.3117934972721,7.05864498179775));
#2778=CARTESIAN_POINT('Ctrl Pts',(-13.5001465036666,14.4952840296182,15.4028799439362));
#2779=CARTESIAN_POINT('Ctrl Pts',(-4.47715915090585,14.6787745619643,19.9864382050618));
#2780=CARTESIAN_POINT('Ctrl Pts',(5.63894508430237,14.8622650943103,19.6902251008996));
#2781=CARTESIAN_POINT('Ctrl Pts',(14.3782776071388,15.0457556266564,14.5865622831346));
#2782=CARTESIAN_POINT('Ctrl Pts',(19.6070943175931,15.2292461590024,5.92153009002433));
#2783=CARTESIAN_POINT('Ctrl Pts',(20.0487580385089,15.4127366913485,-4.18926811097873));
#2784=CARTESIAN_POINT('Ctrl Pts',(15.5954347491761,15.5962272236946,-13.2772392145854));
#2785=CARTESIAN_POINT('Ctrl Pts',(7.33442170936393,15.7797177560406,-19.1235175737757));
#2786=CARTESIAN_POINT('Ctrl Pts',(-2.71732065918872,15.9632082883867,-20.3007101994441));
#2787=CARTESIAN_POINT('Ctrl Pts',(-12.1056179721416,16.1466988207327,-16.5214006580691));
#2788=CARTESIAN_POINT('Ctrl Pts',(-18.5382787073933,16.3301893530788,-8.70832296250719));
#2789=CARTESIAN_POINT('Ctrl Pts',(-20.4447421827769,16.5136798854249,1.2309277109148));
#2790=CARTESIAN_POINT('Ctrl Pts',(-17.3595375087978,16.6971704177709,10.8696423232941));
#2791=CARTESIAN_POINT('Ctrl Pts',(-10.0359300692981,16.880660950117,17.8544888695008));
#2792=CARTESIAN_POINT('Ctrl Pts',(-0.26200897716461,17.064151482463,20.4800883515315));
#2793=CARTESIAN_POINT('Ctrl Pts',(9.57588286106569,17.2476420148091,18.1053896055874));
#2794=CARTESIAN_POINT('Ctrl Pts',(17.0757830448412,17.4311325471552,11.3101855496506));
#2795=CARTESIAN_POINT('Ctrl Pts',(20.4065609895232,17.6146230795012,1.75355247788125));
#2796=CARTESIAN_POINT('Ctrl Pts',(18.7549915758493,17.7981136118473,-8.23121661442965));
#2797=CARTESIAN_POINT('Ctrl Pts',(12.5243160708205,17.9816041441933,-16.206302255598));
#2798=CARTESIAN_POINT('Ctrl Pts',(3.23577224538993,18.1650946765394,-20.2245483219482));
#2799=CARTESIAN_POINT('Ctrl Pts',(-6.84278923916689,18.3485852088855,-19.3048952532112));
#2800=CARTESIAN_POINT('Ctrl Pts',(-15.2506739842632,18.5320757412315,-13.6718571453382));
#2801=CARTESIAN_POINT('Ctrl Pts',(-19.9350077020346,18.7155662735776,-4.70080831706434));
#2802=CARTESIAN_POINT('Ctrl Pts',(-19.7521972657153,18.8990568059236,5.4180199921119));
#2803=CARTESIAN_POINT('Ctrl Pts',(-14.7466694468069,19.0825473382697,14.2139038387329));
#2804=CARTESIAN_POINT('Ctrl Pts',(-6.14094835115064,19.2660378706158,19.5396237595941));
#2805=CARTESIAN_POINT('Ctrl Pts',(3.96463177124041,19.4495284029618,20.0942359149526));
#2806=CARTESIAN_POINT('Ctrl Pts',(13.1012054818091,19.6330189353079,15.7435965278438));
#2807=CARTESIAN_POINT('Ctrl Pts',(19.0411627314083,19.8165094676539,7.54740645255656));
#2808=CARTESIAN_POINT('Ctrl Pts',(19.8983940596009,19.938836489218,0.857342019823411));
#2809=CARTESIAN_POINT('Ctrl Pts',(19.5009271839631,20.,-2.38819452372467));
#2810=CARTESIAN_POINT('Ctrl Pts',(-12.2227375976533,-0.281171241653529,
-15.163088788862));
#2811=CARTESIAN_POINT('Ctrl Pts',(-14.7132016044735,-0.220810612958131,
-13.155563246037));
#2812=CARTESIAN_POINT('Ctrl Pts',(-18.6839488409481,-0.100089355567336,
-7.89222028228398));
#2813=CARTESIAN_POINT('Ctrl Pts',(-20.1938865318902,0.0809925305188559,
1.88638343974332));
#2814=CARTESIAN_POINT('Ctrl Pts',(-16.8996996459499,0.262074416605048,11.2136942650434));
#2815=CARTESIAN_POINT('Ctrl Pts',(-9.58466368176565,0.443156302691241,17.874319295179));
#2816=CARTESIAN_POINT('Ctrl Pts',(0.0106408606374872,0.624238188777433,
20.2817389609782));
#2817=CARTESIAN_POINT('Ctrl Pts',(9.60345109901218,0.805320074863625,17.8641350023472));
#2818=CARTESIAN_POINT('Ctrl Pts',(16.9114307212235,0.986401960949817,11.1962094434222));
#2819=CARTESIAN_POINT('Ctrl Pts',(20.195925792416,1.16748384703601,1.86461429463602));
#2820=CARTESIAN_POINT('Ctrl Pts',(18.6754886397875,1.3485657331222,-7.91064491837189));
#2821=CARTESIAN_POINT('Ctrl Pts',(12.7118626898987,1.52964761920839,-15.8038156500477));
#2822=CARTESIAN_POINT('Ctrl Pts',(3.72388410162138,1.71072950529459,-19.9370223409391));
#2823=CARTESIAN_POINT('Ctrl Pts',(-6.15006418654713,1.89181139138078,-19.3268932114944));
#2824=CARTESIAN_POINT('Ctrl Pts',(-14.5608161864907,2.07289327746697,-14.1185963324957));
#2825=CARTESIAN_POINT('Ctrl Pts',(-19.5073216832634,2.25397516355316,-5.55126263311209));
#2826=CARTESIAN_POINT('Ctrl Pts',(-19.8127297816184,2.43505704963935,4.33680264635492));
#2827=CARTESIAN_POINT('Ctrl Pts',(-15.4043789713104,2.61613893572555,13.1930750243269));
#2828=CARTESIAN_POINT('Ctrl Pts',(-7.33108505566494,2.79722082181174,18.9105079250182));
#2829=CARTESIAN_POINT('Ctrl Pts',(2.48638887822152,2.97830270789793,20.1288347861418));
#2830=CARTESIAN_POINT('Ctrl Pts',(11.7123119322977,3.15938459398412,16.5581963976499));
#2831=CARTESIAN_POINT('Ctrl Pts',(18.1516924600442,3.34046648007032,9.04810366261223));
#2832=CARTESIAN_POINT('Ctrl Pts',(20.2725009299969,3.5215483661565,-0.614674723242056));
#2833=CARTESIAN_POINT('Ctrl Pts',(17.5701637785984,3.7026302522427,-10.1312123537646));
#2834=CARTESIAN_POINT('Ctrl Pts',(10.6876093559513,3.88371213832889,-17.2373758225338));
#2835=CARTESIAN_POINT('Ctrl Pts',(1.26230520299562,4.06479402441509,-20.2424974877926));
#2836=CARTESIAN_POINT('Ctrl Pts',(-8.46332113699857,4.24587591050128,-18.4316118208591));
#2837=CARTESIAN_POINT('Ctrl Pts',(-16.1753907661875,4.42695779658747,-12.2355568952773));
#2838=CARTESIAN_POINT('Ctrl Pts',(-20.0390814790238,4.60803968267366,-3.12847126493929));
#2839=CARTESIAN_POINT('Ctrl Pts',(-19.1351607144911,4.78912156875985,6.72292669965251));
#2840=CARTESIAN_POINT('Ctrl Pts',(-13.6786853860805,4.97020345484605,14.9748350604128));
#2841=CARTESIAN_POINT('Ctrl Pts',(-4.96783647222735,5.15128534093224,19.6639955188037));
#2842=CARTESIAN_POINT('Ctrl Pts',(4.92493857967547,5.33236722701844,19.6747833270026));
#2843=CARTESIAN_POINT('Ctrl Pts',(13.6459935743352,5.51344911310462,15.0046318964312));
#2844=CARTESIAN_POINT('Ctrl Pts',(19.12045287782,5.69453099919082,6.76464342927385));
#2845=CARTESIAN_POINT('Ctrl Pts',(20.0458568422211,5.87561288527701,-3.08475970528331));
#2846=CARTESIAN_POINT('Ctrl Pts',(16.2020373642004,6.0566947713632,-12.2002501706817));
#2847=CARTESIAN_POINT('Ctrl Pts',(8.5034993266027,6.23777665744939,-18.4131099540688));
#2848=CARTESIAN_POINT('Ctrl Pts',(-1.21815444260261,6.41885854353558,-20.2452023633287));
#2849=CARTESIAN_POINT('Ctrl Pts',(-10.6499901825824,6.59994042962177,-17.2606439071391));
#2850=CARTESIAN_POINT('Ctrl Pts',(-17.5480263828311,6.78102231570797,-10.169507807442));
#2851=CARTESIAN_POINT('Ctrl Pts',(-20.271112145593,6.96210420179416,-0.658886453765095));
#2852=CARTESIAN_POINT('Ctrl Pts',(-18.1713826997229,7.14318608788036,9.00849431139136));
#2853=CARTESIAN_POINT('Ctrl Pts',(-11.7483965811723,7.32426797396654,16.5326131252643));
#2854=CARTESIAN_POINT('Ctrl Pts',(-2.53028282967454,7.50534986005274,20.1233642261928));
#2855=CARTESIAN_POINT('Ctrl Pts',(7.28982485414662,7.68643174613892,18.9264516635852));
#2856=CARTESIAN_POINT('Ctrl Pts',(15.375568980491,7.86751363222512,13.2266396905761));
#2857=CARTESIAN_POINT('Ctrl Pts',(19.8032243257223,8.04859551831132,4.3800028862184));
#2858=CARTESIAN_POINT('Ctrl Pts',(19.5193823060295,8.2296774043975,-5.50870523528203));
#2859=CARTESIAN_POINT('Ctrl Pts',(14.5915733854341,8.4107592904837,-14.086806065097));
#2860=CARTESIAN_POINT('Ctrl Pts',(6.19220052026062,8.59184117656989,-19.3134350050696));
#2861=CARTESIAN_POINT('Ctrl Pts',(-3.68039387462071,8.77292306265609,-19.9450951340377));
#2862=CARTESIAN_POINT('Ctrl Pts',(-12.6773648984314,8.95400494874228,-15.831504609802));
#2863=CARTESIAN_POINT('Ctrl Pts',(-18.6581921705623,9.13508683482846,-7.95135107415905));
#2864=CARTESIAN_POINT('Ctrl Pts',(-20.1999431690549,9.31616872091467,1.82055347219312));
#2865=CARTESIAN_POINT('Ctrl Pts',(-16.9358111735848,9.49725060700085,11.1593198211559));
#2866=CARTESIAN_POINT('Ctrl Pts',(-9.64238433174193,9.67833249308704,17.8431091286563));
#2867=CARTESIAN_POINT('Ctrl Pts',(-0.0548831703157891,9.85941437917324,
20.2817431897699));
#2868=CARTESIAN_POINT('Ctrl Pts',(9.54567555729593,10.0404962652594,17.8950327502635));
#2869=CARTESIAN_POINT('Ctrl Pts',(16.8751684981003,10.2215781513456,11.2508136211957));
#2870=CARTESIAN_POINT('Ctrl Pts',(20.1897944352432,10.4026600374318,1.92984964201467));
#2871=CARTESIAN_POINT('Ctrl Pts',(18.7009519212182,10.583741923518,-7.85025580592418));
#2872=CARTESIAN_POINT('Ctrl Pts',(12.7628599188689,10.7648238096042,-15.7626623915343));
#2873=CARTESIAN_POINT('Ctrl Pts',(3.78828355985148,10.9459056956904,-19.9248846081557));
#2874=CARTESIAN_POINT('Ctrl Pts',(-6.08758481688262,11.1269875817766,-19.3466645723604));
#2875=CARTESIAN_POINT('Ctrl Pts',(-14.5151213789717,11.3080694678628,-14.1655698908261));
#2876=CARTESIAN_POINT('Ctrl Pts',(-19.489283126751,11.489151353949,-5.61426417115384));
#2877=CARTESIAN_POINT('Ctrl Pts',(-19.8266390400037,11.6702332400352,4.27276296505675));
#2878=CARTESIAN_POINT('Ctrl Pts',(-15.4469268609185,11.8513151261213,13.1432328417173));
#2879=CARTESIAN_POINT('Ctrl Pts',(-7.39214874285566,12.0323970122076,18.8867216832795));
#2880=CARTESIAN_POINT('Ctrl Pts',(2.42133738912649,12.2134788982937,20.136763499286));
#2881=CARTESIAN_POINT('Ctrl Pts',(11.6587494161639,12.3945607843799,16.5959537547337));
#2882=CARTESIAN_POINT('Ctrl Pts',(18.1223622754961,12.5756426704661,9.1067065689983));
#2883=CARTESIAN_POINT('Ctrl Pts',(20.274381189175,12.7567245565523,-0.549168802998694));
#2884=CARTESIAN_POINT('Ctrl Pts',(17.6028071375311,12.9378064426385,-10.0743883118055));
#2885=CARTESIAN_POINT('Ctrl Pts',(10.7432494484945,13.1188883287247,-17.2027529850772));
#2886=CARTESIAN_POINT('Ctrl Pts',(1.32770437908162,13.2999702148109,-20.238313172296));
#2887=CARTESIAN_POINT('Ctrl Pts',(-8.40372236598924,13.4810521008971,-18.4588615405591));
#2888=CARTESIAN_POINT('Ctrl Pts',(-16.1357718817933,13.6621339869833,-12.2877575153847));
#2889=CARTESIAN_POINT('Ctrl Pts',(-20.0288684346024,13.8432158730694,-3.19320343973678));
#2890=CARTESIAN_POINT('Ctrl Pts',(-19.1567833533546,14.0242977591557,6.6610637687074));
#2891=CARTESIAN_POINT('Ctrl Pts',(-13.7269993436292,14.2053796452418,14.9305595339961));
#2892=CARTESIAN_POINT('Ctrl Pts',(-5.03134710092985,14.386461531328,19.6478412383661));
#2893=CARTESIAN_POINT('Ctrl Pts',(4.86134145354012,14.5675434174142,19.6905936490096));
#2894=CARTESIAN_POINT('Ctrl Pts',(13.5974407035826,14.7486253035004,15.0486452975175));
#2895=CARTESIAN_POINT('Ctrl Pts',(19.0984957511762,14.9297071895866,6.82638843171203));
#2896=CARTESIAN_POINT('Ctrl Pts',(20.0557194041701,15.1107890756728,-3.01997320512958));
#2897=CARTESIAN_POINT('Ctrl Pts',(16.2413731567014,15.291870961759,-12.1478358962085));
#2898=CARTESIAN_POINT('Ctrl Pts',(8.56294974829647,15.4729528478452,-18.3855380827146));
#2899=CARTESIAN_POINT('Ctrl Pts',(-1.15273357863049,15.6540347339314,-20.2490326748094));
#2900=CARTESIAN_POINT('Ctrl Pts',(-10.594163524834,15.8351166200176,-17.2949651113197));
#2901=CARTESIAN_POINT('Ctrl Pts',(-17.5150759681701,16.0161985061038,-10.2261543501489));
#2902=CARTESIAN_POINT('Ctrl Pts',(-20.2688773935124,16.1972803921899,-0.724381238631111));
#2903=CARTESIAN_POINT('Ctrl Pts',(-18.2003952936499,16.3783622782762,8.94973352722239));
#2904=CARTESIAN_POINT('Ctrl Pts',(-11.8017539686744,16.5594441643623,16.4945664388449));
#2905=CARTESIAN_POINT('Ctrl Pts',(-2.59529045559306,16.7405260504486,20.1150835681248));
#2906=CARTESIAN_POINT('Ctrl Pts',(7.22863332923308,16.9216079365347,18.949907078059));
#2907=CARTESIAN_POINT('Ctrl Pts',(15.3327519662869,17.1026898226209,13.2762508725014));
#2908=CARTESIAN_POINT('Ctrl Pts',(19.7889686859402,17.2837717087071,4.44396635222834));
#2909=CARTESIAN_POINT('Ctrl Pts',(19.5370796317331,17.4648535947933,-5.44560699458054));
#2910=CARTESIAN_POINT('Ctrl Pts',(14.6370133011267,17.6459354808795,-14.039585892731));
#2911=CARTESIAN_POINT('Ctrl Pts',(6.25457197157475,17.8270173669657,-19.2933257931221));
#2912=CARTESIAN_POINT('Ctrl Pts',(-3.61592966967774,18.0080992530519,-19.9568841568357));
#2913=CARTESIAN_POINT('Ctrl Pts',(-12.6261456933825,18.1891811391381,-15.8723812667479));
#2914=CARTESIAN_POINT('Ctrl Pts',(-18.6324024339577,18.3702630252243,-8.01160149398596));
#2915=CARTESIAN_POINT('Ctrl Pts',(-20.2057213803439,18.5513449113105,1.75528589706814));
#2916=CARTESIAN_POINT('Ctrl Pts',(-16.9717773458315,18.7324267973966,11.1045201905908));
#2917=CARTESIAN_POINT('Ctrl Pts',(-9.69999180758183,18.9135086834828,17.8118991498956));
#2918=CARTESIAN_POINT('Ctrl Pts',(-0.120406218771537,19.094590569569,20.2813843425852));
#2919=CARTESIAN_POINT('Ctrl Pts',(9.48778684208476,19.2756724556552,17.9259300734363));
#2920=CARTESIAN_POINT('Ctrl Pts',(16.8387632228437,19.4567543417414,11.3049918318499));
#2921=CARTESIAN_POINT('Ctrl Pts',(20.183381612584,19.6378362278276,1.99564586673121));
#2922=CARTESIAN_POINT('Ctrl Pts',(18.7263881963821,19.8189181139138,-7.79098648398669));
#2923=CARTESIAN_POINT('Ctrl Pts',(14.784184517068,19.9396393713046,-13.0757421946002));
#2924=CARTESIAN_POINT('Ctrl Pts',(12.3046217852882,20.,-15.0967168192628));
#2925=CARTESIAN_POINT('Ctrl Pts',(-12.2227375976533,-0.231774156832067,
-15.163088788862));
#2926=CARTESIAN_POINT('Ctrl Pts',(-14.713196020669,-0.17141352813667,-13.1555677470578));
#2927=CARTESIAN_POINT('Ctrl Pts',(-18.6839519720258,-0.0506922707458748,
-7.89221709807561));
#2928=CARTESIAN_POINT('Ctrl Pts',(-20.1938845714396,0.130389615340317,1.8863819725546));
#2929=CARTESIAN_POINT('Ctrl Pts',(-16.8997001783437,0.31147150142651,11.2136947999272));
#2930=CARTESIAN_POINT('Ctrl Pts',(-9.58466310285949,0.492553387512702,17.8743186243602));
#2931=CARTESIAN_POINT('Ctrl Pts',(0.0106406464934416,0.673635273598894,
20.2817388090607));
#2932=CARTESIAN_POINT('Ctrl Pts',(9.60345104702636,0.854717159685087,17.8641346044075));
#2933=CARTESIAN_POINT('Ctrl Pts',(16.9114303802559,1.03579904577128,11.1962093047499));
#2934=CARTESIAN_POINT('Ctrl Pts',(20.1959254812371,1.21688093185747,1.86461423769453));
#2935=CARTESIAN_POINT('Ctrl Pts',(18.6754883105788,1.39796281794366,-7.91064477208801));
#2936=CARTESIAN_POINT('Ctrl Pts',(12.7118624834639,1.57904470402985,-15.8038153906914));
#2937=CARTESIAN_POINT('Ctrl Pts',(3.72388403503814,1.76012659011605,-19.9370220018349));
#2938=CARTESIAN_POINT('Ctrl Pts',(-6.15006408101105,1.94120847620224,-19.3268928878725));
#2939=CARTESIAN_POINT('Ctrl Pts',(-14.5608159423666,2.12229036228843,-14.1185960938892));
#2940=CARTESIAN_POINT('Ctrl Pts',(-19.5073213543137,2.30337224837462,-5.55126254011523));
#2941=CARTESIAN_POINT('Ctrl Pts',(-19.8127294483196,2.48445413446081,4.3368025735785));
#2942=CARTESIAN_POINT('Ctrl Pts',(-15.4043787118241,2.66553602054701,13.193074802086));
#2943=CARTESIAN_POINT('Ctrl Pts',(-7.33108493230931,2.8466179066332,18.9105076067031));
#2944=CARTESIAN_POINT('Ctrl Pts',(2.48638883639687,3.02769979271939,20.1288344472203));
#2945=CARTESIAN_POINT('Ctrl Pts',(11.7123117350904,3.20878167880559,16.5581961188923));
#2946=CARTESIAN_POINT('Ctrl Pts',(18.1516921544514,3.38986356489177,9.04810351026976));
#2947=CARTESIAN_POINT('Ctrl Pts',(20.2725005886838,3.57094545097797,-0.614674712889057));
#2948=CARTESIAN_POINT('Ctrl Pts',(17.5701634827893,3.75202733706416,-10.1312121831975));
#2949=CARTESIAN_POINT('Ctrl Pts',(10.6876091760132,3.93310922315036,-17.2373755323239));
#2950=CARTESIAN_POINT('Ctrl Pts',(1.26230518174409,4.11419110923654,-20.2424971469901));
#2951=CARTESIAN_POINT('Ctrl Pts',(-8.46332099451028,4.29527299532274,-18.4316115105438));
#2952=CARTESIAN_POINT('Ctrl Pts',(-16.1753904938581,4.47635488140893,-12.2355566892794));
#2953=CARTESIAN_POINT('Ctrl Pts',(-20.0390811416455,4.65743676749512,-3.12847121226821));
#2954=CARTESIAN_POINT('Ctrl Pts',(-19.1351603923311,4.83851865358131,6.72292658646516));
#2955=CARTESIAN_POINT('Ctrl Pts',(-13.678685155786,5.01960053966751,14.9748348082962));
#2956=CARTESIAN_POINT('Ctrl Pts',(-4.96783638858874,5.2006824257537,19.6639951877403));
#2957=CARTESIAN_POINT('Ctrl Pts',(4.9249384967591,5.38176431183989,19.6747829957575));
#2958=CARTESIAN_POINT('Ctrl Pts',(13.645993344591,5.56284619792608,15.0046316438129));
#2959=CARTESIAN_POINT('Ctrl Pts',(19.1204525559076,5.74392808401228,6.76464331538419));
#2960=CARTESIAN_POINT('Ctrl Pts',(20.0458565047286,5.92500997009847,-3.08475965334825));
#2961=CARTESIAN_POINT('Ctrl Pts',(16.2020370914226,6.10609185618466,-12.200249965278));
#2962=CARTESIAN_POINT('Ctrl Pts',(8.50349918343763,6.28717374227085,-18.4131096440653));
#2963=CARTESIAN_POINT('Ctrl Pts',(-1.21815442209375,6.46825562835705,-20.2452020224801));
#2964=CARTESIAN_POINT('Ctrl Pts',(-10.6499900032789,6.64933751444323,-17.2606436165386));
#2965=CARTESIAN_POINT('Ctrl Pts',(-17.5480260873922,6.83041940052943,-10.169507636228));
#2966=CARTESIAN_POINT('Ctrl Pts',(-20.2711118043081,7.01150128661562,-0.658886442672084));
#2967=CARTESIAN_POINT('Ctrl Pts',(-18.1713823937892,7.19258317270182,9.0084941597242));
#2968=CARTESIAN_POINT('Ctrl Pts',(-11.7483963833761,7.373665058788,16.5326128469209));
#2969=CARTESIAN_POINT('Ctrl Pts',(-2.53028278707465,7.5547469448742,20.1233638873955));
#2970=CARTESIAN_POINT('Ctrl Pts',(7.289824731415,7.73582883096039,18.9264513449391));
#2971=CARTESIAN_POINT('Ctrl Pts',(15.3755687216277,7.91691071704658,13.2266394678921));
#2972=CARTESIAN_POINT('Ctrl Pts',(19.8032239923149,8.09799260313278,4.3800028124766));
#2973=CARTESIAN_POINT('Ctrl Pts',(19.5193819774008,8.27907448921897,-5.50870514253737));
#2974=CARTESIAN_POINT('Ctrl Pts',(14.5915731397701,8.46015637530516,-14.0868058279312));
#2975=CARTESIAN_POINT('Ctrl Pts',(6.19220041600861,8.64123826139136,-19.3134346799082));
#2976=CARTESIAN_POINT('Ctrl Pts',(-3.68039381265753,8.82232014747754,-19.9450947982417));
#2977=CARTESIAN_POINT('Ctrl Pts',(-12.677364684995,9.00340203356374,-15.8315043432625));
#2978=CARTESIAN_POINT('Ctrl Pts',(-18.6581918564326,9.18448391964992,-7.95135094028995));
#2979=CARTESIAN_POINT('Ctrl Pts',(-20.1999428289682,9.36556580573612,1.82055344154225));
#2980=CARTESIAN_POINT('Ctrl Pts',(-16.9358108884531,9.54664769182232,11.1593196332774));
#2981=CARTESIAN_POINT('Ctrl Pts',(-9.64238416940256,9.7277295779085,17.8431088282494));
#2982=CARTESIAN_POINT('Ctrl Pts',(-0.054883169391776,9.9088114639947,20.2817428483061));
#2983=CARTESIAN_POINT('Ctrl Pts',(9.54567539658476,10.0898933500809,17.8950324489824));
#2984=CARTESIAN_POINT('Ctrl Pts',(16.8751682139897,10.2709752361671,11.2508134317769));
#2985=CARTESIAN_POINT('Ctrl Pts',(20.1897940953274,10.4520571222533,1.92984960952368));
#2986=CARTESIAN_POINT('Ctrl Pts',(18.7009516063686,10.6331390083395,-7.85025567375712));
#2987=CARTESIAN_POINT('Ctrl Pts',(12.7628597039932,10.8142208944257,-15.7626621261539));
#2988=CARTESIAN_POINT('Ctrl Pts',(3.78828349607186,10.9953027805118,-19.9248842727));
#2989=CARTESIAN_POINT('Ctrl Pts',(-6.08758471439193,11.1763846665981,-19.3466642466395));
#2990=CARTESIAN_POINT('Ctrl Pts',(-14.5151211345948,11.3574665526842,-14.1655696523343));
#2991=CARTESIAN_POINT('Ctrl Pts',(-19.489282798629,11.5385484387704,-5.61426407663197));
#2992=CARTESIAN_POINT('Ctrl Pts',(-19.8266387062021,11.7196303248566,4.27276289312042));
#2993=CARTESIAN_POINT('Ctrl Pts',(-15.4469266008537,11.9007122109428,13.1432326204376));
#2994=CARTESIAN_POINT('Ctrl Pts',(-7.39214861840131,12.081794097029,18.8867213653023));
#2995=CARTESIAN_POINT('Ctrl Pts',(2.42133734836081,12.2628759831152,20.1367631602631));
#2996=CARTESIAN_POINT('Ctrl Pts',(11.6587492198769,12.4439578692014,16.5959534753239));
#2997=CARTESIAN_POINT('Ctrl Pts',(18.1223619703877,12.6250397552876,9.10670641567763));
#2998=CARTESIAN_POINT('Ctrl Pts',(20.2743808478352,12.8061216413738,-0.549168793752879));
#2999=CARTESIAN_POINT('Ctrl Pts',(17.60280684117,12.98720352746,-10.0743881421929));
#3000=CARTESIAN_POINT('Ctrl Pts',(10.7432492676209,13.1682854135462,-17.2027526954514));
#3001=CARTESIAN_POINT('Ctrl Pts',(1.32770435672837,13.3493672996324,-20.2383128315634));
#3002=CARTESIAN_POINT('Ctrl Pts',(-8.40372222450401,13.5304491857185,-18.4588612297853));
#3003=CARTESIAN_POINT('Ctrl Pts',(-16.1357716101312,13.7115310718047,-12.2877573085078));
#3004=CARTESIAN_POINT('Ctrl Pts',(-20.028868097396,13.8926129578909,-3.19320338597595));
#3005=CARTESIAN_POINT('Ctrl Pts',(-19.1567830308307,14.0736948439771,6.66106365656161));
#3006=CARTESIAN_POINT('Ctrl Pts',(-13.7269991125212,14.2547767300633,14.9305592826249));
#3007=CARTESIAN_POINT('Ctrl Pts',(-5.03134701622199,14.4358586161495,19.6478409075747));
#3008=CARTESIAN_POINT('Ctrl Pts',(4.86134137169448,14.6169405022357,19.6905933174983));
#3009=CARTESIAN_POINT('Ctrl Pts',(13.5974404746559,14.7980223883219,15.0486450441582));
#3010=CARTESIAN_POINT('Ctrl Pts',(19.0984954296335,14.9791042744081,6.82638831678278));
#3011=CARTESIAN_POINT('Ctrl Pts',(20.0557190665117,15.1601861604943,-3.01997315428516));
#3012=CARTESIAN_POINT('Ctrl Pts',(16.2413728832612,15.3412680465805,-12.1478356916874));
#3013=CARTESIAN_POINT('Ctrl Pts',(8.56294960413083,15.5223499326666,-18.385537773175));
#3014=CARTESIAN_POINT('Ctrl Pts',(-1.15273355922371,15.7034318187529,-20.2490323338969));
#3015=CARTESIAN_POINT('Ctrl Pts',(-10.5941633464692,15.884513704839,-17.2949648201402));
#3016=CARTESIAN_POINT('Ctrl Pts',(-17.5150756732885,16.0655955909252,-10.2261541779835));
#3017=CARTESIAN_POINT('Ctrl Pts',(-20.2688770522603,16.2466774770114,-0.724381226431044));
#3018=CARTESIAN_POINT('Ctrl Pts',(-18.2003949872371,16.4277593630976,8.949733376536));
#3019=CARTESIAN_POINT('Ctrl Pts',(-11.8017537699613,16.6088412491838,16.4945661611587));
#3020=CARTESIAN_POINT('Ctrl Pts',(-2.59529041193477,16.78992313527,20.1150832294346));
#3021=CARTESIAN_POINT('Ctrl Pts',(7.22863320760201,16.9710050213562,18.949906759081));
#3022=CARTESIAN_POINT('Ctrl Pts',(15.3327517080072,17.1520869074424,13.2762506488594));
#3023=CARTESIAN_POINT('Ctrl Pts',(19.7889683530402,17.3331687935286,4.44396627764918));
#3024=CARTESIAN_POINT('Ctrl Pts',(19.5370793022849,17.5142506796148,-5.44560690336535));
#3025=CARTESIAN_POINT('Ctrl Pts',(14.6370130557149,17.695332565701,-14.0395856554492));
#3026=CARTESIAN_POINT('Ctrl Pts',(6.25457186428875,17.8764144517872,-19.2933254700761));
#3027=CARTESIAN_POINT('Ctrl Pts',(-3.61592960493072,18.0574963378733,-19.956883817376));
#3028=CARTESIAN_POINT('Ctrl Pts',(-12.6261454883544,18.2385782239595,-15.8723810062782));
#3029=CARTESIAN_POINT('Ctrl Pts',(-18.6324021055456,18.4196601100457,-8.01160134592255));
#3030=CARTESIAN_POINT('Ctrl Pts',(-20.2057210688615,18.6007419961319,1.75528584181161));
#3031=CARTESIAN_POINT('Ctrl Pts',(-16.9717770041185,18.7818238822181,11.1045200537659));
#3032=CARTESIAN_POINT('Ctrl Pts',(-9.6999917534431,18.9629057683043,17.811898752243));
#3033=CARTESIAN_POINT('Ctrl Pts',(-0.120406003808453,19.1439876543905,20.2813841918288));
#3034=CARTESIAN_POINT('Ctrl Pts',(9.48778626681758,19.3250695404767,17.9259293994943));
#3035=CARTESIAN_POINT('Ctrl Pts',(16.8387637523349,19.5061514265629,11.3049923696072));
#3036=CARTESIAN_POINT('Ctrl Pts',(20.1833796601026,19.6872333126491,1.99564438895394));
#3037=CARTESIAN_POINT('Ctrl Pts',(18.7263913101808,19.8683151987353,-7.79098328287945));
#3038=CARTESIAN_POINT('Ctrl Pts',(14.784178957705,19.9890364561261,-13.0757467257748));
#3039=CARTESIAN_POINT('Ctrl Pts',(12.3046217852882,20.0493970848215,-15.0967168192628));
#3040=CARTESIAN_POINT('Ctrl Pts',(-12.2399149882937,-0.116452361636509,
-15.1843984420685));
#3041=CARTESIAN_POINT('Ctrl Pts',(-14.7338865836648,-0.0560917329411117,
-13.1740454849181));
#3042=CARTESIAN_POINT('Ctrl Pts',(-18.710202331724,0.0646295244496833,-7.90331604463506));
#3043=CARTESIAN_POINT('Ctrl Pts',(-20.222268946856,0.245711410535876,1.88903648636897));
#3044=CARTESIAN_POINT('Ctrl Pts',(-16.9234491460361,0.426793296622067,11.2294528566976));
#3045=CARTESIAN_POINT('Ctrl Pts',(-9.59813440529655,0.60787518270826,17.8994401238412));
#3046=CARTESIAN_POINT('Ctrl Pts',(0.0106561056565439,0.788957068794451,
20.3102423851279));
#3047=CARTESIAN_POINT('Ctrl Pts',(9.61694751030237,0.970038954880646,17.8892411478903));
#3048=CARTESIAN_POINT('Ctrl Pts',(16.9351978934879,1.15112084096684,11.2119443770231));
#3049=CARTESIAN_POINT('Ctrl Pts',(20.2243088340885,1.33220272705303,1.86723483302205));
#3050=CARTESIAN_POINT('Ctrl Pts',(18.7017349388924,1.51328461313922,-7.92176244948351));
#3051=CARTESIAN_POINT('Ctrl Pts',(12.7297277594186,1.69436649922541,-15.8260261095939));
#3052=CARTESIAN_POINT('Ctrl Pts',(3.72911760322673,1.87544838531161,-19.9650415670363));
#3053=CARTESIAN_POINT('Ctrl Pts',(-6.15870740624213,2.0565302713978,-19.3540549632952));
#3054=CARTESIAN_POINT('Ctrl Pts',(-14.5812797591424,2.23761215748399,-14.1384384179657));
#3055=CARTESIAN_POINT('Ctrl Pts',(-19.5347370099062,2.41869404357018,-5.55906430186964));
#3056=CARTESIAN_POINT('Ctrl Pts',(-19.8405743235936,2.59977592965638,4.34289752978763));
#3057=CARTESIAN_POINT('Ctrl Pts',(-15.4260280772601,2.78085781574257,13.2116163936104));
#3058=CARTESIAN_POINT('Ctrl Pts',(-7.341388063306,2.96193970182876,18.9370844968844));
#3059=CARTESIAN_POINT('Ctrl Pts',(2.48988321545733,3.14302158791495,20.1571235782214));
#3060=CARTESIAN_POINT('Ctrl Pts',(11.728772257028,3.32410347400114,16.5814670627884));
#3061=CARTESIAN_POINT('Ctrl Pts',(18.1772026029958,3.50518536008734,9.06081974507712));
#3062=CARTESIAN_POINT('Ctrl Pts',(20.3009916284941,3.68626724617352,-0.61553857878653));
#3063=CARTESIAN_POINT('Ctrl Pts',(17.5948566490195,3.86734913225972,-10.1454506225135));
#3064=CARTESIAN_POINT('Ctrl Pts',(10.702629577523,4.04843101834591,-17.2616009972696));
#3065=CARTESIAN_POINT('Ctrl Pts',(1.2640792296462,4.22951290443211,-20.2709460198508));
#3066=CARTESIAN_POINT('Ctrl Pts',(-8.47521537400302,4.4105947905183,-18.457515358706));
#3067=CARTESIAN_POINT('Ctrl Pts',(-16.198123441494,4.59167667660449,-12.2527525813729));
#3068=CARTESIAN_POINT('Ctrl Pts',(-20.0672441329764,4.77275856269069,-3.13286797612238));
#3069=CARTESIAN_POINT('Ctrl Pts',(-19.1620530104328,4.95384044877687,6.73237500986529));
#3070=CARTESIAN_POINT('Ctrl Pts',(-13.6979092254296,5.13492233486307,14.9958804909754));
#3071=CARTESIAN_POINT('Ctrl Pts',(-4.9748182023834,5.31600422094926,19.6916310320234));
#3072=CARTESIAN_POINT('Ctrl Pts',(4.93186002171379,5.49708610703545,19.7024340012619));
#3073=CARTESIAN_POINT('Ctrl Pts',(13.6651714690544,5.67816799312165,15.025719203064));
#3074=CARTESIAN_POINT('Ctrl Pts',(19.1473245035669,5.85924987920782,6.77415036761388));
#3075=CARTESIAN_POINT('Ctrl Pts',(20.0740290181775,6.04033176529404,-3.08909498483183));
#3076=CARTESIAN_POINT('Ctrl Pts',(16.224807488275,6.22141365138021,-12.2173962371844));
#3077=CARTESIAN_POINT('Ctrl Pts',(8.51545002949161,6.40249553746641,-18.4389874896421));
#3078=CARTESIAN_POINT('Ctrl Pts',(-1.21986642037285,6.5835774235526,-20.2736546967831));
#3079=CARTESIAN_POINT('Ctrl Pts',(-10.6649575346751,6.76465930963879,-17.2849017825246));
#3080=CARTESIAN_POINT('Ctrl Pts',(-17.5726881416592,6.94574119572499,-10.1837998961064));
#3081=CARTESIAN_POINT('Ctrl Pts',(-20.2996008923048,7.12682308181118,-0.659812443871525));
#3082=CARTESIAN_POINT('Ctrl Pts',(-18.1969205150839,7.30790496789737,9.02115472739856));
#3083=CARTESIAN_POINT('Ctrl Pts',(-11.7649076187546,7.48898685398357,16.5558478360403));
#3084=CARTESIAN_POINT('Ctrl Pts',(-2.53383885492496,7.67006874006976,20.1516453299779));
#3085=CARTESIAN_POINT('Ctrl Pts',(7.30006987535471,7.85115062615595,18.9530506426508));
#3086=CARTESIAN_POINT('Ctrl Pts',(15.3971775970824,8.03223251224214,13.2452282310216));
#3087=CARTESIAN_POINT('Ctrl Pts',(19.8310555092233,8.21331439832833,4.38615848300687));
#3088=CARTESIAN_POINT('Ctrl Pts',(19.5468145817968,8.39439628441453,-5.51644709507889));
#3089=CARTESIAN_POINT('Ctrl Pts',(14.6120801852248,8.57547817050071,-14.1066034717259));
#3090=CARTESIAN_POINT('Ctrl Pts',(6.20090295508233,8.75656005658692,-19.3405778452868));
#3091=CARTESIAN_POINT('Ctrl Pts',(-3.68556625037103,8.93764194267309,-19.973125700853));
#3092=CARTESIAN_POINT('Ctrl Pts',(-12.6951814955164,9.11872382875931,-15.8537539921573));
#3093=CARTESIAN_POINT('Ctrl Pts',(-18.6844141413663,9.29980571484548,-7.96252579536534));
#3094=CARTESIAN_POINT('Ctrl Pts',(-20.2283318958501,9.48088760093168,1.82311205340821));
#3095=CARTESIAN_POINT('Ctrl Pts',(-16.959612533442,9.66196948701788,11.1750029782308));
#3096=CARTESIAN_POINT('Ctrl Pts',(-9.65593560820627,9.84305137310405,17.8681855927825));
#3097=CARTESIAN_POINT('Ctrl Pts',(-0.0549603023807092,10.0241332591903,
20.3102468772073));
#3098=CARTESIAN_POINT('Ctrl Pts',(9.5590909205573,10.2052151452764,17.9201821871449));
#3099=CARTESIAN_POINT('Ctrl Pts',(16.898884631562,10.3862970313626,11.2666253624191));
#3100=CARTESIAN_POINT('Ctrl Pts',(20.2181688991452,10.5673789174488,1.93256182658789));
#3101=CARTESIAN_POINT('Ctrl Pts',(18.7272339859972,10.748460803535,-7.86128844920846));
#3102=CARTESIAN_POINT('Ctrl Pts',(12.7807966694988,10.9295426896212,-15.7848150239677));
#3103=CARTESIAN_POINT('Ctrl Pts',(3.7936075623055,11.1106245757074,-19.9528867713714));
#3104=CARTESIAN_POINT('Ctrl Pts',(-6.09614022621039,11.2917064617936,-19.3738541129618));
#3105=CARTESIAN_POINT('Ctrl Pts',(-14.535520734147,11.4727883478798,-14.1854779910699));
#3106=CARTESIAN_POINT('Ctrl Pts',(-19.516673101539,11.653870233966,-5.62215438205081));
#3107=CARTESIAN_POINT('Ctrl Pts',(-19.8545031302273,11.8349521200522,4.27876784831113));
#3108=CARTESIAN_POINT('Ctrl Pts',(-15.4686357629094,12.0160340061384,13.1617041633061));
#3109=CARTESIAN_POINT('Ctrl Pts',(-7.40253756867236,12.1971158922246,18.9132648263683));
#3110=CARTESIAN_POINT('Ctrl Pts',(2.42474030392896,12.3781977783107,20.1650634342283));
#3111=CARTESIAN_POINT('Ctrl Pts',(11.6751344648335,12.559279664397,16.6192774835732));
#3112=CARTESIAN_POINT('Ctrl Pts',(18.1478311982162,12.7403615504831,9.11950501118342));
#3113=CARTESIAN_POINT('Ctrl Pts',(20.3028745301564,12.9214434365693,-0.549940597403387));
#3114=CARTESIAN_POINT('Ctrl Pts',(17.6275458844907,13.1025253226555,-10.0885467208178));
#3115=CARTESIAN_POINT('Ctrl Pts',(10.7583478658976,13.2836072087417,-17.2269295013442));
#3116=CARTESIAN_POINT('Ctrl Pts',(1.32957031685022,13.4646890948279,-20.2667558237746));
#3117=CARTESIAN_POINT('Ctrl Pts',(-8.41553284368782,13.6457709809141,-18.4848033747929));
#3118=CARTESIAN_POINT('Ctrl Pts',(-16.1584488772555,13.8268528670003,-12.3050265635256));
#3119=CARTESIAN_POINT('Ctrl Pts',(-20.0570167352807,14.0079347530865,-3.19769112464231));
#3120=CARTESIAN_POINT('Ctrl Pts',(-19.1837060374603,14.1890166391727,6.67042513759407));
#3121=CARTESIAN_POINT('Ctrl Pts',(-13.7462910827605,14.3700985252589,14.951542740333));
#3122=CARTESIAN_POINT('Ctrl Pts',(-5.03841808806405,14.5511804113451,19.6754540485786));
#3123=CARTESIAN_POINT('Ctrl Pts',(4.86817351703791,14.7322622974312,19.7182665428815));
#3124=CARTESIAN_POINT('Ctrl Pts',(13.6165503627543,14.9133441835175,15.0697944599885));
#3125=CARTESIAN_POINT('Ctrl Pts',(19.1253365186745,15.0944260696036,6.83598214564304));
#3126=CARTESIAN_POINT('Ctrl Pts',(20.0839054408375,15.2755079556898,-3.02421743460755));
#3127=CARTESIAN_POINT('Ctrl Pts',(16.2641985627667,15.456589841776,-12.1649083003989));
#3128=CARTESIAN_POINT('Ctrl Pts',(8.57498400200312,15.6376717278622,-18.4113768691534));
#3129=CARTESIAN_POINT('Ctrl Pts',(-1.15435361480285,15.8187536139484,-20.2774903913309));
#3130=CARTESIAN_POINT('Ctrl Pts',(-10.6090524188991,15.9998355000346,-17.3192712212627));
#3131=CARTESIAN_POINT('Ctrl Pts',(-17.539691418928,16.1809173861208,-10.2405260490949));
#3132=CARTESIAN_POINT('Ctrl Pts',(-20.2973629995404,16.361999272207,-0.725399274227854));
#3133=CARTESIAN_POINT('Ctrl Pts',(-18.2259738829049,16.5430811582932,8.96231136163015));
#3134=CARTESIAN_POINT('Ctrl Pts',(-11.8183399940322,16.7241630443794,16.5177476793001));
#3135=CARTESIAN_POINT('Ctrl Pts',(-2.59893784163236,16.9052449304655,20.1433530344289));
#3136=CARTESIAN_POINT('Ctrl Pts',(7.23879235260462,17.0863268165518,18.9765390209612));
#3137=CARTESIAN_POINT('Ctrl Pts',(15.354300408612,17.2674087026379,13.2949091359974));
#3138=CARTESIAN_POINT('Ctrl Pts',(19.8167798343948,17.4484905887241,4.45021184208125));
#3139=CARTESIAN_POINT('Ctrl Pts',(19.5645367797907,17.6295724748103,-5.45326017632954));
#3140=CARTESIAN_POINT('Ctrl Pts',(14.6575839601789,17.8106543608965,-14.0593169380055));
#3141=CARTESIAN_POINT('Ctrl Pts',(6.26336206508368,17.9917362469827,-19.3204403697128));
#3142=CARTESIAN_POINT('Ctrl Pts',(-3.62101145355985,18.1728181330689,-19.9849312964886));
#3143=CARTESIAN_POINT('Ctrl Pts',(-12.6438902974448,18.3539000191551,-15.8946880874285));
#3144=CARTESIAN_POINT('Ctrl Pts',(-18.6585881801955,18.5349819052413,-8.02286090821124));
#3145=CARTESIAN_POINT('Ctrl Pts',(-20.2341181887915,18.7160637913275,1.757752787015));
#3146=CARTESIAN_POINT('Ctrl Pts',(-16.9956293280583,18.8971456774137,11.1201262649441));
#3147=CARTESIAN_POINT('Ctrl Pts',(-9.71362389659376,19.0782275634999,17.8369318846826));
#3148=CARTESIAN_POINT('Ctrl Pts',(-0.12057572514261,19.2593094495861,20.3098872667906));
#3149=CARTESIAN_POINT('Ctrl Pts',(9.50112141348987,19.4403913356722,17.9511234382486));
#3150=CARTESIAN_POINT('Ctrl Pts',(16.8624270890392,19.6214732217585,11.3208787258809));
#3151=CARTESIAN_POINT('Ctrl Pts',(20.2117492534988,19.8025551078446,1.99845248117169));
#3152=CARTESIAN_POINT('Ctrl Pts',(18.7527013533431,19.9836369939309,-7.80193999898489));
#3153=CARTESIAN_POINT('Ctrl Pts',(14.8049692198777,20.1043582513216,-13.0941122149408));
#3154=CARTESIAN_POINT('Ctrl Pts',(12.3219142529861,20.164718880017,-15.1179331957185));
#3155=CARTESIAN_POINT('Ctrl Pts',(-12.2931506945316,-0.0304120472188842,
-15.2504407451102));
#3156=CARTESIAN_POINT('Ctrl Pts',(-14.7979399132062,0.0299485814765134,
-13.2313678646704));
#3157=CARTESIAN_POINT('Ctrl Pts',(-18.7915961626647,0.150669838867309,-7.93767350832322));
#3158=CARTESIAN_POINT('Ctrl Pts',(-20.3102123542721,0.331751724953501,1.89724481065424));
#3159=CARTESIAN_POINT('Ctrl Pts',(-16.9970580101879,0.512833611039693,11.2782965363817));
#3160=CARTESIAN_POINT('Ctrl Pts',(-9.63987701381363,0.693915497125886,17.977287551855));
#3161=CARTESIAN_POINT('Ctrl Pts',(0.0107013199861103,0.874997383212077,
20.3985779872673));
#3162=CARTESIAN_POINT('Ctrl Pts',(9.65877473107862,1.05607926929827,17.9670456605036));
#3163=CARTESIAN_POINT('Ctrl Pts',(17.0088532369652,1.23716115538446,11.2607083430143));
#3164=CARTESIAN_POINT('Ctrl Pts',(20.3122698384135,1.41824304147065,1.87535579449931));
#3165=CARTESIAN_POINT('Ctrl Pts',(18.7830736370895,1.59932492755685,-7.95621621384505));
#3166=CARTESIAN_POINT('Ctrl Pts',(12.7850927420635,1.78040681364304,-15.8948577056019));
#3167=CARTESIAN_POINT('Ctrl Pts',(3.74533649839042,1.96148869972923,-20.0518747788693));
#3168=CARTESIAN_POINT('Ctrl Pts',(-6.18549323810195,2.14257058581542,-19.4382308608487));
#3169=CARTESIAN_POINT('Ctrl Pts',(-14.6446975949377,2.32365247190162,-14.1999302098047));
#3170=CARTESIAN_POINT('Ctrl Pts',(-19.619698729207,2.5047343579878,-5.58324214075962));
#3171=CARTESIAN_POINT('Ctrl Pts',(-19.9268662142073,2.685816244074,4.36178593751657));
#3172=CARTESIAN_POINT('Ctrl Pts',(-15.4931199400935,2.86689813016019,13.2690771962303));
#3173=CARTESIAN_POINT('Ctrl Pts',(-7.37331769610587,3.04798001624638,19.0194468709238));
#3174=CARTESIAN_POINT('Ctrl Pts',(2.50071237427237,3.22906190233257,20.2447922234182));
#3175=CARTESIAN_POINT('Ctrl Pts',(11.7797837800568,3.41014378841877,16.653584235246));
#3176=CARTESIAN_POINT('Ctrl Pts',(18.2562600500363,3.59122567450496,9.10022763921338));
#3177=CARTESIAN_POINT('Ctrl Pts',(20.3892859939199,3.77230756059115,-0.61821571834478));
#3178=CARTESIAN_POINT('Ctrl Pts',(17.6713813199191,3.95338944667734,-10.1895758623819));
#3179=CARTESIAN_POINT('Ctrl Pts',(10.7491781355622,4.13447133276354,-17.3366762514493));
#3180=CARTESIAN_POINT('Ctrl Pts',(1.2695770435252,4.31555321884973,-20.3591097090312));
#3181=CARTESIAN_POINT('Ctrl Pts',(-8.51207632036678,4.49663510493592,-18.5377919597805));
#3182=CARTESIAN_POINT('Ctrl Pts',(-16.2685733513765,4.67771699102212,-12.3060430330918));
#3183=CARTESIAN_POINT('Ctrl Pts',(-20.1545218689371,4.85879887710831,-3.14649364500835));
#3184=CARTESIAN_POINT('Ctrl Pts',(-19.2453938315248,5.0398807631945,6.76165588394039));
#3185=CARTESIAN_POINT('Ctrl Pts',(-13.7574850444442,5.22096264928069,15.061101529266));
#3186=CARTESIAN_POINT('Ctrl Pts',(-4.99645499847953,5.40204453536688,19.7772751275678));
#3187=CARTESIAN_POINT('Ctrl Pts',(4.95330998135523,5.58312642145308,19.7881250817681));
#3188=CARTESIAN_POINT('Ctrl Pts',(13.7246049029343,5.76420830753926,15.0910700177811));
#3189=CARTESIAN_POINT('Ctrl Pts',(19.2306012664993,5.94529019362546,6.80361293373517));
#3190=CARTESIAN_POINT('Ctrl Pts',(20.1613362633925,6.12637207971165,-3.10253027343728));
#3191=CARTESIAN_POINT('Ctrl Pts',(16.2953734541138,6.30745396579784,-12.270532914839));
#3192=CARTESIAN_POINT('Ctrl Pts',(8.55248596697916,6.48853585188403,-18.5191835081302));
#3193=CARTESIAN_POINT('Ctrl Pts',(-1.22517194108305,6.66961773797023,-20.3618301667106));
#3194=CARTESIAN_POINT('Ctrl Pts',(-10.7113422470736,6.85069962405642,-17.3600783779693));
#3195=CARTESIAN_POINT('Ctrl Pts',(-17.6491163958618,7.03178151014262,-10.2280919270656));
#3196=CARTESIAN_POINT('Ctrl Pts',(-20.3878892090779,7.2128633962288,-0.662682142165824));
#3197=CARTESIAN_POINT('Ctrl Pts',(-18.2760637204728,7.393945282315,9.06039010795891));
#3198=CARTESIAN_POINT('Ctrl Pts',(-11.8160763040978,7.57502716840118,16.6278535836385));
#3199=CARTESIAN_POINT('Ctrl Pts',(-2.54485918821439,7.75610905448739,20.2392901489984));
#3200=CARTESIAN_POINT('Ctrl Pts',(7.33181980408685,7.93719094057356,19.0354824573369));
#3201=CARTESIAN_POINT('Ctrl Pts',(15.4641439822994,8.11827282665977,13.3028352210308));
#3202=CARTESIAN_POINT('Ctrl Pts',(19.9173059985818,8.29935471274596,4.40523504276879));
#3203=CARTESIAN_POINT('Ctrl Pts',(19.6318288324148,8.48043659883215,-5.5404395780433));
#3204=CARTESIAN_POINT('Ctrl Pts',(14.6756319747872,8.66151848491835,-14.1679568097798));
#3205=CARTESIAN_POINT('Ctrl Pts',(6.22787231705562,8.84260037100454,-19.4246951179583));
#3206=CARTESIAN_POINT('Ctrl Pts',(-3.70159574978472,9.02368225709073,-20.0599940909353));
#3207=CARTESIAN_POINT('Ctrl Pts',(-12.7503961872395,9.20476414317692,-15.9227061485041));
#3208=CARTESIAN_POINT('Ctrl Pts',(-18.7656775850757,9.38584602926312,-7.99715691956652));
#3209=CARTESIAN_POINT('Ctrl Pts',(-20.3163102449658,9.5669279153493,1.83104124843713));
#3210=CARTESIAN_POINT('Ctrl Pts',(-17.0333743601718,9.7480098014355,11.2236060127494));
#3211=CARTESIAN_POINT('Ctrl Pts',(-9.69793181819294,9.92909168752169,17.9458990433152));
#3212=CARTESIAN_POINT('Ctrl Pts',(-0.0551993392274071,10.1101735736079,
20.3985814961759));
#3213=CARTESIAN_POINT('Ctrl Pts',(9.60066592746188,10.2912554596941,17.9981217845767));
#3214=CARTESIAN_POINT('Ctrl Pts',(16.9723823366341,10.4723373457803,11.3156268868451));
#3215=CARTESIAN_POINT('Ctrl Pts',(20.3061030467086,10.6534192318664,1.94096704753951));
#3216=CARTESIAN_POINT('Ctrl Pts',(18.8086836645014,10.8345011179527,-7.89547926549747));
#3217=CARTESIAN_POINT('Ctrl Pts',(12.8363837241881,11.0155830040388,-15.8534673465643));
#3218=CARTESIAN_POINT('Ctrl Pts',(3.81010696187257,11.196664890125,-20.0396671370128));
#3219=CARTESIAN_POINT('Ctrl Pts',(-6.12265394745254,11.3777467762112,-19.4581161128956));
#3220=CARTESIAN_POINT('Ctrl Pts',(-14.5987395464699,11.5588286622974,-14.2471743752057));
#3221=CARTESIAN_POINT('Ctrl Pts',(-19.6015562589118,11.7399105483836,-5.64660661387861));
#3222=CARTESIAN_POINT('Ctrl Pts',(-19.9408555994722,11.9209924344698,4.29737733788657));
#3223=CARTESIAN_POINT('Ctrl Pts',(-15.5359129385313,12.102074320556,13.2189478851216));
#3224=CARTESIAN_POINT('Ctrl Pts',(-7.43473315642088,12.2831562066422,18.9955236020489));
#3225=CARTESIAN_POINT('Ctrl Pts',(2.43528613885357,12.4642380927284,20.2527666121221));
#3226=CARTESIAN_POINT('Ctrl Pts',(11.7259127030595,12.6453199788146,16.6915591034334));
#3227=CARTESIAN_POINT('Ctrl Pts',(18.2267609012224,12.8264018649008,9.1591681430604));
#3228=CARTESIAN_POINT('Ctrl Pts',(20.3911770848438,13.007483750987,-0.552332434066943));
#3229=CARTESIAN_POINT('Ctrl Pts',(17.7042127294814,13.1885656370731,-10.1324244706019));
#3230=CARTESIAN_POINT('Ctrl Pts',(10.8051387574713,13.3696475231593,-17.3018539600522));
#3231=CARTESIAN_POINT('Ctrl Pts',(1.33535296873233,13.5507294092455,-20.3549012886843));
#3232=CARTESIAN_POINT('Ctrl Pts',(-8.45213421498867,13.7318112953317,-18.5651986586461));
#3233=CARTESIAN_POINT('Ctrl Pts',(-16.228726231998,13.9128931814179,-12.3585443685754));
#3234=CARTESIAN_POINT('Ctrl Pts',(-20.1442499895916,14.0939750675041,-3.21159872649385));
#3235=CARTESIAN_POINT('Ctrl Pts',(-19.2671410332765,14.2750569535903,6.69943657534027));
#3236=CARTESIAN_POINT('Ctrl Pts',(-13.8060773272296,14.4561388396765,15.0165709420552));
#3237=CARTESIAN_POINT('Ctrl Pts',(-5.06033149683274,14.6372207257627,19.7610277861567));
#3238=CARTESIAN_POINT('Ctrl Pts',(4.88934648727799,14.8183026118489,19.8040264832858));
#3239=CARTESIAN_POINT('Ctrl Pts',(13.6757723306228,14.9993844979351,15.1353369696197));
#3240=CARTESIAN_POINT('Ctrl Pts',(19.2085176500627,15.1804663840213,6.86571363447025));
#3241=CARTESIAN_POINT('Ctrl Pts',(20.1712556412193,15.3615482701075,-3.03737055364007));
#3242=CARTESIAN_POINT('Ctrl Pts',(16.334935850774,15.5426301561937,-12.2178166941775));
#3243=CARTESIAN_POINT('Ctrl Pts',(8.61227886843652,15.7237120422798,-18.4914528017712));
#3244=CARTESIAN_POINT('Ctrl Pts',(-1.15937420305102,15.9047939283661,-20.3656825437085));
#3245=CARTESIAN_POINT('Ctrl Pts',(-10.6551939852016,16.0858758144522,-17.3945972984527));
#3246=CARTESIAN_POINT('Ctrl Pts',(-17.6159761616962,16.2669577005384,-10.2850647970625));
#3247=CARTESIAN_POINT('Ctrl Pts',(-20.3856415831022,16.4480395866246,-0.72855422691793));
#3248=CARTESIAN_POINT('Ctrl Pts',(-18.3052434491012,16.6291214727108,9.00129081683235));
#3249=CARTESIAN_POINT('Ctrl Pts',(-11.8697410707665,16.810203358797,16.5895877193583));
#3250=CARTESIAN_POINT('Ctrl Pts',(-2.61024130777066,16.9912852448832,20.2309617878988));
#3251=CARTESIAN_POINT('Ctrl Pts',(7.27027576960493,17.1723671309694,19.059072993131));
#3252=CARTESIAN_POINT('Ctrl Pts',(15.4210803089053,17.3534490170555,13.3527322007123));
#3253=CARTESIAN_POINT('Ctrl Pts',(19.9029682364941,17.5345309031418,4.46956698805811));
#3254=CARTESIAN_POINT('Ctrl Pts',(19.6496281061614,17.715612789228,-5.47697784519464));
#3255=CARTESIAN_POINT('Ctrl Pts',(14.721333663038,17.8966946753141,-14.1204646096366));
#3256=CARTESIAN_POINT('Ctrl Pts',(6.2906030677003,18.0777765614003,-19.4044700685924));
#3257=CARTESIAN_POINT('Ctrl Pts',(-3.63676016667267,18.2588584474865,-20.0718510138884));
#3258=CARTESIAN_POINT('Ctrl Pts',(-12.6988819501415,18.4399403335727,-15.963818312699));
#3259=CARTESIAN_POINT('Ctrl Pts',(-18.7397392221385,18.6210222196589,-8.05775437600455));
#3260=CARTESIAN_POINT('Ctrl Pts',(-20.3221218558529,18.8021041057451,1.76539758138281));
#3261=CARTESIAN_POINT('Ctrl Pts',(-17.0695475052097,18.9831859918313,11.1684908913622));
#3262=CARTESIAN_POINT('Ctrl Pts',(-9.7558715856744,19.1642678779175,17.9145088873844));
#3263=CARTESIAN_POINT('Ctrl Pts',(-0.121099014323618,19.3453497640037,20.3982213305378));
#3264=CARTESIAN_POINT('Ctrl Pts',(9.54244209754787,19.5264316500899,18.0291956386989));
#3265=CARTESIAN_POINT('Ctrl Pts',(16.935770531393,19.7075135361761,11.370120064109));
#3266=CARTESIAN_POINT('Ctrl Pts',(20.2996469492165,19.8885954222622,2.007136638186));
#3267=CARTESIAN_POINT('Ctrl Pts',(18.8342799361084,20.0696773083485,-7.83585645310823));
#3268=CARTESIAN_POINT('Ctrl Pts',(14.8693318421651,20.1903985657393,-13.1510870962316));
#3269=CARTESIAN_POINT('Ctrl Pts',(12.3755066029401,20.2507591944347,-15.1836864179672));
#3270=CARTESIAN_POINT('Ctrl Pts',(-12.3298145137362,0.,-15.295924560949));
#3271=CARTESIAN_POINT('Ctrl Pts',(-14.8420961537449,0.0603606286953975,
-13.2708121524676));
#3272=CARTESIAN_POINT('Ctrl Pts',(-18.8476289990268,0.181081886086193,-7.96135983486961));
#3273=CARTESIAN_POINT('Ctrl Pts',(-20.3707944525819,0.362163772172385,1.90290904373864));
#3274=CARTESIAN_POINT('Ctrl Pts',(-17.0477489439372,0.543245658258577,11.3119314881044));
#3275=CARTESIAN_POINT('Ctrl Pts',(-9.6686298326001,0.72432754434477,18.0309067185706));
#3276=CARTESIAN_POINT('Ctrl Pts',(0.0107340795692003,0.905409430430961,
20.4594165101678));
#3277=CARTESIAN_POINT('Ctrl Pts',(9.6875818364365,1.08649131651715,18.0206332065553));
#3278=CARTESIAN_POINT('Ctrl Pts',(17.0595827889341,1.26757320260334,11.2942934912422));
#3279=CARTESIAN_POINT('Ctrl Pts',(20.3728515779867,1.44865508868954,1.88094919070643));
#3280=CARTESIAN_POINT('Ctrl Pts',(18.8390946825345,1.62973697477573,-7.97994587941422));
#3281=CARTESIAN_POINT('Ctrl Pts',(12.8232245712798,1.81081886086192,-15.9422644900582));
#3282=CARTESIAN_POINT('Ctrl Pts',(3.75650707354283,1.99190074694812,-20.1116800108013));
#3283=CARTESIAN_POINT('Ctrl Pts',(-6.20394163434028,2.17298263303431,-19.4962058639191));
#3284=CARTESIAN_POINT('Ctrl Pts',(-14.6883757680035,2.3540645191205,-14.2422818606046));
#3285=CARTESIAN_POINT('Ctrl Pts',(-19.6782149737551,2.53514640520669,-5.59989429834833));
#3286=CARTESIAN_POINT('Ctrl Pts',(-19.9862985903446,2.71622829129288,4.37479507230053));
#3287=CARTESIAN_POINT('Ctrl Pts',(-15.5393285586054,2.89731017737908,13.3086525515354));
#3288=CARTESIAN_POINT('Ctrl Pts',(-7.39530880038905,3.07839206346527,19.0761728469715));
#3289=CARTESIAN_POINT('Ctrl Pts',(2.50817081137157,3.25947394955146,20.3051728230194));
#3290=CARTESIAN_POINT('Ctrl Pts',(11.8149172800678,3.44055583563765,16.7032539669538));
#3291=CARTESIAN_POINT('Ctrl Pts',(18.3107098024993,3.62163772172384,9.12736929593289));
#3292=CARTESIAN_POINT('Ctrl Pts',(20.4500975497007,3.80271960781004,-0.620059562213921));
#3293=CARTESIAN_POINT('Ctrl Pts',(17.7240866569594,3.98380149389623,-10.2199665273983));
#3294=CARTESIAN_POINT('Ctrl Pts',(10.7812378283773,4.16488337998242,-17.3883833222605));
#3295=CARTESIAN_POINT('Ctrl Pts',(1.27336358882877,4.34596526606861,-20.4198312632656));
#3296=CARTESIAN_POINT('Ctrl Pts',(-8.53746380102356,4.52704715215481,-18.593081388249));
#3297=CARTESIAN_POINT('Ctrl Pts',(-16.317094778553,4.70812903824099,-12.3427461144219));
#3298=CARTESIAN_POINT('Ctrl Pts',(-20.2146332348201,4.88921092432719,-3.15587814105253));
#3299=CARTESIAN_POINT('Ctrl Pts',(-19.302793700284,5.07029281041338,6.78182269183907));
#3300=CARTESIAN_POINT('Ctrl Pts',(-13.7985170878991,5.25137469649958,15.1060216415127));
#3301=CARTESIAN_POINT('Ctrl Pts',(-5.01135705055933,5.43245658258577,19.8362613456037));
#3302=CARTESIAN_POINT('Ctrl Pts',(4.96808335234164,5.61353846867195,19.8471436600639));
#3303=CARTESIAN_POINT('Ctrl Pts',(13.7655388805444,5.79462035475815,15.1360795117949));
#3304=CARTESIAN_POINT('Ctrl Pts',(19.2879570160628,5.97570224084434,6.82390487958476));
#3305=CARTESIAN_POINT('Ctrl Pts',(20.2214679533779,6.15678412693053,-3.11178364762515));
#3306=CARTESIAN_POINT('Ctrl Pts',(16.3439748132667,6.33786601301673,-12.3071300863534));
#3307=CARTESIAN_POINT('Ctrl Pts',(8.57799397041964,6.51894789910291,-18.5744174364248));
#3308=CARTESIAN_POINT('Ctrl Pts',(-1.22882604705985,6.70002978518913,-20.4225598347805));
#3309=CARTESIAN_POINT('Ctrl Pts',(-10.7432890933994,6.88111167127529,-17.4118552462041));
#3310=CARTESIAN_POINT('Ctrl Pts',(-17.7017553272187,7.06219355736151,-10.2585974672176));
#3311=CARTESIAN_POINT('Ctrl Pts',(-20.4486965988938,7.24327544344768,-0.664658608239835));
#3312=CARTESIAN_POINT('Ctrl Pts',(-18.3305725379161,7.42435732953389,9.0874129482112));
#3313=CARTESIAN_POINT('Ctrl Pts',(-11.8513180473969,7.60543921562006,16.6774465730987));
#3314=CARTESIAN_POINT('Ctrl Pts',(-2.5524492944337,7.78652110170627,20.2996543383986));
#3315=CARTESIAN_POINT('Ctrl Pts',(7.35368714014675,7.96760298779245,19.0922562601689));
#3316=CARTESIAN_POINT('Ctrl Pts',(15.5102661787493,8.14868487387865,13.3425112600089));
#3317=CARTESIAN_POINT('Ctrl Pts',(19.9767098621951,8.32976675996485,4.41837376653414));
#3318=CARTESIAN_POINT('Ctrl Pts',(19.6903812532353,8.51084864605103,-5.55696407774598));
#3319=CARTESIAN_POINT('Ctrl Pts',(14.7194024144406,8.69193053213723,-14.2102130955479));
#3320=CARTESIAN_POINT('Ctrl Pts',(6.24644710210683,8.87301241822343,-19.4826297572915));
#3321=CARTESIAN_POINT('Ctrl Pts',(-3.71263585174866,9.05409430430961,-20.119823525355));
#3322=CARTESIAN_POINT('Ctrl Pts',(-12.7884245629734,9.23517619039581,-15.9701960180912));
#3323=CARTESIAN_POINT('Ctrl Pts',(-18.8216466881237,9.41625807648199,-8.0210086402248));
#3324=CARTESIAN_POINT('Ctrl Pts',(-20.3769041487298,9.59733996256819,1.83650237478626));
#3325=CARTESIAN_POINT('Ctrl Pts',(-17.084176825497,9.77842184865438,11.2570806985768));
#3326=CARTESIAN_POINT('Ctrl Pts',(-9.72685614255185,9.95950373474057,17.9994231363458));
#3327=CARTESIAN_POINT('Ctrl Pts',(-0.0553639726381238,10.1405856208268,
20.4594207760057));
#3328=CARTESIAN_POINT('Ctrl Pts',(9.62930015386738,10.321667506913,18.0518016332401));
#3329=CARTESIAN_POINT('Ctrl Pts',(17.0230028917227,10.5027493929991,11.3493760272325));
#3330=CARTESIAN_POINT('Ctrl Pts',(20.3666665072483,10.6838312790854,1.94675603033558));
#3331=CARTESIAN_POINT('Ctrl Pts',(18.8647810342577,10.8649131651715,-7.9190277300078));
#3332=CARTESIAN_POINT('Ctrl Pts',(12.874668559903,11.0459950512577,-15.9007507096918));
#3333=CARTESIAN_POINT('Ctrl Pts',(3.82147070124229,11.2270769373439,-20.0994359457838));
#3334=CARTESIAN_POINT('Ctrl Pts',(-6.14091491608311,11.4081588234301,-19.5161504311826));
#3335=CARTESIAN_POINT('Ctrl Pts',(-14.6422806525314,11.5892407095163,-14.2896669293453));
#3336=CARTESIAN_POINT('Ctrl Pts',(-19.6600183910242,11.7703225956025,-5.66344775942269));
#3337=CARTESIAN_POINT('Ctrl Pts',(-20.0003297003594,11.9514044816887,4.31019437334771));
#3338=CARTESIAN_POINT('Ctrl Pts',(-15.5822491876893,12.1324863677749,13.2583737280209));
#3339=CARTESIAN_POINT('Ctrl Pts',(-7.45690743412974,12.3135682538611,19.052178226595));
#3340=CARTESIAN_POINT('Ctrl Pts',(2.44254944071086,12.4946501399473,20.3131709954109));
#3341=CARTESIAN_POINT('Ctrl Pts',(11.760885531162,12.6757320260335,16.7413420962008));
#3342=CARTESIAN_POINT('Ctrl Pts',(18.2811226717733,12.8568139121196,9.18648559127452));
#3343=CARTESIAN_POINT('Ctrl Pts',(20.4519942808315,13.0378957982058,-0.553979779374827));
#3344=CARTESIAN_POINT('Ctrl Pts',(17.7570159870322,13.218977684292,-10.1626446801707));
#3345=CARTESIAN_POINT('Ctrl Pts',(10.8373653542367,13.4000595703782,-17.3534571725034));
#3346=CARTESIAN_POINT('Ctrl Pts',(1.3393356923816,13.5811414564644,-20.415610291202));
#3347=CARTESIAN_POINT('Ctrl Pts',(-8.47734291681731,13.7622233425506,-18.6205698282787));
#3348=CARTESIAN_POINT('Ctrl Pts',(-16.2771288141429,13.9433052286368,-12.3954040364533));
#3349=CARTESIAN_POINT('Ctrl Pts',(-20.2043307193378,14.124387114723,-3.22117740007263));
#3350=CARTESIAN_POINT('Ctrl Pts',(-19.3246057636089,14.3054690008092,6.71941781259371));
#3351=CARTESIAN_POINT('Ctrl Pts',(-13.8472542983841,14.4865508868954,15.0613582407112));
#3352=CARTESIAN_POINT('Ctrl Pts',(-5.0754240621675,14.6676327729816,19.8199655460902));
#3353=CARTESIAN_POINT('Ctrl Pts',(4.90392908554251,14.8487146590678,19.8630924879097));
#3354=CARTESIAN_POINT('Ctrl Pts',(13.7165606638637,15.029796545154,15.1804784909251));
#3355=CARTESIAN_POINT('Ctrl Pts',(19.2658075346877,15.2108784312401,6.88619079721413));
#3356=CARTESIAN_POINT('Ctrl Pts',(20.231416915997,15.3919603173263,-3.04642958733319));
#3357=CARTESIAN_POINT('Ctrl Pts',(16.3836552057658,15.5730422034125,-12.2542566382439));
#3358=CARTESIAN_POINT('Ctrl Pts',(8.6379652057007,15.7541240894987,-18.5466040225412));
#3359=CARTESIAN_POINT('Ctrl Pts',(-1.16283206562481,15.9352059755849,-20.4264237015868));
#3360=CARTESIAN_POINT('Ctrl Pts',(-10.6869733679361,16.1162878616711,-17.4464771202362));
#3361=CARTESIAN_POINT('Ctrl Pts',(-17.6685162514654,16.2973697477573,-10.3157402602164));
#3362=CARTESIAN_POINT('Ctrl Pts',(-20.4464422693365,16.4784516338435,-0.730727158150456));
#3363=CARTESIAN_POINT('Ctrl Pts',(-18.359839295778,16.6595335199297,9.02813739200321));
#3364=CARTESIAN_POINT('Ctrl Pts',(-11.9051428706481,16.8406154060159,16.6390665798554));
#3365=CARTESIAN_POINT('Ctrl Pts',(-2.61802641765589,17.0216972921021,20.2913011378807));
#3366=CARTESIAN_POINT('Ctrl Pts',(7.29195954876482,17.2027791781883,19.1159171550784));
#3367=CARTESIAN_POINT('Ctrl Pts',(15.4670740674116,17.3838610642744,13.3925570591647));
#3368=CARTESIAN_POINT('Ctrl Pts',(19.9623293363199,17.5649429503607,4.48289758251703));
#3369=CARTESIAN_POINT('Ctrl Pts',(19.7082336158154,17.7460248364468,-5.49331306685119));
#3370=CARTESIAN_POINT('Ctrl Pts',(14.7652404051143,17.927106722533,-14.162579252317));
#3371=CARTESIAN_POINT('Ctrl Pts',(6.30936495659825,18.1081886086192,-19.4623443792125));
#3372=CARTESIAN_POINT('Ctrl Pts',(-3.64760691012476,18.2892704947054,-20.1317158255239));
#3373=CARTESIAN_POINT('Ctrl Pts',(-12.736756653657,18.4703523807916,-16.0114307737307));
#3374=CARTESIAN_POINT('Ctrl Pts',(-18.7956310213264,18.6514342668778,-8.081786881998));
#3375=CARTESIAN_POINT('Ctrl Pts',(-20.3827329798608,18.832516152964,1.7706630250806));
#3376=CARTESIAN_POINT('Ctrl Pts',(-17.1204580782875,19.0135980390502,11.2018009975367));
#3377=CARTESIAN_POINT('Ctrl Pts',(-9.78496828690868,19.1946799251364,17.9679397435278));
#3378=CARTESIAN_POINT('Ctrl Pts',(-0.121461033740794,19.3757618112226,20.4590587851512));
#3379=CARTESIAN_POINT('Ctrl Pts',(9.57090430635043,19.5568436973087,18.0829696314605));
#3380=CARTESIAN_POINT('Ctrl Pts',(16.986278689174,19.737925583395,11.4040288644316));
#3381=CARTESIAN_POINT('Ctrl Pts',(20.3601975052538,19.9190074694811,2.01312866085126));
#3382=CARTESIAN_POINT('Ctrl Pts',(18.8904401431263,20.1000893555674,-7.85923918100184));
#3383=CARTESIAN_POINT('Ctrl Pts',(14.9137009099579,20.2208106129581,-13.1902918311694));
#3384=CARTESIAN_POINT('Ctrl Pts',(12.4124160452735,20.2811712416535,-15.2289711417554));
#3385=CARTESIAN_POINT('',(-19.3170240861682,-2.94825891717424E-15,-2.47190627309249));
#3386=CARTESIAN_POINT('Ctrl Pts',(-19.3184776649186,-1.95802174828282E-16,
-2.47204302350117));
#3387=CARTESIAN_POINT('Ctrl Pts',(-19.0007320826366,-1.86886021143255E-16,
-4.95515552441069));
#3388=CARTESIAN_POINT('Ctrl Pts',(-18.2184114008861,-5.60399659783734E-16,
-7.3522672988938));
#3389=CARTESIAN_POINT('Ctrl Pts',(-15.4730055790621,-5.48355264396912E-16,
-12.3533593615937));
#3390=CARTESIAN_POINT('Ctrl Pts',(-13.5838519777089,-2.81453010239788E-16,
-14.2085047813211));
#3391=CARTESIAN_POINT('Ctrl Pts',(-12.3298145137362,-2.7529600032062E-16,
-15.295924560949));
#3392=CARTESIAN_POINT('Ctrl Pts',(-19.3170236790056,-2.96420873957537E-15,
-2.47190623478727));
#3393=CARTESIAN_POINT('Ctrl Pts',(-19.4221336009307,0.015590830288999,-1.65214259579188));
#3394=CARTESIAN_POINT('Ctrl Pts',(-19.4756049105289,0.031181660578001,-0.825784840254776));
#3395=CARTESIAN_POINT('Ctrl Pts',(-19.4764095745381,0.046772490867003,0.000461083729065906));
#3396=CARTESIAN_POINT('Origin',(0.,-3.51040885450337,0.));
#3397=CARTESIAN_POINT('Origin',(0.,0.,0.));
#3398=CARTESIAN_POINT('Ctrl Pts',(-19.4877165932068,-0.281171241653529,
2.49369928023308));
#3399=CARTESIAN_POINT('Ctrl Pts',(-19.078138545638,-0.220810612958131,5.69446249057216));
#3400=CARTESIAN_POINT('Ctrl Pts',(-16.6525833465934,-0.100089355567337,
11.8873010519719));
#3401=CARTESIAN_POINT('Ctrl Pts',(-9.04673992882651,0.0809925305188558,
18.3506620152989));
#3402=CARTESIAN_POINT('Ctrl Pts',(0.709149023988653,0.262074416605048,20.4470692958542));
#3403=CARTESIAN_POINT('Ctrl Pts',(10.2974556146369,0.44315630269124,17.6793217048294));
#3404=CARTESIAN_POINT('Ctrl Pts',(17.4352588425601,0.624238188777433,10.705119188492));
#3405=CARTESIAN_POINT('Ctrl Pts',(20.4252364527668,0.805320074863625,1.18413806582132));
#3406=CARTESIAN_POINT('Ctrl Pts',(18.5555786562244,0.986401960949817,-8.61863831451031));
#3407=CARTESIAN_POINT('Ctrl Pts',(12.2713357133654,1.16748384703601,-16.3708695562188));
#3408=CARTESIAN_POINT('Ctrl Pts',(3.06750983509219,1.3485657331222,-20.228232899915));
#3409=CARTESIAN_POINT('Ctrl Pts',(-6.86610423686775,1.52964761920839,-19.2729731972513));
#3410=CARTESIAN_POINT('Ctrl Pts',(-15.1661750210376,1.71072950529459,-13.7323760455464));
#3411=CARTESIAN_POINT('Ctrl Pts',(-19.8579697443528,1.89181139138078,-4.92462896429635));
#3412=CARTESIAN_POINT('Ctrl Pts',(-19.8252450714212,2.07289327746697,5.05476323206527));
#3413=CARTESIAN_POINT('Ctrl Pts',(-15.0757825365631,2.25397516355316,13.831548708616));
#3414=CARTESIAN_POINT('Ctrl Pts',(-6.73955583959793,2.43505704963936,19.3175916833374));
#3415=CARTESIAN_POINT('Ctrl Pts',(3.20011716681018,2.61613893572555,20.2076770808925));
#3416=CARTESIAN_POINT('Ctrl Pts',(12.3784319652293,2.79722082181174,16.2900393770738));
#3417=CARTESIAN_POINT('Ctrl Pts',(18.6117239388452,2.97830270789793,8.49674610135535));
#3418=CARTESIAN_POINT('Ctrl Pts',(20.4169951089561,3.15938459398413,-1.31805623118049));
#3419=CARTESIAN_POINT('Ctrl Pts',(17.3647432534069,3.34046648007031,-10.819272321663));
#3420=CARTESIAN_POINT('Ctrl Pts',(10.1811468754981,3.52154836615651,-17.74641400517));
#3421=CARTESIAN_POINT('Ctrl Pts',(0.575296133735472,3.7026302522427,-20.4514057241423));
#3422=CARTESIAN_POINT('Ctrl Pts',(-9.16742657607303,3.88371213832889,-18.2906875687296));
#3423=CARTESIAN_POINT('Ctrl Pts',(-16.7290748567251,4.06479402441509,-11.7783282420771));
#3424=CARTESIAN_POINT('Ctrl Pts',(-20.3106141010648,4.24587591050127,-2.46372007177198));
#3425=CARTESIAN_POINT('Ctrl Pts',(-19.0599400021374,4.42695779658747,7.43704570799374));
#3426=CARTESIAN_POINT('Ctrl Pts',(-13.2746075256718,4.60803968267366,15.568421782229));
#3427=CARTESIAN_POINT('Ctrl Pts',(-4.33103791815396,4.78912156875985,19.9958263720535));
#3428=CARTESIAN_POINT('Ctrl Pts',(5.64295347330581,4.97020345484605,19.6659105522101));
#3429=CARTESIAN_POINT('Ctrl Pts',(14.2743978137436,5.15128534093224,14.6571664657535));
#3430=CARTESIAN_POINT('Ctrl Pts',(19.5097392479337,5.33236722701844,6.16125281312142));
#3431=CARTESIAN_POINT('Ctrl Pts',(20.1034080158482,5.51344911310463,-3.80051942476477));
#3432=CARTESIAN_POINT('Ctrl Pts',(15.9141610153584,5.69453099919082,-12.858088540949));
#3433=CARTESIAN_POINT('Ctrl Pts',(7.93868574943383,5.875612885277,-18.8565169191286));
#3434=CARTESIAN_POINT('Ctrl Pts',(-1.92552724799526,6.0566947713632,-20.3686844584249));
#3435=CARTESIAN_POINT('Ctrl Pts',(-11.3316271419311,6.23777665744939,-17.0348228070003));
#3436=CARTESIAN_POINT('Ctrl Pts',(-18.0417553828994,6.41885854353559,-9.64810989019469));
#3437=CARTESIAN_POINT('Ctrl Pts',(-20.4594673209969,6.59994042962178,0.0340395462642884));
#3438=CARTESIAN_POINT('Ctrl Pts',(-18.0095514028862,6.78102231570796,9.7080904412994));
#3439=CARTESIAN_POINT('Ctrl Pts',(-11.274881013356,6.96210420179417,17.0724345037348));
#3440=CARTESIAN_POINT('Ctrl Pts',(-1.8577397640042,7.14318608788034,20.3749788887961));
#3441=CARTESIAN_POINT('Ctrl Pts',(8.0013868842329,7.32426797396656,18.8299965395237));
#3442=CARTESIAN_POINT('Ctrl Pts',(15.9568582185303,7.50534986005273,12.8050629652248));
#3443=CARTESIAN_POINT('Ctrl Pts',(20.1159429537313,7.68643174613894,3.73360426824776));
#3444=CARTESIAN_POINT('Ctrl Pts',(19.4891296623991,7.86751363222512,-6.22613738620053));
#3445=CARTESIAN_POINT('Ctrl Pts',(14.2255470481144,8.04859551831131,-14.7045833987751));
#3446=CARTESIAN_POINT('Ctrl Pts',(5.57748389018721,8.22967740439751,-19.6845786138376));
#3447=CARTESIAN_POINT('Ctrl Pts',(-4.39755007912402,8.4107592904837,-19.9813041378996));
#3448=CARTESIAN_POINT('Ctrl Pts',(-13.3263379791523,8.59184117656989,-15.5241643193781));
#3449=CARTESIAN_POINT('Ctrl Pts',(-19.0845812628017,8.77292306265609,-7.37358256027346));
#3450=CARTESIAN_POINT('Ctrl Pts',(-20.3023036266543,8.95400494874227,2.53129002699968));
#3451=CARTESIAN_POINT('Ctrl Pts',(-16.6897898397896,9.13508683482847,11.8339290539239));
#3452=CARTESIAN_POINT('Ctrl Pts',(-9.10651353678416,9.31616872091466,18.3210909324204));
#3453=CARTESIAN_POINT('Ctrl Pts',(0.643345027094527,9.49725060700085,20.4493782038907));
#3454=CARTESIAN_POINT('Ctrl Pts',(10.2401417284181,9.67833249308704,17.7124379781994));
#3455=CARTESIAN_POINT('Ctrl Pts',(17.4006482591948,9.85941437917324,10.7614312203084));
#3456=CARTESIAN_POINT('Ctrl Pts',(20.4212679173738,10.0404962652594,1.2501113536356));
#3457=CARTESIAN_POINT('Ctrl Pts',(18.583347956015,10.2215781513456,-8.55862959213219));
#3458=CARTESIAN_POINT('Ctrl Pts',(12.3241583323969,10.4026600374318,-16.3311384522837));
#3459=CARTESIAN_POINT('Ctrl Pts',(3.13285833357219,10.583741923518,-20.2182135811109));
#3460=CARTESIAN_POINT('Ctrl Pts',(-6.80379775174264,10.7648238096042,-19.2950588986671));
#3461=CARTESIAN_POINT('Ctrl Pts',(-15.1217237428287,10.9459056956904,-13.7813073688682));
#3462=CARTESIAN_POINT('Ctrl Pts',(-19.8419547123566,11.1269875817766,-4.9887668759361));
#3463=CARTESIAN_POINT('Ctrl Pts',(-19.8414737511117,11.3080694678628,4.99067942604974));
#3464=CARTESIAN_POINT('Ctrl Pts',(-15.1203952873101,11.489151353949,13.782764893342));
#3465=CARTESIAN_POINT('Ctrl Pts',(-6.80193786233405,11.6702332400352,19.2957146295906));
#3466=CARTESIAN_POINT('Ctrl Pts',(3.13480716003786,11.8513151261213,20.2179115098228));
#3467=CARTESIAN_POINT('Ctrl Pts',(12.3257324395672,12.0323970122076,16.3299504462766));
#3468=CARTESIAN_POINT('Ctrl Pts',(18.5841728391292,12.2134788982937,8.55683829665022));
#3469=CARTESIAN_POINT('Ctrl Pts',(20.4211473238141,12.3945607843799,-1.25207976132934));
#3470=CARTESIAN_POINT('Ctrl Pts',(17.3996108800587,12.5756426704661,-10.7631084251806));
#3471=CARTESIAN_POINT('Ctrl Pts',(10.2384343724567,12.7567245565523,-17.7134249469307));
#3472=CARTESIAN_POINT('Ctrl Pts',(0.64137390104381,12.9378064426385,-20.4494401211551));
#3473=CARTESIAN_POINT('Ctrl Pts',(-9.10827947115108,13.1188883287247,-18.3202130671304));
#3474=CARTESIAN_POINT('Ctrl Pts',(-16.6909304390164,13.2999702148109,-11.8323202639874));
#3475=CARTESIAN_POINT('Ctrl Pts',(-20.3025475243126,13.4810521008971,-2.52933306875065));
#3476=CARTESIAN_POINT('Ctrl Pts',(-19.0838704318171,13.6621339869833,7.3754220958037));
#3477=CARTESIAN_POINT('Ctrl Pts',(-13.3248415373537,13.8432158730695,15.5254487778635));
#3478=CARTESIAN_POINT('Ctrl Pts',(-4.39562405346399,14.0242977591557,19.9817279265395));
#3479=CARTESIAN_POINT('Ctrl Pts',(5.57938126802699,14.2053796452418,19.6840409066756));
#3480=CARTESIAN_POINT('Ctrl Pts',(14.226964362212,14.386461531328,14.7032121247675));
#3481=CARTESIAN_POINT('Ctrl Pts',(19.4897297115301,14.5675434174142,6.22425879292611));
#3482=CARTESIAN_POINT('Ctrl Pts',(20.1155829767908,14.7486253035004,-3.73554323402465));
#3483=CARTESIAN_POINT('Ctrl Pts',(15.955623859701,14.9297071895866,-12.8066009931417));
#3484=CARTESIAN_POINT('Ctrl Pts',(7.99957181676698,15.1107890756728,-18.8307677086833));
#3485=CARTESIAN_POINT('Ctrl Pts',(-1.85970370700964,15.291870961759,-20.3747997258869));
#3486=CARTESIAN_POINT('Ctrl Pts',(-11.2765265792945,15.4729528478452,-17.0713476345861));
#3487=CARTESIAN_POINT('Ctrl Pts',(-18.0104870854318,15.6540347339314,-9.70635444878859));
#3488=CARTESIAN_POINT('Ctrl Pts',(-20.4594705074,15.8351166200176,-0.0320674508412039));
#3489=CARTESIAN_POINT('Ctrl Pts',(-18.0408253135259,16.0161985061038,9.64984889735654));
#3490=CARTESIAN_POINT('Ctrl Pts',(-11.3299850978582,16.1972803921899,17.0359149864535));
#3491=CARTESIAN_POINT('Ctrl Pts',(-1.92356389138893,16.3783622782762,20.3688699682331));
#3492=CARTESIAN_POINT('Ctrl Pts',(7.94050329387196,16.5594441643623,18.8557516144994));
#3493=CARTESIAN_POINT('Ctrl Pts',(15.9154003475537,16.7405260504486,12.8565545175903));
#3494=CARTESIAN_POINT('Ctrl Pts',(20.1037742359218,16.9216079365347,3.79858161627624));
#3495=CARTESIAN_POINT('Ctrl Pts',(19.5091453108643,17.1026898226209,-6.16313330429578));
#3496=CARTESIAN_POINT('Ctrl Pts',(14.272984861787,17.2837717087071,-14.6585423727738));
#3497=CARTESIAN_POINT('Ctrl Pts',(5.64105799091516,17.4648535947933,-19.6664542689243));
#3498=CARTESIAN_POINT('Ctrl Pts',(-4.33296559189144,17.6459354808795,-19.9954090394179));
#3499=CARTESIAN_POINT('Ctrl Pts',(-13.2761075468271,17.8270173669657,-15.5671417160858));
#3500=CARTESIAN_POINT('Ctrl Pts',(-19.0606578708423,18.0080992530519,-7.43520935520563));
#3501=CARTESIAN_POINT('Ctrl Pts',(-20.3103743878883,18.1891811391381,2.4656795163418));
#3502=CARTESIAN_POINT('Ctrl Pts',(-16.7279436334513,18.3702630252243,11.7799373783422));
#3503=CARTESIAN_POINT('Ctrl Pts',(-9.16565535443313,18.5513449113105,18.2915776285316));
#3504=CARTESIAN_POINT('Ctrl Pts',(0.577251594274551,18.7324267973966,20.4513375176438));
#3505=CARTESIAN_POINT('Ctrl Pts',(10.1828883219098,18.9135086834829,17.7454572365401));
#3506=CARTESIAN_POINT('Ctrl Pts',(17.3657257817977,19.094590569569,10.8175503612553));
#3507=CARTESIAN_POINT('Ctrl Pts',(20.4172395977796,19.2756724556553,1.31618208661667));
#3508=CARTESIAN_POINT('Ctrl Pts',(18.6106751912953,19.4567543417414,-8.49872367192822));
#3509=CARTESIAN_POINT('Ctrl Pts',(12.37731485107,19.6378362278276,-16.2908678963719));
#3510=CARTESIAN_POINT('Ctrl Pts',(3.19722927336775,19.8189181139138,-20.2087650139481));
#3511=CARTESIAN_POINT('Ctrl Pts',(-3.42691519270777,19.9396393713046,-19.6127133687586));
#3512=CARTESIAN_POINT('Ctrl Pts',(-6.47357431028565,20.,-18.5494600936683));
#3513=CARTESIAN_POINT('Ctrl Pts',(-19.4442552266294,-0.258362206239366,
2.48813784988111));
#3514=CARTESIAN_POINT('Ctrl Pts',(-19.0355905139833,-0.198001577543968,
5.68176354678004));
#3515=CARTESIAN_POINT('Ctrl Pts',(-16.6154449948208,-0.0772803201531737,
11.8607895859484));
#3516=CARTESIAN_POINT('Ctrl Pts',(-9.02656392850421,0.103801565933019,18.309736775764));
#3517=CARTESIAN_POINT('Ctrl Pts',(0.707567464879879,0.284883452019211,20.4014683038449));
#3518=CARTESIAN_POINT('Ctrl Pts',(10.2744903326459,0.465965338105403,17.6398935029254));
#3519=CARTESIAN_POINT('Ctrl Pts',(17.3963748795053,0.647047224191596,10.6812446959888));
#3520=CARTESIAN_POINT('Ctrl Pts',(20.3796842769969,0.828129110277787,1.18149722815291));
#3521=CARTESIAN_POINT('Ctrl Pts',(18.514196170118,1.00921099636398,-8.59941711326523));
#3522=CARTESIAN_POINT('Ctrl Pts',(12.2439682915771,1.19029288245017,-16.3343593858556));
#3523=CARTESIAN_POINT('Ctrl Pts',(3.06066870185922,1.37137476853637,-20.1831200790416));
#3524=CARTESIAN_POINT('Ctrl Pts',(-6.85079151275199,1.55245665462256,-19.2299907846275));
#3525=CARTESIAN_POINT('Ctrl Pts',(-15.132351554008,1.73353854070875,-13.7017502245771));
#3526=CARTESIAN_POINT('Ctrl Pts',(-19.8136826787738,1.91462042679494,-4.91364610077228));
#3527=CARTESIAN_POINT('Ctrl Pts',(-19.7810309881925,2.09570231288113,5.04349014441307));
#3528=CARTESIAN_POINT('Ctrl Pts',(-15.0421606619238,2.27678419896733,13.8007017131618));
#3529=CARTESIAN_POINT('Ctrl Pts',(-6.72452534278523,2.45786608505352,19.2745097640621));
#3530=CARTESIAN_POINT('Ctrl Pts',(3.19298029428935,2.63894797113971,20.1626101012296));
#3531=CARTESIAN_POINT('Ctrl Pts',(12.3508256975869,2.82002985722591,16.2537094777526));
#3532=CARTESIAN_POINT('Ctrl Pts',(18.5702162395065,3.00111174331209,8.47779673462297));
#3533=CARTESIAN_POINT('Ctrl Pts',(20.3714613100884,3.18219362939829,-1.31511671403075));
#3534=CARTESIAN_POINT('Ctrl Pts',(17.3260165591772,3.36327551548448,-10.7951432778354));
#3535=CARTESIAN_POINT('Ctrl Pts',(10.1584409733027,3.54435740157068,-17.7068361122628));
#3536=CARTESIAN_POINT('Ctrl Pts',(0.574013113472138,3.72543928765686,-20.4057951830303));
#3537=CARTESIAN_POINT('Ctrl Pts',(-9.14698146377244,3.90652117374306,-18.2498958418155));
#3538=CARTESIAN_POINT('Ctrl Pts',(-16.6917658244364,4.08760305982924,-11.7520603203626));
#3539=CARTESIAN_POINT('Ctrl Pts',(-20.2653175521647,4.26868494591544,-2.45822550542599));
#3540=CARTESIAN_POINT('Ctrl Pts',(-19.0174326953645,4.44976683200163,7.42045967554256));
#3541=CARTESIAN_POINT('Ctrl Pts',(-13.2450026153563,4.63084871808783,15.5337012279883));
#3542=CARTESIAN_POINT('Ctrl Pts',(-4.32137887634105,4.81193060417402,19.9512318599155));
#3543=CARTESIAN_POINT('Ctrl Pts',(5.63036860922081,4.99301249026021,19.6220518153664));
#3544=CARTESIAN_POINT('Ctrl Pts',(14.2425631801194,5.1740943763464,14.6244781849241));
#3545=CARTESIAN_POINT('Ctrl Pts',(19.4662288029282,5.35517626243259,6.14751204251021));
#3546=CARTESIAN_POINT('Ctrl Pts',(20.0585735760959,5.53625814851879,-3.7920435405245));
#3547=CARTESIAN_POINT('Ctrl Pts',(15.8786693965896,5.71734003460498,-12.8294125475271));
#3548=CARTESIAN_POINT('Ctrl Pts',(7.92098096387383,5.89842192069117,-18.814463284686));
#3549=CARTESIAN_POINT('Ctrl Pts',(-1.92123295444445,6.07950380677736,-20.3232584015361));
#3550=CARTESIAN_POINT('Ctrl Pts',(-11.3063554489927,6.26058569286355,-16.9968318983826));
#3551=CARTESIAN_POINT('Ctrl Pts',(-18.001518822307,6.44166757894975,-9.62659276229006));
#3552=CARTESIAN_POINT('Ctrl Pts',(-20.4138388009844,6.62274946503594,0.0339636315743589));
#3553=CARTESIAN_POINT('Ctrl Pts',(-17.9693866633205,6.80383135112213,9.68643954530913));
#3554=CARTESIAN_POINT('Ctrl Pts',(-11.2497358751232,6.98491323720832,17.0343597138494));
#3555=CARTESIAN_POINT('Ctrl Pts',(-1.85359664949052,7.16599512329452,20.3295387941253));
#3556=CARTESIAN_POINT('Ctrl Pts',(7.98354226316597,7.34707700938071,18.7880020505931));
#3557=CARTESIAN_POINT('Ctrl Pts',(15.9212713768429,7.5281588954669,12.776505228965));
#3558=CARTESIAN_POINT('Ctrl Pts',(20.0710805586732,7.70924078155309,3.72527761758772));
#3559=CARTESIAN_POINT('Ctrl Pts',(19.445665180706,7.89032266763929,-6.21225191059799));
#3560=CARTESIAN_POINT('Ctrl Pts',(14.1938213610284,8.07140455372546,-14.6717893691282));
#3561=CARTESIAN_POINT('Ctrl Pts',(5.56504503577768,8.25248643981169,-19.6406782436507));
#3562=CARTESIAN_POINT('Ctrl Pts',(-4.38774270248791,8.43356832589786,-19.9367420131177));
#3563=CARTESIAN_POINT('Ctrl Pts',(-13.2966177000447,8.61465021198406,-15.4895424677331));
#3564=CARTESIAN_POINT('Ctrl Pts',(-19.0420190013109,8.79573209807024,-7.35713806276354));
#3565=CARTESIAN_POINT('Ctrl Pts',(-20.2570256116995,8.97681398415644,2.5256447667472));
#3566=CARTESIAN_POINT('Ctrl Pts',(-16.6525684205923,9.15789587024263,11.807537131779));
#3567=CARTESIAN_POINT('Ctrl Pts',(-9.08620427219593,9.33897775632883,18.2802314001978));
#3568=CARTESIAN_POINT('Ctrl Pts',(0.641910244801181,9.52005964241501,20.4037721845365));
#3569=CARTESIAN_POINT('Ctrl Pts',(10.2173042564324,9.70114152850121,17.6729358583213));
#3570=CARTESIAN_POINT('Ctrl Pts',(17.3618414899439,9.8822234145874,10.7374311731863));
#3571=CARTESIAN_POINT('Ctrl Pts',(20.3757245893278,10.0633053006736,1.24732336653789));
#3572=CARTESIAN_POINT('Ctrl Pts',(18.5419035405371,10.2443871867598,-8.53954221338979));
#3573=CARTESIAN_POINT('Ctrl Pts',(12.2966731053241,10.425469072846,-16.2947168941852));
#3574=CARTESIAN_POINT('Ctrl Pts',(3.12587146109274,10.6065509589322,-20.1731231030194));
#3575=CARTESIAN_POINT('Ctrl Pts',(-6.78862398318822,10.7876328450184,-19.2520272318457));
#3576=CARTESIAN_POINT('Ctrl Pts',(-15.087999410538,10.9687147311046,-13.7505724211195));
#3577=CARTESIAN_POINT('Ctrl Pts',(-19.7977033634103,11.1497966171907,-4.97764097291699));
#3578=CARTESIAN_POINT('Ctrl Pts',(-19.7972234748007,11.3308785032769,4.97954925767857));
#3579=CARTESIAN_POINT('Ctrl Pts',(-15.086673917729,11.5119603893631,13.7520266950353));
#3580=CARTESIAN_POINT('Ctrl Pts',(-6.78676824168824,11.6930422754493,19.2526815003641));
#3581=CARTESIAN_POINT('Ctrl Pts',(3.12781594130315,11.8741241615355,20.1728217054079));
#3582=CARTESIAN_POINT('Ctrl Pts',(12.2982437019347,12.0552060476217,16.2935315376585));
#3583=CARTESIAN_POINT('Ctrl Pts',(18.5427265840044,12.2362879337079,8.53775491283889));
#3584=CARTESIAN_POINT('Ctrl Pts',(20.3756042647147,12.4173698197941,-1.24928738430648));
#3585=CARTESIAN_POINT('Ctrl Pts',(17.3608064243613,12.5984517058803,-10.7391046375712));
#3586=CARTESIAN_POINT('Ctrl Pts',(10.215600708201,12.7795335919665,-17.6739206259237));
#3587=CARTESIAN_POINT('Ctrl Pts',(0.639943514738055,12.9606154780527,-20.4038339637136));
#3588=CARTESIAN_POINT('Ctrl Pts',(-9.08796626819191,13.1416973641389,-18.2793554927151));
#3589=CARTESIAN_POINT('Ctrl Pts',(-16.6537064760649,13.322779250225,-11.8059319297513));
#3590=CARTESIAN_POINT('Ctrl Pts',(-20.2572689654194,13.5038611363113,-2.52369217288886));
#3591=CARTESIAN_POINT('Ctrl Pts',(-19.0413097556152,13.6849430223974,7.35897349577819));
#3592=CARTESIAN_POINT('Ctrl Pts',(-13.295124595597,13.8660249084836,15.4908240616307));
#3593=CARTESIAN_POINT('Ctrl Pts',(-4.385820972233,14.0471067945698,19.9371648566279));
#3594=CARTESIAN_POINT('Ctrl Pts',(5.56693818210247,14.228188680656,19.6401417356784));
#3595=CARTESIAN_POINT('Ctrl Pts',(14.1952355142448,14.4092705667422,14.6704211533235));
#3596=CARTESIAN_POINT('Ctrl Pts',(19.4462638916127,14.5903524528284,6.2103775069454));
#3597=CARTESIAN_POINT('Ctrl Pts',(20.07072138455,14.7714343389146,-3.72721225910058));
#3598=CARTESIAN_POINT('Ctrl Pts',(15.9200397708696,14.9525162250008,-12.7780398267858));
#3599=CARTESIAN_POINT('Ctrl Pts',(7.98173124364718,15.133598111087,-18.7887714998982));
#3600=CARTESIAN_POINT('Ctrl Pts',(-1.85555621252791,15.3146799971732,-20.3293600307836));
#3601=CARTESIAN_POINT('Ctrl Pts',(-11.2513777711354,15.4957618832594,-17.0332752686264));
#3602=CARTESIAN_POINT('Ctrl Pts',(-17.9703202591152,15.6768437693455,-9.68470742439323));
#3603=CARTESIAN_POINT('Ctrl Pts',(-20.4138419802814,15.8579256554317,-0.0319959343006882));
#3604=CARTESIAN_POINT('Ctrl Pts',(-18.0005908271656,16.039007541518,9.62832789113365));
#3605=CARTESIAN_POINT('Ctrl Pts',(-11.3047170669924,16.2200894276041,16.9979216420673));
#3606=CARTESIAN_POINT('Ctrl Pts',(-1.91927397649697,16.4011713136903,20.3234434976216));
#3607=CARTESIAN_POINT('Ctrl Pts',(7.92279445483797,16.5822531997765,18.813699686833));
#3608=CARTESIAN_POINT('Ctrl Pts',(15.8799059648426,16.7633350858627,12.8278819453319));
#3609=CARTESIAN_POINT('Ctrl Pts',(20.0589389794184,16.9444169719489,3.79011005372209));
#3610=CARTESIAN_POINT('Ctrl Pts',(19.4656361904721,17.1254988580351,-6.14938833983606));
#3611=CARTESIAN_POINT('Ctrl Pts',(14.2411533792764,17.3065807441213,-14.6258510233973));
#3612=CARTESIAN_POINT('Ctrl Pts',(5.6284773541944,17.4876626302075,-19.6225943195113));
#3613=CARTESIAN_POINT('Ctrl Pts',(-4.32330225114695,17.6687445162936,-19.9508154579669));
#3614=CARTESIAN_POINT('Ctrl Pts',(-13.2464992908873,17.8498264023799,-15.5324240167238));
#3615=CARTESIAN_POINT('Ctrl Pts',(-19.0181489636516,18.030908288466,-7.41862741800293));
#3616=CARTESIAN_POINT('Ctrl Pts',(-20.2650783724902,18.2119901745523,2.46018057973072));
#3617=CARTESIAN_POINT('Ctrl Pts',(-16.6906371261594,18.3930720606384,11.7536658685887));
#3618=CARTESIAN_POINT('Ctrl Pts',(-9.14521418809823,18.5741539467246,18.2507839153621));
#3619=CARTESIAN_POINT('Ctrl Pts',(0.575964204778864,18.7552358328108,20.405727131086));
#3620=CARTESIAN_POINT('Ctrl Pts',(10.1601785519071,18.936317718897,17.7058814726514));
#3621=CARTESIAN_POINT('Ctrl Pts',(17.3269968652423,19.1173996049832,10.7934251670058));
#3622=CARTESIAN_POINT('Ctrl Pts',(20.3717053143206,19.2984814910694,1.31324673106974));
#3623=CARTESIAN_POINT('Ctrl Pts',(18.5691697122158,19.4795633771556,-8.4797698594402));
#3624=CARTESIAN_POINT('Ctrl Pts',(12.3497113100832,19.6606452632418,-16.2545362194908));
#3625=CARTESIAN_POINT('Ctrl Pts',(3.19009834127996,19.841727149328,-20.1636954586956));
#3626=CARTESIAN_POINT('Ctrl Pts',(-3.41927174383438,19.9624484067188,-19.5689735029558));
#3627=CARTESIAN_POINT('Ctrl Pts',(-6.45913699102254,20.0228090354142,-18.5080912200453));
#3628=CARTESIAN_POINT('Ctrl Pts',(-19.3553268809596,-0.180834443383777,
2.47675834574431));
#3629=CARTESIAN_POINT('Ctrl Pts',(-18.9485297471912,-0.12047381468838,5.65578932058832));
#3630=CARTESIAN_POINT('Ctrl Pts',(-16.5394559187603,0.0002474427024149,
11.8065373190462));
#3631=CARTESIAN_POINT('Ctrl Pts',(-8.98528055992817,0.181329328788608,18.2260010345577));
#3632=CARTESIAN_POINT('Ctrl Pts',(0.70433112203489,0.362411214874799,20.3081609624641));
#3633=CARTESIAN_POINT('Ctrl Pts',(10.2275003507787,0.543493100960992,17.5592187497395));
#3634=CARTESIAN_POINT('Ctrl Pts',(17.316812897331,0.724574987047184,10.6323938298367));
#3635=CARTESIAN_POINT('Ctrl Pts',(20.2864783197732,0.905656873133377,1.17609390947355));
#3636=CARTESIAN_POINT('Ctrl Pts',(18.4295219170145,1.08673875921957,-8.56008800348925));
#3637=CARTESIAN_POINT('Ctrl Pts',(12.1879708066853,1.26782064530576,-16.2596545240579));
#3638=CARTESIAN_POINT('Ctrl Pts',(3.04667080146928,1.44890253139195,-20.0908130942514));
#3639=CARTESIAN_POINT('Ctrl Pts',(-6.81945957918371,1.62998441747814,-19.1420428667377));
#3640=CARTESIAN_POINT('Ctrl Pts',(-15.0631441083175,1.81106630356434,-13.6390856065323));
#3641=CARTESIAN_POINT('Ctrl Pts',(-19.7230652752247,1.99214818965053,-4.89117365390619));
#3642=CARTESIAN_POINT('Ctrl Pts',(-19.6905629174792,2.17323007573673,5.02042386097129));
#3643=CARTESIAN_POINT('Ctrl Pts',(-14.9733657004908,2.35431196182291,13.7375845357728));
#3644=CARTESIAN_POINT('Ctrl Pts',(-6.69377088741026,2.53539384790911,19.1863582550827));
#3645=CARTESIAN_POINT('Ctrl Pts',(3.17837727549728,2.7164757339953,20.0703968875029));
#3646=CARTESIAN_POINT('Ctrl Pts',(12.2943394922716,2.89755762008149,16.1793735268944));
#3647=CARTESIAN_POINT('Ctrl Pts',(18.4852858006606,3.07863950616768,8.43902373453916));
#3648=CARTESIAN_POINT('Ctrl Pts',(20.2782929200663,3.25972139225388,-1.30910205930059));
#3649=CARTESIAN_POINT('Ctrl Pts',(17.2467764377371,3.44080327834007,-10.7457719487844));
#3650=CARTESIAN_POINT('Ctrl Pts',(10.1119815869986,3.62188516442626,-17.6258543217314));
#3651=CARTESIAN_POINT('Ctrl Pts',(0.571387878257197,3.80296705051245,-20.3124697678647));
#3652=CARTESIAN_POINT('Ctrl Pts',(-9.10514796329364,3.98404893659864,-18.16643038062));
#3653=CARTESIAN_POINT('Ctrl Pts',(-16.6154264335254,4.16513082268484,-11.6983125541728));
#3654=CARTESIAN_POINT('Ctrl Pts',(-20.1726346080822,4.34621270877102,-2.44698286999922));
#3655=CARTESIAN_POINT('Ctrl Pts',(-18.9304569227638,4.52729459485722,7.38652238107889));
#3656=CARTESIAN_POINT('Ctrl Pts',(-13.1844269133663,4.70837648094341,15.4626582177514));
#3657=CARTESIAN_POINT('Ctrl Pts',(-4.30161515362984,4.8894583670296,19.8599853792182));
#3658=CARTESIAN_POINT('Ctrl Pts',(5.60461825334164,5.0705402531158,19.5323108317125));
#3659=CARTESIAN_POINT('Ctrl Pts',(14.1774251587971,5.25162213920199,14.5575934844815));
#3660=CARTESIAN_POINT('Ctrl Pts',(19.3772004720867,5.43270402528818,6.11939654353437));
#3661=CARTESIAN_POINT('Ctrl Pts',(19.9668361706324,5.61378591137438,-3.77470072028393));
#3662=CARTESIAN_POINT('Ctrl Pts',(15.8060486827023,5.79486779746057,-12.770737536751));
#3663=CARTESIAN_POINT('Ctrl Pts',(7.88475454729467,5.97594968354676,-18.72841578782));
#3664=CARTESIAN_POINT('Ctrl Pts',(-1.91244624157761,6.15703156963295,-20.2303104663677));
#3665=CARTESIAN_POINT('Ctrl Pts',(-11.2546461033503,6.33811345571914,-16.9190972950949));
#3666=CARTESIAN_POINT('Ctrl Pts',(-17.9191893074542,6.51919534180534,-9.58256577103288));
#3667=CARTESIAN_POINT('Ctrl Pts',(-20.3204765985303,6.70027722789153,0.0338082997194297));
#3668=CARTESIAN_POINT('Ctrl Pts',(-17.8872041041266,6.88135911397772,9.64213884622429));
#3669=CARTESIAN_POINT('Ctrl Pts',(-11.1982854777448,7.06244100006392,16.9564534779971));
#3670=CARTESIAN_POINT('Ctrl Pts',(-1.8451192696432,7.2435228861501,20.236562135732));
#3671=CARTESIAN_POINT('Ctrl Pts',(7.94702972398403,7.4246047722363,18.702075573547));
#3672=CARTESIAN_POINT('Ctrl Pts',(15.8484558238202,7.6056866583225,12.7180721885422));
#3673=CARTESIAN_POINT('Ctrl Pts',(19.9792859528246,7.78676854440868,3.70824014969539));
#3674=CARTESIAN_POINT('Ctrl Pts',(19.3567308970979,7.96785043049488,-6.18384032538723));
#3675=CARTESIAN_POINT('Ctrl Pts',(14.1289062592474,8.14893231658107,-14.6046882921186));
#3676=CARTESIAN_POINT('Ctrl Pts',(5.53959343569591,8.33001420266726,-19.5508520724736));
#3677=CARTESIAN_POINT('Ctrl Pts',(-4.36767546640851,8.51109608875346,-19.8455618013873));
#3678=CARTESIAN_POINT('Ctrl Pts',(-13.235805937702,8.69217797483964,-15.4187014165279));
#3679=CARTESIAN_POINT('Ctrl Pts',(-18.9549307838292,8.87325986092584,-7.32349036817775));
#3680=CARTESIAN_POINT('Ctrl Pts',(-20.1643805906079,9.05434174701203,2.514093790944));
#3681=CARTESIAN_POINT('Ctrl Pts',(-16.5764082980685,9.23542363309821,11.7535356437233));
#3682=CARTESIAN_POINT('Ctrl Pts',(-9.04464873474555,9.41650551918442,18.1966272000504));
#3683=CARTESIAN_POINT('Ctrl Pts',(0.638974483682615,9.5975874052706,20.3104560215114));
#3684=CARTESIAN_POINT('Ctrl Pts',(10.1705756603156,9.77866929135679,17.5921091097783));
#3685=CARTESIAN_POINT('Ctrl Pts',(17.282437524038,9.95975117744299,10.6883237890827));
#3686=CARTESIAN_POINT('Ctrl Pts',(20.2825367013071,10.1408330635292,1.24161876301829));
#3687=CARTESIAN_POINT('Ctrl Pts',(18.457102589128,10.3219149496154,-8.50048682176234));
#3688=CARTESIAN_POINT('Ctrl Pts',(12.2404345656176,10.5029968357016,-16.2201933970401));
#3689=CARTESIAN_POINT('Ctrl Pts',(3.11157536288989,10.6840787217878,-20.0808618080402));
#3690=CARTESIAN_POINT('Ctrl Pts',(-6.75757637411859,10.8651606078739,-19.1639785467554));
#3691=CARTESIAN_POINT('Ctrl Pts',(-15.0189948068803,11.0462424939602,-13.6876845077409));
#3692=CARTESIAN_POINT('Ctrl Pts',(-19.7071590416116,11.2273243800463,-4.95487585123713));
#3693=CARTESIAN_POINT('Ctrl Pts',(-19.7066813477612,11.4084062661325,4.95677540850409));
#3694=CARTESIAN_POINT('Ctrl Pts',(-15.0176753761809,11.5894881522187,13.6891321305698));
#3695=CARTESIAN_POINT('Ctrl Pts',(-6.75572911980789,11.7705700383049,19.1646298229924));
#3696=CARTESIAN_POINT('Ctrl Pts',(3.11351095006666,11.9516519243911,20.0805617888635));
#3697=CARTESIAN_POINT('Ctrl Pts',(12.2419979791422,12.1327338104773,16.2190134617129));
#3698=CARTESIAN_POINT('Ctrl Pts',(18.4579218684257,12.3138156965635,8.49870769538768));
#3699=CARTESIAN_POINT('Ctrl Pts',(20.2824169269958,12.4948975826497,-1.24357379839871));
#3700=CARTESIAN_POINT('Ctrl Pts',(17.2814071923031,12.6759794687359,-10.6899895999184));
#3701=CARTESIAN_POINT('Ctrl Pts',(10.1688799032212,12.8570613548221,-17.5930893735698));
#3702=CARTESIAN_POINT('Ctrl Pts',(0.637016748412287,13.0381432409082,-20.3105175181429));
#3703=CARTESIAN_POINT('Ctrl Pts',(-9.04640267229506,13.2192251269945,-18.1957552985096));
#3704=CARTESIAN_POINT('Ctrl Pts',(-16.5775411486717,13.4003070130806,-11.7519377830487));
#3705=CARTESIAN_POINT('Ctrl Pts',(-20.1646228313554,13.5813888991668,-2.51215012722688));
#3706=CARTESIAN_POINT('Ctrl Pts',(-18.9542247818517,13.762470785253,7.32531740688351));
#3707=CARTESIAN_POINT('Ctrl Pts',(-13.2343196619318,13.9435526713392,15.4199771490866));
#3708=CARTESIAN_POINT('Ctrl Pts',(-4.36576252514084,14.1246345574254,19.8459827110328));
#3709=CARTESIAN_POINT('Ctrl Pts',(5.54147792376134,14.3057164435116,19.5503180182076));
#3710=CARTESIAN_POINT('Ctrl Pts',(14.130313944868,14.4867983295978,14.6033263338161));
#3711=CARTESIAN_POINT('Ctrl Pts',(19.3573268698147,14.667880215684,6.1819744942748));
#3712=CARTESIAN_POINT('Ctrl Pts',(19.9789284213757,14.8489621017702,-3.71016594317164));
#3713=CARTESIAN_POINT('Ctrl Pts',(15.8472298505673,15.0300439878564,-12.7195997679167));
#3714=CARTESIAN_POINT('Ctrl Pts',(7.94522698711944,15.2111258739425,-18.7028415037941));
#3715=CARTESIAN_POINT('Ctrl Pts',(-1.84706987066566,15.3922077600288,-20.2363841899602));
#3716=CARTESIAN_POINT('Ctrl Pts',(-11.1999198645857,15.5732896461149,-16.9553739924581));
#3717=CARTESIAN_POINT('Ctrl Pts',(-17.8881334301419,15.7543715322011,-9.64041464712229));
#3718=CARTESIAN_POINT('Ctrl Pts',(-20.3204797632895,15.9354534182873,-0.0318496016612893));
#3719=CARTESIAN_POINT('Ctrl Pts',(-17.9182655564711,16.1165353043735,9.58429296430477));
#3720=CARTESIAN_POINT('Ctrl Pts',(-11.2530152144609,16.2976171904597,16.9201820548658));
#3721=CARTESIAN_POINT('Ctrl Pts',(-1.91049622294924,16.4786990765459,20.2304947159149));
#3722=CARTESIAN_POINT('Ctrl Pts',(7.88655974426318,16.6597809626321,18.7276556822749));
#3723=CARTESIAN_POINT('Ctrl Pts',(15.8072795956145,16.8408628487183,12.769213934706));
#3724=CARTESIAN_POINT('Ctrl Pts',(19.9671999026465,17.0219447348045,3.77277607628037));
#3725=CARTESIAN_POINT('Ctrl Pts',(19.3766105702124,17.2030266208907,-6.12126425974377));
#3726=CARTESIAN_POINT('Ctrl Pts',(14.176021805093,17.3841085069769,-14.5589600441464));
#3727=CARTESIAN_POINT('Ctrl Pts',(5.60273564899986,17.5651903930631,-19.5328508550484));
#3728=CARTESIAN_POINT('Ctrl Pts',(-4.30352973402309,17.7462722791492,-19.8595708810487));
#3729=CARTESIAN_POINT('Ctrl Pts',(-13.1859167398016,17.9273541652355,-15.4613868490009));
#3730=CARTESIAN_POINT('Ctrl Pts',(-18.9311699231806,18.1084360513216,-7.38469850094891));
#3731=CARTESIAN_POINT('Ctrl Pts',(-20.1723965067611,18.2895179374078,2.44892899818588));
#3732=CARTESIAN_POINT('Ctrl Pts',(-16.6143029275968,18.470599823494,11.6999107684938));
#3733=CARTESIAN_POINT('Ctrl Pts',(-9.10338871119312,18.6516817095802,18.1673143749772));
#3734=CARTESIAN_POINT('Ctrl Pts',(0.573329931236026,18.8327635956664,20.3124020614783));
#3735=CARTESIAN_POINT('Ctrl Pts',(10.1137114431405,19.0138454817526,17.6249039812255));
#3736=CARTESIAN_POINT('Ctrl Pts',(17.2477518230509,19.1949273678388,10.7440618261606));
#3737=CARTESIAN_POINT('Ctrl Pts',(20.278536661469,19.376009253925,1.30724037416183));
#3738=CARTESIAN_POINT('Ctrl Pts',(18.4842423911272,19.5570911400112,-8.44098733756147));
#3739=CARTESIAN_POINT('Ctrl Pts',(12.2932335100281,19.7381730260974,-16.1801974746986));
#3740=CARTESIAN_POINT('Ctrl Pts',(3.17550146999108,19.9192549121836,-20.0714751816784));
#3741=CARTESIAN_POINT('Ctrl Pts',(-3.40362290995539,20.0399761695744,-19.4794785224322));
#3742=CARTESIAN_POINT('Ctrl Pts',(-6.42959611324802,20.1003367982698,-18.4234444225969));
#3743=CARTESIAN_POINT('Ctrl Pts',(-19.3184776649186,-0.0658627797619486,
2.47204302350124));
#3744=CARTESIAN_POINT('Ctrl Pts',(-18.9124616399442,-0.00550215106655111,
5.64496980329381));
#3745=CARTESIAN_POINT('Ctrl Pts',(-16.5079598585077,0.115219106324243,11.7840913665957));
#3746=CARTESIAN_POINT('Ctrl Pts',(-8.9681757677057,0.296300992410436,18.1912840947468));
#3747=CARTESIAN_POINT('Ctrl Pts',(0.702991484678245,0.477382878496628,20.2695031125447));
#3748=CARTESIAN_POINT('Ctrl Pts',(10.2080270111956,0.658464764582821,17.5257828818435));
#3749=CARTESIAN_POINT('Ctrl Pts',(17.283842931296,0.839546650669013,10.6121523534037));
#3750=CARTESIAN_POINT('Ctrl Pts',(20.2478537181617,1.0206285367552,1.17385363152936));
#3751=CARTESIAN_POINT('Ctrl Pts',(18.3944331446947,1.2017104228414,-8.54378949249581));
#3752=CARTESIAN_POINT('Ctrl Pts',(12.1647654851471,1.38279230892759,-16.2286972512337));
#3753=CARTESIAN_POINT('Ctrl Pts',(3.04087012102335,1.56387419501378,-20.052561071393));
#3754=CARTESIAN_POINT('Ctrl Pts',(-6.8064756897591,1.74495608109997,-19.1055974693465));
#3755=CARTESIAN_POINT('Ctrl Pts',(-15.0344646459014,1.92603796718617,-13.6131174477389));
#3756=CARTESIAN_POINT('Ctrl Pts',(-19.6855135711928,2.10711985327236,-4.88186112868937));
#3757=CARTESIAN_POINT('Ctrl Pts',(-19.6530730911863,2.28820173935855,5.01086524060913));
#3758=CARTESIAN_POINT('Ctrl Pts',(-14.944857179011,2.46928362544474,13.7114288724742));
#3759=CARTESIAN_POINT('Ctrl Pts',(-6.68102628959172,2.65036551153094,19.149828412995));
#3760=CARTESIAN_POINT('Ctrl Pts',(3.17232580751474,2.83144739761713,20.0321838771547));
#3761=CARTESIAN_POINT('Ctrl Pts',(12.2709316988872,3.01252928370332,16.1485688280017));
#3762=CARTESIAN_POINT('Ctrl Pts',(18.4500907620085,3.19361116978951,8.42295626467788));
#3763=CARTESIAN_POINT('Ctrl Pts',(20.2396840876688,3.3746930558757,-1.30660959576425));
#3764=CARTESIAN_POINT('Ctrl Pts',(17.2139394576039,3.5557749419619,-10.7253125487621));
#3765=CARTESIAN_POINT('Ctrl Pts',(10.0927288913211,3.73685682804809,-17.5922955966668));
#3766=CARTESIAN_POINT('Ctrl Pts',(0.570299984960834,3.91793871413428,-20.2737958644901));
#3767=CARTESIAN_POINT('Ctrl Pts',(-9.08781222732291,4.09902060022047,-18.1318424264261));
#3768=CARTESIAN_POINT('Ctrl Pts',(-16.5837915115222,4.28010248630667,-11.6760395654771));
#3769=CARTESIAN_POINT('Ctrl Pts',(-20.1342269436741,4.46118437239285,-2.44232393978141));
#3770=CARTESIAN_POINT('Ctrl Pts',(-18.8944143011285,4.64226625847905,7.37245882030472));
#3771=CARTESIAN_POINT('Ctrl Pts',(-13.1593244389431,4.82334814456524,15.4332181074635));
#3772=CARTESIAN_POINT('Ctrl Pts',(-4.29342509841695,5.00443003065144,19.822172982949));
#3773=CARTESIAN_POINT('Ctrl Pts',(5.59394734687908,5.18551191673763,19.495122311021));
#3774=CARTESIAN_POINT('Ctrl Pts',(14.1504320665094,5.36659380282382,14.5298765711482));
#3775=CARTESIAN_POINT('Ctrl Pts',(19.3403072735854,5.54767568891001,6.10774552553964));
#3776=CARTESIAN_POINT('Ctrl Pts',(19.9288203359225,5.72875757499621,-3.76751388319894));
#3777=CARTESIAN_POINT('Ctrl Pts',(15.7759547745337,5.90983946108239,-12.7464227057397));
#3778=CARTESIAN_POINT('Ctrl Pts',(7.86974237796365,6.09092134716859,-18.6927578421703));
#3779=CARTESIAN_POINT('Ctrl Pts',(-1.90880504176056,6.27200323325478,-20.1917929900762));
#3780=CARTESIAN_POINT('Ctrl Pts',(-11.2332178328759,6.45308511934098,-16.8868841993038));
#3781=CARTESIAN_POINT('Ctrl Pts',(-17.885072087629,6.63416700542716,-9.56432105597962));
#3782=CARTESIAN_POINT('Ctrl Pts',(-20.2817874505354,6.81524889151336,0.0337439304461402));
#3783=CARTESIAN_POINT('Ctrl Pts',(-17.8531477824924,6.99633077759955,9.62378070708322));
#3784=CARTESIAN_POINT('Ctrl Pts',(-11.1769645150185,7.17741266368574,16.9241692579445));
#3785=CARTESIAN_POINT('Ctrl Pts',(-1.84160625693676,7.35849454977193,20.1980327565818));
#3786=CARTESIAN_POINT('Ctrl Pts',(7.93189898590216,7.53957643585812,18.6664677783179));
#3787=CARTESIAN_POINT('Ctrl Pts',(15.8182811746241,7.72065832194432,12.6938576296598));
#3788=CARTESIAN_POINT('Ctrl Pts',(19.9412464143663,7.90174020803051,3.70117985013713));
#3789=CARTESIAN_POINT('Ctrl Pts',(19.3198766716203,8.08282209411671,-6.17206660972826));
#3790=CARTESIAN_POINT('Ctrl Pts',(14.1020055444625,8.26390398020289,-14.5768817126807));
#3791=CARTESIAN_POINT('Ctrl Pts',(5.5290463331599,8.44498586628909,-19.5136282502078));
#3792=CARTESIAN_POINT('Ctrl Pts',(-4.35935963573918,8.62606775237528,-19.807776866873));
#3793=CARTESIAN_POINT('Ctrl Pts',(-13.2106056402448,8.80714963846146,-15.3893449977402));
#3794=CARTESIAN_POINT('Ctrl Pts',(-18.9188415652141,8.98823152454767,-7.30954681713359));
#3795=CARTESIAN_POINT('Ctrl Pts',(-20.1259886414273,9.16931341063386,2.50930708496892));
#3796=CARTESIAN_POINT('Ctrl Pts',(-16.5448476645982,9.35039529672005,11.7311575130836));
#3797=CARTESIAN_POINT('Ctrl Pts',(-9.02742818621344,9.53147718280624,18.1619817526694));
#3798=CARTESIAN_POINT('Ctrl Pts',(0.637757908951002,9.71255906889244,20.2717859521826));
#3799=CARTESIAN_POINT('Ctrl Pts',(10.1512114045115,9.89364095497861,17.5586146339184));
#3800=CARTESIAN_POINT('Ctrl Pts',(17.2495326470369,10.0747228410648,10.6679737673257));
#3801=CARTESIAN_POINT('Ctrl Pts',(20.2439197889358,10.255804727151,1.23925478440575));
#3802=CARTESIAN_POINT('Ctrl Pts',(18.4219612099302,10.4368866132372,-8.48430232967717));
#3803=CARTESIAN_POINT('Ctrl Pts',(12.2171294043369,10.6179684993234,-16.1893109785199));
#3804=CARTESIAN_POINT('Ctrl Pts',(3.10565108256464,10.7990503854096,-20.0426288743494));
#3805=CARTESIAN_POINT('Ctrl Pts',(-6.74471029437102,10.9801322714958,-19.127491311893));
#3806=CARTESIAN_POINT('Ctrl Pts',(-14.9903994090312,11.161214157582,-13.6616238566012));
#3807=CARTESIAN_POINT('Ctrl Pts',(-19.6696376188722,11.3422960436681,-4.945442021072));
#3808=CARTESIAN_POINT('Ctrl Pts',(-19.6691608345264,11.5233779297544,4.9473379616791));
#3809=CARTESIAN_POINT('Ctrl Pts',(-14.9890824904604,11.7044598158405,13.6630687232303));
#3810=CARTESIAN_POINT('Ctrl Pts',(-6.74286655713804,11.8855417019268,19.1281413481333));
#3811=CARTESIAN_POINT('Ctrl Pts',(3.10758298448245,12.0666235880129,20.0423294263939));
#3812=CARTESIAN_POINT('Ctrl Pts',(12.2186898412021,12.2477054740991,16.1881332897293));
#3813=CARTESIAN_POINT('Ctrl Pts',(18.422778929362,12.4287873601853,8.48252659066813));
#3814=CARTESIAN_POINT('Ctrl Pts',(20.2438002426686,12.6098692462715,-1.24120609749881));
#3815=CARTESIAN_POINT('Ctrl Pts',(17.2485042770009,12.7909511323577,-10.6696364065427));
#3816=CARTESIAN_POINT('Ctrl Pts',(10.1495188760518,12.9720330184439,-17.5595930313378));
#3817=CARTESIAN_POINT('Ctrl Pts',(0.635803901108501,13.1531149045301,-20.2718473317277));
#3818=CARTESIAN_POINT('Ctrl Pts',(-9.02917878435561,13.3341967906163,-18.1611115111846));
#3819=CARTESIAN_POINT('Ctrl Pts',(-16.5459783583118,13.5152786767025,-11.7295626946539));
#3820=CARTESIAN_POINT('Ctrl Pts',(-20.1262304209609,13.6963605627887,-2.50736712188808));
#3821=CARTESIAN_POINT('Ctrl Pts',(-18.9181369074282,13.8774424488749,7.31137037725109));
#3822=CARTESIAN_POINT('Ctrl Pts',(-13.2091221942676,14.0585243349611,15.3906183013693));
#3823=CARTESIAN_POINT('Ctrl Pts',(-4.35745033661381,14.2396062210472,19.808196975128));
#3824=CARTESIAN_POINT('Ctrl Pts',(5.53092723325643,14.4206881071334,19.5130952127539));
#3825=CARTESIAN_POINT('Ctrl Pts',(14.1034105499217,14.6017699932196,14.5755223474772));
#3826=CARTESIAN_POINT('Ctrl Pts',(19.3204715096354,14.7828518793058,6.17020433106286));
#3827=CARTESIAN_POINT('Ctrl Pts',(19.9408895636391,14.963933765392,-3.70310197700118));
#3828=CARTESIAN_POINT('Ctrl Pts',(15.8170575355611,15.1450156514782,-12.6953823006013));
#3829=CARTESIAN_POINT('Ctrl Pts',(7.93009968135717,15.3260975375644,-18.6672322502733));
#3830=CARTESIAN_POINT('Ctrl Pts',(-1.84355314411628,15.5071794236506,-20.1978551496092));
#3831=CARTESIAN_POINT('Ctrl Pts',(-11.1785957900673,15.6882613097368,-16.9230918276918));
#3832=CARTESIAN_POINT('Ctrl Pts',(-17.8540753391247,15.869343195823,-9.62205979076625));
#3833=CARTESIAN_POINT('Ctrl Pts',(-20.281790609257,16.0504250819091,-0.0317889616525289));
#3834=CARTESIAN_POINT('Ctrl Pts',(-17.8841500954441,16.2315069679954,9.56604496077091));
#3835=CARTESIAN_POINT('Ctrl Pts',(-11.2315900490696,16.4125888540815,16.8879668937339));
#3836=CARTESIAN_POINT('Ctrl Pts',(-1.90685873595755,16.5936707401678,20.1919768888484));
#3837=CARTESIAN_POINT('Ctrl Pts',(7.87154413810422,16.7747526262539,18.6919991837753));
#3838=CARTESIAN_POINT('Ctrl Pts',(15.77718334351,16.9558345123401,12.7449020046566));
#3839=CARTESIAN_POINT('Ctrl Pts',(19.9291833760736,17.1369163984263,3.76559290342099));
#3840=CARTESIAN_POINT('Ctrl Pts',(19.3397184935594,17.3179982845125,-6.10960968532667));
#3841=CARTESIAN_POINT('Ctrl Pts',(14.1490313872429,17.4990801705987,-14.5312405297063));
#3842=CARTESIAN_POINT('Ctrl Pts',(5.59206832199907,17.6801620566849,-19.4956613047122));
#3843=CARTESIAN_POINT('Ctrl Pts',(-4.29533602395435,17.8612439427711,-19.8217592768245));
#3844=CARTESIAN_POINT('Ctrl Pts',(-13.1608114475261,18.0423258288573,-15.4319491537553));
#3845=CARTESIAN_POINT('Ctrl Pts',(-18.8951259075713,18.2234077149435,-7.37063842362511));
#3846=CARTESIAN_POINT('Ctrl Pts',(-20.1339893667599,18.4044896010296,2.44426638384214));
#3847=CARTESIAN_POINT('Ctrl Pts',(-16.5826700061321,18.5855714871159,11.6776346955454));
#3848=CARTESIAN_POINT('Ctrl Pts',(-9.08605659487018,18.766653373202,18.1327248182849));
#3849=CARTESIAN_POINT('Ctrl Pts',(0.572238866974968,18.9477352592882,20.2737281299185));
#3850=CARTESIAN_POINT('Ctrl Pts',(10.0944544272669,19.1288171453744,17.5913473718234));
#3851=CARTESIAN_POINT('Ctrl Pts',(17.2149149874923,19.3098990314606,10.723605084997));
#3852=CARTESIAN_POINT('Ctrl Pts',(20.2399234604151,19.4909809175468,1.30475261998467));
#3853=CARTESIAN_POINT('Ctrl Pts',(18.4490569755793,19.672062803633,-8.42491840724988));
#3854=CARTESIAN_POINT('Ctrl Pts',(12.2698126792785,19.8531446897192,-16.1493866890253));
#3855=CARTESIAN_POINT('Ctrl Pts',(3.16948766649871,20.0342265758054,-20.0332697270887));
#3856=CARTESIAN_POINT('Ctrl Pts',(-3.39719236611988,20.1549478331962,-19.4423757136323));
#3857=CARTESIAN_POINT('Ctrl Pts',(-6.41735526721683,20.2153084618916,-18.3883693506065));
#3858=CARTESIAN_POINT('Ctrl Pts',(-19.3184776649186,0.,2.47204302350124));
#3859=CARTESIAN_POINT('Ctrl Pts',(-18.9124565527912,0.0603606286953975,
5.64500955828673));
#3860=CARTESIAN_POINT('Ctrl Pts',(-16.507965820711,0.181081886086192,11.7840670953073));
#3861=CARTESIAN_POINT('Ctrl Pts',(-8.96817451236359,0.362163772172384,18.1912977122522));
#3862=CARTESIAN_POINT('Ctrl Pts',(0.702990497398706,0.543245658258577,20.2694989746873));
#3863=CARTESIAN_POINT('Ctrl Pts',(10.2080284955601,0.724327544344769,17.5257875827645));
#3864=CARTESIAN_POINT('Ctrl Pts',(17.2838442575404,0.905409430430961,10.6121517600099));
#3865=CARTESIAN_POINT('Ctrl Pts',(20.2478557365209,1.08649131651715,1.17385454921505));
#3866=CARTESIAN_POINT('Ctrl Pts',(18.3944347771801,1.26757320260335,-8.54379069936389));
#3867=CARTESIAN_POINT('Ctrl Pts',(12.1647666499832,1.44865508868954,-16.2286985427196));
#3868=CARTESIAN_POINT('Ctrl Pts',(3.04087038379879,1.62973697477573,-20.052563039325));
#3869=CARTESIAN_POINT('Ctrl Pts',(-6.80647631088655,1.81081886086192,-19.1055991843325));
#3870=CARTESIAN_POINT('Ctrl Pts',(-15.0344660445387,1.99190074694811,-13.613118738325));
#3871=CARTESIAN_POINT('Ctrl Pts',(-19.6855153933549,2.17298263303431,-4.88186156647691));
#3872=CARTESIAN_POINT('Ctrl Pts',(-19.6530749142409,2.3540645191205,5.01086569753097));
#3873=CARTESIAN_POINT('Ctrl Pts',(-14.9448585636394,2.53514640520669,13.7114301473256));
#3874=CARTESIAN_POINT('Ctrl Pts',(-6.6810269092342,2.71622829129289,19.1498301860907));
#3875=CARTESIAN_POINT('Ctrl Pts',(3.17232610175043,2.89731017737907,20.0321857350487));
#3876=CARTESIAN_POINT('Ctrl Pts',(12.270932836244,3.07839206346527,16.1485703243625));
#3877=CARTESIAN_POINT('Ctrl Pts',(18.450092472278,3.25947394955146,8.42295704570829));
#3878=CARTESIAN_POINT('Ctrl Pts',(20.2396859637528,3.44055583563765,-1.30660971701751));
#3879=CARTESIAN_POINT('Ctrl Pts',(17.2139410532543,3.62163772172384,-10.7253135428693));
#3880=CARTESIAN_POINT('Ctrl Pts',(10.0927298268556,3.80271960781004,-17.5922972274126));
#3881=CARTESIAN_POINT('Ctrl Pts',(0.570300037827767,3.98380149389623,-20.2737977437416));
#3882=CARTESIAN_POINT('Ctrl Pts',(-9.08781306971508,4.16488337998242,-18.1318441071583));
#3883=CARTESIAN_POINT('Ctrl Pts',(-16.5837930487481,4.34596526606861,-11.6760406477773));
#3884=CARTESIAN_POINT('Ctrl Pts',(-20.1342288100073,4.5270471521548,-2.44232416617399));
#3885=CARTESIAN_POINT('Ctrl Pts',(-18.8944160525372,4.708129038241,7.37245950369263));
#3886=CARTESIAN_POINT('Ctrl Pts',(-13.1593256587406,4.88921092432719,15.4332195380378));
#3887=CARTESIAN_POINT('Ctrl Pts',(-4.29342549639393,5.07029281041338,19.8221748203564));
#3888=CARTESIAN_POINT('Ctrl Pts',(5.5939478654074,5.25137469649957,19.4951241181121));
#3889=CARTESIAN_POINT('Ctrl Pts',(14.150433378177,5.43245658258577,14.5298779179884));
#3890=CARTESIAN_POINT('Ctrl Pts',(19.3403090663262,5.61353846867197,6.10774609169422));
#3891=CARTESIAN_POINT('Ctrl Pts',(19.9288221832152,5.79462035475815,-3.76751423242687));
#3892=CARTESIAN_POINT('Ctrl Pts',(15.7759562368784,5.97570224084435,-12.7464238872634));
#3893=CARTESIAN_POINT('Ctrl Pts',(7.86974310744576,6.15678412693053,-18.6927595748868));
#3894=CARTESIAN_POINT('Ctrl Pts',(-1.90880521869636,6.33786601301673,-20.191794861745));
#3895=CARTESIAN_POINT('Ctrl Pts',(-11.2332188741338,6.51894789910292,-16.8868857646256));
#3896=CARTESIAN_POINT('Ctrl Pts',(-17.8850737454774,6.70002978518911,-9.5643219425399));
#3897=CARTESIAN_POINT('Ctrl Pts',(-20.2817893305462,6.88111167127531,0.0337439335740269));
#3898=CARTESIAN_POINT('Ctrl Pts',(-17.8531494373815,7.0621935573615,9.62378159915507));
#3899=CARTESIAN_POINT('Ctrl Pts',(-11.176965551062,7.24327544344769,16.9241708267225));
#3900=CARTESIAN_POINT('Ctrl Pts',(-1.84160642764359,7.42435732953388,20.198034628829));
#3901=CARTESIAN_POINT('Ctrl Pts',(7.93189972114584,7.60543921562007,18.6664695085975));
#3902=CARTESIAN_POINT('Ctrl Pts',(15.8182826408922,7.78652110170627,12.693858806311));
#3903=CARTESIAN_POINT('Ctrl Pts',(19.9412482628108,7.96760298779245,3.70118019321628));
#3904=CARTESIAN_POINT('Ctrl Pts',(19.3198784624672,8.14868487387866,-6.17206718184509));
#3905=CARTESIAN_POINT('Ctrl Pts',(14.1020068516414,8.32976675996483,-14.576883063878));
#3906=CARTESIAN_POINT('Ctrl Pts',(5.52904684567227,8.51084864605104,-19.5136300590145));
#3907=CARTESIAN_POINT('Ctrl Pts',(-4.35936003982799,8.69193053213723,-19.8077787029456));
#3908=CARTESIAN_POINT('Ctrl Pts',(-13.2106068647957,8.87301241822342,-15.3893464242483));
#3909=CARTESIAN_POINT('Ctrl Pts',(-18.9188433188873,9.05409430430962,-7.30954749468861));
#3910=CARTESIAN_POINT('Ctrl Pts',(-20.1259905069965,9.23517619039581,2.50930731756796));
#3911=CARTESIAN_POINT('Ctrl Pts',(-16.5448491982152,9.41625807648199,11.7311586004978));
#3912=CARTESIAN_POINT('Ctrl Pts',(-9.02742902300668,9.59733996256819,18.1619834361858));
#3913=CARTESIAN_POINT('Ctrl Pts',(0.637757968067667,9.77842184865438,20.2717878312664));
#3914=CARTESIAN_POINT('Ctrl Pts',(10.1512123454733,9.95950373474057,17.558616261506));
#3915=CARTESIAN_POINT('Ctrl Pts',(17.2495342459742,10.1405856208268,10.6679747561885));
#3916=CARTESIAN_POINT('Ctrl Pts',(20.2439216654365,10.321667506913,1.23925489927789));
#3917=CARTESIAN_POINT('Ctrl Pts',(18.4219629175453,10.5027493929992,-8.48430311612562));
#3918=CARTESIAN_POINT('Ctrl Pts',(12.217130536798,10.6838312790853,-16.1893124791806));
#3919=CARTESIAN_POINT('Ctrl Pts',(3.10565137044151,10.8649131651715,-20.0426307321915));
#3920=CARTESIAN_POINT('Ctrl Pts',(-6.74471091956879,11.0459950512577,-19.1274930849069));
#3921=CARTESIAN_POINT('Ctrl Pts',(-14.9904007985593,11.2270769373439,-13.661625122959));
#3922=CARTESIAN_POINT('Ctrl Pts',(-19.6696394421401,11.4081588234301,-4.94544247948744));
#3923=CARTESIAN_POINT('Ctrl Pts',(-19.6691626577501,11.5892407095163,4.94733842027028));
#3924=CARTESIAN_POINT('Ctrl Pts',(-14.9890838798664,11.7703225956025,13.663069989722));
#3925=CARTESIAN_POINT('Ctrl Pts',(-6.7428671821649,11.9514044816887,19.1281431212075));
#3926=CARTESIAN_POINT('Ctrl Pts',(3.10758327253839,12.1324863677749,20.0423312842082));
#3927=CARTESIAN_POINT('Ctrl Pts',(12.2186909738078,12.3135682538611,16.1881347902808));
#3928=CARTESIAN_POINT('Ctrl Pts',(18.4227806370529,12.4946501399473,8.48252737695196));
#3929=CARTESIAN_POINT('Ctrl Pts',(20.2438021191582,12.6757320260335,-1.24120621255182));
#3930=CARTESIAN_POINT('Ctrl Pts',(17.2485058758429,12.8568139121196,-10.6696373955597));
#3931=CARTESIAN_POINT('Ctrl Pts',(10.1495198168568,13.0378957982058,-17.5595946590161));
#3932=CARTESIAN_POINT('Ctrl Pts',(0.635803960044031,13.218977684292,-20.2718492108171));
#3933=CARTESIAN_POINT('Ctrl Pts',(-9.0291796213111,13.4000595703782,-18.1611131946203));
#3934=CARTESIAN_POINT('Ctrl Pts',(-16.5459798920335,13.5811414564644,-11.7295637819203));
#3935=CARTESIAN_POINT('Ctrl Pts',(-20.1262322865524,13.7622233425506,-2.50736735430731));
#3936=CARTESIAN_POINT('Ctrl Pts',(-18.918138661036,13.9433052286368,7.31137105497515));
#3937=CARTESIAN_POINT('Ctrl Pts',(-13.209123418681,14.124387114723,15.3906197279955));
#3938=CARTESIAN_POINT('Ctrl Pts',(-4.35745074052566,14.3054690008092,19.8081988112396));
#3939=CARTESIAN_POINT('Ctrl Pts',(5.53092774594317,14.4865508868954,19.5130970215111));
#3940=CARTESIAN_POINT('Ctrl Pts',(14.1034118572308,14.6676327729816,14.5755236985484));
#3941=CARTESIAN_POINT('Ctrl Pts',(19.3204733005375,14.8487146590678,6.17020490300704));
#3942=CARTESIAN_POINT('Ctrl Pts',(19.9408914120504,15.029796545154,-3.70310232025844));
#3943=CARTESIAN_POINT('Ctrl Pts',(15.8170590017162,15.2108784312401,-12.6953834773939));
#3944=CARTESIAN_POINT('Ctrl Pts',(7.93010041643342,15.3919603173264,-18.6672339806234));
#3945=CARTESIAN_POINT('Ctrl Pts',(-1.84355331500233,15.5730422034125,-20.1978570218404));
#3946=CARTESIAN_POINT('Ctrl Pts',(-11.1785968262644,15.7541240894987,-16.9230933963692));
#3947=CARTESIAN_POINT('Ctrl Pts',(-17.8540769940952,15.9352059755849,-9.62206068268001));
#3948=CARTESIAN_POINT('Ctrl Pts',(-20.2817924892773,16.1162878616711,-0.0317889645964296));
#3949=CARTESIAN_POINT('Ctrl Pts',(-17.884151753189,16.2973697477573,9.5660458474856));
#3950=CARTESIAN_POINT('Ctrl Pts',(-11.2315910902118,16.4784516338435,16.8879684591666));
#3951=CARTESIAN_POINT('Ctrl Pts',(-1.90685891264423,16.6595335199297,20.1919787605138));
#3952=CARTESIAN_POINT('Ctrl Pts',(7.87154486761941,16.8406154060159,18.6920009164613));
#3953=CARTESIAN_POINT('Ctrl Pts',(15.7771848062297,17.0216972921021,12.7449031859615));
#3954=CARTESIAN_POINT('Ctrl Pts',(19.9291852228909,17.2027791781882,3.7655932526227));
#3955=CARTESIAN_POINT('Ctrl Pts',(19.3397202872379,17.3838610642745,-6.10961025195008));
#3956=CARTESIAN_POINT('Ctrl Pts',(14.1490326968462,17.5649429503606,-14.5312418760958));
#3957=CARTESIAN_POINT('Ctrl Pts',(5.59206884412478,17.7460248364468,-19.4956631129783));
#3958=CARTESIAN_POINT('Ctrl Pts',(-4.29533642946115,17.9271067225331,-19.8217611120001));
#3959=CARTESIAN_POINT('Ctrl Pts',(-13.1608126531274,18.1081886086192,-15.431950588488));
#3960=CARTESIAN_POINT('Ctrl Pts',(-18.8951276869903,18.2892704947054,-7.37063909850805));
#3961=CARTESIAN_POINT('Ctrl Pts',(-20.1339911785935,18.4703523807916,2.44426659416327));
#3962=CARTESIAN_POINT('Ctrl Pts',(-16.5826716494582,18.6514342668778,11.6776358096757));
#3963=CARTESIAN_POINT('Ctrl Pts',(-9.08605723005443,18.832516152964,18.132726437334));
#3964=CARTESIAN_POINT('Ctrl Pts',(0.572238516385187,19.0135980390502,20.2737301295749));
#3965=CARTESIAN_POINT('Ctrl Pts',(10.0944561498677,19.1946799251364,17.5913487677346));
#3966=CARTESIAN_POINT('Ctrl Pts',(17.2149150489855,19.3757618112226,10.723606536637));
#3967=CARTESIAN_POINT('Ctrl Pts',(20.2399283293401,19.5568436973088,1.30475184825573));
#3968=CARTESIAN_POINT('Ctrl Pts',(18.4490528324607,19.7379255833949,-8.42491744228736));
#3969=CARTESIAN_POINT('Ctrl Pts',(12.2698254235395,19.9190074694812,-16.1493916484759));
#3970=CARTESIAN_POINT('Ctrl Pts',(3.16946328790053,20.1000893555673,-20.0332642200696));
#3971=CARTESIAN_POINT('Ctrl Pts',(-3.39715452517269,20.2208106129581,-19.4423889197408));
#3972=CARTESIAN_POINT('Ctrl Pts',(-6.41735526721683,20.2811712416535,-18.3883693506065));
#3973=CARTESIAN_POINT('',(-12.3298145137361,0.,15.295924560949));
#3974=CARTESIAN_POINT('Ctrl Pts',(-12.3298145137361,-4.22209699861105E-17,
15.295924560949));
#3975=CARTESIAN_POINT('Ctrl Pts',(-13.4353087058262,-4.17754564365783E-17,
14.3373118517767));
#3976=CARTESIAN_POINT('Ctrl Pts',(-14.9912693933298,5.66645870893871E-16,
12.8197924821309));
#3977=CARTESIAN_POINT('Ctrl Pts',(-17.1331629210837,5.48921234157921E-16,
9.42871167278359));
#3978=CARTESIAN_POINT('Ctrl Pts',(-17.7553025573418,5.50355313137121E-18,
8.17124488302281));
#3979=CARTESIAN_POINT('Ctrl Pts',(-18.7652866624202,-5.93651393817659E-18,
5.44116630515162));
#3980=CARTESIAN_POINT('Ctrl Pts',(-19.1267607829768,8.31534297503925E-17,
3.97026868809133));
#3981=CARTESIAN_POINT('Ctrl Pts',(-19.3184776649186,8.35654340481212E-17,
2.47204302350124));
#3982=CARTESIAN_POINT('Ctrl Pts',(-12.3289292815976,-1.25333771139324E-15,
15.2947473250872));
#3983=CARTESIAN_POINT('Ctrl Pts',(-11.2051744881605,0.0269975101729511,
16.2010580266572));
#3984=CARTESIAN_POINT('Ctrl Pts',(-7.24928306298816,0.114355649041301,18.7369109443563));
#3985=CARTESIAN_POINT('Ctrl Pts',(0.709149023988653,0.262074416605048,20.4470692958542));
#3986=CARTESIAN_POINT('Ctrl Pts',(10.2974556146369,0.44315630269124,17.6793217048294));
#3987=CARTESIAN_POINT('Ctrl Pts',(17.4352588425601,0.624238188777433,10.705119188492));
#3988=CARTESIAN_POINT('Ctrl Pts',(20.4252364527668,0.805320074863625,1.18413806582132));
#3989=CARTESIAN_POINT('Ctrl Pts',(18.5555786562244,0.986401960949817,-8.61863831451031));
#3990=CARTESIAN_POINT('Ctrl Pts',(12.2713357133654,1.16748384703601,-16.3708695562188));
#3991=CARTESIAN_POINT('Ctrl Pts',(3.06750983509219,1.3485657331222,-20.228232899915));
#3992=CARTESIAN_POINT('Ctrl Pts',(-6.86610423686775,1.52964761920839,-19.2729731972513));
#3993=CARTESIAN_POINT('Ctrl Pts',(-15.1661750210376,1.71072950529459,-13.7323760455464));
#3994=CARTESIAN_POINT('Ctrl Pts',(-19.8579697443528,1.89181139138078,-4.92462896429635));
#3995=CARTESIAN_POINT('Ctrl Pts',(-19.8252450714212,2.07289327746697,5.05476323206527));
#3996=CARTESIAN_POINT('Ctrl Pts',(-15.0757825365631,2.25397516355316,13.831548708616));
#3997=CARTESIAN_POINT('Ctrl Pts',(-6.73955583959793,2.43505704963936,19.3175916833374));
#3998=CARTESIAN_POINT('Ctrl Pts',(3.20011716681018,2.61613893572555,20.2076770808925));
#3999=CARTESIAN_POINT('Ctrl Pts',(12.3784319652293,2.79722082181174,16.2900393770738));
#4000=CARTESIAN_POINT('Ctrl Pts',(18.6117239388452,2.97830270789793,8.49674610135535));
#4001=CARTESIAN_POINT('Ctrl Pts',(20.4169951089561,3.15938459398413,-1.31805623118049));
#4002=CARTESIAN_POINT('Ctrl Pts',(17.3647432534069,3.34046648007031,-10.819272321663));
#4003=CARTESIAN_POINT('Ctrl Pts',(10.1811468754981,3.52154836615651,-17.74641400517));
#4004=CARTESIAN_POINT('Ctrl Pts',(0.575296133735472,3.7026302522427,-20.4514057241423));
#4005=CARTESIAN_POINT('Ctrl Pts',(-9.16742657607303,3.88371213832889,-18.2906875687296));
#4006=CARTESIAN_POINT('Ctrl Pts',(-16.7290748567251,4.06479402441509,-11.7783282420771));
#4007=CARTESIAN_POINT('Ctrl Pts',(-20.3106141010648,4.24587591050127,-2.46372007177198));
#4008=CARTESIAN_POINT('Ctrl Pts',(-19.0599400021374,4.42695779658747,7.43704570799374));
#4009=CARTESIAN_POINT('Ctrl Pts',(-13.2746075256718,4.60803968267366,15.568421782229));
#4010=CARTESIAN_POINT('Ctrl Pts',(-4.33103791815396,4.78912156875985,19.9958263720535));
#4011=CARTESIAN_POINT('Ctrl Pts',(5.64295347330581,4.97020345484605,19.6659105522101));
#4012=CARTESIAN_POINT('Ctrl Pts',(14.2743978137436,5.15128534093224,14.6571664657535));
#4013=CARTESIAN_POINT('Ctrl Pts',(19.5097392479337,5.33236722701844,6.16125281312142));
#4014=CARTESIAN_POINT('Ctrl Pts',(20.1034080158482,5.51344911310463,-3.80051942476477));
#4015=CARTESIAN_POINT('Ctrl Pts',(15.9141610153584,5.69453099919082,-12.858088540949));
#4016=CARTESIAN_POINT('Ctrl Pts',(7.93868574943383,5.875612885277,-18.8565169191286));
#4017=CARTESIAN_POINT('Ctrl Pts',(-1.92552724799526,6.0566947713632,-20.3686844584249));
#4018=CARTESIAN_POINT('Ctrl Pts',(-11.3316271419311,6.23777665744939,-17.0348228070003));
#4019=CARTESIAN_POINT('Ctrl Pts',(-18.0417553828994,6.41885854353559,-9.64810989019469));
#4020=CARTESIAN_POINT('Ctrl Pts',(-20.4594673209969,6.59994042962178,0.0340395462642884));
#4021=CARTESIAN_POINT('Ctrl Pts',(-18.0095514028862,6.78102231570796,9.7080904412994));
#4022=CARTESIAN_POINT('Ctrl Pts',(-11.274881013356,6.96210420179417,17.0724345037348));
#4023=CARTESIAN_POINT('Ctrl Pts',(-1.8577397640042,7.14318608788034,20.3749788887961));
#4024=CARTESIAN_POINT('Ctrl Pts',(8.0013868842329,7.32426797396656,18.8299965395237));
#4025=CARTESIAN_POINT('Ctrl Pts',(15.9568582185303,7.50534986005273,12.8050629652248));
#4026=CARTESIAN_POINT('Ctrl Pts',(20.1159429537313,7.68643174613894,3.73360426824776));
#4027=CARTESIAN_POINT('Ctrl Pts',(19.4891296623991,7.86751363222512,-6.22613738620053));
#4028=CARTESIAN_POINT('Ctrl Pts',(14.2255470481144,8.04859551831131,-14.7045833987751));
#4029=CARTESIAN_POINT('Ctrl Pts',(5.57748389018721,8.22967740439751,-19.6845786138376));
#4030=CARTESIAN_POINT('Ctrl Pts',(-4.39755007912402,8.4107592904837,-19.9813041378996));
#4031=CARTESIAN_POINT('Ctrl Pts',(-13.3263379791523,8.59184117656989,-15.5241643193781));
#4032=CARTESIAN_POINT('Ctrl Pts',(-19.0845812628017,8.77292306265609,-7.37358256027346));
#4033=CARTESIAN_POINT('Ctrl Pts',(-20.3023036266543,8.95400494874227,2.53129002699968));
#4034=CARTESIAN_POINT('Ctrl Pts',(-16.6897898397896,9.13508683482847,11.8339290539239));
#4035=CARTESIAN_POINT('Ctrl Pts',(-9.10651353678416,9.31616872091466,18.3210909324204));
#4036=CARTESIAN_POINT('Ctrl Pts',(0.643345027094527,9.49725060700085,20.4493782038907));
#4037=CARTESIAN_POINT('Ctrl Pts',(10.2401417284181,9.67833249308704,17.7124379781994));
#4038=CARTESIAN_POINT('Ctrl Pts',(17.4006482591948,9.85941437917324,10.7614312203084));
#4039=CARTESIAN_POINT('Ctrl Pts',(20.4212679173738,10.0404962652594,1.2501113536356));
#4040=CARTESIAN_POINT('Ctrl Pts',(18.583347956015,10.2215781513456,-8.55862959213219));
#4041=CARTESIAN_POINT('Ctrl Pts',(12.3241583323969,10.4026600374318,-16.3311384522837));
#4042=CARTESIAN_POINT('Ctrl Pts',(3.13285833357219,10.583741923518,-20.2182135811109));
#4043=CARTESIAN_POINT('Ctrl Pts',(-6.80379775174264,10.7648238096042,-19.2950588986671));
#4044=CARTESIAN_POINT('Ctrl Pts',(-15.1217237428287,10.9459056956904,-13.7813073688682));
#4045=CARTESIAN_POINT('Ctrl Pts',(-19.8419547123566,11.1269875817766,-4.9887668759361));
#4046=CARTESIAN_POINT('Ctrl Pts',(-19.8414737511117,11.3080694678628,4.99067942604974));
#4047=CARTESIAN_POINT('Ctrl Pts',(-15.1203952873101,11.489151353949,13.782764893342));
#4048=CARTESIAN_POINT('Ctrl Pts',(-6.80193786233405,11.6702332400352,19.2957146295906));
#4049=CARTESIAN_POINT('Ctrl Pts',(3.13480716003786,11.8513151261213,20.2179115098228));
#4050=CARTESIAN_POINT('Ctrl Pts',(12.3257324395672,12.0323970122076,16.3299504462766));
#4051=CARTESIAN_POINT('Ctrl Pts',(18.5841728391292,12.2134788982937,8.55683829665022));
#4052=CARTESIAN_POINT('Ctrl Pts',(20.4211473238141,12.3945607843799,-1.25207976132934));
#4053=CARTESIAN_POINT('Ctrl Pts',(17.3996108800587,12.5756426704661,-10.7631084251806));
#4054=CARTESIAN_POINT('Ctrl Pts',(10.2384343724567,12.7567245565523,-17.7134249469307));
#4055=CARTESIAN_POINT('Ctrl Pts',(0.64137390104381,12.9378064426385,-20.4494401211551));
#4056=CARTESIAN_POINT('Ctrl Pts',(-9.10827947115108,13.1188883287247,-18.3202130671304));
#4057=CARTESIAN_POINT('Ctrl Pts',(-16.6909304390164,13.2999702148109,-11.8323202639874));
#4058=CARTESIAN_POINT('Ctrl Pts',(-20.3025475243126,13.4810521008971,-2.52933306875065));
#4059=CARTESIAN_POINT('Ctrl Pts',(-19.0838704318171,13.6621339869833,7.3754220958037));
#4060=CARTESIAN_POINT('Ctrl Pts',(-13.3248415373537,13.8432158730695,15.5254487778635));
#4061=CARTESIAN_POINT('Ctrl Pts',(-4.39562405346399,14.0242977591557,19.9817279265395));
#4062=CARTESIAN_POINT('Ctrl Pts',(5.57938126802699,14.2053796452418,19.6840409066756));
#4063=CARTESIAN_POINT('Ctrl Pts',(14.226964362212,14.386461531328,14.7032121247675));
#4064=CARTESIAN_POINT('Ctrl Pts',(19.4897297115301,14.5675434174142,6.22425879292611));
#4065=CARTESIAN_POINT('Ctrl Pts',(20.1155829767908,14.7486253035004,-3.73554323402465));
#4066=CARTESIAN_POINT('Ctrl Pts',(15.955623859701,14.9297071895866,-12.8066009931417));
#4067=CARTESIAN_POINT('Ctrl Pts',(7.99957181676698,15.1107890756728,-18.8307677086833));
#4068=CARTESIAN_POINT('Ctrl Pts',(-1.85970370700964,15.291870961759,-20.3747997258869));
#4069=CARTESIAN_POINT('Ctrl Pts',(-11.2765265792945,15.4729528478452,-17.0713476345861));
#4070=CARTESIAN_POINT('Ctrl Pts',(-18.0104870854318,15.6540347339314,-9.70635444878859));
#4071=CARTESIAN_POINT('Ctrl Pts',(-20.4594705074,15.8351166200176,-0.0320674508412039));
#4072=CARTESIAN_POINT('Ctrl Pts',(-18.0408253135259,16.0161985061038,9.64984889735654));
#4073=CARTESIAN_POINT('Ctrl Pts',(-11.3299850978582,16.1972803921899,17.0359149864535));
#4074=CARTESIAN_POINT('Ctrl Pts',(-1.92356389138893,16.3783622782762,20.3688699682331));
#4075=CARTESIAN_POINT('Ctrl Pts',(7.94050329387196,16.5594441643623,18.8557516144994));
#4076=CARTESIAN_POINT('Ctrl Pts',(15.9154003475537,16.7405260504486,12.8565545175903));
#4077=CARTESIAN_POINT('Ctrl Pts',(20.1037742359218,16.9216079365347,3.79858161627624));
#4078=CARTESIAN_POINT('Ctrl Pts',(19.5091453108643,17.1026898226209,-6.16313330429578));
#4079=CARTESIAN_POINT('Ctrl Pts',(14.272984861787,17.2837717087071,-14.6585423727738));
#4080=CARTESIAN_POINT('Ctrl Pts',(5.64105799091516,17.4648535947933,-19.6664542689243));
#4081=CARTESIAN_POINT('Ctrl Pts',(-4.33296559189144,17.6459354808795,-19.9954090394179));
#4082=CARTESIAN_POINT('Ctrl Pts',(-13.2761075468271,17.8270173669657,-15.5671417160858));
#4083=CARTESIAN_POINT('Ctrl Pts',(-19.0606578708423,18.0080992530519,-7.43520935520563));
#4084=CARTESIAN_POINT('Ctrl Pts',(-20.3103743878883,18.1891811391381,2.4656795163418));
#4085=CARTESIAN_POINT('Ctrl Pts',(-16.7279436334513,18.3702630252243,11.7799373783422));
#4086=CARTESIAN_POINT('Ctrl Pts',(-9.16565535443313,18.5513449113105,18.2915776285316));
#4087=CARTESIAN_POINT('Ctrl Pts',(0.577251594274551,18.7324267973966,20.4513375176438));
#4088=CARTESIAN_POINT('Ctrl Pts',(10.1828883219098,18.9135086834829,17.7454572365401));
#4089=CARTESIAN_POINT('Ctrl Pts',(17.3657257817977,19.094590569569,10.8175503612553));
#4090=CARTESIAN_POINT('Ctrl Pts',(20.4172395977796,19.2756724556553,1.31618208661667));
#4091=CARTESIAN_POINT('Ctrl Pts',(18.6106751912953,19.4567543417414,-8.49872367192822));
#4092=CARTESIAN_POINT('Ctrl Pts',(12.37731485107,19.6378362278276,-16.2908678963719));
#4093=CARTESIAN_POINT('Ctrl Pts',(3.19722927336775,19.8189181139138,-20.2087650139481));
#4094=CARTESIAN_POINT('Ctrl Pts',(-3.42691519270777,19.9396393713046,-19.6127133687586));
#4095=CARTESIAN_POINT('Ctrl Pts',(-6.47357431028565,20.,-18.5494600936683));
#4096=CARTESIAN_POINT('Ctrl Pts',(-12.5515892356269,-0.183958558066712,
15.571050306903));
#4097=CARTESIAN_POINT('Ctrl Pts',(-9.96010154297817,-0.122795047284692,
17.6600095219977));
#4098=CARTESIAN_POINT('Ctrl Pts',(-3.71661369761082,-0.000468025720652556,
20.5169132870507));
#4099=CARTESIAN_POINT('Ctrl Pts',(6.56210773276848,0.183022506625408,19.7906027802346));
#4100=CARTESIAN_POINT('Ctrl Pts',(15.2360794807316,0.366513038971468,14.2332386793183));
#4101=CARTESIAN_POINT('Ctrl Pts',(20.1913752591863,0.550003571317529,5.2003366209201));
#4102=CARTESIAN_POINT('Ctrl Pts',(20.216213781396,0.733494103663588,-5.10202928197448));
#4103=CARTESIAN_POINT('Ctrl Pts',(15.3055131079136,0.916984636009649,-14.1588261689608));
#4104=CARTESIAN_POINT('Ctrl Pts',(6.657737549643,1.10047516835571,-19.7586295366933));
#4105=CARTESIAN_POINT('Ctrl Pts',(-3.61546453970665,1.28396570070177,-20.5343115541625));
#4106=CARTESIAN_POINT('Ctrl Pts',(-13.0059809637261,1.46745623304783,-16.2964414882253));
#4107=CARTESIAN_POINT('Ctrl Pts',(-19.221010418615,1.65094676539389,-8.0797357697863));
#4108=CARTESIAN_POINT('Ctrl Pts',(-20.7431626834454,1.83443729773995,2.10967477409414));
#4109=CARTESIAN_POINT('Ctrl Pts',(-17.2007801137302,2.01792783008601,11.7839974665611));
#4110=CARTESIAN_POINT('Ctrl Pts',(-9.45875920865982,2.20141836243207,18.5812096001841));
#4111=CARTESIAN_POINT('Ctrl Pts',(0.592658386643295,2.38490889477813,20.8417421919439));
#4112=CARTESIAN_POINT('Ctrl Pts',(10.4993751722667,2.56839942712419,18.013677697127));
#4113=CARTESIAN_POINT('Ctrl Pts',(17.8426266021562,2.75188995947025,10.7874993140056));
#4114=CARTESIAN_POINT('Ctrl Pts',(20.8295269008874,2.93538049181631,0.927508529680336));
#4115=CARTESIAN_POINT('Ctrl Pts',(18.7308123606264,3.11887102416237,-9.15893732705089));
#4116=CARTESIAN_POINT('Ctrl Pts',(12.0588926298147,3.30236155650843,-17.0091908202548));
#4117=CARTESIAN_POINT('Ctrl Pts',(2.44274452939309,3.48585208885449,-20.7065801931131));
#4118=CARTESIAN_POINT('Ctrl Pts',(-7.76980974322109,3.66934262120055,-19.3483725574405));
#4119=CARTESIAN_POINT('Ctrl Pts',(-16.0853328958861,3.85283315354662,-13.26617992));
#4120=CARTESIAN_POINT('Ctrl Pts',(-20.4735556469987,4.03632368589267,-3.94499470854346));
#4121=CARTESIAN_POINT('Ctrl Pts',(-19.8630752971593,4.21981421823874,6.33937724003622));
#4122=CARTESIAN_POINT('Ctrl Pts',(-14.4029431460849,4.40330475058479,15.0759640752572));
#4123=CARTESIAN_POINT('Ctrl Pts',(-5.42627298908983,4.58679528293086,20.1316920677124));
#4124=CARTESIAN_POINT('Ctrl Pts',(4.87524411038759,4.77028581527691,20.2721843649657));
#4125=CARTESIAN_POINT('Ctrl Pts',(13.9864502419027,4.95377634762298,15.4631391927375));
#4126=CARTESIAN_POINT('Ctrl Pts',(19.6828068292431,5.13726687996903,6.87870477526795));
#4127=CARTESIAN_POINT('Ctrl Pts',(20.5735249047025,5.32075741231509,-3.38519379927859));
#4128=CARTESIAN_POINT('Ctrl Pts',(16.4411319743975,5.50424794466115,-12.8225833381284));
#4129=CARTESIAN_POINT('Ctrl Pts',(8.2945688253352,5.68773847700722,-19.129286240336));
#4130=CARTESIAN_POINT('Ctrl Pts',(-1.87714753143205,5.87122900935327,-20.7654949666057));
#4131=CARTESIAN_POINT('Ctrl Pts',(-11.5905505720188,6.05471954169934,-17.3317224043188));
#4132=CARTESIAN_POINT('Ctrl Pts',(-18.4740728600066,6.23821007404539,-9.66633829462164));
#4133=CARTESIAN_POINT('Ctrl Pts',(-20.847074022718,6.42170060639145,0.359122199549274));
#4134=CARTESIAN_POINT('Ctrl Pts',(-18.1301760336721,6.60519113873751,10.2969015267195));
#4135=CARTESIAN_POINT('Ctrl Pts',(-10.9867207486505,6.78868167108358,17.7206498541692));
#4136=CARTESIAN_POINT('Ctrl Pts',(-1.16081225421395,6.97217220342963,20.8178283923507));
#4137=CARTESIAN_POINT('Ctrl Pts',(8.94851334238466,7.1556627357757,18.8322482201159));
#4138=CARTESIAN_POINT('Ctrl Pts',(16.8730224788286,7.33915326812176,12.2486969303613));
#4139=CARTESIAN_POINT('Ctrl Pts',(20.6779135475769,7.52264380046781,2.67457573866046));
#4140=CARTESIAN_POINT('Ctrl Pts',(19.4342066926437,7.70613433281388,-7.55255415674057));
#4141=CARTESIAN_POINT('Ctrl Pts',(13.4455580750356,7.88962486515994,-15.9356967878327));
#4142=CARTESIAN_POINT('Ctrl Pts',(4.1741209679515,8.073115397506,-20.4280732867249));
#4143=CARTESIAN_POINT('Ctrl Pts',(-6.11644499870089,8.25660592985205,-19.9328513926323));
#4144=CARTESIAN_POINT('Ctrl Pts',(-14.9136556783364,8.44009646219813,-14.5709415746177));
#4145=CARTESIAN_POINT('Ctrl Pts',(-20.0696357802875,8.62358699454418,-5.65147624161154));
#4146=CARTESIAN_POINT('Ctrl Pts',(-20.3255314856058,8.80707752689024,4.64782033759299));
#4147=CARTESIAN_POINT('Ctrl Pts',(-15.6188648018392,8.9905680592363,13.8123324013276));
#4148=CARTESIAN_POINT('Ctrl Pts',(-7.09878782271588,9.17405859158236,19.6045065102633));
#4149=CARTESIAN_POINT('Ctrl Pts',(3.15448749771786,9.35754912392842,20.6101594532803));
#4150=CARTESIAN_POINT('Ctrl Pts',(12.6375816780373,9.54103965627449,16.5837569143374));
#4151=CARTESIAN_POINT('Ctrl Pts',(19.0351581404644,9.72453018862054,8.50836168897452));
#4152=CARTESIAN_POINT('Ctrl Pts',(20.7852221909751,9.9080207209666,-1.64438515399983));
#4153=CARTESIAN_POINT('Ctrl Pts',(17.4604884696906,10.0915112533127,-11.395648575781));
#4154=CARTESIAN_POINT('Ctrl Pts',(9.87270443475996,10.2750017856587,-18.3646173716407));
#4155=CARTESIAN_POINT('Ctrl Pts',(-0.125541129365453,10.4584923180048,-20.8497890513965));
#4156=CARTESIAN_POINT('Ctrl Pts',(-10.0931353086888,10.6419828503508,-18.2443986939388));
#4157=CARTESIAN_POINT('Ctrl Pts',(-17.5964488513009,10.8254733826969,-11.1845631066415));
#4158=CARTESIAN_POINT('Ctrl Pts',(-20.8035167920323,11.008963915043,-1.39397028179447));
#4159=CARTESIAN_POINT('Ctrl Pts',(-18.9313202586246,11.192454447389,8.73696613981582));
#4160=CARTESIAN_POINT('Ctrl Pts',(-12.4369637606568,11.3759449797351,16.7347362237654));
#4161=CARTESIAN_POINT('Ctrl Pts',(-2.90607123721024,11.5594355120811,20.6466513998555));
#4162=CARTESIAN_POINT('Ctrl Pts',(7.33435057121444,11.7429260444272,19.517601434639));
#4163=CARTESIAN_POINT('Ctrl Pts',(15.7840604211917,11.9264165767733,13.6232485363464));
#4164=CARTESIAN_POINT('Ctrl Pts',(20.3800267836386,12.1099071091193,4.40272328917796));
#4165=CARTESIAN_POINT('Ctrl Pts',(20.0001255051015,12.2933976414654,-5.89274501765391));
#4166=CARTESIAN_POINT('Ctrl Pts',(14.7371110504646,12.4768881738114,-14.7494753109788));
#4167=CARTESIAN_POINT('Ctrl Pts',(5.8759701175806,12.6603787061575,-20.0050603408287));
#4168=CARTESIAN_POINT('Ctrl Pts',(-4.419813167733,12.8438692385036,-20.3763273340716));
#4169=CARTESIAN_POINT('Ctrl Pts',(-13.6364808290095,13.0273597708496,-15.7726299222086));
#4170=CARTESIAN_POINT('Ctrl Pts',(-19.5237454225512,13.2108503031957,-7.31797982631204));
#4171=CARTESIAN_POINT('Ctrl Pts',(-20.6442070030136,13.3943408355417,2.92338524310728));
#4172=CARTESIAN_POINT('Ctrl Pts',(-16.724300251746,13.5778313678878,12.4509937415594));
#4173=CARTESIAN_POINT('Ctrl Pts',(-8.7210865782526,13.7613219002338,18.9386407367983));
#4174=CARTESIAN_POINT('Ctrl Pts',(1.41141637241472,13.9448124325799,20.8023404425216));
#4175=CARTESIAN_POINT('Ctrl Pts',(11.1993161913022,14.128302964926,17.5870628846936));
#4176=CARTESIAN_POINT('Ctrl Pts',(18.2528567461335,14.3117934972721,10.0778313474642));
#4177=CARTESIAN_POINT('Ctrl Pts',(20.8498870027884,14.4952840296181,0.108055698812572));
#4178=CARTESIAN_POINT('Ctrl Pts',(18.3563313069737,14.6787745619642,-9.8881021946182));
#4179=CARTESIAN_POINT('Ctrl Pts',(11.3810015719756,14.8622650943102,-17.4700391322368));
#4180=CARTESIAN_POINT('Ctrl Pts',(1.62695333740397,15.0457556266563,-20.7865939225487));
#4181=CARTESIAN_POINT('Ctrl Pts',(-8.52432226825807,15.2292461590024,-19.0280160271164));
#4182=CARTESIAN_POINT('Ctrl Pts',(-16.5943494152956,15.4127366913484,-12.6236694962628));
#4183=CARTESIAN_POINT('Ctrl Pts',(-20.6127976725405,15.5962272236945,-3.13720196401465));
#4184=CARTESIAN_POINT('Ctrl Pts',(-19.598546316782,15.7797177560405,7.11522637378005));
#4185=CARTESIAN_POINT('Ctrl Pts',(-13.7992289988416,15.9632082883866,15.6304428305411));
#4186=CARTESIAN_POINT('Ctrl Pts',(-4.63077297998118,16.1466988207326,20.3294221677658));
#4187=CARTESIAN_POINT('Ctrl Pts',(5.66830537960869,16.3301893530787,20.0648891911519));
#4188=CARTESIAN_POINT('Ctrl Pts',(14.5834435739753,16.5136798854248,14.9014307145964));
#4189=CARTESIAN_POINT('Ctrl Pts',(19.9379738688966,16.6971704177708,6.09972644083635));
#4190=CARTESIAN_POINT('Ctrl Pts',(20.4245655071511,16.8806609501169,-4.19125122505397));
#4191=CARTESIAN_POINT('Ctrl Pts',(15.9244153063373,17.0641514824629,-13.4589175889049));
#4192=CARTESIAN_POINT('Ctrl Pts',(7.53625316930546,17.2476420148091,-19.4405337208657));
#4193=CARTESIAN_POINT('Ctrl Pts',(-2.69191584149985,17.431132547155,-20.6756632459758));
#4194=CARTESIAN_POINT('Ctrl Pts',(-12.2628433431329,17.6146230795012,-16.862744412318));
#4195=CARTESIAN_POINT('Ctrl Pts',(-18.8397453766034,17.7981136118472,-8.93271666166356));
#4196=CARTESIAN_POINT('Ctrl Pts',(-20.8168490689211,17.9816041441933,1.17827017533839));
#4197=CARTESIAN_POINT('Ctrl Pts',(-17.7114268448002,18.1650946765393,11.0015785568871));
#4198=CARTESIAN_POINT('Ctrl Pts',(-10.2816989708093,18.3485852088854,18.138804047721));
#4199=CARTESIAN_POINT('Ctrl Pts',(-0.341627880728049,18.5320757412314,20.8473697437445));
#4200=CARTESIAN_POINT('Ctrl Pts',(9.68180631637525,18.7155662735775,18.4659561599288));
#4201=CARTESIAN_POINT('Ctrl Pts',(17.341478676909,18.8990568059235,11.5760186280809));
#4202=CARTESIAN_POINT('Ctrl Pts',(20.7669798107715,19.0825473382696,1.85971825506993));
#4203=CARTESIAN_POINT('Ctrl Pts',(19.1224834975347,19.2660378706157,-8.31058125010995));
#4204=CARTESIAN_POINT('Ctrl Pts',(12.8084777823092,19.4495284029617,-16.4519329607711));
#4205=CARTESIAN_POINT('Ctrl Pts',(3.36855744322245,19.6330189353078,-20.5762493436778));
#4206=CARTESIAN_POINT('Ctrl Pts',(-6.89650405827776,19.8165094676538,-19.6772757255618));
#4207=CARTESIAN_POINT('Ctrl Pts',(-12.6130974768446,19.9388364892179,-15.8741718241646));
#4208=CARTESIAN_POINT('Ctrl Pts',(-14.8438746751062,19.9999999999999,-13.4037078687111));
#4209=CARTESIAN_POINT('Ctrl Pts',(-12.47766432833,-0.122639038711142,15.4793417249183));
#4210=CARTESIAN_POINT('Ctrl Pts',(-9.90143968196518,-0.0614755279291219,
17.5559976281835));
#4211=CARTESIAN_POINT('Ctrl Pts',(-3.69472401353206,0.0608514936349182,
20.3960751298826));
#4212=CARTESIAN_POINT('Ctrl Pts',(6.52345898505132,0.244342025980978,19.6740423631899));
#4213=CARTESIAN_POINT('Ctrl Pts',(15.1463437714093,0.427832558327039,14.1494093864574));
#4214=CARTESIAN_POINT('Ctrl Pts',(20.0724544184695,0.611323090673099,5.16970827614262));
#4215=CARTESIAN_POINT('Ctrl Pts',(20.0971466496067,0.794813623019159,-5.0719799364601));
#4216=CARTESIAN_POINT('Ctrl Pts',(15.2153684563963,0.97830415536522,-14.0754351423486));
#4217=CARTESIAN_POINT('Ctrl Pts',(6.61852557242439,1.16179468771128,-19.6422574319826));
#4218=CARTESIAN_POINT('Ctrl Pts',(-3.59417059230957,1.34528522005734,-20.413370926681));
#4219=CARTESIAN_POINT('Ctrl Pts',(-12.9293798322678,1.5287757524034,-16.2004605806549));
#4220=CARTESIAN_POINT('Ctrl Pts',(-19.107804721179,1.71226628474946,-8.03214867092955));
#4221=CARTESIAN_POINT('Ctrl Pts',(-20.620991988593,1.89575681709552,2.09724945414668));
#4222=CARTESIAN_POINT('Ctrl Pts',(-17.0994729364898,2.07924734944158,11.7145934330201));
#4223=CARTESIAN_POINT('Ctrl Pts',(-9.40305009609109,2.26273788178764,18.4717721280544));
#4224=CARTESIAN_POINT('Ctrl Pts',(0.589167815412126,2.4462284141337,20.7189908948355));
#4225=CARTESIAN_POINT('Ctrl Pts',(10.4375371594291,2.62971894647976,17.9075828091541));
#4226=CARTESIAN_POINT('Ctrl Pts',(17.7375391512577,2.81320947882582,10.7239643407219));
#4227=CARTESIAN_POINT('Ctrl Pts',(20.7068475479959,2.99670001117188,0.922045796572467));
#4228=CARTESIAN_POINT('Ctrl Pts',(18.6204937753572,3.18019054351794,-9.10499407093169));
#4229=CARTESIAN_POINT('Ctrl Pts',(11.9878695503442,3.363681075864,-16.9090120436092));
#4230=CARTESIAN_POINT('Ctrl Pts',(2.42835753349198,3.54717160821006,-20.5846249576066));
#4231=CARTESIAN_POINT('Ctrl Pts',(-7.72404801104523,3.73066214055612,-19.2344167371214));
#4232=CARTESIAN_POINT('Ctrl Pts',(-15.9905953514329,3.91415267290219,-13.1880462986426));
#4233=CARTESIAN_POINT('Ctrl Pts',(-20.3529728526744,4.09764320524824,-3.92175993224213));
#4234=CARTESIAN_POINT('Ctrl Pts',(-19.7460880398161,4.2811337375943,6.30204030476913));
#4235=CARTESIAN_POINT('Ctrl Pts',(-14.3181143473655,4.46462426994036,14.9871713952425));
#4236=CARTESIAN_POINT('Ctrl Pts',(-5.39431395026568,4.64811480228642,20.0131227421953));
#4237=CARTESIAN_POINT('Ctrl Pts',(4.84653045810464,4.83160533463249,20.1527875840678));
#4238=CARTESIAN_POINT('Ctrl Pts',(13.9040744552086,5.01509586697853,15.3720661732271));
#4239=CARTESIAN_POINT('Ctrl Pts',(19.5668812963979,5.19858639932461,6.83819137068719));
#4240=CARTESIAN_POINT('Ctrl Pts',(20.4523533229371,5.38207693167066,-3.36525607401561));
#4241=CARTESIAN_POINT('Ctrl Pts',(16.3442988854358,5.56556746401673,-12.7470623609212));
#4242=CARTESIAN_POINT('Ctrl Pts',(8.245716427446,5.74905799636279,-19.0166207694203));
#4243=CARTESIAN_POINT('Ctrl Pts',(-1.86609172370613,5.93254852870884,-20.6431927416394));
#4244=CARTESIAN_POINT('Ctrl Pts',(-11.5222858797578,6.1160390610549,-17.2296440182291));
#4245=CARTESIAN_POINT('Ctrl Pts',(-18.3652663895323,6.29952959340096,-9.60940660661658));
#4246=CARTESIAN_POINT('Ctrl Pts',(-20.7242913228057,6.48302012574702,0.357007082904558));
#4247=CARTESIAN_POINT('Ctrl Pts',(-18.0233950071897,6.66651065809308,10.2362560198822));
#4248=CARTESIAN_POINT('Ctrl Pts',(-10.9220124238644,6.85000119043915,17.616280807898));
#4249=CARTESIAN_POINT('Ctrl Pts',(-1.15397543565089,7.0334917227852,20.6952179399899));
#4250=CARTESIAN_POINT('Ctrl Pts',(8.89580941725912,7.21698225513127,18.721332209583));
#4251=CARTESIAN_POINT('Ctrl Pts',(16.7736456908259,7.40047278747733,12.1765559633421));
#4252=CARTESIAN_POINT('Ctrl Pts',(20.5561271495836,7.58396331982338,2.6588233299553));
#4253=CARTESIAN_POINT('Ctrl Pts',(19.3197453363029,7.76745385216945,-7.50807199154136));
#4254=CARTESIAN_POINT('Ctrl Pts',(13.3663679728427,7.95094438451551,-15.841840552926));
#4255=CARTESIAN_POINT('Ctrl Pts',(4.14953671014883,8.13443491686156,-20.3077583691773));
#4256=CARTESIAN_POINT('Ctrl Pts',(-6.08042106411961,8.31792544920763,-19.8154531760638));
#4257=CARTESIAN_POINT('Ctrl Pts',(-14.8258189436582,8.50141598155369,-14.4851233180678));
#4258=CARTESIAN_POINT('Ctrl Pts',(-19.9514319467579,8.68490651389975,-5.61819082656101));
#4259=CARTESIAN_POINT('Ctrl Pts',(-20.2058205069698,8.86839704624581,4.62044613970147));
#4260=CARTESIAN_POINT('Ctrl Pts',(-15.5268746075393,9.05188757859187,13.7309821138736));
#4261=CARTESIAN_POINT('Ctrl Pts',(-7.05697819830392,9.23537811093793,19.4890421416351));
#4262=CARTESIAN_POINT('Ctrl Pts',(3.13590855990686,9.41886864328398,20.4887721055623));
#4263=CARTESIAN_POINT('Ctrl Pts',(12.5631503023391,9.60235917563006,16.4860838094012));
#4264=CARTESIAN_POINT('Ctrl Pts',(18.9230470544099,9.78584970797609,8.45825011845556));
#4265=CARTESIAN_POINT('Ctrl Pts',(20.6628037788705,9.96934024032218,-1.63470024336518));
#4266=CARTESIAN_POINT('Ctrl Pts',(17.3576516920324,10.1528307726682,-11.3285317948907));
#4267=CARTESIAN_POINT('Ctrl Pts',(9.81455731518742,10.3363213050143,-18.2564555595183));
#4268=CARTESIAN_POINT('Ctrl Pts',(-0.124801731654444,10.5198118373603,-20.7269903608204));
#4269=CARTESIAN_POINT('Ctrl Pts',(-10.0336899206967,10.7033023697064,-18.1369449319635));
#4270=CARTESIAN_POINT('Ctrl Pts',(-17.4928113098177,10.8867929020524,-11.1186895526801));
#4271=CARTESIAN_POINT('Ctrl Pts',(-20.6809906304897,11.0702834343986,-1.3857602358854));
#4272=CARTESIAN_POINT('Ctrl Pts',(-18.8198207449889,11.2537739667446,8.68550816108362));
#4273=CARTESIAN_POINT('Ctrl Pts',(-12.3637139613046,11.4372644990907,16.6361738982498));
#4274=CARTESIAN_POINT('Ctrl Pts',(-2.8889553929314,11.6207550314367,20.5250491260659));
#4275=CARTESIAN_POINT('Ctrl Pts',(7.29115355640765,11.8042455637828,19.4026489095342));
#4276=CARTESIAN_POINT('Ctrl Pts',(15.6910972767245,11.9877360961288,13.5430118933026));
#4277=CARTESIAN_POINT('Ctrl Pts',(20.2599948448613,12.1712266284749,4.37679263570481));
#4278=CARTESIAN_POINT('Ctrl Pts',(19.8823310651995,12.354717160821,-5.85803860550351));
#4279=CARTESIAN_POINT('Ctrl Pts',(14.6503141080393,12.538207693167,-14.6626055469534));
#4280=CARTESIAN_POINT('Ctrl Pts',(5.84136250430812,12.7216982255131,-19.8872368362985));
#4281=CARTESIAN_POINT('Ctrl Pts',(-4.39378186025786,12.9051887578591,-20.2563171838869));
#4282=CARTESIAN_POINT('Ctrl Pts',(-13.5561662519296,13.0886792902052,-15.6797340997802));
#4283=CARTESIAN_POINT('Ctrl Pts',(-19.4087567112927,13.2721698225513,-7.2748792300365));
#4284=CARTESIAN_POINT('Ctrl Pts',(-20.5226191259515,13.4556603548973,2.90616742478699));
#4285=CARTESIAN_POINT('Ctrl Pts',(-16.6257993908186,13.6391508872434,12.3776613100386));
#4286=CARTESIAN_POINT('Ctrl Pts',(-8.66972212513652,13.8226414195894,18.8270981078519));
#4287=CARTESIAN_POINT('Ctrl Pts',(1.40310357452679,14.0061319519355,20.6798212093071));
#4288=CARTESIAN_POINT('Ctrl Pts',(11.1333557463188,14.1896224842816,17.4834806235975));
#4289=CARTESIAN_POINT('Ctrl Pts',(18.1453531688947,14.3731130166276,10.0184760949834));
#4290=CARTESIAN_POINT('Ctrl Pts',(20.7270877353094,14.5566035489737,0.107419284780254));
#4291=CARTESIAN_POINT('Ctrl Pts',(18.2482182971623,14.7400940813197,-9.82986438708986));
#4292=CARTESIAN_POINT('Ctrl Pts',(11.3139710573244,14.9235846136658,-17.3671461041843));
#4293=CARTESIAN_POINT('Ctrl Pts',(1.61737109467867,15.1070751460118,-20.6641674313773));
#4294=CARTESIAN_POINT('Ctrl Pts',(-8.47411669495414,15.2905656783579,-18.91594700586));
#4295=CARTESIAN_POINT('Ctrl Pts',(-16.4966139238651,15.474056210704,-12.5493200589335));
#4296=CARTESIAN_POINT('Ctrl Pts',(-20.491394786542,15.6575467430501,-3.11872483255282));
#4297=CARTESIAN_POINT('Ctrl Pts',(-19.4831170518162,15.8410372753961,7.07331993147988));
#4298=CARTESIAN_POINT('Ctrl Pts',(-13.7179558863012,16.0245278077422,15.5383844452987));
#4299=CARTESIAN_POINT('Ctrl Pts',(-4.60349918565668,16.2080183400882,20.2096882742373));
#4300=CARTESIAN_POINT('Ctrl Pts',(5.63492084623592,16.3915088724343,19.9467133135373));
#4301=CARTESIAN_POINT('Ctrl Pts',(14.4975516845869,16.5749994047803,14.8136659811042));
#4302=CARTESIAN_POINT('Ctrl Pts',(19.8205454825563,16.7584899371264,6.06380097329514));
#4303=CARTESIAN_POINT('Ctrl Pts',(20.3042712493204,16.9419804694725,-4.1665660754324));
#4304=CARTESIAN_POINT('Ctrl Pts',(15.8306255158033,17.1254710018185,-13.3796488033832));
#4305=CARTESIAN_POINT('Ctrl Pts',(7.49186701178801,17.3089615341646,-19.3260351003215));
#4306=CARTESIAN_POINT('Ctrl Pts',(-2.67606130505048,17.4924520665106,-20.5538901015502));
#4307=CARTESIAN_POINT('Ctrl Pts',(-12.1906190581982,17.6759425988567,-16.7634281588899));
#4308=CARTESIAN_POINT('Ctrl Pts',(-18.7287852101801,17.8594331312028,-8.88010577401208));
#4309=CARTESIAN_POINT('Ctrl Pts',(-20.6942443844668,18.0429236635488,1.17133053511854));
#4310=CARTESIAN_POINT('Ctrl Pts',(-17.6071121191493,18.2264141958949,10.9367827242902));
#4311=CARTESIAN_POINT('Ctrl Pts',(-10.2211430022381,18.409904728241,18.0319722049533));
#4312=CARTESIAN_POINT('Ctrl Pts',(-0.339615800111094,18.593395260587,20.7245853021285));
#4313=CARTESIAN_POINT('Ctrl Pts',(9.62478352659392,18.7768857929331,18.3571974942615));
#4314=CARTESIAN_POINT('Ctrl Pts',(17.2393428294465,18.9603763252791,11.5078395243926));
#4315=CARTESIAN_POINT('Ctrl Pts',(20.6446688405407,19.1438668576252,1.84876510029218));
#4316=CARTESIAN_POINT('Ctrl Pts',(19.0098580926314,19.3273573899712,-8.26163454408216));
#4317=CARTESIAN_POINT('Ctrl Pts',(12.733039882383,19.5108479223173,-16.3550362574016));
#4318=CARTESIAN_POINT('Ctrl Pts',(3.34871770085678,19.6943384546633,-20.4550617158249));
#4319=CARTESIAN_POINT('Ctrl Pts',(-6.85588582152622,19.8778289870094,-19.5613827691751));
#4320=CARTESIAN_POINT('Ctrl Pts',(-12.5388103053798,20.0001560085735,-15.7806779519157));
#4321=CARTESIAN_POINT('Ctrl Pts',(-14.7564489285585,20.0613195193555,-13.3247642510522));
#4322=CARTESIAN_POINT('Ctrl Pts',(-12.4037394210331,-0.0613195193555712,
15.3876331429337));
#4323=CARTESIAN_POINT('Ctrl Pts',(-9.84277782095219,-0.000156008573551055,
17.4519857343692));
#4324=CARTESIAN_POINT('Ctrl Pts',(-3.6728343294533,0.122171012990489,20.2752369727145));
#4325=CARTESIAN_POINT('Ctrl Pts',(6.48481023733416,0.305661545336549,19.5574819461451));
#4326=CARTESIAN_POINT('Ctrl Pts',(15.056608062087,0.489152077682609,14.0655800935965));
#4327=CARTESIAN_POINT('Ctrl Pts',(19.9535335777528,0.672642610028669,5.13907993136512));
#4328=CARTESIAN_POINT('Ctrl Pts',(19.9780795178173,0.856133142374731,-5.0419305909457));
#4329=CARTESIAN_POINT('Ctrl Pts',(15.125223804879,1.03962367472079,-13.9920441157365));
#4330=CARTESIAN_POINT('Ctrl Pts',(6.57931359520581,1.22311420706685,-19.525885327272));
#4331=CARTESIAN_POINT('Ctrl Pts',(-3.57287664491251,1.40660473941291,-20.2924302991994));
#4332=CARTESIAN_POINT('Ctrl Pts',(-12.8527787008095,1.59009527175897,-16.1044796730845));
#4333=CARTESIAN_POINT('Ctrl Pts',(-18.9945990237431,1.77358580410503,-7.98456157207281));
#4334=CARTESIAN_POINT('Ctrl Pts',(-20.4988212937407,1.95707633645109,2.08482413419925));
#4335=CARTESIAN_POINT('Ctrl Pts',(-16.9981657592495,2.14056686879715,11.6451893994791));
#4336=CARTESIAN_POINT('Ctrl Pts',(-9.34734098352237,2.32405740114321,18.3623346559246));
#4337=CARTESIAN_POINT('Ctrl Pts',(0.585677244180958,2.50754793348927,20.5962395977271));
#4338=CARTESIAN_POINT('Ctrl Pts',(10.3756991465915,2.69103846583533,17.8014879211811));
#4339=CARTESIAN_POINT('Ctrl Pts',(17.6324517003592,2.87452899818139,10.6604293674382));
#4340=CARTESIAN_POINT('Ctrl Pts',(20.5841681951044,3.05801953052745,0.916583063464608));
#4341=CARTESIAN_POINT('Ctrl Pts',(18.5101751900879,3.24151006287351,-9.05105081481249));
#4342=CARTESIAN_POINT('Ctrl Pts',(11.9168464708738,3.42500059521957,-16.8088332669637));
#4343=CARTESIAN_POINT('Ctrl Pts',(2.41397053759087,3.60849112756563,-20.4626697221001));
#4344=CARTESIAN_POINT('Ctrl Pts',(-7.67828627886937,3.7919816599117,-19.1204609168022));
#4345=CARTESIAN_POINT('Ctrl Pts',(-15.8958578069797,3.97547219225775,-13.1099126772852));
#4346=CARTESIAN_POINT('Ctrl Pts',(-20.2323900583501,4.15896272460381,-3.89852515594081));
#4347=CARTESIAN_POINT('Ctrl Pts',(-19.629100782473,4.34245325694988,6.26470336950203));
#4348=CARTESIAN_POINT('Ctrl Pts',(-14.2332855486462,4.52594378929593,14.8983787152278));
#4349=CARTESIAN_POINT('Ctrl Pts',(-5.36235491144153,4.709434321642,19.8945534166783));
#4350=CARTESIAN_POINT('Ctrl Pts',(4.81781680582169,4.89292485398806,20.03339080317));
#4351=CARTESIAN_POINT('Ctrl Pts',(13.8216986685146,5.07641538633411,15.2809931537168));
#4352=CARTESIAN_POINT('Ctrl Pts',(19.4509557635526,5.25990591868018,6.79767796610644));
#4353=CARTESIAN_POINT('Ctrl Pts',(20.3311817411718,5.44339645102624,-3.34531834875263));
#4354=CARTESIAN_POINT('Ctrl Pts',(16.2474657964741,5.6268869833723,-12.671541383714));
#4355=CARTESIAN_POINT('Ctrl Pts',(8.19686402955682,5.81037751571835,-18.9039552985046));
#4356=CARTESIAN_POINT('Ctrl Pts',(-1.85503591598024,5.99386804806442,-20.5208905166731));
#4357=CARTESIAN_POINT('Ctrl Pts',(-11.4540211874968,6.17735858041047,-17.1275656321393));
#4358=CARTESIAN_POINT('Ctrl Pts',(-18.2564599190579,6.36084911275654,-9.55247491861153));
#4359=CARTESIAN_POINT('Ctrl Pts',(-20.6015086228933,6.54433964510259,0.354891966259853));
#4360=CARTESIAN_POINT('Ctrl Pts',(-17.9166139807073,6.72783017744866,10.1756105130449));
#4361=CARTESIAN_POINT('Ctrl Pts',(-10.8573040990783,6.91132070979472,17.5119117616268));
#4362=CARTESIAN_POINT('Ctrl Pts',(-1.14713861708784,7.09481124214077,20.5726074876291));
#4363=CARTESIAN_POINT('Ctrl Pts',(8.8431054921336,7.27830177448684,18.61041619905));
#4364=CARTESIAN_POINT('Ctrl Pts',(16.6742689028232,7.4617923068329,12.104414996323));
#4365=CARTESIAN_POINT('Ctrl Pts',(20.4343407515904,7.64528283917896,2.64307092125012));
#4366=CARTESIAN_POINT('Ctrl Pts',(19.2052839799621,7.82877337152501,-7.46358982634214));
#4367=CARTESIAN_POINT('Ctrl Pts',(13.2871778706499,8.01226390387108,-15.7479843180192));
#4368=CARTESIAN_POINT('Ctrl Pts',(4.12495245234617,8.19575443621714,-20.1874434516298));
#4369=CARTESIAN_POINT('Ctrl Pts',(-6.04439712953832,8.3792449685632,-19.6980549594952));
#4370=CARTESIAN_POINT('Ctrl Pts',(-14.7379822089801,8.56273550090926,-14.3993050615178));
#4371=CARTESIAN_POINT('Ctrl Pts',(-19.8332281132283,8.74622603325532,-5.58490541151046));
#4372=CARTESIAN_POINT('Ctrl Pts',(-20.0861095283339,8.92971656560137,4.59307194180994));
#4373=CARTESIAN_POINT('Ctrl Pts',(-15.4348844132393,9.11320709794744,13.6496318264197));
#4374=CARTESIAN_POINT('Ctrl Pts',(-7.01516857389196,9.2966976302935,19.3735777730068));
#4375=CARTESIAN_POINT('Ctrl Pts',(3.11732962209585,9.48018816263956,20.3673847578444));
#4376=CARTESIAN_POINT('Ctrl Pts',(12.488718926641,9.66367869498563,16.3884107044651));
#4377=CARTESIAN_POINT('Ctrl Pts',(18.8109359683555,9.84716922733167,8.40813854793662));
#4378=CARTESIAN_POINT('Ctrl Pts',(20.5403853667661,10.0306597596778,-1.62501533273053));
#4379=CARTESIAN_POINT('Ctrl Pts',(17.2548149143743,10.2141502920238,-11.2614150140004));
#4380=CARTESIAN_POINT('Ctrl Pts',(9.75641019561488,10.3976408243699,-18.1482937473959));
#4381=CARTESIAN_POINT('Ctrl Pts',(-0.124062333943447,10.5811313567159,-20.6041916702443));
#4382=CARTESIAN_POINT('Ctrl Pts',(-9.97424453270454,10.764621889062,-18.0294911699881));
#4383=CARTESIAN_POINT('Ctrl Pts',(-17.3891737683346,10.948112421408,-11.0528159987187));
#4384=CARTESIAN_POINT('Ctrl Pts',(-20.5584644689471,11.1316029537541,-1.37755018997633));
#4385=CARTESIAN_POINT('Ctrl Pts',(-18.7083212313533,11.3150934861002,8.63405018235145));
#4386=CARTESIAN_POINT('Ctrl Pts',(-12.2904641619523,11.4985840184462,16.5376115727342));
#4387=CARTESIAN_POINT('Ctrl Pts',(-2.87183954865255,11.6820745507923,20.4034468522763));
#4388=CARTESIAN_POINT('Ctrl Pts',(7.24795654160087,11.8655650831383,19.2876963844294));
#4389=CARTESIAN_POINT('Ctrl Pts',(15.5981341322572,12.0490556154844,13.4627752502587));
#4390=CARTESIAN_POINT('Ctrl Pts',(20.1399629060839,12.2325461478305,4.35086198223165));
#4391=CARTESIAN_POINT('Ctrl Pts',(19.7645366252975,12.4160366801765,-5.8233321933531));
#4392=CARTESIAN_POINT('Ctrl Pts',(14.5635171656141,12.5995272125226,-14.575735782928));
#4393=CARTESIAN_POINT('Ctrl Pts',(5.80675489103566,12.7830177448686,-19.7694133317684));
#4394=CARTESIAN_POINT('Ctrl Pts',(-4.36775055278273,12.9665082772147,-20.1363070337024));
#4395=CARTESIAN_POINT('Ctrl Pts',(-13.4758516748496,13.1499988095607,-15.5868382773518));
#4396=CARTESIAN_POINT('Ctrl Pts',(-19.2937680000343,13.3334893419068,-7.23177863376101));
#4397=CARTESIAN_POINT('Ctrl Pts',(-20.4010312488893,13.5169798742529,2.88894960646671));
#4398=CARTESIAN_POINT('Ctrl Pts',(-16.5272985298912,13.700470406599,12.3043288785178));
#4399=CARTESIAN_POINT('Ctrl Pts',(-8.61835767202045,13.883960938945,18.7155554789055));
#4400=CARTESIAN_POINT('Ctrl Pts',(1.39479077663886,14.0674514712911,20.5573019760927));
#4401=CARTESIAN_POINT('Ctrl Pts',(11.0673953013354,14.2509420036371,17.3798983625014));
#4402=CARTESIAN_POINT('Ctrl Pts',(18.0378495916559,14.4344325359832,9.95912084250267));
#4403=CARTESIAN_POINT('Ctrl Pts',(20.6042884678304,14.6179230683292,0.106782870747909));
#4404=CARTESIAN_POINT('Ctrl Pts',(18.140105287351,14.8014136006753,-9.77162657956148));
#4405=CARTESIAN_POINT('Ctrl Pts',(11.2469405426732,14.9849041330213,-17.2642530761319));
#4406=CARTESIAN_POINT('Ctrl Pts',(1.60778885195337,15.1683946653674,-20.5417409402058));
#4407=CARTESIAN_POINT('Ctrl Pts',(-8.42391112165024,15.3518851977135,-18.8038779846037));
#4408=CARTESIAN_POINT('Ctrl Pts',(-16.3988784324346,15.5353757300596,-12.4749706216041));
#4409=CARTESIAN_POINT('Ctrl Pts',(-20.3699919005436,15.7188662624056,-3.10024770109099));
#4410=CARTESIAN_POINT('Ctrl Pts',(-19.3676877868503,15.9023567947517,7.03141348917973));
#4411=CARTESIAN_POINT('Ctrl Pts',(-13.6366827737608,16.0858473270977,15.4463260600564));
#4412=CARTESIAN_POINT('Ctrl Pts',(-4.57622539133219,16.2693378594438,20.0899543807088));
#4413=CARTESIAN_POINT('Ctrl Pts',(5.60153631286317,16.4528283917898,19.8285374359226));
#4414=CARTESIAN_POINT('Ctrl Pts',(14.4116597951984,16.6363189241359,14.7259012476121));
#4415=CARTESIAN_POINT('Ctrl Pts',(19.703117096216,16.819809456482,6.0278755057539));
#4416=CARTESIAN_POINT('Ctrl Pts',(20.1839769914896,17.003299988828,-4.1418809258108));
#4417=CARTESIAN_POINT('Ctrl Pts',(15.7368357252693,17.1867905211741,-13.3003800178614));
#4418=CARTESIAN_POINT('Ctrl Pts',(7.44748085427056,17.3702810535201,-19.2115364797772));
#4419=CARTESIAN_POINT('Ctrl Pts',(-2.6602067686011,17.5537715858662,-20.4321169571246));
#4420=CARTESIAN_POINT('Ctrl Pts',(-12.1183947732635,17.7372621182123,-16.6641119054617));
#4421=CARTESIAN_POINT('Ctrl Pts',(-18.6178250437568,17.9207526505583,-8.82749488636061));
#4422=CARTESIAN_POINT('Ctrl Pts',(-20.5716397000126,18.1042431829044,1.16439089489869));
#4423=CARTESIAN_POINT('Ctrl Pts',(-17.5027973934983,18.2877337152505,10.8719868916932));
#4424=CARTESIAN_POINT('Ctrl Pts',(-10.1605870336669,18.4712242475965,17.9251403621857));
#4425=CARTESIAN_POINT('Ctrl Pts',(-0.337603719494154,18.6547147799426,20.6018008605125));
#4426=CARTESIAN_POINT('Ctrl Pts',(9.56776073681262,18.8382053122886,18.2484388285941));
#4427=CARTESIAN_POINT('Ctrl Pts',(17.137206981984,19.0216958446347,11.4396604207044));
#4428=CARTESIAN_POINT('Ctrl Pts',(20.5223578703099,19.2051863769807,1.83781194551444));
#4429=CARTESIAN_POINT('Ctrl Pts',(18.8972326877281,19.3886769093268,-8.21268783805437));
#4430=CARTESIAN_POINT('Ctrl Pts',(12.6576019824568,19.5721674416729,-16.2581395540322));
#4431=CARTESIAN_POINT('Ctrl Pts',(3.32887795849111,19.7556579740189,-20.333874087972));
#4432=CARTESIAN_POINT('Ctrl Pts',(-6.81526758477467,19.939148506365,-19.4454898127885));
#4433=CARTESIAN_POINT('Ctrl Pts',(-12.464523133915,20.061475527929,-15.6871840796668));
#4434=CARTESIAN_POINT('Ctrl Pts',(-14.6690231820109,20.1226390387111,-13.2458206333933));
#4435=CARTESIAN_POINT('Ctrl Pts',(-12.3298145137361,-5.55111512312578E-16,
15.295924560949));
#4436=CARTESIAN_POINT('Ctrl Pts',(-9.78411595993921,0.0611635107820195,
17.347973840555));
#4437=CARTESIAN_POINT('Ctrl Pts',(-3.65094464537452,0.18349053234606,20.1543988155464));
#4438=CARTESIAN_POINT('Ctrl Pts',(6.44616148961699,0.366981064692119,19.4409215291004));
#4439=CARTESIAN_POINT('Ctrl Pts',(14.9668723527647,0.55047159703818,13.9817508007356));
#4440=CARTESIAN_POINT('Ctrl Pts',(19.834612737036,0.73396212938424,5.10845158658765));
#4441=CARTESIAN_POINT('Ctrl Pts',(19.859012386028,0.9174526617303,-5.01188124543134));
#4442=CARTESIAN_POINT('Ctrl Pts',(15.0350791533617,1.10094319407636,-13.9086530891243));
#4443=CARTESIAN_POINT('Ctrl Pts',(6.54010161798722,1.28443372642242,-19.4095132225613));
#4444=CARTESIAN_POINT('Ctrl Pts',(-3.55158269751544,1.46792425876848,-20.1714896717179));
#4445=CARTESIAN_POINT('Ctrl Pts',(-12.7761775693513,1.65141479111454,-16.0084987655141));
#4446=CARTESIAN_POINT('Ctrl Pts',(-18.8813933263071,1.8349053234606,-7.93697447321607));
#4447=CARTESIAN_POINT('Ctrl Pts',(-20.3766505988883,2.01839585580666,2.07239881425181));
#4448=CARTESIAN_POINT('Ctrl Pts',(-16.8968585820091,2.20188638815272,11.575785365938));
#4449=CARTESIAN_POINT('Ctrl Pts',(-9.29163187095364,2.38537692049878,18.2528971837949));
#4450=CARTESIAN_POINT('Ctrl Pts',(0.582186672949788,2.56886745284484,20.4734883006186));
#4451=CARTESIAN_POINT('Ctrl Pts',(10.3138611337539,2.7523579851909,17.6953930332082));
#4452=CARTESIAN_POINT('Ctrl Pts',(17.5273642494606,2.93584851753696,10.5968943941545));
#4453=CARTESIAN_POINT('Ctrl Pts',(20.461488842213,3.11933904988302,0.911120330356751));
#4454=CARTESIAN_POINT('Ctrl Pts',(18.3998566048187,3.30282958222908,-8.9971075586933));
#4455=CARTESIAN_POINT('Ctrl Pts',(11.8458233914033,3.48632011457514,-16.7086544903181));
#4456=CARTESIAN_POINT('Ctrl Pts',(2.39958354168976,3.6698106469212,-20.3407144865936));
#4457=CARTESIAN_POINT('Ctrl Pts',(-7.63252454669353,3.85330117926726,-19.0065050964831));
#4458=CARTESIAN_POINT('Ctrl Pts',(-15.8011202625265,4.03679171161333,-13.0317790559278));
#4459=CARTESIAN_POINT('Ctrl Pts',(-20.1118072640259,4.22028224395938,-3.8752903796395));
#4460=CARTESIAN_POINT('Ctrl Pts',(-19.5121135251298,4.40377277630545,6.22736643423495));
#4461=CARTESIAN_POINT('Ctrl Pts',(-14.1484567499269,4.5872633086515,14.8095860352131));
#4462=CARTESIAN_POINT('Ctrl Pts',(-5.33039587261738,4.77075384099757,19.7759840911612));
#4463=CARTESIAN_POINT('Ctrl Pts',(4.78910315353875,4.95424437334362,19.9139940222721));
#4464=CARTESIAN_POINT('Ctrl Pts',(13.7393228818205,5.13773490568969,15.1899201342064));
#4465=CARTESIAN_POINT('Ctrl Pts',(19.3350302307074,5.32122543803574,6.75716456152567));
#4466=CARTESIAN_POINT('Ctrl Pts',(20.2100101594063,5.50471597038181,-3.32538062348965));
#4467=CARTESIAN_POINT('Ctrl Pts',(16.1506327075125,5.68820650272787,-12.5960204065068));
#4468=CARTESIAN_POINT('Ctrl Pts',(8.1480116316676,5.87169703507392,-18.7912898275888));
#4469=CARTESIAN_POINT('Ctrl Pts',(-1.84398010825432,6.05518756741999,-20.3985882917068));
#4470=CARTESIAN_POINT('Ctrl Pts',(-11.3857564952358,6.23867809976604,-17.0254872460494));
#4471=CARTESIAN_POINT('Ctrl Pts',(-18.1476534485836,6.42216863211211,-9.49554323060645));
#4472=CARTESIAN_POINT('Ctrl Pts',(-20.478725922981,6.60565916445816,0.352776849615131));
#4473=CARTESIAN_POINT('Ctrl Pts',(-17.8098329542249,6.78914969680423,10.1149650062077));
#4474=CARTESIAN_POINT('Ctrl Pts',(-10.7925957742922,6.97264022915029,17.4075427153556));
#4475=CARTESIAN_POINT('Ctrl Pts',(-1.14030179852479,7.15613076149635,20.4499970352683));
#4476=CARTESIAN_POINT('Ctrl Pts',(8.79040156700807,7.33962129384241,18.4995001885171));
#4477=CARTESIAN_POINT('Ctrl Pts',(16.5748921148205,7.52311182618846,12.0322740293039));
#4478=CARTESIAN_POINT('Ctrl Pts',(20.3125543535971,7.70660235853453,2.62731851254496));
#4479=CARTESIAN_POINT('Ctrl Pts',(19.0908226236213,7.89009289088058,-7.41910766114294));
#4480=CARTESIAN_POINT('Ctrl Pts',(13.207987768457,8.07358342322665,-15.6541280831125));
#4481=CARTESIAN_POINT('Ctrl Pts',(4.10036819454349,8.25707395557271,-20.0671285340822));
#4482=CARTESIAN_POINT('Ctrl Pts',(-6.00837319495701,8.44056448791877,-19.5806567429267));
#4483=CARTESIAN_POINT('Ctrl Pts',(-14.6501454743019,8.62405502026483,-14.3134868049679));
#4484=CARTESIAN_POINT('Ctrl Pts',(-19.7150242796986,8.80754555261089,-5.55161999645992));
#4485=CARTESIAN_POINT('Ctrl Pts',(-19.9663985496979,8.99103608495695,4.56569774391842));
#4486=CARTESIAN_POINT('Ctrl Pts',(-15.3428942189393,9.17452661730301,13.5682815389657));
#4487=CARTESIAN_POINT('Ctrl Pts',(-6.97335894948002,9.35801714964907,19.2581134043786));
#4488=CARTESIAN_POINT('Ctrl Pts',(3.09875068428484,9.54150768199513,20.2459974101264));
#4489=CARTESIAN_POINT('Ctrl Pts',(12.4142875509428,9.7249982143412,16.290737599529));
#4490=CARTESIAN_POINT('Ctrl Pts',(18.698824882301,9.90848874668725,8.35802697741766));
#4491=CARTESIAN_POINT('Ctrl Pts',(20.4179669546616,10.0919792790333,-1.61533042209588));
#4492=CARTESIAN_POINT('Ctrl Pts',(17.1519781367161,10.2754698113794,-11.1942982331101));
#4493=CARTESIAN_POINT('Ctrl Pts',(9.69826307604234,10.4589603437254,-18.0401319352735));
#4494=CARTESIAN_POINT('Ctrl Pts',(-0.123322936232444,10.6424508760715,-20.4813929796681));
#4495=CARTESIAN_POINT('Ctrl Pts',(-9.91479914471239,10.8259414084175,-17.9220374080128));
#4496=CARTESIAN_POINT('Ctrl Pts',(-17.2855362268514,11.0094319407636,-10.9869424447572));
#4497=CARTESIAN_POINT('Ctrl Pts',(-20.4359383074046,11.1929224731097,-1.36934014406725));
#4498=CARTESIAN_POINT('Ctrl Pts',(-18.5968217177176,11.3764130054557,8.58259220361925));
#4499=CARTESIAN_POINT('Ctrl Pts',(-12.2172143626001,11.5599035378018,16.4390492472186));
#4500=CARTESIAN_POINT('Ctrl Pts',(-2.85472370437372,11.7433940701478,20.2818445784866));
#4501=CARTESIAN_POINT('Ctrl Pts',(7.2047595267941,11.9268846024939,19.1727438593246));
#4502=CARTESIAN_POINT('Ctrl Pts',(15.50517098779,12.11037513484,13.3825386072148));
#4503=CARTESIAN_POINT('Ctrl Pts',(20.0199309673066,12.2938656671861,4.32493132875851));
#4504=CARTESIAN_POINT('Ctrl Pts',(19.6467421853954,12.4773561995321,-5.78862578120269));
#4505=CARTESIAN_POINT('Ctrl Pts',(14.4767202231889,12.6608467318782,-14.4888660189027));
#4506=CARTESIAN_POINT('Ctrl Pts',(5.77214727776316,12.8443372642242,-19.6515898272382));
#4507=CARTESIAN_POINT('Ctrl Pts',(-4.34171924530757,13.0278277965703,-20.0162968835178));
#4508=CARTESIAN_POINT('Ctrl Pts',(-13.3955370977697,13.2113183289163,-15.4939424549233));
#4509=CARTESIAN_POINT('Ctrl Pts',(-19.1787792887758,13.3948088612624,-7.18867803748551));
#4510=CARTESIAN_POINT('Ctrl Pts',(-20.2794433718272,13.5782993936085,2.87173178814645));
#4511=CARTESIAN_POINT('Ctrl Pts',(-16.4287976689639,13.7617899259545,12.230996446997));
#4512=CARTESIAN_POINT('Ctrl Pts',(-8.56699321890437,13.9452804583006,18.6040128499591));
#4513=CARTESIAN_POINT('Ctrl Pts',(1.38647797875093,14.1287709906466,20.4347827428782));
#4514=CARTESIAN_POINT('Ctrl Pts',(11.001434856352,14.3122615229927,17.2763161014053));
#4515=CARTESIAN_POINT('Ctrl Pts',(17.9303460144172,14.4957520553388,9.89976559002193));
#4516=CARTESIAN_POINT('Ctrl Pts',(20.4814892003515,14.6792425876848,0.106146456715583));
#4517=CARTESIAN_POINT('Ctrl Pts',(18.0319922775396,14.8627331200309,-9.71338877203314));
#4518=CARTESIAN_POINT('Ctrl Pts',(11.179910028022,15.0462236523769,-17.1613600480795));
#4519=CARTESIAN_POINT('Ctrl Pts',(1.59820660922807,15.229714184723,-20.4193144490344));
#4520=CARTESIAN_POINT('Ctrl Pts',(-8.37370554834632,15.4132047170691,-18.6918089633473));
#4521=CARTESIAN_POINT('Ctrl Pts',(-16.3011429410041,15.5966952494151,-12.4006211842748));
#4522=CARTESIAN_POINT('Ctrl Pts',(-20.2485890145451,15.7801857817612,-3.08177056962916));
#4523=CARTESIAN_POINT('Ctrl Pts',(-19.2522585218844,15.9636763141072,6.98950704687956));
#4524=CARTESIAN_POINT('Ctrl Pts',(-13.5554096612204,16.1471668464533,15.354267674814));
#4525=CARTESIAN_POINT('Ctrl Pts',(-4.54895159700768,16.3306573787993,19.9702204871804));
#4526=CARTESIAN_POINT('Ctrl Pts',(5.5681517794904,16.5141479111454,19.710361558308));
#4527=CARTESIAN_POINT('Ctrl Pts',(14.32576790581,16.6976384434915,14.6381365141199));
#4528=CARTESIAN_POINT('Ctrl Pts',(19.5856887098756,16.8811289758375,5.99195003821266));
#4529=CARTESIAN_POINT('Ctrl Pts',(20.063682733659,17.0646195081836,-4.11719577618921));
#4530=CARTESIAN_POINT('Ctrl Pts',(15.6430459347353,17.2481100405297,-13.2211112323396));
#4531=CARTESIAN_POINT('Ctrl Pts',(7.40309469675312,17.4316005728757,-19.097037859233));
#4532=CARTESIAN_POINT('Ctrl Pts',(-2.64435223215174,17.6150911052218,-20.310343812699));
#4533=CARTESIAN_POINT('Ctrl Pts',(-12.0461704883287,17.7985816375679,-16.5647956520335));
#4534=CARTESIAN_POINT('Ctrl Pts',(-18.5068648773334,17.9820721699139,-8.77488399870914));
#4535=CARTESIAN_POINT('Ctrl Pts',(-20.4490350155583,18.16556270226,1.15745125467884));
#4536=CARTESIAN_POINT('Ctrl Pts',(-17.3984826678474,18.349053234606,10.8071910590963));
#4537=CARTESIAN_POINT('Ctrl Pts',(-10.1000310650956,18.5325437669521,17.818308519418));
#4538=CARTESIAN_POINT('Ctrl Pts',(-0.335591638877215,18.7160342992981,20.4790164188964));
#4539=CARTESIAN_POINT('Ctrl Pts',(9.51073794703131,18.8995248316442,18.1396801629268));
#4540=CARTESIAN_POINT('Ctrl Pts',(17.0350711345216,19.0830153639903,11.3714813170162));
#4541=CARTESIAN_POINT('Ctrl Pts',(20.4000469000791,19.2665058963363,1.82685879073671));
#4542=CARTESIAN_POINT('Ctrl Pts',(18.7846072828249,19.4499964286824,-8.1637411320266));
#4543=CARTESIAN_POINT('Ctrl Pts',(12.5821640825306,19.6334869610284,-16.1612428506627));
#4544=CARTESIAN_POINT('Ctrl Pts',(3.30903821612546,19.8169774933745,-20.2126864601192));
#4545=CARTESIAN_POINT('Ctrl Pts',(-6.77464934802313,20.0004680257206,-19.3295968564018));
#4546=CARTESIAN_POINT('Ctrl Pts',(-12.3902359624502,20.1227950472846,-15.5936902074179));
#4547=CARTESIAN_POINT('Ctrl Pts',(-14.5815974354632,20.1839585580666,-13.1668770157344));
#4548=CARTESIAN_POINT('Ctrl Pts',(-3.53930973194058,-5.28463317618073E-16,
19.6861582857603));
#4549=CARTESIAN_POINT('Ctrl Pts',(-3.54760935513679,-5.33295415487925E-16,
19.6843612176271));
#4550=CARTESIAN_POINT('Ctrl Pts',(-3.55590784294099,-3.03763609959273E-16,
19.6825587351064));
#4551=CARTESIAN_POINT('Ctrl Pts',(-3.56420519002549,-3.06937635030646E-16,
19.6807508371862));
#4552=CARTESIAN_POINT('Ctrl Pts',(-3.97326049987549,-4.54174983613367E-16,
19.5916223197942));
#4553=CARTESIAN_POINT('Ctrl Pts',(-4.37954515499367,-3.26117029549617E-16,
19.4893359348106));
#4554=CARTESIAN_POINT('Ctrl Pts',(-4.78249307730806,-6.86950496486816E-16,
19.3741533260757));
#4555=CARTESIAN_POINT('Ctrl Pts',(-5.12868930190602,-9.96963719150325E-16,
19.2751931824068));
#4556=CARTESIAN_POINT('Ctrl Pts',(-5.47242238476306,-1.05320423819426E-15,
19.1667127591837));
#4557=CARTESIAN_POINT('Ctrl Pts',(-5.81331813380947,-1.09634523681734E-15,
19.0488512828106));
#4558=CARTESIAN_POINT('Ctrl Pts',(-5.96246002401728,-1.11521942371494E-15,
18.9972868868973));
#4559=CARTESIAN_POINT('Ctrl Pts',(-6.11105862660134,-9.02915438888527E-16,
18.9439265925116));
#4560=CARTESIAN_POINT('Ctrl Pts',(-6.25908157583772,-8.67361737988404E-16,
18.8887806689997));
#4561=CARTESIAN_POINT('Ctrl Pts',(-6.29805455834738,-8.58000799225309E-16,
18.8742612912708));
#4562=CARTESIAN_POINT('Ctrl Pts',(-6.33698938662789,-7.09505550567392E-16,
18.8596174598804));
#4563=CARTESIAN_POINT('Ctrl Pts',(-6.37588011586942,-7.14706072102445E-16,
18.8448513832907));
#4564=CARTESIAN_POINT('Ctrl Pts',(-6.76315807879341,-7.66493411283699E-16,
18.6978092430799));
#4565=CARTESIAN_POINT('Ctrl Pts',(-7.14534815380461,4.13557159865574E-16,
18.5389221147707));
#4566=CARTESIAN_POINT('Ctrl Pts',(-7.52194072473385,3.19189119579733E-16,
18.3685331515995));
#4567=CARTESIAN_POINT('Ctrl Pts',(-7.90050821993694,2.24326195040128E-16,
18.1972506357527));
#4568=CARTESIAN_POINT('Ctrl Pts',(-8.27341984505816,-2.55607462173226E-16,
18.0143450931821));
#4569=CARTESIAN_POINT('Ctrl Pts',(-8.64013954836366,-1.80411241501588E-16,
17.8201158228412));
#4570=CARTESIAN_POINT('Ctrl Pts',(-9.00608661863468,-1.05373449961614E-16,
17.6262957695377));
#4571=CARTESIAN_POINT('Ctrl Pts',(-9.36586830061446,-1.48489863837417E-15,
17.4211993653989));
#4572=CARTESIAN_POINT('Ctrl Pts',(-9.71892645634682,-1.47104550762833E-15,
17.205079127786));
#4573=CARTESIAN_POINT('Ctrl Pts',(-10.0697907870631,-1.45727845716215E-15,
16.9903018133602));
#4574=CARTESIAN_POINT('Ctrl Pts',(-10.4140153236495,-1.20973290424331E-15,
16.7646369400653));
#4575=CARTESIAN_POINT('Ctrl Pts',(-10.7510203765346,-1.36002320516582E-15,
16.5282923848113));
#4576=CARTESIAN_POINT('Ctrl Pts',(-11.0828834121881,-1.50802037929249E-15,
16.2955539706681));
#4577=CARTESIAN_POINT('Ctrl Pts',(-11.4077459412199,-1.73953539734745E-16,
16.0524589650746));
#4578=CARTESIAN_POINT('Ctrl Pts',(-11.7250176809317,-1.94289029309402E-16,
15.7991716913822));
#4579=CARTESIAN_POINT('Ctrl Pts',(-11.929836923348,-2.07416891162552E-16,
15.6356585226441));
#4580=CARTESIAN_POINT('Ctrl Pts',(-12.1314919263093,-5.50735558361528E-16,
15.4678970183202));
#4581=CARTESIAN_POINT('Ctrl Pts',(-12.3298145137361,-5.55111512312578E-16,
15.295924560949));
#4582=CARTESIAN_POINT('Origin',(0.,0.,0.));
#4583=CARTESIAN_POINT('',(-15.,0.,1.83697019872103E-15));
#4584=CARTESIAN_POINT('',(-15.,0.,1.83697019872103E-15));
#4585=CARTESIAN_POINT('Origin',(0.,0.,0.));
#4586=CARTESIAN_POINT('Origin',(0.,0.,0.));
#4587=CARTESIAN_POINT('Origin',(0.,-4.53511255523376,100.));
#4588=CARTESIAN_POINT('',(-20.9565186809087,19.5442034643247,100.000218805708));
#4589=CARTESIAN_POINT('',(-20.9535788121749,19.7103419902208,99.9998513475114));
#4590=CARTESIAN_POINT('',(-20.955,-4.53511255523376,100.));
#4591=CARTESIAN_POINT('',(-14.776173479794,20.,114.858557207718));
#4592=CARTESIAN_POINT('Ctrl Pts',(-20.9535788121749,19.7103419902208,99.9998513475113));
#4593=CARTESIAN_POINT('Ctrl Pts',(-20.9525573582368,19.746533720566,102.064001099377));
#4594=CARTESIAN_POINT('Ctrl Pts',(-20.1439148663978,19.8430863904924,107.571391306134));
#4595=CARTESIAN_POINT('Ctrl Pts',(-17.2166322165387,19.9396390604188,112.43162966958));
#4596=CARTESIAN_POINT('Ctrl Pts',(-14.776173479794,20.,114.858557207718));
#4597=CARTESIAN_POINT('',(-6.80058714481937,20.,119.81909930593));
#4598=CARTESIAN_POINT('Origin',(0.,20.,100.));
#4599=CARTESIAN_POINT('Ctrl Pts',(-20.9565186809087,19.5442034643247,100.000218805708));
#4600=CARTESIAN_POINT('Ctrl Pts',(-20.9566571712669,19.5484504509833,100.242328127508));
#4601=CARTESIAN_POINT('Ctrl Pts',(-20.8941007550487,19.6130583772232,103.925383186638));
#4602=CARTESIAN_POINT('Ctrl Pts',(-18.8565179924366,19.7380272430442,110.983010555139));
#4603=CARTESIAN_POINT('Ctrl Pts',(-12.7904475577682,19.8857124349439,117.192044780229));
#4604=CARTESIAN_POINT('Ctrl Pts',(-8.25532316676306,19.9730366872626,119.3203733089));
#4605=CARTESIAN_POINT('Ctrl Pts',(-6.80058714481937,20.,119.81909930593));
#4606=CARTESIAN_POINT('Origin',(0.,-4.53511255523376,100.));
#4607=CARTESIAN_POINT('',(-20.9555559519305,17.2351125552338,99.9995273580493));
#4608=CARTESIAN_POINT('',(-20.9538846111756,17.4012510811299,100.000398480666));
#4609=CARTESIAN_POINT('',(-20.955,-4.53511255523376,100.));
#4610=CARTESIAN_POINT('Ctrl Pts',(-20.9538846111756,17.4012510811299,100.000398480666));
#4611=CARTESIAN_POINT('Ctrl Pts',(-20.9547357743866,17.4224475666168,101.209183233619));
#4612=CARTESIAN_POINT('Ctrl Pts',(-20.5587250353891,17.5040049916849,105.859656117475));
#4613=CARTESIAN_POINT('Ctrl Pts',(-17.1617582826781,17.6459233563342,113.478683020233));
#4614=CARTESIAN_POINT('Ctrl Pts',(-8.74425624009178,17.8270061750777,119.993468981064));
#4615=CARTESIAN_POINT('Ctrl Pts',(1.75366219740162,18.0080889938212,121.751449222345));
#4616=CARTESIAN_POINT('Ctrl Pts',(11.834353061003,18.1891718125648,118.334362930416));
#4617=CARTESIAN_POINT('Ctrl Pts',(19.0994367721352,18.3702546313083,110.555207916667));
#4618=CARTESIAN_POINT('Ctrl Pts',(21.8204207900443,18.5513374500518,100.264762972152));
#4619=CARTESIAN_POINT('Ctrl Pts',(19.349929485127,18.7324202687953,89.9113569875277));
#4620=CARTESIAN_POINT('Ctrl Pts',(12.2757462183234,18.9135030875389,81.9581589846356));
#4621=CARTESIAN_POINT('Ctrl Pts',(2.28092911958562,19.0945859062824,78.2975675478752));
#4622=CARTESIAN_POINT('Ctrl Pts',(-8.25653795408743,19.2756687250259,79.8001205846497));
#4623=CARTESIAN_POINT('Ctrl Pts',(-16.8296747252827,19.4567515437694,86.1091094110335));
#4624=CARTESIAN_POINT('Ctrl Pts',(-20.4854621763318,19.6016426321677,93.8006888903889));
#4625=CARTESIAN_POINT('Ctrl Pts',(-20.9542609496058,19.6861727809848,98.621390943124));
#4626=CARTESIAN_POINT('Ctrl Pts',(-20.9535788121749,19.7103419902208,99.9998513475113));
#4627=CARTESIAN_POINT('Ctrl Pts',(-20.9555559519305,17.2351125552338,99.9995273580493));
#4628=CARTESIAN_POINT('Ctrl Pts',(-20.9528040224339,17.2847252366153,102.828170387255));
#4629=CARTESIAN_POINT('Ctrl Pts',(-19.6736595625527,17.394698857578,109.100677101132));
#4630=CARTESIAN_POINT('Ctrl Pts',(-13.603455485343,17.5650334181219,117.063025362507));
#4631=CARTESIAN_POINT('Ctrl Pts',(-3.91370860218006,17.7461162368654,121.468202531488));
#4632=CARTESIAN_POINT('Ctrl Pts',(6.70718068349816,17.9271990556089,120.76570658189));
#4633=CARTESIAN_POINT('Ctrl Pts',(15.7323096649552,18.1082818743525,115.12267340504));
#4634=CARTESIAN_POINT('Ctrl Pts',(21.0144395557633,18.2893646930959,105.881683756764));
#4635=CARTESIAN_POINT('Ctrl Pts',(21.2968511788126,18.4704475118395,95.2413336427609));
#4636=CARTESIAN_POINT('Ctrl Pts',(16.5123638881783,18.651530330583,85.7331595207329));
#4637=CARTESIAN_POINT('Ctrl Pts',(7.79927304472806,18.8326131493266,79.6193179157362));
#4638=CARTESIAN_POINT('Ctrl Pts',(-2.76937783147525,19.0136959680701,78.3544222958976));
#4639=CARTESIAN_POINT('Ctrl Pts',(-12.6792002989366,19.1947787868136,82.2393735339214));
#4640=CARTESIAN_POINT('Ctrl Pts',(-19.4106314780094,19.3716146188984,90.1597341199819));
#4641=CARTESIAN_POINT('Ctrl Pts',(-20.954688856125,19.4880895114022,96.8013128101096));
#4642=CARTESIAN_POINT('Ctrl Pts',(-20.9565186809087,19.5442034643247,100.000218805708));
#4643=CARTESIAN_POINT('Origin',(0.,-4.53511255523376,100.));
#4644=CARTESIAN_POINT('',(-20.9534485235104,14.9260216461429,99.9997823427773));
#4645=CARTESIAN_POINT('',(-20.9562586082407,15.092160172039,100.00032562251));
#4646=CARTESIAN_POINT('',(-20.955,-4.53511255523376,100.));
#4647=CARTESIAN_POINT('Ctrl Pts',(-20.9562586082407,15.092160172039,100.00032562251));
#4648=CARTESIAN_POINT('Ctrl Pts',(-20.9565249090871,15.0983614126676,100.353852059241));
#4649=CARTESIAN_POINT('Ctrl Pts',(-20.8624329127089,15.1649235928774,104.148352675199));
#4650=CARTESIAN_POINT('Ctrl Pts',(-18.6791389163902,15.2918467126684,111.282313870243));
#4651=CARTESIAN_POINT('Ctrl Pts',(-11.120101103984,15.4729295314119,118.776160107007));
#4652=CARTESIAN_POINT('Ctrl Pts',(-0.91539029834083,15.6540123501554,121.802818568314));
#4653=CARTESIAN_POINT('Ctrl Pts',(9.50710840037304,15.8350951688989,119.642192514977));
#4654=CARTESIAN_POINT('Ctrl Pts',(17.6676942169602,16.0161779876425,112.808333926504));
#4655=CARTESIAN_POINT('Ctrl Pts',(21.6248163233859,16.197260806386,102.927141251491));
#4656=CARTESIAN_POINT('Ctrl Pts',(20.437003865661,16.3783436251295,92.3495287760163));
#4657=CARTESIAN_POINT('Ctrl Pts',(14.3868588903713,16.559426443873,83.5921016554615));
#4658=CARTESIAN_POINT('Ctrl Pts',(4.91382021530562,16.7405092626166,78.7384100292021));
#4659=CARTESIAN_POINT('Ctrl Pts',(-5.72830508438404,16.9215920813601,78.9432348811685));
#4660=CARTESIAN_POINT('Ctrl Pts',(-15.0075630887497,17.1026749001036,84.1578445975179));
#4661=CARTESIAN_POINT('Ctrl Pts',(-20.048025399886,17.2625612333602,92.0900053356605));
#4662=CARTESIAN_POINT('Ctrl Pts',(-20.9523119286418,17.3620866270356,97.7669435526766));
#4663=CARTESIAN_POINT('Ctrl Pts',(-20.9538846111756,17.4012510811299,100.000398480666));
#4664=CARTESIAN_POINT('Ctrl Pts',(-20.9534485235104,14.9260216461429,99.9997823427773));
#4665=CARTESIAN_POINT('Ctrl Pts',(-20.9527106408853,14.9606390826661,101.974049545668));
#4666=CARTESIAN_POINT('Ctrl Pts',(-20.1928775389953,15.0556174587705,107.391318214073));
#4667=CARTESIAN_POINT('Ctrl Pts',(-15.5851228834493,15.2109567744561,115.274317689381));
#4668=CARTESIAN_POINT('Ctrl Pts',(-6.50576884552641,15.3920395931996,120.829685736873));
#4669=CARTESIAN_POINT('Ctrl Pts',(4.12142516015547,15.5731224119431,121.429295154459));
#4670=CARTESIAN_POINT('Ctrl Pts',(13.7680576460376,15.7542052306866,116.930488026794));
#4671=CARTESIAN_POINT('Ctrl Pts',(20.1390204285147,15.9352880494301,108.403611863013));
#4672=CARTESIAN_POINT('Ctrl Pts',(21.7185463386566,16.1163708681737,97.8773645836557));
#4673=CARTESIAN_POINT('Ctrl Pts',(18.1308376193008,16.2974536869172,87.8561306255965));
#4674=CARTESIAN_POINT('Ctrl Pts',(10.229475006932,16.4785365056607,80.7241426325024));
#4675=CARTESIAN_POINT('Ctrl Pts',(-0.105664559425178,16.6596193244043,78.1782294210986));
#4676=CARTESIAN_POINT('Ctrl Pts',(-10.41566461186,16.8407021431478,80.8241097533281));
#4677=CARTESIAN_POINT('Ctrl Pts',(-18.2475898536364,17.0217849618913,88.0322808784712));
#4678=CARTESIAN_POINT('Ctrl Pts',(-20.7817657076583,17.1532550992533,95.3328022493412));
#4679=CARTESIAN_POINT('Ctrl Pts',(-20.9561521391946,17.2243642970341,99.3867206161857));
#4680=CARTESIAN_POINT('Ctrl Pts',(-20.9555559519305,17.2351125552338,99.9995273580493));
#4681=CARTESIAN_POINT('Origin',(0.,-4.53511255523376,100.));
#4682=CARTESIAN_POINT('',(-20.9540924082593,12.6169307370519,100.000444131227));
#4683=CARTESIAN_POINT('',(-20.9558788943715,12.783069262948,99.9995779603474));
#4684=CARTESIAN_POINT('',(-20.955,-4.53511255523376,100.));
#4685=CARTESIAN_POINT('Ctrl Pts',(-20.9558788943715,12.783069262948,99.9995779603475));
#4686=CARTESIAN_POINT('Ctrl Pts',(-20.9532060186444,12.8346361982995,102.939510904577));
#4687=CARTESIAN_POINT('Ctrl Pts',(-19.5970717158943,12.9465640732322,109.32312907404));
#4688=CARTESIAN_POINT('Ctrl Pts',(-13.3295304609362,13.1188528877461,117.27786024414));
#4689=CARTESIAN_POINT('Ctrl Pts',(-3.57074380083276,13.2999357064896,121.527903419373));
#4690=CARTESIAN_POINT('Ctrl Pts',(7.03758733294293,13.4810185252331,120.656069361237));
#4691=CARTESIAN_POINT('Ctrl Pts',(15.9715492707842,13.6621013439766,114.869783146232));
#4692=CARTESIAN_POINT('Ctrl Pts',(21.1055910307019,13.8431841627202,105.545706823282));
#4693=CARTESIAN_POINT('Ctrl Pts',(21.2182313057133,14.0242669814637,94.9022066359756));
#4694=CARTESIAN_POINT('Ctrl Pts',(16.28267093898,14.2053498002072,85.4715636072579));
#4695=CARTESIAN_POINT('Ctrl Pts',(7.47316892748072,14.3864326189507,79.4974981256833));
#4696=CARTESIAN_POINT('Ctrl Pts',(-3.11433501226662,14.5675154376943,78.401348320868));
#4697=CARTESIAN_POINT('Ctrl Pts',(-12.9608823764634,14.7485982564378,82.4439080388474));
#4698=CARTESIAN_POINT('Ctrl Pts',(-19.492203228074,14.9234798345527,90.3819007803046));
#4699=CARTESIAN_POINT('Ctrl Pts',(-20.9539328198163,15.0380004730864,96.9127361332855));
#4700=CARTESIAN_POINT('Ctrl Pts',(-20.9562586082407,15.092160172039,100.00032562251));
#4701=CARTESIAN_POINT('Ctrl Pts',(-20.9540924082593,12.6169307370519,100.000444131227));
#4702=CARTESIAN_POINT('Ctrl Pts',(-20.9549835732961,12.6365529287169,101.119418839356));
#4703=CARTESIAN_POINT('Ctrl Pts',(-20.5957361235736,12.716536059963,105.679968709027));
#4704=CARTESIAN_POINT('Ctrl Pts',(-17.3335544513362,12.8568801307902,113.257025543115));
#4705=CARTESIAN_POINT('Ctrl Pts',(-9.00046850791154,13.0379629495337,119.879446742964));
#4706=CARTESIAN_POINT('Ctrl Pts',(1.47399153229803,13.2190457682773,121.772188340426));
#4707=CARTESIAN_POINT('Ctrl Pts',(11.5977623518999,13.4001285870208,118.484932907563));
#4708=CARTESIAN_POINT('Ctrl Pts',(18.9622159360496,13.5812114057643,110.799777912665));
#4709=CARTESIAN_POINT('Ctrl Pts',(21.8152157011671,13.7622942245079,100.545160600013));
#4710=CARTESIAN_POINT('Ctrl Pts',(19.4779814493344,13.9433770432514,90.1608397295478));
#4711=CARTESIAN_POINT('Ctrl Pts',(12.5065834429596,14.1244598619949,82.1174328813636));
#4712=CARTESIAN_POINT('Ctrl Pts',(2.55964324114377,14.3055426807384,78.32861188926));
#4713=CARTESIAN_POINT('Ctrl Pts',(-7.99628234057559,14.486625499482,79.6958057313751));
#4714=CARTESIAN_POINT('Ctrl Pts',(-16.6497478603942,14.6677083182255,85.8937342874336));
#4715=CARTESIAN_POINT('Ctrl Pts',(-20.4449359085305,14.8141737004458,93.621356683873));
#4716=CARTESIAN_POINT('Ctrl Pts',(-20.9539972551764,14.9002781430849,98.5316044856235));
#4717=CARTESIAN_POINT('Ctrl Pts',(-20.9534485235104,14.9260216461429,99.9997823427773));
#4718=CARTESIAN_POINT('Origin',(0.,-4.53511255523376,100.));
#4719=CARTESIAN_POINT('',(-20.9564473389668,10.307839827961,100.000252978103));
#4720=CARTESIAN_POINT('',(-20.9536033516066,10.4739783538571,99.9996970301488));
#4721=CARTESIAN_POINT('',(-20.955,-4.53511255523376,100.));
#4722=CARTESIAN_POINT('Ctrl Pts',(-20.9536033516066,10.4739783538571,99.9996970301488));
#4723=CARTESIAN_POINT('Ctrl Pts',(-20.9525075845718,10.5105500443503,102.08537314749));
#4724=CARTESIAN_POINT('Ctrl Pts',(-20.1319424823789,10.6074826744247,107.614264952311));
#4725=CARTESIAN_POINT('Ctrl Pts',(-15.3394796146487,10.7647762440803,115.520992303227));
#4726=CARTESIAN_POINT('Ctrl Pts',(-6.17266010976996,10.9458590628238,120.930817090938));
#4727=CARTESIAN_POINT('Ctrl Pts',(4.46274677538784,11.1269418815673,121.360822272183));
#4728=CARTESIAN_POINT('Ctrl Pts',(14.0363855607046,11.3080247003108,116.708701844138));
#4729=CARTESIAN_POINT('Ctrl Pts',(20.2705145831955,11.4891075190543,108.081279320597));
#4730=CARTESIAN_POINT('Ctrl Pts',(21.6819218974999,11.6701903377979,97.5311744177113));
#4731=CARTESIAN_POINT('Ctrl Pts',(17.9348081993697,11.8512731565414,87.5684477326092));
#4732=CARTESIAN_POINT('Ctrl Pts',(9.92067954805395,12.0323559752849,80.5634119704648));
#4733=CARTESIAN_POINT('Ctrl Pts',(-0.453758034739188,12.2134387940284,78.1826917203117));
#4734=CARTESIAN_POINT('Ctrl Pts',(-10.7202383816458,12.394521612772,80.992703349352));
#4735=CARTESIAN_POINT('Ctrl Pts',(-18.4361803025098,12.5756044315155,88.3248943140375));
#4736=CARTESIAN_POINT('Ctrl Pts',(-20.8176401297871,12.7051203149075,95.5558059982719));
#4737=CARTESIAN_POINT('Ctrl Pts',(-20.9563347151468,12.7742752587184,99.4982143914194));
#4738=CARTESIAN_POINT('Ctrl Pts',(-20.9558788943715,12.783069262948,99.9995779603475));
#4739=CARTESIAN_POINT('Ctrl Pts',(-20.9564473389668,10.307839827961,100.000252978103));
#4740=CARTESIAN_POINT('Ctrl Pts',(-20.9566096678575,10.3124667747677,100.264023625513));
#4741=CARTESIAN_POINT('Ctrl Pts',(-20.8880790927907,10.3774546611555,103.968735793507));
#4742=CARTESIAN_POINT('Ctrl Pts',(-18.8225844615344,10.5028034871244,111.04133825026));
#4743=CARTESIAN_POINT('Ctrl Pts',(-11.3604736067753,10.683886305868,118.631706191276));
#4744=CARTESIAN_POINT('Ctrl Pts',(-1.19550079684445,10.8649691246115,121.789254553862));
#4745=CARTESIAN_POINT('Ctrl Pts',(9.25390325539319,11.046051943355,119.762745525561));
#4746=CARTESIAN_POINT('Ctrl Pts',(17.5016365048462,11.2271347620985,113.034322223288));
#4747=CARTESIAN_POINT('Ctrl Pts',(21.5854141746671,11.408217580842,103.204798133477));
#4748=CARTESIAN_POINT('Ctrl Pts',(20.5336317632131,11.5893003995856,92.6127946569068));
#4749=CARTESIAN_POINT('Ctrl Pts',(14.5965273119105,11.7703832183291,83.7783408184951));
#4750=CARTESIAN_POINT('Ctrl Pts',(5.18664525339098,11.9514660370726,78.8033128252613));
#4751=CARTESIAN_POINT('Ctrl Pts',(-5.45723343375516,12.1325488558161,78.8713597357104));
#4752=CARTESIAN_POINT('Ctrl Pts',(-14.802737674629,12.3136316745597,83.9662919602366));
#4753=CARTESIAN_POINT('Ctrl Pts',(-19.9953489004605,12.4750923016383,91.910481522319));
#4754=CARTESIAN_POINT('Ctrl Pts',(-20.952242209851,12.5761919891357,97.6772771100515));
#4755=CARTESIAN_POINT('Ctrl Pts',(-20.9540924082593,12.6169307370519,100.000444131227));
#4756=CARTESIAN_POINT('Origin',(0.,-4.53511255523376,100.));
#4757=CARTESIAN_POINT('',(-20.955620349493,7.99874891887012,99.9995356153887));
#4758=CARTESIAN_POINT('',(-20.9538384089412,8.16488744476623,100.000385999242));
#4759=CARTESIAN_POINT('',(-20.955,-4.53511255523376,100.));
#4760=CARTESIAN_POINT('Ctrl Pts',(-20.9538384089412,8.16488744476623,100.000385999242));
#4761=CARTESIAN_POINT('Ctrl Pts',(-20.9546749759885,8.18646389040112,101.230846756412));
#4762=CARTESIAN_POINT('Ctrl Pts',(-20.5496093250061,8.26840127561719,105.903024393962));
#4763=CARTESIAN_POINT('Ctrl Pts',(-17.1198691060647,8.41069960041443,113.53184831116));
#4764=CARTESIAN_POINT('Ctrl Pts',(-8.6822008097643,8.59178241915796,120.020495149321));
#4765=CARTESIAN_POINT('Ctrl Pts',(1.82111994682431,8.77286523790148,121.745904420472));
#4766=CARTESIAN_POINT('Ctrl Pts',(11.891163360368,8.95394805664501,118.297570080808));
#4767=CARTESIAN_POINT('Ctrl Pts',(19.1320841367794,9.13503087538853,110.495913181245));
#4768=CARTESIAN_POINT('Ctrl Pts',(21.8211363796811,9.31611369413205,100.197088874379));
#4769=CARTESIAN_POINT('Ctrl Pts',(19.3185459692272,9.49719651287559,89.8513735628952));
#4770=CARTESIAN_POINT('Ctrl Pts',(12.2197243859531,9.6782793316191,81.920199866802));
#4771=CARTESIAN_POINT('Ctrl Pts',(2.21360956045187,9.85936215036264,78.2905373249607));
#4772=CARTESIAN_POINT('Ctrl Pts',(-8.31916297947618,10.0404449691062,79.8259482441935));
#4773=CARTESIAN_POINT('Ctrl Pts',(-16.8726563190467,10.2215277878497,86.1611306218905));
#4774=CARTESIAN_POINT('Ctrl Pts',(-20.4951012046613,10.3660389161,93.8444090397106));
#4775=CARTESIAN_POINT('Ctrl Pts',(-20.9543161290195,10.4501891047692,98.6430009626947));
#4776=CARTESIAN_POINT('Ctrl Pts',(-20.9536033516066,10.4739783538571,99.9996970301488));
#4777=CARTESIAN_POINT('Ctrl Pts',(-20.955620349493,7.99874891887012,99.9995356153887));
#4778=CARTESIAN_POINT('Ctrl Pts',(-20.9528729831451,8.04874156039961,102.849816594093));
#4779=CARTESIAN_POINT('Ctrl Pts',(-19.6589331364456,8.15909514151028,109.143935508941));
#4780=CARTESIAN_POINT('Ctrl Pts',(-13.5504659965894,8.32980966220213,117.105136872984));
#4781=CARTESIAN_POINT('Ctrl Pts',(-3.84710211755038,8.51089248094565,121.480238394054));
#4782=CARTESIAN_POINT('Ctrl Pts',(6.7715568725117,8.69197529968918,120.744803052586));
#4783=CARTESIAN_POINT('Ctrl Pts',(15.7791401203548,8.8730581184327,115.073804205656));
#4784=CARTESIAN_POINT('Ctrl Pts',(21.032580804001,9.05414093717621,105.816474954079));
#4785=CARTESIAN_POINT('Ctrl Pts',(21.2819904549702,9.23522375591976,95.1753012070377));
#4786=CARTESIAN_POINT('Ctrl Pts',(16.4680300104565,9.41630657466326,85.6820104853035));
#4787=CARTESIAN_POINT('Ctrl Pts',(7.73602764862832,9.59738939340681,79.5952281956423));
#4788=CARTESIAN_POINT('Ctrl Pts',(-2.8365154810746,9.77847221215031,78.3631098331142));
#4789=CARTESIAN_POINT('Ctrl Pts',(-12.7342003219047,9.95955503089386,82.2787986205829));
#4790=CARTESIAN_POINT('Ctrl Pts',(-19.4267010436352,10.1360109028307,90.2028992235513));
#4791=CARTESIAN_POINT('Ctrl Pts',(-20.9544920026287,10.2521058351865,96.8229976580579));
#4792=CARTESIAN_POINT('Ctrl Pts',(-20.9564473389668,10.307839827961,100.000252978103));
#4793=CARTESIAN_POINT('Origin',(0.,-4.53511255523376,100.));
#4794=CARTESIAN_POINT('',(-20.9534745119676,5.68965800977921,99.9997650333293));
#4795=CARTESIAN_POINT('',(-20.9562076950406,5.85579653567531,100.00034166924));
#4796=CARTESIAN_POINT('',(-20.955,-4.53511255523376,100.));
#4797=CARTESIAN_POINT('Ctrl Pts',(-20.9562076950406,5.85579653567531,100.00034166924));
#4798=CARTESIAN_POINT('Ctrl Pts',(-20.9565009100695,5.86237773645191,100.375531891516));
#4799=CARTESIAN_POINT('Ctrl Pts',(-20.8560678551417,5.92931987680967,104.191705354114));
#4800=CARTESIAN_POINT('Ctrl Pts',(-18.6440549015745,6.05662295674862,111.34019637185));
#4801=CARTESIAN_POINT('Ctrl Pts',(-11.0618099126019,6.23770577549214,118.810560820521));
#4802=CARTESIAN_POINT('Ctrl Pts',(-0.847760458163899,6.41878859423567,121.805552942556));
#4803=CARTESIAN_POINT('Ctrl Pts',(9.56798652832982,6.59987141297919,119.612609992521));
#4804=CARTESIAN_POINT('Ctrl Pts',(17.7073366259125,6.78095423172271,112.753472724778));
#4805=CARTESIAN_POINT('Ctrl Pts',(21.6337913680538,6.96203705046624,102.860053840152));
#4806=CARTESIAN_POINT('Ctrl Pts',(20.4131762204359,7.14311986920977,92.2861764656897));
#4807=CARTESIAN_POINT('Ctrl Pts',(14.3358975832317,7.32420268795329,83.5475570990768));
#4808=CARTESIAN_POINT('Ctrl Pts',(4.84784986085069,7.50528550669681,78.7232711947608));
#4809=CARTESIAN_POINT('Ctrl Pts',(-5.79358894422803,7.68636832544034,78.9611035443784));
#4810=CARTESIAN_POINT('Ctrl Pts',(-15.0566282491382,7.86745114418386,84.2044695343176));
#4811=CARTESIAN_POINT('Ctrl Pts',(-20.0605434313628,8.02695751729249,92.1333386065554));
#4812=CARTESIAN_POINT('Ctrl Pts',(-20.9523346473795,8.12610295081995,97.7885852886384));
#4813=CARTESIAN_POINT('Ctrl Pts',(-20.9538384089412,8.16488744476623,100.000385999242));
#4814=CARTESIAN_POINT('Ctrl Pts',(-20.9534745119676,5.68965800977921,99.9997650333293));
#4815=CARTESIAN_POINT('Ctrl Pts',(-20.952667899005,5.7246554064504,101.995694653323));
#4816=CARTESIAN_POINT('Ctrl Pts',(-20.1811852039442,5.82001374270276,107.434667794517));
#4817=CARTESIAN_POINT('Ctrl Pts',(-15.5376718202172,5.97573301853631,115.322584330833));
#4818=CARTESIAN_POINT('Ctrl Pts',(-6.44113046413271,6.15681583727983,120.849764375462));
#4819=CARTESIAN_POINT('Ctrl Pts',(4.18787222080193,6.33789865602335,121.416408719262));
#4820=CARTESIAN_POINT('Ctrl Pts',(13.8205044294232,6.51898147476688,116.887702433562));
#4821=CARTESIAN_POINT('Ctrl Pts',(20.1649888973295,6.70006429351039,108.341106577597));
#4822=CARTESIAN_POINT('Ctrl Pts',(21.7118581245693,6.88114711225394,97.8100107427599));
#4823=CARTESIAN_POINT('Ctrl Pts',(18.0930839700061,7.06222993099744,87.7999529253957));
#4824=CARTESIAN_POINT('Ctrl Pts',(10.1696381963749,7.24331274974099,80.6925067623193));
#4825=CARTESIAN_POINT('Ctrl Pts',(-0.173348269860183,7.4243955684845,78.1786621275049));
#4826=CARTESIAN_POINT('Ctrl Pts',(-10.4750920502867,7.60547838722803,80.8565080848275));
#4827=CARTESIAN_POINT('Ctrl Pts',(-18.284622146703,7.78656120597155,88.0889366922784));
#4828=CARTESIAN_POINT('Ctrl Pts',(-20.7888834074562,7.91765138318558,95.376161393008));
#4829=CARTESIAN_POINT('Ctrl Pts',(-20.9561901436123,7.98838062081844,99.4083973635561));
#4830=CARTESIAN_POINT('Ctrl Pts',(-20.955620349493,7.99874891887012,99.9995356153887));
#4831=CARTESIAN_POINT('Origin',(0.,-4.53511255523376,100.));
#4832=CARTESIAN_POINT('',(-20.9540399546015,3.3805671006883,100.000434076836));
#4833=CARTESIAN_POINT('',(-20.9559387062209,3.5467056265844,99.9995900874879));
#4834=CARTESIAN_POINT('',(-20.955,-4.53511255523376,100.));
#4835=CARTESIAN_POINT('Ctrl Pts',(-20.9559387062208,3.5467056265844,99.9995900874879));
#4836=CARTESIAN_POINT('Ctrl Pts',(-20.9532982357777,3.59865252208387,102.961160855382));
#4837=CARTESIAN_POINT('Ctrl Pts',(-19.581936634522,3.71096035716451,109.366367987364));
#4838=CARTESIAN_POINT('Ctrl Pts',(-13.2758758932861,3.88362913182632,117.319121115055));
#4839=CARTESIAN_POINT('Ctrl Pts',(-3.50395388748399,4.06471195056985,121.538875181297));
#4840=CARTESIAN_POINT('Ctrl Pts',(7.10162206466695,4.24579476931337,120.634141634132));
#4841=CARTESIAN_POINT('Ctrl Pts',(16.0175938011174,4.4268775880569,114.820172932421));
#4842=CARTESIAN_POINT('Ctrl Pts',(21.1226905338416,4.60796040680042,105.480217289184));
#4843=CARTESIAN_POINT('Ctrl Pts',(21.2023175008792,4.78904322554395,94.8364189251025));
#4844=CARTESIAN_POINT('Ctrl Pts',(16.2375300079024,4.97012604428747,85.4211298048364));
#4845=CARTESIAN_POINT('Ctrl Pts',(7.40954071336236,5.151208863031,79.4744173446371));
#4846=CARTESIAN_POINT('Ctrl Pts',(-3.18131220752389,5.33229168177452,78.411111896087));
#4847=CARTESIAN_POINT('Ctrl Pts',(-13.0152734678269,5.51337450051805,82.4841930393505));
#4848=CARTESIAN_POINT('Ctrl Pts',(-19.5078049131664,5.68787611848497,90.4251151071593));
#4849=CARTESIAN_POINT('Ctrl Pts',(-20.9538116235324,5.80201679687073,96.9343917246909));
#4850=CARTESIAN_POINT('Ctrl Pts',(-20.9562076950406,5.85579653567531,100.00034166924));
#4851=CARTESIAN_POINT('Ctrl Pts',(-20.9540399546015,3.3805671006883,100.000434076836));
#4852=CARTESIAN_POINT('Ctrl Pts',(-20.9549244524414,3.40056925250119,101.141084580923));
#4853=CARTESIAN_POINT('Ctrl Pts',(-20.5869150312251,3.48093234389525,105.723336605118));
#4854=CARTESIAN_POINT('Ctrl Pts',(-17.292351980353,3.62165637487049,113.310724968419));
#4855=CARTESIAN_POINT('Ctrl Pts',(-8.93876546611508,3.80273919361401,119.907267720894));
#4856=CARTESIAN_POINT('Ctrl Pts',(1.54151487340784,3.98382201235754,121.767511756172));
#4857=CARTESIAN_POINT('Ctrl Pts',(11.6550409707464,4.16490483110106,118.448871405734));
#4858=CARTESIAN_POINT('Ctrl Pts',(18.9956222134806,4.34598764984459,110.740911175828));
#4859=CARTESIAN_POINT('Ctrl Pts',(21.8168016804759,4.52707046858811,100.477494088758));
#4860=CARTESIAN_POINT('Ctrl Pts',(19.4473697972136,4.70815328733164,90.1004725295545));
#4861=CARTESIAN_POINT('Ctrl Pts',(12.4510572246868,4.88923610607516,82.0787274403882));
#4862=CARTESIAN_POINT('Ctrl Pts',(2.49241314736472,5.07031892481869,78.3207769310987));
#4863=CARTESIAN_POINT('Ctrl Pts',(-8.05922105567986,5.25140174356221,79.7207053341629));
#4864=CARTESIAN_POINT('Ctrl Pts',(-16.6934209392071,5.43248456230573,85.9454443857249));
#4865=CARTESIAN_POINT('Ctrl Pts',(-20.4548388536206,5.57856998437807,93.6647236608531));
#4866=CARTESIAN_POINT('Ctrl Pts',(-20.9540590858055,5.66429446686923,98.5532618251726));
#4867=CARTESIAN_POINT('Ctrl Pts',(-20.9534745119676,5.68965800977921,99.9997650333293));
#4868=CARTESIAN_POINT('Origin',(0.,-4.53511255523376,100.));
#4869=CARTESIAN_POINT('',(-20.956409838673,1.07147619159739,100.000269124043));
#4870=CARTESIAN_POINT('',(-20.9536391690148,1.2376147174935,99.9996796974344));
#4871=CARTESIAN_POINT('',(-20.955,-4.53511255523376,100.));
#4872=CARTESIAN_POINT('',(20.4219521879625,0.,95.3036297172632));
#4873=CARTESIAN_POINT('Ctrl Pts',(20.4219521879625,0.,95.3036297172632));
#4874=CARTESIAN_POINT('Ctrl Pts',(19.650592107218,0.0603609395811748,91.9494055525774));
#4875=CARTESIAN_POINT('Ctrl Pts',(16.4244892140025,0.181082818743525,85.6314615412559));
#4876=CARTESIAN_POINT('Ctrl Pts',(7.67224901540911,0.362165637487048,79.5711084984447));
#4877=CARTESIAN_POINT('Ctrl Pts',(-2.90339138683522,0.543248456230574,78.3721219231235));
#4878=CARTESIAN_POINT('Ctrl Pts',(-12.7892137546761,0.724331274974098,82.3183269995323));
#4879=CARTESIAN_POINT('Ctrl Pts',(-19.4425878453463,0.900407186763038,90.2461189211883));
#4880=CARTESIAN_POINT('Ctrl Pts',(-20.9543440426109,1.0161221589708,96.8446604394052));
#4881=CARTESIAN_POINT('Ctrl Pts',(-20.956409838673,1.07147619159739,100.000269124043));
#4882=CARTESIAN_POINT('',(20.4203843547088,1.11022302462516E-15,104.696017608479));
#4883=CARTESIAN_POINT('Origin',(0.,0.,100.));
#4884=CARTESIAN_POINT('Ctrl Pts',(20.4203843547088,1.0169816377914E-15,
104.696017608479));
#4885=CARTESIAN_POINT('Ctrl Pts',(20.7654506906331,0.0269633127374378,103.197380372576));
#4886=CARTESIAN_POINT('Ctrl Pts',(21.3542049481226,0.114287565056049,98.2223927447174));
#4887=CARTESIAN_POINT('Ctrl Pts',(19.2869484725115,0.261972756955836,89.7917478806535));
#4888=CARTESIAN_POINT('Ctrl Pts',(12.1636010203908,0.44305557569936,81.8822640046077));
#4889=CARTESIAN_POINT('Ctrl Pts',(2.14625650305633,0.624138394442885,78.283835628484));
#4890=CARTESIAN_POINT('Ctrl Pts',(-8.38169325494052,0.805221213186409,79.8518191734228));
#4891=CARTESIAN_POINT('Ctrl Pts',(-16.9155005395325,0.986304031929933,86.213545401026));
#4892=CARTESIAN_POINT('Ctrl Pts',(-20.504633295236,1.1304352000323,93.8877742766499));
#4893=CARTESIAN_POINT('Ctrl Pts',(-20.9543778673456,1.21420542855348,98.664658814301));
#4894=CARTESIAN_POINT('Ctrl Pts',(-20.9536391690148,1.2376147174935,99.9996796974344));
#4895=CARTESIAN_POINT('Origin',(0.,-4.53511255523376,100.));
#4896=CARTESIAN_POINT('Ctrl Pts',(-20.9536391690148,1.2376147174935,99.9996796974344));
#4897=CARTESIAN_POINT('Ctrl Pts',(-20.9524731309213,1.27456636813466,102.107015182874));
#4898=CARTESIAN_POINT('Ctrl Pts',(-20.1198648317186,1.37187895835699,107.657610519719));
#4899=CARTESIAN_POINT('Ctrl Pts',(-15.2912644348111,1.52955248816051,115.568494096134));
#4900=CARTESIAN_POINT('Ctrl Pts',(-6.10770974791815,1.71063530690403,120.949862911485));
#4901=CARTESIAN_POINT('Ctrl Pts',(4.5289798597186,1.89171812564756,121.346877067136));
#4902=CARTESIAN_POINT('Ctrl Pts',(14.0881431198526,2.07280094439108,116.665085260734));
#4903=CARTESIAN_POINT('Ctrl Pts',(20.2954826573588,2.2538837631346,108.018367628161));
#4904=CARTESIAN_POINT('Ctrl Pts',(21.6741600818896,2.43496658187813,97.4639358910408));
#4905=CARTESIAN_POINT('Ctrl Pts',(17.8961631942563,2.61604940062166,87.5128794118203));
#4906=CARTESIAN_POINT('Ctrl Pts',(9.86034568658086,2.79713221936517,80.5327346720053));
#4907=CARTESIAN_POINT('Ctrl Pts',(-0.521426230822479,2.9782150381087,78.1842040741006));
#4908=CARTESIAN_POINT('Ctrl Pts',(-10.779141428623,3.15929785685223,81.0260455656206));
#4909=CARTESIAN_POINT('Ctrl Pts',(-18.472304099694,3.34038067559575,88.3821336639435));
#4910=CARTESIAN_POINT('Ctrl Pts',(-20.8244038270322,3.46951659883981,95.5991622415075));
#4911=CARTESIAN_POINT('Ctrl Pts',(-20.9563663936599,3.53829158250269,99.5198927590417));
#4912=CARTESIAN_POINT('Ctrl Pts',(-20.9559387062208,3.5467056265844,99.9995900874879));
#4913=CARTESIAN_POINT('Ctrl Pts',(-20.956409838673,1.07147619159739,100.000269124043));
#4914=CARTESIAN_POINT('Ctrl Pts',(-20.9565966949539,1.07648309855198,100.285701608712));
#4915=CARTESIAN_POINT('Ctrl Pts',(-20.8820107499867,1.14185094508774,104.012078604436));
#4916=CARTESIAN_POINT('Ctrl Pts',(-18.7882340503345,1.26757973120467,111.099673373017));
#4917=CARTESIAN_POINT('Ctrl Pts',(-11.3026357959027,1.4486625499482,118.666849930056));
#4918=CARTESIAN_POINT('Ctrl Pts',(-1.12790847767113,1.62974536869172,121.792859401705));
#4919=CARTESIAN_POINT('Ctrl Pts',(9.31515493705722,1.81082818743524,119.733946998273));
#4920=CARTESIAN_POINT('Ctrl Pts',(17.5419814376315,1.99191100617877,112.979975381302));
#4921=CARTESIAN_POINT('Ctrl Pts',(21.5952502269014,2.17299382492229,103.137831408323));
#4922=CARTESIAN_POINT('Ctrl Pts',(20.510620411093,2.35407664366582,92.5491414643487));
#4923=CARTESIAN_POINT('Ctrl Pts',(14.546142556813,2.53515946240934,83.7331449974914));
#4924=CARTESIAN_POINT('Ctrl Pts',(5.12087494148985,2.71624228115287,78.7873274786768));
#4925=CARTESIAN_POINT('Ctrl Pts',(-5.52274155552356,2.89732509989639,78.8883879674209));
#4926=CARTESIAN_POINT('Ctrl Pts',(-14.8523979422305,3.07840791863992,84.0122824950681));
#4927=CARTESIAN_POINT('Ctrl Pts',(-20.0081822834616,3.23948858557055,91.9538070519514));
#4928=CARTESIAN_POINT('Ctrl Pts',(-20.9522552835853,3.34020831292001,97.6989181178099));
#4929=CARTESIAN_POINT('Ctrl Pts',(-20.9540399546015,3.3805671006883,100.000434076836));
#4930=CARTESIAN_POINT('Ctrl Pts',(11.3796996495747,-5.55111512312578E-16,
117.392248238597));
#4931=CARTESIAN_POINT('Ctrl Pts',(14.236307028888,0.0603609395811742,115.523177975375));
#4932=CARTESIAN_POINT('Ctrl Pts',(19.0083447145851,0.181082818743524,110.352553710334));
#4933=CARTESIAN_POINT('Ctrl Pts',(21.6439540146984,0.362165637487048,100.127854393496));
#4934=CARTESIAN_POINT('Ctrl Pts',(19.1298527711374,0.543248456230573,89.8748959498661));
#4935=CARTESIAN_POINT('Ctrl Pts',(12.0645262789273,0.724331274974097,82.0298362578112));
#4936=CARTESIAN_POINT('Ctrl Pts',(2.12877485368308,0.905414093717622,78.460717734949));
#4937=CARTESIAN_POINT('Ctrl Pts',(-8.31342283971831,1.08649691246115,80.0159297688794));
#4938=CARTESIAN_POINT('Ctrl Pts',(-16.7777207126646,1.26757973120467,86.3258385798966));
#4939=CARTESIAN_POINT('Ctrl Pts',(-21.2502888912731,1.4486625499482,95.8890155924855));
#4940=CARTESIAN_POINT('Ctrl Pts',(-20.6670326883446,1.62974536869172,106.430300640121));
#4941=CARTESIAN_POINT('Ctrl Pts',(-15.1667143062768,1.81082818743524,115.441685881613));
#4942=CARTESIAN_POINT('Ctrl Pts',(-6.05796134173526,1.99191100617877,120.779222469714));
#4943=CARTESIAN_POINT('Ctrl Pts',(4.49209049546349,2.17299382492229,121.173002872896));
#4944=CARTESIAN_POINT('Ctrl Pts',(13.9733926331373,2.35407664366582,116.529345111833));
#4945=CARTESIAN_POINT('Ctrl Pts',(20.1301722617133,2.53515946240934,107.953056566216));
#4946=CARTESIAN_POINT('Ctrl Pts',(21.4976201079994,2.71624228115287,97.4845925942251));
#4947=CARTESIAN_POINT('Ctrl Pts',(17.7503956917965,2.89732509989639,87.6145892789742));
#4948=CARTESIAN_POINT('Ctrl Pts',(9.78003137850706,3.07840791863992,80.6912990869461));
#4949=CARTESIAN_POINT('Ctrl Pts',(-0.517179119385297,3.25949073738344,78.3618976976876));
#4950=CARTESIAN_POINT('Ctrl Pts',(-10.6913433622075,3.44057355612697,81.1805918736567));
#4951=CARTESIAN_POINT('Ctrl Pts',(-18.321843824826,3.62165637487049,88.4767632971971));
#4952=CARTESIAN_POINT('Ctrl Pts',(-21.5932465659177,3.80273919361402,98.5145209640024));
#4953=CARTESIAN_POINT('Ctrl Pts',(-19.7272257579782,3.98382201235753,108.905700932958));
#4954=CARTESIAN_POINT('Ctrl Pts',(-13.1677414707887,4.16490483110107,117.178053725227));
#4955=CARTESIAN_POINT('Ctrl Pts',(-3.47541354610642,4.34598764984458,121.363437127515));
#4956=CARTESIAN_POINT('Ctrl Pts',(7.04377806198642,4.52707046858811,120.466072799558));
#4957=CARTESIAN_POINT('Ctrl Pts',(15.8871275878594,4.70815328733163,114.699459929811));
#4958=CARTESIAN_POINT('Ctrl Pts',(20.9506423796688,4.88923610607516,105.435579923146));
#4959=CARTESIAN_POINT('Ctrl Pts',(21.0296207705848,5.07031892481868,94.8784772316158));
#4960=CARTESIAN_POINT('Ctrl Pts',(16.105272374259,5.25140174356221,85.5398773527866));
#4961=CARTESIAN_POINT('Ctrl Pts',(7.34918865731342,5.43248456230573,79.641601946595));
#4962=CARTESIAN_POINT('Ctrl Pts',(-3.1553998412808,5.61356738104926,78.5869573142155));
#4963=CARTESIAN_POINT('Ctrl Pts',(-12.9092616994584,5.79465019979278,82.6268624711447));
#4964=CARTESIAN_POINT('Ctrl Pts',(-19.5917769285648,5.97573301853631,90.8001509793387));
#4965=CARTESIAN_POINT('Ctrl Pts',(-21.6130544023324,6.15681583727983,101.162249811112));
#4966=CARTESIAN_POINT('Ctrl Pts',(-18.4921956852036,6.33789865602336,111.247828410931));
#4967=CARTESIAN_POINT('Ctrl Pts',(-10.9717094599998,6.51898147476688,118.657345383172));
#4968=CARTESIAN_POINT('Ctrl Pts',(-0.840855295122563,6.70006429351041,121.627942749931));
#4969=CARTESIAN_POINT('Ctrl Pts',(9.49005353874629,6.88114711225393,119.452861718866));
#4970=CARTESIAN_POINT('Ctrl Pts',(17.5631071501777,7.06222993099745,112.649593371053));
#4971=CARTESIAN_POINT('Ctrl Pts',(21.4575802046761,7.24331274974098,102.836758181711));
#4972=CARTESIAN_POINT('Ctrl Pts',(20.2469071893243,7.4243955684845,92.3490069606293));
#4973=CARTESIAN_POINT('Ctrl Pts',(14.2191290913743,7.60547838722803,83.6815652373014));
#4974=CARTESIAN_POINT('Ctrl Pts',(4.8083632424708,7.78656120597155,78.896574018656));
#4975=CARTESIAN_POINT('Ctrl Pts',(-5.74639910909346,7.96764402471507,79.1324691805518));
#4976=CARTESIAN_POINT('Ctrl Pts',(-14.9339892749894,8.1487268434586,84.3331270013409));
#4977=CARTESIAN_POINT('Ctrl Pts',(-20.5685135347036,8.32980966220213,93.2612170094053));
#4978=CARTESIAN_POINT('Ctrl Pts',(-21.3094167508169,8.51089248094565,103.792585260955));
#4979=CARTESIAN_POINT('Ctrl Pts',(-16.9804246600714,8.69197529968917,113.421628946788));
#4980=CARTESIAN_POINT('Ctrl Pts',(-8.61148270588046,8.87305811843269,119.857424576917));
#4981=CARTESIAN_POINT('Ctrl Pts',(1.8062865938063,9.05414093717622,121.568780075902));
#4982=CARTESIAN_POINT('Ctrl Pts',(11.7943076731703,9.23522375591974,118.148533046288));
#4983=CARTESIAN_POINT('Ctrl Pts',(18.9762498335717,9.41630657466328,110.410422060391));
#4984=CARTESIAN_POINT('Ctrl Pts',(21.6433992571273,9.59738939340679,100.195483549669));
#4985=CARTESIAN_POINT('Ctrl Pts',(19.1611929004984,9.77847221215032,89.9340359700871));
#4986=CARTESIAN_POINT('Ctrl Pts',(12.1201925094748,9.95955503089384,82.0674631255116));
#4987=CARTESIAN_POINT('Ctrl Pts',(2.19557930818239,10.1406378496374,78.4673648448897));
#4988=CARTESIAN_POINT('Ctrl Pts',(-8.25140188471465,10.3217206683809,79.9902695630716));
#4989=CARTESIAN_POINT('Ctrl Pts',(-16.7352254661431,10.5028034871244,86.2738507286652));
#4990=CARTESIAN_POINT('Ctrl Pts',(-21.2374365031189,10.6838863058679,95.8231308378637));
#4991=CARTESIAN_POINT('Ctrl Pts',(-20.6868776348486,10.8649691246115,106.366163596894));
#4992=CARTESIAN_POINT('Ctrl Pts',(-15.21453676471,11.046051943355,115.394570999443));
#4993=CARTESIAN_POINT('Ctrl Pts',(-6.12238267108283,11.2271347620985,120.760331780837));
#4994=CARTESIAN_POINT('Ctrl Pts',(4.42639689164474,11.408217580842,121.186834491713));
#4995=CARTESIAN_POINT('Ctrl Pts',(13.9220566487173,11.5893003995856,116.572606430237));
#4996=CARTESIAN_POINT('Ctrl Pts',(20.1054075570528,11.7703832183291,108.015455831481));
#4997=CARTESIAN_POINT('Ctrl Pts',(21.5053187022105,11.9514660370726,97.5512834508728));
#4998=CARTESIAN_POINT('Ctrl Pts',(17.7887259263182,12.1325488558161,87.6697049856889));
#4999=CARTESIAN_POINT('Ctrl Pts',(9.8398738097107,12.3136316745597,80.7217265132331));
#5000=CARTESIAN_POINT('Ctrl Pts',(-0.450062093060137,12.4947144933032,78.3603976622951));
#5001=CARTESIAN_POINT('Ctrl Pts',(-10.6329200912557,12.6757973120467,81.1475212358007));
#5002=CARTESIAN_POINT('Ctrl Pts',(-18.2860142625367,12.8568801307902,88.4199901722012));
#5003=CARTESIAN_POINT('Ctrl Pts',(-21.5885352119,13.0379629495338,98.4475526977813));
#5004=CARTESIAN_POINT('Ctrl Pts',(-19.7547535288333,13.2190457682773,108.844470489332));
#5005=CARTESIAN_POINT('Ctrl Pts',(-13.2209590122317,13.4001285870208,117.137128931606));
#5006=CARTESIAN_POINT('Ctrl Pts',(-3.5416594434696,13.5812114057643,121.352554732586));
#5007=CARTESIAN_POINT('Ctrl Pts',(6.98026490479281,13.7622942245079,120.48782192134));
#5008=CARTESIAN_POINT('Ctrl Pts',(15.8414580985959,13.9433770432514,114.748666059412));
#5009=CARTESIAN_POINT('Ctrl Pts',(20.9336821550906,14.1244598619949,105.500536033084));
#5010=CARTESIAN_POINT('Ctrl Pts',(21.0454049545857,14.3055426807384,94.9437290896245));
#5011=CARTESIAN_POINT('Ctrl Pts',(16.1500456242471,14.4866254994819,85.5899003627193));
#5012=CARTESIAN_POINT('Ctrl Pts',(7.41229860806116,14.6677083182255,79.6644947304838));
#5013=CARTESIAN_POINT('Ctrl Pts',(-3.0889681874543,14.848791136969,78.5772732650915));
#5014=CARTESIAN_POINT('Ctrl Pts',(-12.8553136334214,15.0298739557125,82.586905599294));
#5015=CARTESIAN_POINT('Ctrl Pts',(-19.5631476700696,15.2109567744561,90.7394277465839));
#5016=CARTESIAN_POINT('Ctrl Pts',(-21.6165553693087,15.3920395931996,101.09520737182));
#5017=CARTESIAN_POINT('Ctrl Pts',(-18.5269939343409,15.5731224119431,111.190417372821));
#5018=CARTESIAN_POINT('Ctrl Pts',(-11.0295258590316,15.7542052306866,118.623224869724));
#5019=CARTESIAN_POINT('Ctrl Pts',(-0.90793427795721,15.9352880494302,121.625230647664));
#5020=CARTESIAN_POINT('Ctrl Pts',(9.4296712742084,16.1163708681737,119.482203286299));
#5021=CARTESIAN_POINT('Ctrl Pts',(17.5237876358527,16.2974536869172,112.704007718317));
#5022=CARTESIAN_POINT('Ctrl Pts',(21.4486782633786,16.4785365056607,102.90329915389));
#5023=CARTESIAN_POINT('Ctrl Pts',(20.2705407540476,16.6596193244042,92.4118432548716));
#5024=CARTESIAN_POINT('Ctrl Pts',(14.2696753094033,16.8407021431478,83.725746970177));
#5025=CARTESIAN_POINT('Ctrl Pts',(4.87379625639631,17.0217849618913,78.9115895445389));
#5026=CARTESIAN_POINT('Ctrl Pts',(-5.68164699815548,17.2028677806348,79.1147460608518));
#5027=CARTESIAN_POINT('Ctrl Pts',(-14.8853237592516,17.3839505993783,84.2868818331274));
#5028=CARTESIAN_POINT('Ctrl Pts',(-20.5475130299799,17.5650334181219,93.1974524619307));
#5029=CARTESIAN_POINT('Ctrl Pts',(-21.3210776359362,17.7461162368654,103.726471853384));
#5030=CARTESIAN_POINT('Ctrl Pts',(-17.0219726417264,17.9271990556089,113.368896696819));
#5031=CARTESIAN_POINT('Ctrl Pts',(-8.67303268344723,18.1082818743524,119.830618541714));
#5032=CARTESIAN_POINT('Ctrl Pts',(1.73937830001544,18.289364693096,121.574279714355));
#5033=CARTESIAN_POINT('Ctrl Pts',(11.7379601040208,18.4704475118395,118.185026211448));
#5034=CARTESIAN_POINT('Ctrl Pts',(18.9438683876473,18.651530330583,110.469233829414));
#5035=CARTESIAN_POINT('Ctrl Pts',(21.6426894960982,18.8326131493266,100.262606429614));
#5036=CARTESIAN_POINT('Ctrl Pts',(19.1923207919561,19.01369596807,89.9935308188218));
#5037=CARTESIAN_POINT('Ctrl Pts',(12.1757580338366,19.1947787868136,82.1051130594302));
#5038=CARTESIAN_POINT('Ctrl Pts',(2.26235053726934,19.3758616055571,78.4743378053605));
#5039=CARTESIAN_POINT('Ctrl Pts',(-8.18928695154192,19.5569444243006,79.9646522745097));
#5040=CARTESIAN_POINT('Ctrl Pts',(-16.6925939652737,19.7380272430442,86.2222532400274));
#5041=CARTESIAN_POINT('Ctrl Pts',(-21.2243301187286,19.9191100617877,95.7567815107461));
#5042=CARTESIAN_POINT('Ctrl Pts',(-20.706632325999,20.1001928805312,106.303008395183));
#5043=CARTESIAN_POINT('Ctrl Pts',(-17.0763996174205,20.2209147596936,112.330371786045));
#5044=CARTESIAN_POINT('Ctrl Pts',(-14.6558188607239,20.2812756992747,114.737531558208));
#5045=CARTESIAN_POINT('Ctrl Pts',(11.4036982870373,-0.0228175091740242,
117.4289267339));
#5046=CARTESIAN_POINT('Ctrl Pts',(14.266329282775,0.0375434304071506,115.555915235204));
#5047=CARTESIAN_POINT('Ctrl Pts',(19.0484316519461,0.1582653095695,110.374385853046));
#5048=CARTESIAN_POINT('Ctrl Pts',(21.6895986487994,0.339348128313024,100.128124163639));
#5049=CARTESIAN_POINT('Ctrl Pts',(19.1701956821433,0.520430947056549,89.8535431122149));
#5050=CARTESIAN_POINT('Ctrl Pts',(12.0899690438112,0.701513765800074,81.9919391234094));
#5051=CARTESIAN_POINT('Ctrl Pts',(2.13326423386692,0.882596584543597,78.4152936583781));
#5052=CARTESIAN_POINT('Ctrl Pts',(-8.3309549759289,1.06367940328712,79.9737854941182));
#5053=CARTESIAN_POINT('Ctrl Pts',(-16.8131031399235,1.24476222203065,86.2970012208601));
#5054=CARTESIAN_POINT('Ctrl Pts',(-21.2951034973576,1.42584504077417,95.8803459647174));
#5055=CARTESIAN_POINT('Ctrl Pts',(-20.7106172654151,1.60692785951769,106.44386146065));
#5056=CARTESIAN_POINT('Ctrl Pts',(-15.1986992974786,1.78801067826122,115.47425075858));
#5057=CARTESIAN_POINT('Ctrl Pts',(-6.07073693889915,1.96909349700474,120.823043644072));
#5058=CARTESIAN_POINT('Ctrl Pts',(4.50156383736695,2.15017631574827,121.217654488685));
#5059=CARTESIAN_POINT('Ctrl Pts',(14.0028610350789,2.33125913449179,116.564203746125));
#5060=CARTESIAN_POINT('Ctrl Pts',(20.1726246582808,2.51234195323532,107.969828718373));
#5061=CARTESIAN_POINT('Ctrl Pts',(21.5429563069802,2.69342477197884,97.4792878669876));
#5062=CARTESIAN_POINT('Ctrl Pts',(17.7878293922034,2.87450759072237,87.588469762408));
#5063=CARTESIAN_POINT('Ctrl Pts',(9.80065642659655,3.05559040946589,80.6505790862204));
#5064=CARTESIAN_POINT('Ctrl Pts',(-0.518269795254682,3.23667322820942,78.3162652366891));
#5065=CARTESIAN_POINT('Ctrl Pts',(-10.7138902705351,3.41775604695294,81.1409037394852));
#5066=CARTESIAN_POINT('Ctrl Pts',(-18.3604826486987,3.59883886569647,88.4524620141142));
#5067=CARTESIAN_POINT('Ctrl Pts',(-21.6387844309307,3.77992168443999,98.5113882463899));
#5068=CARTESIAN_POINT('Ctrl Pts',(-19.7688283831746,3.96100450318352,108.924482110939));
#5069=CARTESIAN_POINT('Ctrl Pts',(-13.1955108398734,4.14208732192703,117.214280417186));
#5070=CARTESIAN_POINT('Ctrl Pts',(-3.48274282438078,4.32317014067056,121.408490348815));
#5071=CARTESIAN_POINT('Ctrl Pts',(7.05863264226415,4.50425295941409,120.509233574741));
#5072=CARTESIAN_POINT('Ctrl Pts',(15.9206318536183,4.68533577815761,114.730459530543));
#5073=CARTESIAN_POINT('Ctrl Pts',(20.9948250606618,4.86641859690114,105.447042984249));
#5074=CARTESIAN_POINT('Ctrl Pts',(21.0739700086212,5.04750141564466,94.8676764837164));
#5075=CARTESIAN_POINT('Ctrl Pts',(16.1392366842178,5.22858423438819,85.5093824889792));
#5076=CARTESIAN_POINT('Ctrl Pts',(7.36468731611916,5.40966705313171,79.598668246023));
#5077=CARTESIAN_POINT('Ctrl Pts',(-3.1620542446192,5.59074987187523,78.5417994800578));
#5078=CARTESIAN_POINT('Ctrl Pts',(-12.9364859621414,5.77183269061876,82.5902243681514));
#5079=CARTESIAN_POINT('Ctrl Pts',(-19.6330939065569,5.95291550936229,90.7807494742629));
#5080=CARTESIAN_POINT('Ctrl Pts',(-21.6586340399702,6.1339983281058,101.164700872598));
#5081=CARTESIAN_POINT('Ctrl Pts',(-18.5311937630675,6.31508114684934,111.27154888716));
#5082=CARTESIAN_POINT('Ctrl Pts',(-10.9948476306694,6.49616396559285,118.696691744219));
#5083=CARTESIAN_POINT('Ctrl Pts',(-0.842628569688209,6.67724678433639,121.673553785513));
#5084=CARTESIAN_POINT('Ctrl Pts',(9.51006705434695,6.8583296030799,119.493885739426));
#5085=CARTESIAN_POINT('Ctrl Pts',(17.6001458789384,7.03941242182343,112.676270020794));
#5086=CARTESIAN_POINT('Ctrl Pts',(21.5028319637336,7.22049524056695,102.842740603611));
#5087=CARTESIAN_POINT('Ctrl Pts',(20.2896057674982,7.40157805931048,92.3328718284164));
#5088=CARTESIAN_POINT('Ctrl Pts',(14.2491157253523,7.582660878054,83.6471513904915));
#5089=CARTESIAN_POINT('Ctrl Pts',(4.8185035701701,7.76374369679753,78.852069133264));
#5090=CARTESIAN_POINT('Ctrl Pts',(-5.75851765486855,7.94482651554105,79.0884617730174));
#5091=CARTESIAN_POINT('Ctrl Pts',(-14.9654834732165,8.12590933428457,84.3000872291318));
#5092=CARTESIAN_POINT('Ctrl Pts',(-20.6118903465232,8.30699215302811,93.2470056313598));
#5093=CARTESIAN_POINT('Ctrl Pts',(-21.3543560488769,8.48807497177162,103.80058342071));
#5094=CARTESIAN_POINT('Ctrl Pts',(-17.0162345733087,8.66915779051515,113.449933737611));
#5095=CARTESIAN_POINT('Ctrl Pts',(-8.62964340884966,8.85024060925866,119.899301777602));
#5096=CARTESIAN_POINT('Ctrl Pts',(1.8100958605061,9.03132342800221,121.614266343685));
#5097=CARTESIAN_POINT('Ctrl Pts',(11.8191806161576,9.21240624674571,118.186806376124));
#5098=CARTESIAN_POINT('Ctrl Pts',(19.016268730255,9.39348906548925,110.432376535513));
#5099=CARTESIAN_POINT('Ctrl Pts',(21.6890428888429,9.57457188423277,100.195895803726));
#5100=CARTESIAN_POINT('Ctrl Pts',(19.2016018224792,9.7556547029763,89.9128079203901));
#5101=CARTESIAN_POINT('Ctrl Pts',(12.1457527089911,9.93673752171981,82.0296453086752));
#5102=CARTESIAN_POINT('Ctrl Pts',(2.20020955189571,10.1178203404633,78.4219548029083));
#5103=CARTESIAN_POINT('Ctrl Pts',(-8.26880321545244,10.2989031592069,79.9480711654935));
#5104=CARTESIAN_POINT('Ctrl Pts',(-16.7705182803069,10.4799859779504,86.2449037368009));
#5105=CARTESIAN_POINT('Ctrl Pts',(-21.2822240024768,10.6610687966939,95.8143222641504));
#5106=CARTESIAN_POINT('Ctrl Pts',(-20.7305040639919,10.8421516154374,106.379589160189));
#5107=CARTESIAN_POINT('Ctrl Pts',(-15.2466226078144,11.023234434181,115.427036515639));
#5108=CARTESIAN_POINT('Ctrl Pts',(-6.13529412628177,11.2043172529245,120.804113116978));
#5109=CARTESIAN_POINT('Ctrl Pts',(4.43573169285362,11.385400071668,121.2315152768));
#5110=CARTESIAN_POINT('Ctrl Pts',(13.9514167884462,11.5664828904116,116.607556298115));
#5111=CARTESIAN_POINT('Ctrl Pts',(20.1478077275216,11.7475657091551,108.032359577036));
#5112=CARTESIAN_POINT('Ctrl Pts',(21.5506711366922,11.9286485278986,97.5461193675875));
#5113=CARTESIAN_POINT('Ctrl Pts',(17.8262404611297,12.1097313466421,87.6437017022909));
#5114=CARTESIAN_POINT('Ctrl Pts',(9.86062505913148,12.2908141653856,80.6810706807232));
#5115=CARTESIAN_POINT('Ctrl Pts',(-0.451011226242987,12.4718969841292,78.3147620378795));
#5116=CARTESIAN_POINT('Ctrl Pts',(-10.6553437911071,12.6529798028727,81.1077633591652));
#5117=CARTESIAN_POINT('Ctrl Pts',(-18.3245775256651,12.8340626216162,88.3955691606233));
#5118=CARTESIAN_POINT('Ctrl Pts',(-21.6340631411677,13.0151454403597,98.444278751204));
#5119=CARTESIAN_POINT('Ctrl Pts',(-19.7964142071764,13.1962282591033,108.863122538806));
#5120=CARTESIAN_POINT('Ctrl Pts',(-13.2488406114626,13.3773110778468,117.173269317519));
#5121=CARTESIAN_POINT('Ctrl Pts',(-3.54912842730987,13.5583938965903,121.397585004071));
#5122=CARTESIAN_POINT('Ctrl Pts',(6.99498554256356,13.7394767153338,120.531028563112));
#5123=CARTESIAN_POINT('Ctrl Pts',(15.8748660522495,13.9205595340774,114.779769430648));
#5124=CARTESIAN_POINT('Ctrl Pts',(20.9778290687702,14.1016423528209,105.512136079729));
#5125=CARTESIAN_POINT('Ctrl Pts',(21.0897874797908,14.2827251715644,94.9330659509677));
#5126=CARTESIAN_POINT('Ctrl Pts',(16.1841043562377,14.4638079903079,85.5595109921303));
#5127=CARTESIAN_POINT('Ctrl Pts',(7.42793035905429,14.6448908090515,79.621609308363));
#5128=CARTESIAN_POINT('Ctrl Pts',(-3.0954824934861,14.825973627795,78.5320950083022));
#5129=CARTESIAN_POINT('Ctrl Pts',(-12.8824241253595,15.0070564465385,82.550183231499));
#5130=CARTESIAN_POINT('Ctrl Pts',(-19.6044042719944,15.188139265282,90.7198981826559));
#5131=CARTESIAN_POINT('Ctrl Pts',(-21.6621423901142,15.3692220840255,101.097517047917));
#5132=CARTESIAN_POINT('Ctrl Pts',(-18.5660653980186,15.5503049027691,111.214016775265));
#5133=CARTESIAN_POINT('Ctrl Pts',(-11.0527859583499,15.7313877215126,118.66249927423));
#5134=CARTESIAN_POINT('Ctrl Pts',(-0.909849014977592,15.9124705402561,121.67083596371));
#5135=CARTESIAN_POINT('Ctrl Pts',(9.44955745002231,16.0935533589996,119.52328918511));
#5136=CARTESIAN_POINT('Ctrl Pts',(17.5607434439313,16.2746361777432,112.730799122141));
#5137=CARTESIAN_POINT('Ctrl Pts',(21.4939112491866,16.4557189964867,102.909421903637));
#5138=CARTESIAN_POINT('Ctrl Pts',(20.3132891729013,16.6368018152302,92.3958406377341));
#5139=CARTESIAN_POINT('Ctrl Pts',(14.2997685399891,16.8178846339738,83.691426297951));
#5140=CARTESIAN_POINT('Ctrl Pts',(4.88407457537833,16.9989674527173,78.8671163252993));
#5141=CARTESIAN_POINT('Ctrl Pts',(-5.69362898860506,17.1800502714608,79.0707012771351));
#5142=CARTESIAN_POINT('Ctrl Pts',(-14.9167153270647,17.3611330902043,84.2537445347756));
#5143=CARTESIAN_POINT('Ctrl Pts',(-20.5908455539782,17.5422159089479,93.1831066112056));
#5144=CARTESIAN_POINT('Ctrl Pts',(-21.3660415255369,17.7232987276914,103.734330587015));
#5145=CARTESIAN_POINT('Ctrl Pts',(-17.0578701753043,17.9043815464349,113.397090280853));
#5146=CARTESIAN_POINT('Ctrl Pts',(-8.69132318866989,18.0854643651784,119.872439211461));
#5147=CARTESIAN_POINT('Ctrl Pts',(1.74304646399049,18.266547183922,121.619777579999));
#5148=CARTESIAN_POINT('Ctrl Pts',(11.7627142164419,18.4476300026655,118.223376502089));
#5149=CARTESIAN_POINT('Ctrl Pts',(18.9838189943341,18.628712821409,110.491312331111));
#5150=CARTESIAN_POINT('Ctrl Pts',(21.6883316329559,18.8097956401525,100.263160241135));
#5151=CARTESIAN_POINT('Ctrl Pts',(19.2327953554009,18.990878458896,89.9724282325138));
#5152=CARTESIAN_POINT('Ctrl Pts',(12.2014354231565,19.1719612776396,82.0673746522968));
#5153=CARTESIAN_POINT('Ctrl Pts',(2.26712157819267,19.3530440963831,78.4289424483814));
#5154=CARTESIAN_POINT('Ctrl Pts',(-8.20655725561298,19.5341269151266,79.922399893771));
#5155=CARTESIAN_POINT('Ctrl Pts',(-16.7277969407601,19.7152097338701,86.1931973514487));
#5156=CARTESIAN_POINT('Ctrl Pts',(-21.2690898420354,19.8962925526137,95.7478331831016));
#5157=CARTESIAN_POINT('Ctrl Pts',(-20.750300704964,20.0773753713572,106.316300410866));
#5158=CARTESIAN_POINT('Ctrl Pts',(-17.1124114435968,20.1980972505195,112.356375868129));
#5159=CARTESIAN_POINT('Ctrl Pts',(-14.6867265027871,20.2584581901007,114.768611524099));
#5160=CARTESIAN_POINT('Ctrl Pts',(11.4527959207658,-0.100383077251735,117.50396546603));
#5161=CARTESIAN_POINT('Ctrl Pts',(14.3277439521514,-0.0400221376705605,
115.622894965168));
#5162=CARTESIAN_POINT('Ctrl Pts',(19.1304459686068,0.0806997414917891,110.419047897136));
#5163=CARTESIAN_POINT('Ctrl Pts',(21.7829781410619,0.261782560235313,100.128677370112));
#5164=CARTESIAN_POINT('Ctrl Pts',(19.2527311046942,0.442865378978838,89.8098582437057));
#5165=CARTESIAN_POINT('Ctrl Pts',(12.1420201818261,0.623948197722362,81.9144084236181));
#5166=CARTESIAN_POINT('Ctrl Pts',(2.14244892057855,0.805031016465886,78.3223636605214));
#5167=CARTESIAN_POINT('Ctrl Pts',(-8.36682280168922,0.986113835209411,79.8875656382369));
#5168=CARTESIAN_POINT('Ctrl Pts',(-16.885489450579,1.16719665395294,86.238004909718));
#5169=CARTESIAN_POINT('Ctrl Pts',(-21.3867864907725,1.34827947269646,95.8626094171567));
#5170=CARTESIAN_POINT('Ctrl Pts',(-20.7997837974552,1.52936229143998,106.471604556221));
#5171=CARTESIAN_POINT('Ctrl Pts',(-15.264135089926,1.71044511018351,115.54087289655));
#5172=CARTESIAN_POINT('Ctrl Pts',(-6.0968736091248,1.89152792892703,120.912694222337));
#5173=CARTESIAN_POINT('Ctrl Pts',(4.52094466306841,2.07261074767056,121.309004010548));
#5174=CARTESIAN_POINT('Ctrl Pts',(14.063148314199,2.25369356641408,116.635518511688));
#5175=CARTESIAN_POINT('Ctrl Pts',(20.2594749546932,2.43477638515761,108.004141655242));
#5176=CARTESIAN_POINT('Ctrl Pts',(21.6357063672772,2.61585920390113,97.4684353079419));
#5177=CARTESIAN_POINT('Ctrl Pts',(17.8644123003049,2.79694202264466,87.5350337271054));
#5178=CARTESIAN_POINT('Ctrl Pts',(9.84285172517439,2.97802484138818,80.5672729731715));
#5179=CARTESIAN_POINT('Ctrl Pts',(-0.520501130382624,3.15910766013171,78.2229090754726));
#5180=CARTESIAN_POINT('Ctrl Pts',(-10.7600173643327,3.34019047887523,81.0597086478327));
#5181=CARTESIAN_POINT('Ctrl Pts',(-18.4395310320773,3.52127329761875,88.4027457715133));
#5182=CARTESIAN_POINT('Ctrl Pts',(-21.7319470650561,3.70235611636228,98.5049792453364));
#5183=CARTESIAN_POINT('Ctrl Pts',(-19.8539401939473,3.8834389351058,108.962905168591));
#5184=CARTESIAN_POINT('Ctrl Pts',(-13.2523221895321,4.06452175384933,117.288393993824));
#5185=CARTESIAN_POINT('Ctrl Pts',(-3.49773726626147,4.24560457259285,121.500661485322));
#5186=CARTESIAN_POINT('Ctrl Pts',(7.0890225568363,4.42668739133637,120.597533092206));
#5187=CARTESIAN_POINT('Ctrl Pts',(15.9891758148192,4.6077702100799,114.793879378186));
#5188=CARTESIAN_POINT('Ctrl Pts',(21.0852152215305,4.78885302882342,105.470494434318));
#5189=CARTESIAN_POINT('Ctrl Pts',(21.1647009165338,4.96993584756695,94.8455800124703));
#5190=CARTESIAN_POINT('Ctrl Pts',(16.2087218166715,5.15101866631047,85.4469952462125));
#5191=CARTESIAN_POINT('Ctrl Pts',(7.39639490450477,5.332101485054,79.5108332841288));
#5192=CARTESIAN_POINT('Ctrl Pts',(-3.17566800853581,5.51318430379752,78.4494143236517));
#5193=CARTESIAN_POINT('Ctrl Pts',(-12.9921821179233,5.69426712254105,82.5152691153448));
#5194=CARTESIAN_POINT('Ctrl Pts',(-19.7176213323123,5.87534994128457,90.7410573341427));
#5195=CARTESIAN_POINT('Ctrl Pts',(-21.7518821336986,6.0564327600281,101.169715322536));
#5196=CARTESIAN_POINT('Ctrl Pts',(-18.6109771182749,6.23751557877161,111.320076898906));
#5197=CARTESIAN_POINT('Ctrl Pts',(-11.0421843454642,6.41859839751515,118.777187626875));
#5198=CARTESIAN_POINT('Ctrl Pts',(-0.846256384244721,6.59968121625866,121.766866114033));
#5199=CARTESIAN_POINT('Ctrl Pts',(9.55101126266638,6.7807640350022,119.577813824697));
#5200=CARTESIAN_POINT('Ctrl Pts',(17.6759207431114,6.96184685374571,112.730845854747));
#5201=CARTESIAN_POINT('Ctrl Pts',(21.5954092743193,7.14292967248925,102.854979609163));
#5202=CARTESIAN_POINT('Ctrl Pts',(20.3769597094332,7.32401249123276,92.2998621249859));
#5203=CARTESIAN_POINT('Ctrl Pts',(14.3104632173618,7.50509530997629,83.5767465830115));
#5204=CARTESIAN_POINT('Ctrl Pts',(4.83924893535391,7.68617812871982,78.761019797651));
#5205=CARTESIAN_POINT('Ctrl Pts',(-5.78331011375708,7.86726094746334,78.9984301914784));
#5206=CARTESIAN_POINT('Ctrl Pts',(-15.0299151822073,8.04834376620686,84.2324935417883));
#5207=CARTESIAN_POINT('Ctrl Pts',(-20.7006318377643,8.22942658495039,93.2179315978508));
#5208=CARTESIAN_POINT('Ctrl Pts',(-21.4462941180405,8.41050940369391,103.816946278977));
#5209=CARTESIAN_POINT('Ctrl Pts',(-17.0894954924169,8.59159222243744,113.507840467993));
#5210=CARTESIAN_POINT('Ctrl Pts',(-8.66679708141949,8.77267504118096,119.984975322566));
#5211=CARTESIAN_POINT('Ctrl Pts',(1.81788896454702,8.95375785992449,121.70732341876));
#5212=CARTESIAN_POINT('Ctrl Pts',(11.8700663765364,9.13484067866801,118.265107021606));
#5213=CARTESIAN_POINT('Ctrl Pts',(19.0981405050701,9.31592349741153,110.477291612945));
#5214=CARTESIAN_POINT('Ctrl Pts',(21.7824219034403,9.49700631615506,100.196739204572));
#5215=CARTESIAN_POINT('Ctrl Pts',(19.2842715219244,9.67808913489859,89.8693789843472));
#5216=CARTESIAN_POINT('Ctrl Pts',(12.198044477942,9.8591719536421,81.9522765643907));
#5217=CARTESIAN_POINT('Ctrl Pts',(2.20968223360492,10.0402547723856,78.3290536727031));
#5218=CARTESIAN_POINT('Ctrl Pts',(-8.30440334313513,10.2213375911292,79.8617405069699));
#5219=CARTESIAN_POINT('Ctrl Pts',(-16.8427213037104,10.4024204098727,86.185683173619));
#5220=CARTESIAN_POINT('Ctrl Pts',(-21.3738515176224,10.5835032286162,95.7963014384094));
#5221=CARTESIAN_POINT('Ctrl Pts',(-20.8197562293144,10.7645860473597,106.407055551969));
#5222=CARTESIAN_POINT('Ctrl Pts',(-15.3122647203941,10.9456688661032,115.493455374017));
#5223=CARTESIAN_POINT('Ctrl Pts',(-6.16170874138089,11.1267516848468,120.893682195355));
#5224=CARTESIAN_POINT('Ctrl Pts',(4.45482908948009,11.3078345035903,121.322924472914));
#5225=CARTESIAN_POINT('Ctrl Pts',(14.0114825810503,11.4889173223338,116.679057712444));
#5226=CARTESIAN_POINT('Ctrl Pts',(20.234551178652,11.6700001410774,108.066941731078));
#5227=CARTESIAN_POINT('Ctrl Pts',(21.643454411868,11.8510829598209,97.5355545419948));
#5228=CARTESIAN_POINT('Ctrl Pts',(17.9029887425899,12.0321657785644,87.5905034599791));
#5229=CARTESIAN_POINT('Ctrl Pts',(9.90307854387282,12.2132485973079,80.5978958448323));
#5230=CARTESIAN_POINT('Ctrl Pts',(-0.452952989376329,12.3943314160515,78.2213994048399));
#5231=CARTESIAN_POINT('Ctrl Pts',(-10.701218821578,12.575414234795,81.0264255864427));
#5232=CARTESIAN_POINT('Ctrl Pts',(-18.4034713247612,12.7564970535385,88.3456079741247));
#5233=CARTESIAN_POINT('Ctrl Pts',(-21.7272054484706,12.937579872282,98.4375808199977));
#5234=CARTESIAN_POINT('Ctrl Pts',(-19.8816447846944,13.1186626910256,108.901281421757));
#5235=CARTESIAN_POINT('Ctrl Pts',(-13.3058815646848,13.2997455097691,117.247206326843));
#5236=CARTESIAN_POINT('Ctrl Pts',(-3.56440868273286,13.4808283285126,121.489709189204));
#5237=CARTESIAN_POINT('Ctrl Pts',(7.02510143381957,13.6619111472561,120.619421915724));
#5238=CARTESIAN_POINT('Ctrl Pts',(15.9432129754596,13.8429939659996,114.843401574883));
#5239=CARTESIAN_POINT('Ctrl Pts',(21.0681460558716,14.0240767847432,105.535867778637));
#5240=CARTESIAN_POINT('Ctrl Pts',(21.1805864875213,14.2051596034867,94.9112510045472));
#5241=CARTESIAN_POINT('Ctrl Pts',(16.2537826599172,14.3862424222302,85.4973395703314));
#5242=CARTESIAN_POINT('Ctrl Pts',(7.45991023114829,14.5673252409737,79.5338731158707));
#5243=CARTESIAN_POINT('Ctrl Pts',(-3.10880964242608,14.7484080597173,78.4396680707067));
#5244=CARTESIAN_POINT('Ctrl Pts',(-12.9378875257786,14.9294908784608,82.4750555874116));
#5245=CARTESIAN_POINT('Ctrl Pts',(-19.6888081787075,15.1105736972043,90.6799440561642));
#5246=CARTESIAN_POINT('Ctrl Pts',(-21.7554055885331,15.2916565159478,101.102242247686));
#5247=CARTESIAN_POINT('Ctrl Pts',(-18.6459988879702,15.4727393346914,111.262297090884));
#5248=CARTESIAN_POINT('Ctrl Pts',(-11.1003721181745,15.6538221534349,118.742847946187));
#5249=CARTESIAN_POINT('Ctrl Pts',(-0.913766237368662,15.8349049721784,121.764136591044));
#5250=CARTESIAN_POINT('Ctrl Pts',(9.49024114305453,16.015987790922,119.607343862633));
#5251=CARTESIAN_POINT('Ctrl Pts',(17.6363486666615,16.1970706096655,112.785609723198));
#5252=CARTESIAN_POINT('Ctrl Pts',(21.586450152933,16.378153428409,102.921947995809));
#5253=CARTESIAN_POINT('Ctrl Pts',(20.4007450802929,16.5592362471525,92.3631020373449));
#5254=CARTESIAN_POINT('Ctrl Pts',(14.3613341103037,16.740319065896,83.6212121096234));
#5255=CARTESIAN_POINT('Ctrl Pts',(4.9051022469922,16.9214018846396,78.7761317732036));
#5256=CARTESIAN_POINT('Ctrl Pts',(-5.7181420788326,17.1024847033831,78.9805932303197));
#5257=CARTESIAN_POINT('Ctrl Pts',(-14.9809370718277,17.2835675221266,84.1859513258109));
#5258=CARTESIAN_POINT('Ctrl Pts',(-20.6794964400904,17.4646503408701,93.1537574695748));
#5259=CARTESIAN_POINT('Ctrl Pts',(-21.4580299044946,17.6457331596137,103.750408203761));
#5260=CARTESIAN_POINT('Ctrl Pts',(-17.1313103510866,17.8268159783572,113.454769500613));
#5261=CARTESIAN_POINT('Ctrl Pts',(-8.72874241321997,18.0078987971007,119.957997105214));
#5262=CARTESIAN_POINT('Ctrl Pts',(1.75055089393543,18.1889816158442,121.712858379549));
#5263=CARTESIAN_POINT('Ctrl Pts',(11.813356874404,18.3700644345878,118.301834601706));
#5264=CARTESIAN_POINT('Ctrl Pts',(19.0655510505171,18.5511472533313,110.536481134284));
#5265=CARTESIAN_POINT('Ctrl Pts',(21.7817076076666,18.7322300720748,100.264293267051));
#5266=CARTESIAN_POINT('Ctrl Pts',(19.315599308848,18.9133128908183,89.929255926666));
#5267=CARTESIAN_POINT('Ctrl Pts',(12.2539670174883,19.0943957095618,81.9901684603824));
#5268=CARTESIAN_POINT('Ctrl Pts',(2.27688215442468,19.2754785283054,78.3360711712111));
#5269=CARTESIAN_POINT('Ctrl Pts',(-8.24188901670722,19.4565613470489,79.8359591797713));
#5270=CARTESIAN_POINT('Ctrl Pts',(-16.7998167953143,19.6376441657924,86.1337532242173));
#5271=CARTESIAN_POINT('Ctrl Pts',(-21.3606592545169,19.8187269845359,95.7295280387315));
#5272=CARTESIAN_POINT('Ctrl Pts',(-20.8396414084292,19.9998098032795,106.343490207187));
#5273=CARTESIAN_POINT('Ctrl Pts',(-17.1860808593983,20.1205316824418,112.409581723221));
#5274=CARTESIAN_POINT('Ctrl Pts',(-14.7499589297029,20.180892622023,114.832196499871));
#5275=CARTESIAN_POINT('Ctrl Pts',(11.4731505464146,-0.21538845090334,117.535074608889));
#5276=CARTESIAN_POINT('Ctrl Pts',(14.3532501379167,-0.155027511322166,115.65063345657));
#5277=CARTESIAN_POINT('Ctrl Pts',(19.1644298660583,-0.0343056321598161,
110.437586764598));
#5278=CARTESIAN_POINT('Ctrl Pts',(21.8217094744209,0.146777186583708,100.128897528013));
#5279=CARTESIAN_POINT('Ctrl Pts',(19.2869493010984,0.327860005327233,89.7917486513074));
#5280=CARTESIAN_POINT('Ctrl Pts',(12.1636060912306,0.508942824070757,81.8822577718114));
#5281=CARTESIAN_POINT('Ctrl Pts',(2.14625606020846,0.690025642814281,78.2838309549392));
#5282=CARTESIAN_POINT('Ctrl Pts',(-8.38169488719174,0.871108461557807,79.8518136773889));
#5283=CARTESIAN_POINT('Ctrl Pts',(-16.9155050557314,1.05219128030133,86.2135421149289));
#5284=CARTESIAN_POINT('Ctrl Pts',(-21.4248030610206,1.23327409904486,95.8552547523866));
#5285=CARTESIAN_POINT('Ctrl Pts',(-20.8367571454915,1.41435691778838,106.48310841023));
#5286=CARTESIAN_POINT('Ctrl Pts',(-15.2912682713029,1.5954397365319,115.568498007677));
#5287=CARTESIAN_POINT('Ctrl Pts',(-6.10771130613175,1.77652255527543,120.94986821912));
#5288=CARTESIAN_POINT('Ctrl Pts',(4.52898101162571,1.95760537401895,121.346882457473));
#5289=CARTESIAN_POINT('Ctrl Pts',(14.0881466776458,2.13868819276248,116.665089476302));
#5290=CARTESIAN_POINT('Ctrl Pts',(20.2954877894735,2.319771011506,108.018369653662));
#5291=CARTESIAN_POINT('Ctrl Pts',(21.6741655599469,2.50085383024952,97.4639352506641));
#5292=CARTESIAN_POINT('Ctrl Pts',(17.8961677185593,2.68193664899305,87.5128762549148));
#5293=CARTESIAN_POINT('Ctrl Pts',(9.86034817892297,2.86301946773658,80.532729751141));
#5294=CARTESIAN_POINT('Ctrl Pts',(-0.521426362529178,3.0441022864801,78.184198559307));
#5295=CARTESIAN_POINT('Ctrl Pts',(-10.7791441534802,3.22518510522363,81.0260407693285));
#5296=CARTESIAN_POINT('Ctrl Pts',(-18.4723087691931,3.40626792396715,88.3821307270989));
#5297=CARTESIAN_POINT('Ctrl Pts',(-21.7705773343203,3.58735074271067,98.502321726715));
#5298=CARTESIAN_POINT('Ctrl Pts',(-19.8892321561852,3.76843356145419,108.978837447403));
#5299=CARTESIAN_POINT('Ctrl Pts',(-13.2758792492333,3.94951638019772,117.319125493074));
#5300=CARTESIAN_POINT('Ctrl Pts',(-3.50395477323,4.13059919894124,121.538880626004));
#5301=CARTESIAN_POINT('Ctrl Pts',(7.10162385985078,4.31168201768477,120.634146850138));
#5302=CARTESIAN_POINT('Ctrl Pts',(16.0175978501276,4.49276483642829,114.820176678741));
#5303=CARTESIAN_POINT('Ctrl Pts',(21.1226958733438,4.67384765517182,105.480218674502));
#5304=CARTESIAN_POINT('Ctrl Pts',(21.2023228605101,4.85493047391535,94.8364176198259));
#5305=CARTESIAN_POINT('Ctrl Pts',(16.2375341125087,5.03601329265887,85.4211261195146));
#5306=CARTESIAN_POINT('Ctrl Pts',(7.40954258638419,5.21709611140239,79.4744121560748));
#5307=CARTESIAN_POINT('Ctrl Pts',(-3.18131301171236,5.39817893014591,78.4111064387368));
#5308=CARTESIAN_POINT('Ctrl Pts',(-13.0152767578947,5.57926174888945,82.4841886116147));
#5309=CARTESIAN_POINT('Ctrl Pts',(-19.7526709769085,5.76034456763296,90.7245988250607));
#5310=CARTESIAN_POINT('Ctrl Pts',(-21.7905478391219,5.94142738637649,101.171794584819));
#5311=CARTESIAN_POINT('Ctrl Pts',(-18.6440596145146,6.12251020512001,111.340199238483));
#5312=CARTESIAN_POINT('Ctrl Pts',(-11.0618127088632,6.30359302386355,118.810565575551));
#5313=CARTESIAN_POINT('Ctrl Pts',(-0.847760672465146,6.48467584260706,121.805558454676));
#5314=CARTESIAN_POINT('Ctrl Pts',(9.56798894697467,6.66575866135059,119.612614950298));
#5315=CARTESIAN_POINT('Ctrl Pts',(17.7073411020642,6.84684148009411,112.753475948667));
#5316=CARTESIAN_POINT('Ctrl Pts',(21.6337968367548,7.02792429883764,102.860054563131));
#5317=CARTESIAN_POINT('Ctrl Pts',(20.4131813805836,7.20900711758116,92.2861745157498));
#5318=CARTESIAN_POINT('Ctrl Pts',(14.3359012071336,7.39008993632469,83.5475529401436));
#5319=CARTESIAN_POINT('Ctrl Pts',(4.84785108631514,7.57117275506821,78.7232658163198));
#5320=CARTESIAN_POINT('Ctrl Pts',(-5.79359040876127,7.75225557381174,78.961098226058));
#5321=CARTESIAN_POINT('Ctrl Pts',(-15.0566320552301,7.93333839255525,84.2044655414421));
#5322=CARTESIAN_POINT('Ctrl Pts',(-20.7374288619389,8.11442121129878,93.2058759303281));
#5323=CARTESIAN_POINT('Ctrl Pts',(-21.4844166163923,8.29550403004231,103.823731205427));
#5324=CARTESIAN_POINT('Ctrl Pts',(-17.1198734337133,8.47658684878582,113.531851731811));
#5325=CARTESIAN_POINT('Ctrl Pts',(-8.68220300449567,8.65766966752936,120.020500210204));
#5326=CARTESIAN_POINT('Ctrl Pts',(1.82112040717637,8.83875248627288,121.745909917514));
#5327=CARTESIAN_POINT('Ctrl Pts',(11.8911663662775,9.0198353050164,118.297574706162));
#5328=CARTESIAN_POINT('Ctrl Pts',(19.1320889730861,9.20091812375993,110.495915834456));
#5329=CARTESIAN_POINT('Ctrl Pts',(21.8211418957402,9.38200094250345,100.1970889242));
#5330=CARTESIAN_POINT('Ctrl Pts',(19.3185508526686,9.56308376124699,89.8513709974733));
#5331=CARTESIAN_POINT('Ctrl Pts',(12.2197274749179,9.74416657999049,81.920195296497));
#5332=CARTESIAN_POINT('Ctrl Pts',(2.21361012001948,9.92524939873403,78.2905318371311));
#5333=CARTESIAN_POINT('Ctrl Pts',(-8.319165082437,10.1063322174776,79.8259431444928));
#5334=CARTESIAN_POINT('Ctrl Pts',(-16.8726605842036,10.2874150362211,86.1611271236299));
#5335=CARTESIAN_POINT('Ctrl Pts',(-21.411845243474,10.4684978549646,95.7888290289289));
#5336=CARTESIAN_POINT('Ctrl Pts',(-20.8567650065963,10.6495806737081,106.41844460424));
#5337=CARTESIAN_POINT('Ctrl Pts',(-15.3394834922413,10.8306634924516,115.520996226703));
#5338=CARTESIAN_POINT('Ctrl Pts',(-6.17266167012674,11.0117463111952,120.930822381938));
#5339=CARTESIAN_POINT('Ctrl Pts',(4.46274790350392,11.1928291299387,121.360827671882));
#5340=CARTESIAN_POINT('Ctrl Pts',(14.0363891088943,11.3739119486822,116.708706067849));
#5341=CARTESIAN_POINT('Ctrl Pts',(20.2705197072804,11.5549947674257,108.081281363424));
#5342=CARTESIAN_POINT('Ctrl Pts',(21.6819273783676,11.7360775861693,97.531173793629));
#5343=CARTESIAN_POINT('Ctrl Pts',(17.9348127330227,11.9171604049128,87.5684445900974));
#5344=CARTESIAN_POINT('Ctrl Pts',(9.92068205585437,12.0982432236563,80.5634070571842));
#5345=CARTESIAN_POINT('Ctrl Pts',(-0.453758149442484,12.2793260423999,78.1826862052202));
#5346=CARTESIAN_POINT('Ctrl Pts',(-10.7202410915628,12.4604088611434,80.9926985445898));
#5347=CARTESIAN_POINT('Ctrl Pts',(-18.4361849629023,12.6414916798869,88.3248913627442));
#5348=CARTESIAN_POINT('Ctrl Pts',(-21.7658272891178,12.8225744986304,98.4348034952866));
#5349=CARTESIAN_POINT('Ctrl Pts',(-19.9169859940597,13.0036573173739,108.917104159451));
#5350=CARTESIAN_POINT('Ctrl Pts',(-13.3295338304435,13.1847401361175,117.277864611726));
#5351=CARTESIAN_POINT('Ctrl Pts',(-3.57074470346374,13.365822954861,121.527908861307));
#5352=CARTESIAN_POINT('Ctrl Pts',(7.03758911194046,13.5469057736045,120.656074582785));
#5353=CARTESIAN_POINT('Ctrl Pts',(15.9715533081546,13.727988592348,114.869786905092));
#5354=CARTESIAN_POINT('Ctrl Pts',(21.1055963658818,13.9090714110916,105.545708225155));
#5355=CARTESIAN_POINT('Ctrl Pts',(21.218236669367,14.0901542298351,94.9022053473292));
#5356=CARTESIAN_POINT('Ctrl Pts',(16.2826750549973,14.2712370485786,85.4715599346849));
#5357=CARTESIAN_POINT('Ctrl Pts',(7.47317081658681,14.4523198673221,79.4974929429555));
#5358=CARTESIAN_POINT('Ctrl Pts',(-3.11433579952425,14.6334026860657,78.4013428610496));
#5359=CARTESIAN_POINT('Ctrl Pts',(-12.9608856527819,14.8144855048092,82.4439036009284));
#5360=CARTESIAN_POINT('Ctrl Pts',(-19.7238066056252,14.9955683235527,90.6633769133559));
#5361=CARTESIAN_POINT('Ctrl Pts',(-21.7940775571783,15.1766511422962,101.104201571196));
#5362=CARTESIAN_POINT('Ctrl Pts',(-18.6791436381993,15.3577339610398,111.282316722244));
#5363=CARTESIAN_POINT('Ctrl Pts',(-11.1201039149798,15.5388167797833,118.776164853343));
#5364=CARTESIAN_POINT('Ctrl Pts',(-0.915390529739095,15.7198995985268,121.802824079741));
#5365=CARTESIAN_POINT('Ctrl Pts',(9.50711080363123,15.9009824172703,119.642197480235));
#5366=CARTESIAN_POINT('Ctrl Pts',(17.667698683086,16.0820652360139,112.808337164254));
#5367=CARTESIAN_POINT('Ctrl Pts',(21.6248217898282,16.2631480547574,102.927141991442));
#5368=CARTESIAN_POINT('Ctrl Pts',(20.4370090318117,16.4442308735009,92.3495268420656));
#5369=CARTESIAN_POINT('Ctrl Pts',(14.3868625271965,16.6253136922444,83.5920975078396));
#5370=CARTESIAN_POINT('Ctrl Pts',(4.91382145736343,16.806396510988,78.7384046544846));
#5371=CARTESIAN_POINT('Ctrl Pts',(-5.72830653224648,16.9874793297315,78.9432295585406));
#5372=CARTESIAN_POINT('Ctrl Pts',(-15.0075668827789,17.168562148475,84.1578405924321));
#5373=CARTESIAN_POINT('Ctrl Pts',(-20.7162558935467,17.3496449672185,93.1415877284968));
#5374=CARTESIAN_POINT('Ctrl Pts',(-21.496173265891,17.5307277859621,103.757074851296));
#5375=CARTESIAN_POINT('Ctrl Pts',(-17.1617626180888,17.7118106047056,113.478686430969));
#5376=CARTESIAN_POINT('Ctrl Pts',(-8.7442584562351,17.8928934234491,119.993474027977));
#5377=CARTESIAN_POINT('Ctrl Pts',(1.75366265229704,18.0739762421926,121.751454735247));
#5378=CARTESIAN_POINT('Ctrl Pts',(11.8343560290663,18.2550590609362,118.334367535786));
#5379=CARTESIAN_POINT('Ctrl Pts',(19.0994416477554,18.4361418796797,110.555210644179));
#5380=CARTESIAN_POINT('Ctrl Pts',(21.8204262095836,18.6172246984232,100.264762918952));
#5381=CARTESIAN_POINT('Ctrl Pts',(19.3499345716227,18.7983075171667,89.9113546805713));
#5382=CARTESIAN_POINT('Ctrl Pts',(12.2757489262585,18.9793903359103,81.9581539311496));
#5383=CARTESIAN_POINT('Ctrl Pts',(2.28093049659043,19.1604731546538,78.2975630598921));
#5384=CARTESIAN_POINT('Ctrl Pts',(-8.25654166259268,19.3415559733973,79.8001134566657));
#5385=CARTESIAN_POINT('Ctrl Pts',(-16.82967569236,19.5226387921408,86.1091099985921));
#5386=CARTESIAN_POINT('Ctrl Pts',(-21.3986379383331,19.7037216108844,95.7219264448947));
#5387=CARTESIAN_POINT('Ctrl Pts',(-20.8766676588396,19.8848044296279,106.354788511188));
#5388=CARTESIAN_POINT('Ctrl Pts',(-17.2166606461599,20.0055263087902,112.431601397587));
#5389=CARTESIAN_POINT('Ctrl Pts',(-14.776173479794,20.0658872483714,114.858557207718));
#5390=CARTESIAN_POINT('Ctrl Pts',(11.4731505464146,-0.281275699274737,117.535074608889));
#5391=CARTESIAN_POINT('Ctrl Pts',(14.3532165871808,-0.220914759693563,115.650655408723));
#5392=CARTESIAN_POINT('Ctrl Pts',(19.1644425832213,-0.100192880531213,110.437569612213));
#5393=CARTESIAN_POINT('Ctrl Pts',(21.8216956929605,0.0808899382123114,100.128904342801));
#5394=CARTESIAN_POINT('Ctrl Pts',(19.2869484725115,0.261972756955836,89.7917478806535));
#5395=CARTESIAN_POINT('Ctrl Pts',(12.1636010203908,0.44305557569936,81.8822640046077));
#5396=CARTESIAN_POINT('Ctrl Pts',(2.14625650305633,0.624138394442885,78.283835628484));
#5397=CARTESIAN_POINT('Ctrl Pts',(-8.38169325494052,0.805221213186409,79.8518191734228));
#5398=CARTESIAN_POINT('Ctrl Pts',(-16.9155005395325,0.986304031929933,86.213545401026));
#5399=CARTESIAN_POINT('Ctrl Pts',(-21.424797763752,1.16738685067346,95.8552558983279));
#5400=CARTESIAN_POINT('Ctrl Pts',(-20.8367518197117,1.34846966941698,106.483106722906));
#5401=CARTESIAN_POINT('Ctrl Pts',(-15.2912644348111,1.52955248816051,115.568494096134));
#5402=CARTESIAN_POINT('Ctrl Pts',(-6.10770974791815,1.71063530690403,120.949862911485));
#5403=CARTESIAN_POINT('Ctrl Pts',(4.5289798597186,1.89171812564756,121.346877067136));
#5404=CARTESIAN_POINT('Ctrl Pts',(14.0881431198526,2.07280094439108,116.665085260734));
#5405=CARTESIAN_POINT('Ctrl Pts',(20.2954826573588,2.2538837631346,108.018367628161));
#5406=CARTESIAN_POINT('Ctrl Pts',(21.6741600818896,2.43496658187813,97.4639358910408));
#5407=CARTESIAN_POINT('Ctrl Pts',(17.8961631942563,2.61604940062166,87.5128794118203));
#5408=CARTESIAN_POINT('Ctrl Pts',(9.86034568658086,2.79713221936517,80.5327346720053));
#5409=CARTESIAN_POINT('Ctrl Pts',(-0.521426230822479,2.9782150381087,78.1842040741006));
#5410=CARTESIAN_POINT('Ctrl Pts',(-10.779141428623,3.15929785685223,81.0260455656206));
#5411=CARTESIAN_POINT('Ctrl Pts',(-18.472304099694,3.34038067559575,88.3821336639435));
#5412=CARTESIAN_POINT('Ctrl Pts',(-21.7705718310309,3.52146349433928,98.5023221052956));
#5413=CARTESIAN_POINT('Ctrl Pts',(-19.8892271284901,3.7025463130828,108.978835177692));
#5414=CARTESIAN_POINT('Ctrl Pts',(-13.2758758932861,3.88362913182632,117.319121115055));
#5415=CARTESIAN_POINT('Ctrl Pts',(-3.50395388748399,4.06471195056985,121.538875181297));
#5416=CARTESIAN_POINT('Ctrl Pts',(7.10162206466695,4.24579476931337,120.634141634132));
#5417=CARTESIAN_POINT('Ctrl Pts',(16.0175938011174,4.4268775880569,114.820172932421));
#5418=CARTESIAN_POINT('Ctrl Pts',(21.1226905338416,4.60796040680042,105.480217289184));
#5419=CARTESIAN_POINT('Ctrl Pts',(21.2023175008792,4.78904322554395,94.8364189251025));
#5420=CARTESIAN_POINT('Ctrl Pts',(16.2375300079024,4.97012604428747,85.4211298048364));
#5421=CARTESIAN_POINT('Ctrl Pts',(7.40954071336236,5.151208863031,79.4744173446371));
#5422=CARTESIAN_POINT('Ctrl Pts',(-3.18131220752389,5.33229168177452,78.411111896087));
#5423=CARTESIAN_POINT('Ctrl Pts',(-13.0152734678269,5.51337450051805,82.4841930393505));
#5424=CARTESIAN_POINT('Ctrl Pts',(-19.752665983728,5.69445731926157,90.7246011697437));
#5425=CARTESIAN_POINT('Ctrl Pts',(-21.7905423307965,5.87554013800509,101.171794288607));
#5426=CARTESIAN_POINT('Ctrl Pts',(-18.6440549015745,6.05662295674862,111.34019637185));
#5427=CARTESIAN_POINT('Ctrl Pts',(-11.0618099126019,6.23770577549214,118.810560820521));
#5428=CARTESIAN_POINT('Ctrl Pts',(-0.847760458163899,6.41878859423567,121.805552942556));
#5429=CARTESIAN_POINT('Ctrl Pts',(9.56798652832982,6.59987141297919,119.612609992521));
#5430=CARTESIAN_POINT('Ctrl Pts',(17.7073366259125,6.78095423172271,112.753472724778));
#5431=CARTESIAN_POINT('Ctrl Pts',(21.6337913680538,6.96203705046624,102.860053840152));
#5432=CARTESIAN_POINT('Ctrl Pts',(20.4131762204359,7.14311986920977,92.2861764656897));
#5433=CARTESIAN_POINT('Ctrl Pts',(14.3358975832317,7.32420268795329,83.5475570990768));
#5434=CARTESIAN_POINT('Ctrl Pts',(4.84784986085069,7.50528550669681,78.7232711947608));
#5435=CARTESIAN_POINT('Ctrl Pts',(-5.79358894422803,7.68636832544034,78.9611035443784));
#5436=CARTESIAN_POINT('Ctrl Pts',(-15.0566282491382,7.86745114418386,84.2044695343176));
#5437=CARTESIAN_POINT('Ctrl Pts',(-20.7374236198263,8.04853396292739,93.2058776477813));
#5438=CARTESIAN_POINT('Ctrl Pts',(-21.4844111854523,8.22961678167091,103.823730238845));
#5439=CARTESIAN_POINT('Ctrl Pts',(-17.1198691060647,8.41069960041443,113.53184831116));
#5440=CARTESIAN_POINT('Ctrl Pts',(-8.6822008097643,8.59178241915796,120.020495149321));
#5441=CARTESIAN_POINT('Ctrl Pts',(1.82111994682431,8.77286523790148,121.745904420472));
#5442=CARTESIAN_POINT('Ctrl Pts',(11.891163360368,8.95394805664501,118.297570080808));
#5443=CARTESIAN_POINT('Ctrl Pts',(19.1320841367794,9.13503087538853,110.495913181245));
#5444=CARTESIAN_POINT('Ctrl Pts',(21.8211363796811,9.31611369413205,100.197088874379));
#5445=CARTESIAN_POINT('Ctrl Pts',(19.3185459692272,9.49719651287559,89.8513735628952));
#5446=CARTESIAN_POINT('Ctrl Pts',(12.2197243859531,9.6782793316191,81.920199866802));
#5447=CARTESIAN_POINT('Ctrl Pts',(2.21360956045187,9.85936215036264,78.2905373249607));
#5448=CARTESIAN_POINT('Ctrl Pts',(-8.31916297947618,10.0404449691062,79.8259482441935));
#5449=CARTESIAN_POINT('Ctrl Pts',(-16.8726563190467,10.2215277878497,86.1611306218905));
#5450=CARTESIAN_POINT('Ctrl Pts',(-21.411839830879,10.4026106065932,95.7888300934501));
#5451=CARTESIAN_POINT('Ctrl Pts',(-20.8567597343173,10.5836934253367,106.418442981753));
#5452=CARTESIAN_POINT('Ctrl Pts',(-15.3394796146487,10.7647762440803,115.520992303227));
#5453=CARTESIAN_POINT('Ctrl Pts',(-6.17266010976996,10.9458590628238,120.930817090938));
#5454=CARTESIAN_POINT('Ctrl Pts',(4.46274677538784,11.1269418815673,121.360822272183));
#5455=CARTESIAN_POINT('Ctrl Pts',(14.0363855607046,11.3080247003108,116.708701844138));
#5456=CARTESIAN_POINT('Ctrl Pts',(20.2705145831955,11.4891075190543,108.081279320597));
#5457=CARTESIAN_POINT('Ctrl Pts',(21.6819218974999,11.6701903377979,97.5311744177113));
#5458=CARTESIAN_POINT('Ctrl Pts',(17.9348081993697,11.8512731565414,87.5684477326092));
#5459=CARTESIAN_POINT('Ctrl Pts',(9.92067954805395,12.0323559752849,80.5634119704648));
#5460=CARTESIAN_POINT('Ctrl Pts',(-0.453758034739188,12.2134387940284,78.1826917203117));
#5461=CARTESIAN_POINT('Ctrl Pts',(-10.7202383816458,12.394521612772,80.992703349352));
#5462=CARTESIAN_POINT('Ctrl Pts',(-18.4361803025098,12.5756044315155,88.3248943140375));
#5463=CARTESIAN_POINT('Ctrl Pts',(-21.7658217870414,12.756687250259,98.4348038909449));
#5464=CARTESIAN_POINT('Ctrl Pts',(-19.9169809593428,12.9377700690025,108.91710190534));
#5465=CARTESIAN_POINT('Ctrl Pts',(-13.3295304609362,13.1188528877461,117.27786024414));
#5466=CARTESIAN_POINT('Ctrl Pts',(-3.57074380083276,13.2999357064896,121.527903419373));
#5467=CARTESIAN_POINT('Ctrl Pts',(7.03758733294293,13.4810185252331,120.656069361237));
#5468=CARTESIAN_POINT('Ctrl Pts',(15.9715492707842,13.6621013439766,114.869783146232));
#5469=CARTESIAN_POINT('Ctrl Pts',(21.1055910307019,13.8431841627202,105.545706823282));
#5470=CARTESIAN_POINT('Ctrl Pts',(21.2182313057133,14.0242669814637,94.9022066359756));
#5471=CARTESIAN_POINT('Ctrl Pts',(16.28267093898,14.2053498002072,85.4715636072579));
#5472=CARTESIAN_POINT('Ctrl Pts',(7.47316892748072,14.3864326189507,79.4974981256833));
#5473=CARTESIAN_POINT('Ctrl Pts',(-3.11433501226662,14.5675154376943,78.401348320868));
#5474=CARTESIAN_POINT('Ctrl Pts',(-12.9608823764634,14.7485982564378,82.4439080388474));
#5475=CARTESIAN_POINT('Ctrl Pts',(-19.723801619741,14.9296810751813,90.6633792735152));
#5476=CARTESIAN_POINT('Ctrl Pts',(-21.7940720479608,15.1107638939248,101.10420129207));
#5477=CARTESIAN_POINT('Ctrl Pts',(-18.6791389163902,15.2918467126684,111.282313870243));
#5478=CARTESIAN_POINT('Ctrl Pts',(-11.120101103984,15.4729295314119,118.776160107007));
#5479=CARTESIAN_POINT('Ctrl Pts',(-0.91539029834083,15.6540123501554,121.802818568314));
#5480=CARTESIAN_POINT('Ctrl Pts',(9.50710840037304,15.8350951688989,119.642192514977));
#5481=CARTESIAN_POINT('Ctrl Pts',(17.6676942169602,16.0161779876425,112.808333926504));
#5482=CARTESIAN_POINT('Ctrl Pts',(21.6248163233859,16.197260806386,102.927141251491));
#5483=CARTESIAN_POINT('Ctrl Pts',(20.437003865661,16.3783436251295,92.3495287760163));
#5484=CARTESIAN_POINT('Ctrl Pts',(14.3868588903713,16.559426443873,83.5921016554615));
#5485=CARTESIAN_POINT('Ctrl Pts',(4.91382021530562,16.7405092626166,78.7384100292021));
#5486=CARTESIAN_POINT('Ctrl Pts',(-5.72830508438404,16.9215920813601,78.9432348811685));
#5487=CARTESIAN_POINT('Ctrl Pts',(-15.0075630887497,17.1026749001036,84.1578445975179));
#5488=CARTESIAN_POINT('Ctrl Pts',(-20.7162506574754,17.2837577188471,93.1415894613418));
#5489=CARTESIAN_POINT('Ctrl Pts',(-21.4961678305834,17.4648405375907,103.757073903303));
#5490=CARTESIAN_POINT('Ctrl Pts',(-17.1617582826781,17.6459233563342,113.478683020233));
#5491=CARTESIAN_POINT('Ctrl Pts',(-8.74425624009178,17.8270061750777,119.993468981064));
#5492=CARTESIAN_POINT('Ctrl Pts',(1.75366219740162,18.0080889938212,121.751449222345));
#5493=CARTESIAN_POINT('Ctrl Pts',(11.834353061003,18.1891718125648,118.334362930416));
#5494=CARTESIAN_POINT('Ctrl Pts',(19.0994367721352,18.3702546313083,110.555207916667));
#5495=CARTESIAN_POINT('Ctrl Pts',(21.8204207900443,18.5513374500518,100.264762972152));
#5496=CARTESIAN_POINT('Ctrl Pts',(19.349929485127,18.7324202687953,89.9113569875277));
#5497=CARTESIAN_POINT('Ctrl Pts',(12.2757462183234,18.9135030875389,81.9581589846356));
#5498=CARTESIAN_POINT('Ctrl Pts',(2.28092911958562,19.0945859062824,78.2975675478752));
#5499=CARTESIAN_POINT('Ctrl Pts',(-8.25653795408743,19.2756687250259,79.8001205846497));
#5500=CARTESIAN_POINT('Ctrl Pts',(-16.8296747252827,19.4567515437694,86.1091094110335));
#5501=CARTESIAN_POINT('Ctrl Pts',(-21.3986258159349,19.637834362513,95.7219359009746));
#5502=CARTESIAN_POINT('Ctrl Pts',(-20.8766766523859,19.8189171812565,106.354769145067));
#5503=CARTESIAN_POINT('Ctrl Pts',(-17.2166322165387,19.9396390604188,112.43162966958));
#5504=CARTESIAN_POINT('Ctrl Pts',(-14.776173479794,20.,114.858557207718));
#5505=CARTESIAN_POINT('',(-20.7789115156739,20.,100.474024399501));
#5506=CARTESIAN_POINT('Ctrl Pts',(-14.776173479794,20.,114.858557207718));
#5507=CARTESIAN_POINT('Ctrl Pts',(-16.6098092184955,20.,113.035088118826));
#5508=CARTESIAN_POINT('Ctrl Pts',(-18.0842601152478,20.,110.879999350121));
#5509=CARTESIAN_POINT('Ctrl Pts',(-19.7537900508939,20.,107.044198978254));
#5510=CARTESIAN_POINT('Ctrl Pts',(-20.2179034364587,20.,105.506176041323));
#5511=CARTESIAN_POINT('Ctrl Pts',(-20.6917898349485,20.,102.789170200494));
#5512=CARTESIAN_POINT('Ctrl Pts',(-20.7916954018674,20.,101.621082087992));
#5513=CARTESIAN_POINT('Ctrl Pts',(-20.7789115156739,20.,100.474024399501));
#5514=CARTESIAN_POINT('',(11.3796996495747,0.,117.392248238597));
#5515=CARTESIAN_POINT('Ctrl Pts',(11.3796996495747,5.55111512312578E-16,
117.392248238597));
#5516=CARTESIAN_POINT('Ctrl Pts',(12.8203643688417,5.55111512312578E-16,
116.517989029587));
#5517=CARTESIAN_POINT('Ctrl Pts',(14.6460169152828,5.66167825933966E-16,
115.121836166928));
#5518=CARTESIAN_POINT('Ctrl Pts',(17.2906110859415,5.48914004714006E-16,
111.880589079535));
#5519=CARTESIAN_POINT('Ctrl Pts',(18.1087820961064,5.60605887813175E-16,
110.613341776805));
#5520=CARTESIAN_POINT('Ctrl Pts',(19.5068172588733,5.49171797373527E-16,
107.81531600341));
#5521=CARTESIAN_POINT('Ctrl Pts',(20.0577768615005,-1.0907724738344E-16,
106.279970096487));
#5522=CARTESIAN_POINT('Ctrl Pts',(20.4219521879625,-1.09091754743802E-16,
104.696370282737));
#5523=CARTESIAN_POINT('Ctrl Pts',(11.3796996495747,-5.55111512312578E-16,
117.392248238597));
#5524=CARTESIAN_POINT('Ctrl Pts',(14.236307028888,0.0603609395811742,115.523177975375));
#5525=CARTESIAN_POINT('Ctrl Pts',(19.0083447145851,0.181082818743524,110.352553710334));
#5526=CARTESIAN_POINT('Ctrl Pts',(21.6439540146984,0.362165637487048,100.127854393496));
#5527=CARTESIAN_POINT('Ctrl Pts',(19.1298527711374,0.543248456230573,89.8748959498661));
#5528=CARTESIAN_POINT('Ctrl Pts',(12.0645262789273,0.724331274974097,82.0298362578112));
#5529=CARTESIAN_POINT('Ctrl Pts',(2.12877485368308,0.905414093717622,78.460717734949));
#5530=CARTESIAN_POINT('Ctrl Pts',(-8.31342283971831,1.08649691246115,80.0159297688794));
#5531=CARTESIAN_POINT('Ctrl Pts',(-16.7777207126646,1.26757973120467,86.3258385798966));
#5532=CARTESIAN_POINT('Ctrl Pts',(-21.2502888912731,1.4486625499482,95.8890155924855));
#5533=CARTESIAN_POINT('Ctrl Pts',(-20.6670326883446,1.62974536869172,106.430300640121));
#5534=CARTESIAN_POINT('Ctrl Pts',(-15.1667143062768,1.81082818743524,115.441685881613));
#5535=CARTESIAN_POINT('Ctrl Pts',(-6.05796134173526,1.99191100617877,120.779222469714));
#5536=CARTESIAN_POINT('Ctrl Pts',(4.49209049546349,2.17299382492229,121.173002872896));
#5537=CARTESIAN_POINT('Ctrl Pts',(13.9733926331373,2.35407664366582,116.529345111833));
#5538=CARTESIAN_POINT('Ctrl Pts',(20.1301722617133,2.53515946240934,107.953056566216));
#5539=CARTESIAN_POINT('Ctrl Pts',(21.4976201079994,2.71624228115287,97.4845925942251));
#5540=CARTESIAN_POINT('Ctrl Pts',(17.7503956917965,2.89732509989639,87.6145892789742));
#5541=CARTESIAN_POINT('Ctrl Pts',(9.78003137850706,3.07840791863992,80.6912990869461));
#5542=CARTESIAN_POINT('Ctrl Pts',(-0.517179119385297,3.25949073738344,78.3618976976876));
#5543=CARTESIAN_POINT('Ctrl Pts',(-10.6913433622075,3.44057355612697,81.1805918736567));
#5544=CARTESIAN_POINT('Ctrl Pts',(-18.321843824826,3.62165637487049,88.4767632971971));
#5545=CARTESIAN_POINT('Ctrl Pts',(-21.5932465659177,3.80273919361402,98.5145209640024));
#5546=CARTESIAN_POINT('Ctrl Pts',(-19.7272257579782,3.98382201235753,108.905700932958));
#5547=CARTESIAN_POINT('Ctrl Pts',(-13.1677414707887,4.16490483110107,117.178053725227));
#5548=CARTESIAN_POINT('Ctrl Pts',(-3.47541354610642,4.34598764984458,121.363437127515));
#5549=CARTESIAN_POINT('Ctrl Pts',(7.04377806198642,4.52707046858811,120.466072799558));
#5550=CARTESIAN_POINT('Ctrl Pts',(15.8871275878594,4.70815328733163,114.699459929811));
#5551=CARTESIAN_POINT('Ctrl Pts',(20.9506423796688,4.88923610607516,105.435579923146));
#5552=CARTESIAN_POINT('Ctrl Pts',(21.0296207705848,5.07031892481868,94.8784772316158));
#5553=CARTESIAN_POINT('Ctrl Pts',(16.105272374259,5.25140174356221,85.5398773527866));
#5554=CARTESIAN_POINT('Ctrl Pts',(7.34918865731342,5.43248456230573,79.641601946595));
#5555=CARTESIAN_POINT('Ctrl Pts',(-3.1553998412808,5.61356738104926,78.5869573142155));
#5556=CARTESIAN_POINT('Ctrl Pts',(-12.9092616994584,5.79465019979278,82.6268624711447));
#5557=CARTESIAN_POINT('Ctrl Pts',(-19.5917769285648,5.97573301853631,90.8001509793387));
#5558=CARTESIAN_POINT('Ctrl Pts',(-21.6130544023324,6.15681583727983,101.162249811112));
#5559=CARTESIAN_POINT('Ctrl Pts',(-18.4921956852036,6.33789865602336,111.247828410931));
#5560=CARTESIAN_POINT('Ctrl Pts',(-10.9717094599998,6.51898147476688,118.657345383172));
#5561=CARTESIAN_POINT('Ctrl Pts',(-0.840855295122563,6.70006429351041,121.627942749931));
#5562=CARTESIAN_POINT('Ctrl Pts',(9.49005353874629,6.88114711225393,119.452861718866));
#5563=CARTESIAN_POINT('Ctrl Pts',(17.5631071501777,7.06222993099745,112.649593371053));
#5564=CARTESIAN_POINT('Ctrl Pts',(21.4575802046761,7.24331274974098,102.836758181711));
#5565=CARTESIAN_POINT('Ctrl Pts',(20.2469071893243,7.4243955684845,92.3490069606293));
#5566=CARTESIAN_POINT('Ctrl Pts',(14.2191290913743,7.60547838722803,83.6815652373014));
#5567=CARTESIAN_POINT('Ctrl Pts',(4.8083632424708,7.78656120597155,78.896574018656));
#5568=CARTESIAN_POINT('Ctrl Pts',(-5.74639910909346,7.96764402471507,79.1324691805518));
#5569=CARTESIAN_POINT('Ctrl Pts',(-14.9339892749894,8.1487268434586,84.3331270013409));
#5570=CARTESIAN_POINT('Ctrl Pts',(-20.5685135347036,8.32980966220213,93.2612170094053));
#5571=CARTESIAN_POINT('Ctrl Pts',(-21.3094167508169,8.51089248094565,103.792585260955));
#5572=CARTESIAN_POINT('Ctrl Pts',(-16.9804246600714,8.69197529968917,113.421628946788));
#5573=CARTESIAN_POINT('Ctrl Pts',(-8.61148270588046,8.87305811843269,119.857424576917));
#5574=CARTESIAN_POINT('Ctrl Pts',(1.8062865938063,9.05414093717622,121.568780075902));
#5575=CARTESIAN_POINT('Ctrl Pts',(11.7943076731703,9.23522375591974,118.148533046288));
#5576=CARTESIAN_POINT('Ctrl Pts',(18.9762498335717,9.41630657466328,110.410422060391));
#5577=CARTESIAN_POINT('Ctrl Pts',(21.6433992571273,9.59738939340679,100.195483549669));
#5578=CARTESIAN_POINT('Ctrl Pts',(19.1611929004984,9.77847221215032,89.9340359700871));
#5579=CARTESIAN_POINT('Ctrl Pts',(12.1201925094748,9.95955503089384,82.0674631255116));
#5580=CARTESIAN_POINT('Ctrl Pts',(2.19557930818239,10.1406378496374,78.4673648448897));
#5581=CARTESIAN_POINT('Ctrl Pts',(-8.25140188471465,10.3217206683809,79.9902695630716));
#5582=CARTESIAN_POINT('Ctrl Pts',(-16.7352254661431,10.5028034871244,86.2738507286652));
#5583=CARTESIAN_POINT('Ctrl Pts',(-21.2374365031189,10.6838863058679,95.8231308378637));
#5584=CARTESIAN_POINT('Ctrl Pts',(-20.6868776348486,10.8649691246115,106.366163596894));
#5585=CARTESIAN_POINT('Ctrl Pts',(-15.21453676471,11.046051943355,115.394570999443));
#5586=CARTESIAN_POINT('Ctrl Pts',(-6.12238267108283,11.2271347620985,120.760331780837));
#5587=CARTESIAN_POINT('Ctrl Pts',(4.42639689164474,11.408217580842,121.186834491713));
#5588=CARTESIAN_POINT('Ctrl Pts',(13.9220566487173,11.5893003995856,116.572606430237));
#5589=CARTESIAN_POINT('Ctrl Pts',(20.1054075570528,11.7703832183291,108.015455831481));
#5590=CARTESIAN_POINT('Ctrl Pts',(21.5053187022105,11.9514660370726,97.5512834508728));
#5591=CARTESIAN_POINT('Ctrl Pts',(17.7887259263182,12.1325488558161,87.6697049856889));
#5592=CARTESIAN_POINT('Ctrl Pts',(9.8398738097107,12.3136316745597,80.7217265132331));
#5593=CARTESIAN_POINT('Ctrl Pts',(-0.450062093060137,12.4947144933032,78.3603976622951));
#5594=CARTESIAN_POINT('Ctrl Pts',(-10.6329200912557,12.6757973120467,81.1475212358007));
#5595=CARTESIAN_POINT('Ctrl Pts',(-18.2860142625367,12.8568801307902,88.4199901722012));
#5596=CARTESIAN_POINT('Ctrl Pts',(-21.5885352119,13.0379629495338,98.4475526977813));
#5597=CARTESIAN_POINT('Ctrl Pts',(-19.7547535288333,13.2190457682773,108.844470489332));
#5598=CARTESIAN_POINT('Ctrl Pts',(-13.2209590122317,13.4001285870208,117.137128931606));
#5599=CARTESIAN_POINT('Ctrl Pts',(-3.5416594434696,13.5812114057643,121.352554732586));
#5600=CARTESIAN_POINT('Ctrl Pts',(6.98026490479281,13.7622942245079,120.48782192134));
#5601=CARTESIAN_POINT('Ctrl Pts',(15.8414580985959,13.9433770432514,114.748666059412));
#5602=CARTESIAN_POINT('Ctrl Pts',(20.9336821550906,14.1244598619949,105.500536033084));
#5603=CARTESIAN_POINT('Ctrl Pts',(21.0454049545857,14.3055426807384,94.9437290896245));
#5604=CARTESIAN_POINT('Ctrl Pts',(16.1500456242471,14.4866254994819,85.5899003627193));
#5605=CARTESIAN_POINT('Ctrl Pts',(7.41229860806116,14.6677083182255,79.6644947304838));
#5606=CARTESIAN_POINT('Ctrl Pts',(-3.0889681874543,14.848791136969,78.5772732650915));
#5607=CARTESIAN_POINT('Ctrl Pts',(-12.8553136334214,15.0298739557125,82.586905599294));
#5608=CARTESIAN_POINT('Ctrl Pts',(-19.5631476700696,15.2109567744561,90.7394277465839));
#5609=CARTESIAN_POINT('Ctrl Pts',(-21.6165553693087,15.3920395931996,101.09520737182));
#5610=CARTESIAN_POINT('Ctrl Pts',(-18.5269939343409,15.5731224119431,111.190417372821));
#5611=CARTESIAN_POINT('Ctrl Pts',(-11.0295258590316,15.7542052306866,118.623224869724));
#5612=CARTESIAN_POINT('Ctrl Pts',(-0.90793427795721,15.9352880494302,121.625230647664));
#5613=CARTESIAN_POINT('Ctrl Pts',(9.4296712742084,16.1163708681737,119.482203286299));
#5614=CARTESIAN_POINT('Ctrl Pts',(17.5237876358527,16.2974536869172,112.704007718317));
#5615=CARTESIAN_POINT('Ctrl Pts',(21.4486782633786,16.4785365056607,102.90329915389));
#5616=CARTESIAN_POINT('Ctrl Pts',(20.2705407540476,16.6596193244042,92.4118432548716));
#5617=CARTESIAN_POINT('Ctrl Pts',(14.2696753094033,16.8407021431478,83.725746970177));
#5618=CARTESIAN_POINT('Ctrl Pts',(4.87379625639631,17.0217849618913,78.9115895445389));
#5619=CARTESIAN_POINT('Ctrl Pts',(-5.68164699815548,17.2028677806348,79.1147460608518));
#5620=CARTESIAN_POINT('Ctrl Pts',(-14.8853237592516,17.3839505993783,84.2868818331274));
#5621=CARTESIAN_POINT('Ctrl Pts',(-20.5475130299799,17.5650334181219,93.1974524619307));
#5622=CARTESIAN_POINT('Ctrl Pts',(-21.3210776359362,17.7461162368654,103.726471853384));
#5623=CARTESIAN_POINT('Ctrl Pts',(-17.0219726417264,17.9271990556089,113.368896696819));
#5624=CARTESIAN_POINT('Ctrl Pts',(-8.67303268344723,18.1082818743524,119.830618541714));
#5625=CARTESIAN_POINT('Ctrl Pts',(1.73937830001544,18.289364693096,121.574279714355));
#5626=CARTESIAN_POINT('Ctrl Pts',(11.7379601040208,18.4704475118395,118.185026211448));
#5627=CARTESIAN_POINT('Ctrl Pts',(18.9438683876473,18.651530330583,110.469233829414));
#5628=CARTESIAN_POINT('Ctrl Pts',(21.6426894960982,18.8326131493266,100.262606429614));
#5629=CARTESIAN_POINT('Ctrl Pts',(19.1923207919561,19.01369596807,89.9935308188218));
#5630=CARTESIAN_POINT('Ctrl Pts',(12.1757580338366,19.1947787868136,82.1051130594302));
#5631=CARTESIAN_POINT('Ctrl Pts',(2.26235053726934,19.3758616055571,78.4743378053605));
#5632=CARTESIAN_POINT('Ctrl Pts',(-8.18928695154192,19.5569444243006,79.9646522745097));
#5633=CARTESIAN_POINT('Ctrl Pts',(-16.6925939652737,19.7380272430442,86.2222532400274));
#5634=CARTESIAN_POINT('Ctrl Pts',(-20.3885289419106,19.8857124349439,93.9983009462949));
#5635=CARTESIAN_POINT('Ctrl Pts',(-20.8125208025032,19.9730366872626,98.9490774500644));
#5636=CARTESIAN_POINT('Ctrl Pts',(-20.777317854491,20.,100.473995658105));
#5637=CARTESIAN_POINT('Ctrl Pts',(-14.2831242619471,-5.55111512312578E-16,
113.722136292452));
#5638=CARTESIAN_POINT('Ctrl Pts',(-12.0040200665497,0.0610384666459754,
116.094414758065));
#5639=CARTESIAN_POINT('Ctrl Pts',(-6.24312494067609,0.183115399937927,119.678950917793));
#5640=CARTESIAN_POINT('Ctrl Pts',(3.92203101999037,0.366230799875855,120.269212394551));
#5641=CARTESIAN_POINT('Ctrl Pts',(13.1312567239483,0.549346199813783,115.930637594596));
#5642=CARTESIAN_POINT('Ctrl Pts',(19.1483128021905,0.732461599751711,107.718006413941));
#5643=CARTESIAN_POINT('Ctrl Pts',(20.5084083703939,0.91557699968964,97.6285691993324));
#5644=CARTESIAN_POINT('Ctrl Pts',(16.8815764557119,1.09869239962757,88.1157910540674));
#5645=CARTESIAN_POINT('Ctrl Pts',(9.14939688037603,1.28180779956549,81.4929955476292));
#5646=CARTESIAN_POINT('Ctrl Pts',(-0.807647855974277,1.46492319950342,79.3706833890445));
#5647=CARTESIAN_POINT('Ctrl Pts',(-10.5683218161431,1.64803859944135,82.264960449515));
#5648=CARTESIAN_POINT('Ctrl Pts',(-17.7590017301815,1.83115399937928,89.4719999501668));
#5649=CARTESIAN_POINT('Ctrl Pts',(-20.6310985533601,2.01426939931721,99.239213377373));
#5650=CARTESIAN_POINT('Ctrl Pts',(-18.4861714542455,2.19738479925513,109.191432750947));
#5651=CARTESIAN_POINT('Ctrl Pts',(-11.8458241721877,2.38050019919306,116.908502092534));
#5652=CARTESIAN_POINT('Ctrl Pts',(-2.32483737530604,2.56361559913099,120.513803110359));
#5653=CARTESIAN_POINT('Ctrl Pts',(7.76149724502943,2.74673099906892,119.130607610663));
#5654=CARTESIAN_POINT('Ctrl Pts',(15.960410140327,2.92984639900685,113.095277645958));
#5655=CARTESIAN_POINT('Ctrl Pts',(20.2781093572945,3.11296179894477,103.875470046292));
#5656=CARTESIAN_POINT('Ctrl Pts',(19.6646275081724,3.2960771988827,93.713235099253));
#5657=CARTESIAN_POINT('Ctrl Pts',(14.2691495293614,3.47919259882063,85.0798002925597));
#5658=CARTESIAN_POINT('Ctrl Pts',(5.40373462210537,3.66230799875856,80.0746232193007));
#5659=CARTESIAN_POINT('Ctrl Pts',(-4.77574728295334,3.84542339869648,79.9148506206236));
#5660=CARTESIAN_POINT('Ctrl Pts',(-13.7938746213392,4.02853879863442,84.6393356062051));
#5661=CARTESIAN_POINT('Ctrl Pts',(-19.4576412111912,4.21165419857234,93.0991894533198));
#5662=CARTESIAN_POINT('Ctrl Pts',(-20.3897461199002,4.39476959851027,103.237165559523));
#5663=CARTESIAN_POINT('Ctrl Pts',(-16.3635223528629,4.5778849984482,112.587935649124));
#5664=CARTESIAN_POINT('Ctrl Pts',(-8.35805717439633,4.76100039838612,118.877602283305));
#5665=CARTESIAN_POINT('Ctrl Pts',(1.67989993991737,4.94411579832405,120.57665968736));
#5666=CARTESIAN_POINT('Ctrl Pts',(11.3093430886728,5.12723119826198,117.27193523032));
#5667=CARTESIAN_POINT('Ctrl Pts',(18.1886077989321,5.31034659819991,109.767063736563));
#5668=CARTESIAN_POINT('Ctrl Pts',(20.6448112754737,5.49346199813784,99.8870615314218));
#5669=CARTESIAN_POINT('Ctrl Pts',(18.0806599541249,5.67657739807577,90.03452342731));
#5670=CARTESIAN_POINT('Ctrl Pts',(11.1196978923753,5.85969279801369,82.6053655836098));
#5671=CARTESIAN_POINT('Ctrl Pts',(1.45467484793396,6.04280819795162,79.406192465104));
#5672=CARTESIAN_POINT('Ctrl Pts',(-8.56409247417233,6.22592359788955,81.2149711793839));
#5673=CARTESIAN_POINT('Ctrl Pts',(-16.5002646992089,6.40903899782748,87.5918473351754));
#5674=CARTESIAN_POINT('Ctrl Pts',(-20.4239428431079,6.5921543977654,96.9861077592233));
#5675=CARTESIAN_POINT('Ctrl Pts',(-19.3809764352144,6.77526979770334,107.113279139414));
#5676=CARTESIAN_POINT('Ctrl Pts',(-13.6249915000065,6.95838519764126,115.510660666854));
#5677=CARTESIAN_POINT('Ctrl Pts',(-4.55571439973747,7.14150059757919,120.136197605446));
#5678=CARTESIAN_POINT('Ctrl Pts',(5.62141020464927,7.32461599751711,119.865063176557));
#5679=CARTESIAN_POINT('Ctrl Pts',(14.4315340011712,7.50773139745505,114.763191188581));
#5680=CARTESIAN_POINT('Ctrl Pts',(19.7322325965199,7.69084679739298,106.071242414398));
#5681=CARTESIAN_POINT('Ctrl Pts',(20.2344950489041,7.8739621973309,95.9029037339322));
#5682=CARTESIAN_POINT('Ctrl Pts',(15.8161824015189,8.05707759726883,86.7308869196378));
#5683=CARTESIAN_POINT('Ctrl Pts',(7.55172913583627,8.24019299720676,80.7856206252579));
#5684=CARTESIAN_POINT('Ctrl Pts',(-2.5491351821702,8.42330839714468,79.5128601918038));
#5685=CARTESIAN_POINT('Ctrl Pts',(-12.0301070307566,8.60642379708261,83.2221123938056));
#5686=CARTESIAN_POINT('Ctrl Pts',(-18.5856268253117,8.78953919702054,91.0113703375982));
#5687=CARTESIAN_POINT('Ctrl Pts',(-20.6215392686969,8.97265459695847,100.98646129531));
#5688=CARTESIAN_POINT('Ctrl Pts',(-17.6427561439828,9.15576999689639,110.721667003853));
#5689=CARTESIAN_POINT('Ctrl Pts',(-10.3736506581929,9.33888539683433,117.849603909312));
#5690=CARTESIAN_POINT('Ctrl Pts',(-0.581906134510457,9.52200079677225,120.636917719179));
#5691=CARTESIAN_POINT('Ctrl Pts',(9.35134490213196,9.70511619671019,118.405796266908));
#5692=CARTESIAN_POINT('Ctrl Pts',(17.010558718494,9.8882315966481,111.69879821957));
#5693=CARTESIAN_POINT('Ctrl Pts',(20.533186400085,10.071346996586,102.146914985954));
#5694=CARTESIAN_POINT('Ctrl Pts',(19.062603948436,10.254462396524,92.0729502081402));
#5695=CARTESIAN_POINT('Ctrl Pts',(12.9564240134427,10.4375777964619,83.9266660433673));
#5696=CARTESIAN_POINT('Ctrl Pts',(3.69953252234081,10.6206931963998,79.689055984182));
#5697=CARTESIAN_POINT('Ctrl Pts',(-6.45700225445815,10.8038085963377,80.390611697876));
#5698=CARTESIAN_POINT('Ctrl Pts',(-15.0433389889707,10.9869239962757,85.8607305789703));
#5699=CARTESIAN_POINT('Ctrl Pts',(-19.9714732792107,11.1700393962136,94.7692024742563));
#5700=CARTESIAN_POINT('Ctrl Pts',(-20.0429934614195,11.3531547961515,104.949686939903));
#5701=CARTESIAN_POINT('Ctrl Pts',(-15.2405074323171,11.5362701960895,113.926518621071));
#5702=CARTESIAN_POINT('Ctrl Pts',(-6.73187201831198,11.7193855960274,119.516733508111));
#5703=CARTESIAN_POINT('Ctrl Pts',(3.41380359600863,11.9025009959653,120.360916794325));
#5704=CARTESIAN_POINT('Ctrl Pts',(12.7293187872781,12.0856163959032,116.2537820494));
#5705=CARTESIAN_POINT('Ctrl Pts',(18.9493493168188,12.2687317958412,108.194092272286));
#5706=CARTESIAN_POINT('Ctrl Pts',(20.5613233478,12.4518471957791,98.1417831437726));
#5707=CARTESIAN_POINT('Ctrl Pts',(17.1732449712973,12.634962595717,88.5413506531805));
#5708=CARTESIAN_POINT('Ctrl Pts',(9.60901881429513,12.818077995655,81.7274045323584));
#5709=CARTESIAN_POINT('Ctrl Pts',(-0.291905075789234,13.0011933955929,79.3569435614713));
#5710=CARTESIAN_POINT('Ctrl Pts',(-10.1218442022828,13.1843087955308,82.0064106515051));
#5711=CARTESIAN_POINT('Ctrl Pts',(-17.4903779700004,13.3674241954687,89.0315148646645));
#5712=CARTESIAN_POINT('Ctrl Pts',(-20.6056443289322,13.5505395954067,98.7239085114706));
#5713=CARTESIAN_POINT('Ctrl Pts',(-18.7100804124062,13.7336549953446,108.726618970647));
#5714=CARTESIAN_POINT('Ctrl Pts',(-12.2646448252768,13.9167703952825,116.607211536178));
#5715=CARTESIAN_POINT('Ctrl Pts',(-2.83672285591174,14.0998857952204,120.449302949888));
#5716=CARTESIAN_POINT('Ctrl Pts',(7.28102645117606,14.2830011951584,119.31858280296));
#5717=CARTESIAN_POINT('Ctrl Pts',(15.6281935238252,14.4661165950963,113.490016859864));
#5718=CARTESIAN_POINT('Ctrl Pts',(20.1749346544459,14.6492319950342,104.380981555131));
#5719=CARTESIAN_POINT('Ctrl Pts',(19.8155844365927,14.8323473949722,94.2065898527904));
#5720=CARTESIAN_POINT('Ctrl Pts',(14.6375287788272,15.0154627949101,85.4410254843751));
#5721=CARTESIAN_POINT('Ctrl Pts',(5.89995461282751,15.198578194848,80.2158769902723));
#5722=CARTESIAN_POINT('Ctrl Pts',(-4.27235611009169,15.381693594786,79.8017832231104));
#5723=CARTESIAN_POINT('Ctrl Pts',(-13.4057257059161,15.5648089947239,84.2994424941248));
#5724=CARTESIAN_POINT('Ctrl Pts',(-19.2791236570724,15.7479243946618,92.6151250036022));
#5725=CARTESIAN_POINT('Ctrl Pts',(-20.464271390884,15.9310397945997,102.726643383243));
#5726=CARTESIAN_POINT('Ctrl Pts',(-16.6729675749763,16.1141551945376,112.175103282418));
#5727=CARTESIAN_POINT('Ctrl Pts',(-8.82717221458721,16.2972705944756,118.662851293375));
#5728=CARTESIAN_POINT('Ctrl Pts',(1.16519333239454,16.4803859944135,120.612212695054));
#5729=CARTESIAN_POINT('Ctrl Pts',(10.8742100086117,16.6635013943514,117.549146543098));
#5730=CARTESIAN_POINT('Ctrl Pts',(17.9388628487882,16.8466167942894,110.218521782104));
#5731=CARTESIAN_POINT('Ctrl Pts',(20.6411868173967,17.0297321942273,100.402981848857));
#5732=CARTESIAN_POINT('Ctrl Pts',(18.3240373851351,17.2128475941652,90.4894457648039));
#5733=CARTESIAN_POINT('Ctrl Pts',(11.5508932625146,17.3959629941032,82.8886630556204));
#5734=CARTESIAN_POINT('Ctrl Pts',(1.96883116147549,17.5790783940411,79.4489734482733));
#5735=CARTESIAN_POINT('Ctrl Pts',(-8.09200657818869,17.762193793979,81.0068323711842));
#5736=CARTESIAN_POINT('Ctrl Pts',(-16.1850497462644,17.9453091939169,87.1834032760975));
#5737=CARTESIAN_POINT('Ctrl Pts',(-20.3422523797719,18.1284245938549,96.4766831750076));
#5738=CARTESIAN_POINT('Ctrl Pts',(-19.5526750530175,18.3115399937928,106.626754056251));
#5739=CARTESIAN_POINT('Ctrl Pts',(-14.0083273561443,18.4946553937307,115.165348281089));
#5740=CARTESIAN_POINT('Ctrl Pts',(-5.05746596849514,18.6777707936686,120.016067682724));
#5741=CARTESIAN_POINT('Ctrl Pts',(5.12325188243403,18.8608861936066,119.999333589297));
#5742=CARTESIAN_POINT('Ctrl Pts',(14.0581215074948,19.0440015935445,115.11920032855));
#5743=CARTESIAN_POINT('Ctrl Pts',(19.5743478854197,19.2271169934824,106.562437194768));
#5744=CARTESIAN_POINT('Ctrl Pts',(20.3305798527138,19.4102323934204,96.409795444121));
#5745=CARTESIAN_POINT('Ctrl Pts',(16.142774521177,19.5933477933583,87.1302941491409));
#5746=CARTESIAN_POINT('Ctrl Pts',(8.02960400760876,19.7764631932962,80.9802480127325));
#5747=CARTESIAN_POINT('Ctrl Pts',(-2.03658137408528,19.9595785932341,79.4557196858269));
#5748=CARTESIAN_POINT('Ctrl Pts',(-11.6067115807833,20.1426939931721,82.9264079731975));
#5749=CARTESIAN_POINT('Ctrl Pts',(-18.3560159951975,20.32580939311,90.5504288439183));
#5750=CARTESIAN_POINT('Ctrl Pts',(-19.8765576409313,20.447886326402,97.1628992775234));
#5751=CARTESIAN_POINT('Ctrl Pts',(-19.8015303765923,20.5089247930479,100.451727634476));
#5752=CARTESIAN_POINT('Ctrl Pts',(-14.5181238805841,-0.169641597682643,
113.947906000569));
#5753=CARTESIAN_POINT('Ctrl Pts',(-12.2015216835639,-0.108603131036667,
116.359215459996));
#5754=CARTESIAN_POINT('Ctrl Pts',(-6.34584280220662,0.0134738022552842,
120.002727836347));
#5755=CARTESIAN_POINT('Ctrl Pts',(3.98656002478492,0.196589202193213,120.60270085936));
#5756=CARTESIAN_POINT('Ctrl Pts',(13.3473047163735,0.379704602131141,116.192743678021));
#5757=CARTESIAN_POINT('Ctrl Pts',(19.4633591550424,0.562820002069068,107.84499043583));
#5758=CARTESIAN_POINT('Ctrl Pts',(20.8458323161293,0.745935402006997,97.5895521521121));
#5759=CARTESIAN_POINT('Ctrl Pts',(17.1593282946183,0.929050801944925,87.9202606841794));
#5760=CARTESIAN_POINT('Ctrl Pts',(9.29993150698958,1.11216620188285,81.1885006130014));
#5761=CARTESIAN_POINT('Ctrl Pts',(-0.820936050816393,1.29528160182078,79.0312701453167));
#5762=CARTESIAN_POINT('Ctrl Pts',(-10.742201952651,1.47839700175871,81.9731666196468));
#5763=CARTESIAN_POINT('Ctrl Pts',(-18.0511898087439,1.66151240169664,89.2987832259161));
#5764=CARTESIAN_POINT('Ctrl Pts',(-20.9705411153085,1.84462780163456,99.2266961883531));
#5765=CARTESIAN_POINT('Ctrl Pts',(-18.7903236244664,2.02774320157249,109.3426589919));
#5766=CARTESIAN_POINT('Ctrl Pts',(-12.0407229990727,2.21085860151042,117.186696937765));
#5767=CARTESIAN_POINT('Ctrl Pts',(-2.36308782293714,2.39397400144835,120.851315815515));
#5768=CARTESIAN_POINT('Ctrl Pts',(7.88919681965917,2.57708940138628,119.445362660773));
#5769=CARTESIAN_POINT('Ctrl Pts',(16.2230060701446,2.76020480132421,113.310733676187));
#5770=CARTESIAN_POINT('Ctrl Pts',(20.6117442034423,2.94332020126213,103.939232985423));
#5771=CARTESIAN_POINT('Ctrl Pts',(19.9881687642946,3.12643560120006,93.6097992313686));
#5772=CARTESIAN_POINT('Ctrl Pts',(14.5039192223346,3.30955100113799,84.8343188994882));
#5773=CARTESIAN_POINT('Ctrl Pts',(5.49264203144531,3.49266640107592,79.7467918668046));
#5774=CARTESIAN_POINT('Ctrl Pts',(-4.85432244407483,3.67578180101384,79.5843905365511));
#5775=CARTESIAN_POINT('Ctrl Pts',(-14.0208246370425,3.85889720095177,84.386607266918));
#5776=CARTESIAN_POINT('Ctrl Pts',(-19.7777769308242,4.0420126008897,92.9856507192854));
#5777=CARTESIAN_POINT('Ctrl Pts',(-20.7252177208193,4.22512800082763,103.290426502858));
#5778=CARTESIAN_POINT('Ctrl Pts',(-16.6327506702785,4.40824340076556,112.795044403674));
#5779=CARTESIAN_POINT('Ctrl Pts',(-8.49557192344618,4.59135880070348,119.188194647832));
#5780=CARTESIAN_POINT('Ctrl Pts',(1.70753926013813,4.77447420064141,120.915206569027));
#5781=CARTESIAN_POINT('Ctrl Pts',(11.4954152157601,4.95758960057934,117.556109625068));
#5782=CARTESIAN_POINT('Ctrl Pts',(18.4878641673497,5.14070500051726,109.92776080894));
#5783=CARTESIAN_POINT('Ctrl Pts',(20.9844794522391,5.3238204004552,99.8852033597391));
#5784=CARTESIAN_POINT('Ctrl Pts',(18.3781402613743,5.50693580039312,89.8705618772199));
#5785=CARTESIAN_POINT('Ctrl Pts',(11.3026497953443,5.69005120033105,82.3191724245212));
#5786=CARTESIAN_POINT('Ctrl Pts',(1.47860854956927,5.87316660026898,79.0673634506509));
#5787=CARTESIAN_POINT('Ctrl Pts',(-8.70499711299598,6.05628200020691,80.9059019219883));
#5788=CARTESIAN_POINT('Ctrl Pts',(-16.7717428324668,6.23939740014484,87.3876965422012));
#5789=CARTESIAN_POINT('Ctrl Pts',(-20.759977081218,6.42251280008276,96.9365203220348));
#5790=CARTESIAN_POINT('Ctrl Pts',(-19.6998507926421,6.60562820002069,107.230313609909));
#5791=CARTESIAN_POINT('Ctrl Pts',(-13.8491628891027,6.78874359995862,115.76585688826));
#5792=CARTESIAN_POINT('Ctrl Pts',(-4.6306693694572,6.97185899989655,120.467497583749));
#5793=CARTESIAN_POINT('Ctrl Pts',(5.71389902082615,7.15497439983448,120.191902191963));
#5794=CARTESIAN_POINT('Ctrl Pts',(14.6689753987552,7.3380897997724,115.00608932736));
#5795=CARTESIAN_POINT('Ctrl Pts',(20.0568861562031,7.52120519971033,106.171132300244));
#5796=CARTESIAN_POINT('Ctrl Pts',(20.567412310744,7.70432059964826,95.8354943883025));
#5797=CARTESIAN_POINT('Ctrl Pts',(16.0764053586595,7.88743599958618,86.5125707826114));
#5798=CARTESIAN_POINT('Ctrl Pts',(7.67597740494219,8.07055139952412,80.469487281978));
#5799=CARTESIAN_POINT('Ctrl Pts',(-2.59107599180525,8.25366679946203,79.1757861767919));
#5800=CARTESIAN_POINT('Ctrl Pts',(-12.2280378554517,8.43678219939998,82.9460665430041));
#5801=CARTESIAN_POINT('Ctrl Pts',(-18.8914153304019,8.6198975993379,90.8634808069891));
#5802=CARTESIAN_POINT('Ctrl Pts',(-20.9608245521529,8.80301299927582,101.002691499846));
#5803=CARTESIAN_POINT('Ctrl Pts',(-17.9330316390009,8.98612839921375,110.898070122026));
#5804=CARTESIAN_POINT('Ctrl Pts',(-10.5443278786554,9.16924379915168,118.143282661564));
#5805=CARTESIAN_POINT('Ctrl Pts',(-0.591480210684875,9.35235919908961,120.976456023608));
#5806=CARTESIAN_POINT('Ctrl Pts',(9.50520217071283,9.53547459902753,118.708626027688));
#5807=CARTESIAN_POINT('Ctrl Pts',(17.2904326969273,9.71858999896547,111.891278034889));
#5808=CARTESIAN_POINT('Ctrl Pts',(20.871018017659,9.90170539890339,102.182238084297));
#5809=CARTESIAN_POINT('Ctrl Pts',(19.3762401372666,10.0848207988413,91.9425268046999));
#5810=CARTESIAN_POINT('Ctrl Pts',(13.1695954909303,10.2679361987793,83.66221218294));
#5811=CARTESIAN_POINT('Ctrl Pts',(3.76040076908718,10.4510515987172,79.3548809108339));
#5812=CARTESIAN_POINT('Ctrl Pts',(-6.56323903007583,10.6341669986551,80.0679792899944));
#5813=CARTESIAN_POINT('Ctrl Pts',(-15.2908463872542,10.817282398593,85.6280977977376));
#5814=CARTESIAN_POINT('Ctrl Pts',(-20.3000630553802,11.000397798531,94.6831403913973));
#5815=CARTESIAN_POINT('Ctrl Pts',(-20.372759956018,11.1835131984689,105.031123922591));
#5816=CARTESIAN_POINT('Ctrl Pts',(-15.4912588343735,11.3666285984068,114.155651022699));
#5817=CARTESIAN_POINT('Ctrl Pts',(-6.84263121412961,11.5497439983448,119.83784147072));
#5818=CARTESIAN_POINT('Ctrl Pts',(3.46997075722987,11.7328593982827,120.695914067612));
#5819=CARTESIAN_POINT('Ctrl Pts',(12.9387537124149,11.9159747982206,116.521204814403));
#5820=CARTESIAN_POINT('Ctrl Pts',(19.26112213215,12.0990901981585,108.328909313974));
#5821=CARTESIAN_POINT('Ctrl Pts',(20.8996179013438,12.2822055980965,98.1112099831287));
#5822=CARTESIAN_POINT('Ctrl Pts',(17.4557956195309,12.4653209980344,88.3528219967596));
#5823=CARTESIAN_POINT('Ctrl Pts',(9.76711558048033,12.6484363979723,81.4267663185018));
#5824=CARTESIAN_POINT('Ctrl Pts',(-0.296707777231203,12.8315517979102,79.0173042569614));
#5825=CARTESIAN_POINT('Ctrl Pts',(-10.288378462142,13.0146671978482,81.7103629131211));
#5826=CARTESIAN_POINT('Ctrl Pts',(-17.7781463935881,13.1977825977861,88.8510508585718));
#5827=CARTESIAN_POINT('Ctrl Pts',(-20.9446680936396,13.380897997724,98.7029130340352));
#5828=CARTESIAN_POINT('Ctrl Pts',(-19.0179165469204,13.5640133976619,108.870197650807));
#5829=CARTESIAN_POINT('Ctrl Pts',(-12.4664344900448,13.7471287975999,116.880449261066));
#5830=CARTESIAN_POINT('Ctrl Pts',(-2.88339533296175,13.9302441975378,120.785754436725));
#5831=CARTESIAN_POINT('Ctrl Pts',(7.40082086085371,14.1133595974757,119.636430600686));
#5832=CARTESIAN_POINT('Ctrl Pts',(15.8853235081851,14.2964749974137,113.711967517111));
#5833=CARTESIAN_POINT('Ctrl Pts',(20.5068719717213,14.4795903973516,104.453061653003));
#5834=CARTESIAN_POINT('Ctrl Pts',(20.1416093804543,14.6627057972895,94.111271129083));
#5835=CARTESIAN_POINT('Ctrl Pts',(14.8783593994763,14.8458211972274,85.201487313582));
#5836=CARTESIAN_POINT('Ctrl Pts',(5.99702630796667,15.0289365971654,79.8903696798907));
#5837=CARTESIAN_POINT('Ctrl Pts',(-4.34264899826799,15.2120519971033,79.469462846093));
#5838=CARTESIAN_POINT('Ctrl Pts',(-13.6262895244943,15.3951673970412,84.0411219083339));
#5839=CARTESIAN_POINT('Ctrl Pts',(-19.5963222351971,15.5782827969792,92.4936219783532));
#5840=CARTESIAN_POINT('Ctrl Pts',(-20.8009691528263,15.7613981969171,102.771504727545));
#5841=CARTESIAN_POINT('Ctrl Pts',(-16.947287181094,15.944513596855,112.375419724098));
#5842=CARTESIAN_POINT('Ctrl Pts',(-8.97240529287091,16.1276289967929,118.96991036926));
#5843=CARTESIAN_POINT('Ctrl Pts',(1.18436420731864,16.3107443967309,120.951344528802));
#5844=CARTESIAN_POINT('Ctrl Pts',(11.0531229101686,16.4938597966688,117.837881883447));
#5845=CARTESIAN_POINT('Ctrl Pts',(18.2340101744667,16.6769751966067,110.386646673955));
#5846=CARTESIAN_POINT('Ctrl Pts',(20.9807953611119,16.8600905965447,100.409612091587));
#5847=CARTESIAN_POINT('Ctrl Pts',(18.6255219706098,17.0432059964826,90.3329690320311));
#5848=CARTESIAN_POINT('Ctrl Pts',(11.7409396040451,17.2263213964205,82.6071309774453));
#5849=CARTESIAN_POINT('Ctrl Pts',(2.00122425444465,17.4094367963584,79.110848307465));
#5850=CARTESIAN_POINT('Ctrl Pts',(-8.22514400841807,17.5925521962964,80.6943386150826));
#5851=CARTESIAN_POINT('Ctrl Pts',(-16.4513416616912,17.7756675962343,86.9725323708877));
#5852=CARTESIAN_POINT('Ctrl Pts',(-20.6769425682624,17.9587829961722,96.4187141974207));
#5853=CARTESIAN_POINT('Ctrl Pts',(-19.8743743602926,18.1418983961101,106.735783750838));
#5854=CARTESIAN_POINT('Ctrl Pts',(-14.2388057533117,18.3250137960481,115.414863092918));
#5855=CARTESIAN_POINT('Ctrl Pts',(-5.14067623482549,18.508129195986,120.345391168664));
#5856=CARTESIAN_POINT('Ctrl Pts',(5.20754452152847,18.6912445959239,120.328381749929));
#5857=CARTESIAN_POINT('Ctrl Pts',(14.289419165656,18.8743599958619,115.367955870134));
#5858=CARTESIAN_POINT('Ctrl Pts',(19.8964037748582,19.0574753957998,106.670408686846));
#5859=CARTESIAN_POINT('Ctrl Pts',(20.6650779936273,19.2405907957377,96.350725965624));
#5860=CARTESIAN_POINT('Ctrl Pts',(16.4083708841749,19.4237061956756,86.9185494417885));
#5861=CARTESIAN_POINT('Ctrl Pts',(8.16171473107432,19.6068215956136,80.6673168653445));
#5862=CARTESIAN_POINT('Ctrl Pts',(-2.07008915833865,19.7899369955515,79.1177055405697));
#5863=CARTESIAN_POINT('Ctrl Pts',(-11.7976762986624,19.9730523954894,82.6454969105001));
#5864=CARTESIAN_POINT('Ctrl Pts',(-18.6580267233446,20.1561677954274,90.3949554630783));
#5865=CARTESIAN_POINT('Ctrl Pts',(-20.2035857742565,20.2782447287193,97.1162205834513));
#5866=CARTESIAN_POINT('Ctrl Pts',(-20.1273240896195,20.3392831953653,100.459159889484));
#5867=CARTESIAN_POINT('Ctrl Pts',(-14.7531234992212,-0.339283195365286,
114.173675708685));
#5868=CARTESIAN_POINT('Ctrl Pts',(-12.3990233005782,-0.27824472871931,116.624016161927));
#5869=CARTESIAN_POINT('Ctrl Pts',(-6.44856066373717,-0.156167795427358,
120.326504754901));
#5870=CARTESIAN_POINT('Ctrl Pts',(4.05108902957946,0.0269476045105699,120.936189324169));
#5871=CARTESIAN_POINT('Ctrl Pts',(13.5633527087987,0.210063004448497,116.454849761446));
#5872=CARTESIAN_POINT('Ctrl Pts',(19.7784055078943,0.393178404386426,107.971974457718));
#5873=CARTESIAN_POINT('Ctrl Pts',(21.1832562618646,0.576293804324354,97.550535104892));
#5874=CARTESIAN_POINT('Ctrl Pts',(17.4370801335247,0.759409204262282,87.7247303142911));
#5875=CARTESIAN_POINT('Ctrl Pts',(9.45046613360314,0.942524604200209,80.8840056783738));
#5876=CARTESIAN_POINT('Ctrl Pts',(-0.834224245658524,1.12564000413814,78.6918569015887));
#5877=CARTESIAN_POINT('Ctrl Pts',(-10.9160820891589,1.30875540407606,81.6813727897786));
#5878=CARTESIAN_POINT('Ctrl Pts',(-18.3433778873064,1.491870804014,89.1255665016654));
#5879=CARTESIAN_POINT('Ctrl Pts',(-21.3099836772568,1.67498620395192,99.2141789993331));
#5880=CARTESIAN_POINT('Ctrl Pts',(-19.0944757946873,1.85810160388985,109.493885232853));
#5881=CARTESIAN_POINT('Ctrl Pts',(-12.2356218259576,2.04121700382778,117.464891782996));
#5882=CARTESIAN_POINT('Ctrl Pts',(-2.40133827056822,2.22433240376571,121.188828520671));
#5883=CARTESIAN_POINT('Ctrl Pts',(8.01689639428889,2.40744780370363,119.760117710883));
#5884=CARTESIAN_POINT('Ctrl Pts',(16.4856019999623,2.59056320364156,113.526189706415));
#5885=CARTESIAN_POINT('Ctrl Pts',(20.94537904959,2.77367860357949,104.002995924554));
#5886=CARTESIAN_POINT('Ctrl Pts',(20.3117100204168,2.95679400351742,93.5063633634842));
#5887=CARTESIAN_POINT('Ctrl Pts',(14.7386889153077,3.13990940345535,84.5888375064166));
#5888=CARTESIAN_POINT('Ctrl Pts',(5.58154944078529,3.32302480339327,79.4189605143086));
#5889=CARTESIAN_POINT('Ctrl Pts',(-4.93289760519633,3.5061402033312,79.2539304524786));
#5890=CARTESIAN_POINT('Ctrl Pts',(-14.2477746527458,3.68925560326913,84.1338789276309));
#5891=CARTESIAN_POINT('Ctrl Pts',(-20.0979126504572,3.87237100320705,92.8721119852511));
#5892=CARTESIAN_POINT('Ctrl Pts',(-21.0606893217384,4.05548640314499,103.343687446192));
#5893=CARTESIAN_POINT('Ctrl Pts',(-16.901978987694,4.23860180308291,113.002153158224));
#5894=CARTESIAN_POINT('Ctrl Pts',(-8.63308667249604,4.42171720302084,119.49878701236));
#5895=CARTESIAN_POINT('Ctrl Pts',(1.7351785803589,4.60483260295877,121.253753450695));
#5896=CARTESIAN_POINT('Ctrl Pts',(11.6814873428474,4.78794800289669,117.840284019815));
#5897=CARTESIAN_POINT('Ctrl Pts',(18.7871205357673,4.97106340283463,110.088457881318));
#5898=CARTESIAN_POINT('Ctrl Pts',(21.3241476290045,5.15417880277255,99.8833451880562));
#5899=CARTESIAN_POINT('Ctrl Pts',(18.6756205686236,5.33729420271048,89.7066003271298));
#5900=CARTESIAN_POINT('Ctrl Pts',(11.4856016983134,5.52040960264841,82.0329792654325));
#5901=CARTESIAN_POINT('Ctrl Pts',(1.50254225120456,5.70352500258633,78.728534436198));
#5902=CARTESIAN_POINT('Ctrl Pts',(-8.84590175181961,5.88664040252427,80.5968326645926));
#5903=CARTESIAN_POINT('Ctrl Pts',(-17.0432209657247,6.06975580246219,87.1835457492272));
#5904=CARTESIAN_POINT('Ctrl Pts',(-21.096011319328,6.25287120240012,96.8869328848462));
#5905=CARTESIAN_POINT('Ctrl Pts',(-20.0187251500698,6.43598660233805,107.347348080405));
#5906=CARTESIAN_POINT('Ctrl Pts',(-14.0733342781989,6.61910200227598,116.021053109666));
#5907=CARTESIAN_POINT('Ctrl Pts',(-4.70562433917694,6.8022174022139,120.798797562052));
#5908=CARTESIAN_POINT('Ctrl Pts',(5.80638783700303,6.98533280215183,120.518741207369));
#5909=CARTESIAN_POINT('Ctrl Pts',(14.9064167963392,7.16844820208976,115.24898746614));
#5910=CARTESIAN_POINT('Ctrl Pts',(20.3815397158864,7.35156360202769,106.271022186089));
#5911=CARTESIAN_POINT('Ctrl Pts',(20.9003295725838,7.53467900196561,95.7680850426728));
#5912=CARTESIAN_POINT('Ctrl Pts',(16.3366283158001,7.71779440190355,86.2942546455851));
#5913=CARTESIAN_POINT('Ctrl Pts',(7.80022567404812,7.90090980184147,80.1533539386981));
#5914=CARTESIAN_POINT('Ctrl Pts',(-2.63301680144032,8.0840252017794,78.8387121617799));
#5915=CARTESIAN_POINT('Ctrl Pts',(-12.4259686801469,8.26714060171733,82.6700206922029));
#5916=CARTESIAN_POINT('Ctrl Pts',(-19.1972038354921,8.45025600165525,90.7155912763796));
#5917=CARTESIAN_POINT('Ctrl Pts',(-21.3001098356089,8.63337140159319,101.018921704383));
#5918=CARTESIAN_POINT('Ctrl Pts',(-18.223307134019,8.81648680153111,111.074473240199));
#5919=CARTESIAN_POINT('Ctrl Pts',(-10.7150050991179,8.99960220146904,118.436961413816));
#5920=CARTESIAN_POINT('Ctrl Pts',(-0.601054286859282,9.18271760140697,121.315994328037));
#5921=CARTESIAN_POINT('Ctrl Pts',(9.65905943929369,9.3658330013449,119.011455788468));
#5922=CARTESIAN_POINT('Ctrl Pts',(17.5703066753606,9.54894840128282,112.083757850207));
#5923=CARTESIAN_POINT('Ctrl Pts',(21.2088496352329,9.73206380122076,102.21756118264));
#5924=CARTESIAN_POINT('Ctrl Pts',(19.6898763260972,9.91517920115867,91.8121034012596));
#5925=CARTESIAN_POINT('Ctrl Pts',(13.3827669684179,10.0982946010966,83.3977583225128));
#5926=CARTESIAN_POINT('Ctrl Pts',(3.82126901583356,10.2814100010345,79.0207058374859));
#5927=CARTESIAN_POINT('Ctrl Pts',(-6.66947580569352,10.4645254009725,79.7453468821127));
#5928=CARTESIAN_POINT('Ctrl Pts',(-15.5383537855378,10.6476408009104,85.395465016505));
#5929=CARTESIAN_POINT('Ctrl Pts',(-20.6286528315497,10.8307562008483,94.5970783085383));
#5930=CARTESIAN_POINT('Ctrl Pts',(-20.7025264506166,11.0138716007862,105.112560905279));
#5931=CARTESIAN_POINT('Ctrl Pts',(-15.7420102364299,11.1969870007242,114.384783424327));
#5932=CARTESIAN_POINT('Ctrl Pts',(-6.95339040994725,11.3801024006621,120.158949433329));
#5933=CARTESIAN_POINT('Ctrl Pts',(3.52613791845111,11.5632178006,121.030911340898));
#5934=CARTESIAN_POINT('Ctrl Pts',(13.1481886375516,11.746333200538,116.788627579407));
#5935=CARTESIAN_POINT('Ctrl Pts',(19.5728949474812,11.9294486004759,108.463726355662));
#5936=CARTESIAN_POINT('Ctrl Pts',(21.2379124548875,12.1125640004138,98.0806368224847));
#5937=CARTESIAN_POINT('Ctrl Pts',(17.7383462677646,12.2956794003517,88.1642933403386));
#5938=CARTESIAN_POINT('Ctrl Pts',(9.92521234666554,12.4787948002897,81.1261281046451));
#5939=CARTESIAN_POINT('Ctrl Pts',(-0.301510478673166,12.6619102002276,78.6776649524514));
#5940=CARTESIAN_POINT('Ctrl Pts',(-10.4549127220012,12.8450256001655,81.4143151747372));
#5941=CARTESIAN_POINT('Ctrl Pts',(-18.0659148171758,13.0281410001034,88.670586852479));
#5942=CARTESIAN_POINT('Ctrl Pts',(-21.283691858347,13.2112564000414,98.6819175565998));
#5943=CARTESIAN_POINT('Ctrl Pts',(-19.3257526814345,13.3943717999793,109.013776330967));
#5944=CARTESIAN_POINT('Ctrl Pts',(-12.6682241548129,13.5774871999172,117.153686985954));
#5945=CARTESIAN_POINT('Ctrl Pts',(-2.93006781001176,13.7606025998552,121.122205923563));
#5946=CARTESIAN_POINT('Ctrl Pts',(7.52061527053136,13.9437179997931,119.954278398412));
#5947=CARTESIAN_POINT('Ctrl Pts',(16.142453492545,14.126833399731,113.933918174357));
#5948=CARTESIAN_POINT('Ctrl Pts',(20.8388092889967,14.309948799669,104.525141750874));
#5949=CARTESIAN_POINT('Ctrl Pts',(20.4676343243159,14.4930641996069,94.0159524053757));
#5950=CARTESIAN_POINT('Ctrl Pts',(15.1191900201254,14.6761795995448,84.9619491427888));
#5951=CARTESIAN_POINT('Ctrl Pts',(6.0940980031058,14.8592949994827,79.564862369509));
#5952=CARTESIAN_POINT('Ctrl Pts',(-4.41294188644428,15.0424103994207,79.1371424690756));
#5953=CARTESIAN_POINT('Ctrl Pts',(-13.8468533430726,15.2255257993586,83.7828013225432));
#5954=CARTESIAN_POINT('Ctrl Pts',(-19.9135208133218,15.4086411992965,92.372118953104));
#5955=CARTESIAN_POINT('Ctrl Pts',(-21.1376669147687,15.5917565992344,102.816366071846));
#5956=CARTESIAN_POINT('Ctrl Pts',(-17.2216067872116,15.7748719991724,112.575736165779));
#5957=CARTESIAN_POINT('Ctrl Pts',(-9.11763837115463,15.9579873991103,119.276969445145));
#5958=CARTESIAN_POINT('Ctrl Pts',(1.20353508224274,16.1411027990482,121.29047636255));
#5959=CARTESIAN_POINT('Ctrl Pts',(11.2320358117255,16.3242181989862,118.126617223797));
#5960=CARTESIAN_POINT('Ctrl Pts',(18.5291575001452,16.5073335989241,110.554771565805));
#5961=CARTESIAN_POINT('Ctrl Pts',(21.3204039048272,16.690448998862,100.416242334317));
#5962=CARTESIAN_POINT('Ctrl Pts',(18.9270065560846,16.8735643987999,90.1764922992582));
#5963=CARTESIAN_POINT('Ctrl Pts',(11.9309859455755,17.0566797987379,82.3255988992702));
#5964=CARTESIAN_POINT('Ctrl Pts',(2.03361734741381,17.2397951986758,78.7727231666565));
#5965=CARTESIAN_POINT('Ctrl Pts',(-8.35828143864744,17.4229105986137,80.3818448589811));
#5966=CARTESIAN_POINT('Ctrl Pts',(-16.7176335771181,17.6060259985517,86.7616614656778));
#5967=CARTESIAN_POINT('Ctrl Pts',(-21.0116327567529,17.7891413984896,96.3607452198339));
#5968=CARTESIAN_POINT('Ctrl Pts',(-20.1960736675678,17.9722567984275,106.844813445424));
#5969=CARTESIAN_POINT('Ctrl Pts',(-14.4692841504791,18.1553721983654,115.664377904747));
#5970=CARTESIAN_POINT('Ctrl Pts',(-5.22388650115586,18.3384875983034,120.674714654603));
#5971=CARTESIAN_POINT('Ctrl Pts',(5.29183716062293,18.5216029982413,120.657429910562));
#5972=CARTESIAN_POINT('Ctrl Pts',(14.5207168238172,18.7047183981792,115.616711411719));
#5973=CARTESIAN_POINT('Ctrl Pts',(20.2184596642967,18.8878337981171,106.778380178924));
#5974=CARTESIAN_POINT('Ctrl Pts',(20.9995761345408,19.0709491980551,96.2916564871269));
#5975=CARTESIAN_POINT('Ctrl Pts',(16.6739672471727,19.254064597993,86.7068047344362));
#5976=CARTESIAN_POINT('Ctrl Pts',(8.29382545453989,19.4371799979309,80.3543857179562));
#5977=CARTESIAN_POINT('Ctrl Pts',(-2.10359694259202,19.6202953978688,78.7796913953127));
#5978=CARTESIAN_POINT('Ctrl Pts',(-11.9886410165414,19.8034107978068,82.3645858478026));
#5979=CARTESIAN_POINT('Ctrl Pts',(-18.9600374514918,19.9865261977447,90.2394820822383));
#5980=CARTESIAN_POINT('Ctrl Pts',(-20.5306139075816,20.1086031310367,97.0695418893792));
#5981=CARTESIAN_POINT('Ctrl Pts',(-20.4531178026467,20.1696415976826,100.466592144492));
#5982=CARTESIAN_POINT('Ctrl Pts',(-14.9881231178582,-0.508924793047928,
114.399445416802));
#5983=CARTESIAN_POINT('Ctrl Pts',(-12.5965249175925,-0.447886326401953,
116.888816863858));
#5984=CARTESIAN_POINT('Ctrl Pts',(-6.55127852526771,-0.325809393110001,
120.650281673455));
#5985=CARTESIAN_POINT('Ctrl Pts',(4.11561803437402,-0.142693993172073,121.269677788978));
#5986=CARTESIAN_POINT('Ctrl Pts',(13.7794007012238,0.0404214067658551,116.716955844872));
#5987=CARTESIAN_POINT('Ctrl Pts',(20.0934518607463,0.223536806703783,108.098958479607));
#5988=CARTESIAN_POINT('Ctrl Pts',(21.5206802076,0.406652206641711,97.5115180576715));
#5989=CARTESIAN_POINT('Ctrl Pts',(17.7148319724311,0.589767606579639,87.5291999444032));
#5990=CARTESIAN_POINT('Ctrl Pts',(9.60100076021669,0.772883006517567,80.579510743746));
#5991=CARTESIAN_POINT('Ctrl Pts',(-0.847512440500639,0.955998406455495,
78.3524436578608));
#5992=CARTESIAN_POINT('Ctrl Pts',(-11.0899622256669,1.13911380639342,81.3895789599104));
#5993=CARTESIAN_POINT('Ctrl Pts',(-18.6355659658688,1.32222920633135,88.9523497774146));
#5994=CARTESIAN_POINT('Ctrl Pts',(-21.6494262392052,1.50534460626928,99.2016618103133));
#5995=CARTESIAN_POINT('Ctrl Pts',(-19.3986279649082,1.68846000620721,109.645111473806));
#5996=CARTESIAN_POINT('Ctrl Pts',(-12.4305206528426,1.87157540614513,117.743086628227));
#5997=CARTESIAN_POINT('Ctrl Pts',(-2.43958871819932,2.05469080608306,121.526341225827));
#5998=CARTESIAN_POINT('Ctrl Pts',(8.14459596891862,2.23780620602099,120.074872760993));
#5999=CARTESIAN_POINT('Ctrl Pts',(16.74819792978,2.42092160595892,113.741645736645));
#6000=CARTESIAN_POINT('Ctrl Pts',(21.2790138957378,2.60403700589684,104.066758863685));
#6001=CARTESIAN_POINT('Ctrl Pts',(20.635251276539,2.78715240583478,93.4029274955998));
#6002=CARTESIAN_POINT('Ctrl Pts',(14.9734586082809,2.9702678057727,84.3433561133449));
#6003=CARTESIAN_POINT('Ctrl Pts',(5.67045685012524,3.15338320571063,79.0911291618126));
#6004=CARTESIAN_POINT('Ctrl Pts',(-5.01147276631782,3.33649860564856,78.923470368406));
#6005=CARTESIAN_POINT('Ctrl Pts',(-14.4747246684492,3.51961400558649,83.8811505883439));
#6006=CARTESIAN_POINT('Ctrl Pts',(-20.4180483700902,3.70272940552441,92.7585732512166));
#6007=CARTESIAN_POINT('Ctrl Pts',(-21.3961609226575,3.88584480546234,103.396948389526));
#6008=CARTESIAN_POINT('Ctrl Pts',(-17.1712073051096,4.06896020540027,113.209261912773));
#6009=CARTESIAN_POINT('Ctrl Pts',(-8.77060142154589,4.2520756053382,119.809379376887));
#6010=CARTESIAN_POINT('Ctrl Pts',(1.76281790057967,4.43519100527612,121.592300332363));
#6011=CARTESIAN_POINT('Ctrl Pts',(11.8675594699348,4.61830640521406,118.124458414563));
#6012=CARTESIAN_POINT('Ctrl Pts',(19.0863769041849,4.80142180515198,110.249154953695));
#6013=CARTESIAN_POINT('Ctrl Pts',(21.6638158057699,4.98453720508992,99.8814870163734));
#6014=CARTESIAN_POINT('Ctrl Pts',(18.973100875873,5.16765260502783,89.5426387770397));
#6015=CARTESIAN_POINT('Ctrl Pts',(11.6685536012825,5.35076800496577,81.7467861063438));
#6016=CARTESIAN_POINT('Ctrl Pts',(1.52647595283986,5.53388340490369,78.3897054217451));
#6017=CARTESIAN_POINT('Ctrl Pts',(-8.98680639064323,5.71699880484162,80.2877634071967));
#6018=CARTESIAN_POINT('Ctrl Pts',(-17.3146990989827,5.90011420477955,86.9793949562533));
#6019=CARTESIAN_POINT('Ctrl Pts',(-21.4320455574381,6.08322960471748,96.8373454476575));
#6020=CARTESIAN_POINT('Ctrl Pts',(-20.3375995074975,6.2663450046554,107.464382550901));
#6021=CARTESIAN_POINT('Ctrl Pts',(-14.2975056672951,6.44946040459334,116.276249331072));
#6022=CARTESIAN_POINT('Ctrl Pts',(-4.78057930889668,6.63257580453127,121.130097540355));
#6023=CARTESIAN_POINT('Ctrl Pts',(5.89887665317992,6.81569120446919,120.845580222774));
#6024=CARTESIAN_POINT('Ctrl Pts',(15.1438581939232,6.99880660440711,115.491885604919));
#6025=CARTESIAN_POINT('Ctrl Pts',(20.7061932755696,7.18192200434505,106.370912071934));
#6026=CARTESIAN_POINT('Ctrl Pts',(21.2332468344236,7.36503740428298,95.7006756970432));
#6027=CARTESIAN_POINT('Ctrl Pts',(16.5968512729407,7.5481528042209,86.0759385085585));
#6028=CARTESIAN_POINT('Ctrl Pts',(7.92447394315401,7.73126820415883,79.8372205954182));
#6029=CARTESIAN_POINT('Ctrl Pts',(-2.67495761107537,7.91438360409676,78.5016381467679));
#6030=CARTESIAN_POINT('Ctrl Pts',(-12.623899504842,8.09749900403469,82.3939748414015));
#6031=CARTESIAN_POINT('Ctrl Pts',(-19.5029923405823,8.28061440397261,90.5677017457704));
#6032=CARTESIAN_POINT('Ctrl Pts',(-21.639395119065,8.46372980391054,101.03515190892));
#6033=CARTESIAN_POINT('Ctrl Pts',(-18.5135826290371,8.64684520384847,111.250876358372));
#6034=CARTESIAN_POINT('Ctrl Pts',(-10.8856823195803,8.82996060378639,118.730640166068));
#6035=CARTESIAN_POINT('Ctrl Pts',(-0.610628363033698,9.01307600372432,121.655532632466));
#6036=CARTESIAN_POINT('Ctrl Pts',(9.81291670787456,9.19619140366225,119.314285549248));
#6037=CARTESIAN_POINT('Ctrl Pts',(17.850180653794,9.37930680360019,112.276237665526));
#6038=CARTESIAN_POINT('Ctrl Pts',(21.5466812528068,9.5624222035381,102.252884280983));
#6039=CARTESIAN_POINT('Ctrl Pts',(20.0035125149278,9.74553760347604,91.6816799978192));
#6040=CARTESIAN_POINT('Ctrl Pts',(13.5959384459055,9.92865300341396,83.1333044620856));
#6041=CARTESIAN_POINT('Ctrl Pts',(3.88213726257994,10.1117684033519,78.6865307641378));
#6042=CARTESIAN_POINT('Ctrl Pts',(-6.77571258131122,10.2948838032898,79.4227144742312));
#6043=CARTESIAN_POINT('Ctrl Pts',(-15.7858611838214,10.4779992032277,85.1628322352723));
#6044=CARTESIAN_POINT('Ctrl Pts',(-20.9572426077191,10.6611146031657,94.5110162256793));
#6045=CARTESIAN_POINT('Ctrl Pts',(-21.0322929452152,10.8442300031036,105.193997887967));
#6046=CARTESIAN_POINT('Ctrl Pts',(-15.9927616384863,11.0273454030415,114.613915825956));
#6047=CARTESIAN_POINT('Ctrl Pts',(-7.06414960576488,11.2104608029795,120.480057395938));
#6048=CARTESIAN_POINT('Ctrl Pts',(3.58230507967234,11.3935762029174,121.365908614185));
#6049=CARTESIAN_POINT('Ctrl Pts',(13.3576235626883,11.5766916028553,117.056050344411));
#6050=CARTESIAN_POINT('Ctrl Pts',(19.8846677628123,11.7598070027933,108.598543397351));
#6051=CARTESIAN_POINT('Ctrl Pts',(21.5762070084313,11.9429224027312,98.0500636618407));
#6052=CARTESIAN_POINT('Ctrl Pts',(18.0208969159983,12.1260378026691,87.9757646839178));
#6053=CARTESIAN_POINT('Ctrl Pts',(10.0833091128508,12.309153202607,80.8254898907884));
#6054=CARTESIAN_POINT('Ctrl Pts',(-0.306313180115138,12.492268602545,78.3380256479415));
#6055=CARTESIAN_POINT('Ctrl Pts',(-10.6214469818603,12.6753840024829,81.1182674363531));
#6056=CARTESIAN_POINT('Ctrl Pts',(-18.3536832407635,12.8584994024208,88.4901228463866));
#6057=CARTESIAN_POINT('Ctrl Pts',(-21.6227156230545,13.0416148023587,98.6609220791641));
#6058=CARTESIAN_POINT('Ctrl Pts',(-19.6335888159487,13.2247302022967,109.157355011127));
#6059=CARTESIAN_POINT('Ctrl Pts',(-12.870013819581,13.4078456022346,117.426924710842));
#6060=CARTESIAN_POINT('Ctrl Pts',(-2.97674028706176,13.5909610021725,121.458657410401));
#6061=CARTESIAN_POINT('Ctrl Pts',(7.640409680209,13.7740764021104,120.272126196137));
#6062=CARTESIAN_POINT('Ctrl Pts',(16.3995834769049,13.9571918020484,114.155868831604));
#6063=CARTESIAN_POINT('Ctrl Pts',(21.1707466062721,14.1403072019863,104.597221848745));
#6064=CARTESIAN_POINT('Ctrl Pts',(20.7936592681775,14.3234226019242,93.9206336816684));
#6065=CARTESIAN_POINT('Ctrl Pts',(15.3600206407745,14.5065380018622,84.7224109719957));
#6066=CARTESIAN_POINT('Ctrl Pts',(6.19116969824494,14.6896534018001,79.2393550591273));
#6067=CARTESIAN_POINT('Ctrl Pts',(-4.48323477462056,14.872768801738,78.8048220920581));
#6068=CARTESIAN_POINT('Ctrl Pts',(-14.0674171616508,15.055884201676,83.5244807367524));
#6069=CARTESIAN_POINT('Ctrl Pts',(-20.2307193914465,15.2389996016139,92.2506159278549));
#6070=CARTESIAN_POINT('Ctrl Pts',(-21.4743646767111,15.4221150015518,102.861227416148));
#6071=CARTESIAN_POINT('Ctrl Pts',(-17.4959263933293,15.6052304014897,112.776052607459));
#6072=CARTESIAN_POINT('Ctrl Pts',(-9.26287144943833,15.7883458014277,119.58402852103));
#6073=CARTESIAN_POINT('Ctrl Pts',(1.22270595716683,15.9714612013656,121.629608196298));
#6074=CARTESIAN_POINT('Ctrl Pts',(11.4109487132824,16.1545766013035,118.415352564147));
#6075=CARTESIAN_POINT('Ctrl Pts',(18.8243048258237,16.3376920012414,110.722896457656));
#6076=CARTESIAN_POINT('Ctrl Pts',(21.6600124485424,16.5208074011794,100.422872577048));
#6077=CARTESIAN_POINT('Ctrl Pts',(19.2284911415593,16.7039228011173,90.0200155664854));
#6078=CARTESIAN_POINT('Ctrl Pts',(12.121032287106,16.8870382010552,82.0440668210952));
#6079=CARTESIAN_POINT('Ctrl Pts',(2.06601044038298,17.0701536009932,78.434598025848));
#6080=CARTESIAN_POINT('Ctrl Pts',(-8.49141886887684,17.2532690009311,80.0693511028797));
#6081=CARTESIAN_POINT('Ctrl Pts',(-16.9839254925449,17.436384400869,86.5507905604679));
#6082=CARTESIAN_POINT('Ctrl Pts',(-21.3463229452434,17.6194998008069,96.3027762422471));
#6083=CARTESIAN_POINT('Ctrl Pts',(-20.5177729748429,17.8026152007449,106.953843140011));
#6084=CARTESIAN_POINT('Ctrl Pts',(-14.6997625476465,17.9857306006828,115.913892716577));
#6085=CARTESIAN_POINT('Ctrl Pts',(-5.30709676748619,18.1688460006207,121.004038140543));
#6086=CARTESIAN_POINT('Ctrl Pts',(5.37612979971736,18.3519614005586,120.986478071194));
#6087=CARTESIAN_POINT('Ctrl Pts',(14.7520144819784,18.5350768004966,115.865466953304));
#6088=CARTESIAN_POINT('Ctrl Pts',(20.5405155537352,18.7181922004345,106.886351671003));
#6089=CARTESIAN_POINT('Ctrl Pts',(21.3340742754542,18.9013076003724,96.2325870086299));
#6090=CARTESIAN_POINT('Ctrl Pts',(16.9395636101706,19.0844230003103,86.495060027084));
#6091=CARTESIAN_POINT('Ctrl Pts',(8.42593617800545,19.2675384002483,80.041454570568));
#6092=CARTESIAN_POINT('Ctrl Pts',(-2.13710472684537,19.4506538001862,78.4416772500557));
#6093=CARTESIAN_POINT('Ctrl Pts',(-12.1796057344205,19.6337692001242,82.0836747851052));
#6094=CARTESIAN_POINT('Ctrl Pts',(-19.2620481796389,19.8168846000621,90.0840087013982));
#6095=CARTESIAN_POINT('Ctrl Pts',(-20.8576420409068,19.938961533354,97.0228631953071));
#6096=CARTESIAN_POINT('Ctrl Pts',(-20.7789115156739,20.,100.474024399501));
#6097=CARTESIAN_POINT('',(-4.10541660186349,20.,80.6234621865515));
#6098=CARTESIAN_POINT('Ctrl Pts',(-20.7789115156739,20.,100.474024399501));
#6099=CARTESIAN_POINT('Ctrl Pts',(-20.7741255492589,20.,100.044594765189));
#6100=CARTESIAN_POINT('Ctrl Pts',(-20.7557758579415,20.,99.616003963118));
#6101=CARTESIAN_POINT('Ctrl Pts',(-20.7241414071923,20.,99.1888418755626));
#6102=CARTESIAN_POINT('Ctrl Pts',(-20.6925504863823,20.,98.7622675756643));
#6103=CARTESIAN_POINT('Ctrl Pts',(-20.6477111533483,20.,98.3371175333671));
#6104=CARTESIAN_POINT('Ctrl Pts',(-20.5898471210193,20.,97.9139779693579));
#6105=CARTESIAN_POINT('Ctrl Pts',(-20.5317303649698,20.,97.4889903245868));
#6106=CARTESIAN_POINT('Ctrl Pts',(-20.4604747594619,20.,97.0660302251884));
#6107=CARTESIAN_POINT('Ctrl Pts',(-20.3762546611177,20.,96.6456983376926));
#6108=CARTESIAN_POINT('Ctrl Pts',(-20.2921056832925,20.,96.2257214037359));
#6109=CARTESIAN_POINT('Ctrl Pts',(-20.1950139331495,20.,95.8083677195452));
#6110=CARTESIAN_POINT('Ctrl Pts',(-20.0851035178822,20.,95.3942510705067));
#6111=CARTESIAN_POINT('Ctrl Pts',(-19.9755304132978,20.,94.9814053289555));
#6112=CARTESIAN_POINT('Ctrl Pts',(-19.8532170292076,20.,94.571776274132));
#6113=CARTESIAN_POINT('Ctrl Pts',(-19.7182393777579,20.,94.1659943453259));
#6114=CARTESIAN_POINT('Ctrl Pts',(-19.6170061391706,20.,93.8616578987213));
#6115=CARTESIAN_POINT('Ctrl Pts',(-19.5086482764591,20.,93.5594858681858));
#6116=CARTESIAN_POINT('Ctrl Pts',(-19.3931812979482,20.,93.2597551053211));
#6117=CARTESIAN_POINT('Ctrl Pts',(-19.3498811810066,20.,93.1473560692468));
#6118=CARTESIAN_POINT('Ctrl Pts',(-19.3055812048185,20.,93.0353004418472));
#6119=CARTESIAN_POINT('Ctrl Pts',(-19.2602816892093,20.,92.9236032227713));
#6120=CARTESIAN_POINT('Ctrl Pts',(-19.2361126098768,20.,92.8640083482398));
#6121=CARTESIAN_POINT('Ctrl Pts',(-19.2116589927375,20.,92.8045155036898));
#6122=CARTESIAN_POINT('Ctrl Pts',(-19.1869208553094,20.,92.7451269948855));
#6123=CARTESIAN_POINT('Ctrl Pts',(-19.1719873240999,20.,92.70927627038));
#6124=CARTESIAN_POINT('Ctrl Pts',(-19.1569490353544,20.,92.6734610322463));
#6125=CARTESIAN_POINT('Ctrl Pts',(-19.1418095880764,20.,92.6376902805863));
#6126=CARTESIAN_POINT('Ctrl Pts',(-18.9759473489746,20.,92.2457990275101));
#6127=CARTESIAN_POINT('Ctrl Pts',(-18.7981509555078,20.,91.8597211888709));
#6128=CARTESIAN_POINT('Ctrl Pts',(-18.6086092228022,20.,91.4800264382024));
#6129=CARTESIAN_POINT('Ctrl Pts',(-18.4680981182015,20.,91.198551070926));
#6130=CARTESIAN_POINT('Ctrl Pts',(-18.3211312263641,20.,90.9205837550985));
#6131=CARTESIAN_POINT('Ctrl Pts',(-18.1677681459567,20.,90.6463630445169));
#6132=CARTESIAN_POINT('Ctrl Pts',(-17.9611440015769,20.,90.2769089389746));
#6133=CARTESIAN_POINT('Ctrl Pts',(-17.7429112277432,20.,89.9142543374844));
#6134=CARTESIAN_POINT('Ctrl Pts',(-17.5135433184681,20.,89.5588242730977));
#6135=CARTESIAN_POINT('Ctrl Pts',(-17.2834635678125,20.,89.2022911344908));
#6136=CARTESIAN_POINT('Ctrl Pts',(-17.042179077292,20.,88.8530270360746));
#6137=CARTESIAN_POINT('Ctrl Pts',(-16.7901253853554,20.,88.5114922774999));
#6138=CARTESIAN_POINT('Ctrl Pts',(-16.538647888517,20.,88.1707382678688));
#6139=CARTESIAN_POINT('Ctrl Pts',(-16.2764499628326,20.,87.8376779191999));
#6140=CARTESIAN_POINT('Ctrl Pts',(-16.0039280213348,20.,87.5128053634847));
#6141=CARTESIAN_POINT('Ctrl Pts',(-15.7334098357708,20.,87.1903214789631));
#6142=CARTESIAN_POINT('Ctrl Pts',(-15.4527184795905,20.,86.8759050888204));
#6143=CARTESIAN_POINT('Ctrl Pts',(-15.1622121958296,20.,86.5700812854849));
#6144=CARTESIAN_POINT('Ctrl Pts',(-15.0708722908766,20.,86.4739253030138));
#6145=CARTESIAN_POINT('Ctrl Pts',(-14.9785619102744,20.,86.378619095437));
#6146=CARTESIAN_POINT('Ctrl Pts',(-14.8852916798438,20.,86.2841799287411));
#6147=CARTESIAN_POINT('Ctrl Pts',(-14.8488544567012,20.,86.2472860455115));
#6148=CARTESIAN_POINT('Ctrl Pts',(-14.8122707412272,20.,86.2105244930226));
#6149=CARTESIAN_POINT('Ctrl Pts',(-14.7755411578994,20.,86.17389632055));
#6150=CARTESIAN_POINT('Ctrl Pts',(-14.7410955509725,20.,86.13954581839));
#6151=CARTESIAN_POINT('Ctrl Pts',(-14.706520280922,20.,86.1053113289109));
#6152=CARTESIAN_POINT('Ctrl Pts',(-14.6718315185493,20.,86.0712089593915));
#6153=CARTESIAN_POINT('Ctrl Pts',(-14.3709368340833,20.,85.7754007202317));
#6154=CARTESIAN_POINT('Ctrl Pts',(-14.0612497392463,20.,85.4892728170824));
#6155=CARTESIAN_POINT('Ctrl Pts',(-13.7432195823909,20.,85.2132536357849));
#6156=CARTESIAN_POINT('Ctrl Pts',(-13.4257251708958,20.,84.9376994292471));
#6157=CARTESIAN_POINT('Ctrl Pts',(-13.099915370345,20.,84.6722195477438));
#6158=CARTESIAN_POINT('Ctrl Pts',(-12.7662024177088,20.,84.4172785806944));
#6159=CARTESIAN_POINT('Ctrl Pts',(-12.4355127891812,20.,84.1646472907669));
#6160=CARTESIAN_POINT('Ctrl Pts',(-12.0970621362722,20.,83.9223645190683));
#6161=CARTESIAN_POINT('Ctrl Pts',(-11.7512236261449,20.,83.6909249639096));
#6162=CARTESIAN_POINT('Ctrl Pts',(-11.5991339242563,20.,83.5891445897797));
#6163=CARTESIAN_POINT('Ctrl Pts',(-11.4456150945627,20.,83.4894618610235));
#6164=CARTESIAN_POINT('Ctrl Pts',(-11.2906974568232,20.,83.3919217297388));
#6165=CARTESIAN_POINT('Ctrl Pts',(-11.0176650154171,20.,83.2200134785653));
#6166=CARTESIAN_POINT('Ctrl Pts',(-10.7402878753465,20.,83.0547595705227));
#6167=CARTESIAN_POINT('Ctrl Pts',(-10.4588305484674,20.,82.8962643693967));
#6168=CARTESIAN_POINT('Ctrl Pts',(-10.3356929679578,20.,82.826922718904));
#6169=CARTESIAN_POINT('Ctrl Pts',(-10.2117743457658,20.,82.7588749491234));
#6170=CARTESIAN_POINT('Ctrl Pts',(-10.0870965602398,20.,82.692130850145));
#6171=CARTESIAN_POINT('Ctrl Pts',(-10.002885156633,20.,82.6470497297697));
#6172=CARTESIAN_POINT('Ctrl Pts',(-9.91832741291635,20.,82.6025633687923));
#6173=CARTESIAN_POINT('Ctrl Pts',(-9.83343003933656,20.,82.5586749525939));
#6174=CARTESIAN_POINT('Ctrl Pts',(-9.79829796146064,20.,82.5405131274311));
#6175=CARTESIAN_POINT('Ctrl Pts',(-9.76311046644543,20.,82.5224551357836));
#6176=CARTESIAN_POINT('Ctrl Pts',(-9.72787543497984,20.,82.5045048662056));
#6177=CARTESIAN_POINT('Ctrl Pts',(-9.35736927873534,20.,82.3157527888478));
#6178=CARTESIAN_POINT('Ctrl Pts',(-8.98137037584142,20.,82.1387842304942));
#6179=CARTESIAN_POINT('Ctrl Pts',(-8.60048843583288,20.,81.9737236981098));
#6180=CARTESIAN_POINT('Ctrl Pts',(-8.21695246730414,20.,81.8075130052308));
#6181=CARTESIAN_POINT('Ctrl Pts',(-7.82846465662675,20.,81.6533766716113));
#6182=CARTESIAN_POINT('Ctrl Pts',(-7.43562536970386,20.,81.5114896296691));
#6183=CARTESIAN_POINT('Ctrl Pts',(-7.04339095506821,20.,81.3698210575757));
#6184=CARTESIAN_POINT('Ctrl Pts',(-6.6468179133641,20.,81.2403639479358));
#6185=CARTESIAN_POINT('Ctrl Pts',(-6.24648979939136,20.,81.1233423295683));
#6186=CARTESIAN_POINT('Ctrl Pts',(-5.85016634098134,20.,81.007491329148));
#6187=CARTESIAN_POINT('Ctrl Pts',(-5.45016203850411,20.,80.9038282032256));
#6188=CARTESIAN_POINT('Ctrl Pts',(-5.04703727097019,20.,80.8126206699733));
#6189=CARTESIAN_POINT('Ctrl Pts',(-4.73479013260155,20.,80.7419743253444));
#6190=CARTESIAN_POINT('Ctrl Pts',(-4.42067067260925,20.,80.6788017430518));
#6191=CARTESIAN_POINT('Ctrl Pts',(-4.10493982959688,20.,80.623248865337));
#6192=CARTESIAN_POINT('',(-14.2831242619471,0.,113.722136292452));
#6193=CARTESIAN_POINT('Ctrl Pts',(-14.2831242619471,-5.55111512312578E-16,
113.722136292452));
#6194=CARTESIAN_POINT('Ctrl Pts',(-14.0056062496889,-5.43557683215926E-16,
114.032402202205));
#6195=CARTESIAN_POINT('Ctrl Pts',(-13.7185537319456,-6.07192795267376E-16,
114.333258245803));
#6196=CARTESIAN_POINT('Ctrl Pts',(-13.4226016150556,-6.48786580015326E-16,
114.624477537889));
#6197=CARTESIAN_POINT('Ctrl Pts',(-13.1278593163584,-6.90210334158238E-16,
114.914506359026));
#6198=CARTESIAN_POINT('Ctrl Pts',(-12.8242895633921,1.43135973266738E-16,
115.194977336056));
#6199=CARTESIAN_POINT('Ctrl Pts',(-12.512471785121,9.0205620750794E-17,
115.465639319636));
#6200=CARTESIAN_POINT('Ctrl Pts',(-12.1980575236385,3.68345211663523E-17,
115.738555085218));
#6201=CARTESIAN_POINT('Ctrl Pts',(-11.8752569242607,2.11098819954157E-17,
116.001498174219));
#6202=CARTESIAN_POINT('Ctrl Pts',(-11.5446216244558,-6.93889390390723E-17,
116.25417870222));
#6203=CARTESIAN_POINT('Ctrl Pts',(-11.212783735199,-1.60216923135217E-16,
116.507778281931));
#6204=CARTESIAN_POINT('Ctrl Pts',(-10.8730536268368,-9.7398104848094E-16,
116.751040857585));
#6205=CARTESIAN_POINT('Ctrl Pts',(-10.5259525559705,-1.11022302462516E-15,
116.983635605886));
#6206=CARTESIAN_POINT('Ctrl Pts',(-10.1805452698027,-1.24580016682374E-15,
117.215095337735));
#6207=CARTESIAN_POINT('Ctrl Pts',(-9.82783832205185,-5.1681668531864E-16,
117.435991396391));
#6208=CARTESIAN_POINT('Ctrl Pts',(-9.46831605924617,-5.82867087928207E-16,
117.645955734135));
#6209=CARTESIAN_POINT('Ctrl Pts',(-9.20044269210978,-6.32080017357568E-16,
117.802396266332));
#6210=CARTESIAN_POINT('Ctrl Pts',(-8.92878518937403,3.45353890732354E-18,
117.952767259749));
#6211=CARTESIAN_POINT('Ctrl Pts',(-8.65353551158756,0.,118.096899684911));
#6212=CARTESIAN_POINT('Ctrl Pts',(-8.55031688241764,-1.29507709024633E-18,
118.150949344347));
#6213=CARTESIAN_POINT('Ctrl Pts',(-8.44659304082293,-4.07949283427593E-17,
118.204121553527));
#6214=CARTESIAN_POINT('Ctrl Pts',(-8.34237390013493,0.,118.256406840032));
#6215=CARTESIAN_POINT('Ctrl Pts',(-8.29070732116247,2.02240622306329E-17,
118.282327240703));
#6216=CARTESIAN_POINT('Ctrl Pts',(-8.23891901216474,-1.59120440777986E-15,
118.308029659783));
#6217=CARTESIAN_POINT('Ctrl Pts',(-8.1870101719314,-1.60982338570648E-15,
118.333512914301));
#6218=CARTESIAN_POINT('Ctrl Pts',(-8.14170920291284,-1.62607221227281E-15,
118.355752211464));
#6219=CARTESIAN_POINT('Ctrl Pts',(-8.09631282280536,-1.22936974037084E-15,
118.377826286539));
#6220=CARTESIAN_POINT('Ctrl Pts',(-8.05084689773983,-1.22124532708767E-15,
118.399722398606));
#6221=CARTESIAN_POINT('Ctrl Pts',(-7.66983756954403,-1.15316187244462E-15,
118.583214166049));
#6222=CARTESIAN_POINT('Ctrl Pts',(-7.28362156499494,-1.23567163499985E-15,
118.754373709197));
#6223=CARTESIAN_POINT('Ctrl Pts',(-6.89276773817582,-1.27675647831893E-15,
118.912925908003));
#6224=CARTESIAN_POINT('Ctrl Pts',(-6.62907553388955,-1.30447464852525E-15,
119.019894232038));
#6225=CARTESIAN_POINT('Ctrl Pts',(-6.363271555146,-1.45909148100701E-15,
119.121123433611));
#6226=CARTESIAN_POINT('Ctrl Pts',(-6.09552188108232,-1.41553435639707E-15,
119.216518771563));
#6227=CARTESIAN_POINT('Ctrl Pts',(-5.69817204417886,-1.34854351124529E-15,
119.358088773877));
#6228=CARTESIAN_POINT('Ctrl Pts',(-5.29653816672341,-1.33841710540644E-15,
119.486812987235));
#6229=CARTESIAN_POINT('Ctrl Pts',(-4.89127339391636,-1.38777878078145E-15,
119.602737526898));
#6230=CARTESIAN_POINT('Ctrl Pts',(-4.4868658732541,-1.437036041944E-15,
119.71841685265));
#6231=CARTESIAN_POINT('Ctrl Pts',(-4.07884225277758,-1.33344192183911E-15,
119.821350647122));
#6232=CARTESIAN_POINT('Ctrl Pts',(-3.66782996803369,-1.2490009027033E-15,
119.91153552129));
#6233=CARTESIAN_POINT('Ctrl Pts',(-3.25581990885175,-1.16435489434079E-15,
120.001939328482));
#6234=CARTESIAN_POINT('Ctrl Pts',(-2.84080611770982,-8.04451932348031E-16,
120.079532337514));
#6235=CARTESIAN_POINT('Ctrl Pts',(-2.42340705315383,-8.32667268468867E-16,
120.144260483132));
#6236=CARTESIAN_POINT('Ctrl Pts',(-2.00719837523549,-8.60802136850441E-16,
120.208804029583));
#6237=CARTESIAN_POINT('Ctrl Pts',(-1.58861746126026,-1.58754994823773E-15,
120.260556046054));
#6238=CARTESIAN_POINT('Ctrl Pts',(-1.16827219364608,-1.60982338570648E-15,
120.299411533345));
#6239=CARTESIAN_POINT('Ctrl Pts',(-1.04043613693222,-1.61659721816004E-15,
120.311228324587));
#6240=CARTESIAN_POINT('Ctrl Pts',(-0.912436889568296,-1.39694265733042E-15,
120.321851953026));
#6241=CARTESIAN_POINT('Ctrl Pts',(-0.784291572116502,-1.4432899320127E-15,
120.331278505096));
#6242=CARTESIAN_POINT('Ctrl Pts',(-0.715419364989453,-1.46819945789447E-15,
120.336344842747));
#6243=CARTESIAN_POINT('Ctrl Pts',(-0.646504965087629,-1.75585438348218E-15,
120.34106538908));
#6244=CARTESIAN_POINT('Ctrl Pts',(-0.577551035525387,-1.77635683940025E-15,
120.345439482421));
#6245=CARTESIAN_POINT('Ctrl Pts',(-0.536938663841022,-1.78843234206519E-15,
120.348015728701));
#6246=CARTESIAN_POINT('Ctrl Pts',(-0.496318018026102,-7.03475284426396E-16,
120.350471431321));
#6247=CARTESIAN_POINT('Ctrl Pts',(-0.455697187598492,-7.21644966006352E-16,
120.352806157437));
#6248=CARTESIAN_POINT('Ctrl Pts',(-0.0300300821438971,-9.12045695970616E-16,
120.37727183421));
#6249=CARTESIAN_POINT('Ctrl Pts',(0.395909493563268,-6.5409267080052E-16,
120.38847341302));
#6250=CARTESIAN_POINT('Ctrl Pts',(0.821476780128511,-8.32667268468867E-16,
120.386438470306));
#6251=CARTESIAN_POINT('Ctrl Pts',(1.24808994663198,-1.01168073349162E-15,
120.384398526489));
#6252=CARTESIAN_POINT('Ctrl Pts',(1.67432954436034,-1.41072019717702E-15,
120.369057001018));
#6253=CARTESIAN_POINT('Ctrl Pts',(2.09955785260562,-1.27675647831893E-15,
120.340390606017));
#6254=CARTESIAN_POINT('Ctrl Pts',(2.52325167603787,-1.14327618280801E-15,
120.31182765697));
#6255=CARTESIAN_POINT('Ctrl Pts',(2.9459420497717,-7.20341294382567E-17,
120.270035869084));
#6256=CARTESIAN_POINT('Ctrl Pts',(3.36700153661147,-1.66533453693773E-16,
120.214940778279));
#6257=CARTESIAN_POINT('Ctrl Pts',(3.54375687426774,-2.06203050245174E-16,
120.191812570311));
#6258=CARTESIAN_POINT('Ctrl Pts',(3.72022480839525,-1.69999286603881E-15,
120.166339411487));
#6259=CARTESIAN_POINT('Ctrl Pts',(3.89635874411956,-1.77635683940025E-15,
120.138513052329));
#6260=CARTESIAN_POINT('Ctrl Pts',(4.22621373139165,-1.92029618042075E-15,
120.086401213074));
#6261=CARTESIAN_POINT('Ctrl Pts',(4.554897593449,-2.44671925200975E-15,
120.026037388536));
#6262=CARTESIAN_POINT('Ctrl Pts',(4.88214119227476,-2.55351295663786E-15,
119.957546633673));
#6263=CARTESIAN_POINT('Ctrl Pts',(5.02531026676103,-2.60023520241266E-15,
119.92758192842));
#6264=CARTESIAN_POINT('Ctrl Pts',(5.1682036120427,-1.2832569646876E-15,
119.896061426727));
#6265=CARTESIAN_POINT('Ctrl Pts',(5.31079838884226,-1.27675647831893E-15,
119.862994446623));
#6266=CARTESIAN_POINT('Ctrl Pts',(5.40410206426575,-1.27250303170714E-15,
119.841357814146));
#6267=CARTESIAN_POINT('Ctrl Pts',(5.49727790515575,-1.40612176929479E-15,
119.819059051395));
#6268=CARTESIAN_POINT('Ctrl Pts',(5.59031945972559,-1.38777878078145E-15,
119.796100609873));
#6269=CARTESIAN_POINT('Ctrl Pts',(5.63536726580618,-1.37889768036016E-15,
119.78498485169));
#6270=CARTESIAN_POINT('Ctrl Pts',(5.68037623086766,-4.27871548211192E-16,
119.77371625165));
#6271=CARTESIAN_POINT('Ctrl Pts',(5.72533944591514,-4.44089209850063E-16,
119.762296849428));
#6272=CARTESIAN_POINT('Ctrl Pts',(6.13621728938203,-5.92287639015311E-16,
119.657945340006));
#6273=CARTESIAN_POINT('Ctrl Pts',(6.5434383176319,-2.14473134109148E-15,
119.540965204902));
#6274=CARTESIAN_POINT('Ctrl Pts',(6.94647405702532,-1.83186799063151E-15,
119.411714891953));
#6275=CARTESIAN_POINT('Ctrl Pts',(7.35483180908528,-1.51487333728373E-15,
119.280757852441));
#6276=CARTESIAN_POINT('Ctrl Pts',(7.75889351571915,-1.69354886886621E-15,
119.137204356356));
#6277=CARTESIAN_POINT('Ctrl Pts',(8.15810491444986,-1.4432899320127E-15,
118.981373910008));
#6278=CARTESIAN_POINT('Ctrl Pts',(8.55833994521101,-1.19238929739084E-15,
118.825143893315));
#6279=CARTESIAN_POINT('Ctrl Pts',(8.95370027938794,-3.07886008198192E-16,
118.656573705202));
#6280=CARTESIAN_POINT('Ctrl Pts',(9.34361510057203,-4.44089209850063E-16,
118.475934238287));
#6281=CARTESIAN_POINT('Ctrl Pts',(9.73199269225577,-5.79755433761548E-16,
118.296006937985));
#6282=CARTESIAN_POINT('Ctrl Pts',(10.1149681229578,-2.05383840585024E-16,
118.104105111133));
#6283=CARTESIAN_POINT('Ctrl Pts',(10.491957552958,-2.22044604925031E-16,
117.900448974776));
#6284=CARTESIAN_POINT('Ctrl Pts',(10.7919346189651,-2.35301865756323E-16,
117.738396234309));
#6285=CARTESIAN_POINT('Ctrl Pts',(11.0881212669573,-6.935662556417E-17,
117.568900110117));
#6286=CARTESIAN_POINT('Ctrl Pts',(11.3802111595774,-1.11022302462516E-16,
117.392051332867));
#6287=CARTESIAN_POINT('Ctrl Pts',(-14.2831242619471,-5.55111512312578E-16,
113.722136292452));
#6288=CARTESIAN_POINT('Ctrl Pts',(-12.0040200665497,0.0610384666459754,
116.094414758065));
#6289=CARTESIAN_POINT('Ctrl Pts',(-6.24312494067609,0.183115399937927,119.678950917793));
#6290=CARTESIAN_POINT('Ctrl Pts',(3.92203101999037,0.366230799875855,120.269212394551));
#6291=CARTESIAN_POINT('Ctrl Pts',(13.1312567239483,0.549346199813783,115.930637594596));
#6292=CARTESIAN_POINT('Ctrl Pts',(19.1483128021905,0.732461599751711,107.718006413941));
#6293=CARTESIAN_POINT('Ctrl Pts',(20.5084083703939,0.91557699968964,97.6285691993324));
#6294=CARTESIAN_POINT('Ctrl Pts',(16.8815764557119,1.09869239962757,88.1157910540674));
#6295=CARTESIAN_POINT('Ctrl Pts',(9.14939688037603,1.28180779956549,81.4929955476292));
#6296=CARTESIAN_POINT('Ctrl Pts',(-0.807647855974277,1.46492319950342,79.3706833890445));
#6297=CARTESIAN_POINT('Ctrl Pts',(-10.5683218161431,1.64803859944135,82.264960449515));
#6298=CARTESIAN_POINT('Ctrl Pts',(-17.7590017301815,1.83115399937928,89.4719999501668));
#6299=CARTESIAN_POINT('Ctrl Pts',(-20.6310985533601,2.01426939931721,99.239213377373));
#6300=CARTESIAN_POINT('Ctrl Pts',(-18.4861714542455,2.19738479925513,109.191432750947));
#6301=CARTESIAN_POINT('Ctrl Pts',(-11.8458241721877,2.38050019919306,116.908502092534));
#6302=CARTESIAN_POINT('Ctrl Pts',(-2.32483737530604,2.56361559913099,120.513803110359));
#6303=CARTESIAN_POINT('Ctrl Pts',(7.76149724502943,2.74673099906892,119.130607610663));
#6304=CARTESIAN_POINT('Ctrl Pts',(15.960410140327,2.92984639900685,113.095277645958));
#6305=CARTESIAN_POINT('Ctrl Pts',(20.2781093572945,3.11296179894477,103.875470046292));
#6306=CARTESIAN_POINT('Ctrl Pts',(19.6646275081724,3.2960771988827,93.713235099253));
#6307=CARTESIAN_POINT('Ctrl Pts',(14.2691495293614,3.47919259882063,85.0798002925597));
#6308=CARTESIAN_POINT('Ctrl Pts',(5.40373462210537,3.66230799875856,80.0746232193007));
#6309=CARTESIAN_POINT('Ctrl Pts',(-4.77574728295334,3.84542339869648,79.9148506206236));
#6310=CARTESIAN_POINT('Ctrl Pts',(-13.7938746213392,4.02853879863442,84.6393356062051));
#6311=CARTESIAN_POINT('Ctrl Pts',(-19.4576412111912,4.21165419857234,93.0991894533198));
#6312=CARTESIAN_POINT('Ctrl Pts',(-20.3897461199002,4.39476959851027,103.237165559523));
#6313=CARTESIAN_POINT('Ctrl Pts',(-16.3635223528629,4.5778849984482,112.587935649124));
#6314=CARTESIAN_POINT('Ctrl Pts',(-8.35805717439633,4.76100039838612,118.877602283305));
#6315=CARTESIAN_POINT('Ctrl Pts',(1.67989993991737,4.94411579832405,120.57665968736));
#6316=CARTESIAN_POINT('Ctrl Pts',(11.3093430886728,5.12723119826198,117.27193523032));
#6317=CARTESIAN_POINT('Ctrl Pts',(18.1886077989321,5.31034659819991,109.767063736563));
#6318=CARTESIAN_POINT('Ctrl Pts',(20.6448112754737,5.49346199813784,99.8870615314218));
#6319=CARTESIAN_POINT('Ctrl Pts',(18.0806599541249,5.67657739807577,90.03452342731));
#6320=CARTESIAN_POINT('Ctrl Pts',(11.1196978923753,5.85969279801369,82.6053655836098));
#6321=CARTESIAN_POINT('Ctrl Pts',(1.45467484793396,6.04280819795162,79.406192465104));
#6322=CARTESIAN_POINT('Ctrl Pts',(-8.56409247417233,6.22592359788955,81.2149711793839));
#6323=CARTESIAN_POINT('Ctrl Pts',(-16.5002646992089,6.40903899782748,87.5918473351754));
#6324=CARTESIAN_POINT('Ctrl Pts',(-20.4239428431079,6.5921543977654,96.9861077592233));
#6325=CARTESIAN_POINT('Ctrl Pts',(-19.3809764352144,6.77526979770334,107.113279139414));
#6326=CARTESIAN_POINT('Ctrl Pts',(-13.6249915000065,6.95838519764126,115.510660666854));
#6327=CARTESIAN_POINT('Ctrl Pts',(-4.55571439973747,7.14150059757919,120.136197605446));
#6328=CARTESIAN_POINT('Ctrl Pts',(5.62141020464927,7.32461599751711,119.865063176557));
#6329=CARTESIAN_POINT('Ctrl Pts',(14.4315340011712,7.50773139745505,114.763191188581));
#6330=CARTESIAN_POINT('Ctrl Pts',(19.7322325965199,7.69084679739298,106.071242414398));
#6331=CARTESIAN_POINT('Ctrl Pts',(20.2344950489041,7.8739621973309,95.9029037339322));
#6332=CARTESIAN_POINT('Ctrl Pts',(15.8161824015189,8.05707759726883,86.7308869196378));
#6333=CARTESIAN_POINT('Ctrl Pts',(7.55172913583627,8.24019299720676,80.7856206252579));
#6334=CARTESIAN_POINT('Ctrl Pts',(-2.5491351821702,8.42330839714468,79.5128601918038));
#6335=CARTESIAN_POINT('Ctrl Pts',(-12.0301070307566,8.60642379708261,83.2221123938056));
#6336=CARTESIAN_POINT('Ctrl Pts',(-18.5856268253117,8.78953919702054,91.0113703375982));
#6337=CARTESIAN_POINT('Ctrl Pts',(-20.6215392686969,8.97265459695847,100.98646129531));
#6338=CARTESIAN_POINT('Ctrl Pts',(-17.6427561439828,9.15576999689639,110.721667003853));
#6339=CARTESIAN_POINT('Ctrl Pts',(-10.3736506581929,9.33888539683433,117.849603909312));
#6340=CARTESIAN_POINT('Ctrl Pts',(-0.581906134510457,9.52200079677225,120.636917719179));
#6341=CARTESIAN_POINT('Ctrl Pts',(9.35134490213196,9.70511619671019,118.405796266908));
#6342=CARTESIAN_POINT('Ctrl Pts',(17.010558718494,9.8882315966481,111.69879821957));
#6343=CARTESIAN_POINT('Ctrl Pts',(20.533186400085,10.071346996586,102.146914985954));
#6344=CARTESIAN_POINT('Ctrl Pts',(19.062603948436,10.254462396524,92.0729502081402));
#6345=CARTESIAN_POINT('Ctrl Pts',(12.9564240134427,10.4375777964619,83.9266660433673));
#6346=CARTESIAN_POINT('Ctrl Pts',(3.69953252234081,10.6206931963998,79.689055984182));
#6347=CARTESIAN_POINT('Ctrl Pts',(-6.45700225445815,10.8038085963377,80.390611697876));
#6348=CARTESIAN_POINT('Ctrl Pts',(-15.0433389889707,10.9869239962757,85.8607305789703));
#6349=CARTESIAN_POINT('Ctrl Pts',(-19.9714732792107,11.1700393962136,94.7692024742563));
#6350=CARTESIAN_POINT('Ctrl Pts',(-20.0429934614195,11.3531547961515,104.949686939903));
#6351=CARTESIAN_POINT('Ctrl Pts',(-15.2405074323171,11.5362701960895,113.926518621071));
#6352=CARTESIAN_POINT('Ctrl Pts',(-6.73187201831198,11.7193855960274,119.516733508111));
#6353=CARTESIAN_POINT('Ctrl Pts',(3.41380359600863,11.9025009959653,120.360916794325));
#6354=CARTESIAN_POINT('Ctrl Pts',(12.7293187872781,12.0856163959032,116.2537820494));
#6355=CARTESIAN_POINT('Ctrl Pts',(18.9493493168188,12.2687317958412,108.194092272286));
#6356=CARTESIAN_POINT('Ctrl Pts',(20.5613233478,12.4518471957791,98.1417831437726));
#6357=CARTESIAN_POINT('Ctrl Pts',(17.1732449712973,12.634962595717,88.5413506531805));
#6358=CARTESIAN_POINT('Ctrl Pts',(9.60901881429513,12.818077995655,81.7274045323584));
#6359=CARTESIAN_POINT('Ctrl Pts',(-0.291905075789234,13.0011933955929,79.3569435614713));
#6360=CARTESIAN_POINT('Ctrl Pts',(-10.1218442022828,13.1843087955308,82.0064106515051));
#6361=CARTESIAN_POINT('Ctrl Pts',(-17.4903779700004,13.3674241954687,89.0315148646645));
#6362=CARTESIAN_POINT('Ctrl Pts',(-20.6056443289322,13.5505395954067,98.7239085114706));
#6363=CARTESIAN_POINT('Ctrl Pts',(-18.7100804124062,13.7336549953446,108.726618970647));
#6364=CARTESIAN_POINT('Ctrl Pts',(-12.2646448252768,13.9167703952825,116.607211536178));
#6365=CARTESIAN_POINT('Ctrl Pts',(-2.83672285591174,14.0998857952204,120.449302949888));
#6366=CARTESIAN_POINT('Ctrl Pts',(7.28102645117606,14.2830011951584,119.31858280296));
#6367=CARTESIAN_POINT('Ctrl Pts',(15.6281935238252,14.4661165950963,113.490016859864));
#6368=CARTESIAN_POINT('Ctrl Pts',(20.1749346544459,14.6492319950342,104.380981555131));
#6369=CARTESIAN_POINT('Ctrl Pts',(19.8155844365927,14.8323473949722,94.2065898527904));
#6370=CARTESIAN_POINT('Ctrl Pts',(14.6375287788272,15.0154627949101,85.4410254843751));
#6371=CARTESIAN_POINT('Ctrl Pts',(5.89995461282751,15.198578194848,80.2158769902723));
#6372=CARTESIAN_POINT('Ctrl Pts',(-4.27235611009169,15.381693594786,79.8017832231104));
#6373=CARTESIAN_POINT('Ctrl Pts',(-13.4057257059161,15.5648089947239,84.2994424941248));
#6374=CARTESIAN_POINT('Ctrl Pts',(-19.2791236570724,15.7479243946618,92.6151250036022));
#6375=CARTESIAN_POINT('Ctrl Pts',(-20.464271390884,15.9310397945997,102.726643383243));
#6376=CARTESIAN_POINT('Ctrl Pts',(-16.6729675749763,16.1141551945376,112.175103282418));
#6377=CARTESIAN_POINT('Ctrl Pts',(-8.82717221458721,16.2972705944756,118.662851293375));
#6378=CARTESIAN_POINT('Ctrl Pts',(1.16519333239454,16.4803859944135,120.612212695054));
#6379=CARTESIAN_POINT('Ctrl Pts',(10.8742100086117,16.6635013943514,117.549146543098));
#6380=CARTESIAN_POINT('Ctrl Pts',(17.9388628487882,16.8466167942894,110.218521782104));
#6381=CARTESIAN_POINT('Ctrl Pts',(20.6411868173967,17.0297321942273,100.402981848857));
#6382=CARTESIAN_POINT('Ctrl Pts',(18.3240373851351,17.2128475941652,90.4894457648039));
#6383=CARTESIAN_POINT('Ctrl Pts',(11.5508932625146,17.3959629941032,82.8886630556204));
#6384=CARTESIAN_POINT('Ctrl Pts',(1.96883116147549,17.5790783940411,79.4489734482733));
#6385=CARTESIAN_POINT('Ctrl Pts',(-8.09200657818869,17.762193793979,81.0068323711842));
#6386=CARTESIAN_POINT('Ctrl Pts',(-16.1850497462644,17.9453091939169,87.1834032760975));
#6387=CARTESIAN_POINT('Ctrl Pts',(-20.3422523797719,18.1284245938549,96.4766831750076));
#6388=CARTESIAN_POINT('Ctrl Pts',(-19.5526750530175,18.3115399937928,106.626754056251));
#6389=CARTESIAN_POINT('Ctrl Pts',(-14.0083273561443,18.4946553937307,115.165348281089));
#6390=CARTESIAN_POINT('Ctrl Pts',(-5.05746596849514,18.6777707936686,120.016067682724));
#6391=CARTESIAN_POINT('Ctrl Pts',(5.12325188243403,18.8608861936066,119.999333589297));
#6392=CARTESIAN_POINT('Ctrl Pts',(14.0581215074948,19.0440015935445,115.11920032855));
#6393=CARTESIAN_POINT('Ctrl Pts',(19.5743478854197,19.2271169934824,106.562437194768));
#6394=CARTESIAN_POINT('Ctrl Pts',(20.3305798527138,19.4102323934204,96.409795444121));
#6395=CARTESIAN_POINT('Ctrl Pts',(16.142774521177,19.5933477933583,87.1302941491409));
#6396=CARTESIAN_POINT('Ctrl Pts',(8.02960400760876,19.7764631932962,80.9802480127325));
#6397=CARTESIAN_POINT('Ctrl Pts',(0.578134425552792,19.9120139288435,79.8517195757758));
#6398=CARTESIAN_POINT('Ctrl Pts',(-3.39473538480442,19.9865261977447,80.4720233643265));
#6399=CARTESIAN_POINT('Ctrl Pts',(-4.10493982959715,20.,80.6232488653371));
#6400=CARTESIAN_POINT('Ctrl Pts',(-19.8066822842912,-0.281275699274737,
100.));
#6401=CARTESIAN_POINT('Ctrl Pts',(-19.8066822842912,-0.220914759693562,
103.253168537892));
#6402=CARTESIAN_POINT('Ctrl Pts',(-18.1732864464361,-0.100192880531212,
109.75639070083));
#6403=CARTESIAN_POINT('Ctrl Pts',(-11.3949157544584,0.0808899382123126,
117.192961789233));
#6404=CARTESIAN_POINT('Ctrl Pts',(-1.90707014775497,0.261972756955836,120.537713556785));
#6405=CARTESIAN_POINT('Ctrl Pts',(8.03526646181697,0.443055575699361,118.996806439241));
#6406=CARTESIAN_POINT('Ctrl Pts',(16.0654931283793,0.624138394442885,112.935903733838));
#6407=CARTESIAN_POINT('Ctrl Pts',(20.2736333693964,0.80522121318641,103.797469575691));
#6408=CARTESIAN_POINT('Ctrl Pts',(19.6582188474447,0.986304031929934,93.755472971244));
#6409=CARTESIAN_POINT('Ctrl Pts',(14.3658037154536,1.16738685067346,85.1991995589234));
#6410=CARTESIAN_POINT('Ctrl Pts',(5.65548216570497,1.34846966941698,80.1642855989203));
#6411=CARTESIAN_POINT('Ctrl Pts',(-4.40036988005227,1.52955248816051,79.8486556090355));
#6412=CARTESIAN_POINT('Ctrl Pts',(-13.4092997927433,1.71063530690403,84.3273901080604));
#6413=CARTESIAN_POINT('Ctrl Pts',(-19.2279123279927,1.89171812564756,92.5349239119959));
#6414=CARTESIAN_POINT('Ctrl Pts',(-20.4718583779088,2.07280094439108,102.518533123434));
#6415=CARTESIAN_POINT('Ctrl Pts',(-16.8451787485401,2.2538837631346,111.902938331175));
#6416=CARTESIAN_POINT('Ctrl Pts',(-9.21072701946795,2.43496658187813,118.455419159058));
#6417=CARTESIAN_POINT('Ctrl Pts',(0.615123262177218,2.61604940062165,120.617022409327));
#6418=CARTESIAN_POINT('Ctrl Pts',(10.2946245272995,2.79713221936518,117.873463413913));
#6419=CARTESIAN_POINT('Ctrl Pts',(17.5248486312181,2.9782150381087,110.87748452995));
#6420=CARTESIAN_POINT('Ctrl Pts',(20.5855945524475,3.15929785685223,101.293555504206));
#6421=CARTESIAN_POINT('Ctrl Pts',(18.7486555565431,3.34038067559575,91.4018662571195));
#6422=CARTESIAN_POINT('Ctrl Pts',(12.4510726103776,3.52146349433928,83.5558283922203));
#6423=CARTESIAN_POINT('Ctrl Pts',(3.19115450117071,3.7025463130828,79.6221561013869));
#6424=CARTESIAN_POINT('Ctrl Pts',(-6.82799692923545,3.88362913182633,80.5367411014003));
#6425=CARTESIAN_POINT('Ctrl Pts',(-15.2226445075086,4.06471195056985,86.081987095553));
#6426=CARTESIAN_POINT('Ctrl Pts',(-19.9955498840435,4.24579476931337,94.9385798583863));
#6427=CARTESIAN_POINT('Ctrl Pts',(-20.0111526228083,4.4268775880569,104.999375933043));
#6428=CARTESIAN_POINT('Ctrl Pts',(-15.2657405505071,4.60796040680042,113.870730134292));
#6429=CARTESIAN_POINT('Ctrl Pts',(-6.88833294879006,4.78904322554395,119.441986992084));
#6430=CARTESIAN_POINT('Ctrl Pts',(3.12793353382411,4.97012604428747,120.387643827123));
#6431=CARTESIAN_POINT('Ctrl Pts',(12.4000081068908,5.15120886303099,116.482711790321));
#6432=CARTESIAN_POINT('Ctrl Pts',(18.7218966827828,5.33229168177452,108.656244775472));
#6433=CARTESIAN_POINT('Ctrl Pts',(20.5895077325732,5.51337450051804,98.7703007099209));
#6434=CARTESIAN_POINT('Ctrl Pts',(17.5585028397229,5.69445731926157,89.1769243261841));
#6435=CARTESIAN_POINT('Ctrl Pts',(10.3500128385973,5.8755401380051,82.1585532185707));
#6436=CARTESIAN_POINT('Ctrl Pts',(0.679067758107532,6.05662295674862,79.3849846957709));
#6437=CARTESIAN_POINT('Ctrl Pts',(-9.15343981281192,6.23770577549215,81.5161008278304));
#6438=CARTESIAN_POINT('Ctrl Pts',(-16.8081786493145,6.41878859423567,88.0448705775959));
#6439=CARTESIAN_POINT('Ctrl Pts',(-20.4639480608215,6.59987141297919,97.4179816465208));
#6440=CARTESIAN_POINT('Ctrl Pts',(-19.2509744444658,6.78095423172272,107.405401538892));
#6441=CARTESIAN_POINT('Ctrl Pts',(-13.4578461420502,6.96203705046624,115.63094258932));
#6442=CARTESIAN_POINT('Ctrl Pts',(-4.46285305873237,7.14311986920977,120.137599946117));
#6443=CARTESIAN_POINT('Ctrl Pts',(5.59393341115479,7.32420268795329,119.853158388661));
#6444=CARTESIAN_POINT('Ctrl Pts',(14.3198220399733,7.50528550669681,114.845291703338));
#6445=CARTESIAN_POINT('Ctrl Pts',(19.6387662458417,7.68636832544034,106.305461866897));
#6446=CARTESIAN_POINT('Ctrl Pts',(20.2852930886928,7.86745114418386,96.265448712424));
#6447=CARTESIAN_POINT('Ctrl Pts',(16.1055821498515,8.04853396292739,87.1139527927263));
#6448=CARTESIAN_POINT('Ctrl Pts',(8.09406218917806,8.22961678167092,81.0282803549224));
#6449=CARTESIAN_POINT('Ctrl Pts',(-1.84318142626247,8.41069960041443,79.456322840261));
#6450=CARTESIAN_POINT('Ctrl Pts',(-11.341898874048,8.59178241915797,82.772077346802));
#6451=CARTESIAN_POINT('Ctrl Pts',(-18.1421736312237,8.77286523790148,90.1866659616502));
#6452=CARTESIAN_POINT('Ctrl Pts',(-20.6260974518757,8.95394805664502,99.9360240714802));
#6453=CARTESIAN_POINT('Ctrl Pts',(-18.2026999744885,9.13503087538853,109.700603210752));
#6454=CARTESIAN_POINT('Ctrl Pts',(-11.4485512498022,9.31611369413205,117.157233555977));
#6455=CARTESIAN_POINT('Ctrl Pts',(-1.97058530710209,9.49719651287559,120.531848006479));
#6456=CARTESIAN_POINT('Ctrl Pts',(7.97621848869686,9.6782793316191,119.021564805091));
#6457=CARTESIAN_POINT('Ctrl Pts',(16.0253357755126,9.85936215036264,112.98570761629));
#6458=CARTESIAN_POINT('Ctrl Pts',(20.261736103006,10.0404449691061,103.860315933424));
#6459=CARTESIAN_POINT('Ctrl Pts',(19.6775032813775,10.2215277878497,93.816485333964));
#6460=CARTESIAN_POINT('Ctrl Pts',(14.4116368559981,10.4026106065932,85.2438246098612));
#6461=CARTESIAN_POINT('Ctrl Pts',(5.71698160383968,10.5836934253367,80.1819246556316));
#6462=CARTESIAN_POINT('Ctrl Pts',(-4.33784687791187,10.7647762440803,79.8351029390802));
#6463=CARTESIAN_POINT('Ctrl Pts',(-13.3606232023769,10.9458590628238,84.2858746136538));
#6464=CARTESIAN_POINT('Ctrl Pts',(-19.2046658401096,11.1269418815673,92.4753206723855));
#6465=CARTESIAN_POINT('Ctrl Pts',(-20.4795714455568,11.3080247003108,102.455023914352));
#6466=CARTESIAN_POINT('Ctrl Pts',(-16.8820169375975,11.4891075190543,111.850632604734));
#6467=CARTESIAN_POINT('Ctrl Pts',(-9.26792554160002,11.6701903377979,118.42676165714));
#6468=CARTESIAN_POINT('Ctrl Pts',(0.551172812453875,11.8512731565414,120.618831139144));
#6469=CARTESIAN_POINT('Ctrl Pts',(10.2391371947148,12.0323559752849,117.905308110209));
#6470=CARTESIAN_POINT('Ctrl Pts',(17.4910258168177,12.2134387940285,110.931788732368));
#6471=CARTESIAN_POINT('Ctrl Pts',(20.581483333706,12.394521612772,101.357399277326));
#6472=CARTESIAN_POINT('Ctrl Pts',(18.7752340574463,12.5756044315155,91.4600600059594));
#6473=CARTESIAN_POINT('Ctrl Pts',(12.5020173298425,12.756687250259,83.5945267761634));
#6474=CARTESIAN_POINT('Ctrl Pts',(3.25434476761781,12.9377700690025,79.6321520737418));
#6475=CARTESIAN_POINT('Ctrl Pts',(-6.7675952209367,13.1188528877461,80.5156564406378));
#6476=CARTESIAN_POINT('Ctrl Pts',(-15.1794020157692,13.2999357064896,86.034838223015));
#6477=CARTESIAN_POINT('Ctrl Pts',(-19.9797547787723,13.4810185252331,94.876584343055));
#6478=CARTESIAN_POINT('Ctrl Pts',(-20.0265628451001,13.6621013439766,104.937283628166));
#6479=CARTESIAN_POINT('Ctrl Pts',(-15.30868972995,13.8431841627202,113.823313921265));
#6480=CARTESIAN_POINT('Ctrl Pts',(-6.94860269953388,14.0242669814637,119.420528044771));
#6481=CARTESIAN_POINT('Ctrl Pts',(3.06468247457392,14.2053498002072,120.397247616866));
#6482=CARTESIAN_POINT('Ctrl Pts',(12.3488243090697,14.3864326189507,116.521093401994));
#6483=CARTESIAN_POINT('Ctrl Pts',(18.6949576967911,14.5675154376943,108.714272530105));
#6484=CARTESIAN_POINT('Ctrl Pts',(20.5932228299608,14.7485982564378,98.8341687561185));
#6485=CARTESIAN_POINT('Ctrl Pts',(17.5919881316983,14.9296810751813,89.2314373016658));
#6486=CARTESIAN_POINT('Ctrl Pts',(10.4053015691027,15.1107638939248,82.1907415014047));
#6487=CARTESIAN_POINT('Ctrl Pts',(0.743005739119621,15.2918467126684,79.387190111854));
#6488=CARTESIAN_POINT('Ctrl Pts',(-9.09606458240421,15.4729295314119,81.4877986687715));
#6489=CARTESIAN_POINT('Ctrl Pts',(-16.7710167734617,15.6540123501554,87.9927944385633));
#6490=CARTESIAN_POINT('Ctrl Pts',(-20.4558410215804,15.8350951688989,97.3545213817908));
#6491=CARTESIAN_POINT('Ctrl Pts',(-19.2738510524084,16.0161779876425,107.345655492613));
#6492=CARTESIAN_POINT('Ctrl Pts',(-13.5062636398975,16.197260806386,115.589125424622));
#6493=CARTESIAN_POINT('Ctrl Pts',(-4.52529204654535,16.3783436251295,120.12366072393));
#6494=CARTESIAN_POINT('Ctrl Pts',(5.53232829219504,16.559426443873,119.870413498153));
#6495=CARTESIAN_POINT('Ctrl Pts',(14.2737077703194,16.7405092626166,114.889635849608));
#6496=CARTESIAN_POINT('Ctrl Pts',(19.6191142243697,16.9215920813601,106.366344761141));
#6497=CARTESIAN_POINT('Ctrl Pts',(20.2967789252924,17.1026749001036,96.3283852445891));
#6498=CARTESIAN_POINT('Ctrl Pts',(16.1454730775985,17.2837577188471,87.163969162384));
#6499=CARTESIAN_POINT('Ctrl Pts',(8.15286759547823,17.4648405375907,81.0534768900303));
#6500=CARTESIAN_POINT('Ctrl Pts',(-1.77945273464482,17.6459233563342,79.4507045740212));
#6501=CARTESIAN_POINT('Ctrl Pts',(-11.288408446241,17.8270061750777,82.736981485166));
#6502=CARTESIAN_POINT('Ctrl Pts',(-18.1116491417445,18.0080889938212,90.1304413916867));
#6503=CARTESIAN_POINT('Ctrl Pts',(-20.6257985198894,18.1891718125648,99.8720497696143));
#6504=CARTESIAN_POINT('Ctrl Pts',(-18.2327032155744,18.3702546313083,109.644095487945));
#6505=CARTESIAN_POINT('Ctrl Pts',(-11.5017072053487,18.5513374500518,117.121645407201));
#6506=CARTESIAN_POINT('Ctrl Pts',(-2.03426982379459,18.7324202687953,120.525628671271));
#6507=CARTESIAN_POINT('Ctrl Pts',(7.91720297184716,18.9135030875388,119.046230132958));
#6508=CARTESIAN_POINT('Ctrl Pts',(15.9849370789029,19.0945859062824,113.035315932214));
#6509=CARTESIAN_POINT('Ctrl Pts',(20.2497545465028,19.2756687250259,103.923213326954));
#6510=CARTESIAN_POINT('Ctrl Pts',(19.6964065101766,19.4567515437694,93.8774053478203));
#6511=CARTESIAN_POINT('Ctrl Pts',(14.4577064350734,19.637834362513,85.2888897504484));
#6512=CARTESIAN_POINT('Ctrl Pts',(5.77765421827114,19.8189171812565,80.1991360919387));
#6513=CARTESIAN_POINT('Ctrl Pts',(-0.922897577060406,19.9396390604188,79.9491638900258));
#6514=CARTESIAN_POINT('Ctrl Pts',(-4.10541660186377,20.,80.6234621865516));
#6515=CARTESIAN_POINT('Ctrl Pts',(-19.7628502569859,-0.258458190100713,
100.));
#6516=CARTESIAN_POINT('Ctrl Pts',(-19.7628502569859,-0.198097250519538,
103.245970115018));
#6517=CARTESIAN_POINT('Ctrl Pts',(-18.1330692653331,-0.0773753713571885,
109.734799486148));
#6518=CARTESIAN_POINT('Ctrl Pts',(-11.3696989373731,0.103707447386336,117.154914215881));
#6519=CARTESIAN_POINT('Ctrl Pts',(-1.9028498398844,0.28479026612986,120.492263773555));
#6520=CARTESIAN_POINT('Ctrl Pts',(8.01748453346212,0.465873084873385,118.954766819189));
#6521=CARTESIAN_POINT('Ctrl Pts',(16.0299404097109,0.646955903616909,112.907276730971));
#6522=CARTESIAN_POINT('Ctrl Pts',(20.2287680985679,0.828038722360433,103.789065840239));
#6523=CARTESIAN_POINT('Ctrl Pts',(19.6147154783273,1.00912154110396,93.7692920176196));
#6524=CARTESIAN_POINT('Ctrl Pts',(14.3340123894303,1.19020435984748,85.2319535301389));
#6525=CARTESIAN_POINT('Ctrl Pts',(5.64296666114835,1.37128717859101,80.2081817610353));
#6526=CARTESIAN_POINT('Ctrl Pts',(-4.39063192183943,1.55236999733453,79.8932502582344));
#6527=CARTESIAN_POINT('Ctrl Pts',(-13.3796251964562,1.73345281607806,84.3620733781975));
#6528=CARTESIAN_POINT('Ctrl Pts',(-19.1853612219924,1.91453563482158,92.5514440230624));
#6529=CARTESIAN_POINT('Ctrl Pts',(-20.4265544364107,2.09561845356511,102.512959644123));
#6530=CARTESIAN_POINT('Ctrl Pts',(-16.8079005992515,2.27670127230863,111.876597292121));
#6531=CARTESIAN_POINT('Ctrl Pts',(-9.19034380704116,2.45778409105216,118.414577569834));
#6532=CARTESIAN_POINT('Ctrl Pts',(0.613762002844988,2.63886690979568,120.57139722182));
#6533=CARTESIAN_POINT('Ctrl Pts',(10.2718426645668,2.8199497285392,117.833909684779));
#6534=CARTESIAN_POINT('Ctrl Pts',(17.4860663818165,3.00103254728273,110.853412806038));
#6535=CARTESIAN_POINT('Ctrl Pts',(20.5400389143464,3.18211536602625,101.290692883635));
#6536=CARTESIAN_POINT('Ctrl Pts',(18.7071650392187,3.36319818476978,91.4208938090392));
#6537=CARTESIAN_POINT('Ctrl Pts',(12.4235185576461,3.5442810035133,83.5922191182068));
#6538=CARTESIAN_POINT('Ctrl Pts',(3.18409252007472,3.72536382225683,79.6672519901436));
#6539=CARTESIAN_POINT('Ctrl Pts',(-6.81288666578059,3.90644664100035,80.579813026109));
#6540=CARTESIAN_POINT('Ctrl Pts',(-15.1889570042229,4.08752945974387,86.112787467014));
#6541=CARTESIAN_POINT('Ctrl Pts',(-19.9513000066923,4.2686122784874,94.9497807116656));
#6542=CARTESIAN_POINT('Ctrl Pts',(-19.9668682168104,4.44969509723092,104.988312382746));
#6543=CARTESIAN_POINT('Ctrl Pts',(-15.23195767627,4.63077791597445,113.840034398952));
#6544=CARTESIAN_POINT('Ctrl Pts',(-6.87308916255232,4.81186073471797,119.398962141813));
#6545=CARTESIAN_POINT('Ctrl Pts',(3.12101145986079,4.9929435534615,120.342526251259));
#6546=CARTESIAN_POINT('Ctrl Pts',(12.3725670592044,5.17402637220502,116.44623577544));
#6547=CARTESIAN_POINT('Ctrl Pts',(18.6804653824785,5.35510919094854,108.637088624636));
#6548=CARTESIAN_POINT('Ctrl Pts',(20.5439434346583,5.53619200969207,98.7730220175659));
#6549=CARTESIAN_POINT('Ctrl Pts',(17.5196461140197,5.71727482843559,89.2008756440477));
#6550=CARTESIAN_POINT('Ctrl Pts',(10.3271084022929,5.89835764717912,82.1980360953321));
#6551=CARTESIAN_POINT('Ctrl Pts',(0.677564990482553,6.07944046592265,79.4306054415915));
#6552=CARTESIAN_POINT('Ctrl Pts',(-9.13318337618439,6.26052328466616,81.5570054429115));
#6553=CARTESIAN_POINT('Ctrl Pts',(-16.7709823807426,6.4416061034097,88.0713271148617));
#6554=CARTESIAN_POINT('Ctrl Pts',(-20.4186616247363,6.62268892215321,97.4236956176857));
#6555=CARTESIAN_POINT('Ctrl Pts',(-19.2083723023392,6.80377174089674,107.389013486964));
#6556=CARTESIAN_POINT('Ctrl Pts',(-13.4280641133163,6.98485455964027,115.596351527985));
#6557=CARTESIAN_POINT('Ctrl Pts',(-4.45297682618909,7.16593737838379,120.093035713929));
#6558=CARTESIAN_POINT('Ctrl Pts',(5.58155411332153,7.34702019712732,119.809223621734));
#6559=CARTESIAN_POINT('Ctrl Pts',(14.2881324704123,7.52810301587084,114.812439276627));
#6560=CARTESIAN_POINT('Ctrl Pts',(19.5953059257832,7.70918583461436,106.29150796636));
#6561=CARTESIAN_POINT('Ctrl Pts',(20.2404020136079,7.89026865335789,96.2737132231474));
#6562=CARTESIAN_POINT('Ctrl Pts',(16.0699407176862,8.07135147210141,87.1424694382684));
#6563=CARTESIAN_POINT('Ctrl Pts',(8.07615014068621,8.25243429084494,81.0702645100122));
#6564=CARTESIAN_POINT('Ctrl Pts',(-1.83910249107333,8.43351710958846,79.5017857157474));
#6565=CARTESIAN_POINT('Ctrl Pts',(-11.3167994075659,8.61459992833199,82.8102025030915));
#6566=CARTESIAN_POINT('Ctrl Pts',(-18.1020252500728,8.79568274707551,90.2083827351382));
#6567=CARTESIAN_POINT('Ctrl Pts',(-20.5804521814144,8.97676556581904,99.9361656493318));
#6568=CARTESIAN_POINT('Ctrl Pts',(-18.162417649371,9.15784838456256,109.679135909038));
#6569=CARTESIAN_POINT('Ctrl Pts',(-11.4232157630769,9.33893120330608,117.11926483369));
#6570=CARTESIAN_POINT('Ctrl Pts',(-1.96622442887394,9.52001402204961,120.486411308746));
#6571=CARTESIAN_POINT('Ctrl Pts',(7.95856722669616,9.70109684079313,118.979470343346));
#6572=CARTESIAN_POINT('Ctrl Pts',(15.9898719274719,9.88217965953665,112.956970423631));
#6573=CARTESIAN_POINT('Ctrl Pts',(20.216897159207,10.0632624782802,103.851773107266));
#6574=CARTESIAN_POINT('Ctrl Pts',(19.6339572367911,10.2443452970237,93.8301693670193));
#6575=CARTESIAN_POINT('Ctrl Pts',(14.3797441015099,10.4254281157672,85.2764798233947));
#6576=CARTESIAN_POINT('Ctrl Pts',(5.70433000204548,10.6065109345108,80.2257817842634));
#6577=CARTESIAN_POINT('Ctrl Pts',(-4.3282472823304,10.7875937532543,79.8797275794086));
#6578=CARTESIAN_POINT('Ctrl Pts',(-13.3310563266736,10.9686765719978,84.3206497573764));
#6579=CARTESIAN_POINT('Ctrl Pts',(-19.1621661782887,11.1497593907413,92.4919726844223));
#6580=CARTESIAN_POINT('Ctrl Pts',(-20.4342504351356,11.3308422094849,102.449590980137));
#6581=CARTESIAN_POINT('Ctrl Pts',(-16.8446572659074,11.5119250282284,111.82440731749));
#6582=CARTESIAN_POINT('Ctrl Pts',(-9.2474157496266,11.6930078469719,118.385983486596));
#6583=CARTESIAN_POINT('Ctrl Pts',(0.549953074587611,11.8740906657154,120.573201948933));
#6584=CARTESIAN_POINT('Ctrl Pts',(10.2164781246879,12.055173484459,117.865683909204));
#6585=CARTESIAN_POINT('Ctrl Pts',(17.4523184168397,12.2362563032025,110.907596833998));
#6586=CARTESIAN_POINT('Ctrl Pts',(20.5359367936757,12.417339121946,101.354395371362));
#6587=CARTESIAN_POINT('Ctrl Pts',(18.7336847222642,12.5984219406895,91.4789587759115));
#6588=CARTESIAN_POINT('Ctrl Pts',(12.4743505371464,12.7795047594331,83.630831863158));
#6589=CARTESIAN_POINT('Ctrl Pts',(3.24714294732976,12.9605875781766,79.6772258415486));
#6590=CARTESIAN_POINT('Ctrl Pts',(-6.75261862563296,13.1416703969201,80.5587750254115));
#6591=CARTESIAN_POINT('Ctrl Pts',(-15.145810207524,13.3227532156636,86.0657429342834));
#6592=CARTESIAN_POINT('Ctrl Pts',(-19.9355398557722,13.5038360344072,94.8879223915585));
#6593=CARTESIAN_POINT('Ctrl Pts',(-19.9822443364919,13.6849188531507,104.926357487287));
#6594=CARTESIAN_POINT('Ctrl Pts',(-15.2748118097684,13.8660016718942,113.792723117353));
#6595=CARTESIAN_POINT('Ctrl Pts',(-6.93322553716527,14.0470844906377,119.377550682855));
#6596=CARTESIAN_POINT('Ctrl Pts',(3.05790037433628,14.2281673093813,120.352108787948));
#6597=CARTESIAN_POINT('Ctrl Pts',(12.3214965304251,14.4092501281248,116.484532449133));
#6598=CARTESIAN_POINT('Ctrl Pts',(18.6535860120929,14.5903329468683,108.694987964644));
#6599=CARTESIAN_POINT('Ctrl Pts',(20.5476503105864,14.7714157656118,98.8367487246543));
#6600=CARTESIAN_POINT('Ctrl Pts',(17.5530573035038,14.9524985843554,89.2552679830631));
#6601=CARTESIAN_POINT('Ctrl Pts',(10.3822747795968,15.1335814030989,82.2301531459381));
#6602=CARTESIAN_POINT('Ctrl Pts',(0.741361477620551,15.3146642218424,79.4328059771191));
#6603=CARTESIAN_POINT('Ctrl Pts',(-9.07593511637383,15.4957470405859,81.528765916142));
#6604=CARTESIAN_POINT('Ctrl Pts',(-16.7339027436108,15.6768298593295,88.0193662196099));
#6605=CARTESIAN_POINT('Ctrl Pts',(-20.4105725262618,15.8579126780729,97.3603757896499));
#6606=CARTESIAN_POINT('Ctrl Pts',(-19.2311982846624,16.0389954968165,107.329399657865));
#6607=CARTESIAN_POINT('Ctrl Pts',(-13.4763744639059,16.22007831556,115.554626904098));
#6608=CARTESIAN_POINT('Ctrl Pts',(-4.51527763737871,16.4011611343035,120.079127339049));
#6609=CARTESIAN_POINT('Ctrl Pts',(5.52008532564291,16.5822439530471,119.826440545906));
#6610=CARTESIAN_POINT('Ctrl Pts',(14.2421202510066,16.7633267717906,114.85668528991));
#6611=CARTESIAN_POINT('Ctrl Pts',(19.5756973939595,16.9444095905341,106.352256127596));
#6612=CARTESIAN_POINT('Ctrl Pts',(20.2518624322195,17.1254924092776,96.3365104776299));
#6613=CARTESIAN_POINT('Ctrl Pts',(16.1097433673361,17.3065752280212,87.1923751223888));
#6614=CARTESIAN_POINT('Ctrl Pts',(8.13482541147361,17.4876580467647,81.0954052855298));
#6615=CARTESIAN_POINT('Ctrl Pts',(-1.77551483026442,17.6687408655082,79.496179882662));
#6616=CARTESIAN_POINT('Ctrl Pts',(-11.2634273531602,17.8498236842517,82.7751843080984));
#6617=CARTESIAN_POINT('Ctrl Pts',(-18.0715683112368,18.0309065029953,90.1522825894105));
#6618=CARTESIAN_POINT('Ctrl Pts',(-20.580153910216,18.2119893217388,99.8723329216477));
#6619=CARTESIAN_POINT('Ctrl Pts',(-18.1923544952066,18.3930721404823,109.622753237186));
#6620=CARTESIAN_POINT('Ctrl Pts',(-11.4762540821599,18.5741549592258,117.083755440711));
#6621=CARTESIAN_POINT('Ctrl Pts',(-2.02976801882029,18.7552377779694,120.480205737424));
#6622=CARTESIAN_POINT('Ctrl Pts',(7.89968232298224,18.9363205967129,119.004081086));
#6623=CARTESIAN_POINT('Ctrl Pts',(15.9495626070481,19.1174034154564,113.006468959429));
#6624=CARTESIAN_POINT('Ctrl Pts',(20.2049421696115,19.2984862341999,103.914531304867));
#6625=CARTESIAN_POINT('Ctrl Pts',(19.6528185276471,19.4795690529435,93.8909545755916));
#6626=CARTESIAN_POINT('Ctrl Pts',(14.4257119447713,19.660651871687,85.3214452153078));
#6627=CARTESIAN_POINT('Ctrl Pts',(5.76486789186237,19.8417346904305,80.2429551752738));
#6628=CARTESIAN_POINT('Ctrl Pts',(-0.920854417131674,19.9624565695928,79.9935360593111));
#6629=CARTESIAN_POINT('Ctrl Pts',(-4.09633134820999,20.022817509174,80.6663423076304));
#6630=CARTESIAN_POINT('Ctrl Pts',(-19.6731763346265,-0.180892712494652,
100.));
#6631=CARTESIAN_POINT('Ctrl Pts',(-19.6731763346264,-0.120531772913477,
103.231250845909));
#6632=CARTESIAN_POINT('Ctrl Pts',(-18.0507922443107,0.00019010624887288,
109.690623239053));
#6633=CARTESIAN_POINT('Ctrl Pts',(-11.3181093827985,0.181272924992398,117.077077375667));
#6634=CARTESIAN_POINT('Ctrl Pts',(-1.89421592237905,0.362355743735921,120.399280256478));
#6635=CARTESIAN_POINT('Ctrl Pts',(7.98110578850295,0.543438562479446,118.868761393173));
#6636=CARTESIAN_POINT('Ctrl Pts',(15.9572055655105,0.72452138122297,112.848710511119));
#6637=CARTESIAN_POINT('Ctrl Pts',(20.1369813978928,0.905604199966494,103.771873345058));
#6638=CARTESIAN_POINT('Ctrl Pts',(19.5257149764593,1.08668701871002,93.7975633780781));
#6639=CARTESIAN_POINT('Ctrl Pts',(14.2689727461033,1.26776983745354,85.2989626139383));
#6640=CARTESIAN_POINT('Ctrl Pts',(5.61736206554761,1.44885265619707,80.2979858296257));
#6641=CARTESIAN_POINT('Ctrl Pts',(-4.37070971454676,1.62993547494059,79.9844833337954));
#6642=CARTESIAN_POINT('Ctrl Pts',(-13.3189160192661,1.81101829368412,84.43302944727));
#6643=CARTESIAN_POINT('Ctrl Pts',(-19.0983088950904,1.99210111242764,92.585241362621));
#6644=CARTESIAN_POINT('Ctrl Pts',(-20.3338702765174,2.17318393117116,102.501557252431));
#6645=CARTESIAN_POINT('Ctrl Pts',(-16.7316358452207,2.35426674991469,111.822708006144));
#6646=CARTESIAN_POINT('Ctrl Pts',(-9.14864322077546,2.53534956865821,118.33102262353));
#6647=CARTESIAN_POINT('Ctrl Pts',(0.610977097756438,2.71643238740174,120.478055847229));
#6648=CARTESIAN_POINT('Ctrl Pts',(10.2252348476566,2.89751520614526,117.752989481362));
#6649=CARTESIAN_POINT('Ctrl Pts',(17.40672449479,3.07859802488879,110.804166152535));
#6650=CARTESIAN_POINT('Ctrl Pts',(20.4468398259077,3.25968084363231,101.284836448746));
#6651=CARTESIAN_POINT('Ctrl Pts',(18.6222824965833,3.44076366237584,91.4598209444787));
#6652=CARTESIAN_POINT('Ctrl Pts',(12.3671476515544,3.62184648111937,83.6666683550246));
#6653=CARTESIAN_POINT('Ctrl Pts',(3.16964490770146,3.80292929986288,79.7595105096078));
#6654=CARTESIAN_POINT('Ctrl Pts',(-6.78197363637879,3.98401211860641,80.6679308593211));
#6655=CARTESIAN_POINT('Ctrl Pts',(-15.1200381013422,4.16509493734993,86.1757997891625));
#6656=CARTESIAN_POINT('Ctrl Pts',(-19.8607722826938,4.34617775609346,94.9726957526759));
#6657=CARTESIAN_POINT('Ctrl Pts',(-19.8762698530728,4.52726057483699,104.965678240286));
#6658=CARTESIAN_POINT('Ctrl Pts',(-15.1628436606414,4.7083433935805,113.777236144514));
#6659=CARTESIAN_POINT('Ctrl Pts',(-6.84190296824338,4.88942621232404,119.310940614893));
#6660=CARTESIAN_POINT('Ctrl Pts',(3.10685007368849,5.07050903106756,120.250223363663));
#6661=CARTESIAN_POINT('Ctrl Pts',(12.3164273422179,5.25159184981108,116.371612052043));
#6662=CARTESIAN_POINT('Ctrl Pts',(18.5957039877954,5.43267466855461,108.597898397688));
#6663=CARTESIAN_POINT('Ctrl Pts',(20.4507266297148,5.61375748729813,98.7785893502263));
#6664=CARTESIAN_POINT('Ctrl Pts',(17.4401518611425,5.79484030604165,89.2498759672744));
#6665=CARTESIAN_POINT('Ctrl Pts',(10.2802498207051,5.97592312478518,82.2788113467919));
#6666=CARTESIAN_POINT('Ctrl Pts',(0.674490583480056,6.1570059435287,79.5239377293511));
#6667=CARTESIAN_POINT('Ctrl Pts',(-9.0917421516211,6.33808876227223,81.6406893291949));
#6668=CARTESIAN_POINT('Ctrl Pts',(-16.6948851407814,6.51917158101575,88.1254526909523));
#6669=CARTESIAN_POINT('Ctrl Pts',(-20.3260132778434,6.70025439975928,97.4353854309798));
#6670=CARTESIAN_POINT('Ctrl Pts',(-19.1212155643992,6.8813372185028,107.355486319645));
#6671=CARTESIAN_POINT('Ctrl Pts',(-13.3671351472099,7.06242003724633,115.525584098994));
#6672=CARTESIAN_POINT('Ctrl Pts',(-4.4327717339416,7.24350285598984,120.001864873393));
#6673=CARTESIAN_POINT('Ctrl Pts',(5.55622817515791,7.42458567473338,119.719340560077));
#6674=CARTESIAN_POINT('Ctrl Pts',(14.2233010001672,7.6056684934769,114.745228798406));
#6675=CARTESIAN_POINT('Ctrl Pts',(19.5063935017346,7.78675131222043,106.26296065884));
#6676=CARTESIAN_POINT('Ctrl Pts',(20.1485625080874,7.96783413096394,96.2906210066382));
#6677=CARTESIAN_POINT('Ctrl Pts',(15.9970244085998,8.14891694970747,87.2008096455534));
#6678=CARTESIAN_POINT('Ctrl Pts',(8.03950513556568,8.329999768451,81.1561569515687));
#6679=CARTESIAN_POINT('Ctrl Pts',(-1.83075768333342,8.51108258719452,79.5947950276501));
#6680=CARTESIAN_POINT('Ctrl Pts',(-11.2654501675179,8.69216540593804,82.8882000893574));
#6681=CARTESIAN_POINT('Ctrl Pts',(-18.0198884898064,8.87324822468158,90.2528115605759));
#6682=CARTESIAN_POINT('Ctrl Pts',(-20.487069720411,9.05433104342509,99.9364552935391));
#6683=CARTESIAN_POINT('Ctrl Pts',(-18.0800068625272,9.23541386216862,109.635217460424));
#6684=CARTESIAN_POINT('Ctrl Pts',(-11.3713836657485,9.41649668091214,117.041587284788));
#6685=CARTESIAN_POINT('Ctrl Pts',(-1.95730281362297,9.59757949965566,120.393455552076));
#6686=CARTESIAN_POINT('Ctrl Pts',(7.9224557463876,9.7786623183992,118.893352233133));
#6687=CARTESIAN_POINT('Ctrl Pts',(15.9173189253048,9.95974513714271,112.898179014451));
#6688=CARTESIAN_POINT('Ctrl Pts',(20.125164305432,10.1408279558862,103.834295937726));
#6689=CARTESIAN_POINT('Ctrl Pts',(19.5448694349369,10.3219107746298,93.858164571566));
#6690=CARTESIAN_POINT('Ctrl Pts',(14.3144969494569,10.5029935933733,85.3432868369923));
#6691=CARTESIAN_POINT('Ctrl Pts',(5.67844697628535,10.6840764121168,80.3155060111718));
#6692=CARTESIAN_POINT('Ctrl Pts',(-4.30860814226231,10.8651592308603,79.9710220047269));
#6693=CARTESIAN_POINT('Ctrl Pts',(-13.2705675270794,11.0462420496039,84.3917937876282));
#6694=CARTESIAN_POINT('Ctrl Pts',(-19.0752190976263,11.2273248683474,92.5260398692359));
#6695=CARTESIAN_POINT('Ctrl Pts',(-20.3415313550312,11.4084076870909,102.43847612065));
#6696=CARTESIAN_POINT('Ctrl Pts',(-16.7682257309546,11.5894905058344,111.77075483962));
#6697=CARTESIAN_POINT('Ctrl Pts',(-9.20545620311078,11.770573324578,118.30255828433));
#6698=CARTESIAN_POINT('Ctrl Pts',(0.547457698339843,11.9516561433215,120.479852385387));
#6699=CARTESIAN_POINT('Ctrl Pts',(10.1701215207775,12.132738962065,117.784619532375));
#6700=CARTESIAN_POINT('Ctrl Pts',(17.3731296590022,12.3138217808085,110.858104323969));
#6701=CARTESIAN_POINT('Ctrl Pts',(20.442756318344,12.4949045995521,101.348249890601));
#6702=CARTESIAN_POINT('Ctrl Pts',(18.6486818482939,12.6759874182956,91.5176224453391));
#6703=CARTESIAN_POINT('Ctrl Pts',(12.4177489842596,12.8570702370391,83.7051058971649));
#6704=CARTESIAN_POINT('Ctrl Pts',(3.23240924775024,13.0381530557826,79.7694391053099));
#6705=CARTESIAN_POINT('Ctrl Pts',(-6.72197905853691,13.2192358745261,80.6469883171822));
#6706=CARTESIAN_POINT('Ctrl Pts',(-15.0770870804225,13.4003186932697,86.1289687179338));
#6707=CARTESIAN_POINT('Ctrl Pts',(-19.8450836424317,13.5814015120132,94.9111181106666));
#6708=CARTESIAN_POINT('Ctrl Pts',(-19.8915762046129,13.7624843307567,104.904004461129));
#6709=CARTESIAN_POINT('Ctrl Pts',(-15.2055033463009,13.9435671495003,113.730139534773));
#6710=CARTESIAN_POINT('Ctrl Pts',(-6.90176647797429,14.1246499682438,119.289626309035));
#6711=CARTESIAN_POINT('Ctrl Pts',(3.044025350603,14.3057327869873,120.259762420216));
#6712=CARTESIAN_POINT('Ctrl Pts',(12.2655885426358,14.4868156057308,116.409734957075));
#6713=CARTESIAN_POINT('Ctrl Pts',(18.5689465808018,14.6678984244743,108.655535023213));
#6714=CARTESIAN_POINT('Ctrl Pts',(20.4544166859349,14.8489812432179,98.8420269015329));
#6715=CARTESIAN_POINT('Ctrl Pts',(17.473411449531,15.0300640619614,89.304021504595));
#6716=CARTESIAN_POINT('Ctrl Pts',(10.3351658841659,15.2111468807049,82.3107826683732));
#6717=CARTESIAN_POINT('Ctrl Pts',(0.737997598213975,15.3922296994485,79.526128280092));
#6718=CARTESIAN_POINT('Ctrl Pts',(-9.03475365206006,15.573312518192,81.6125779374385));
#6719=CARTESIAN_POINT('Ctrl Pts',(-16.657973750087,15.7543953369355,88.0737275648772));
#6720=CARTESIAN_POINT('Ctrl Pts',(-20.3179608831272,15.935478155679,97.3723529125389));
#6721=CARTESIAN_POINT('Ctrl Pts',(-19.1439379753129,16.1165609744226,107.296142984411));
#6722=CARTESIAN_POINT('Ctrl Pts',(-13.4152262927347,16.297643793166,115.48404879787));
#6723=CARTESIAN_POINT('Ctrl Pts',(-4.49478985925196,16.4787266119096,119.988019606857));
#6724=CARTESIAN_POINT('Ctrl Pts',(5.49503829808414,16.6598094306531,119.736479363578));
#6725=CARTESIAN_POINT('Ctrl Pts',(14.1774975582392,16.8408922493966,114.789274048283));
#6726=CARTESIAN_POINT('Ctrl Pts',(19.4868739422862,17.0219750681402,106.323433179258));
#6727=CARTESIAN_POINT('Ctrl Pts',(20.1599709259187,17.2030578868837,96.3531333226582));
#6728=CARTESIAN_POINT('Ctrl Pts',(16.0366464560714,17.3841407056272,87.2504888859065));
#6729=CARTESIAN_POINT('Ctrl Pts',(8.09791417163858,17.5652235243707,81.1811836524081));
#6730=CARTESIAN_POINT('Ctrl Pts',(-1.7674585484155,17.7463063431143,79.5892146307629));
#6731=CARTESIAN_POINT('Ctrl Pts',(-11.2123202832575,17.9273891618578,82.8533407869484));
#6732=CARTESIAN_POINT('Ctrl Pts',(-17.9895697515543,18.1084719806013,90.1969659659989));
#6733=CARTESIAN_POINT('Ctrl Pts',(-20.4867727940621,18.2895547993449,99.8729122018986));
#6734=CARTESIAN_POINT('Ctrl Pts',(-18.1098078891919,18.4706376180883,109.579090622895));
#6735=CARTESIAN_POINT('Ctrl Pts',(-11.4241812917861,18.6517204368319,117.006239010076));
#6736=CARTESIAN_POINT('Ctrl Pts',(-2.02055814992857,18.8328032555754,120.387278144805));
#6737=CARTESIAN_POINT('Ctrl Pts',(7.86383817364096,19.013886074319,118.917851292603));
#6738=CARTESIAN_POINT('Ctrl Pts',(15.8771922125578,19.1949688930625,112.94745298134));
#6739=CARTESIAN_POINT('Ctrl Pts',(20.1132641557573,19.376051711806,103.896769318359));
#6740=CARTESIAN_POINT('Ctrl Pts',(19.5636439359075,19.5571345305495,93.9186740843842));
#6741=CARTESIAN_POINT('Ctrl Pts',(14.360258687874,19.738217349293,85.3880479704844));
#6742=CARTESIAN_POINT('Ctrl Pts',(5.7387049400467,19.9193001680366,80.3326019763768));
#6743=CARTESIAN_POINT('Ctrl Pts',(-0.916666924549345,20.0400220471989,80.0843134471358));
#6744=CARTESIAN_POINT('Ctrl Pts',(-4.07774424693151,20.1003829867801,80.7540687689599));
#6745=CARTESIAN_POINT('Ctrl Pts',(-19.636,-0.0658872483713968,100.));
#6746=CARTESIAN_POINT('Ctrl Pts',(-19.636,-0.00552630879022187,103.225094559458));
#6747=CARTESIAN_POINT('Ctrl Pts',(-18.0166721824829,0.115195570372128,109.672335681534));
#6748=CARTESIAN_POINT('Ctrl Pts',(-11.2967191751874,0.296278389115653,117.044787627114));
#6749=CARTESIAN_POINT('Ctrl Pts',(-1.89063501416153,0.477361207859177,120.360731166145));
#6750=CARTESIAN_POINT('Ctrl Pts',(7.96602075874194,0.658444026602702,118.833095363461));
#6751=CARTESIAN_POINT('Ctrl Pts',(15.927045891449,0.839526845346226,112.824427430014));
#6752=CARTESIAN_POINT('Ctrl Pts',(20.0989214814379,1.02060966408975,103.764743552969));
#6753=CARTESIAN_POINT('Ctrl Pts',(19.4888105162515,1.20169248283328,93.809286653246));
#6754=CARTESIAN_POINT('Ctrl Pts',(14.2420037056261,1.3827753015768,85.326748065878));
#6755=CARTESIAN_POINT('Ctrl Pts',(5.60674500216249,1.56385812032032,80.3352236409319));
#6756=CARTESIAN_POINT('Ctrl Pts',(-4.3624488763078,1.74494093906385,80.0223135403602));
#6757=CARTESIAN_POINT('Ctrl Pts',(-13.2937426492142,1.92602375780737,84.4624517643864));
#6758=CARTESIAN_POINT('Ctrl Pts',(-19.0622122090529,2.1071065765509,92.5992555883138));
#6759=CARTESIAN_POINT('Ctrl Pts',(-20.2954383203807,2.28818939529442,102.496829198995));
#6760=CARTESIAN_POINT('Ctrl Pts',(-16.7000122797553,2.46927221403794,111.800362538366));
#6761=CARTESIAN_POINT('Ctrl Pts',(-9.13135186170266,2.65035503278147,118.296376144085));
#6762=CARTESIAN_POINT('Ctrl Pts',(0.609822322700604,2.83143785152499,120.439351373671));
#6763=CARTESIAN_POINT('Ctrl Pts',(10.2059086807966,3.01252067026852,117.719435510286));
#6764=CARTESIAN_POINT('Ctrl Pts',(17.3738249802136,3.19360348901204,110.783745778529));
#6765=CARTESIAN_POINT('Ctrl Pts',(20.4081943527427,3.37468630775557,101.282408048499));
#6766=CARTESIAN_POINT('Ctrl Pts',(18.587085521164,3.55576912649909,91.4759622779369));
#6767=CARTESIAN_POINT('Ctrl Pts',(12.3437731703713,3.73685194524262,83.6975391074587));
#6768=CARTESIAN_POINT('Ctrl Pts',(3.16365413219202,3.91793476398614,79.7977659710923));
#6769=CARTESIAN_POINT('Ctrl Pts',(-6.76915539246063,4.09901758272966,80.7044693643338));
#6770=CARTESIAN_POINT('Ctrl Pts',(-15.0914605298541,4.2801004014732,86.2019281670882));
#6771=CARTESIAN_POINT('Ctrl Pts',(-19.8232345042885,4.46118322021671,94.9821975902754));
#6772=CARTESIAN_POINT('Ctrl Pts',(-19.8387027835428,4.64226603896024,104.956292878691));
#6773=CARTESIAN_POINT('Ctrl Pts',(-15.1341851846655,4.82334885770376,113.751196530844));
#6774=CARTESIAN_POINT('Ctrl Pts',(-6.82897145511614,5.00443167644729,119.274442043776));
#6775=CARTESIAN_POINT('Ctrl Pts',(3.10097798332141,5.18551449519081,120.211949504698));
#6776=CARTESIAN_POINT('Ctrl Pts',(12.2931487247636,5.36659731393433,116.340668947888));
#6777=CARTESIAN_POINT('Ctrl Pts',(18.5605572469917,5.54768013267787,108.581647971964));
#6778=CARTESIAN_POINT('Ctrl Pts',(20.4120738103016,5.72876295142138,98.7808978728588));
#6779=CARTESIAN_POINT('Ctrl Pts',(17.4071891673158,5.90984577016492,89.270194199014));
#6780=CARTESIAN_POINT('Ctrl Pts',(10.2608196729634,6.09092858890843,82.3123052131568));
#6781=CARTESIAN_POINT('Ctrl Pts',(0.673215765074273,6.27201140765197,79.5626384342976));
#6782=CARTESIAN_POINT('Ctrl Pts',(-9.07455833835613,6.45309422639548,81.6753892756936));
#6783=CARTESIAN_POINT('Ctrl Pts',(-16.6633310355335,6.63417704513901,88.1478961347017));
#6784=CARTESIAN_POINT('Ctrl Pts',(-20.2875961724347,6.81525986388254,97.4402326711585));
#6785=CARTESIAN_POINT('Ctrl Pts',(-19.0850755824047,6.99634268262606,107.341584110224));
#6786=CARTESIAN_POINT('Ctrl Pts',(-13.3418706433969,7.17742550136958,115.496240026808));
#6787=CARTESIAN_POINT('Ctrl Pts',(-4.42439359029739,7.35850832011311,119.964060423464));
#6788=CARTESIAN_POINT('Ctrl Pts',(5.54572664686693,7.53959113885663,119.68207009417));
#6789=CARTESIAN_POINT('Ctrl Pts',(14.1964183032844,7.72067395760016,114.717359633839));
#6790=CARTESIAN_POINT('Ctrl Pts',(19.4695255156196,7.90175677634368,106.251123373461));
#6791=CARTESIAN_POINT('Ctrl Pts',(20.1104807928427,8.08283959508721,96.2976319045374));
#6792=CARTESIAN_POINT('Ctrl Pts',(15.9667892924199,8.26392241383072,87.2250007074342));
#6793=CARTESIAN_POINT('Ctrl Pts',(8.02431009893922,8.44500523257426,81.1917726866763));
#6794=CARTESIAN_POINT('Ctrl Pts',(-1.82729746661819,8.62608805131777,79.633361809025));
#6795=CARTESIAN_POINT('Ctrl Pts',(-11.2441579455437,8.80717087006131,82.9205421828074));
#6796=CARTESIAN_POINT('Ctrl Pts',(-17.9858300669321,8.98825368880483,90.271234197647));
#6797=CARTESIAN_POINT('Ctrl Pts',(-20.448348210875,9.16933650754835,99.936575395974));
#6798=CARTESIAN_POINT('Ctrl Pts',(-18.0458348131473,9.35041932629188,109.617006453684));
#6799=CARTESIAN_POINT('Ctrl Pts',(-11.349891224562,9.53150214503539,117.009377896449));
#6800=CARTESIAN_POINT('Ctrl Pts',(-1.95360342075729,9.71258496377893,120.354910977649));
#6801=CARTESIAN_POINT('Ctrl Pts',(7.90748193852156,9.89366778252245,118.857642923376));
#6802=CARTESIAN_POINT('Ctrl Pts',(15.8872344561756,10.074750601266,112.873800859424));
#6803=CARTESIAN_POINT('Ctrl Pts',(20.0871268138727,10.2558334200095,103.827048941023));
#6804=CARTESIAN_POINT('Ctrl Pts',(19.5079287275282,10.436916238753,93.8697729246567));
#6805=CARTESIAN_POINT('Ctrl Pts',(14.2874418880111,10.6179990574966,85.3709887029132));
#6806=CARTESIAN_POINT('Ctrl Pts',(5.66771444880622,10.7990818762401,80.3527106154466));
#6807=CARTESIAN_POINT('Ctrl Pts',(-4.30046467355039,10.9801646949836,80.0088776997103));
#6808=CARTESIAN_POINT('Ctrl Pts',(-13.2454855405357,11.1612475137271,84.42129401943));
#6809=CARTESIAN_POINT('Ctrl Pts',(-19.0391660510819,11.3423303324706,92.5401659996402));
#6810=CARTESIAN_POINT('Ctrl Pts',(-20.3030849197387,11.5234131512142,102.433867287974));
#6811=CARTESIAN_POINT('Ctrl Pts',(-16.7365330085984,11.7044959699577,111.74850756844));
#6812=CARTESIAN_POINT('Ctrl Pts',(-9.18805746502791,11.8855787887012,118.267965602468));
#6813=CARTESIAN_POINT('Ctrl Pts',(0.546422977963735,12.0666616074447,120.441144516948));
#6814=CARTESIAN_POINT('Ctrl Pts',(10.1508995206172,12.2477444261883,117.751005778714));
#6815=CARTESIAN_POINT('Ctrl Pts',(17.3402936402382,12.4288272449318,110.837582004483));
#6816=CARTESIAN_POINT('Ctrl Pts',(20.404118563188,12.6099100636753,101.345701635935));
#6817=CARTESIAN_POINT('Ctrl Pts',(18.613434976883,12.7909928824188,91.5336545313258));
#6818=CARTESIAN_POINT('Ctrl Pts',(12.3942788642146,12.9720757011624,83.7359040008467));
#6819=CARTESIAN_POINT('Ctrl Pts',(3.22629984473561,13.1531585199059,79.8076758012988));
#6820=CARTESIAN_POINT('Ctrl Pts',(-6.70927420714687,13.3342413386494,80.6835664045637));
#6821=CARTESIAN_POINT('Ctrl Pts',(-15.0485906883505,13.5153241573929,86.1551856087529));
#6822=CARTESIAN_POINT('Ctrl Pts',(-19.8075755162825,13.6964069761365,94.9207363328571));
#6823=CARTESIAN_POINT('Ctrl Pts',(-19.8539802053703,13.87748979488,104.894735665831));
#6824=CARTESIAN_POINT('Ctrl Pts',(-15.1767642415457,14.0585726136235,113.704188935874));
#6825=CARTESIAN_POINT('Ctrl Pts',(-6.88872182004425,14.239655432367,119.253168022942));
#6826=CARTESIAN_POINT('Ctrl Pts',(3.03827200186891,14.4207382511106,120.221470531993));
#6827=CARTESIAN_POINT('Ctrl Pts',(12.2424060128647,14.6018210698541,116.378719798865));
#6828=CARTESIAN_POINT('Ctrl Pts',(18.5338504127352,14.7829038885976,108.639175661601));
#6829=CARTESIAN_POINT('Ctrl Pts',(20.4157568921448,14.9639867073411,98.8442155242587));
#6830=CARTESIAN_POINT('Ctrl Pts',(17.4403858935435,15.1450695260847,89.3242373987643));
#6831=CARTESIAN_POINT('Ctrl Pts',(10.315631942524,15.3261523448282,82.3442161074612));
#6832=CARTESIAN_POINT('Ctrl Pts',(0.736602748611848,15.5072351635717,79.5648248447964));
#6833=CARTESIAN_POINT('Ctrl Pts',(-9.0176775496945,15.6883179823152,81.647331015768));
#6834=CARTESIAN_POINT('Ctrl Pts',(-16.6264894090774,15.8694008010588,88.0962687715081));
#6835=CARTESIAN_POINT('Ctrl Pts',(-20.2795589971123,16.0504836198023,97.377319287093));
#6836=CARTESIAN_POINT('Ctrl Pts',(-19.1077550469201,16.2315664385458,107.28235293664));
#6837=CARTESIAN_POINT('Ctrl Pts',(-13.3898708944126,16.4126492572893,115.454783229324));
#6838=CARTESIAN_POINT('Ctrl Pts',(-4.48629449852084,16.5937320760329,119.950241325126));
#6839=CARTESIAN_POINT('Ctrl Pts',(5.48465242157064,16.7748148947764,119.699176504533));
#6840=CARTESIAN_POINT('Ctrl Pts',(14.1507014318202,16.9558977135199,114.761321636172));
#6841=CARTESIAN_POINT('Ctrl Pts',(19.450042849367,17.1369805322634,106.311481597987));
#6842=CARTESIAN_POINT('Ctrl Pts',(20.1218676475765,17.318063351007,96.3600260694501));
#6843=CARTESIAN_POINT('Ctrl Pts',(16.0063364537276,17.4991461697505,87.2745860515994));
#6844=CARTESIAN_POINT('Ctrl Pts',(8.08260873651592,17.680228988494,81.2167520861477));
#6845=CARTESIAN_POINT('Ctrl Pts',(-1.76411796448421,17.8613118072375,79.62779195883));
#6846=CARTESIAN_POINT('Ctrl Pts',(-11.1911284903984,18.0423946259811,82.8857487671396));
#6847=CARTESIAN_POINT('Ctrl Pts',(-17.9555686098268,18.2234774447246,90.2154941517033));
#6848=CARTESIAN_POINT('Ctrl Pts',(-20.4480518917203,18.4045602634681,99.8731524080249));
#6849=CARTESIAN_POINT('Ctrl Pts',(-18.0755794212007,18.5856430822116,109.560985689734));
#6850=CARTESIAN_POINT('Ctrl Pts',(-11.402589249892,18.7667259009551,116.974096449341));
#6851=CARTESIAN_POINT('Ctrl Pts',(-2.01673881765067,18.9478087196987,120.348745209998));
#6852=CARTESIAN_POINT('Ctrl Pts',(7.84897437693482,19.1288915384422,118.882095751448));
#6853=CARTESIAN_POINT('Ctrl Pts',(15.8471851645655,19.3099743571857,112.922981548233));
#6854=CARTESIAN_POINT('Ctrl Pts',(20.0752459508816,19.4910571759292,103.889404544341));
#6855=CARTESIAN_POINT('Ctrl Pts',(19.5266742518409,19.6721399946728,93.9301674620055));
#6856=CARTESIAN_POINT('Ctrl Pts',(14.3331038210129,19.8532228134163,85.4156664796595));
#6857=CARTESIAN_POINT('Ctrl Pts',(5.727886748569,20.0343056321598,80.3697715891308));
#6858=CARTESIAN_POINT('Ctrl Pts',(-0.914983814593144,20.1550275113222,80.1219584582264));
#6859=CARTESIAN_POINT('Ctrl Pts',(-4.07003854745185,20.2153884509033,80.7904377399625));
#6860=CARTESIAN_POINT('Ctrl Pts',(-19.636,0.,100.));
#6861=CARTESIAN_POINT('Ctrl Pts',(-19.636,0.060360939581175,103.225134653708));
#6862=CARTESIAN_POINT('Ctrl Pts',(-18.016679802313,0.181082818743525,109.672315890756));
#6863=CARTESIAN_POINT('Ctrl Pts',(-11.2967211036652,0.36216563748705,117.044803003738));
#6864=CARTESIAN_POINT('Ctrl Pts',(-1.89063614409649,0.543248456230573,120.360731676949));
#6865=CARTESIAN_POINT('Ctrl Pts',(7.96602328343372,0.724331274974099,118.833103186433));
#6866=CARTESIAN_POINT('Ctrl Pts',(15.9270502015903,0.905414093717622,112.824429759198));
#6867=CARTESIAN_POINT('Ctrl Pts',(20.0989271765719,1.08649691246115,103.764745226787));
#6868=CARTESIAN_POINT('Ctrl Pts',(19.4888159333262,1.26757973120467,93.8092846153289));
#6869=CARTESIAN_POINT('Ctrl Pts',(14.2420077076902,1.4486625499482,85.3267441114316));
#6870=CARTESIAN_POINT('Ctrl Pts',(5.60674656218715,1.62974536869172,80.3352180648391));
#6871=CARTESIAN_POINT('Ctrl Pts',(-4.36245009257482,1.81082818743525,80.0223079877035));
#6872=CARTESIAN_POINT('Ctrl Pts',(-13.2937463705941,1.99191100617877,84.4624473992698));
#6873=CARTESIAN_POINT('Ctrl Pts',(-19.0622175411936,2.17299382492229,92.5992535266591));
#6874=CARTESIAN_POINT('Ctrl Pts',(-20.2954439990908,2.35407664366582,102.496829893161));
#6875=CARTESIAN_POINT('Ctrl Pts',(-16.7000169517875,2.53515946240934,111.800365842002));
#6876=CARTESIAN_POINT('Ctrl Pts',(-9.13135441657056,2.71624228115287,118.296381261928));
#6877=CARTESIAN_POINT('Ctrl Pts',(0.609822493375946,2.89732509989639,120.439357092662));
#6878=CARTESIAN_POINT('Ctrl Pts',(10.2059115361473,3.07840791863992,117.719440467521));
#6879=CARTESIAN_POINT('Ctrl Pts',(17.3738298410289,3.25949073738344,110.783748795703));
#6880=CARTESIAN_POINT('Ctrl Pts',(20.4082000624833,3.44057355612696,101.282408407224));
#6881=CARTESIAN_POINT('Ctrl Pts',(18.5870907214108,3.62165637487049,91.4759598931364));
#6882=CARTESIAN_POINT('Ctrl Pts',(12.3437766238761,3.80273919361401,83.6975345463861));
#6883=CARTESIAN_POINT('Ctrl Pts',(3.16365501731125,3.98382201235754,79.797760318975));
#6884=CARTESIAN_POINT('Ctrl Pts',(-6.76915728631656,4.16490483110106,80.70446396588));
#6885=CARTESIAN_POINT('Ctrl Pts',(-15.0914647521008,4.34598764984459,86.2019243067038));
#6886=CARTESIAN_POINT('Ctrl Pts',(-19.8232400503781,4.52707046858811,94.9821961864078));
#6887=CARTESIAN_POINT('Ctrl Pts',(-19.8387083339599,4.70815328733164,104.95629426535));
#6888=CARTESIAN_POINT('Ctrl Pts',(-15.1341894188659,4.88923610607516,113.751200378116));
#6889=CARTESIAN_POINT('Ctrl Pts',(-6.82897336570682,5.07031892481868,119.274447436326));
#6890=CARTESIAN_POINT('Ctrl Pts',(3.10097885090443,5.25140174356221,120.211955159542));
#6891=CARTESIAN_POINT('Ctrl Pts',(12.2931521641066,5.43248456230573,116.340673519635));
#6892=CARTESIAN_POINT('Ctrl Pts',(18.5605624398129,5.61356738104926,108.581650372914));
#6893=CARTESIAN_POINT('Ctrl Pts',(20.4120795211349,5.79465019979279,98.7808975317818));
#6894=CARTESIAN_POINT('Ctrl Pts',(17.4071940374509,5.9757330185363,89.2701911970588));
#6895=CARTESIAN_POINT('Ctrl Pts',(10.260822543707,6.15681583727984,82.3123002645427));
#6896=CARTESIAN_POINT('Ctrl Pts',(0.673215953424717,6.33789865602335,79.5626327163893));
#6897=CARTESIAN_POINT('Ctrl Pts',(-9.07456087721087,6.51898147476688,81.675384148885));
#6898=CARTESIAN_POINT('Ctrl Pts',(-16.663335697554,6.70006429351041,88.147892818753));
#6899=CARTESIAN_POINT('Ctrl Pts',(-20.287601848442,6.88114711225393,97.4402319549939));
#6900=CARTESIAN_POINT('Ctrl Pts',(-19.0850809219742,7.06222993099745,107.341586164232));
#6901=CARTESIAN_POINT('Ctrl Pts',(-13.3418743761484,7.24331274974099,115.496244362303));
#6902=CARTESIAN_POINT('Ctrl Pts',(-4.42439482814195,7.4243955684845,119.964066008954));
#6903=CARTESIAN_POINT('Ctrl Pts',(5.54572819843493,7.60547838722803,119.682075600765));
#6904=CARTESIAN_POINT('Ctrl Pts',(14.196422275119,7.78656120597155,114.717363751421));
#6905=CARTESIAN_POINT('Ctrl Pts',(19.4695309627494,7.96764402471508,106.251125122383));
#6906=CARTESIAN_POINT('Ctrl Pts',(20.1104864192971,8.1487268434586,96.2976308686993));
#6907=CARTESIAN_POINT('Ctrl Pts',(15.9667937595638,8.32980966220213,87.2249971332803));
#6908=CARTESIAN_POINT('Ctrl Pts',(8.02431234395841,8.51089248094565,81.1917674245626));
#6909=CARTESIAN_POINT('Ctrl Pts',(-1.82729797785439,8.69197529968917,79.6333561109035));
#6910=CARTESIAN_POINT('Ctrl Pts',(-11.244161091403,8.8730581184327,82.9205374043642));
#6911=CARTESIAN_POINT('Ctrl Pts',(-17.9858350989577,9.05414093717623,90.2712314757598));
#6912=CARTESIAN_POINT('Ctrl Pts',(-20.4483539318571,9.23522375591975,99.9365753782293));
#6913=CARTESIAN_POINT('Ctrl Pts',(-18.0458398619609,9.41630657466327,109.617009144303));
#6914=CARTESIAN_POINT('Ctrl Pts',(-11.349894400003,9.59738939340679,117.009382655285));
#6915=CARTESIAN_POINT('Ctrl Pts',(-1.95360396733104,9.77847221215033,120.354916672489));
#6916=CARTESIAN_POINT('Ctrl Pts',(7.90748415085492,9.95955503089384,118.857648199315));
#6917=CARTESIAN_POINT('Ctrl Pts',(15.8872389010619,10.1406378496374,112.87380446122));
#6918=CARTESIAN_POINT('Ctrl Pts',(20.0871324337933,10.3217206683809,103.827050011744));
#6919=CARTESIAN_POINT('Ctrl Pts',(19.5079341854024,10.5028034871244,93.8697712095589));
#6920=CARTESIAN_POINT('Ctrl Pts',(14.287445885312,10.6838863058679,85.370984610049));
#6921=CARTESIAN_POINT('Ctrl Pts',(5.66771603450363,10.8649691246115,80.3527051185825));
#6922=CARTESIAN_POINT('Ctrl Pts',(-4.30046587672246,11.046051943355,80.0088721066497));
#6923=CARTESIAN_POINT('Ctrl Pts',(-13.2454892463209,11.2271347620985,84.4212896608628));
#6924=CARTESIAN_POINT('Ctrl Pts',(-19.0391713778069,11.408217580842,92.5401639125487));
#6925=CARTESIAN_POINT('Ctrl Pts',(-20.3030906000794,11.5893003995856,102.433867968915));
#6926=CARTESIAN_POINT('Ctrl Pts',(-16.7365376910991,11.7703832183291,111.748510855405));
#6927=CARTESIAN_POINT('Ctrl Pts',(-9.18806003563712,11.9514660370726,118.267970713428));
#6928=CARTESIAN_POINT('Ctrl Pts',(0.546423130840432,12.1325488558161,120.441150235914));
#6929=CARTESIAN_POINT('Ctrl Pts',(10.1509023606077,12.3136316745597,117.751010745041));
#6930=CARTESIAN_POINT('Ctrl Pts',(17.3402984916574,12.4947144933032,110.837585036592));
#6931=CARTESIAN_POINT('Ctrl Pts',(20.4041242717957,12.6757973120467,101.345702012432));
#6932=CARTESIAN_POINT('Ctrl Pts',(18.6134401844982,12.8568801307902,91.5336521626352));
#6933=CARTESIAN_POINT('Ctrl Pts',(12.3942823318516,13.0379629495338,83.7358994505232));
#6934=CARTESIAN_POINT('Ctrl Pts',(3.22630074738083,13.2190457682773,79.8076701519464));
#6935=CARTESIAN_POINT('Ctrl Pts',(-6.70927608424899,13.4001285870208,80.6835610002655));
#6936=CARTESIAN_POINT('Ctrl Pts',(-15.0485948986035,13.5812114057643,86.1551817352891));
#6937=CARTESIAN_POINT('Ctrl Pts',(-19.807581057991,13.7622942245079,94.9207349117948));
#6938=CARTESIAN_POINT('Ctrl Pts',(-19.8539857600618,13.9433770432514,104.894737035266));
#6939=CARTESIAN_POINT('Ctrl Pts',(-15.1767684876587,14.1244598619949,113.704192769994));
#6940=CARTESIAN_POINT('Ctrl Pts',(-6.88872374735171,14.3055426807384,119.25317340954));
#6941=CARTESIAN_POINT('Ctrl Pts',(3.03827285190821,14.486625499482,120.2214761895));
#6942=CARTESIAN_POINT('Ctrl Pts',(12.242409438011,14.6677083182255,116.378724381258));
#6943=CARTESIAN_POINT('Ctrl Pts',(18.5338555980844,14.848791136969,108.639178078645));
#6944=CARTESIAN_POINT('Ctrl Pts',(20.4157626040085,15.0298739557125,98.8442152008966));
#6945=CARTESIAN_POINT('Ctrl Pts',(17.4403907729663,15.2109567744561,89.3242344119289));
#6946=CARTESIAN_POINT('Ctrl Pts',(10.3156348286026,15.3920395931996,82.3442111677751));
#6947=CARTESIAN_POINT('Ctrl Pts',(0.736602954696967,15.5731224119431,79.5648191274997));
#6948=CARTESIAN_POINT('Ctrl Pts',(-9.0176800726362,15.7542052306866,81.6473258811094));
#6949=CARTESIAN_POINT('Ctrl Pts',(-16.6264940607886,15.9352880494302,88.096265441115));
#6950=CARTESIAN_POINT('Ctrl Pts',(-20.2795646708747,16.1163708681737,97.377318553327));
#6951=CARTESIAN_POINT('Ctrl Pts',(-19.1077603928272,16.2974536869172,107.282354974076));
#6952=CARTESIAN_POINT('Ctrl Pts',(-13.3898746406088,16.4785365056607,115.454787553221));
#6953=CARTESIAN_POINT('Ctrl Pts',(-4.48629575365274,16.6596193244043,119.950246906746));
#6954=CARTESIAN_POINT('Ctrl Pts',(5.48465395598833,16.8407021431478,119.699182015919));
#6955=CARTESIAN_POINT('Ctrl Pts',(14.1507053909923,17.0217849618913,114.761325766042));
#6956=CARTESIAN_POINT('Ctrl Pts',(19.4500482907861,17.2028677806348,106.31148336382));
#6957=CARTESIAN_POINT('Ctrl Pts',(20.1218732777439,17.3839505993784,96.3600250510188));
#6958=CARTESIAN_POINT('Ctrl Pts',(16.0063409308667,17.5650334181219,87.2745824914186));
#6959=CARTESIAN_POINT('Ctrl Pts',(8.0826110000148,17.7461162368654,81.2167468308195));
#6960=CARTESIAN_POINT('Ctrl Pts',(-1.76411846244425,17.9271990556089,79.6277862595624));
#6961=CARTESIAN_POINT('Ctrl Pts',(-11.1911316124956,18.1082818743525,82.8857439781258));
#6962=CARTESIAN_POINT('Ctrl Pts',(-17.9555736514922,18.289364693096,90.2154914159176));
#6963=CARTESIAN_POINT('Ctrl Pts',(-20.44805757589,18.4704475118395,99.8731523690949));
#6964=CARTESIAN_POINT('Ctrl Pts',(-18.0755845528438,18.651530330583,109.56098837166));
#6965=CARTESIAN_POINT('Ctrl Pts',(-11.4025922889341,18.8326131493266,116.974101184147));
#6966=CARTESIAN_POINT('Ctrl Pts',(-2.01673968848943,19.0136959680701,120.348750931837));
#6967=CARTESIAN_POINT('Ctrl Pts',(7.84897719485755,19.1947787868136,118.88210097596));
#6968=CARTESIAN_POINT('Ctrl Pts',(15.8471883365483,19.3758616055571,112.922985281991));
#6969=CARTESIAN_POINT('Ctrl Pts',(20.0752541272642,19.5569444243007,103.889405392703));
#6970=CARTESIAN_POINT('Ctrl Pts',(19.5266745173454,19.7380272430442,93.930166250733));
#6971=CARTESIAN_POINT('Ctrl Pts',(14.333118463977,19.9191100617877,85.4156614058833));
#6972=CARTESIAN_POINT('Ctrl Pts',(5.72786580819495,20.1001928805312,80.3697682369016));
#6973=CARTESIAN_POINT('Ctrl Pts',(-0.914944591075246,20.2209147596936,80.1219501477179));
#6974=CARTESIAN_POINT('Ctrl Pts',(-4.07003854745185,20.2812756992747,80.7904377399625));
#6975=CARTESIAN_POINT('',(10.3734367107695,20.,83.3277384015347));
#6976=CARTESIAN_POINT('Ctrl Pts',(-4.10541660186378,20.,80.6234621865516));
#6977=CARTESIAN_POINT('Ctrl Pts',(-2.65229814388839,20.,80.3692945249329));
#6978=CARTESIAN_POINT('Ctrl Pts',(-0.474448909023656,20.,80.118781354637));
#6979=CARTESIAN_POINT('Ctrl Pts',(3.54197576833379,20.,80.6040716848491));
#6980=CARTESIAN_POINT('Ctrl Pts',(4.92155967889811,20.,80.9186908267278));
#6981=CARTESIAN_POINT('Ctrl Pts',(7.69962026935416,20.,81.8683521434338));
#6982=CARTESIAN_POINT('Ctrl Pts',(9.07995718264229,20.,82.5229388881358));
#6983=CARTESIAN_POINT('Ctrl Pts',(10.3734367107695,20.,83.3277384015347));
#6984=CARTESIAN_POINT('',(-19.636,0.,100.));
#6985=CARTESIAN_POINT('Ctrl Pts',(-19.636,-1.13421710502291E-16,100.));
#6986=CARTESIAN_POINT('Ctrl Pts',(-19.636,-1.04286282610451E-16,102.523527115223));
#6987=CARTESIAN_POINT('Ctrl Pts',(-19.160446726449,1.11022302462516E-15,
105.020543420867));
#6988=CARTESIAN_POINT('Ctrl Pts',(-17.0536249837302,1.11022302462516E-15,
110.376037279424));
#6989=CARTESIAN_POINT('Ctrl Pts',(-15.3991664010493,1.10462319416687E-15,
112.474398076134));
#6990=CARTESIAN_POINT('Ctrl Pts',(-14.2831242619471,1.11022302462516E-15,
113.722136292452));
#6991=CARTESIAN_POINT('Ctrl Pts',(-19.636,-3.46944695195361E-17,100.));
#6992=CARTESIAN_POINT('Ctrl Pts',(-19.636,0.060360939581175,103.225134653708));
#6993=CARTESIAN_POINT('Ctrl Pts',(-18.8263399011565,0.12072187916235,106.448725272232));
#6994=CARTESIAN_POINT('Ctrl Pts',(-17.3015167352934,0.181082818743525,109.289268433658));
#6995=CARTESIAN_POINT('Ctrl Pts',(-15.7766935694304,0.2414437583247,112.129811595083));
#6996=CARTESIAN_POINT('Ctrl Pts',(-13.5367073365478,0.301804697905875,114.587307299411));
#6997=CARTESIAN_POINT('Ctrl Pts',(-10.8490333935117,0.36216563748705,116.368709930443));
#6998=CARTESIAN_POINT('Ctrl Pts',(-8.16135945047566,0.422526577068224,118.150112561475));
#6999=CARTESIAN_POINT('Ctrl Pts',(-5.02599779728608,0.482887516649399,119.255422119212));
#7000=CARTESIAN_POINT('Ctrl Pts',(-1.81554039943625,0.543248456230574,119.553472149661));
#7001=CARTESIAN_POINT('Ctrl Pts',(1.39491699841358,0.603609395811749,119.85152218011));
#7002=CARTESIAN_POINT('Ctrl Pts',(4.68047014092365,0.663970335392924,119.342312683272));
#7003=CARTESIAN_POINT('Ctrl Pts',(7.65008453187144,0.724331274974098,118.086262363646));
#7004=CARTESIAN_POINT('Ctrl Pts',(10.6196989228192,0.784692214555273,116.830212044021));
#7005=CARTESIAN_POINT('Ctrl Pts',(13.2733745622048,0.845053154136447,114.827320901609));
#7006=CARTESIAN_POINT('Ctrl Pts',(15.2955252110611,0.905414093717622,112.315927908335));
#7007=CARTESIAN_POINT('Ctrl Pts',(17.3176758599175,0.965775033298797,109.804534915061));
#7008=CARTESIAN_POINT('Ctrl Pts',(18.7083015182447,1.02613597287997,106.784640070924));
#7009=CARTESIAN_POINT('Ctrl Pts',(19.3019291402007,1.08649691246115,103.615449213613));
#7010=CARTESIAN_POINT('Ctrl Pts',(19.8955567621567,1.14685785204232,100.446258356301));
#7011=CARTESIAN_POINT('Ctrl Pts',(19.6921863477415,1.2072187916235,97.127771485815));
#7012=CARTESIAN_POINT('Ctrl Pts',(18.7160331029278,1.26757973120467,94.0547712999224));
#7013=CARTESIAN_POINT('Ctrl Pts',(17.7398798581142,1.32794067078585,90.9817711140298));
#7014=CARTESIAN_POINT('Ctrl Pts',(15.9909437829022,1.38830161036702,88.1542576127307));
#7015=CARTESIAN_POINT('Ctrl Pts',(13.677265554379,1.4486625499482,85.9085798543157));
#7016=CARTESIAN_POINT('Ctrl Pts',(11.3635873258558,1.50902348952937,83.6629020959008));
#7017=CARTESIAN_POINT('Ctrl Pts',(8.48516694402148,1.56938442911055,81.9990600803699));
#7018=CARTESIAN_POINT('Ctrl Pts',(5.38442397731065,1.62974536869172,81.1149873930819));
#7019=CARTESIAN_POINT('Ctrl Pts',(2.28368101059982,1.6901063082729,80.2309147057939));
#7020=CARTESIAN_POINT('Ctrl Pts',(-1.0393845409875,1.75046724785407,80.1266113467487));
#7021=CARTESIAN_POINT('Ctrl Pts',(-4.18946669645104,1.81082818743525,80.8144829024872));
#7022=CARTESIAN_POINT('Ctrl Pts',(-7.33954885191458,1.87118912701642,81.5023544582256));
#7023=CARTESIAN_POINT('Ctrl Pts',(-10.3166476112543,1.93155006659759,82.9824009287478));
#7024=CARTESIAN_POINT('Ctrl Pts',(-12.7666088526908,1.99191100617877,85.0785585185737));
#7025=CARTESIAN_POINT('Ctrl Pts',(-15.2165700941273,2.05227194575994,87.1747161083996));
#7026=CARTESIAN_POINT('Ctrl Pts',(-17.1393938176605,2.11263288534112,89.8869848175294));
#7027=CARTESIAN_POINT('Ctrl Pts',(-18.3063434224099,2.17299382492229,92.8927152331779));
#7028=CARTESIAN_POINT('Ctrl Pts',(-19.4732930271594,2.23335476450347,95.8984456488264));
#7029=CARTESIAN_POINT('Ctrl Pts',(-19.8843685131251,2.29371570408464,99.1976377709936));
#7030=CARTESIAN_POINT('Ctrl Pts',(-19.4906684148907,2.35407664366582,102.397823156884));
#7031=CARTESIAN_POINT('Ctrl Pts',(-19.0969683166564,2.41443758324699,105.598008542775));
#7032=CARTESIAN_POINT('Ctrl Pts',(-17.898492634222,2.47479852282817,108.699187192389));
#7033=CARTESIAN_POINT('Ctrl Pts',(-16.0378110371353,2.53515946240934,111.33244575385));
#7034=CARTESIAN_POINT('Ctrl Pts',(-14.1771294400485,2.59552040199052,113.965704315311));
#7035=CARTESIAN_POINT('Ctrl Pts',(-11.6542419283095,2.65588134157169,116.131042788619));
#7036=CARTESIAN_POINT('Ctrl Pts',(-8.76926868744895,2.71624228115287,117.570874663729));
#7037=CARTESIAN_POINT('Ctrl Pts',(-5.88429544658838,2.77660322073404,119.010706538839));
#7038=CARTESIAN_POINT('Ctrl Pts',(-2.63723647660621,2.83696416031522,119.725031815751));
#7039=CARTESIAN_POINT('Ctrl Pts',(0.585641182180096,2.89732509989639,119.628875016683));
#7040=CARTESIAN_POINT('Ctrl Pts',(3.80851884096641,2.95768603947757,119.532718217615));
#7041=CARTESIAN_POINT('Ctrl Pts',(7.00721518855687,3.01804697905874,118.626079342568));
#7042=CARTESIAN_POINT('Ctrl Pts',(9.8012164131657,3.07840791863992,117.016811293075));
#7043=CARTESIAN_POINT('Ctrl Pts',(12.5952176377745,3.13876885822109,115.407543243582));
#7044=CARTESIAN_POINT('Ctrl Pts',(14.9845237394017,3.19912979780227,113.095646019643));
#7045=CARTESIAN_POINT('Ctrl Pts',(16.6849051604577,3.25949073738344,110.35614067626));
#7046=CARTESIAN_POINT('Ctrl Pts',(18.3852865815137,3.31985167696461,107.616635332877));
#7047=CARTESIAN_POINT('Ctrl Pts',(19.3967433219985,3.38021261654579,104.449521870051));
#7048=CARTESIAN_POINT('Ctrl Pts',(19.5989534687288,3.44057355612696,101.231557052956));
#7049=CARTESIAN_POINT('Ctrl Pts',(19.8011636154591,3.50093449570814,98.0135922358617));
#7050=CARTESIAN_POINT('Ctrl Pts',(19.194127168435,3.56129543528931,94.744776064499));
#7051=CARTESIAN_POINT('Ctrl Pts',(17.8500565953337,3.62165637487049,91.8139637543593));
#7052=CARTESIAN_POINT('Ctrl Pts',(16.5059860222325,3.68201731445166,88.8831514442196));
#7053=CARTESIAN_POINT('Ctrl Pts',(14.4248813230543,3.74237825403284,86.2903429953029));
#7054=CARTESIAN_POINT('Ctrl Pts',(11.8543087057044,3.80273919361401,84.3439763996093));
#7055=CARTESIAN_POINT('Ctrl Pts',(9.28373608835449,3.86310013319519,82.3976098039157));
#7056=CARTESIAN_POINT('Ctrl Pts',(6.22369555283287,3.92346107277637,81.0976850614453));
#7057=CARTESIAN_POINT('Ctrl Pts',(3.03820656780076,3.98382201235754,80.5988399646943));
#7058=CARTESIAN_POINT('Ctrl Pts',(-0.147282417231351,4.04418295193871,80.0999948679433));
#7059=CARTESIAN_POINT('Ctrl Pts',(-3.45821985177396,4.10454389151989,80.4022294169117));
#7060=CARTESIAN_POINT('Ctrl Pts',(-6.50073981334263,4.16490483110106,81.4695900815331));
#7061=CARTESIAN_POINT('Ctrl Pts',(-9.5432597749113,4.22526577068224,82.5369507461546));
#7062=CARTESIAN_POINT('Ctrl Pts',(-12.317362263506,4.28562671026341,84.3694375264292));
#7063=CARTESIAN_POINT('Ctrl Pts',(-14.493042724183,4.34598764984459,86.7490595631838));
#7064=CARTESIAN_POINT('Ctrl Pts',(-16.6687231848599,4.40634858942576,89.1286815999385));
#7065=CARTESIAN_POINT('Ctrl Pts',(-18.245981617619,4.46670952900694,92.0554388931731));
#7066=CARTESIAN_POINT('Ctrl Pts',(-19.0371888812622,4.52707046858811,95.1811672196141));
#7067=CARTESIAN_POINT('Ctrl Pts',(-19.8283961449054,4.58743140816929,98.3068955460551));
#7068=CARTESIAN_POINT('Ctrl Pts',(-19.8335522394327,4.64779234775046,101.631594905702));
#7069=CARTESIAN_POINT('Ctrl Pts',(-19.0520438008473,4.70815328733164,104.759762270987));
#7070=CARTESIAN_POINT('Ctrl Pts',(-18.2705353622619,4.76851422691281,107.887929636272));
#7071=CARTESIAN_POINT('Ctrl Pts',(-16.7023623905639,4.82887516649399,110.819565007194));
#7072=CARTESIAN_POINT('Ctrl Pts',(-14.5340732291884,4.88923610607516,113.205923869023));
#7073=CARTESIAN_POINT('Ctrl Pts',(-12.3657840678128,4.94959704565634,115.592282730852));
#7074=CARTESIAN_POINT('Ctrl Pts',(-9.59737871675983,5.00995798523751,117.433365083589));
#7075=CARTESIAN_POINT('Ctrl Pts',(-6.55818400513145,5.07031892481868,118.51015754716));
#7076=CARTESIAN_POINT('Ctrl Pts',(-3.51898929350305,5.13067986439986,119.586950010731));
#7077=CARTESIAN_POINT('Ctrl Pts',(-0.209005221299273,5.19104080398104,119.899452585136));
#7078=CARTESIAN_POINT('Ctrl Pts',(2.97801570033632,5.25140174356221,119.410490265688));
#7079=CARTESIAN_POINT('Ctrl Pts',(6.16503662197189,5.31176268314339,118.921527946239));
#7080=CARTESIAN_POINT('Ctrl Pts',(9.22909439303927,5.37212362272456,117.631100732937));
#7081=CARTESIAN_POINT('Ctrl Pts',(11.8056916578573,5.43248456230573,115.692716601833));
#7082=CARTESIAN_POINT('Ctrl Pts',(14.3822889226754,5.49284550188691,113.754332470728));
#7083=CARTESIAN_POINT('Ctrl Pts',(16.4714256812441,5.55320644146808,111.167991421821));
#7084=CARTESIAN_POINT('Ctrl Pts',(17.8245802407488,5.61356738104926,108.241362090512));
#7085=CARTESIAN_POINT('Ctrl Pts',(19.1777348002536,5.67392832063043,105.314732759203));
#7086=CARTESIAN_POINT('Ctrl Pts',(19.7949071606942,5.73428926021161,102.047815145492));
#7087=CARTESIAN_POINT('Ctrl Pts',(19.6026790936339,5.79465019979279,98.8292386161833));
#7088=CARTESIAN_POINT('Ctrl Pts',(19.4104510265736,5.85501113937396,95.6106620868741));
#7089=CARTESIAN_POINT('Ctrl Pts',(18.4088225320123,5.91537207895513,92.4404266419665));
#7090=CARTESIAN_POINT('Ctrl Pts',(16.7169463691076,5.97573301853631,89.69566043076));
#7091=CARTESIAN_POINT('Ctrl Pts',(15.0250702062029,6.03609395811748,86.9508942195534));
#7092=CARTESIAN_POINT('Ctrl Pts',(12.6429463749549,6.09645489769866,84.631597242048));
#7093=CARTESIAN_POINT('Ctrl Pts',(9.85395002761724,6.15681583727984,83.0136708286031));
#7094=CARTESIAN_POINT('Ctrl Pts',(7.06495368027955,6.21717677686101,81.3957444151582));
#7095=CARTESIAN_POINT('Ctrl Pts',(3.86908481685206,6.27753771644218,80.4791885657738));
#7096=CARTESIAN_POINT('Ctrl Pts',(0.646520913365753,6.33789865602336,80.3730358798308));
#7097=CARTESIAN_POINT('Ctrl Pts',(-2.57604299012055,6.39825959560453,80.2668831938879));
#7098=CARTESIAN_POINT('Ctrl Pts',(-5.82530193366568,6.45862053518571,80.9711336713864));
#7099=CARTESIAN_POINT('Ctrl Pts',(-8.71472720882879,6.51898147476688,82.4020103551137));
#7100=CARTESIAN_POINT('Ctrl Pts',(-11.6041524839919,6.57934241434806,83.832887038841));
#7101=CARTESIAN_POINT('Ctrl Pts',(-14.1337440907729,6.63970335392923,85.990389928797));
#7102=CARTESIAN_POINT('Ctrl Pts',(-16.0025842526448,6.70006429351041,88.6178645631485));
#7103=CARTESIAN_POINT('Ctrl Pts',(-17.8714244145166,6.76042523309158,91.2453391975));
#7104=CARTESIAN_POINT('Ctrl Pts',(-19.0795131314793,6.82078617267275,94.3427855762469));
#7105=CARTESIAN_POINT('Ctrl Pts',(-19.4831373355494,6.88114711225393,97.5417344671601));
#7106=CARTESIAN_POINT('Ctrl Pts',(-19.8867615396194,6.9415080518351,100.740683358073));
#7107=CARTESIAN_POINT('Ctrl Pts',(-19.4859212307968,7.00186899141628,104.041134761153));
#7108=CARTESIAN_POINT('Ctrl Pts',(-18.3282999854145,7.06222993099746,107.050470162371));
#7109=CARTESIAN_POINT('Ctrl Pts',(-17.1706787400322,7.12259087057863,110.059805563589));
#7110=CARTESIAN_POINT('Ctrl Pts',(-15.2562765580903,7.18295181015981,112.778024962946));
#7111=CARTESIAN_POINT('Ctrl Pts',(-12.8128288757849,7.24331274974098,114.881771603733));
#7112=CARTESIAN_POINT('Ctrl Pts',(-10.3693811934796,7.30367368932216,116.98551824452));
#7113=CARTESIAN_POINT('Ctrl Pts',(-7.39688801081076,7.36403462890333,118.474792126737));
#7114=CARTESIAN_POINT('Ctrl Pts',(-4.2489542483802,7.4243955684845,119.17243066648));
#7115=CARTESIAN_POINT('Ctrl Pts',(-1.10102048594965,7.48475650806567,119.870069206224));
#7116=CARTESIAN_POINT('Ctrl Pts',(2.22235385624264,7.54511744764685,119.776072403494));
#7117=CARTESIAN_POINT('Ctrl Pts',(5.32582337345279,7.60547838722803,118.901622027239));
#7118=CARTESIAN_POINT('Ctrl Pts',(8.42929289066294,7.66583932680921,118.027171650984));
#7119=CARTESIAN_POINT('Ctrl Pts',(11.3128575828909,7.72620026639038,116.372267701203));
#7120=CARTESIAN_POINT('Ctrl Pts',(13.6334913769434,7.78656120597155,114.133775954806));
#7121=CARTESIAN_POINT('Ctrl Pts',(15.9541251709958,7.84692214555273,111.895284208408));
#7122=CARTESIAN_POINT('Ctrl Pts',(17.7118280668726,7.9072830851339,109.073204665396));
#7123=CARTESIAN_POINT('Ctrl Pts',(18.6975054242356,7.96764402471508,106.003249184942));
#7124=CARTESIAN_POINT('Ctrl Pts',(19.6831827815987,8.02800496429625,102.933293704488));
#7125=CARTESIAN_POINT('Ctrl Pts',(19.8968346004479,8.08836590387743,99.6154622865938));
#7126=CARTESIAN_POINT('Ctrl Pts',(19.3130450665836,8.1487268434586,96.4444409550767));
#7127=CARTESIAN_POINT('Ctrl Pts',(18.7292555327194,8.20908778303977,93.2734196235596));
#7128=CARTESIAN_POINT('Ctrl Pts',(17.3480246461416,8.26944872262095,90.24920837842));
#7129=CARTESIAN_POINT('Ctrl Pts',(15.3336623002518,8.32980966220213,87.7315644710639));
#7130=CARTESIAN_POINT('Ctrl Pts',(13.3192999543621,8.3901706017833,85.2139205637078));
#7131=CARTESIAN_POINT('Ctrl Pts',(10.6718061491603,8.45053154136447,83.2028439941353));
#7132=CARTESIAN_POINT('Ctrl Pts',(7.70612419292397,8.51089248094565,81.9375704904058));
#7133=CARTESIAN_POINT('Ctrl Pts',(4.74044223668756,8.57125342052682,80.6722969866763));
#7134=CARTESIAN_POINT('Ctrl Pts',(1.45657212941656,8.631614360108,80.1528265487899));
#7135=CARTESIAN_POINT('Ctrl Pts',(-1.7548401098104,8.69197529968918,80.4409548787568));
#7136=CARTESIAN_POINT('Ctrl Pts',(-4.96625234903726,8.75233623927035,80.7290832087237));
#7137=CARTESIAN_POINT('Ctrl Pts',(-8.10520672022008,8.81269717885153,81.824810306544));
#7138=CARTESIAN_POINT('Ctrl Pts',(-10.7982962404039,8.8730581184327,83.59778953402));
#7139=CARTESIAN_POINT('Ctrl Pts',(-13.4913857605878,8.93341905801388,85.370768761496));
#7140=CARTESIAN_POINT('Ctrl Pts',(-15.7386104297727,8.99377999759505,87.8210001186279));
#7141=CARTESIAN_POINT('Ctrl Pts',(-17.2726425698484,9.05414093717623,90.6570064476055));
#7142=CARTESIAN_POINT('Ctrl Pts',(-18.8066747099241,9.1145018767574,93.493012776583));
#7143=CARTESIAN_POINT('Ctrl Pts',(-19.6275143208906,9.17486281633858,96.7147940774062));
#7144=CARTESIAN_POINT('Ctrl Pts',(-19.6375151147245,9.23522375591975,99.9390903554967));
#7145=CARTESIAN_POINT('Ctrl Pts',(-19.6475159085584,9.29558469550092,103.163386633587));
#7146=CARTESIAN_POINT('Ctrl Pts',(-18.8466778852596,9.3559456350821,106.390197888945));
#7147=CARTESIAN_POINT('Ctrl Pts',(-17.3302679632839,9.41630657466327,109.235665768454));
#7148=CARTESIAN_POINT('Ctrl Pts',(-15.8138580413083,9.47666751424445,112.081133647964));
#7149=CARTESIAN_POINT('Ctrl Pts',(-13.5818762206556,9.53702845382562,114.545258151625));
#7150=CARTESIAN_POINT('Ctrl Pts',(-10.899836904884,9.5973893934068,116.334909406322));
#7151=CARTESIAN_POINT('Ctrl Pts',(-8.21779758911236,9.65775033298797,118.12456066102));
#7152=CARTESIAN_POINT('Ctrl Pts',(-5.08570077822173,9.71811127256915,119.239738666755));
#7153=CARTESIAN_POINT('Ctrl Pts',(-1.87613768641204,9.77847221215032,119.547782924093));
#7154=CARTESIAN_POINT('Ctrl Pts',(1.33342540539763,9.8388331517315,119.855827181431));
#7155=CARTESIAN_POINT('Ctrl Pts',(4.62045477812629,9.89919409131267,119.356737690373));
#7156=CARTESIAN_POINT('Ctrl Pts',(7.59392858952514,9.95955503089385,118.109885655161));
#7157=CARTESIAN_POINT('Ctrl Pts',(10.5674024009239,10.019915970475,116.86303361995));
#7158=CARTESIAN_POINT('Ctrl Pts',(13.2273206509929,10.0802769100562,114.868419040585));
#7159=CARTESIAN_POINT('Ctrl Pts',(15.2572620314827,10.1406378496374,112.363319342657));
#7160=CARTESIAN_POINT('Ctrl Pts',(17.2872034119724,10.2009987892185,109.858219644728));
#7161=CARTESIAN_POINT('Ctrl Pts',(18.6871679228828,10.2613597287997,106.842634828236));
#7162=CARTESIAN_POINT('Ctrl Pts',(19.2906171369396,10.3217206683809,103.675295952959));
#7163=CARTESIAN_POINT('Ctrl Pts',(19.8940663509963,10.3820816079621,100.507957077682));
#7164=CARTESIAN_POINT('Ctrl Pts',(19.7010002681993,10.4424425475432,97.1888641436207));
#7165=CARTESIAN_POINT('Ctrl Pts',(18.7343858434525,10.5028034871244,94.1128532433381));
#7166=CARTESIAN_POINT('Ctrl Pts',(17.7677714187056,10.5631644267056,91.0368423430556));
#7167=CARTESIAN_POINT('Ctrl Pts',(16.0276086520088,10.6235253662868,88.2039134765523));
#7168=CARTESIAN_POINT('Ctrl Pts',(13.720905626859,10.6838863058679,85.9510691280562));
#7169=CARTESIAN_POINT('Ctrl Pts',(11.4142026017092,10.7442472454491,83.6982247795601));
#7170=CARTESIAN_POINT('Ctrl Pts',(8.54095931810642,10.8046081850303,82.0254649490713));
#7171=CARTESIAN_POINT('Ctrl Pts',(5.44297402443405,10.8649691246115,81.1317795318381));
#7172=CARTESIAN_POINT('Ctrl Pts',(2.34498873076168,10.9253300641926,80.2380941146049));
#7173=CARTESIAN_POINT('Ctrl Pts',(-0.977738572980458,10.9856910037738,80.1234831106273));
#7174=CARTESIAN_POINT('Ctrl Pts',(-4.12993945311784,11.046051943355,80.8015805343406));
#7175=CARTESIAN_POINT('Ctrl Pts',(-7.28214033325532,11.1064128829362,81.4796779580541));
#7176=CARTESIAN_POINT('Ctrl Pts',(-10.2638147897881,11.1667738225173,82.9504838094584));
#7177=CARTESIAN_POINT('Ctrl Pts',(-12.7202657066355,11.2271347620985,85.0390324437749));
#7178=CARTESIAN_POINT('Ctrl Pts',(-15.1767166234829,11.2874957016797,87.1275810780914));
#7179=CARTESIAN_POINT('Ctrl Pts',(-17.1079440006449,11.3478566412609,89.83387249532));
#7180=CARTESIAN_POINT('Ctrl Pts',(-18.284210892938,11.408217580842,92.8359688799954));
#7181=CARTESIAN_POINT('Ctrl Pts',(-19.4604777852311,11.4685785204232,95.8380652646707));
#7182=CARTESIAN_POINT('Ctrl Pts',(-19.8817841926553,11.5289394600044,99.1359666167929));
#7183=CARTESIAN_POINT('Ctrl Pts',(-19.4980119115373,11.5893003995856,102.337357773936));
#7184=CARTESIAN_POINT('Ctrl Pts',(-19.1142396304193,11.6496613391667,105.538748931078));
#7185=CARTESIAN_POINT('Ctrl Pts',(-17.9253886607592,11.7100222787479,108.643629893242));
#7186=CARTESIAN_POINT('Ctrl Pts',(-16.0728835666855,11.7703832183291,111.282647017327));
#7187=CARTESIAN_POINT('Ctrl Pts',(-14.2203784726117,11.8307441579103,113.921664141413));
#7188=CARTESIAN_POINT('Ctrl Pts',(-11.7042192541244,11.8911050974914,116.09481742742));
#7189=CARTESIAN_POINT('Ctrl Pts',(-8.82372578380119,11.9514660370726,117.543590657505));
#7190=CARTESIAN_POINT('Ctrl Pts',(-5.94323231347795,12.0118269766538,118.99236388759));
#7191=CARTESIAN_POINT('Ctrl Pts',(-2.69840459131878,12.072187916235,119.716757061752));
#7192=CARTESIAN_POINT('Ctrl Pts',(0.524755808055337,12.1325488558161,119.630597067021));
#7193=CARTESIAN_POINT('Ctrl Pts',(3.7479162074295,12.1929097953973,119.54443707229));
#7194=CARTESIAN_POINT('Ctrl Pts',(6.94940928401862,12.2532707349785,118.647723908665));
#7195=CARTESIAN_POINT('Ctrl Pts',(9.74838851082146,12.3136316745597,117.047129708778));
#7196=CARTESIAN_POINT('Ctrl Pts',(12.5473677376243,12.3739926141408,115.446535508891));
#7197=CARTESIAN_POINT('Ctrl Pts',(14.9438331146409,12.434353553722,113.142060272742));
#7198=CARTESIAN_POINT('Ctrl Pts',(16.6527034331723,12.4947144933032,110.40784215064));
#7199=CARTESIAN_POINT('Ctrl Pts',(18.3615737517035,12.5550754328844,107.673624028539));
#7200=CARTESIAN_POINT('Ctrl Pts',(19.3828490117496,12.6154363724655,104.509663020485));
#7201=CARTESIAN_POINT('Ctrl Pts',(19.5950392938897,12.6757973120467,101.292340874826));
#7202=CARTESIAN_POINT('Ctrl Pts',(19.8072295760298,12.7361582516279,98.0750187291662));
#7203=CARTESIAN_POINT('Ctrl Pts',(19.210334880264,12.7965191912091,94.8043354459007));
#7204=CARTESIAN_POINT('Ctrl Pts',(17.8753612236067,12.8568801307902,91.8693683522493));
#7205=CARTESIAN_POINT('Ctrl Pts',(16.5403875669493,12.9172410703714,88.9344012585979));
#7206=CARTESIAN_POINT('Ctrl Pts',(14.4673349494005,12.9776020099526,86.3351503545605));
#7207=CARTESIAN_POINT('Ctrl Pts',(11.9028117098809,13.0379629495338,84.3808200194457));
#7208=CARTESIAN_POINT('Ctrl Pts',(9.33828847036131,13.0983238891149,82.4264896843309));
#7209=CARTESIAN_POINT('Ctrl Pts',(6.28229460887105,13.1586848286961,81.1170799181386));
#7210=CARTESIAN_POINT('Ctrl Pts',(3.0983682061876,13.2190457682773,80.6083568430957));
#7211=CARTESIAN_POINT('Ctrl Pts',(-0.0855581964958085,13.2794067078585,
80.0996337680527));
#7212=CARTESIAN_POINT('Ctrl Pts',(-3.3974171403724,13.3397676474396,80.3915973841591));
#7213=CARTESIAN_POINT('Ctrl Pts',(-6.44323308136976,13.4001285870208,81.4495159813829));
#7214=CARTESIAN_POINT('Ctrl Pts',(-9.48904902236713,13.460489526602,82.5074345786067));
#7215=CARTESIAN_POINT('Ctrl Pts',(-12.2688219604853,13.5208504661832,84.3313081569479));
#7216=CARTESIAN_POINT('Ctrl Pts',(-14.4518727894423,13.5812114057643,86.7041704755361));
#7217=CARTESIAN_POINT('Ctrl Pts',(-16.6349236183993,13.6415723453455,89.0770327941243));
#7218=CARTESIAN_POINT('Ctrl Pts',(-18.2212523381951,13.7019332849267,91.9988838529596));
#7219=CARTESIAN_POINT('Ctrl Pts',(-19.0221508151049,13.7622942245079,95.1221430696225));
#7220=CARTESIAN_POINT('Ctrl Pts',(-19.8230492920146,13.822655164089,98.2454022862854));
#7221=CARTESIAN_POINT('Ctrl Pts',(-19.8385175260382,13.8830161036702,101.570069660776));
#7222=CARTESIAN_POINT('Ctrl Pts',(-19.0667154309828,13.9433770432514,104.700645970476));
#7223=CARTESIAN_POINT('Ctrl Pts',(-18.2949133359274,14.0037379828326,107.831222280176));
#7224=CARTESIAN_POINT('Ctrl Pts',(-16.735840911793,14.0640989224137,110.767707525085));
#7225=CARTESIAN_POINT('Ctrl Pts',(-14.5749639096747,14.1244598619949,113.16078025413));
#7226=CARTESIAN_POINT('Ctrl Pts',(-12.4140869075564,14.1848208015761,115.553852983176));
#7227=CARTESIAN_POINT('Ctrl Pts',(-9.65140532745412,14.2451817411573,117.403513196358));
#7228=CARTESIAN_POINT('Ctrl Pts',(-6.61556510419301,14.3055426807384,118.489727099609));
#7229=CARTESIAN_POINT('Ctrl Pts',(-3.57972488093186,14.3659036203196,119.57594100286));
#7230=CARTESIAN_POINT('Ctrl Pts',(-0.27072601451187,14.4262645599008,119.89870859618));
#7231=CARTESIAN_POINT('Ctrl Pts',(2.91779618304861,14.486625499482,119.419633758133));
#7232=CARTESIAN_POINT('Ctrl Pts',(6.10631838060908,14.5469864390631,118.940558920086));
#7233=CARTESIAN_POINT('Ctrl Pts',(9.17436390931004,14.6073473786443,117.659641650672));
#7234=CARTESIAN_POINT('Ctrl Pts',(11.7569610336728,14.6677083182255,115.729258632196));
#7235=CARTESIAN_POINT('Ctrl Pts',(14.3395581580355,14.7280692578067,113.798875613721));
#7236=CARTESIAN_POINT('Ctrl Pts',(16.4367068780599,14.7884301973878,111.219026846183));
#7237=CARTESIAN_POINT('Ctrl Pts',(17.7989324057262,14.848791136969,108.296608649456));
#7238=CARTESIAN_POINT('Ctrl Pts',(19.1611579333925,14.9091520765502,105.374190452729));
#7239=CARTESIAN_POINT('Ctrl Pts',(19.7884602687005,14.9695130161313,102.109202826813));
#7240=CARTESIAN_POINT('Ctrl Pts',(19.6062161311808,15.0298739557125,98.8900455490266));
#7241=CARTESIAN_POINT('Ctrl Pts',(19.4239719936611,15.0902348952937,95.6708882712406));
#7242=CARTESIAN_POINT('Ctrl Pts',(18.4321813833137,15.1505958348749,92.4975613415848));
#7243=CARTESIAN_POINT('Ctrl Pts',(16.7488267540794,15.2109567744561,89.7475606693979));
#7244=CARTESIAN_POINT('Ctrl Pts',(15.0654721248451,15.2713177140372,86.997559997211));
#7245=CARTESIAN_POINT('Ctrl Pts',(12.6905534767238,15.3316786536184,84.670885582493));
#7246=CARTESIAN_POINT('Ctrl Pts',(9.90658884034555,15.3920395931996,83.0443163684215));
#7247=CARTESIAN_POINT('Ctrl Pts',(7.12262420396733,15.4524005327807,81.4177471543499));
#7248=CARTESIAN_POINT('Ctrl Pts',(3.92961357933215,15.5127614723619,80.4912831409248));
#7249=CARTESIAN_POINT('Ctrl Pts',(0.707394429125713,15.5731224119431,80.3751355931472));
#7250=CARTESIAN_POINT('Ctrl Pts',(-2.51482472108077,15.6334833515243,80.2589880453696));
#7251=CARTESIAN_POINT('Ctrl Pts',(-5.76625239685851,15.6938442911055,80.9531569632395));
#7252=CARTESIAN_POINT('Ctrl Pts',(-8.66010189943945,15.7542052306866,82.3750646821754));
#7253=CARTESIAN_POINT('Ctrl Pts',(-11.5539514020203,15.8145661702678,83.7969724011113));
#7254=CARTESIAN_POINT('Ctrl Pts',(-14.0902227314044,15.874927109849,85.9466189211131));
#7255=CARTESIAN_POINT('Ctrl Pts',(-15.9672034977775,15.9352880494301,88.5682843664826));
#7256=CARTESIAN_POINT('Ctrl Pts',(-17.8441842641506,15.9956489890113,91.1899498118522));
#7257=CARTESIAN_POINT('Ctrl Pts',(-19.0618744675127,16.0560099285925,94.2836341825896));
#7258=CARTESIAN_POINT('Ctrl Pts',(-19.4754188561858,16.1163708681737,97.4813157714164));
#7259=CARTESIAN_POINT('Ctrl Pts',(-19.8889632448589,16.1767318077549,100.678997360243));
#7260=CARTESIAN_POINT('Ctrl Pts',(-19.498361818843,16.237092747336,103.98067616716));
#7261=CARTESIAN_POINT('Ctrl Pts',(-18.350080147132,16.2974536869172,106.993587667142));
#7262=CARTESIAN_POINT('Ctrl Pts',(-17.201798475421,16.3578146264984,110.006499167125));
#7263=CARTESIAN_POINT('Ctrl Pts',(-15.2958365580148,16.4181755660796,112.730643360173));
#7264=CARTESIAN_POINT('Ctrl Pts',(-12.8589257848191,16.4785365056607,114.841958682285));
#7265=CARTESIAN_POINT('Ctrl Pts',(-10.4220150116234,16.5388974452419,116.953274004396));
#7266=CARTESIAN_POINT('Ctrl Pts',(-7.45415538263806,16.5992583848231,118.451760455571));
#7267=CARTESIAN_POINT('Ctrl Pts',(-4.30840061653862,16.6596193244043,119.159159532688));
#7268=CARTESIAN_POINT('Ctrl Pts',(-1.16264585043908,16.7199802639854,119.866558609804));
#7269=CARTESIAN_POINT('Ctrl Pts',(2.16100405277463,16.7803412035666,119.782870312862));
#7270=CARTESIAN_POINT('Ctrl Pts',(5.26717091021548,16.8407021431478,118.918050122744));
#7271=CARTESIAN_POINT('Ctrl Pts',(8.37333776765629,16.9010630827289,118.053229932627));
#7272=CARTESIAN_POINT('Ctrl Pts',(11.2620215793242,16.9614240223101,116.407277849334));
#7273=CARTESIAN_POINT('Ctrl Pts',(13.5895873017905,17.0217849618913,114.175994740651));
#7274=CARTESIAN_POINT('Ctrl Pts',(15.9171530242569,17.0821459014725,111.944711631968));
#7275=CARTESIAN_POINT('Ctrl Pts',(17.6836006575215,17.1425068410536,109.128097497894));
#7276=CARTESIAN_POINT('Ctrl Pts',(18.6787953053134,17.2028677806348,106.06121404539));
#7277=CARTESIAN_POINT('Ctrl Pts',(19.6739899531054,17.263228720216,102.994330592886));
#7278=CARTESIAN_POINT('Ctrl Pts',(19.8979316154246,17.3235896597972,99.6771778219525));
#7279=CARTESIAN_POINT('Ctrl Pts',(19.3239803887714,17.3839505993784,96.5043610098856));
#7280=CARTESIAN_POINT('Ctrl Pts',(18.7500291621181,17.4443115389595,93.3315441978187));
#7281=CARTESIAN_POINT('Ctrl Pts',(17.3781850464925,17.5046724785407,90.3030633446187));
#7282=CARTESIAN_POINT('Ctrl Pts',(15.3716413335376,17.5650334181219,87.7791836412521));
#7283=CARTESIAN_POINT('Ctrl Pts',(13.3650976205827,17.625394357703,85.2553039378855));
#7284=CARTESIAN_POINT('Ctrl Pts',(10.7238543102988,17.6857552972842,83.2360253843525));
#7285=CARTESIAN_POINT('Ctrl Pts',(7.76211107808028,17.7461162368654,81.9615593457098));
#7286=CARTESIAN_POINT('Ctrl Pts',(4.8003678458618,17.8064771764466,80.6870933070671));
#7287=CARTESIAN_POINT('Ctrl Pts',(1.5181246917088,17.8668381160277,80.1574397833147));
#7288=CARTESIAN_POINT('Ctrl Pts',(-1.69416574370958,17.9271990556089,80.4356059745325));
#7289=CARTESIAN_POINT('Ctrl Pts',(-4.90645617912801,17.9875599951901,80.7137721657502));
#7290=CARTESIAN_POINT('Ctrl Pts',(-8.04879389581181,18.0479209347713,81.799758071938));
#7291=CARTESIAN_POINT('Ctrl Pts',(-10.7473697606531,18.1082818743525,83.5643755979972));
#7292=CARTESIAN_POINT('Ctrl Pts',(-13.4459456254945,18.1686428139336,85.3289931240564));
#7293=CARTESIAN_POINT('Ctrl Pts',(-15.7007596384933,18.2290037535148,87.772242269987));
#7294=CARTESIAN_POINT('Ctrl Pts',(-17.2435806323924,18.289364693096,90.6034770018152));
#7295=CARTESIAN_POINT('Ctrl Pts',(-18.7864016262914,18.3497256326771,93.4347117336433));
#7296=CARTESIAN_POINT('Ctrl Pts',(-19.6172296010907,18.4100865722583,96.6539320513691));
#7297=CARTESIAN_POINT('Ctrl Pts',(-19.6372314179827,18.4704475118395,99.8781815439928));
#7298=CARTESIAN_POINT('Ctrl Pts',(-19.6572332348746,18.5308084514207,103.102431036617));
#7299=CARTESIAN_POINT('Ctrl Pts',(-18.8664088938592,18.5911693910018,106.331709704138));
#7300=CARTESIAN_POINT('Ctrl Pts',(-17.3588313460333,18.651530330583,109.18186783998));
#7301=CARTESIAN_POINT('Ctrl Pts',(-15.8512537982073,18.7118912701642,112.032025975822));
#7302=CARTESIAN_POINT('Ctrl Pts',(-13.6269230435707,18.7722522097454,114.503063579985));
#7303=CARTESIAN_POINT('Ctrl Pts',(-10.9504488995116,18.8326131493265,116.301024006681));
#7304=CARTESIAN_POINT('Ctrl Pts',(-8.2739747554525,18.8929740889077,118.098984433377));
#7305=CARTESIAN_POINT('Ctrl Pts',(-5.14535722197101,18.9533350284889,119.223867682607));
#7306=CARTESIAN_POINT('Ctrl Pts',(-1.93676230800567,19.0136959680701,119.541867647909));
#7307=CARTESIAN_POINT('Ctrl Pts',(1.27183260595958,19.0740569076512,119.859867613212));
#7308=CARTESIAN_POINT('Ctrl Pts',(4.56040490040854,19.1344178472324,119.370984294586));
#7309=CARTESIAN_POINT('Ctrl Pts',(7.5377262379148,19.1947787868136,118.133356686278));
#7310=CARTESIAN_POINT('Ctrl Pts',(10.5150475754211,19.2551397263948,116.895729077971));
#7311=CARTESIAN_POINT('Ctrl Pts',(13.1811179559847,19.3155006659759,114.909357179981));
#7312=CARTESIAN_POINT('Ctrl Pts',(15.2188307780525,19.3758616055571,112.410574582771));
#7313=CARTESIAN_POINT('Ctrl Pts',(17.2565436001203,19.4362225451383,109.911791985561));
#7314=CARTESIAN_POINT('Ctrl Pts',(18.6658988636923,19.4965834847195,106.900598689132));
#7315=CARTESIAN_POINT('Ctrl Pts',(19.2791465604918,19.5569444243006,103.735128850589));
#7316=CARTESIAN_POINT('Ctrl Pts',(19.8923942572913,19.6173053638818,100.569659012046));
#7317=CARTESIAN_POINT('Ctrl Pts',(19.7095343873184,19.677666303463,97.2499126313896));
#7318=CARTESIAN_POINT('Ctrl Pts',(18.7525117767705,19.7380272430442,94.170955300253));
#7319=CARTESIAN_POINT('Ctrl Pts',(17.7954891662227,19.7983881826253,91.0919979691165));
#7320=CARTESIAN_POINT('Ctrl Pts',(16.0643038150998,19.8587491222065,88.2538296874998));
#7321=CARTESIAN_POINT('Ctrl Pts',(13.7645023635748,19.9191100617877,85.9937633518613));
#7322=CARTESIAN_POINT('Ctrl Pts',(12.7371779680012,19.9460733745251,84.9841886858934));
#7323=CARTESIAN_POINT('Ctrl Pts',(11.5963907277596,19.9730366872626,84.0899696900384));
#7324=CARTESIAN_POINT('Ctrl Pts',(10.3726359580025,20.,83.3290160234259));
#7325=CARTESIAN_POINT('Ctrl Pts',(20.4219521879625,0.,95.3036297172632));
#7326=CARTESIAN_POINT('Ctrl Pts',(19.650592107218,0.0603609395811748,91.9494055525774));
#7327=CARTESIAN_POINT('Ctrl Pts',(16.4244892140025,0.181082818743525,85.6314615412559));
#7328=CARTESIAN_POINT('Ctrl Pts',(7.67224901540911,0.362165637487048,79.5711084984447));
#7329=CARTESIAN_POINT('Ctrl Pts',(-2.90339138683522,0.543248456230574,78.3721219231235));
#7330=CARTESIAN_POINT('Ctrl Pts',(-12.7892137546761,0.724331274974098,82.3183269995323));
#7331=CARTESIAN_POINT('Ctrl Pts',(-19.6317836567868,0.905414093717623,90.4715541672918));
#7332=CARTESIAN_POINT('Ctrl Pts',(-21.8038281581142,1.08649691246115,100.891655953578));
#7333=CARTESIAN_POINT('Ctrl Pts',(-18.7882340503345,1.26757973120467,111.099673373017));
#7334=CARTESIAN_POINT('Ctrl Pts',(-11.3026357959027,1.4486625499482,118.666849930056));
#7335=CARTESIAN_POINT('Ctrl Pts',(-1.12790847767113,1.62974536869172,121.792859401705));
#7336=CARTESIAN_POINT('Ctrl Pts',(9.31515493705722,1.81082818743524,119.733946998273));
#7337=CARTESIAN_POINT('Ctrl Pts',(17.5419814376315,1.99191100617877,112.979975381302));
#7338=CARTESIAN_POINT('Ctrl Pts',(21.5952502269014,2.17299382492229,103.137831408323));
#7339=CARTESIAN_POINT('Ctrl Pts',(20.510620411093,2.35407664366582,92.5491414643487));
#7340=CARTESIAN_POINT('Ctrl Pts',(14.546142556813,2.53515946240934,83.7331449974914));
#7341=CARTESIAN_POINT('Ctrl Pts',(5.12087494148985,2.71624228115287,78.7873274786768));
#7342=CARTESIAN_POINT('Ctrl Pts',(-5.52274155552356,2.89732509989639,78.8883879674209));
#7343=CARTESIAN_POINT('Ctrl Pts',(-14.8523979422305,3.07840791863992,84.0122824950681));
#7344=CARTESIAN_POINT('Ctrl Pts',(-20.648400523632,3.25949073738344,92.9399438915819));
#7345=CARTESIAN_POINT('Ctrl Pts',(-21.5317754792802,3.44057355612696,103.547320223638));
#7346=CARTESIAN_POINT('Ctrl Pts',(-17.292351980353,3.62165637487049,113.310724968419));
#7347=CARTESIAN_POINT('Ctrl Pts',(-8.93876546611508,3.80273919361401,119.907267720894));
#7348=CARTESIAN_POINT('Ctrl Pts',(1.54151487340784,3.98382201235754,121.767511756172));
#7349=CARTESIAN_POINT('Ctrl Pts',(11.6550409707464,4.16490483110106,118.448871405734));
#7350=CARTESIAN_POINT('Ctrl Pts',(18.9956222134806,4.34598764984459,110.740911175828));
#7351=CARTESIAN_POINT('Ctrl Pts',(21.8168016804759,4.52707046858811,100.477494088758));
#7352=CARTESIAN_POINT('Ctrl Pts',(19.4473697972136,4.70815328733164,90.1004725295545));
#7353=CARTESIAN_POINT('Ctrl Pts',(12.4510572246868,4.88923610607516,82.0787274403882));
#7354=CARTESIAN_POINT('Ctrl Pts',(2.49241314736472,5.07031892481869,78.3207769310987));
#7355=CARTESIAN_POINT('Ctrl Pts',(-8.05922105567986,5.25140174356221,79.7207053341629));
#7356=CARTESIAN_POINT('Ctrl Pts',(-16.6934209392071,5.43248456230573,85.9454443857249));
#7357=CARTESIAN_POINT('Ctrl Pts',(-21.3559543306439,5.61356738104926,95.5140161841934));
#7358=CARTESIAN_POINT('Ctrl Pts',(-20.9375202840479,5.79465019979278,106.149884594311));
#7359=CARTESIAN_POINT('Ctrl Pts',(-15.5376718202172,5.97573301853631,115.322584330833));
#7360=CARTESIAN_POINT('Ctrl Pts',(-6.44113046413271,6.15681583727983,120.849764375462));
#7361=CARTESIAN_POINT('Ctrl Pts',(4.18787222080193,6.33789865602335,121.416408719262));
#7362=CARTESIAN_POINT('Ctrl Pts',(13.8205044294232,6.51898147476688,116.887702433562));
#7363=CARTESIAN_POINT('Ctrl Pts',(20.1649888973295,6.70006429351039,108.341106577597));
#7364=CARTESIAN_POINT('Ctrl Pts',(21.7118581245693,6.88114711225394,97.8100107427599));
#7365=CARTESIAN_POINT('Ctrl Pts',(18.0930839700061,7.06222993099744,87.7999529253957));
#7366=CARTESIAN_POINT('Ctrl Pts',(10.1696381963749,7.24331274974099,80.6925067623193));
#7367=CARTESIAN_POINT('Ctrl Pts',(-0.173348269860183,7.4243955684845,78.1786621275049));
#7368=CARTESIAN_POINT('Ctrl Pts',(-10.4750920502867,7.60547838722803,80.8565080848275));
#7369=CARTESIAN_POINT('Ctrl Pts',(-18.284622146703,7.78656120597155,88.0889366922784));
#7370=CARTESIAN_POINT('Ctrl Pts',(-21.7439102307141,7.96764402471508,98.1552224939297));
#7371=CARTESIAN_POINT('Ctrl Pts',(-20.0299291576877,8.1487268434586,108.660414199463));
#7372=CARTESIAN_POINT('Ctrl Pts',(-13.5504659965894,8.32980966220213,117.105136872984));
#7373=CARTESIAN_POINT('Ctrl Pts',(-3.84710211755038,8.51089248094565,121.480238394054));
#7374=CARTESIAN_POINT('Ctrl Pts',(6.7715568725117,8.69197529968918,120.744803052586));
#7375=CARTESIAN_POINT('Ctrl Pts',(15.7791401203548,8.8730581184327,115.073804205656));
#7376=CARTESIAN_POINT('Ctrl Pts',(21.032580804001,9.05414093717621,105.816474954079));
#7377=CARTESIAN_POINT('Ctrl Pts',(21.2819904549702,9.23522375591976,95.1753012070377));
#7378=CARTESIAN_POINT('Ctrl Pts',(16.4680300104565,9.41630657466326,85.6820104853035));
#7379=CARTESIAN_POINT('Ctrl Pts',(7.73602764862832,9.59738939340681,79.5952281956423));
#7380=CARTESIAN_POINT('Ctrl Pts',(-2.8365154810746,9.77847221215031,78.3631098331142));
#7381=CARTESIAN_POINT('Ctrl Pts',(-12.7342003219047,9.95955503089386,82.2787986205829));
#7382=CARTESIAN_POINT('Ctrl Pts',(-19.6021887987482,10.1406378496374,90.4106814388881));
#7383=CARTESIAN_POINT('Ctrl Pts',(-21.8064623481936,10.3217206683809,100.824036422174));
#7384=CARTESIAN_POINT('Ctrl Pts',(-18.8225844615344,10.5028034871244,111.04133825026));
#7385=CARTESIAN_POINT('Ctrl Pts',(-11.3604736067753,10.683886305868,118.631706191276));
#7386=CARTESIAN_POINT('Ctrl Pts',(-1.19550079684445,10.8649691246115,121.789254553862));
#7387=CARTESIAN_POINT('Ctrl Pts',(9.25390325539319,11.046051943355,119.762745525561));
#7388=CARTESIAN_POINT('Ctrl Pts',(17.5016365048462,11.2271347620985,113.034322223288));
#7389=CARTESIAN_POINT('Ctrl Pts',(21.5854141746671,11.408217580842,103.204798133477));
#7390=CARTESIAN_POINT('Ctrl Pts',(20.5336317632131,11.5893003995856,92.6127946569068));
#7391=CARTESIAN_POINT('Ctrl Pts',(14.5965273119105,11.7703832183291,83.7783408184951));
#7392=CARTESIAN_POINT('Ctrl Pts',(5.18664525339098,11.9514660370726,78.8033128252613));
#7393=CARTESIAN_POINT('Ctrl Pts',(-5.45723343375516,12.1325488558161,78.8713597357104));
#7394=CARTESIAN_POINT('Ctrl Pts',(-14.802737674629,12.3136316745597,83.9662919602366));
#7395=CARTESIAN_POINT('Ctrl Pts',(-20.6264031367673,12.4947144933032,92.8759330570376));
#7396=CARTESIAN_POINT('Ctrl Pts',(-21.5426745729069,12.6757973120467,103.480518411686));
#7397=CARTESIAN_POINT('Ctrl Pts',(-17.3335544513362,12.8568801307902,113.257025543115));
#7398=CARTESIAN_POINT('Ctrl Pts',(-9.00046850791154,13.0379629495337,119.879446742964));
#7399=CARTESIAN_POINT('Ctrl Pts',(1.47399153229803,13.2190457682773,121.772188340426));
#7400=CARTESIAN_POINT('Ctrl Pts',(11.5977623518999,13.4001285870208,118.484932907563));
#7401=CARTESIAN_POINT('Ctrl Pts',(18.9622159360496,13.5812114057643,110.799777912665));
#7402=CARTESIAN_POINT('Ctrl Pts',(21.8152157011671,13.7622942245079,100.545160600013));
#7403=CARTESIAN_POINT('Ctrl Pts',(19.4779814493344,13.9433770432514,90.1608397295478));
#7404=CARTESIAN_POINT('Ctrl Pts',(12.5065834429596,14.1244598619949,82.1174328813636));
#7405=CARTESIAN_POINT('Ctrl Pts',(2.55964324114377,14.3055426807384,78.32861188926));
#7406=CARTESIAN_POINT('Ctrl Pts',(-7.99628234057559,14.486625499482,79.6958057313751));
#7407=CARTESIAN_POINT('Ctrl Pts',(-16.6497478603942,14.6677083182255,85.8937342874336));
#7408=CARTESIAN_POINT('Ctrl Pts',(-21.3419375027533,14.848791136969,95.4477983571814));
#7409=CARTESIAN_POINT('Ctrl Pts',(-20.9564945637119,15.0298739557125,106.084913456187));
#7410=CARTESIAN_POINT('Ctrl Pts',(-15.5851228834493,15.2109567744561,115.274317689381));
#7411=CARTESIAN_POINT('Ctrl Pts',(-6.50576884552641,15.3920395931996,120.829685736873));
#7412=CARTESIAN_POINT('Ctrl Pts',(4.12142516015547,15.5731224119431,121.429295154459));
#7413=CARTESIAN_POINT('Ctrl Pts',(13.7680576460376,15.7542052306866,116.930488026794));
#7414=CARTESIAN_POINT('Ctrl Pts',(20.1390204285147,15.9352880494301,108.403611863013));
#7415=CARTESIAN_POINT('Ctrl Pts',(21.7185463386566,16.1163708681737,97.8773645836557));
#7416=CARTESIAN_POINT('Ctrl Pts',(18.1308376193008,16.2974536869172,87.8561306255965));
#7417=CARTESIAN_POINT('Ctrl Pts',(10.229475006932,16.4785365056607,80.7241426325024));
#7418=CARTESIAN_POINT('Ctrl Pts',(-0.105664559425178,16.6596193244043,78.1782294210986));
#7419=CARTESIAN_POINT('Ctrl Pts',(-10.41566461186,16.8407021431478,80.8241097533281));
#7420=CARTESIAN_POINT('Ctrl Pts',(-18.2475898536364,17.0217849618913,88.0322808784712));
#7421=CARTESIAN_POINT('Ctrl Pts',(-21.7380837106141,17.2028677806348,98.08778865127));
#7422=CARTESIAN_POINT('Ctrl Pts',(-20.0566946937561,17.3839505993784,108.598246034204));
#7423=CARTESIAN_POINT('Ctrl Pts',(-13.603455485343,17.5650334181219,117.063025362507));
#7424=CARTESIAN_POINT('Ctrl Pts',(-3.91370860218006,17.7461162368654,121.468202531488));
#7425=CARTESIAN_POINT('Ctrl Pts',(6.70718068349816,17.9271990556089,120.76570658189));
#7426=CARTESIAN_POINT('Ctrl Pts',(15.7323096649552,18.1082818743525,115.12267340504));
#7427=CARTESIAN_POINT('Ctrl Pts',(21.0144395557633,18.2893646930959,105.881683756764));
#7428=CARTESIAN_POINT('Ctrl Pts',(21.2968511788126,18.4704475118395,95.2413336427609));
#7429=CARTESIAN_POINT('Ctrl Pts',(16.5123638881783,18.651530330583,85.7331595207329));
#7430=CARTESIAN_POINT('Ctrl Pts',(7.79927304472806,18.8326131493266,79.6193179157362));
#7431=CARTESIAN_POINT('Ctrl Pts',(-2.76937783147525,19.0136959680701,78.3544222958976));
#7432=CARTESIAN_POINT('Ctrl Pts',(-12.6792002989366,19.1947787868136,82.2393735339214));
#7433=CARTESIAN_POINT('Ctrl Pts',(-19.5722972336095,19.3758616055571,90.3499538585052));
#7434=CARTESIAN_POINT('Ctrl Pts',(-21.8090232236636,19.5569444243006,100.756342903692));
#7435=CARTESIAN_POINT('Ctrl Pts',(-18.8565179924366,19.7380272430442,110.983010555139));
#7436=CARTESIAN_POINT('Ctrl Pts',(-11.4186623829731,19.9191100617877,118.59615988102));
#7437=CARTESIAN_POINT('Ctrl Pts',(-1.26213257454523,20.1001928805312,121.785907480423));
#7438=CARTESIAN_POINT('Ctrl Pts',(5.7058279333158,20.2209147596936,120.454861737898));
#7439=CARTESIAN_POINT('Ctrl Pts',(8.82732480961733,20.2812756992747,119.005008858338));
#7440=CARTESIAN_POINT('Ctrl Pts',(20.4219521879625,-0.0658872483713968,
95.3036297172632));
#7441=CARTESIAN_POINT('Ctrl Pts',(19.6505831214177,-0.00552630879022215,
91.9493664782342));
#7442=CARTESIAN_POINT('Ctrl Pts',(16.424500897772,0.115195570372127,85.6314794220945));
#7443=CARTESIAN_POINT('Ctrl Pts',(7.67224738789607,0.296278389115652,79.5710932163665));
#7444=CARTESIAN_POINT('Ctrl Pts',(-2.90339037596195,0.477361207859177,78.3721214239681));
#7445=CARTESIAN_POINT('Ctrl Pts',(-12.7892178418582,0.658444026602701,82.318320092026));
#7446=CARTESIAN_POINT('Ctrl Pts',(-19.631788185985,0.839526845346226,90.4715529704317));
#7447=CARTESIAN_POINT('Ctrl Pts',(-21.8038338696336,1.02060966408975,100.89165558235));
#7448=CARTESIAN_POINT('Ctrl Pts',(-18.7882386877457,1.20169248283328,111.099676468255));
#7449=CARTESIAN_POINT('Ctrl Pts',(-11.3026386990697,1.3827753015768,118.666854494988));
#7450=CARTESIAN_POINT('Ctrl Pts',(-1.12790873704234,1.56385812032032,121.792864972587));
#7451=CARTESIAN_POINT('Ctrl Pts',(9.31515727513485,1.74494093906385,119.733951942396));
#7452=CARTESIAN_POINT('Ctrl Pts',(17.5419858702427,1.92602375780737,112.979978674106));
#7453=CARTESIAN_POINT('Ctrl Pts',(21.5952556731021,2.1071065765509,103.137832191466));
#7454=CARTESIAN_POINT('Ctrl Pts',(20.5106255881426,2.28818939529442,92.5491395885027));
#7455=CARTESIAN_POINT('Ctrl Pts',(14.5461462265742,2.46927221403794,83.7331408906862));
#7456=CARTESIAN_POINT('Ctrl Pts',(5.12087623403208,2.65035503278147,78.7873221270156));
#7457=CARTESIAN_POINT('Ctrl Pts',(-5.52274294928565,2.83143785152499,78.8883826397068));
#7458=CARTESIAN_POINT('Ctrl Pts',(-14.8524016899224,3.01252067026852,84.0122784610597));
#7459=CARTESIAN_POINT('Ctrl Pts',(-20.6484057339919,3.19360348901204,92.9399421099568));
#7460=CARTESIAN_POINT('Ctrl Pts',(-21.5317809124808,3.37468630775557,103.547321118813));
#7461=CARTESIAN_POINT('Ctrl Pts',(-17.2923563438308,3.55576912649909,113.310728327152));
#7462=CARTESIAN_POINT('Ctrl Pts',(-8.93876772167393,3.73685194524262,119.907272744211));
#7463=CARTESIAN_POINT('Ctrl Pts',(1.54151526238351,3.91793476398614,121.767517248872));
#7464=CARTESIAN_POINT('Ctrl Pts',(11.6550439117235,4.09901758272966,118.448876061035));
#7465=CARTESIAN_POINT('Ctrl Pts',(18.9956270067419,4.2801004014732,110.740913886135));
#7466=CARTESIAN_POINT('Ctrl Pts',(21.8168071856208,4.46118322021671,100.477494209248));
#7467=CARTESIAN_POINT('Ctrl Pts',(19.4473747044671,4.64226603896024,90.1004700315558));
#7468=CARTESIAN_POINT('Ctrl Pts',(12.4510603665255,4.82334885770376,82.0787229182226));
#7469=CARTESIAN_POINT('Ctrl Pts',(2.49241377628796,5.00443167644729,78.32077146067));
#7470=CARTESIAN_POINT('Ctrl Pts',(-8.05922308930407,5.18551449519081,79.7207002169854));
#7471=CARTESIAN_POINT('Ctrl Pts',(-16.6934251515429,5.36659731393434,85.9454408392674));
#7472=CARTESIAN_POINT('Ctrl Pts',(-21.3559597195004,5.54768013267786,95.5140150522223));
#7473=CARTESIAN_POINT('Ctrl Pts',(-20.9375255673188,5.72876295142138,106.149886146143));
#7474=CARTESIAN_POINT('Ctrl Pts',(-15.5376757409169,5.90984577016491,115.322588197258));
#7475=CARTESIAN_POINT('Ctrl Pts',(-6.4411320894559,6.09092858890843,120.849769636589));
#7476=CARTESIAN_POINT('Ctrl Pts',(4.18787327754901,6.27201140765196,121.416414123373));
#7477=CARTESIAN_POINT('Ctrl Pts',(13.8205079168214,6.45309422639548,116.887706694922));
#7478=CARTESIAN_POINT('Ctrl Pts',(20.1649939856636,6.634177045139,108.341108682351));
#7479=CARTESIAN_POINT('Ctrl Pts',(21.7118636032329,6.81525986388254,97.8100101901488));
#7480=CARTESIAN_POINT('Ctrl Pts',(18.093088535526,6.99634268262605,87.7999498468958));
#7481=CARTESIAN_POINT('Ctrl Pts',(10.1696407625314,7.17742550136959,80.6925018903613));
#7482=CARTESIAN_POINT('Ctrl Pts',(-0.173348313602032,7.35850832011311,78.1786566212158));
#7483=CARTESIAN_POINT('Ctrl Pts',(-10.4750946935199,7.53959113885663,80.8565032542529));
#7484=CARTESIAN_POINT('Ctrl Pts',(-18.2846267605547,7.72067395760016,88.0889336866992));
#7485=CARTESIAN_POINT('Ctrl Pts',(-21.7439157174654,7.90175677634368,98.1552220284277));
#7486=CARTESIAN_POINT('Ctrl Pts',(-20.0299342119416,8.0828395950872,108.66041638479));
#7487=CARTESIAN_POINT('Ctrl Pts',(-13.5504694158474,8.26392241383073,117.10514118921));
#7488=CARTESIAN_POINT('Ctrl Pts',(-3.84710308830921,8.44500523257425,121.480243814272));
#7489=CARTESIAN_POINT('Ctrl Pts',(6.77155858121306,8.62608805131778,120.744808287228));
#7490=CARTESIAN_POINT('Ctrl Pts',(15.7791441019855,8.80717087006129,115.073808009306));
#7491=CARTESIAN_POINT('Ctrl Pts',(21.0325861112591,8.98825368880483,105.816476421779));
#7492=CARTESIAN_POINT('Ctrl Pts',(21.2819958251631,9.16933650754835,95.1752999895969));
#7493=CARTESIAN_POINT('Ctrl Pts',(16.4680341659182,9.35041932629187,85.6820068723724));
#7494=CARTESIAN_POINT('Ctrl Pts',(7.73602960069951,9.53150214503541,79.5952230468025));
#7495=CARTESIAN_POINT('Ctrl Pts',(-2.83651619682696,9.71258496377891,78.3631043733677));
#7496=CARTESIAN_POINT('Ctrl Pts',(-12.7342035351902,9.89366778252246,82.2787941489021));
#7497=CARTESIAN_POINT('Ctrl Pts',(-19.6021937450682,10.074750601266,90.4106790191667));
#7498=CARTESIAN_POINT('Ctrl Pts',(-21.8064678507291,10.2558334200095,100.824036630107));
#7499=CARTESIAN_POINT('Ctrl Pts',(-18.8225892111328,10.436916238753,111.041341036377));
#7500=CARTESIAN_POINT('Ctrl Pts',(-11.3604764734214,10.6179990574966,118.631710892709));
#7501=CARTESIAN_POINT('Ctrl Pts',(-1.19550109851124,10.7990818762401,121.789260052055));
#7502=CARTESIAN_POINT('Ctrl Pts',(9.25390559047766,10.9801646949836,119.762750512395));
#7503=CARTESIAN_POINT('Ctrl Pts',(17.5016409211231,11.1612475137271,113.034325512304));
#7504=CARTESIAN_POINT('Ctrl Pts',(21.5854196214244,11.3423303324706,103.204798942159));
#7505=CARTESIAN_POINT('Ctrl Pts',(20.5336369445687,11.5234131512142,92.6127927928558));
#7506=CARTESIAN_POINT('Ctrl Pts',(14.5965309951264,11.7044959699577,83.7783367252012));
#7507=CARTESIAN_POINT('Ctrl Pts',(5.18664656216354,11.8855787887012,78.8033074765935));
#7508=CARTESIAN_POINT('Ctrl Pts',(-5.45723481080662,12.0666616074447,78.8713544042132));
#7509=CARTESIAN_POINT('Ctrl Pts',(-14.8027414098791,12.2477444261883,83.9662879143696));
#7510=CARTESIAN_POINT('Ctrl Pts',(-20.6264083415325,12.4288272449318,92.8759312593855));
#7511=CARTESIAN_POINT('Ctrl Pts',(-21.5426800088795,12.6099100636753,103.480519289943));
#7512=CARTESIAN_POINT('Ctrl Pts',(-17.3335588252001,12.7909928824188,113.257028888328));
#7513=CARTESIAN_POINT('Ctrl Pts',(-9.00047077904551,12.9720757011624,119.879451759246));
#7514=CARTESIAN_POINT('Ctrl Pts',(1.4739919042378,13.1531585199059,121.772193834313));
#7515=CARTESIAN_POINT('Ctrl Pts',(11.5977652784223,13.3342413386494,118.48493757196));
#7516=CARTESIAN_POINT('Ctrl Pts',(18.962220720882,13.5153241573929,110.799780637827));
#7517=CARTESIAN_POINT('Ctrl Pts',(21.8152212059114,13.6964069761365,100.545160737576));
#7518=CARTESIAN_POINT('Ctrl Pts',(19.4779863643125,13.87748979488,90.1608372467825));
#7519=CARTESIAN_POINT('Ctrl Pts',(12.5065865988094,14.0585726136235,82.1174283689644));
#7520=CARTESIAN_POINT('Ctrl Pts',(2.55964388703157,14.239655432367,78.3286064208085));
#7521=CARTESIAN_POINT('Ctrl Pts',(-7.99628435831818,14.4207382511106,79.6958006079145));
#7522=CARTESIAN_POINT('Ctrl Pts',(-16.6497520617097,14.6018210698541,85.8937307279278));
#7523=CARTESIAN_POINT('Ctrl Pts',(-21.341942888073,14.7829038885976,95.4477972085012));
#7524=CARTESIAN_POINT('Ctrl Pts',(-20.9564998517706,14.9639867073411,106.084914991624));
#7525=CARTESIAN_POINT('Ctrl Pts',(-15.5851268161227,15.1450695260847,115.274321543627));
#7526=CARTESIAN_POINT('Ctrl Pts',(-6.50577048715992,15.3261523448282,120.829690992934));
#7527=CARTESIAN_POINT('Ctrl Pts',(4.12142620013519,15.5072351635717,121.429300561822));
#7528=CARTESIAN_POINT('Ctrl Pts',(13.7680611202025,15.6883179823152,116.930492298949));
#7529=CARTESIAN_POINT('Ctrl Pts',(20.1390255102943,15.8694008010587,108.40361398354));
#7530=CARTESIAN_POINT('Ctrl Pts',(21.7185518190115,16.0504836198023,97.8773640480392));
#7531=CARTESIAN_POINT('Ctrl Pts',(18.1308421943397,16.2315664385458,87.8561275612747));
#7532=CARTESIAN_POINT('Ctrl Pts',(10.2294775882026,16.4126492572893,80.7241377685221));
#7533=CARTESIAN_POINT('Ctrl Pts',(-0.105664586118763,16.5937320760329,78.1782239147106));
#7534=CARTESIAN_POINT('Ctrl Pts',(-10.4156672400354,16.7748148947764,80.8241049145574));
#7535=CARTESIAN_POINT('Ctrl Pts',(-18.2475944582694,16.9558977135199,88.032277858638));
#7536=CARTESIAN_POINT('Ctrl Pts',(-21.7380891956403,17.1369805322634,98.0877881686667));
#7537=CARTESIAN_POINT('Ctrl Pts',(-20.0566997552803,17.3180633510069,108.598248204015));
#7538=CARTESIAN_POINT('Ctrl Pts',(-13.6034589169262,17.4991461697505,117.063029667758));
#7539=CARTESIAN_POINT('Ctrl Pts',(-3.91370959186417,17.680228988494,121.468207949377));
#7540=CARTESIAN_POINT('Ctrl Pts',(6.7071823802448,17.8613118072375,120.765711820372));
#7541=CARTESIAN_POINT('Ctrl Pts',(15.7323136260815,18.0423946259811,115.122677223926));
#7542=CARTESIAN_POINT('Ctrl Pts',(21.0144448760374,18.2234774447246,105.881685235035));
#7543=CARTESIAN_POINT('Ctrl Pts',(21.2968565171245,18.4045602634681,95.2413324538985));
#7544=CARTESIAN_POINT('Ctrl Pts',(16.5123681269866,18.5856430822116,85.7331558965761));
#7545=CARTESIAN_POINT('Ctrl Pts',(7.79927486662032,18.7667259009551,79.6193128218481));
#7546=CARTESIAN_POINT('Ctrl Pts',(-2.76937823432712,18.9478087196987,78.3544167349808));
#7547=CARTESIAN_POINT('Ctrl Pts',(-12.6792040977234,19.1288915384422,82.2393692527436));
#7548=CARTESIAN_POINT('Ctrl Pts',(-19.5723009584966,19.3099743571857,90.3499510174972));
#7549=CARTESIAN_POINT('Ctrl Pts',(-21.8090311855902,19.4910571759293,100.756343916819));
#7550=CARTESIAN_POINT('Ctrl Pts',(-18.8565177660305,19.6721399946728,110.983011659567));
#7551=CARTESIAN_POINT('Ctrl Pts',(-11.4186754465818,19.8532228134163,118.596167976255));
#7552=CARTESIAN_POINT('Ctrl Pts',(-1.26211128680672,20.0343056321598,121.785905729125));
#7553=CARTESIAN_POINT('Ctrl Pts',(5.70579157008115,20.1550275113222,120.45487862766));
#7554=CARTESIAN_POINT('Ctrl Pts',(8.82732480961733,20.2153884509033,119.005008858338));
#7555=CARTESIAN_POINT('Ctrl Pts',(20.3857214206561,-0.180892630960867,95.3119615896195));
#7556=CARTESIAN_POINT('Ctrl Pts',(19.6157320821353,-0.120531691379692,91.9636980350367));
#7557=CARTESIAN_POINT('Ctrl Pts',(16.3953474357452,0.000190187782657555,
85.656948385355));
#7558=CARTESIAN_POINT('Ctrl Pts',(7.65863802039879,0.181273006526182,79.6073554296521));
#7559=CARTESIAN_POINT('Ctrl Pts',(-2.89824070916469,0.362355825269706,78.4104922601358));
#7560=CARTESIAN_POINT('Ctrl Pts',(-12.7665232661909,0.543438644013231,82.3496979545891));
#7561=CARTESIAN_POINT('Ctrl Pts',(-19.5969535926433,0.724521462756756,90.4884589696714));
#7562=CARTESIAN_POINT('Ctrl Pts',(-21.7651443523932,0.90560428150028,100.890074152399));
#7563=CARTESIAN_POINT('Ctrl Pts',(-18.7549005077807,1.0866871002438,111.079980563255));
#7564=CARTESIAN_POINT('Ctrl Pts',(-11.2825829571225,1.26776991898733,118.633731754424));
#7565=CARTESIAN_POINT('Ctrl Pts',(-1.12590737980215,1.44885273773085,121.754195091208));
#7566=CARTESIAN_POINT('Ctrl Pts',(9.29862824824033,1.62993555647438,119.698935580627));
#7567=CARTESIAN_POINT('Ctrl Pts',(17.5108589345729,1.8110183752179,112.956946661188));
#7568=CARTESIAN_POINT('Ctrl Pts',(21.5569365280364,1.99210119396142,103.132264356228));
#7569=CARTESIAN_POINT('Ctrl Pts',(20.4742310315031,2.17318401270495,92.5623605717772));
#7570=CARTESIAN_POINT('Ctrl Pts',(14.5203351905253,2.35426683144847,83.7620052052422));
#7571=CARTESIAN_POINT('Ctrl Pts',(5.11178962577058,2.535349650192,78.8249624191914));
#7572=CARTESIAN_POINT('Ctrl Pts',(-5.51294325914549,2.71643246893552,78.925843609585));
#7573=CARTESIAN_POINT('Ctrl Pts',(-14.826047225888,2.89751528767905,84.0406474641447));
#7574=CARTESIAN_POINT('Ctrl Pts',(-20.611766698719,3.07859810642257,92.9524696491885));
#7575=CARTESIAN_POINT('Ctrl Pts',(-21.4935743948079,3.2596809251661,103.541026665543));
#7576=CARTESIAN_POINT('Ctrl Pts',(-17.2616723645677,3.44076374390962,113.287109445895));
#7577=CARTESIAN_POINT('Ctrl Pts',(-8.92290655401571,3.62184656265315,119.871948793445));
#7578=CARTESIAN_POINT('Ctrl Pts',(1.53877996007265,3.80292938139667,121.728892434871));
#7579=CARTESIAN_POINT('Ctrl Pts',(11.6343629172738,3.98401220014019,118.416139924961));
#7580=CARTESIAN_POINT('Ctrl Pts',(18.9619207024473,4.16509501888372,110.721854946323));
#7581=CARTESIAN_POINT('Ctrl Pts',(21.7780949103429,4.34617783762723,100.476646931865));
#7582=CARTESIAN_POINT('Ctrl Pts',(19.4128668080287,4.52726065637077,90.1180359992067));
#7583=CARTESIAN_POINT('Ctrl Pts',(12.428966901047,4.70834347511429,82.1105228697831));
#7584=CARTESIAN_POINT('Ctrl Pts',(2.48799117643679,4.88942629385781,78.3592396130389));
#7585=CARTESIAN_POINT('Ctrl Pts',(-8.04492260710698,5.07050911260135,79.7566843015929));
#7586=CARTESIAN_POINT('Ctrl Pts',(-16.6638039304223,5.25159193134486,85.970379592152));
#7587=CARTESIAN_POINT('Ctrl Pts',(-21.3180651832174,5.43267475008839,95.5219750934286));
#7588=CARTESIAN_POINT('Ctrl Pts',(-20.9003735108105,5.61375756883191,106.13897363803));
#7589=CARTESIAN_POINT('Ctrl Pts',(-15.5101053097656,5.79484038757544,115.295399422695));
#7590=CARTESIAN_POINT('Ctrl Pts',(-6.42970278743092,5.97592320631895,120.812773296346));
#7591=CARTESIAN_POINT('Ctrl Pts',(4.18044221296802,6.15700602506249,121.378412315321));
#7592=CARTESIAN_POINT('Ctrl Pts',(13.7959844701778,6.33808884380601,116.857740735888));
#7593=CARTESIAN_POINT('Ctrl Pts',(20.1292127280535,6.51917166254953,108.326308015476));
#7594=CARTESIAN_POINT('Ctrl Pts',(21.67333754241,6.70025448129307,97.8138961615309));
#7595=CARTESIAN_POINT('Ctrl Pts',(18.0609837175274,6.88133730003658,87.8215979137237));
#7596=CARTESIAN_POINT('Ctrl Pts',(10.1515955036939,7.06242011878011,80.7267615863553));
#7597=CARTESIAN_POINT('Ctrl Pts',(-0.173040720122472,7.24350293752363,78.2173769456251));
#7598=CARTESIAN_POINT('Ctrl Pts',(-10.4565074297704,7.42458575626715,80.8904719422229));
#7599=CARTESIAN_POINT('Ctrl Pts',(-18.2521820724536,7.60566857501068,88.110068973547));
#7600=CARTESIAN_POINT('Ctrl Pts',(-21.7053327825886,7.7867513937542,98.1584954474963));
#7601=CARTESIAN_POINT('Ctrl Pts',(-19.994392607691,7.96783421249773,108.645049130532));
#7602=CARTESIAN_POINT('Ctrl Pts',(-13.5264251321123,8.14891703124125,117.074789409101));
#7603=CARTESIAN_POINT('Ctrl Pts',(-3.84027669467112,8.32999984998478,121.442128745257));
#7604=CARTESIAN_POINT('Ctrl Pts',(6.7595429623545,8.5110826687283,120.707998192966));
#7605=CARTESIAN_POINT('Ctrl Pts',(15.7511452034793,8.69216548747183,115.047060676382));
#7606=CARTESIAN_POINT('Ctrl Pts',(20.9952653770009,8.87324830621535,105.80615552402));
#7607=CARTESIAN_POINT('Ctrl Pts',(21.2442325322198,9.05433112495888,95.1838610550794));
#7608=CARTESIAN_POINT('Ctrl Pts',(16.438812884065,9.2354139437024,85.7074130689189));
#7609=CARTESIAN_POINT('Ctrl Pts',(7.72230260091862,9.41649676244593,79.6314297811641));
#7610=CARTESIAN_POINT('Ctrl Pts',(-2.83148301324028,9.59757958118945,78.4014974091826));
#7611=CARTESIAN_POINT('Ctrl Pts',(-12.711607653561,9.77866239993298,82.3102390891869));
#7612=CARTESIAN_POINT('Ctrl Pts',(-19.5674111339444,9.9597452186765,90.4276945444163));
#7613=CARTESIAN_POINT('Ctrl Pts',(-21.7677739218199,10.14082803742,100.822574439394));
#7614=CARTESIAN_POINT('Ctrl Pts',(-18.7891899493263,10.3219108561636,111.021749011293));
#7615=CARTESIAN_POINT('Ctrl Pts',(-11.340318166627,10.5029936749071,118.59865033005));
#7616=CARTESIAN_POINT('Ctrl Pts',(-1.19337977217664,10.6840764936506,121.750596657084));
#7617=CARTESIAN_POINT('Ctrl Pts',(9.23748523448505,10.8651593123941,119.727683005423));
#7618=CARTESIAN_POINT('Ctrl Pts',(17.4705855822103,11.0462421311376,113.011197086912));
#7619=CARTESIAN_POINT('Ctrl Pts',(21.5471179258897,11.2273249498812,103.199112268679));
#7620=CARTESIAN_POINT('Ctrl Pts',(20.4972015578927,11.4084077686247,92.6259008336658));
#7621=CARTESIAN_POINT('Ctrl Pts',(14.5706305541879,11.5894905873682,83.8071208405308));
#7622=CARTESIAN_POINT('Ctrl Pts',(5.17744324988356,11.7705734061117,78.8409194052755));
#7623=CARTESIAN_POINT('Ctrl Pts',(-5.44755136013246,11.9516562248553,78.9088455887657));
#7624=CARTESIAN_POINT('Ctrl Pts',(-14.7764750641465,12.1327390435988,83.9947385245205));
#7625=CARTESIAN_POINT('Ctrl Pts',(-20.5898083390248,12.3138218623423,92.8885723808766));
#7626=CARTESIAN_POINT('Ctrl Pts',(-21.5044541515567,12.4949046810858,103.474343371546));
#7627=CARTESIAN_POINT('Ctrl Pts',(-17.3028017352616,12.6759874998294,113.233505292629));
#7628=CARTESIAN_POINT('Ctrl Pts',(-8.98450012396933,12.8570703185729,119.844177174733));
#7629=CARTESIAN_POINT('Ctrl Pts',(1.47137641701879,13.0381531373164,121.733560722055));
#7630=CARTESIAN_POINT('Ctrl Pts',(11.5771859205794,13.2192359560599,118.452137447465));
#7631=CARTESIAN_POINT('Ctrl Pts',(18.9285736935158,13.4003187748035,110.780617243412));
#7632=CARTESIAN_POINT('Ctrl Pts',(21.7765117448351,13.581401593547,100.544193391054));
#7633=CARTESIAN_POINT('Ctrl Pts',(19.4434241497973,13.7624844122905,90.1782960973724));
#7634=CARTESIAN_POINT('Ctrl Pts',(12.4843946062288,13.943567231034,82.1491596406284));
#7635=CARTESIAN_POINT('Ctrl Pts',(2.55510199243058,14.1246500497776,78.3670606706327));
#7636=CARTESIAN_POINT('Ctrl Pts',(-7.98209555614184,14.3057328685211,79.7318288749962));
#7637=CARTESIAN_POINT('Ctrl Pts',(-16.6202083351859,14.4868156872646,85.9187612364964));
#7638=CARTESIAN_POINT('Ctrl Pts',(-21.3040732235978,14.6678985060081,95.455874748266));
#7639=CARTESIAN_POINT('Ctrl Pts',(-20.9193141268289,14.8489813247516,106.074117769914));
#7640=CARTESIAN_POINT('Ctrl Pts',(-15.5574721866249,15.0300641434952,115.247218414592));
#7641=CARTESIAN_POINT('Ctrl Pts',(-6.49422648918435,15.2111469622387,120.792730280727));
#7642=CARTESIAN_POINT('Ctrl Pts',(4.11411304087109,15.3922297809822,121.391275887758));
#7643=CARTESIAN_POINT('Ctrl Pts',(13.7436307364341,15.5733125997258,116.900450420095));
#7644=CARTESIAN_POINT('Ctrl Pts',(20.103290331783,15.7543954184693,108.388702405732));
#7645=CARTESIAN_POINT('Ctrl Pts',(21.6800138904506,15.9354782372128,97.8811305050931));
#7646=CARTESIAN_POINT('Ctrl Pts',(18.0986703853366,16.1165610559563,87.8776759449916));
#7647=CARTESIAN_POINT('Ctrl Pts',(10.211326153422,16.2976438746998,80.7583413290479));
#7648=CARTESIAN_POINT('Ctrl Pts',(-0.105477092259206,16.4787266934434,78.2169450069121));
#7649=CARTESIAN_POINT('Ctrl Pts',(-10.3971854258878,16.6598095121869,80.8581310909584));
#7650=CARTESIAN_POINT('Ctrl Pts',(-18.2152154810321,16.8408923309304,88.0535136769174));
#7651=CARTESIAN_POINT('Ctrl Pts',(-21.6995165998048,17.0219751496739,98.0911812441291));
#7652=CARTESIAN_POINT('Ctrl Pts',(-20.0211106569505,17.2030579684175,108.58299126228));
#7653=CARTESIAN_POINT('Ctrl Pts',(-13.5793206086344,17.384140787161,117.032752611798));
#7654=CARTESIAN_POINT('Ctrl Pts',(-3.90676500737178,17.5652236059045,121.430114236209));
#7655=CARTESIAN_POINT('Ctrl Pts',(6.69528098672536,17.746306424648,120.728864636164));
#7656=CARTESIAN_POINT('Ctrl Pts',(15.7043978355772,17.9273892433916,115.095843172642));
#7657=CARTESIAN_POINT('Ctrl Pts',(20.9771563100319,18.1084720621351,105.871248636523));
#7658=CARTESIAN_POINT('Ctrl Pts',(21.2590668995572,18.2895548808786,95.2497763348652));
#7659=CARTESIAN_POINT('Ctrl Pts',(16.4830680876466,18.4706376996222,85.7584713632191));
#7660=CARTESIAN_POINT('Ctrl Pts',(7.78543582561745,18.6517205183657,79.6554767496169));
#7661=CARTESIAN_POINT('Ctrl Pts',(-2.76446455202932,18.8328033371092,78.3928253101095));
#7662=CARTESIAN_POINT('Ctrl Pts',(-12.6567050590115,19.0138861558527,82.2708838988947));
#7663=CARTESIAN_POINT('Ctrl Pts',(-19.5375729076362,19.1949689745962,90.3670748075862));
#7664=CARTESIAN_POINT('Ctrl Pts',(-21.7703296339747,19.3760517933398,100.755000813587));
#7665=CARTESIAN_POINT('Ctrl Pts',(-18.8230645329621,19.5571346120833,110.96352521983));
#7666=CARTESIAN_POINT('Ctrl Pts',(-11.3984011388166,19.7382174308268,118.5631662272));
#7667=CARTESIAN_POINT('Ctrl Pts',(-1.25989878080638,19.9193002495704,121.747257349406));
#7668=CARTESIAN_POINT('Ctrl Pts',(5.69571434077546,20.0400221287327,120.418568327345));
#7669=CARTESIAN_POINT('Ctrl Pts',(8.81166417403405,20.1003830683139,118.971291902816));
#7670=CARTESIAN_POINT('Ctrl Pts',(20.2983287146532,-0.258458190100713,95.3320590075169));
#7671=CARTESIAN_POINT('Ctrl Pts',(19.531638213547,-0.198097250519538,91.9981402971226));
#7672=CARTESIAN_POINT('Ctrl Pts',(16.3250639865861,-0.0773753713571886,
85.7184405534657));
#7673=CARTESIAN_POINT('Ctrl Pts',(7.62580539489111,0.103707447386335,79.6947742883847));
#7674=CARTESIAN_POINT('Ctrl Pts',(-2.88581584332925,0.28479026612986,78.503045430837));
#7675=CARTESIAN_POINT('Ctrl Pts',(-12.7117946762929,0.465873084873385,82.4253624420575));
#7676=CARTESIAN_POINT('Ctrl Pts',(-19.5129433453672,0.646955903616909,90.5292342584843));
#7677=CARTESIAN_POINT('Ctrl Pts',(-21.6718394379432,0.828038722360435,100.88625835734));
#7678=CARTESIAN_POINT('Ctrl Pts',(-18.6745001306302,1.00912154110396,111.032481880076));
#7679=CARTESIAN_POINT('Ctrl Pts',(-11.2342156819208,1.19020435984748,118.553850805753));
#7680=CARTESIAN_POINT('Ctrl Pts',(-1.12108072341578,1.37128717859101,121.660937083314));
#7681=CARTESIAN_POINT('Ctrl Pts',(9.25876597066437,1.55236999733453,119.614488236728));
#7682=CARTESIAN_POINT('Ctrl Pts',(17.4357916625792,1.73345281607806,112.90140155112));
#7683=CARTESIAN_POINT('Ctrl Pts',(21.4645241302986,1.91453563482158,103.118836655129));
#7684=CARTESIAN_POINT('Ctrl Pts',(20.3864600832899,2.09561845356511,92.594244977439));
#7685=CARTESIAN_POINT('Ctrl Pts',(14.4580879884393,2.27670127230863,83.831615838906));
#7686=CARTESIAN_POINT('Ctrl Pts',(5.08987590300991,2.45778409105215,78.9157376544766));
#7687=CARTESIAN_POINT('Ctrl Pts',(-5.48930983146696,2.63886690979568,79.0161863770961));
#7688=CARTESIAN_POINT('Ctrl Pts',(-14.7624894675125,2.8199497285392,84.1090635872955));
#7689=CARTESIAN_POINT('Ctrl Pts',(-20.5234061487359,3.00103254728273,92.9826816958509));
#7690=CARTESIAN_POINT('Ctrl Pts',(-21.4014336247948,3.18211536602625,103.525846643957));
#7691=CARTESIAN_POINT('Ctrl Pts',(-17.1876733286684,3.36319818476978,113.230148957463));
#7692=CARTESIAN_POINT('Ctrl Pts',(-8.88465496004994,3.5442810035133,119.78675976766));
#7693=CARTESIAN_POINT('Ctrl Pts',(1.53218336670001,3.72536382225683,121.635742880328));
#7694=CARTESIAN_POINT('Ctrl Pts',(11.5844875853232,3.90644664100035,118.337191803905));
#7695=CARTESIAN_POINT('Ctrl Pts',(18.8806328746404,4.08752945974388,110.675891443346));
#7696=CARTESIAN_POINT('Ctrl Pts',(21.6847344297878,4.26861227848739,100.474603594888));
#7697=CARTESIAN_POINT('Ctrl Pts',(19.3296458200766,4.44969509723093,90.1603989750198));
#7698=CARTESIAN_POINT('Ctrl Pts',(12.3756851825375,4.63077791597444,82.1872132409397));
#7699=CARTESIAN_POINT('Ctrl Pts',(2.47732541100572,4.81186073471797,78.4520113544435));
#7700=CARTESIAN_POINT('Ctrl Pts',(-8.01043484113292,4.9929435534615,79.8434653395769));
#7701=CARTESIAN_POINT('Ctrl Pts',(-16.5923678957634,5.17402637220502,86.0305231496429));
#7702=CARTESIAN_POINT('Ctrl Pts',(-21.2266768033703,5.35510919094855,95.5411719313035));
#7703=CARTESIAN_POINT('Ctrl Pts',(-20.8107757327319,5.53619200969207,106.11265648167));
#7704=CARTESIAN_POINT('Ctrl Pts',(-15.443615063895,5.71727482843559,115.229829599152));
#7705=CARTESIAN_POINT('Ctrl Pts',(-6.40213930474187,5.89835764717911,120.723551051488));
#7706=CARTESIAN_POINT('Ctrl Pts',(4.1625210818708,6.07944046592265,121.286765233448));
#7707=CARTESIAN_POINT('Ctrl Pts',(13.7368424862177,6.26052328466617,116.785473313845));
#7708=CARTESIAN_POINT('Ctrl Pts',(20.0429208379122,6.44160610340968,108.290613978841));
#7709=CARTESIAN_POINT('Ctrl Pts',(21.5804261460493,6.62268892215323,97.8232677666113));
#7710=CARTESIAN_POINT('Ctrl Pts',(17.9835581150534,6.80377174089673,87.873805486326));
#7711=CARTESIAN_POINT('Ctrl Pts',(10.1080766450183,6.98485455964027,80.8093840015647));
#7712=CARTESIAN_POINT('Ctrl Pts',(-0.172298912133634,7.16593737838378,78.3107568378738));
#7713=CARTESIAN_POINT('Ctrl Pts',(-10.4116814446421,7.34702019712731,80.9723925477673));
#7714=CARTESIAN_POINT('Ctrl Pts',(-18.173936822055,7.52810301587084,88.1610399000199));
#7715=CARTESIAN_POINT('Ctrl Pts',(-21.6122842258836,7.70918583461436,98.166389790444));
#7716=CARTESIAN_POINT('Ctrl Pts',(-19.9086786777101,7.89026865335789,108.607988683116));
#7717=CARTESIAN_POINT('Ctrl Pts',(-13.4684387216514,8.07135147210141,117.001591521445));
#7718=CARTESIAN_POINT('Ctrl Pts',(-3.82381381859517,8.25243429084494,121.350208517522));
#7719=CARTESIAN_POINT('Ctrl Pts',(6.73056548834234,8.43351710958846,120.619225108333));
#7720=CARTESIAN_POINT('Ctrl Pts',(15.6836216440704,8.61459992833198,114.982555455816));
#7721=CARTESIAN_POINT('Ctrl Pts',(20.9052608071315,8.79568274707551,105.781265125107));
#7722=CARTESIAN_POINT('Ctrl Pts',(21.1531606654473,8.97676556581904,95.2045073534892));
#7723=CARTESIAN_POINT('Ctrl Pts',(16.368341363166,9.15784838456255,85.7686839371817));
#7724=CARTESIAN_POINT('Ctrl Pts',(7.68919787413777,9.33893120330609,79.7187477725531));
#7725=CARTESIAN_POINT('Ctrl Pts',(-2.81934473319843,9.5200140220496,78.494087995708));
#7726=CARTESIAN_POINT('Ctrl Pts',(-12.6571142828575,9.70109684079314,82.386073297199));
#7727=CARTESIAN_POINT('Ctrl Pts',(-19.4835276301665,9.88217965953664,90.4687300455028));
#7728=CARTESIAN_POINT('Ctrl Pts',(-21.6744576862941,10.0632624782802,100.819048146333));
#7729=CARTESIAN_POINT('Ctrl Pts',(-18.7086426007114,10.2443452970237,110.974499892925));
#7730=CARTESIAN_POINT('Ctrl Pts',(-11.2917033746517,10.4254281157672,118.518919805427));
#7731=CARTESIAN_POINT('Ctrl Pts',(-1.18826387432267,10.6065109345108,121.657354058747));
#7732=CARTESIAN_POINT('Ctrl Pts',(9.19788507367376,10.7875937532543,119.643112432414));
#7733=CARTESIAN_POINT('Ctrl Pts',(17.3956909565669,10.9686765719978,112.955419406742));
#7734=CARTESIAN_POINT('Ctrl Pts',(21.4547476202031,11.1497593907413,103.185397999364));
#7735=CARTESIAN_POINT('Ctrl Pts',(20.40933213702,11.3308422094848,92.6575128476949));
#7736=CARTESIAN_POINT('Ctrl Pts',(14.508167741158,11.5119250282284,83.8765380685355));
#7737=CARTESIAN_POINT('Ctrl Pts',(5.15524807662134,11.6930078469719,78.9316262343423));
#7738=CARTESIAN_POINT('Ctrl Pts',(-5.4241982608405,11.8740906657154,78.999261225184));
#7739=CARTESIAN_POINT('Ctrl Pts',(-14.7131298166131,12.055173484459,84.0633514545732));
#7740=CARTESIAN_POINT('Ctrl Pts',(-20.501541922289,12.2362563032025,92.9190583486662));
#7741=CARTESIAN_POINT('Ctrl Pts',(-21.4122667411366,12.417339121946,103.459449214453));
#7742=CARTESIAN_POINT('Ctrl Pts',(-17.2286263819259,12.5984219406895,113.176774599763));
#7743=CARTESIAN_POINT('Ctrl Pts',(-8.94598448462736,12.779504759433,119.759107203054));
#7744=CARTESIAN_POINT('Ctrl Pts',(1.46506877578865,12.9605875781766,121.640391155041));
#7745=CARTESIAN_POINT('Ctrl Pts',(11.5275557006051,13.1416703969201,118.373035008686));
#7746=CARTESIAN_POINT('Ctrl Pts',(18.8474288209488,13.3227532156636,110.734401832437));
#7747=CARTESIAN_POINT('Ctrl Pts',(21.6831580511496,13.5038360344072,100.541860489268));
#7748=CARTESIAN_POINT('Ctrl Pts',(19.3600721656253,13.6849188531507,90.2204007442664));
#7749=CARTESIAN_POINT('Ctrl Pts',(12.4308752747778,13.8660016718942,82.2256843798732));
#7750=CARTESIAN_POINT('Ctrl Pts',(2.54414852974879,14.0470844906377,78.459798883958));
#7751=CARTESIAN_POINT('Ctrl Pts',(-7.94787712335297,14.2281673093812,79.818716465669));
#7752=CARTESIAN_POINT('Ctrl Pts',(-16.5489591904151,14.4092501281248,85.9791260766344));
#7753=CARTESIAN_POINT('Ctrl Pts',(-21.2127448258602,14.5903329468683,95.4753549516057));
#7754=CARTESIAN_POINT('Ctrl Pts',(-20.8296351522534,14.7714157656118,106.048078644073));
#7755=CARTESIAN_POINT('Ctrl Pts',(-15.490778883765,14.9524985843553,115.181855138136));
#7756=CARTESIAN_POINT('Ctrl Pts',(-6.46638639994044,15.1335814030989,120.703593958241));
#7757=CARTESIAN_POINT('Ctrl Pts',(4.09647625619648,15.3146642218424,121.299573661057));
#7758=CARTESIAN_POINT('Ctrl Pts',(13.6847131876124,15.4957470405859,116.827999905975));
#7759=CARTESIAN_POINT('Ctrl Pts',(20.0171095683209,15.6768298593294,108.352740890684));
#7760=CARTESIAN_POINT('Ctrl Pts',(21.587073873265,15.857912678073,97.8902138833724));
#7761=CARTESIAN_POINT('Ctrl Pts',(18.0210832239444,16.0389954968165,87.9296431167711));
#7762=CARTESIAN_POINT('Ctrl Pts',(10.1675512355222,16.22007831556,80.8408283651073));
#7763=CARTESIAN_POINT('Ctrl Pts',(-0.105024922686652,16.4011611343035,78.3103267508405));
#7764=CARTESIAN_POINT('Ctrl Pts',(-10.3526137481497,16.5822439530471,80.9401903384419));
#7765=CARTESIAN_POINT('Ctrl Pts',(-18.1371287026847,16.7633267717906,88.1047270502117));
#7766=CARTESIAN_POINT('Ctrl Pts',(-21.6064929764257,16.9444095905341,98.0993641562087));
#7767=CARTESIAN_POINT('Ctrl Pts',(-19.9352821895258,17.1254924092776,108.546196850681));
#7768=CARTESIAN_POINT('Ctrl Pts',(-13.5211074403977,17.3065752280211,116.959734931541));
#7769=CARTESIAN_POINT('Ctrl Pts',(-3.89001710314225,17.4876580467647,121.338245513618));
#7770=CARTESIAN_POINT('Ctrl Pts',(6.66657899826454,17.6687408655082,120.640002098877));
#7771=CARTESIAN_POINT('Ctrl Pts',(15.637074675381,17.8498236842517,115.031128827141));
#7772=CARTESIAN_POINT('Ctrl Pts',(20.8872293759529,18.0309065029952,105.846079188691));
#7773=CARTESIAN_POINT('Ctrl Pts',(21.1679314311366,18.2119893217388,95.2701400639164));
#7774=CARTESIAN_POINT('Ctrl Pts',(16.4124068658373,18.3930721404823,85.8195233441921));
#7775=CARTESIAN_POINT('Ctrl Pts',(7.75206041939269,18.5741549592258,79.742691665373));
#7776=CARTESIAN_POINT('Ctrl Pts',(-2.75261350502663,18.7552377779693,78.4854530502023));
#7777=CARTESIAN_POINT('Ctrl Pts',(-12.6024471884672,18.9363205967129,82.3468868648661));
#7778=CARTESIAN_POINT('Ctrl Pts',(-19.4538170371844,19.1174034154564,90.4083700856459));
#7779=CARTESIAN_POINT('Ctrl Pts',(-21.6770030097539,19.2984862341999,100.751764391545));
#7780=CARTESIAN_POINT('Ctrl Pts',(-18.7423708172025,19.4795690529435,110.916525316269));
#7781=CARTESIAN_POINT('Ctrl Pts',(-11.3495397007171,19.660651871687,118.48358860455));
#7782=CARTESIAN_POINT('Ctrl Pts',(-1.25449273683811,19.8417346904305,121.654027393634));
#7783=CARTESIAN_POINT('Ctrl Pts',(5.6712886685178,19.9624565695929,120.331038705579));
#7784=CARTESIAN_POINT('Ctrl Pts',(8.77388895084386,20.022817509174,118.889962794979));
#7785=CARTESIAN_POINT('Ctrl Pts',(20.2556116750001,-0.281275699274737,95.3418825069427));
#7786=CARTESIAN_POINT('Ctrl Pts',(19.4905344623344,-0.220914759693562,92.0149791078238));
#7787=CARTESIAN_POINT('Ctrl Pts',(16.2907087636392,-0.100192880531212,85.7484958989779));
#7788=CARTESIAN_POINT('Ctrl Pts',(7.60975715248374,0.0808899382123119,79.7375055333777));
#7789=CARTESIAN_POINT('Ctrl Pts',(-2.87974273619831,0.261972756955836,78.5482849216696));
#7790=CARTESIAN_POINT('Ctrl Pts',(-12.6850432837652,0.443055575699362,82.4623474403728));
#7791=CARTESIAN_POINT('Ctrl Pts',(-19.4718792101511,0.624138394442885,90.5491650907215));
#7792=CARTESIAN_POINT('Ctrl Pts',(-21.6262320141715,0.805221213186411,100.884393253748));
#7793=CARTESIAN_POINT('Ctrl Pts',(-18.6352004685875,0.986304031929935,111.009264515646));
#7794=CARTESIAN_POINT('Ctrl Pts',(-11.2105737727027,1.16738685067346,118.514805044034));
#7795=CARTESIAN_POINT('Ctrl Pts',(-1.11872145808438,1.34846966941698,121.615352600277));
#7796=CARTESIAN_POINT('Ctrl Pts',(9.23928130674543,1.52955248816051,119.573210412649));
#7797=CARTESIAN_POINT('Ctrl Pts',(17.3990988099642,1.71063530690403,112.874251122265));
#7798=CARTESIAN_POINT('Ctrl Pts',(21.4193529881246,1.89171812564756,103.112273201093));
#7799=CARTESIAN_POINT('Ctrl Pts',(20.3435576793347,2.07280094439108,92.6098300615713));
#7800=CARTESIAN_POINT('Ctrl Pts',(14.4276615814266,2.2538837631346,83.8656414885465));
#7801=CARTESIAN_POINT('Ctrl Pts',(5.07916448419645,2.43496658187813,78.9601085524951));
#7802=CARTESIAN_POINT('Ctrl Pts',(-5.4777578216058,2.61604940062165,79.0603458851871));
#7803=CARTESIAN_POINT('Ctrl Pts',(-14.7314224610574,2.79713221936518,84.1425053604628));
#7804=CARTESIAN_POINT('Ctrl Pts',(-20.4802155478108,2.9782150381087,92.9974493319926));
#7805=CARTESIAN_POINT('Ctrl Pts',(-21.3563952538615,3.15929785685223,103.518426655569));
#7806=CARTESIAN_POINT('Ctrl Pts',(-17.1515026299939,3.34038067559575,113.20230669387));
#7807=CARTESIAN_POINT('Ctrl Pts',(-8.86595759646583,3.52146349433928,119.745119406477));
#7808=CARTESIAN_POINT('Ctrl Pts',(1.52895895454064,3.7025463130828,121.590211415925));
#7809=CARTESIAN_POINT('Ctrl Pts',(11.5601085433356,3.88362913182633,118.298601994418));
#7810=CARTESIAN_POINT('Ctrl Pts',(18.8408994174448,4.06471195056985,110.653424501772));
#7811=CARTESIAN_POINT('Ctrl Pts',(21.6390998648352,4.24579476931338,100.473604812605));
#7812=CARTESIAN_POINT('Ctrl Pts',(19.2889674349876,4.42687758805689,90.1811059803805));
#7813=CARTESIAN_POINT('Ctrl Pts',(12.3496411001843,4.60796040680043,82.2246994631932));
#7814=CARTESIAN_POINT('Ctrl Pts',(2.4721119891977,4.78904322554394,78.4973581439386));
#7815=CARTESIAN_POINT('Ctrl Pts',(-7.99357723514102,4.97012604428748,79.8858838756747));
#7816=CARTESIAN_POINT('Ctrl Pts',(-16.5574499910545,5.15120886303098,86.0599212961015));
#7817=CARTESIAN_POINT('Ctrl Pts',(-21.1820062004423,5.33229168177453,95.5505553378548));
#7818=CARTESIAN_POINT('Ctrl Pts',(-20.7669803752206,5.51337450051804,106.099792666338));
#7819=CARTESIAN_POINT('Ctrl Pts',(-15.4111146587358,5.69445731926157,115.197779096052));
#7820=CARTESIAN_POINT('Ctrl Pts',(-6.38866628560558,5.87554013800509,120.679939254463));
#7821=CARTESIAN_POINT('Ctrl Pts',(4.15376124027383,6.05662295674862,121.241968177076));
#7822=CARTESIAN_POINT('Ctrl Pts',(13.7079339084941,6.23770577549215,116.750149027321));
#7823=CARTESIAN_POINT('Ctrl Pts',(20.0007413970812,6.41878859423566,108.27316674824));
#7824=CARTESIAN_POINT('Ctrl Pts',(21.5350110932685,6.5998714129792,97.8278486033659));
#7825=CARTESIAN_POINT('Ctrl Pts',(17.9457125120308,6.78095423172271,87.8993245265961));
#7826=CARTESIAN_POINT('Ctrl Pts',(10.0868046445842,6.96203705046624,80.8497698045404));
#7827=CARTESIAN_POINT('Ctrl Pts',(-0.171936316690163,7.14311986920977,78.3564008912543));
#7828=CARTESIAN_POINT('Ctrl Pts',(-10.3897705213292,7.32420268795328,81.012435306464));
#7829=CARTESIAN_POINT('Ctrl Pts',(-18.1356905754598,7.50528550669682,88.1859544681649));
#7830=CARTESIAN_POINT('Ctrl Pts',(-21.5668021291821,7.68636832544033,98.1702485420683));
#7831=CARTESIAN_POINT('Ctrl Pts',(-19.8667817435705,7.86745114418386,108.589873551481));
#7832=CARTESIAN_POINT('Ctrl Pts',(-13.4400949877845,8.04853396292738,116.965812423708));
#7833=CARTESIAN_POINT('Ctrl Pts',(-3.81576677145994,8.22961678167091,121.305277947563));
#7834=CARTESIAN_POINT('Ctrl Pts',(6.71640131082197,8.41069960041444,120.575832860642));
#7835=CARTESIAN_POINT('Ctrl Pts',(15.6506161556737,8.59178241915795,114.951025330219));
#7836=CARTESIAN_POINT('Ctrl Pts',(20.8612666099582,8.7728652379015,105.769098708233));
#7837=CARTESIAN_POINT('Ctrl Pts',(21.1086447739815,8.953948056645,95.2145992557612));
#7838=CARTESIAN_POINT('Ctrl Pts',(16.3338949123911,9.13503087538853,85.7986331126872));
#7839=CARTESIAN_POINT('Ctrl Pts',(7.67301629714142,9.31611369413206,79.7614287712571));
#7840=CARTESIAN_POINT('Ctrl Pts',(-2.8134115468471,9.49719651287558,78.5393462367717));
#7841=CARTESIAN_POINT('Ctrl Pts',(-12.6304779454044,9.67827933161912,82.4231410272554));
#7842=CARTESIAN_POINT('Ctrl Pts',(-19.4425254076111,9.85936215036262,90.4887881817566));
#7843=CARTESIAN_POINT('Ctrl Pts',(-21.6288447482938,10.0404449691062,100.817324495718));
#7844=CARTESIAN_POINT('Ctrl Pts',(-18.6692710894437,10.2215277878497,110.951404543069));
#7845=CARTESIAN_POINT('Ctrl Pts',(-11.2679404840918,10.4026106065932,118.479947557395));
#7846=CARTESIAN_POINT('Ctrl Pts',(-1.18576322553081,10.5836934253367,121.611777114575));
#7847=CARTESIAN_POINT('Ctrl Pts',(9.17852853116317,10.7647762440802,119.601774370697));
#7848=CARTESIAN_POINT('Ctrl Pts',(17.3590824939904,10.9458590628238,112.928155299343));
#7849=CARTESIAN_POINT('Ctrl Pts',(21.4095970523238,11.1269418815673,103.178694470097));
#7850=CARTESIAN_POINT('Ctrl Pts',(20.3663815998086,11.3080247003108,92.6729647873048));
#7851=CARTESIAN_POINT('Ctrl Pts',(14.4776359435346,11.4891075190543,83.9104691813722));
#7852=CARTESIAN_POINT('Ctrl Pts',(5.14439908495113,11.6701903377979,78.9759636955258));
#7853=CARTESIAN_POINT('Ctrl Pts',(-5.41278327539755,11.8512731565414,79.0434563515193));
#7854=CARTESIAN_POINT('Ctrl Pts',(-14.682166685363,12.0323559752849,84.0968894268978));
#7855=CARTESIAN_POINT('Ctrl Pts',(-20.4583973336609,12.2134387940284,92.933959877332));
#7856=CARTESIAN_POINT('Ctrl Pts',(-21.3672055723893,12.394521612772,103.452168956519));
#7857=CARTESIAN_POINT('Ctrl Pts',(-17.192369499361,12.5756044315155,113.149044660147));
#7858=CARTESIAN_POINT('Ctrl Pts',(-8.9271580557702,12.756687250259,119.71752503547));
#7859=CARTESIAN_POINT('Ctrl Pts',(1.46198560331885,12.9377700690025,121.59484990855));
#7860=CARTESIAN_POINT('Ctrl Pts',(11.5032964692519,13.1188528877461,118.334369768759));
#7861=CARTESIAN_POINT('Ctrl Pts',(18.8077652402163,13.2999357064896,110.711811758335));
#7862=CARTESIAN_POINT('Ctrl Pts',(21.6375268036161,13.4810185252331,100.540720167824));
#7863=CARTESIAN_POINT('Ctrl Pts',(19.3193297496372,13.6621013439766,90.2409814785563));
#7864=CARTESIAN_POINT('Ctrl Pts',(12.4047150473154,13.8431841627202,82.2630896413156));
#7865=CARTESIAN_POINT('Ctrl Pts',(2.53879448164156,14.0242669814637,78.5051292849415));
#7866=CARTESIAN_POINT('Ctrl Pts',(-7.93115116731256,14.2053498002072,79.8611870846779));
#7867=CARTESIAN_POINT('Ctrl Pts',(-16.5141326374075,14.3864326189507,86.008632385961));
#7868=CARTESIAN_POINT('Ctrl Pts',(-21.168103542163,14.5675154376943,95.4848768670811));
#7869=CARTESIAN_POINT('Ctrl Pts',(-20.7858001059275,14.7485982564378,106.035350729944));
#7870=CARTESIAN_POINT('Ctrl Pts',(-15.458179224432,14.9296810751813,115.149905595168));
#7871=CARTESIAN_POINT('Ctrl Pts',(-6.45277817563259,15.1107638939248,120.660024160035));
#7872=CARTESIAN_POINT('Ctrl Pts',(4.08785540301538,15.2918467126684,121.254749649915));
#7873=CARTESIAN_POINT('Ctrl Pts',(13.6559143136931,15.4729295314119,116.792586124118));
#7874=CARTESIAN_POINT('Ctrl Pts',(19.9749844461656,15.6540123501554,108.335162916744));
#7875=CARTESIAN_POINT('Ctrl Pts',(21.5416448306362,15.8350951688989,97.8946538349838));
#7876=CARTESIAN_POINT('Ctrl Pts',(17.9831586509889,16.0161779876425,87.9550446492165));
#7877=CARTESIAN_POINT('Ctrl Pts',(10.146154073442,16.197260806386,80.8811479948099));
#7878=CARTESIAN_POINT('Ctrl Pts',(-0.104803902380503,16.3783436251295,78.3559717093204));
#7879=CARTESIAN_POINT('Ctrl Pts',(-10.3308271301915,16.559426443873,80.9803008652641));
#7880=CARTESIAN_POINT('Ctrl Pts',(-18.0989599171521,16.7405092626166,88.1297601262602));
#7881=CARTESIAN_POINT('Ctrl Pts',(-21.5610230671475,16.9215920813601,98.1033639603155));
#7882=CARTESIAN_POINT('Ctrl Pts',(-19.8933292694821,17.1026749001036,108.528211757228));
#7883=CARTESIAN_POINT('Ctrl Pts',(-13.4926528675194,17.2837577188471,116.924043919139));
#7884=CARTESIAN_POINT('Ctrl Pts',(-3.88183073416431,17.4648405375907,121.293340119286));
#7885=CARTESIAN_POINT('Ctrl Pts',(6.65254947757055,17.6459233563342,120.5965661269));
#7886=CARTESIAN_POINT('Ctrl Pts',(15.6041671428464,17.8270061750777,114.99949648109));
#7887=CARTESIAN_POINT('Ctrl Pts',(20.8432731254853,18.0080889938212,105.833776373367));
#7888=CARTESIAN_POINT('Ctrl Pts',(21.1233844545267,18.1891718125648,95.2800938452918));
#7889=CARTESIAN_POINT('Ctrl Pts',(16.3778676826196,18.3702546313083,85.8493655299249));
#7890=CARTESIAN_POINT('Ctrl Pts',(7.7357465479929,18.5513374500518,79.7853222762018));
#7891=CARTESIAN_POINT('Ctrl Pts',(-2.74682074560831,18.7324202687953,78.5307294611249));
#7892=CARTESIAN_POINT('Ctrl Pts',(-12.5759259076215,18.9135030875389,82.3840370650917));
#7893=CARTESIAN_POINT('Ctrl Pts',(-19.4128773147043,19.0945859062824,90.428555238555));
#7894=CARTESIAN_POINT('Ctrl Pts',(-21.6313847649676,19.2756687250259,100.75018235325));
#7895=CARTESIAN_POINT('Ctrl Pts',(-18.7029282255682,19.4567515437694,110.893551937628));
#7896=CARTESIAN_POINT('Ctrl Pts',(-11.3256553021296,19.6378343625129,118.444690778298));
#7897=CARTESIAN_POINT('Ctrl Pts',(-1.25185227528959,19.8189171812565,121.608457303658));
#7898=CARTESIAN_POINT('Ctrl Pts',(5.65935292756868,19.9396390604188,120.288253170669));
#7899=CARTESIAN_POINT('Ctrl Pts',(8.75542464437343,20.,118.850209606374));
#7900=CARTESIAN_POINT('',(8.75542464437343,20.,118.850209606374));
#7901=CARTESIAN_POINT('Ctrl Pts',(8.75542464437343,20.,118.850209606374));
#7902=CARTESIAN_POINT('Ctrl Pts',(7.25203686049473,20.,119.611569684894));
#7903=CARTESIAN_POINT('Ctrl Pts',(5.1021429460494,20.,120.424100418385));
#7904=CARTESIAN_POINT('Ctrl Pts',(0.95300617678413,20.,120.957228056903));
#7905=CARTESIAN_POINT('Ctrl Pts',(-0.555199350492003,20.,120.982439475827));
#7906=CARTESIAN_POINT('Ctrl Pts',(-3.66947144937552,20.,120.691304045092));
#7907=CARTESIAN_POINT('Ctrl Pts',(-5.2641461882432,20.,120.348002406804));
#7908=CARTESIAN_POINT('Ctrl Pts',(-6.80111604273473,20.,119.820616679944));
#7909=CARTESIAN_POINT('',(11.3796996495747,0.,82.6077517614026));
#7910=CARTESIAN_POINT('Ctrl Pts',(11.3788334869851,9.64939933512099E-16,
82.6090896800501));
#7911=CARTESIAN_POINT('Ctrl Pts',(10.1026743288403,0.0269633127374379,81.7736061304362));
#7912=CARTESIAN_POINT('Ctrl Pts',(5.67514841660023,0.11428756505605,79.5181741440151));
#7913=CARTESIAN_POINT('Ctrl Pts',(-2.87974273619831,0.261972756955836,78.5482849216696));
#7914=CARTESIAN_POINT('Ctrl Pts',(-12.6850432837652,0.443055575699362,82.4623474403728));
#7915=CARTESIAN_POINT('Ctrl Pts',(-19.4718792101511,0.624138394442885,90.5491650907215));
#7916=CARTESIAN_POINT('Ctrl Pts',(-21.6262320141715,0.805221213186411,100.884393253748));
#7917=CARTESIAN_POINT('Ctrl Pts',(-18.6352004685875,0.986304031929935,111.009264515646));
#7918=CARTESIAN_POINT('Ctrl Pts',(-11.2105737727027,1.16738685067346,118.514805044034));
#7919=CARTESIAN_POINT('Ctrl Pts',(-1.11872145808438,1.34846966941698,121.615352600277));
#7920=CARTESIAN_POINT('Ctrl Pts',(9.23928130674543,1.52955248816051,119.573210412649));
#7921=CARTESIAN_POINT('Ctrl Pts',(17.3990988099642,1.71063530690403,112.874251122265));
#7922=CARTESIAN_POINT('Ctrl Pts',(21.4193529881246,1.89171812564756,103.112273201093));
#7923=CARTESIAN_POINT('Ctrl Pts',(20.3435576793347,2.07280094439108,92.6098300615713));
#7924=CARTESIAN_POINT('Ctrl Pts',(14.4276615814266,2.2538837631346,83.8656414885465));
#7925=CARTESIAN_POINT('Ctrl Pts',(5.07916448419645,2.43496658187813,78.9601085524951));
#7926=CARTESIAN_POINT('Ctrl Pts',(-5.4777578216058,2.61604940062165,79.0603458851871));
#7927=CARTESIAN_POINT('Ctrl Pts',(-14.7314224610574,2.79713221936518,84.1425053604628));
#7928=CARTESIAN_POINT('Ctrl Pts',(-20.4802155478108,2.9782150381087,92.9974493319926));
#7929=CARTESIAN_POINT('Ctrl Pts',(-21.3563952538615,3.15929785685223,103.518426655569));
#7930=CARTESIAN_POINT('Ctrl Pts',(-17.1515026299939,3.34038067559575,113.20230669387));
#7931=CARTESIAN_POINT('Ctrl Pts',(-8.86595759646583,3.52146349433928,119.745119406477));
#7932=CARTESIAN_POINT('Ctrl Pts',(1.52895895454064,3.7025463130828,121.590211415925));
#7933=CARTESIAN_POINT('Ctrl Pts',(11.5601085433356,3.88362913182633,118.298601994418));
#7934=CARTESIAN_POINT('Ctrl Pts',(18.8408994174448,4.06471195056985,110.653424501772));
#7935=CARTESIAN_POINT('Ctrl Pts',(21.6390998648352,4.24579476931338,100.473604812605));
#7936=CARTESIAN_POINT('Ctrl Pts',(19.2889674349876,4.42687758805689,90.1811059803805));
#7937=CARTESIAN_POINT('Ctrl Pts',(12.3496411001843,4.60796040680043,82.2246994631932));
#7938=CARTESIAN_POINT('Ctrl Pts',(2.4721119891977,4.78904322554394,78.4973581439386));
#7939=CARTESIAN_POINT('Ctrl Pts',(-7.99357723514102,4.97012604428748,79.8858838756747));
#7940=CARTESIAN_POINT('Ctrl Pts',(-16.5574499910545,5.15120886303098,86.0599212961015));
#7941=CARTESIAN_POINT('Ctrl Pts',(-21.1820062004423,5.33229168177453,95.5505553378548));
#7942=CARTESIAN_POINT('Ctrl Pts',(-20.7669803752206,5.51337450051804,106.099792666338));
#7943=CARTESIAN_POINT('Ctrl Pts',(-15.4111146587358,5.69445731926157,115.197779096052));
#7944=CARTESIAN_POINT('Ctrl Pts',(-6.38866628560558,5.87554013800509,120.679939254463));
#7945=CARTESIAN_POINT('Ctrl Pts',(4.15376124027383,6.05662295674862,121.241968177076));
#7946=CARTESIAN_POINT('Ctrl Pts',(13.7079339084941,6.23770577549215,116.750149027321));
#7947=CARTESIAN_POINT('Ctrl Pts',(20.0007413970812,6.41878859423566,108.27316674824));
#7948=CARTESIAN_POINT('Ctrl Pts',(21.5350110932685,6.5998714129792,97.8278486033659));
#7949=CARTESIAN_POINT('Ctrl Pts',(17.9457125120308,6.78095423172271,87.8993245265961));
#7950=CARTESIAN_POINT('Ctrl Pts',(10.0868046445842,6.96203705046624,80.8497698045404));
#7951=CARTESIAN_POINT('Ctrl Pts',(-0.171936316690163,7.14311986920977,78.3564008912543));
#7952=CARTESIAN_POINT('Ctrl Pts',(-10.3897705213292,7.32420268795328,81.012435306464));
#7953=CARTESIAN_POINT('Ctrl Pts',(-18.1356905754598,7.50528550669682,88.1859544681649));
#7954=CARTESIAN_POINT('Ctrl Pts',(-21.5668021291821,7.68636832544033,98.1702485420683));
#7955=CARTESIAN_POINT('Ctrl Pts',(-19.8667817435705,7.86745114418386,108.589873551481));
#7956=CARTESIAN_POINT('Ctrl Pts',(-13.4400949877845,8.04853396292738,116.965812423708));
#7957=CARTESIAN_POINT('Ctrl Pts',(-3.81576677145994,8.22961678167091,121.305277947563));
#7958=CARTESIAN_POINT('Ctrl Pts',(6.71640131082197,8.41069960041444,120.575832860642));
#7959=CARTESIAN_POINT('Ctrl Pts',(15.6506161556737,8.59178241915795,114.951025330219));
#7960=CARTESIAN_POINT('Ctrl Pts',(20.8612666099582,8.7728652379015,105.769098708233));
#7961=CARTESIAN_POINT('Ctrl Pts',(21.1086447739815,8.953948056645,95.2145992557612));
#7962=CARTESIAN_POINT('Ctrl Pts',(16.3338949123911,9.13503087538853,85.7986331126872));
#7963=CARTESIAN_POINT('Ctrl Pts',(7.67301629714142,9.31611369413206,79.7614287712571));
#7964=CARTESIAN_POINT('Ctrl Pts',(-2.8134115468471,9.49719651287558,78.5393462367717));
#7965=CARTESIAN_POINT('Ctrl Pts',(-12.6304779454044,9.67827933161912,82.4231410272554));
#7966=CARTESIAN_POINT('Ctrl Pts',(-19.4425254076111,9.85936215036262,90.4887881817566));
#7967=CARTESIAN_POINT('Ctrl Pts',(-21.6288447482938,10.0404449691062,100.817324495718));
#7968=CARTESIAN_POINT('Ctrl Pts',(-18.6692710894437,10.2215277878497,110.951404543069));
#7969=CARTESIAN_POINT('Ctrl Pts',(-11.2679404840918,10.4026106065932,118.479947557395));
#7970=CARTESIAN_POINT('Ctrl Pts',(-1.18576322553081,10.5836934253367,121.611777114575));
#7971=CARTESIAN_POINT('Ctrl Pts',(9.17852853116317,10.7647762440802,119.601774370697));
#7972=CARTESIAN_POINT('Ctrl Pts',(17.3590824939904,10.9458590628238,112.928155299343));
#7973=CARTESIAN_POINT('Ctrl Pts',(21.4095970523238,11.1269418815673,103.178694470097));
#7974=CARTESIAN_POINT('Ctrl Pts',(20.3663815998086,11.3080247003108,92.6729647873048));
#7975=CARTESIAN_POINT('Ctrl Pts',(14.4776359435346,11.4891075190543,83.9104691813722));
#7976=CARTESIAN_POINT('Ctrl Pts',(5.14439908495113,11.6701903377979,78.9759636955258));
#7977=CARTESIAN_POINT('Ctrl Pts',(-5.41278327539755,11.8512731565414,79.0434563515193));
#7978=CARTESIAN_POINT('Ctrl Pts',(-14.682166685363,12.0323559752849,84.0968894268978));
#7979=CARTESIAN_POINT('Ctrl Pts',(-20.4583973336609,12.2134387940284,92.933959877332));
#7980=CARTESIAN_POINT('Ctrl Pts',(-21.3672055723893,12.394521612772,103.452168956519));
#7981=CARTESIAN_POINT('Ctrl Pts',(-17.192369499361,12.5756044315155,113.149044660147));
#7982=CARTESIAN_POINT('Ctrl Pts',(-8.9271580557702,12.756687250259,119.71752503547));
#7983=CARTESIAN_POINT('Ctrl Pts',(1.46198560331885,12.9377700690025,121.59484990855));
#7984=CARTESIAN_POINT('Ctrl Pts',(11.5032964692519,13.1188528877461,118.334369768759));
#7985=CARTESIAN_POINT('Ctrl Pts',(18.8077652402163,13.2999357064896,110.711811758335));
#7986=CARTESIAN_POINT('Ctrl Pts',(21.6375268036161,13.4810185252331,100.540720167824));
#7987=CARTESIAN_POINT('Ctrl Pts',(19.3193297496372,13.6621013439766,90.2409814785563));
#7988=CARTESIAN_POINT('Ctrl Pts',(12.4047150473154,13.8431841627202,82.2630896413156));
#7989=CARTESIAN_POINT('Ctrl Pts',(2.53879448164156,14.0242669814637,78.5051292849415));
#7990=CARTESIAN_POINT('Ctrl Pts',(-7.93115116731256,14.2053498002072,79.8611870846779));
#7991=CARTESIAN_POINT('Ctrl Pts',(-16.5141326374075,14.3864326189507,86.008632385961));
#7992=CARTESIAN_POINT('Ctrl Pts',(-21.168103542163,14.5675154376943,95.4848768670811));
#7993=CARTESIAN_POINT('Ctrl Pts',(-20.7858001059275,14.7485982564378,106.035350729944));
#7994=CARTESIAN_POINT('Ctrl Pts',(-15.458179224432,14.9296810751813,115.149905595168));
#7995=CARTESIAN_POINT('Ctrl Pts',(-6.45277817563259,15.1107638939248,120.660024160035));
#7996=CARTESIAN_POINT('Ctrl Pts',(4.08785540301538,15.2918467126684,121.254749649915));
#7997=CARTESIAN_POINT('Ctrl Pts',(13.6559143136931,15.4729295314119,116.792586124118));
#7998=CARTESIAN_POINT('Ctrl Pts',(19.9749844461656,15.6540123501554,108.335162916744));
#7999=CARTESIAN_POINT('Ctrl Pts',(21.5416448306362,15.8350951688989,97.8946538349838));
#8000=CARTESIAN_POINT('Ctrl Pts',(17.9831586509889,16.0161779876425,87.9550446492165));
#8001=CARTESIAN_POINT('Ctrl Pts',(10.146154073442,16.197260806386,80.8811479948099));
#8002=CARTESIAN_POINT('Ctrl Pts',(-0.104803902380503,16.3783436251295,78.3559717093204));
#8003=CARTESIAN_POINT('Ctrl Pts',(-10.3308271301915,16.559426443873,80.9803008652641));
#8004=CARTESIAN_POINT('Ctrl Pts',(-18.0989599171521,16.7405092626166,88.1297601262602));
#8005=CARTESIAN_POINT('Ctrl Pts',(-21.5610230671475,16.9215920813601,98.1033639603155));
#8006=CARTESIAN_POINT('Ctrl Pts',(-19.8933292694821,17.1026749001036,108.528211757228));
#8007=CARTESIAN_POINT('Ctrl Pts',(-13.4926528675194,17.2837577188471,116.924043919139));
#8008=CARTESIAN_POINT('Ctrl Pts',(-3.88183073416431,17.4648405375907,121.293340119286));
#8009=CARTESIAN_POINT('Ctrl Pts',(6.65254947757055,17.6459233563342,120.5965661269));
#8010=CARTESIAN_POINT('Ctrl Pts',(15.6041671428464,17.8270061750777,114.99949648109));
#8011=CARTESIAN_POINT('Ctrl Pts',(20.8432731254853,18.0080889938212,105.833776373367));
#8012=CARTESIAN_POINT('Ctrl Pts',(21.1233844545267,18.1891718125648,95.2800938452918));
#8013=CARTESIAN_POINT('Ctrl Pts',(16.3778676826196,18.3702546313083,85.8493655299249));
#8014=CARTESIAN_POINT('Ctrl Pts',(7.7357465479929,18.5513374500518,79.7853222762018));
#8015=CARTESIAN_POINT('Ctrl Pts',(-2.74682074560831,18.7324202687953,78.5307294611249));
#8016=CARTESIAN_POINT('Ctrl Pts',(-12.5759259076215,18.9135030875389,82.3840370650917));
#8017=CARTESIAN_POINT('Ctrl Pts',(-19.4128773147043,19.0945859062824,90.428555238555));
#8018=CARTESIAN_POINT('Ctrl Pts',(-21.6313847649676,19.2756687250259,100.75018235325));
#8019=CARTESIAN_POINT('Ctrl Pts',(-18.7029282255682,19.4567515437694,110.893551937628));
#8020=CARTESIAN_POINT('Ctrl Pts',(-11.3256553021296,19.6378343625129,118.444690778298));
#8021=CARTESIAN_POINT('Ctrl Pts',(-1.25185227528959,19.8189171812565,121.608457303658));
#8022=CARTESIAN_POINT('Ctrl Pts',(5.65935292756868,19.9396390604188,120.288253170669));
#8023=CARTESIAN_POINT('Ctrl Pts',(8.75542464437343,20.,118.850209606374));
#8024=CARTESIAN_POINT('Ctrl Pts',(20.4219521879625,-9.49762164885814E-17,
95.3036297172632));
#8025=CARTESIAN_POINT('Ctrl Pts',(19.8423917183815,-1.03467148115898E-16,
92.7834374225194));
#8026=CARTESIAN_POINT('Ctrl Pts',(18.791511668515,-5.55111512312578E-16,
90.393026543878));
#8027=CARTESIAN_POINT('Ctrl Pts',(16.4166540541798,-5.55111512312578E-16,
86.9490831630335));
#8028=CARTESIAN_POINT('Ctrl Pts',(15.3559558510233,-5.59026771125985E-16,
85.7425032398589));
#8029=CARTESIAN_POINT('Ctrl Pts',(13.2993862044538,-5.52263249564775E-16,
83.9047844510928));
#8030=CARTESIAN_POINT('Ctrl Pts',(12.3603809841342,0.,83.2028726638423));
#8031=CARTESIAN_POINT('Ctrl Pts',(11.3796996495747,0.,82.6077517614026));
#8032=CARTESIAN_POINT('Ctrl Pts',(11.3796996495747,5.55111512312578E-16,
82.6077517614025));
#8033=CARTESIAN_POINT('Ctrl Pts',(8.49102801104963,0.0610384666459765,80.7177019425581));
#8034=CARTESIAN_POINT('Ctrl Pts',(1.75654872340991,0.183115399937929,78.4067655794678));
#8035=CARTESIAN_POINT('Ctrl Pts',(-8.77781999989719,0.366230799875856,80.1937530317259));
#8036=CARTESIAN_POINT('Ctrl Pts',(-17.175437407439,0.549346199813784,86.7964832934629));
#8037=CARTESIAN_POINT('Ctrl Pts',(-21.397433367411,0.732461599751712,96.6103431096828));
#8038=CARTESIAN_POINT('Ctrl Pts',(-20.4155321311349,0.915576999689641,107.248329596399));
#8039=CARTESIAN_POINT('Ctrl Pts',(-14.4692892374091,1.09869239962757,116.123764861344));
#8040=CARTESIAN_POINT('Ctrl Pts',(-5.00431265369044,1.2818077995655,121.078222900746));
#8041=CARTESIAN_POINT('Ctrl Pts',(5.67753758653107,1.46492319950342,120.906949654826));
#8042=CARTESIAN_POINT('Ctrl Pts',(14.9787691639182,1.64803859944135,115.651565809014));
#8043=CARTESIAN_POINT('Ctrl Pts',(20.637484881409,1.83115399937928,106.590077164267));
#8044=CARTESIAN_POINT('Ctrl Pts',(21.2776349985732,2.01426939931721,95.9260272946583));
#8045=CARTESIAN_POINT('Ctrl Pts',(16.7435380435512,2.19738479925514,86.252677321702));
#8046=CARTESIAN_POINT('Ctrl Pts',(8.13779024051677,2.38050019919306,79.9223671371835));
#8047=CARTESIAN_POINT('Ctrl Pts',(-2.44688643782167,2.56361559913099,78.4744869725574));
#8048=CARTESIAN_POINT('Ctrl Pts',(-12.4365347948986,2.74673099906892,82.2611283673835));
#8049=CARTESIAN_POINT('Ctrl Pts',(-19.4018972098634,2.92984639900685,90.3614653223374));
#8050=CARTESIAN_POINT('Ctrl Pts',(-21.6491535243235,3.11296179894477,100.805677571764));
#8051=CARTESIAN_POINT('Ctrl Pts',(-18.6318215996013,3.2960771988827,111.053967133393));
#8052=CARTESIAN_POINT('Ctrl Pts',(-11.0836487643678,3.47919259882063,118.614179949461));
#8053=CARTESIAN_POINT('Ctrl Pts',(-0.840181298673863,3.66230799875856,121.647841939469));
#8054=CARTESIAN_POINT('Ctrl Pts',(9.60759941034698,3.84542339869649,119.417234581768));
#8055=CARTESIAN_POINT('Ctrl Pts',(17.7190275502251,4.02853879863441,112.464791530211));
#8056=CARTESIAN_POINT('Ctrl Pts',(21.5215858362923,4.21165419857235,102.48119090891));
#8057=CARTESIAN_POINT('Ctrl Pts',(20.0905774267882,4.39476959851027,91.8942203409079));
#8058=CARTESIAN_POINT('Ctrl Pts',(13.773991453851,4.5778849984482,83.2783934785374));
#8059=CARTESIAN_POINT('Ctrl Pts',(4.10787987069396,4.76100039838613,78.7288860612536));
#8060=CARTESIAN_POINT('Ctrl Pts',(-6.55717590918235,4.94411579832405,79.3520361942467));
#8061=CARTESIAN_POINT('Ctrl Pts',(-15.627673662056,5.12723119826198,84.9963077497548));
#8062=CARTESIAN_POINT('Ctrl Pts',(-20.8978718915929,5.31034659819991,94.2891405524099));
#8063=CARTESIAN_POINT('Ctrl Pts',(-21.0861766605228,5.49346199813784,104.970726211425));
#8064=CARTESIAN_POINT('Ctrl Pts',(-16.1467964749006,5.67657739807577,114.443542807282));
#8065=CARTESIAN_POINT('Ctrl Pts',(-7.28087774787363,5.85969279801369,120.404013929818));
#8066=CARTESIAN_POINT('Ctrl Pts',(3.35558705228706,6.04280819795162,121.402686765034));
#8067=CARTESIAN_POINT('Ctrl Pts',(13.1760483863518,6.22592359788954,117.196706491308));
#8068=CARTESIAN_POINT('Ctrl Pts',(19.7923904455575,6.40903899782748,108.80887312193));
#8069=CARTESIAN_POINT('Ctrl Pts',(21.5956673229561,6.5921543977654,98.2789194952383));
#8070=CARTESIAN_POINT('Ctrl Pts',(18.1473625505324,6.77526979770333,88.167494023361));
#8071=CARTESIAN_POINT('Ctrl Pts',(10.2860264631773,6.95838519764126,80.9334684636538));
#8072=CARTESIAN_POINT('Ctrl Pts',(-0.0766404242770899,7.14150059757918,
78.3359954885292));
#8073=CARTESIAN_POINT('Ctrl Pts',(-10.4206700804874,7.32461599751712,81.0067222338718));
#8074=CARTESIAN_POINT('Ctrl Pts',(-18.230626630498,7.50773139745504,88.2961878908178));
#8075=CARTESIAN_POINT('Ctrl Pts',(-21.6073039099156,7.69084679739297,98.4317579994753));
#8076=CARTESIAN_POINT('Ctrl Pts',(-19.729569782707,7.8739621973309,108.948689368671));
#8077=CARTESIAN_POINT('Ctrl Pts',(-13.0540470490952,8.05707759726883,117.289500307056));
#8078=CARTESIAN_POINT('Ctrl Pts',(-3.20407302792951,8.24019299720675,121.42589277625));
#8079=CARTESIAN_POINT('Ctrl Pts',(7.42505964883738,8.42330839714469,120.351988955354));
#8080=CARTESIAN_POINT('Ctrl Pts',(16.2485844498421,8.6064237970826,114.328938153402));
#8081=CARTESIAN_POINT('Ctrl Pts',(21.120818158227,8.78953919702055,104.82141115803));
#8082=CARTESIAN_POINT('Ctrl Pts',(20.8569428772372,8.97265459695847,94.1414251696058));
#8083=CARTESIAN_POINT('Ctrl Pts',(15.5211271534042,9.15576999689639,84.8861131036546));
#8084=CARTESIAN_POINT('Ctrl Pts',(6.41092162607895,9.33888539683433,79.3061591498355));
#8085=CARTESIAN_POINT('Ctrl Pts',(-4.25827616883767,9.52200079677225,78.7584828861596));
#8086=CARTESIAN_POINT('Ctrl Pts',(-13.891956762377,9.70511619671019,83.3762668891758));
#8087=CARTESIAN_POINT('Ctrl Pts',(-20.1474252301964,9.8882315966481,92.0365697201954));
#8088=CARTESIAN_POINT('Ctrl Pts',(-21.5034920241627,10.071346996586,102.633400082485));
#8089=CARTESIAN_POINT('Ctrl Pts',(-17.6303921324045,10.254462396524,112.589846642645));
#8090=CARTESIAN_POINT('Ctrl Pts',(-9.46997652971733,10.4375777964619,119.484725036661));
#8091=CARTESIAN_POINT('Ctrl Pts',(0.993324842785629,10.6206931963998,121.641355571783));
#8092=CARTESIAN_POINT('Ctrl Pts',(11.2150719054044,10.8038085963377,118.535294100291));
#8093=CARTESIAN_POINT('Ctrl Pts',(18.7095651657176,10.9869239962757,110.921865066802));
#8094=CARTESIAN_POINT('Ctrl Pts',(21.6543120518591,11.1700393962136,100.652483554101));
#8095=CARTESIAN_POINT('Ctrl Pts',(19.3332162061956,11.3531547961515,90.2244326838716));
#8096=CARTESIAN_POINT('Ctrl Pts',(12.3107160490952,11.5362701960894,82.1735804047415));
#8097=CARTESIAN_POINT('Ctrl Pts',(2.29452602204221,11.7193855960274,78.4577133163205));
#8098=CARTESIAN_POINT('Ctrl Pts',(-8.27964124054582,11.9025009959653,79.9804469042009));
#8099=CARTESIAN_POINT('Ctrl Pts',(-16.8403855625173,12.0856163959032,86.3714865325151));
#8100=CARTESIAN_POINT('Ctrl Pts',(-21.3059260422794,12.2687317958412,96.0766747893419));
#8101=CARTESIAN_POINT('Ctrl Pts',(-20.5903434493978,12.4518471957791,106.73592769138));
#8102=CARTESIAN_POINT('Ctrl Pts',(-14.8676514115836,12.634962595717,115.757154144429));
#8103=CARTESIAN_POINT('Ctrl Pts',(-5.52948020559256,12.818077995655,120.946594326611));
#8104=CARTESIAN_POINT('Ctrl Pts',(5.15333649555658,13.0011933955929,121.042292845392));
#8105=CARTESIAN_POINT('Ctrl Pts',(14.5829774105305,13.1843087955308,116.020977968639));
#8106=CARTESIAN_POINT('Ctrl Pts',(20.4663654858199,13.3674241954687,107.103720787623));
#8107=CARTESIAN_POINT('Ctrl Pts',(21.3727927746448,13.5505395954067,96.4589981305065));
#8108=CARTESIAN_POINT('Ctrl Pts',(17.0818365021167,13.7336549953446,86.6753676620097));
#8109=CARTESIAN_POINT('Ctrl Pts',(8.63696093743405,13.9167703952825,80.1319887509368));
#8110=CARTESIAN_POINT('Ctrl Pts',(-1.90822969929289,14.0998857952204,78.4200643040254));
#8111=CARTESIAN_POINT('Ctrl Pts',(-11.989381697038,14.2830011951584,81.9558959282985));
#8112=CARTESIAN_POINT('Ctrl Pts',(-19.1549851279668,14.4661165950963,89.8796487227453));
#8113=CARTESIAN_POINT('Ctrl Pts',(-21.6625260458791,14.6492319950342,100.264443830106));
#8114=CARTESIAN_POINT('Ctrl Pts',(-18.9022267729757,14.8323473949722,110.584932132548));
#8115=CARTESIAN_POINT('Ctrl Pts',(-11.5453301466679,15.0154627949101,118.331402484048));
#8116=CARTESIAN_POINT('Ctrl Pts',(-1.38086832532651,15.198578194848,121.620087138947));
#8117=CARTESIAN_POINT('Ctrl Pts',(9.11938968371793,15.3816935947859,119.651251792807));
#8118=CARTESIAN_POINT('Ctrl Pts',(17.4020167761492,15.5648089947239,112.903673017799));
#8119=CARTESIAN_POINT('Ctrl Pts',(21.4528639191362,15.7479243946618,103.018210545043));
#8120=CARTESIAN_POINT('Ctrl Pts',(20.2868559954203,15.9310397945997,92.3987870013755));
#8121=CARTESIAN_POINT('Ctrl Pts',(14.1875399646904,16.1141551945376,83.6278078751245));
#8122=CARTESIAN_POINT('Ctrl Pts',(4.63813260706444,16.2972705944756,78.8381784537662));
#8123=CARTESIAN_POINT('Ctrl Pts',(-6.03916451358748,16.4803859944135,79.1946291262306));
#8124=CARTESIAN_POINT('Ctrl Pts',(-15.2478723525596,16.6635013943514,84.6104790863016));
#8125=CARTESIAN_POINT('Ctrl Pts',(-20.7486398253132,16.8466167942893,93.7687151685781));
#8126=CARTESIAN_POINT('Ctrl Pts',(-21.2038037228886,17.0297321942273,104.442259875783));
#8127=CARTESIAN_POINT('Ctrl Pts',(-16.5026784123173,17.2128475941652,114.035546684228));
#8128=CARTESIAN_POINT('Ctrl Pts',(-7.78847204311526,17.3959629941032,120.215703497603));
#8129=CARTESIAN_POINT('Ctrl Pts',(2.81971590688616,17.5790783940411,121.479854940829));
#8130=CARTESIAN_POINT('Ctrl Pts',(12.7422122956429,17.762193793979,117.520587613318));
#8131=CARTESIAN_POINT('Ctrl Pts',(19.5660884728729,17.9453091939169,109.300706758409));
#8132=CARTESIAN_POINT('Ctrl Pts',(21.6319313086,18.1284245938549,98.8191023614591));
#8133=CARTESIAN_POINT('Ctrl Pts',(18.4373733420271,18.3115399937928,88.6246665418633));
#8134=CARTESIAN_POINT('Ctrl Pts',(10.7592610879209,18.4946553937307,81.1964549731088));
#8135=CARTESIAN_POINT('Ctrl Pts',(0.464735678571834,18.6777707936686,78.3408467383779));
#8136=CARTESIAN_POINT('Ctrl Pts',(-9.94279833358325,18.8608861936066,80.7522520995948));
#8137=CARTESIAN_POINT('Ctrl Pts',(-17.9324764062132,19.0440015935445,87.8442907711434));
#8138=CARTESIAN_POINT('Ctrl Pts',(-21.5613594598885,19.2271169934824,97.8922988753416));
#8139=CARTESIAN_POINT('Ctrl Pts',(-19.9470426110125,19.4102323934204,108.452905737921));
#8140=CARTESIAN_POINT('Ctrl Pts',(-13.481974020432,19.5933477933583,116.957848054746));
#8141=CARTESIAN_POINT('Ctrl Pts',(-3.73855105936261,19.7764631932962,121.339240017475));
#8142=CARTESIAN_POINT('Ctrl Pts',(6.91432596395977,19.9595785932341,120.530966855479));
#8143=CARTESIAN_POINT('Ctrl Pts',(15.8851375139543,20.1426939931721,114.730918134374));
#8144=CARTESIAN_POINT('Ctrl Pts',(20.9944029602557,20.32580939311,105.346800959469));
#8145=CARTESIAN_POINT('Ctrl Pts',(20.994297558112,20.4478863264019,98.226854461159));
#8146=CARTESIAN_POINT('Ctrl Pts',(20.1441061029773,20.5089247930479,94.8811278371581));
#8147=CARTESIAN_POINT('Ctrl Pts',(11.2012767038312,-0.169641597682642,82.8804457919474));
#8148=CARTESIAN_POINT('Ctrl Pts',(8.35789670910192,-0.108603131036666,81.0200301696691));
#8149=CARTESIAN_POINT('Ctrl Pts',(1.72900769796778,0.0134738022552861,78.745327106756));
#8150=CARTESIAN_POINT('Ctrl Pts',(-8.6401920703546,0.196589202193214,80.504296283044));
#8151=CARTESIAN_POINT('Ctrl Pts',(-16.906142766013,0.379704602131141,87.0035019686035));
#8152=CARTESIAN_POINT('Ctrl Pts',(-21.0619418157596,0.56282000206907,96.6634897291943));
#8153=CARTESIAN_POINT('Ctrl Pts',(-20.0954358637529,0.745935402006997,107.134682632232));
#8154=CARTESIAN_POINT('Ctrl Pts',(-14.2424244441323,0.929050801944927,115.870959452448));
#8155=CARTESIAN_POINT('Ctrl Pts',(-4.92584975637432,1.11216620188285,120.747736267812));
#8156=CARTESIAN_POINT('Ctrl Pts',(5.58851915792992,1.29528160182078,120.579148424671));
#8157=CARTESIAN_POINT('Ctrl Pts',(14.7439162064469,1.47839700175871,115.406164035406));
#8158=CARTESIAN_POINT('Ctrl Pts',(20.3139086044714,1.66151240169664,106.48675097671));
#8159=CARTESIAN_POINT('Ctrl Pts',(20.944021772231,1.84462780163457,95.9899033400154));
#8160=CARTESIAN_POINT('Ctrl Pts',(16.4810151763498,2.02774320157249,86.4682223610158));
#8161=CARTESIAN_POINT('Ctrl Pts',(8.01019737328239,2.21085860151042,80.2371654630843));
#8162=CARTESIAN_POINT('Ctrl Pts',(-2.40852156883744,2.39397400144835,78.8119866923447));
#8163=CARTESIAN_POINT('Ctrl Pts',(-12.2415416719448,2.57708940138628,82.5392571254633));
#8164=CARTESIAN_POINT('Ctrl Pts',(-19.0976937809684,2.7602048013242,90.5125884453367));
#8165=CARTESIAN_POINT('Ctrl Pts',(-21.309715238287,2.94332020126213,100.793045308164));
#8166=CARTESIAN_POINT('Ctrl Pts',(-18.3396922291665,3.12643560120006,110.880651365946));
#8167=CARTESIAN_POINT('Ctrl Pts',(-10.9098676169718,3.30955100113799,118.322327183443));
#8168=CARTESIAN_POINT('Ctrl Pts',(-0.827008049213499,3.49266640107592,121.308424217845));
#8169=CARTESIAN_POINT('Ctrl Pts',(9.45696132312988,3.67578180101384,119.112790677363));
#8170=CARTESIAN_POINT('Ctrl Pts',(17.4412099286204,3.85889720095177,112.269355368328));
#8171=CARTESIAN_POINT('Ctrl Pts',(21.1841476911542,4.0420126008897,102.44228817821));
#8172=CARTESIAN_POINT('Ctrl Pts',(19.7755761423466,4.22512800082763,92.02131131245));
#8173=CARTESIAN_POINT('Ctrl Pts',(13.5580282733172,4.40824340076555,83.5405724801804));
#8174=CARTESIAN_POINT('Ctrl Pts',(4.04347219299949,4.59135880070348,79.0623970435349));
#8175=CARTESIAN_POINT('Ctrl Pts',(-6.45436558224036,4.77447420064142,79.6757767708238));
#8176=CARTESIAN_POINT('Ctrl Pts',(-15.3826464947524,4.95758960057933,85.2315514776873));
#8177=CARTESIAN_POINT('Ctrl Pts',(-20.5702129921942,5.14070500051727,94.3786814363298));
#8178=CARTESIAN_POINT('Ctrl Pts',(-20.7555653201455,5.32382040045519,104.892789917811));
#8179=CARTESIAN_POINT('Ctrl Pts',(-15.8936299520496,5.50693580039313,114.217081693719));
#8180=CARTESIAN_POINT('Ctrl Pts',(-7.16672045942338,5.69005120033105,120.084098256957));
#8181=CARTESIAN_POINT('Ctrl Pts',(3.30297461566707,5.87316660026898,121.067112845069));
#8182=CARTESIAN_POINT('Ctrl Pts',(12.969460388536,6.0562820002069,116.927078370729));
#8183=CARTESIAN_POINT('Ctrl Pts',(19.4820644514322,6.23939740014484,108.670758308755));
#8184=CARTESIAN_POINT('Ctrl Pts',(21.2570676500551,6.42251280008276,98.3059044125013));
#8185=CARTESIAN_POINT('Ctrl Pts',(17.8628290405587,6.60562820002069,88.3530165447711));
#8186=CARTESIAN_POINT('Ctrl Pts',(10.1247512803456,6.78874359995861,81.2324136754418));
#8187=CARTESIAN_POINT('Ctrl Pts',(-0.0754387747886567,6.97185899989655,
78.6756666240218));
#8188=CARTESIAN_POINT('Ctrl Pts',(-10.2572838128673,7.15497439983447,81.3045188957094));
#8189=CARTESIAN_POINT('Ctrl Pts',(-17.9447876183687,7.3380897997724,88.4796926138995));
#8190=CARTESIAN_POINT('Ctrl Pts',(-21.2685217863184,7.52120519971032,98.4563465533027));
#8191=CARTESIAN_POINT('Ctrl Pts',(-19.4202287572597,7.70432059964826,108.808382368761));
#8192=CARTESIAN_POINT('Ctrl Pts',(-12.8493719170534,7.88743599958618,117.018417267062));
#8193=CARTESIAN_POINT('Ctrl Pts',(-3.15383618815126,8.07055139952411,121.089955007939));
#8194=CARTESIAN_POINT('Ctrl Pts',(7.3086417243172,8.25366679946205,120.032888984971));
#8195=CARTESIAN_POINT('Ctrl Pts',(15.9938219876527,8.43678219939997,114.104273932602));
#8196=CARTESIAN_POINT('Ctrl Pts',(20.7896636718743,8.6198975993379,104.745815983469));
#8197=CARTESIAN_POINT('Ctrl Pts',(20.5299257061382,8.80301299927583,94.2332820912546));
#8198=CARTESIAN_POINT('Ctrl Pts',(15.2777705347545,8.98612839921376,85.1230845795916));
#8199=CARTESIAN_POINT('Ctrl Pts',(6.3104044282021,9.16924379915168,79.6306190351516));
#8200=CARTESIAN_POINT('Ctrl Pts',(-4.19151041919316,9.35235919908961,79.0915298181719));
#8201=CARTESIAN_POINT('Ctrl Pts',(-13.6741439971888,9.53547459902754,83.6369113281525));
#8202=CARTESIAN_POINT('Ctrl Pts',(-19.8315326258734,9.71858999896547,92.1614287878771));
#8203=CARTESIAN_POINT('Ctrl Pts',(-21.1663375729145,9.90170539890339,102.59211085566));
#8204=CARTESIAN_POINT('Ctrl Pts',(-17.3539642304613,10.0848207988413,112.392449734676));
#8205=CARTESIAN_POINT('Ctrl Pts',(-9.32149623932437,10.2679361987792,119.179222945648));
#8206=CARTESIAN_POINT('Ctrl Pts',(0.977750447152381,10.4510515987172,121.30203955028));
#8207=CARTESIAN_POINT('Ctrl Pts',(11.0392301672473,10.6341669986551,118.244678189903));
#8208=CARTESIAN_POINT('Ctrl Pts',(18.4162168495718,10.817282398593,110.750620535027));
#8209=CARTESIAN_POINT('Ctrl Pts',(21.3147928849815,11.0003977985309,100.64225322805));
#8210=CARTESIAN_POINT('Ctrl Pts',(19.0300896305893,11.1835131984689,90.3777043492553));
#8211=CARTESIAN_POINT('Ctrl Pts',(12.117695645277,11.3666285984068,82.4530818322124));
#8212=CARTESIAN_POINT('Ctrl Pts',(2.25855002051803,11.5497439983448,78.7954760311999));
#8213=CARTESIAN_POINT('Ctrl Pts',(-8.14982428356729,11.7328593982827,80.294334594194));
#8214=CARTESIAN_POINT('Ctrl Pts',(-16.5763442176623,11.9159747982206,86.5851687555835));
#8215=CARTESIAN_POINT('Ctrl Pts',(-20.9718692390844,12.0990901981585,96.1381888242244));
#8216=CARTESIAN_POINT('Ctrl Pts',(-20.267506305603,12.2822055980965,106.630314705272));
#8217=CARTESIAN_POINT('Ctrl Pts',(-14.6345406755511,12.4653209980344,115.510096845418));
#8218=CARTESIAN_POINT('Ctrl Pts',(-5.4427831769281,12.6484363979723,120.618171505435));
#8219=CARTESIAN_POINT('Ctrl Pts',(5.07253704510896,12.8315517979102,120.7123695618));
#8220=CARTESIAN_POINT('Ctrl Pts',(14.354330094044,13.0146671978482,115.769784161168));
#8221=CARTESIAN_POINT('Ctrl Pts',(20.1454721994335,13.1977825977861,106.992341153037));
#8222=CARTESIAN_POINT('Ctrl Pts',(21.0376875642222,13.380897997724,96.5145176963909));
#8223=CARTESIAN_POINT('Ctrl Pts',(16.8140094345078,13.5640133976619,86.8842853158935));
#8224=CARTESIAN_POINT('Ctrl Pts',(8.50154154499114,13.7471287975999,80.4435004078596));
#8225=CARTESIAN_POINT('Ctrl Pts',(-1.87831045936675,13.9302441975378,78.758417319869));
#8226=CARTESIAN_POINT('Ctrl Pts',(-11.8013995124547,14.1133595974757,82.2388104428214));
#8227=CARTESIAN_POINT('Ctrl Pts',(-18.8546530473805,14.2964749974136,90.0383262750928));
#8228=CARTESIAN_POINT('Ctrl Pts',(-21.322878091331,14.4795903973516,100.260297600539));
#8229=CARTESIAN_POINT('Ctrl Pts',(-18.6058577047401,14.6627057972895,110.418970391048));
#8230=CARTESIAN_POINT('Ctrl Pts',(-11.3643102711191,14.8458211972274,118.043983401688));
#8231=CARTESIAN_POINT('Ctrl Pts',(-1.35921761380727,15.0289365971654,121.281104586389));
#8232=CARTESIAN_POINT('Ctrl Pts',(8.9764062640446,15.2120519971033,119.343138719493));
#8233=CARTESIAN_POINT('Ctrl Pts',(17.1291695841591,15.3951673970412,112.701355608584));
#8234=CARTESIAN_POINT('Ctrl Pts',(21.1165032687715,15.5782827969792,102.970887853504));
#8235=CARTESIAN_POINT('Ctrl Pts',(19.9687772483497,15.7613981969171,92.5179668440956));
#8236=CARTESIAN_POINT('Ctrl Pts',(13.965092733981,15.944513596855,83.8845083889476));
#8237=CARTESIAN_POINT('Ctrl Pts',(4.56541106713064,16.1276289967929,79.1699758345273));
#8238=CARTESIAN_POINT('Ctrl Pts',(-5.94447611621982,16.3107443967309,79.5208376970097));
#8239=CARTESIAN_POINT('Ctrl Pts',(-15.0088001111788,16.4938597966688,84.8517722433758));
#8240=CARTESIAN_POINT('Ctrl Pts',(-20.4233207438082,16.6769751966067,93.8664158311286));
#8241=CARTESIAN_POINT('Ctrl Pts',(-20.8713481012374,16.8600905965447,104.372609435332));
#8242=CARTESIAN_POINT('Ctrl Pts',(-16.2439319967128,17.0432059964826,113.815482564644));
#8243=CARTESIAN_POINT('Ctrl Pts',(-7.66635615538836,17.2263213964205,119.898740354515));
#8244=CARTESIAN_POINT('Ctrl Pts',(2.7755054238542,17.4094367963584,121.143071096729));
#8245=CARTESIAN_POINT('Ctrl Pts',(12.5424264380995,17.5925521962964,117.245881342556));
#8246=CARTESIAN_POINT('Ctrl Pts',(19.259310680004,17.7756675962343,109.154880458205));
#8247=CARTESIAN_POINT('Ctrl Pts',(21.2927630506447,17.9587829961722,98.8376177214227));
#8248=CARTESIAN_POINT('Ctrl Pts',(18.1482927366722,18.1418983961102,88.8030210298476));
#8249=CARTESIAN_POINT('Ctrl Pts',(10.5905660330034,18.3250137960481,81.4912768047415));
#8250=CARTESIAN_POINT('Ctrl Pts',(0.457449061937279,18.508129195986,78.6804418108535));
#8251=CARTESIAN_POINT('Ctrl Pts',(-9.78690464374607,18.6912445959239,81.054038612866));
#8252=CARTESIAN_POINT('Ctrl Pts',(-17.651312108086,18.8743599958619,88.0348808143783));
#8253=CARTESIAN_POINT('Ctrl Pts',(-21.2232977018868,19.0574753957998,97.9253456388758));
#8254=CARTESIAN_POINT('Ctrl Pts',(-19.6342918169561,19.2405907957377,108.320372157221));
#8255=CARTESIAN_POINT('Ctrl Pts',(-13.2705893975301,19.4237061956756,116.691965008921));
#8256=CARTESIAN_POINT('Ctrl Pts',(-3.67993410870796,19.6068215956136,121.004660882604));
#8257=CARTESIAN_POINT('Ctrl Pts',(6.8059158613815,19.7899369955515,120.209060680613));
#8258=CARTESIAN_POINT('Ctrl Pts',(15.6360735565514,19.9730523954894,114.499951247024));
#8259=CARTESIAN_POINT('Ctrl Pts',(20.6652305448454,20.1561677954274,105.262968168897));
#8260=CARTESIAN_POINT('Ctrl Pts',(20.6651267953078,20.2782447287193,98.2546557089964));
#8261=CARTESIAN_POINT('Ctrl Pts',(19.8282655394352,20.3392831953653,94.9613869194101));
#8262=CARTESIAN_POINT('Ctrl Pts',(11.0228537580877,-0.339283195365285,83.1531398224922));
#8263=CARTESIAN_POINT('Ctrl Pts',(8.22476540715422,-0.278244728719309,81.3223583967802));
#8264=CARTESIAN_POINT('Ctrl Pts',(1.70146667252565,-0.156167795427356,79.0838886340442));
#8265=CARTESIAN_POINT('Ctrl Pts',(-8.50256414081201,0.0269476045105708,
80.814839534362));
#8266=CARTESIAN_POINT('Ctrl Pts',(-16.636848124587,0.210063004448499,87.2105206437443));
#8267=CARTESIAN_POINT('Ctrl Pts',(-20.7264502641082,0.393178404386427,96.7166363487056));
#8268=CARTESIAN_POINT('Ctrl Pts',(-19.7753395963709,0.576293804324355,107.021035668065));
#8269=CARTESIAN_POINT('Ctrl Pts',(-14.0155596508555,0.759409204262284,115.618154043551));
#8270=CARTESIAN_POINT('Ctrl Pts',(-4.84738685905823,0.942524604200212,120.417249634878));
#8271=CARTESIAN_POINT('Ctrl Pts',(5.4995007293288,1.12564000413814,120.251347194516));
#8272=CARTESIAN_POINT('Ctrl Pts',(14.5090632489756,1.30875540407607,115.160762261797));
#8273=CARTESIAN_POINT('Ctrl Pts',(19.9903323275339,1.49187080401399,106.383424789154));
#8274=CARTESIAN_POINT('Ctrl Pts',(20.6104085458889,1.67498620395192,96.0537793853724));
#8275=CARTESIAN_POINT('Ctrl Pts',(16.2184923091483,1.85810160388985,86.6837674003298));
#8276=CARTESIAN_POINT('Ctrl Pts',(7.88260450604799,2.04121700382778,80.551963788985));
#8277=CARTESIAN_POINT('Ctrl Pts',(-2.37015669985319,2.22433240376571,79.1494864121321));
#8278=CARTESIAN_POINT('Ctrl Pts',(-12.046548548991,2.40744780370363,82.817385883543));
#8279=CARTESIAN_POINT('Ctrl Pts',(-18.7934903520734,2.59056320364156,90.6637115683361));
#8280=CARTESIAN_POINT('Ctrl Pts',(-20.9702769522505,2.77367860357949,100.780413044562));
#8281=CARTESIAN_POINT('Ctrl Pts',(-18.0475628587316,2.95679400351742,110.707335598498));
#8282=CARTESIAN_POINT('Ctrl Pts',(-10.7360864695759,3.13990940345535,118.030474417425));
#8283=CARTESIAN_POINT('Ctrl Pts',(-0.813834799753128,3.32302480339327,120.96900649622));
#8284=CARTESIAN_POINT('Ctrl Pts',(9.30632323591276,3.5061402033312,118.808346772958));
#8285=CARTESIAN_POINT('Ctrl Pts',(17.1633923070157,3.68925560326913,112.073919206445));
#8286=CARTESIAN_POINT('Ctrl Pts',(20.846709546016,3.87237100320706,102.403385447509));
#8287=CARTESIAN_POINT('Ctrl Pts',(19.4605748579051,4.05548640314499,92.1484022839922));
#8288=CARTESIAN_POINT('Ctrl Pts',(13.3420650927834,4.23860180308291,83.8027514818234));
#8289=CARTESIAN_POINT('Ctrl Pts',(3.97906451530504,4.42171720302084,79.3959080258161));
#8290=CARTESIAN_POINT('Ctrl Pts',(-6.35155525529838,4.60483260295876,79.9995173474009));
#8291=CARTESIAN_POINT('Ctrl Pts',(-15.1376193274487,4.7879480028967,85.4667952056197));
#8292=CARTESIAN_POINT('Ctrl Pts',(-20.2425540927955,4.97106340283462,94.4682223202497));
#8293=CARTESIAN_POINT('Ctrl Pts',(-20.4249539797681,5.15417880277256,104.814853624197));
#8294=CARTESIAN_POINT('Ctrl Pts',(-15.6404634291985,5.33729420271047,113.990620580157));
#8295=CARTESIAN_POINT('Ctrl Pts',(-7.05256317097314,5.52040960264842,119.764182584096));
#8296=CARTESIAN_POINT('Ctrl Pts',(3.25036217904709,5.70352500258633,120.731538925103));
#8297=CARTESIAN_POINT('Ctrl Pts',(12.7628723907201,5.88664040252426,116.65745025015));
#8298=CARTESIAN_POINT('Ctrl Pts',(19.171738457307,6.0697558024622,108.532643495579));
#8299=CARTESIAN_POINT('Ctrl Pts',(20.918467977154,6.25287120240012,98.3328893297644));
#8300=CARTESIAN_POINT('Ctrl Pts',(17.5782955305849,6.43598660233805,88.5385390661812));
#8301=CARTESIAN_POINT('Ctrl Pts',(9.96347609751385,6.61910200227598,81.5313588872299));
#8302=CARTESIAN_POINT('Ctrl Pts',(-0.0742371253002066,6.8022174022139,79.0153377595143));
#8303=CARTESIAN_POINT('Ctrl Pts',(-10.0938975452473,6.98533280215183,81.6023155575469));
#8304=CARTESIAN_POINT('Ctrl Pts',(-17.6589486062394,7.16844820208976,88.6631973369811));
#8305=CARTESIAN_POINT('Ctrl Pts',(-20.9297396627212,7.35156360202769,98.48093510713));
#8306=CARTESIAN_POINT('Ctrl Pts',(-19.1108877318124,7.53467900196562,108.668075368852));
#8307=CARTESIAN_POINT('Ctrl Pts',(-12.6446967850115,7.71779440190354,116.747334227069));
#8308=CARTESIAN_POINT('Ctrl Pts',(-3.103599348373,7.90090980184147,120.754017239629));
#8309=CARTESIAN_POINT('Ctrl Pts',(7.19222379979702,8.0840252017794,119.713789014587));
#8310=CARTESIAN_POINT('Ctrl Pts',(15.7390595254632,8.26714060171733,113.879609711802));
#8311=CARTESIAN_POINT('Ctrl Pts',(20.4585091855216,8.45025600165526,104.670220808909));
#8312=CARTESIAN_POINT('Ctrl Pts',(20.2029085350393,8.63337140159318,94.3251390129033));
#8313=CARTESIAN_POINT('Ctrl Pts',(15.0344139161049,8.81648680153112,85.3600560555286));
#8314=CARTESIAN_POINT('Ctrl Pts',(6.20988723032524,8.99960220146904,79.9550789204677));
#8315=CARTESIAN_POINT('Ctrl Pts',(-4.12474466954865,9.18271760140696,79.4245767501841));
#8316=CARTESIAN_POINT('Ctrl Pts',(-13.4563312320007,9.3658330013449,83.8975557671291));
#8317=CARTESIAN_POINT('Ctrl Pts',(-19.5156400215504,9.54894840128282,92.2862878555591));
#8318=CARTESIAN_POINT('Ctrl Pts',(-20.8291831216662,9.73206380122075,102.550821628834));
#8319=CARTESIAN_POINT('Ctrl Pts',(-17.0775363285181,9.91517920115868,112.195052826707));
#8320=CARTESIAN_POINT('Ctrl Pts',(-9.1730159489314,10.0982946010966,118.873720854635));
#8321=CARTESIAN_POINT('Ctrl Pts',(0.962176051519142,10.2814100010345,120.962723528776));
#8322=CARTESIAN_POINT('Ctrl Pts',(10.8633884290902,10.4645254009725,117.954062279516));
#8323=CARTESIAN_POINT('Ctrl Pts',(18.1228685334262,10.6476408009104,110.579376003252));
#8324=CARTESIAN_POINT('Ctrl Pts',(20.9752737181039,10.8307562008483,100.632022902));
#8325=CARTESIAN_POINT('Ctrl Pts',(18.7269630549829,11.0138716007862,90.5309760146391));
#8326=CARTESIAN_POINT('Ctrl Pts',(11.9246752414588,11.1969870007242,82.7325832596832));
#8327=CARTESIAN_POINT('Ctrl Pts',(2.22257401899385,11.3801024006621,79.1332387460793));
#8328=CARTESIAN_POINT('Ctrl Pts',(-8.02000732658878,11.5632178006,80.6082222841872));
#8329=CARTESIAN_POINT('Ctrl Pts',(-16.3123028728073,11.7463332005379,86.7988509786519));
#8330=CARTESIAN_POINT('Ctrl Pts',(-20.6378124358894,11.9294486004759,96.1997028591069));
#8331=CARTESIAN_POINT('Ctrl Pts',(-19.9446691618082,12.1125640004138,106.524701719163));
#8332=CARTESIAN_POINT('Ctrl Pts',(-14.4014299395185,12.2956794003518,115.263039546407));
#8333=CARTESIAN_POINT('Ctrl Pts',(-5.35608614826366,12.4787948002896,120.28974868426));
#8334=CARTESIAN_POINT('Ctrl Pts',(4.99173759466136,12.6619102002276,120.382446278209));
#8335=CARTESIAN_POINT('Ctrl Pts',(14.1256827775575,12.8450256001655,115.518590353697));
#8336=CARTESIAN_POINT('Ctrl Pts',(19.8245789130471,13.0281410001035,106.880961518451));
#8337=CARTESIAN_POINT('Ctrl Pts',(20.7025823537995,13.2112564000414,96.570037262275));
#8338=CARTESIAN_POINT('Ctrl Pts',(16.5461823668989,13.3943717999793,87.0932029697776));
#8339=CARTESIAN_POINT('Ctrl Pts',(8.36612215254824,13.5774871999172,80.7550120647822));
#8340=CARTESIAN_POINT('Ctrl Pts',(-1.84839121944063,13.7606025998552,79.096770335713));
#8341=CARTESIAN_POINT('Ctrl Pts',(-11.6134173278715,13.9437179997931,82.5217249573442));
#8342=CARTESIAN_POINT('Ctrl Pts',(-18.5543209667943,14.126833399731,90.1970038274406));
#8343=CARTESIAN_POINT('Ctrl Pts',(-20.9832301367828,14.3099487996689,100.256151370971));
#8344=CARTESIAN_POINT('Ctrl Pts',(-18.3094886365045,14.4930641996069,110.253008649549));
#8345=CARTESIAN_POINT('Ctrl Pts',(-11.1832903955702,14.6761795995448,117.756564319328));
#8346=CARTESIAN_POINT('Ctrl Pts',(-1.33756690228802,14.8592949994827,120.94212203383));
#8347=CARTESIAN_POINT('Ctrl Pts',(8.83342284437129,15.0424103994206,119.035025646179));
#8348=CARTESIAN_POINT('Ctrl Pts',(16.8563223921689,15.2255257993586,112.499038199369));
#8349=CARTESIAN_POINT('Ctrl Pts',(20.7801426184068,15.4086411992965,102.923565161965));
#8350=CARTESIAN_POINT('Ctrl Pts',(19.6506985012792,15.5917565992344,92.6371466868157));
#8351=CARTESIAN_POINT('Ctrl Pts',(13.7426455032715,15.7748719991724,84.1412089027707));
#8352=CARTESIAN_POINT('Ctrl Pts',(4.49268952719683,15.9579873991103,79.5017732152884));
#8353=CARTESIAN_POINT('Ctrl Pts',(-5.84978771885215,16.1411027990482,79.8470462677888));
#8354=CARTESIAN_POINT('Ctrl Pts',(-14.769727869798,16.3242181989861,85.09306540045));
#8355=CARTESIAN_POINT('Ctrl Pts',(-20.0980016623032,16.5073335989241,93.9641164936791));
#8356=CARTESIAN_POINT('Ctrl Pts',(-20.5388924795861,16.690448998862,104.30295899488));
#8357=CARTESIAN_POINT('Ctrl Pts',(-15.9851855811084,16.8735643987999,113.595418445059));
#8358=CARTESIAN_POINT('Ctrl Pts',(-7.54424026766147,17.0566797987379,119.581777211428));
#8359=CARTESIAN_POINT('Ctrl Pts',(2.73129494082225,17.2397951986758,120.80628725263));
#8360=CARTESIAN_POINT('Ctrl Pts',(12.342640580556,17.4229105986137,116.971175071794));
#8361=CARTESIAN_POINT('Ctrl Pts',(18.9525328871351,17.6060259985517,109.009054158001));
#8362=CARTESIAN_POINT('Ctrl Pts',(20.9535947926894,17.7891413984896,98.8561330813863));
#8363=CARTESIAN_POINT('Ctrl Pts',(17.8592121313173,17.9722567984275,88.9813755178319));
#8364=CARTESIAN_POINT('Ctrl Pts',(10.4218709780859,18.1553721983654,81.7860986363741));
#8365=CARTESIAN_POINT('Ctrl Pts',(0.450162445302717,18.3384875983033,79.0200368833291));
#8366=CARTESIAN_POINT('Ctrl Pts',(-9.63101095390888,18.5216029982413,81.3558251261371));
#8367=CARTESIAN_POINT('Ctrl Pts',(-17.3701478099587,18.7047183981792,88.2254708576132));
#8368=CARTESIAN_POINT('Ctrl Pts',(-20.8852359438851,18.8878337981172,97.9583924024099));
#8369=CARTESIAN_POINT('Ctrl Pts',(-19.3215410228998,19.070949198055,108.187838576521));
#8370=CARTESIAN_POINT('Ctrl Pts',(-13.0592047746282,19.254064597993,116.426081963096));
#8371=CARTESIAN_POINT('Ctrl Pts',(-3.62131715805331,19.4371799979309,120.670081747733));
#8372=CARTESIAN_POINT('Ctrl Pts',(6.69750575880324,19.6202953978689,119.887154505747));
#8373=CARTESIAN_POINT('Ctrl Pts',(15.3870095991485,19.8034107978068,114.268984359674));
#8374=CARTESIAN_POINT('Ctrl Pts',(20.3360581294351,19.9865261977447,105.179135378325));
#8375=CARTESIAN_POINT('Ctrl Pts',(20.3359560325036,20.1086031310367,98.2824569568336));
#8376=CARTESIAN_POINT('Ctrl Pts',(19.512424975893,20.1696415976826,95.0416460016621));
#8377=CARTESIAN_POINT('Ctrl Pts',(10.8444308123443,-0.508924793047927,83.425833853037));
#8378=CARTESIAN_POINT('Ctrl Pts',(8.09163410520651,-0.447886326401951,81.6246866238912));
#8379=CARTESIAN_POINT('Ctrl Pts',(1.67392564708352,-0.325809393109999,79.4224501613323));
#8380=CARTESIAN_POINT('Ctrl Pts',(-8.3649362112694,-0.142693993172072,81.1253827856801));
#8381=CARTESIAN_POINT('Ctrl Pts',(-16.367553483161,0.0404214067658558,87.4175393188849));
#8382=CARTESIAN_POINT('Ctrl Pts',(-20.3909587124567,0.223536806703785,96.769782968217));
#8383=CARTESIAN_POINT('Ctrl Pts',(-19.4552433289888,0.406652206641712,106.907388703898));
#8384=CARTESIAN_POINT('Ctrl Pts',(-13.7886948575787,0.589767606579641,115.365348634653));
#8385=CARTESIAN_POINT('Ctrl Pts',(-4.76892396174211,0.772883006517569,120.086763001944));
#8386=CARTESIAN_POINT('Ctrl Pts',(5.41048230072764,0.955998406455495,119.923545964361));
#8387=CARTESIAN_POINT('Ctrl Pts',(14.2742102915043,1.13911380639342,114.915360488188));
#8388=CARTESIAN_POINT('Ctrl Pts',(19.6667560505963,1.32222920633135,106.280098601598));
#8389=CARTESIAN_POINT('Ctrl Pts',(20.2767953195467,1.50534460626928,96.1176554307295));
#8390=CARTESIAN_POINT('Ctrl Pts',(15.9559694419468,1.68846000620721,86.8993124396436));
#8391=CARTESIAN_POINT('Ctrl Pts',(7.75501163881362,1.87157540614513,80.8667621148858));
#8392=CARTESIAN_POINT('Ctrl Pts',(-2.33179183086897,2.05469080608307,79.4869861319194));
#8393=CARTESIAN_POINT('Ctrl Pts',(-11.8515554260372,2.23780620602099,83.0955146416228));
#8394=CARTESIAN_POINT('Ctrl Pts',(-18.4892869231785,2.42092160595892,90.8148346913355));
#8395=CARTESIAN_POINT('Ctrl Pts',(-20.6308386662139,2.60403700589685,100.767780780962));
#8396=CARTESIAN_POINT('Ctrl Pts',(-17.7554334882968,2.78715240583478,110.53401983105));
#8397=CARTESIAN_POINT('Ctrl Pts',(-10.5623053221799,2.9702678057727,117.738621651407));
#8398=CARTESIAN_POINT('Ctrl Pts',(-0.800661550292753,3.15338320571063,120.629588774596));
#8399=CARTESIAN_POINT('Ctrl Pts',(9.15568514869564,3.33649860564856,118.503902868554));
#8400=CARTESIAN_POINT('Ctrl Pts',(16.885574685411,3.51961400558648,111.878483044561));
#8401=CARTESIAN_POINT('Ctrl Pts',(20.5092714008778,3.70272940552442,102.364482716809));
#8402=CARTESIAN_POINT('Ctrl Pts',(19.1455735734636,3.88584480546234,92.2754932555344));
#8403=CARTESIAN_POINT('Ctrl Pts',(13.1261019122496,4.06896020540027,84.0649304834664));
#8404=CARTESIAN_POINT('Ctrl Pts',(3.91465683761059,4.2520756053382,79.7294190080975));
#8405=CARTESIAN_POINT('Ctrl Pts',(-6.24874492835639,4.43519100527613,80.3232579239778));
#8406=CARTESIAN_POINT('Ctrl Pts',(-14.8925921601451,4.61830640521405,85.7020389335521));
#8407=CARTESIAN_POINT('Ctrl Pts',(-19.9148951933968,4.80142180515198,94.5577632041695));
#8408=CARTESIAN_POINT('Ctrl Pts',(-20.0943426393908,4.98453720508991,104.736917330583));
#8409=CARTESIAN_POINT('Ctrl Pts',(-15.3872969063475,5.16765260502784,113.764159466595));
#8410=CARTESIAN_POINT('Ctrl Pts',(-6.9384058825229,5.35076800496576,119.444266911235));
#8411=CARTESIAN_POINT('Ctrl Pts',(3.19774974242711,5.5338834049037,120.395965005137));
#8412=CARTESIAN_POINT('Ctrl Pts',(12.5562843929043,5.71699880484161,116.387822129571));
#8413=CARTESIAN_POINT('Ctrl Pts',(18.8614124631817,5.90011420477955,108.394528682404));
#8414=CARTESIAN_POINT('Ctrl Pts',(20.5798683042531,6.08322960471748,98.3598742470271));
#8415=CARTESIAN_POINT('Ctrl Pts',(17.2937620206111,6.2663450046554,88.7240615875915));
#8416=CARTESIAN_POINT('Ctrl Pts',(9.80220091468214,6.44946040459333,81.8303040990177));
#8417=CARTESIAN_POINT('Ctrl Pts',(-0.0730354758117686,6.63257580453126,
79.3550088950071));
#8418=CARTESIAN_POINT('Ctrl Pts',(-9.93051127762724,6.81569120446919,81.9001122193842));
#8419=CARTESIAN_POINT('Ctrl Pts',(-17.3731095941101,6.99880660440711,88.8467020600629));
#8420=CARTESIAN_POINT('Ctrl Pts',(-20.590957539124,7.18192200434505,98.5055236609573));
#8421=CARTESIAN_POINT('Ctrl Pts',(-18.801546706365,7.36503740428296,108.527768368943));
#8422=CARTESIAN_POINT('Ctrl Pts',(-12.4400216529697,7.5481528042209,116.476251187076));
#8423=CARTESIAN_POINT('Ctrl Pts',(-3.05336250859475,7.73126820415882,120.418079471318));
#8424=CARTESIAN_POINT('Ctrl Pts',(7.07580587527685,7.91438360409675,119.394689044204));
#8425=CARTESIAN_POINT('Ctrl Pts',(15.4842970632737,8.09749900403468,113.654945491003));
#8426=CARTESIAN_POINT('Ctrl Pts',(20.1273546991689,8.28061440397262,104.594625634348));
#8427=CARTESIAN_POINT('Ctrl Pts',(19.8758913639403,8.46372980391054,94.4169959345522));
#8428=CARTESIAN_POINT('Ctrl Pts',(14.7910572974552,8.64684520384847,85.5970275314655));
#8429=CARTESIAN_POINT('Ctrl Pts',(6.10937003244838,8.82996060378639,80.2795388057839));
#8430=CARTESIAN_POINT('Ctrl Pts',(-4.05797891990413,9.01307600372432,79.7576236821963));
#8431=CARTESIAN_POINT('Ctrl Pts',(-13.2385184668126,9.19619140366225,84.1582002061059));
#8432=CARTESIAN_POINT('Ctrl Pts',(-19.1997474172273,9.37930680360018,92.4111469232408));
#8433=CARTESIAN_POINT('Ctrl Pts',(-20.492028670418,9.56242220353811,102.509532402009));
#8434=CARTESIAN_POINT('Ctrl Pts',(-16.8011084265749,9.74553760347604,111.997655918738));
#8435=CARTESIAN_POINT('Ctrl Pts',(-9.02453565853843,9.92865300341396,118.568218763622));
#8436=CARTESIAN_POINT('Ctrl Pts',(0.946601655885892,10.1117684033519,120.623407507273));
#8437=CARTESIAN_POINT('Ctrl Pts',(10.6875466909331,10.2948838032898,117.663446369129));
#8438=CARTESIAN_POINT('Ctrl Pts',(17.8295202172804,10.4779992032277,110.408131471477));
#8439=CARTESIAN_POINT('Ctrl Pts',(20.6357545512263,10.6611146031657,100.621792575949));
#8440=CARTESIAN_POINT('Ctrl Pts',(18.4238364793765,10.8442300031036,90.6842476800229));
#8441=CARTESIAN_POINT('Ctrl Pts',(11.7316548376406,11.0273454030415,83.012084687154));
#8442=CARTESIAN_POINT('Ctrl Pts',(2.18659801746968,11.2104608029795,79.4710014609586));
#8443=CARTESIAN_POINT('Ctrl Pts',(-7.89019036961028,11.3935762029174,80.9221099741802));
#8444=CARTESIAN_POINT('Ctrl Pts',(-16.0482615279522,11.5766916028553,87.0125332017206));
#8445=CARTESIAN_POINT('Ctrl Pts',(-20.3037556326945,11.7598070027932,96.2612168939891));
#8446=CARTESIAN_POINT('Ctrl Pts',(-19.6218320180134,11.9429224027312,106.419088733055));
#8447=CARTESIAN_POINT('Ctrl Pts',(-14.168319203486,12.1260378026691,115.015982247395));
#8448=CARTESIAN_POINT('Ctrl Pts',(-5.26938911959921,12.309153202607,119.961325863084));
#8449=CARTESIAN_POINT('Ctrl Pts',(4.91093814421374,12.4922686025449,120.052522994618));
#8450=CARTESIAN_POINT('Ctrl Pts',(13.8970354610711,12.6753840024829,115.267396546225));
#8451=CARTESIAN_POINT('Ctrl Pts',(19.5036856266607,12.8584994024208,106.769581883865));
#8452=CARTESIAN_POINT('Ctrl Pts',(20.367477143377,13.0416148023588,96.6255568281594));
#8453=CARTESIAN_POINT('Ctrl Pts',(16.2783552992899,13.2247302022967,87.3021206236616));
#8454=CARTESIAN_POINT('Ctrl Pts',(8.23070276010534,13.4078456022346,81.0665237217049));
#8455=CARTESIAN_POINT('Ctrl Pts',(-1.81847197951449,13.5909610021725,79.4351233515568));
#8456=CARTESIAN_POINT('Ctrl Pts',(-11.4254351432882,13.7740764021104,82.8046394718668));
#8457=CARTESIAN_POINT('Ctrl Pts',(-18.2539888862079,13.9571918020484,90.3556813797885));
#8458=CARTESIAN_POINT('Ctrl Pts',(-20.6435821822347,14.1403072019863,100.252005141404));
#8459=CARTESIAN_POINT('Ctrl Pts',(-18.0131195682689,14.3234226019242,110.087046908049));
#8460=CARTESIAN_POINT('Ctrl Pts',(-11.0022705200214,14.5065380018622,117.469145236968));
#8461=CARTESIAN_POINT('Ctrl Pts',(-1.31591619076878,14.6896534018001,120.603139481272));
#8462=CARTESIAN_POINT('Ctrl Pts',(8.69043942469796,14.872768801738,118.726912572865));
#8463=CARTESIAN_POINT('Ctrl Pts',(16.5834752001788,15.0558842016759,112.296720790155));
#8464=CARTESIAN_POINT('Ctrl Pts',(20.4437819680421,15.2389996016139,102.876242470426));
#8465=CARTESIAN_POINT('Ctrl Pts',(19.3326197542086,15.4221150015518,92.7563265295358));
#8466=CARTESIAN_POINT('Ctrl Pts',(13.5201982725621,15.6052304014897,84.3979094165938));
#8467=CARTESIAN_POINT('Ctrl Pts',(4.41996798726303,15.7883458014277,79.8335705960493));
#8468=CARTESIAN_POINT('Ctrl Pts',(-5.75509932148448,15.9714612013656,80.173254838568));
#8469=CARTESIAN_POINT('Ctrl Pts',(-14.5306556284172,16.1545766013035,85.3343585575242));
#8470=CARTESIAN_POINT('Ctrl Pts',(-19.7726825807982,16.3376920012414,94.0618171562297));
#8471=CARTESIAN_POINT('Ctrl Pts',(-20.2064368579348,16.5208074011794,104.233308554429));
#8472=CARTESIAN_POINT('Ctrl Pts',(-15.7264391655039,16.7039228011173,113.375354325475));
#8473=CARTESIAN_POINT('Ctrl Pts',(-7.42212437993456,16.8870382010552,119.264814068341));
#8474=CARTESIAN_POINT('Ctrl Pts',(2.68708445779027,17.0701536009932,120.46950340853));
#8475=CARTESIAN_POINT('Ctrl Pts',(12.1428547230126,17.2532690009311,116.696468801032));
#8476=CARTESIAN_POINT('Ctrl Pts',(18.6457550942663,17.436384400869,108.863227857796));
#8477=CARTESIAN_POINT('Ctrl Pts',(20.6144265347341,17.6194998008069,98.87464844135));
#8478=CARTESIAN_POINT('Ctrl Pts',(17.5701315259623,17.8026152007449,89.1597300058162));
#8479=CARTESIAN_POINT('Ctrl Pts',(10.2531759231684,17.9857306006828,82.0809204680069));
#8480=CARTESIAN_POINT('Ctrl Pts',(0.442875828668156,18.1688460006207,79.3596319558046));
#8481=CARTESIAN_POINT('Ctrl Pts',(-9.47511726407169,18.3519614005586,81.6576116394083));
#8482=CARTESIAN_POINT('Ctrl Pts',(-17.0889835118315,18.5350768004966,88.4160609008482));
#8483=CARTESIAN_POINT('Ctrl Pts',(-20.5471741858833,18.7181922004345,97.991439165944));
#8484=CARTESIAN_POINT('Ctrl Pts',(-19.0087902288435,18.9013076003724,108.05530499582));
#8485=CARTESIAN_POINT('Ctrl Pts',(-12.8478201517263,19.0844230003104,116.160198917272));
#8486=CARTESIAN_POINT('Ctrl Pts',(-3.56270020739867,19.2675384002483,120.335502612862));
#8487=CARTESIAN_POINT('Ctrl Pts',(6.58909565622499,19.4506538001862,119.565248330882));
#8488=CARTESIAN_POINT('Ctrl Pts',(15.1379456417456,19.6337692001241,114.038017472324));
#8489=CARTESIAN_POINT('Ctrl Pts',(20.0068857140248,19.8168846000621,105.095302587753));
#8490=CARTESIAN_POINT('Ctrl Pts',(20.0067852696994,19.938961533354,98.310258204671));
#8491=CARTESIAN_POINT('Ctrl Pts',(19.1965844123509,20.,95.1219050839141));
#8492=CARTESIAN_POINT('',(19.1965844123509,20.,95.1219050839141));
#8493=CARTESIAN_POINT('Ctrl Pts',(19.1965844123509,20.,95.1219050839141));
#8494=CARTESIAN_POINT('Ctrl Pts',(19.3134116111811,20.,95.521445554325));
#8495=CARTESIAN_POINT('Ctrl Pts',(19.4172122308353,20.,95.924110352191));
#8496=CARTESIAN_POINT('Ctrl Pts',(19.5081290505683,20.,96.3292405373198));
#8497=CARTESIAN_POINT('Ctrl Pts',(19.5986741495734,20.,96.7327143151111));
#8498=CARTESIAN_POINT('Ctrl Pts',(19.6764405774483,20.,97.1386339066579));
#8499=CARTESIAN_POINT('Ctrl Pts',(19.7415212032952,20.,97.5463746587748));
#8500=CARTESIAN_POINT('Ctrl Pts',(19.8071437688545,20.,97.9575107517182));
#8501=CARTESIAN_POINT('Ctrl Pts',(19.8598684787819,20.,98.370498971215));
#8502=CARTESIAN_POINT('Ctrl Pts',(19.8997406318731,20.,98.7847177971274));
#8503=CARTESIAN_POINT('Ctrl Pts',(19.9397578208391,20.,99.2004433535559));
#8504=CARTESIAN_POINT('Ctrl Pts',(19.9668288514457,20.,99.6174090270782));
#8505=CARTESIAN_POINT('Ctrl Pts',(19.9809482129553,20.,100.034997464874));
#8506=CARTESIAN_POINT('Ctrl Pts',(19.9949986813575,20.,100.450548348418));
#8507=CARTESIAN_POINT('Ctrl Pts',(19.9962235696999,20.,100.866716480867));
#8508=CARTESIAN_POINT('Ctrl Pts',(19.9845662619829,20.,101.282896182511));
#8509=CARTESIAN_POINT('Ctrl Pts',(19.9758806189408,20.,101.592983933271));
#8510=CARTESIAN_POINT('Ctrl Pts',(19.9600424276427,20.,101.90307820811));
#8511=CARTESIAN_POINT('Ctrl Pts',(19.9370095840076,20.,102.212926722711));
#8512=CARTESIAN_POINT('Ctrl Pts',(19.9283722676444,20.,102.329119915687));
#8513=CARTESIAN_POINT('Ctrl Pts',(19.9187230414014,20.,102.445278521871));
#8514=CARTESIAN_POINT('Ctrl Pts',(19.9080590998041,20.,102.561389119979));
#8515=CARTESIAN_POINT('Ctrl Pts',(19.9027724608979,20.,102.61895083858));
#8516=CARTESIAN_POINT('Ctrl Pts',(19.8972364333695,20.,102.676500757187));
#8517=CARTESIAN_POINT('Ctrl Pts',(19.8914506461232,20.,102.734037233001));
#8518=CARTESIAN_POINT('Ctrl Pts',(19.8864013530984,20.,102.784249678365));
#8519=CARTESIAN_POINT('Ctrl Pts',(19.8811613698751,20.,102.834455849388));
#8520=CARTESIAN_POINT('Ctrl Pts',(19.8757335433438,20.,102.884627052893));
#8521=CARTESIAN_POINT('Ctrl Pts',(19.8302479665401,20.,103.305065347526));
#8522=CARTESIAN_POINT('Ctrl Pts',(19.77154092031,20.,103.723409500923));
#8523=CARTESIAN_POINT('Ctrl Pts',(19.6996793347084,20.,104.139031174305));
#8524=CARTESIAN_POINT('Ctrl Pts',(19.6511973915554,20.,104.419433369349));
#8525=CARTESIAN_POINT('Ctrl Pts',(19.5967269366996,20.,104.698596694285));
#8526=CARTESIAN_POINT('Ctrl Pts',(19.5362752682338,20.,104.976330085505));
#8527=CARTESIAN_POINT('Ctrl Pts',(19.4465629324742,20.,105.388495901225));
#8528=CARTESIAN_POINT('Ctrl Pts',(19.3436805000407,20.,105.797512883014));
#8529=CARTESIAN_POINT('Ctrl Pts',(19.2280121676026,20.,106.202850831406));
#8530=CARTESIAN_POINT('Ctrl Pts',(19.1125884708656,20.,106.607331499927));
#8531=CARTESIAN_POINT('Ctrl Pts',(18.9844326528083,20.,107.008149173102));
#8532=CARTESIAN_POINT('Ctrl Pts',(18.8438732960888,20.,107.404769327651));
#8533=CARTESIAN_POINT('Ctrl Pts',(18.7029727488633,20.,107.802352228718));
#8534=CARTESIAN_POINT('Ctrl Pts',(18.5496081701841,20.,108.19571771724));
#8535=CARTESIAN_POINT('Ctrl Pts',(18.38406037259,20.,108.584312120773));
#8536=CARTESIAN_POINT('Ctrl Pts',(18.218984733908,20.,108.971798214117));
#8537=CARTESIAN_POINT('Ctrl Pts',(18.0417950331603,20.,109.354540895751));
#8538=CARTESIAN_POINT('Ctrl Pts',(17.8527232492912,20.,109.731968565631));
#8539=CARTESIAN_POINT('Ctrl Pts',(17.7952225394873,20.,109.846752265629));
#8540=CARTESIAN_POINT('Ctrl Pts',(17.7366225484509,20.,109.961044194886));
#8541=CARTESIAN_POINT('Ctrl Pts',(17.6769289976731,20.,110.074827749567));
#8542=CARTESIAN_POINT('Ctrl Pts',(17.6448464232512,20.,110.135981246276));
#8543=CARTESIAN_POINT('Ctrl Pts',(17.6124479596669,20.,110.196987890639));
#8544=CARTESIAN_POINT('Ctrl Pts',(17.5797344519739,20.,110.257845071954));
#8545=CARTESIAN_POINT('Ctrl Pts',(17.5604669300091,20.,110.293688586159));
#8546=CARTESIAN_POINT('Ctrl Pts',(17.5410926877527,20.,110.329475444354));
#8547=CARTESIAN_POINT('Ctrl Pts',(17.5216156313277,20.,110.365198549225));
#8548=CARTESIAN_POINT('Ctrl Pts',(17.3175144428755,20.,110.739543008685));
#8549=CARTESIAN_POINT('Ctrl Pts',(17.1020072110496,20.,111.10711156415));
#8550=CARTESIAN_POINT('Ctrl Pts',(16.8754579620959,20.,111.467371342011));
#8551=CARTESIAN_POINT('Ctrl Pts',(16.6483519855558,20.,111.828516430936));
#8552=CARTESIAN_POINT('Ctrl Pts',(16.4101494316928,20.,112.182317288131));
#8553=CARTESIAN_POINT('Ctrl Pts',(16.1611674209264,20.,112.528220145655));
#8554=CARTESIAN_POINT('Ctrl Pts',(15.9130839439463,20.,112.872874698519));
#8555=CARTESIAN_POINT('Ctrl Pts',(15.6542984095515,20.,113.209688643321));
#8556=CARTESIAN_POINT('Ctrl Pts',(15.3850790534152,20.,113.538089908147));
#8557=CARTESIAN_POINT('Ctrl Pts',(15.2720641447694,20.,113.675948639689));
#8558=CARTESIAN_POINT('Ctrl Pts',(15.1572100436389,20.,113.812324539269));
#8559=CARTESIAN_POINT('Ctrl Pts',(15.0405343607167,20.,113.947173686713));
#8560=CARTESIAN_POINT('Ctrl Pts',(14.822030027436,20.,114.199712367592));
#8561=CARTESIAN_POINT('Ctrl Pts',(14.5971378909573,20.,114.44689727597));
#8562=CARTESIAN_POINT('Ctrl Pts',(14.3661063149493,20.,114.68856596016));
#8563=CARTESIAN_POINT('Ctrl Pts',(14.2650300004458,20.,114.794296009493));
#8564=CARTESIAN_POINT('Ctrl Pts',(14.1627783740066,20.,114.898970040646));
#8565=CARTESIAN_POINT('Ctrl Pts',(14.0593714130832,20.,115.002573584106));
#8566=CARTESIAN_POINT('Ctrl Pts',(13.9917093985633,20.,115.070364227979));
#8567=CARTESIAN_POINT('Ctrl Pts',(13.9235527241324,20.,115.137696537516));
#8568=CARTESIAN_POINT('Ctrl Pts',(13.85490687971,20.,115.204566329805));
#8569=CARTESIAN_POINT('Ctrl Pts',(13.821670715196,20.,115.236942585589));
#8570=CARTESIAN_POINT('Ctrl Pts',(13.7883252968735,20.,115.269205118534));
#8571=CARTESIAN_POINT('Ctrl Pts',(13.7548760064918,20.,115.301349139981));
#8572=CARTESIAN_POINT('Ctrl Pts',(13.4492135024056,20.,115.595083983817));
#8573=CARTESIAN_POINT('Ctrl Pts',(13.1347602980803,20.,115.879042425823));
#8574=CARTESIAN_POINT('Ctrl Pts',(12.8120999280778,20.,116.152965119171));
#8575=CARTESIAN_POINT('Ctrl Pts',(12.4851788308085,20.,116.430504959207));
#8576=CARTESIAN_POINT('Ctrl Pts',(12.1498320438021,20.,116.697742638927));
#8577=CARTESIAN_POINT('Ctrl Pts',(11.8066236619639,20.,116.954376342656));
#8578=CARTESIAN_POINT('Ctrl Pts',(11.4625352220442,20.,117.211668108883));
#8579=CARTESIAN_POINT('Ctrl Pts',(11.1105443913725,20.,117.458301791079));
#8580=CARTESIAN_POINT('Ctrl Pts',(10.7511827339454,20.,117.693935836173));
#8581=CARTESIAN_POINT('Ctrl Pts',(10.3932378298598,20.,117.928640913711));
#8582=CARTESIAN_POINT('Ctrl Pts',(10.0279796468176,20.,118.152433217919));
#8583=CARTESIAN_POINT('Ctrl Pts',(9.65590360197849,20.,118.364933366806));
#8584=CARTESIAN_POINT('Ctrl Pts',(9.35983602879601,20.,118.534023541395));
#8585=CARTESIAN_POINT('Ctrl Pts',(9.05945095279519,20.,118.695963151749));
#8586=CARTESIAN_POINT('Ctrl Pts',(8.75498724648289,20.,118.850540028017));
#8587=CARTESIAN_POINT('',(-14.2831242619471,0.,86.2778637075478));
#8588=CARTESIAN_POINT('Ctrl Pts',(-14.2835573793273,2.47198095326695E-16,
86.2781557703046));
#8589=CARTESIAN_POINT('Ctrl Pts',(-14.7871494019177,0.0134738022552855,
86.8012759265758));
#8590=CARTESIAN_POINT('Ctrl Pts',(-17.4126426428061,0.0879860711565467,
89.8468070409402));
#8591=CARTESIAN_POINT('Ctrl Pts',(-20.3909587124567,0.223536806703785,96.769782968217));
#8592=CARTESIAN_POINT('Ctrl Pts',(-19.4552433289888,0.406652206641712,106.907388703898));
#8593=CARTESIAN_POINT('Ctrl Pts',(-13.7886948575787,0.589767606579641,115.365348634653));
#8594=CARTESIAN_POINT('Ctrl Pts',(-4.76892396174211,0.772883006517569,120.086763001944));
#8595=CARTESIAN_POINT('Ctrl Pts',(5.41048230072764,0.955998406455495,119.923545964361));
#8596=CARTESIAN_POINT('Ctrl Pts',(14.2742102915043,1.13911380639342,114.915360488188));
#8597=CARTESIAN_POINT('Ctrl Pts',(19.6667560505963,1.32222920633135,106.280098601598));
#8598=CARTESIAN_POINT('Ctrl Pts',(20.2767953195467,1.50534460626928,96.1176554307295));
#8599=CARTESIAN_POINT('Ctrl Pts',(15.9559694419468,1.68846000620721,86.8993124396436));
#8600=CARTESIAN_POINT('Ctrl Pts',(7.75501163881362,1.87157540614513,80.8667621148858));
#8601=CARTESIAN_POINT('Ctrl Pts',(-2.33179183086897,2.05469080608307,79.4869861319194));
#8602=CARTESIAN_POINT('Ctrl Pts',(-11.8515554260372,2.23780620602099,83.0955146416228));
#8603=CARTESIAN_POINT('Ctrl Pts',(-18.4892869231785,2.42092160595892,90.8148346913355));
#8604=CARTESIAN_POINT('Ctrl Pts',(-20.6308386662139,2.60403700589685,100.767780780962));
#8605=CARTESIAN_POINT('Ctrl Pts',(-17.7554334882968,2.78715240583478,110.53401983105));
#8606=CARTESIAN_POINT('Ctrl Pts',(-10.5623053221799,2.9702678057727,117.738621651407));
#8607=CARTESIAN_POINT('Ctrl Pts',(-0.800661550292753,3.15338320571063,120.629588774596));
#8608=CARTESIAN_POINT('Ctrl Pts',(9.15568514869564,3.33649860564856,118.503902868554));
#8609=CARTESIAN_POINT('Ctrl Pts',(16.885574685411,3.51961400558648,111.878483044561));
#8610=CARTESIAN_POINT('Ctrl Pts',(20.5092714008778,3.70272940552442,102.364482716809));
#8611=CARTESIAN_POINT('Ctrl Pts',(19.1455735734636,3.88584480546234,92.2754932555344));
#8612=CARTESIAN_POINT('Ctrl Pts',(13.1261019122496,4.06896020540027,84.0649304834664));
#8613=CARTESIAN_POINT('Ctrl Pts',(3.91465683761059,4.2520756053382,79.7294190080975));
#8614=CARTESIAN_POINT('Ctrl Pts',(-6.24874492835639,4.43519100527613,80.3232579239778));
#8615=CARTESIAN_POINT('Ctrl Pts',(-14.8925921601451,4.61830640521405,85.7020389335521));
#8616=CARTESIAN_POINT('Ctrl Pts',(-19.9148951933968,4.80142180515198,94.5577632041695));
#8617=CARTESIAN_POINT('Ctrl Pts',(-20.0943426393908,4.98453720508991,104.736917330583));
#8618=CARTESIAN_POINT('Ctrl Pts',(-15.3872969063475,5.16765260502784,113.764159466595));
#8619=CARTESIAN_POINT('Ctrl Pts',(-6.9384058825229,5.35076800496576,119.444266911235));
#8620=CARTESIAN_POINT('Ctrl Pts',(3.19774974242711,5.5338834049037,120.395965005137));
#8621=CARTESIAN_POINT('Ctrl Pts',(12.5562843929043,5.71699880484161,116.387822129571));
#8622=CARTESIAN_POINT('Ctrl Pts',(18.8614124631817,5.90011420477955,108.394528682404));
#8623=CARTESIAN_POINT('Ctrl Pts',(20.5798683042531,6.08322960471748,98.3598742470271));
#8624=CARTESIAN_POINT('Ctrl Pts',(17.2937620206111,6.2663450046554,88.7240615875915));
#8625=CARTESIAN_POINT('Ctrl Pts',(9.80220091468214,6.44946040459333,81.8303040990177));
#8626=CARTESIAN_POINT('Ctrl Pts',(-0.0730354758117686,6.63257580453126,
79.3550088950071));
#8627=CARTESIAN_POINT('Ctrl Pts',(-9.93051127762724,6.81569120446919,81.9001122193842));
#8628=CARTESIAN_POINT('Ctrl Pts',(-17.3731095941101,6.99880660440711,88.8467020600629));
#8629=CARTESIAN_POINT('Ctrl Pts',(-20.590957539124,7.18192200434505,98.5055236609573));
#8630=CARTESIAN_POINT('Ctrl Pts',(-18.801546706365,7.36503740428296,108.527768368943));
#8631=CARTESIAN_POINT('Ctrl Pts',(-12.4400216529697,7.5481528042209,116.476251187076));
#8632=CARTESIAN_POINT('Ctrl Pts',(-3.05336250859475,7.73126820415882,120.418079471318));
#8633=CARTESIAN_POINT('Ctrl Pts',(7.07580587527685,7.91438360409675,119.394689044204));
#8634=CARTESIAN_POINT('Ctrl Pts',(15.4842970632737,8.09749900403468,113.654945491003));
#8635=CARTESIAN_POINT('Ctrl Pts',(20.1273546991689,8.28061440397262,104.594625634348));
#8636=CARTESIAN_POINT('Ctrl Pts',(19.8758913639403,8.46372980391054,94.4169959345522));
#8637=CARTESIAN_POINT('Ctrl Pts',(14.7910572974552,8.64684520384847,85.5970275314655));
#8638=CARTESIAN_POINT('Ctrl Pts',(6.10937003244838,8.82996060378639,80.2795388057839));
#8639=CARTESIAN_POINT('Ctrl Pts',(-4.05797891990413,9.01307600372432,79.7576236821963));
#8640=CARTESIAN_POINT('Ctrl Pts',(-13.2385184668126,9.19619140366225,84.1582002061059));
#8641=CARTESIAN_POINT('Ctrl Pts',(-19.1997474172273,9.37930680360018,92.4111469232408));
#8642=CARTESIAN_POINT('Ctrl Pts',(-20.492028670418,9.56242220353811,102.509532402009));
#8643=CARTESIAN_POINT('Ctrl Pts',(-16.8011084265749,9.74553760347604,111.997655918738));
#8644=CARTESIAN_POINT('Ctrl Pts',(-9.02453565853843,9.92865300341396,118.568218763622));
#8645=CARTESIAN_POINT('Ctrl Pts',(0.946601655885892,10.1117684033519,120.623407507273));
#8646=CARTESIAN_POINT('Ctrl Pts',(10.6875466909331,10.2948838032898,117.663446369129));
#8647=CARTESIAN_POINT('Ctrl Pts',(17.8295202172804,10.4779992032277,110.408131471477));
#8648=CARTESIAN_POINT('Ctrl Pts',(20.6357545512263,10.6611146031657,100.621792575949));
#8649=CARTESIAN_POINT('Ctrl Pts',(18.4238364793765,10.8442300031036,90.6842476800229));
#8650=CARTESIAN_POINT('Ctrl Pts',(11.7316548376406,11.0273454030415,83.012084687154));
#8651=CARTESIAN_POINT('Ctrl Pts',(2.18659801746968,11.2104608029795,79.4710014609586));
#8652=CARTESIAN_POINT('Ctrl Pts',(-7.89019036961028,11.3935762029174,80.9221099741802));
#8653=CARTESIAN_POINT('Ctrl Pts',(-16.0482615279522,11.5766916028553,87.0125332017206));
#8654=CARTESIAN_POINT('Ctrl Pts',(-20.3037556326945,11.7598070027932,96.2612168939891));
#8655=CARTESIAN_POINT('Ctrl Pts',(-19.6218320180134,11.9429224027312,106.419088733055));
#8656=CARTESIAN_POINT('Ctrl Pts',(-14.168319203486,12.1260378026691,115.015982247395));
#8657=CARTESIAN_POINT('Ctrl Pts',(-5.26938911959921,12.309153202607,119.961325863084));
#8658=CARTESIAN_POINT('Ctrl Pts',(4.91093814421374,12.4922686025449,120.052522994618));
#8659=CARTESIAN_POINT('Ctrl Pts',(13.8970354610711,12.6753840024829,115.267396546225));
#8660=CARTESIAN_POINT('Ctrl Pts',(19.5036856266607,12.8584994024208,106.769581883865));
#8661=CARTESIAN_POINT('Ctrl Pts',(20.367477143377,13.0416148023588,96.6255568281594));
#8662=CARTESIAN_POINT('Ctrl Pts',(16.2783552992899,13.2247302022967,87.3021206236616));
#8663=CARTESIAN_POINT('Ctrl Pts',(8.23070276010534,13.4078456022346,81.0665237217049));
#8664=CARTESIAN_POINT('Ctrl Pts',(-1.81847197951449,13.5909610021725,79.4351233515568));
#8665=CARTESIAN_POINT('Ctrl Pts',(-11.4254351432882,13.7740764021104,82.8046394718668));
#8666=CARTESIAN_POINT('Ctrl Pts',(-18.2539888862079,13.9571918020484,90.3556813797885));
#8667=CARTESIAN_POINT('Ctrl Pts',(-20.6435821822347,14.1403072019863,100.252005141404));
#8668=CARTESIAN_POINT('Ctrl Pts',(-18.0131195682689,14.3234226019242,110.087046908049));
#8669=CARTESIAN_POINT('Ctrl Pts',(-11.0022705200214,14.5065380018622,117.469145236968));
#8670=CARTESIAN_POINT('Ctrl Pts',(-1.31591619076878,14.6896534018001,120.603139481272));
#8671=CARTESIAN_POINT('Ctrl Pts',(8.69043942469796,14.872768801738,118.726912572865));
#8672=CARTESIAN_POINT('Ctrl Pts',(16.5834752001788,15.0558842016759,112.296720790155));
#8673=CARTESIAN_POINT('Ctrl Pts',(20.4437819680421,15.2389996016139,102.876242470426));
#8674=CARTESIAN_POINT('Ctrl Pts',(19.3326197542086,15.4221150015518,92.7563265295358));
#8675=CARTESIAN_POINT('Ctrl Pts',(13.5201982725621,15.6052304014897,84.3979094165938));
#8676=CARTESIAN_POINT('Ctrl Pts',(4.41996798726303,15.7883458014277,79.8335705960493));
#8677=CARTESIAN_POINT('Ctrl Pts',(-5.75509932148448,15.9714612013656,80.173254838568));
#8678=CARTESIAN_POINT('Ctrl Pts',(-14.5306556284172,16.1545766013035,85.3343585575242));
#8679=CARTESIAN_POINT('Ctrl Pts',(-19.7726825807982,16.3376920012414,94.0618171562297));
#8680=CARTESIAN_POINT('Ctrl Pts',(-20.2064368579348,16.5208074011794,104.233308554429));
#8681=CARTESIAN_POINT('Ctrl Pts',(-15.7264391655039,16.7039228011173,113.375354325475));
#8682=CARTESIAN_POINT('Ctrl Pts',(-7.42212437993456,16.8870382010552,119.264814068341));
#8683=CARTESIAN_POINT('Ctrl Pts',(2.68708445779027,17.0701536009932,120.46950340853));
#8684=CARTESIAN_POINT('Ctrl Pts',(12.1428547230126,17.2532690009311,116.696468801032));
#8685=CARTESIAN_POINT('Ctrl Pts',(18.6457550942663,17.436384400869,108.863227857796));
#8686=CARTESIAN_POINT('Ctrl Pts',(20.6144265347341,17.6194998008069,98.87464844135));
#8687=CARTESIAN_POINT('Ctrl Pts',(17.5701315259623,17.8026152007449,89.1597300058162));
#8688=CARTESIAN_POINT('Ctrl Pts',(10.2531759231684,17.9857306006828,82.0809204680069));
#8689=CARTESIAN_POINT('Ctrl Pts',(0.442875828668156,18.1688460006207,79.3596319558046));
#8690=CARTESIAN_POINT('Ctrl Pts',(-9.47511726407169,18.3519614005586,81.6576116394083));
#8691=CARTESIAN_POINT('Ctrl Pts',(-17.0889835118315,18.5350768004966,88.4160609008482));
#8692=CARTESIAN_POINT('Ctrl Pts',(-20.5471741858833,18.7181922004345,97.991439165944));
#8693=CARTESIAN_POINT('Ctrl Pts',(-19.0087902288435,18.9013076003724,108.05530499582));
#8694=CARTESIAN_POINT('Ctrl Pts',(-12.8478201517263,19.0844230003104,116.160198917272));
#8695=CARTESIAN_POINT('Ctrl Pts',(-3.56270020739867,19.2675384002483,120.335502612862));
#8696=CARTESIAN_POINT('Ctrl Pts',(6.58909565622499,19.4506538001862,119.565248330882));
#8697=CARTESIAN_POINT('Ctrl Pts',(15.1379456417456,19.6337692001241,114.038017472324));
#8698=CARTESIAN_POINT('Ctrl Pts',(20.0068857140248,19.8168846000621,105.095302587753));
#8699=CARTESIAN_POINT('Ctrl Pts',(20.0067852696994,19.938961533354,98.310258204671));
#8700=CARTESIAN_POINT('Ctrl Pts',(19.1965844123509,20.,95.1219050839141));
#8701=CARTESIAN_POINT('Ctrl Pts',(11.3796996495747,5.55111512312578E-16,
82.6077517614025));
#8702=CARTESIAN_POINT('Ctrl Pts',(11.0125571500292,5.9563885575615E-16,
82.3849534191137));
#8703=CARTESIAN_POINT('Ctrl Pts',(10.6389613215489,-1.80857756374927E-16,
82.1741147443547));
#8704=CARTESIAN_POINT('Ctrl Pts',(10.2595603914356,-2.04697370165263E-16,
81.9753104976783));
#8705=CARTESIAN_POINT('Ctrl Pts',(9.88068168812699,-2.28504169894415E-16,
81.7767798953139));
#8706=CARTESIAN_POINT('Ctrl Pts',(9.4960133056352,1.13757230821111E-15,
81.590250495148));
#8707=CARTESIAN_POINT('Ctrl Pts',(9.10617117226615,1.1518563880486E-15,
81.4158420364138));
#8708=CARTESIAN_POINT('Ctrl Pts',(8.71462626559324,1.16620285865337E-15,
81.2406717870929));
#8709=CARTESIAN_POINT('Ctrl Pts',(8.31786179185972,-7.9890618369489E-17,
81.0777284240984));
#8710=CARTESIAN_POINT('Ctrl Pts',(7.91647987115576,-4.16333634234434E-17,
80.9271812250411));
#8711=CARTESIAN_POINT('Ctrl Pts',(7.51543678433882,-3.40840403863625E-18,
80.7767611131545));
#8712=CARTESIAN_POINT('Ctrl Pts',(7.10978350934068,1.88463971009384E-15,
80.6387161088453));
#8713=CARTESIAN_POINT('Ctrl Pts',(6.70010675942578,1.97064586870965E-15,
80.5132650855225));
#8714=CARTESIAN_POINT('Ctrl Pts',(6.2916873272397,2.05638807027143E-15,
80.3881990774482));
#8715=CARTESIAN_POINT('Ctrl Pts',(5.87926855377171,5.36882847981591E-16,
80.2756497437512));
#8716=CARTESIAN_POINT('Ctrl Pts',(5.46342588441619,5.27355936696949E-16,
80.1758855917109));
#8717=CARTESIAN_POINT('Ctrl Pts',(5.15154388239955,5.20210753233468E-16,
80.1010624776806));
#8718=CARTESIAN_POINT('Ctrl Pts',(4.83773577068688,-2.79963241176541E-16,
80.0334320704711));
#8719=CARTESIAN_POINT('Ctrl Pts',(4.52224480938186,-1.66533453693773E-16,
79.9731274569101));
#8720=CARTESIAN_POINT('Ctrl Pts',(4.40393569889248,-1.23997283387736E-16,
79.9505132268248));
#8721=CARTESIAN_POINT('Ctrl Pts',(4.2853899533039,2.73536590458081E-16,
79.9289293608878));
#8722=CARTESIAN_POINT('Ctrl Pts',(4.1666204773739,2.77555756156289E-16,
79.9083835115228));
#8723=CARTESIAN_POINT('Ctrl Pts',(4.10325216780974,2.79700143290773E-16,
79.897421471549));
#8724=CARTESIAN_POINT('Ctrl Pts',(4.03982017088475,-2.85654449705813E-16,
79.8867549248278));
#8725=CARTESIAN_POINT('Ctrl Pts',(3.97632645362532,-3.05311331771918E-16,
79.8763850745746));
#8726=CARTESIAN_POINT('Ctrl Pts',(3.9379975926971,-3.17177480605443E-16,
79.8701251709912));
#8727=CARTESIAN_POINT('Ctrl Pts',(3.89964352004621,4.53582128916883E-16,
79.8639729605508));
#8728=CARTESIAN_POINT('Ctrl Pts',(3.86127377875756,4.44089209850063E-16,
79.8579301421043));
#8729=CARTESIAN_POINT('Ctrl Pts',(3.44090930412029,3.40088353907925E-16,
79.7917272927686));
#8730=CARTESIAN_POINT('Ctrl Pts',(3.01917615769346,3.04737798050257E-16,
79.7387284674907));
#8731=CARTESIAN_POINT('Ctrl Pts',(2.59665778294871,2.77555756156289E-16,
79.6990742947881));
#8732=CARTESIAN_POINT('Ctrl Pts',(2.2834365535271,2.574051707874E-16,79.6696778721281));
#8733=CARTESIAN_POINT('Ctrl Pts',(1.96978339356632,-5.37228782672689E-17,
79.6476160798198));
#8734=CARTESIAN_POINT('Ctrl Pts',(1.65593233767401,2.77555756156289E-17,
79.6329643369305));
#8735=CARTESIAN_POINT('Ctrl Pts',(1.23308448254579,1.67646870730684E-16,
79.6132242151808));
#8736=CARTESIAN_POINT('Ctrl Pts',(0.809877188771139,6.20639119759593E-16,
79.6069326580342));
#8737=CARTESIAN_POINT('Ctrl Pts',(0.386921474863773,5.82867087928207E-16,
79.6139121820488));
#8738=CARTESIAN_POINT('Ctrl Pts',(-0.0373467890382563,5.44977838907058E-16,
79.6209133654804));
#8739=CARTESIAN_POINT('Ctrl Pts',(-0.461362458117099,-5.69981341845742E-16,
79.6412682335095));
#8740=CARTESIAN_POINT('Ctrl Pts',(-0.884504621974243,-5.27355936696949E-16,
79.6748501604663));
#8741=CARTESIAN_POINT('Ctrl Pts',(-1.30667941413817,-4.84827980145519E-16,
79.7083553136852));
#8742=CARTESIAN_POINT('Ctrl Pts',(-1.72798522923381,2.88164827872372E-16,
79.7550272618248));
#8743=CARTESIAN_POINT('Ctrl Pts',(-2.14779310066885,3.88578058618805E-16,
79.8147904724533));
#8744=CARTESIAN_POINT('Ctrl Pts',(-2.56451423709628,4.88252977733506E-16,
79.8741142601768));
#8745=CARTESIAN_POINT('Ctrl Pts',(-2.97975988215841,1.78638992490594E-16,
79.9463376784881));
#8746=CARTESIAN_POINT('Ctrl Pts',(-3.39289494663261,5.55111512312578E-17,
80.0314339597055));
#8747=CARTESIAN_POINT('Ctrl Pts',(-3.52279127374138,1.67977721943672E-17,
80.058189602911));
#8748=CARTESIAN_POINT('Ctrl Pts',(-3.65247877516622,-5.03493673596724E-17,
80.0862181667735));
#8749=CARTESIAN_POINT('Ctrl Pts',(-3.78193717761736,-5.55111512312578E-17,
80.1155197508156));
#8750=CARTESIAN_POINT('Ctrl Pts',(-3.83251179205228,-5.75276694653709E-17,
80.1269667970266));
#8751=CARTESIAN_POINT('Ctrl Pts',(-3.88305143889527,9.39944608496602E-16,
80.1386081332871));
#8752=CARTESIAN_POINT('Ctrl Pts',(-3.93355489734803,9.43689570931383E-16,
80.1504437837026));
#8753=CARTESIAN_POINT('Ctrl Pts',(-3.98091793415981,9.47201662956194E-16,
80.1615434660509));
#8754=CARTESIAN_POINT('Ctrl Pts',(-4.02825096778854,8.98714695774559E-16,
80.1728145292193));
#8755=CARTESIAN_POINT('Ctrl Pts',(-4.07553177922367,8.88178419700125E-16,
80.1842517523893));
#8756=CARTESIAN_POINT('Ctrl Pts',(-4.48565110643091,7.96785520048963E-16,
80.2834595732622));
#8757=CARTESIAN_POINT('Ctrl Pts',(-4.89219610125947,8.25637045418778E-16,
80.3952467241811));
#8758=CARTESIAN_POINT('Ctrl Pts',(-5.29456565470036,8.32667268468867E-16,
80.5194579942518));
#8759=CARTESIAN_POINT('Ctrl Pts',(-5.69625733612343,8.3968564770164E-16,
80.6434600055863));
#8760=CARTESIAN_POINT('Ctrl Pts',(-6.09378816311001,1.04896525942297E-15,
80.7798444653732));
#8761=CARTESIAN_POINT('Ctrl Pts',(-6.48654589308095,9.43689570931383E-16,
80.9285067986179));
#8762=CARTESIAN_POINT('Ctrl Pts',(-6.87574533674803,8.39367653713797E-16,
81.0758222884935));
#8763=CARTESIAN_POINT('Ctrl Pts',(-7.26025825894884,6.73088609256266E-16,
81.2351943898105));
#8764=CARTESIAN_POINT('Ctrl Pts',(-7.63946749284031,6.66133814775094E-16,
81.4065676064554));
#8765=CARTESIAN_POINT('Ctrl Pts',(-7.8062328005386,6.63075296316224E-16,
81.4819326151388));
#8766=CARTESIAN_POINT('Ctrl Pts',(-7.97197205865751,4.32874642167539E-16,
81.5596192114329));
#8767=CARTESIAN_POINT('Ctrl Pts',(-8.1366310825824,4.44089209850063E-16,
81.6396253998728));
#8768=CARTESIAN_POINT('Ctrl Pts',(-8.42683191640382,4.62057343549742E-16,
81.7806311099922));
#8769=CARTESIAN_POINT('Ctrl Pts',(-8.71367802680306,1.10284570790754E-15,
81.9288411669162));
#8770=CARTESIAN_POINT('Ctrl Pts',(-8.99694106289157,1.16573417585641E-15,
82.0840861152344));
#8771=CARTESIAN_POINT('Ctrl Pts',(-9.1208686411803,1.19324788058405E-15,
82.1520057801236));
#8772=CARTESIAN_POINT('Ctrl Pts',(-9.24411024433612,4.06265440229426E-16,
82.2212721425537));
#8773=CARTESIAN_POINT('Ctrl Pts',(-9.36664600179821,3.88578058618805E-16,
82.291871798222));
#8774=CARTESIAN_POINT('Ctrl Pts',(-9.44941061412844,3.76631429222951E-16,
82.339557088239));
#8775=CARTESIAN_POINT('Ctrl Pts',(-9.53185320376237,9.34748846447474E-17,
82.3878506480935));
#8776=CARTESIAN_POINT('Ctrl Pts',(-9.61396752113855,5.55111512312578E-17,
82.4367484631007));
#8777=CARTESIAN_POINT('Ctrl Pts',(-9.64794792611115,3.98010646485222E-17,
82.4569832724411));
#8778=CARTESIAN_POINT('Ctrl Pts',(-9.68186944575423,1.53901011603614E-15,
82.4773199886129));
#8779=CARTESIAN_POINT('Ctrl Pts',(-9.71572461516418,1.49880108324396E-15,
82.4977539746598));
#8780=CARTESIAN_POINT('Ctrl Pts',(-10.0717210039668,1.0759920788662E-15,
82.7126229405611));
#8781=CARTESIAN_POINT('Ctrl Pts',(-10.4206141620911,1.00722644317394E-15,
82.9383806961635));
#8782=CARTESIAN_POINT('Ctrl Pts',(-10.7619762713342,9.43689570931383E-16,
83.1745753303216));
#8783=CARTESIAN_POINT('Ctrl Pts',(-11.1057170700023,8.79709959198979E-16,
83.4124158228316));
#8784=CARTESIAN_POINT('Ctrl Pts',(-11.4418219389817,-2.31350730267926E-16,
83.6608394880989));
#8785=CARTESIAN_POINT('Ctrl Pts',(-11.769825181488,-2.22044604925031E-16,
83.9194289872553));
#8786=CARTESIAN_POINT('Ctrl Pts',(-12.0973233900452,-2.12752808432051E-16,
84.1776203303599));
#8787=CARTESIAN_POINT('Ctrl Pts',(-12.4167453032149,-3.0191005787886E-16,
84.4459466133196));
#8788=CARTESIAN_POINT('Ctrl Pts',(-12.7275924191988,-5.55111512312578E-16,
84.7240307079801));
#8789=CARTESIAN_POINT('Ctrl Pts',(-13.0353299878572,-8.05780075607911E-16,
84.9993329989553));
#8790=CARTESIAN_POINT('Ctrl Pts',(-13.3346637890145,2.1597725287588E-16,
85.2841992637291));
#8791=CARTESIAN_POINT('Ctrl Pts',(-13.6250704692902,1.66533453693773E-16,
85.5782951325323));
#8792=CARTESIAN_POINT('Ctrl Pts',(-13.8500099596985,1.28235908398621E-16,
85.806092147384));
#8793=CARTESIAN_POINT('Ctrl Pts',(-14.0695928517921,-3.428639538584E-16,
86.0394271787282));
#8794=CARTESIAN_POINT('Ctrl Pts',(-14.2835573793272,-3.33066907387547E-16,
86.2781557703046));
#8795=CARTESIAN_POINT('Ctrl Pts',(-14.1600407368594,-0.281275699274737,
86.3961129697985));
#8796=CARTESIAN_POINT('Ctrl Pts',(-16.3944249029947,-0.220914759693562,
88.7218431632374));
#8797=CARTESIAN_POINT('Ctrl Pts',(-19.6933181116844,-0.100192880531213,
94.4929481381452));
#8798=CARTESIAN_POINT('Ctrl Pts',(-19.9550627993208,0.0808899382123119,
104.465052948376));
#8799=CARTESIAN_POINT('Ctrl Pts',(-15.4693713303301,0.261972756955836,113.372825138192));
#8800=CARTESIAN_POINT('Ctrl Pts',(-7.30312670529762,0.44305557569936,119.099938238824));
#8801=CARTESIAN_POINT('Ctrl Pts',(2.60061045929735,0.624138394442885,120.282350867728));
#8802=CARTESIAN_POINT('Ctrl Pts',(11.8856416171845,0.805221213186409,116.639462227358));
#8803=CARTESIAN_POINT('Ctrl Pts',(18.3428509435031,0.986304031929934,109.037628286203));
#8804=CARTESIAN_POINT('Ctrl Pts',(20.4359709407376,1.16738685067346,99.2856367157835));
#8805=CARTESIAN_POINT('Ctrl Pts',(17.6670010347322,1.34846966941698,89.7035767632164));
#8806=CARTESIAN_POINT('Ctrl Pts',(10.6947338858456,1.52955248816051,82.5712359117686));
#8807=CARTESIAN_POINT('Ctrl Pts',(1.17799552906989,1.71063530690403,79.5855060964117));
#8808=CARTESIAN_POINT('Ctrl Pts',(-8.61900887478366,1.89171812564756,81.4567566617048));
#8809=CARTESIAN_POINT('Ctrl Pts',(-16.3653955067384,2.07280094439108,87.7397782231016));
#8810=CARTESIAN_POINT('Ctrl Pts',(-20.2181587331519,2.25388376313461,96.939728911459));
#8811=CARTESIAN_POINT('Ctrl Pts',(-19.2606566991614,2.43496658187813,106.867772985022));
#8812=CARTESIAN_POINT('Ctrl Pts',(-13.720696373588,2.61604940062166,115.161849964658));
#8813=CARTESIAN_POINT('Ctrl Pts',(-4.9163344582457,2.79713221936518,119.848648763972));
#8814=CARTESIAN_POINT('Ctrl Pts',(5.0577122684198,2.9782150381087,119.813095405228));
#8815=CARTESIAN_POINT('Ctrl Pts',(13.8284378507516,3.15929785685223,115.063648602358));
#8816=CARTESIAN_POINT('Ctrl Pts',(19.3091281893857,3.34038067559575,106.730287608185));
#8817=CARTESIAN_POINT('Ctrl Pts',(20.1958280145585,3.52146349433928,96.7956695696937));
#8818=CARTESIAN_POINT('Ctrl Pts',(16.2775754161301,3.7025463130828,87.6234196457932));
#8819=CARTESIAN_POINT('Ctrl Pts',(8.48659348974149,3.88362913182633,81.3957818319463));
#8820=CARTESIAN_POINT('Ctrl Pts',(-1.32350238079413,4.06471195056985,79.5944236997909));
#8821=CARTESIAN_POINT('Ctrl Pts',(-10.8187131192467,4.24579476931338,82.6479208985256));
#8822=CARTESIAN_POINT('Ctrl Pts',(-17.7399565121211,4.42687758805689,89.8297912682925));
#8823=CARTESIAN_POINT('Ctrl Pts',(-20.4405436891918,4.60796040680042,99.431338071245));
#8824=CARTESIAN_POINT('Ctrl Pts',(-18.2779561613236,4.78904322554395,109.168179822828));
#8825=CARTESIAN_POINT('Ctrl Pts',(-11.7667125794287,4.97012604428747,116.723745925239));
#8826=CARTESIAN_POINT('Ctrl Pts',(-2.45595545001544,5.151208863031,120.300430673424));
#8827=CARTESIAN_POINT('Ctrl Pts',(7.43911786014916,5.33229168177451,119.047276134967));
#8828=CARTESIAN_POINT('Ctrl Pts',(15.5642906062878,5.51337450051805,113.262430419118));
#8829=CARTESIAN_POINT('Ctrl Pts',(19.9864373699634,5.69445731926156,104.322212854019));
#8830=CARTESIAN_POINT('Ctrl Pts',(19.6534495277648,5.87554013800509,94.3536627484255));
#8831=CARTESIAN_POINT('Ctrl Pts',(14.644550904452,6.05662295674862,85.7284783044753));
#8832=CARTESIAN_POINT('Ctrl Pts',(6.15144899346867,6.23770577549214,80.498746758742));
#8833=CARTESIAN_POINT('Ctrl Pts',(-3.80519378994015,6.41878859423567,79.9087157473714));
#8834=CARTESIAN_POINT('Ctrl Pts',(-12.8565122107491,6.59987141297919,84.0987643098476));
#8835=CARTESIAN_POINT('Ctrl Pts',(-18.8490340590358,6.78095423172272,92.0720041788463));
#8836=CARTESIAN_POINT('Ctrl Pts',(-20.3570301020319,6.96203705046624,101.931457512835));
#8837=CARTESIAN_POINT('Ctrl Pts',(-17.0217208315722,7.14311986920976,111.331382203021));
#8838=CARTESIAN_POINT('Ctrl Pts',(-9.63663659224387,7.32420268795329,118.035366308671));
#8839=CARTESIAN_POINT('Ctrl Pts',(0.0411776267095132,7.50528550669681,120.448410869845));
#8840=CARTESIAN_POINT('Ctrl Pts',(9.70919494418768,7.68636832544035,117.996408981646));
#8841=CARTESIAN_POINT('Ctrl Pts',(17.0672193389817,7.86745114418386,111.262736201031));
#8842=CARTESIAN_POINT('Ctrl Pts',(20.3646438478348,8.04853396292739,101.849454960188));
#8843=CARTESIAN_POINT('Ctrl Pts',(18.8169515955249,8.2296167816709,91.9961549646066));
#8844=CARTESIAN_POINT('Ctrl Pts',(12.792366535725,8.41069960041444,84.0471143326801));
#8845=CARTESIAN_POINT('Ctrl Pts',(3.72424631860528,8.59178241915796,79.893553470161));
#8846=CARTESIAN_POINT('Ctrl Pts',(-6.22993939496026,8.77286523790148,80.52367956122));
#8847=CARTESIAN_POINT('Ctrl Pts',(-14.7019099512614,8.95394805664501,85.7875742223953));
#8848=CARTESIAN_POINT('Ctrl Pts',(-19.6760304661763,9.13503087538853,94.4328617950496));
#8849=CARTESIAN_POINT('Ctrl Pts',(-19.9688677866906,9.31611369413206,104.402672145026));
#8850=CARTESIAN_POINT('Ctrl Pts',(-15.5107506226742,9.49719651287559,113.325007235275));
#8851=CARTESIAN_POINT('Ctrl Pts',(-7.36234560576573,9.6782793316191,119.077082320947));
#8852=CARTESIAN_POINT('Ctrl Pts',(2.53769446857399,9.85936215036263,120.29037479898));
#8853=CARTESIAN_POINT('Ctrl Pts',(11.8339711726201,10.0404449691062,116.676220464617));
#8854=CARTESIAN_POINT('Ctrl Pts',(18.3147322944638,10.2215277878497,109.094491941887));
#8855=CARTESIAN_POINT('Ctrl Pts',(20.4380876556587,10.4026106065932,99.3490194484222));
#8856=CARTESIAN_POINT('Ctrl Pts',(17.6988526466772,10.5836934253367,89.7584269914176));
#8857=CARTESIAN_POINT('Ctrl Pts',(10.7487407742201,10.7647762440802,82.604489818705));
#8858=CARTESIAN_POINT('Ctrl Pts',(1.24130924148797,10.9458590628238,79.5892588555459));
#8859=CARTESIAN_POINT('Ctrl Pts',(-8.56145219029175,11.1269418815673,81.4301120333948));
#8860=CARTESIAN_POINT('Ctrl Pts',(-16.3272894402873,11.3080247003108,87.6890771169664));
#8861=CARTESIAN_POINT('Ctrl Pts',(-20.2085694977982,11.4891075190543,96.8770332131801));
#8862=CARTESIAN_POINT('Ctrl Pts',(-19.2818657022883,11.6701903377979,106.807999540088));
#8863=CARTESIAN_POINT('Ctrl Pts',(-13.7676576322766,11.8512731565414,115.11921975564));
#8864=CARTESIAN_POINT('Ctrl Pts',(-4.97787502953434,12.0323559752849,119.833304386543));
#8865=CARTESIAN_POINT('Ctrl Pts',(4.99623399309454,12.2134387940284,119.828687515445));
#8866=CARTESIAN_POINT('Ctrl Pts',(13.7816486666588,12.394521612772,115.106467579408));
#8867=CARTESIAN_POINT('Ctrl Pts',(19.2881600875945,12.5756044315155,106.790146031879));
#8868=CARTESIAN_POINT('Ctrl Pts',(20.2056696860243,12.756687250259,96.8583260452112));
#8869=CARTESIAN_POINT('Ctrl Pts',(16.315885349054,12.9377700690025,87.6739670625362));
#8870=CARTESIAN_POINT('Ctrl Pts',(8.54425705897573,13.1188528877461,81.4221940474914));
#8871=CARTESIAN_POINT('Ctrl Pts',(-1.26020438043011,13.2999357064896,79.5904167700939));
#8872=CARTESIAN_POINT('Ctrl Pts',(-10.7648404257983,13.4810185252331,82.6144481449101));
#8873=CARTESIAN_POINT('Ctrl Pts',(-17.7083264128596,13.6621013439766,89.7748164635281));
#8874=CARTESIAN_POINT('Ctrl Pts',(-20.4386815562793,13.8431841627202,99.3679407148649));
#8875=CARTESIAN_POINT('Ctrl Pts',(-18.3063050298334,14.0242669814637,109.111443291467));
#8876=CARTESIAN_POINT('Ctrl Pts',(-11.818527741275,14.2053498002072,116.687168864958));
#8877=CARTESIAN_POINT('Ctrl Pts',(-2.51890914189473,14.3864326189507,120.292715427803));
#8878=CARTESIAN_POINT('Ctrl Pts',(7.38000345911112,14.5675154376943,119.070258300361));
#8879=CARTESIAN_POINT('Ctrl Pts',(15.5230798802962,14.7485982564378,113.310642123083));
#8880=CARTESIAN_POINT('Ctrl Pts',(19.9729350954122,14.9296810751813,104.384183661007));
#8881=CARTESIAN_POINT('Ctrl Pts',(19.6708681397535,15.1107638939248,94.4146486836185));
#8882=CARTESIAN_POINT('Ctrl Pts',(14.6887462004392,15.2918467126683,85.7739697119143));
#8883=CARTESIAN_POINT('Ctrl Pts',(6.21190611391706,15.4729295314119,80.5179204104833));
#8884=CARTESIAN_POINT('Ctrl Pts',(-3.74285868642383,15.6540123501554,79.8970098853656));
#8885=CARTESIAN_POINT('Ctrl Pts',(-12.8071297717364,15.8350951688989,84.0589639698491));
#8886=CARTESIAN_POINT('Ctrl Pts',(-18.8243532590132,16.0161779876425,92.0135785816287));
#8887=CARTESIAN_POINT('Ctrl Pts',(-20.3629229495041,16.197260806386,101.868307162319));
#8888=CARTESIAN_POINT('Ctrl Pts',(-17.0567853112432,16.3783436251295,111.278531711583));
#8889=CARTESIAN_POINT('Ctrl Pts',(-9.69253023159189,16.559426443873,118.005389757434));
#8890=CARTESIAN_POINT('Ctrl Pts',(-0.022247063874963,16.7405092626166,120.448440233792));
#8891=CARTESIAN_POINT('Ctrl Pts',(9.65332907901566,16.9215920813601,118.026437250691));
#8892=CARTESIAN_POINT('Ctrl Pts',(17.0322038047954,17.1026749001036,111.315619155791));
#8893=CARTESIAN_POINT('Ctrl Pts',(20.3588094592522,17.2837577188471,101.912610691858));
#8894=CARTESIAN_POINT('Ctrl Pts',(18.8416864868066,17.4648405375907,92.0545577827803));
#8895=CARTESIAN_POINT('Ctrl Pts',(12.8417857728936,17.6459233563342,84.0868687470438));
#8896=CARTESIAN_POINT('Ctrl Pts',(3.78659228652262,17.8270061750777,79.9052020079205));
#8897=CARTESIAN_POINT('Ctrl Pts',(-6.16950016074328,18.0080889938212,80.5044491595457));
#8898=CARTESIAN_POINT('Ctrl Pts',(-14.6577565658224,18.1891718125648,85.742043519867));
#8899=CARTESIAN_POINT('Ctrl Pts',(-19.6586687731324,18.3702546313083,94.3718565138693));
#8900=CARTESIAN_POINT('Ctrl Pts',(-19.9824265082039,18.5513374500518,104.340720451347));
#8901=CARTESIAN_POINT('Ctrl Pts',(-15.5520078265722,18.7324202687953,113.276820339878));
#8902=CARTESIAN_POINT('Ctrl Pts',(-7.42147747874645,18.9135030875389,119.054182005541));
#8903=CARTESIAN_POINT('Ctrl Pts',(2.47474027931831,19.0945859062824,120.298093310273));
#8904=CARTESIAN_POINT('Ctrl Pts',(11.7822054467846,19.2756687250259,116.7129571055));
#8905=CARTESIAN_POINT('Ctrl Pts',(18.2864044401954,19.4567515437694,109.151028039619));
#8906=CARTESIAN_POINT('Ctrl Pts',(20.4400713737675,19.6378343625129,99.4128787246889));
#8907=CARTESIAN_POINT('Ctrl Pts',(17.7304061709929,19.8189171812565,89.812404824063));
#8908=CARTESIAN_POINT('Ctrl Pts',(13.1117891571382,19.9396390604188,85.0315339919783));
#8909=CARTESIAN_POINT('Ctrl Pts',(10.3734367107693,20.,83.3277384015346));
#8910=CARTESIAN_POINT('Ctrl Pts',(-14.1600407368594,-0.21538845090334,86.3961129697985));
#8911=CARTESIAN_POINT('Ctrl Pts',(-16.3943971255629,-0.155027511322165,
88.7218142502094));
#8912=CARTESIAN_POINT('Ctrl Pts',(-19.6933262922057,-0.0343056321598158,
94.4929676871778));
#8913=CARTESIAN_POINT('Ctrl Pts',(-19.9550507404585,0.146777186583709,104.465043193475));
#8914=CARTESIAN_POINT('Ctrl Pts',(-15.4693701413496,0.327860005327233,113.37282553642));
#8915=CARTESIAN_POINT('Ctrl Pts',(-7.30312310025966,0.508942824070757,119.09993082895));
#8916=CARTESIAN_POINT('Ctrl Pts',(2.6006089631151,0.690025642814282,120.282346179347));
#8917=CARTESIAN_POINT('Ctrl Pts',(11.8856386564535,0.871108461557806,116.639457057211));
#8918=CARTESIAN_POINT('Ctrl Pts',(18.3428456057605,1.05219128030133,109.037625992806));
#8919=CARTESIAN_POINT('Ctrl Pts',(20.4359652928458,1.23327409904485,99.28563679572));
#8920=CARTESIAN_POINT('Ctrl Pts',(17.666996027643,1.41435691778838,89.7035797145261));
#8921=CARTESIAN_POINT('Ctrl Pts',(10.6947309044311,1.5954397365319,82.5712407774344));
#8922=CARTESIAN_POINT('Ctrl Pts',(1.17799518724336,1.77652255527543,79.5855118444127));
#8923=CARTESIAN_POINT('Ctrl Pts',(-8.61900644866538,1.95760537401895,81.4567618625778));
#8924=CARTESIAN_POINT('Ctrl Pts',(-16.3653909130729,2.13868819276248,87.7397816699788));
#8925=CARTESIAN_POINT('Ctrl Pts',(-20.2181530534301,2.319771011506,96.9397297692267));
#8926=CARTESIAN_POINT('Ctrl Pts',(-19.260651290323,2.50085383024952,106.867771057014));
#8927=CARTESIAN_POINT('Ctrl Pts',(-13.7206925197178,2.68193664899306,115.161845705929));
#8928=CARTESIAN_POINT('Ctrl Pts',(-4.91633307761716,2.86301946773658,119.848643189551));
#8929=CARTESIAN_POINT('Ctrl Pts',(5.05771084800451,3.0441022864801,119.813089840484));
#8930=CARTESIAN_POINT('Ctrl Pts',(13.8284339669026,3.22518510522363,115.06364437168));
#8931=CARTESIAN_POINT('Ctrl Pts',(19.3091227663046,3.40626792396715,106.730285717913));
#8932=CARTESIAN_POINT('Ctrl Pts',(20.1958223424136,3.58735074271068,96.7956704696638));
#8933=CARTESIAN_POINT('Ctrl Pts',(16.277570844467,3.7684335614542,87.623423121834));
#8934=CARTESIAN_POINT('Ctrl Pts',(8.48659110622178,3.94951638019772,81.3957870570703));
#8935=CARTESIAN_POINT('Ctrl Pts',(-1.32350200907838,4.13059919894125,79.5944294308342));
#8936=CARTESIAN_POINT('Ctrl Pts',(-10.8187100807382,4.31168201768477,82.6479257719757));
#8937=CARTESIAN_POINT('Ctrl Pts',(-17.7399515297334,4.49276483642829,89.8297941246643));
#8938=CARTESIAN_POINT('Ctrl Pts',(-20.4405379483263,4.67384765517182,99.4313382309577));
#8939=CARTESIAN_POINT('Ctrl Pts',(-18.2779510278353,4.85493047391535,109.168177247883));
#8940=CARTESIAN_POINT('Ctrl Pts',(-11.7667092746675,5.03601329265887,116.723741228262));
#8941=CARTESIAN_POINT('Ctrl Pts',(-2.45595476024364,5.21709611140239,120.30042497191));
#8942=CARTESIAN_POINT('Ctrl Pts',(7.43911577082234,5.39817893014592,119.047270785411));
#8943=CARTESIAN_POINT('Ctrl Pts',(15.564286234951,5.57926174888944,113.262426694274));
#8944=CARTESIAN_POINT('Ctrl Pts',(19.9864317566366,5.76034456763297,104.322211640096));
#8945=CARTESIAN_POINT('Ctrl Pts',(19.65344400796,5.94142738637649,94.3536643342377));
#8946=CARTESIAN_POINT('Ctrl Pts',(14.6445467914303,6.12251020512001,85.7284823127291));
#8947=CARTESIAN_POINT('Ctrl Pts',(6.15144726579242,6.30359302386355,80.4987522358016));
#8948=CARTESIAN_POINT('Ctrl Pts',(-3.80519272122561,6.48467584260706,79.9087213901452));
#8949=CARTESIAN_POINT('Ctrl Pts',(-12.8565085999103,6.66575866135059,84.0987687758176));
#8950=CARTESIAN_POINT('Ctrl Pts',(-18.8490287651564,6.84684148009411,92.0720064054779));
#8951=CARTESIAN_POINT('Ctrl Pts',(-20.3570243846217,7.02792429883763,101.931456970372));
#8952=CARTESIAN_POINT('Ctrl Pts',(-17.0217160509063,7.20900711758116,111.331379020525));
#8953=CARTESIAN_POINT('Ctrl Pts',(-9.636633885729,7.39008993632469,118.035361243316));
#8954=CARTESIAN_POINT('Ctrl Pts',(0.041177615144495,7.57117275506821,120.448405126769));
#8955=CARTESIAN_POINT('Ctrl Pts',(9.7091922172943,7.75225557381174,117.996403927233));
#8956=CARTESIAN_POINT('Ctrl Pts',(17.0672145455371,7.93333839255526,111.262733037815));
#8957=CARTESIAN_POINT('Ctrl Pts',(20.3646381282861,8.11442121129878,101.849454440756));
#8958=CARTESIAN_POINT('Ctrl Pts',(18.8169463106562,8.29550403004231,91.9961572125408));
#8959=CARTESIAN_POINT('Ctrl Pts',(12.7923629429019,8.47658684878583,84.0471188131564));
#8960=CARTESIAN_POINT('Ctrl Pts',(3.7242452726254,8.65766966752936,79.8935591171932));
#8961=CARTESIAN_POINT('Ctrl Pts',(-6.22993764523944,8.83875248627288,80.5236850312768));
#8962=CARTESIAN_POINT('Ctrl Pts',(-14.7019058221301,9.0198353050164,85.7875782140518));
#8963=CARTESIAN_POINT('Ctrl Pts',(-19.6760249400295,9.20091812375993,94.4328633586181));
#8964=CARTESIAN_POINT('Ctrl Pts',(-19.9688621782984,9.38200094250346,104.402670908506));
#8965=CARTESIAN_POINT('Ctrl Pts',(-15.5107462663745,9.56308376124698,113.325003492856));
#8966=CARTESIAN_POINT('Ctrl Pts',(-7.36234353800092,9.7441665799905,119.077076963019));
#8967=CARTESIAN_POINT('Ctrl Pts',(2.53769375584524,9.92524939873402,120.29036910029));
#8968=CARTESIAN_POINT('Ctrl Pts',(11.8339678489689,10.1063322174776,116.676215780987));
#8969=CARTESIAN_POINT('Ctrl Pts',(18.3147271506468,10.2874150362211,109.094489387637));
#8970=CARTESIAN_POINT('Ctrl Pts',(20.4380819154829,10.4684978549646,99.3490196312546));
#8971=CARTESIAN_POINT('Ctrl Pts',(17.6988476758342,10.6495806737081,89.7584298678329));
#8972=CARTESIAN_POINT('Ctrl Pts',(10.7487377553633,10.8306634924517,82.6044947043522));
#8973=CARTESIAN_POINT('Ctrl Pts',(1.24130889285782,11.0117463111952,79.5892645880412));
#8974=CARTESIAN_POINT('Ctrl Pts',(-8.56144978574972,11.1928291299387,81.430117248874));
#8975=CARTESIAN_POINT('Ctrl Pts',(-16.3272848546571,11.3739119486822,87.6890805745727));
#8976=CARTESIAN_POINT('Ctrl Pts',(-20.2085638220841,11.5549947674257,96.8770340902866));
#8977=CARTESIAN_POINT('Ctrl Pts',(-19.2818602868453,11.7360775861693,106.807997628015));
#8978=CARTESIAN_POINT('Ctrl Pts',(-13.7676537655364,11.9171604049128,115.119215509304));
#8979=CARTESIAN_POINT('Ctrl Pts',(-4.97787363146431,12.0982432236563,119.833298816225));
#8980=CARTESIAN_POINT('Ctrl Pts',(4.99623258986827,12.2793260423998,119.828681946423));
#8981=CARTESIAN_POINT('Ctrl Pts',(13.7816447959891,12.4604088611434,115.106463336654));
#8982=CARTESIAN_POINT('Ctrl Pts',(19.2881546703837,12.6414916798869,106.790144124821));
#8983=CARTESIAN_POINT('Ctrl Pts',(20.2056640111247,12.8225744986304,96.8583269275719));
#8984=CARTESIAN_POINT('Ctrl Pts',(16.3158807666267,13.0036573173739,87.6739705243862));
#8985=CARTESIAN_POINT('Ctrl Pts',(8.54425465926307,13.1847401361175,81.4221992651945));
#8986=CARTESIAN_POINT('Ctrl Pts',(-1.26020402649315,13.365822954861,79.590422502264));
#8987=CARTESIAN_POINT('Ctrl Pts',(-10.7648374024196,13.5469057736045,82.6144530277605));
#8988=CARTESIAN_POINT('Ctrl Pts',(-17.7083214393558,13.727988592348,89.7748193353404));
#8989=CARTESIAN_POINT('Ctrl Pts',(-20.4386758159367,13.9090714110916,99.3679408923831));
#8990=CARTESIAN_POINT('Ctrl Pts',(-18.3062998883832,14.0901542298351,109.111440732456));
#8991=CARTESIAN_POINT('Ctrl Pts',(-11.8185244219612,14.2712370485786,116.687164178254));
#8992=CARTESIAN_POINT('Ctrl Pts',(-2.51890843444196,14.4523198673221,120.292709728456));
#8993=CARTESIAN_POINT('Ctrl Pts',(7.38000138638696,14.6334026860657,119.070252944349));
#8994=CARTESIAN_POINT('Ctrl Pts',(15.5230755205337,14.8144855048092,113.310638384699));
#8995=CARTESIAN_POINT('Ctrl Pts',(19.9729294858775,14.9955683235527,104.384182429679));
#8996=CARTESIAN_POINT('Ctrl Pts',(19.6708626150566,15.1766511422962,94.4146502523024));
#8997=CARTESIAN_POINT('Ctrl Pts',(14.6887420750047,15.3577339610398,85.7739737073914));
#8998=CARTESIAN_POINT('Ctrl Pts',(6.21190436926172,15.5388167797833,80.5179258821583));
#8999=CARTESIAN_POINT('Ctrl Pts',(-3.74285763521797,15.7198995985268,79.897015531426));
#9000=CARTESIAN_POINT('Ctrl Pts',(-12.8071261747641,15.9009824172703,84.0589684469997));
#9001=CARTESIAN_POINT('Ctrl Pts',(-18.8243479720716,16.0820652360139,92.0135808246648));
#9002=CARTESIAN_POINT('Ctrl Pts',(-20.3629172304267,16.2631480547574,101.868306637602));
#9003=CARTESIAN_POINT('Ctrl Pts',(-17.0567805207535,16.4442308735009,111.278528543911));
#9004=CARTESIAN_POINT('Ctrl Pts',(-9.69252750932945,16.6253136922444,118.005384700537));
#9005=CARTESIAN_POINT('Ctrl Pts',(-0.02224705772706,16.806396510988,120.448434490628));
#9006=CARTESIAN_POINT('Ctrl Pts',(9.65332636801616,16.9874793297315,118.026432188005));
#9007=CARTESIAN_POINT('Ctrl Pts',(17.0321990207721,17.168562148475,111.315615977394));
#9008=CARTESIAN_POINT('Ctrl Pts',(20.3588037421802,17.3496449672185,101.912610155356));
#9009=CARTESIAN_POINT('Ctrl Pts',(18.8416811932908,17.5307277859621,92.0545600129586));
#9010=CARTESIAN_POINT('Ctrl Pts',(12.8417821696403,17.7118106047056,84.0868732191005));
#9011=CARTESIAN_POINT('Ctrl Pts',(3.78659121603377,17.8928934234491,79.9052076461102));
#9012=CARTESIAN_POINT('Ctrl Pts',(-6.16949841379768,18.0739762421926,80.5044546463064));
#9013=CARTESIAN_POINT('Ctrl Pts',(-14.6577524779013,18.2550590609361,85.7420475013789));
#9014=CARTESIAN_POINT('Ctrl Pts',(-19.6586631934105,18.4361418796797,94.3718581410983));
#9015=CARTESIAN_POINT('Ctrl Pts',(-19.9824210145948,18.6172246984232,104.340719137828));
#9016=CARTESIAN_POINT('Ctrl Pts',(-15.5520032180762,18.7983075171667,113.276816802515));
#9017=CARTESIAN_POINT('Ctrl Pts',(-7.42147588254503,18.9793903359102,119.054176265463));
#9018=CARTESIAN_POINT('Ctrl Pts',(2.47474057473475,19.1604731546538,120.298088397819));
#9019=CARTESIAN_POINT('Ctrl Pts',(11.7822001278481,19.3415559733973,116.712950811738));
#9020=CARTESIAN_POINT('Ctrl Pts',(18.2864033859163,19.5226387921408,109.151028718409));
#9021=CARTESIAN_POINT('Ctrl Pts',(20.4400572838612,19.7037216108843,99.4128722401857));
#9022=CARTESIAN_POINT('Ctrl Pts',(17.7304189141721,19.8848044296279,89.8124217561918));
#9023=CARTESIAN_POINT('Ctrl Pts',(13.1117551144702,20.0055263087902,85.031512810721));
#9024=CARTESIAN_POINT('Ctrl Pts',(10.3734367107693,20.0658872483714,83.3277384015346));
#9025=CARTESIAN_POINT('Ctrl Pts',(-14.1868495985263,-0.100383006125017,
86.3703570604547));
#9026=CARTESIAN_POINT('Ctrl Pts',(-16.425471083248,-0.0400220665438417,
88.7004978024128));
#9027=CARTESIAN_POINT('Ctrl Pts',(-19.7306009277756,0.0806998126185075,
94.4825168346957));
#9028=CARTESIAN_POINT('Ctrl Pts',(-19.9928462803162,0.261782631362032,104.473508987736));
#9029=CARTESIAN_POINT('Ctrl Pts',(-15.4986594160446,0.442865450105557,113.398143483116));
#9030=CARTESIAN_POINT('Ctrl Pts',(-7.31695444814641,0.62394826884908,119.136101559455));
#9031=CARTESIAN_POINT('Ctrl Pts',(2.6055345097564,0.805031087592606,120.320752134387));
#9032=CARTESIAN_POINT('Ctrl Pts',(11.9081451616898,0.986113906336128,116.67096662295));
#9033=CARTESIAN_POINT('Ctrl Pts',(18.3775803659499,1.16719672507966,109.054739587661));
#9034=CARTESIAN_POINT('Ctrl Pts',(20.4746632948118,1.34827954382318,99.2842842089226));
#9035=CARTESIAN_POINT('Ctrl Pts',(17.7004508034566,1.52936236256671,89.6840820497019));
#9036=CARTESIAN_POINT('Ctrl Pts',(10.7149827188515,1.71044518131023,82.538237226983));
#9037=CARTESIAN_POINT('Ctrl Pts',(1.18022588573639,1.89152800005375,79.5468543790155));
#9038=CARTESIAN_POINT('Ctrl Pts',(-8.63532764777302,2.07261081879728,81.4216478757543));
#9039=CARTESIAN_POINT('Ctrl Pts',(-16.3963808729068,2.2536936375408,87.7165653723233));
#9040=CARTESIAN_POINT('Ctrl Pts',(-20.2564387166931,2.43477645628433,96.9339347578669));
#9041=CARTESIAN_POINT('Ctrl Pts',(-19.2971237989338,2.61585927502785,106.880776059816));
#9042=CARTESIAN_POINT('Ctrl Pts',(-13.7466744082529,2.79694209377137,115.19055660268));
#9043=CARTESIAN_POINT('Ctrl Pts',(-4.92564278360772,2.9780249125149,119.886229136665));
#9044=CARTESIAN_POINT('Ctrl Pts',(5.06728827100596,3.15910773125842,119.850608463166));
#9045=CARTESIAN_POINT('Ctrl Pts',(13.854619877311,3.34019055000195,115.09216931104));
#9046=CARTESIAN_POINT('Ctrl Pts',(19.3456870626508,3.52127336874547,106.743030375722));
#9047=CARTESIAN_POINT('Ctrl Pts',(20.2340657179787,3.702356187489,96.7896026613886));
#9048=CARTESIAN_POINT('Ctrl Pts',(16.3083945090959,3.88343900623252,87.5999864887799));
#9049=CARTESIAN_POINT('Ctrl Pts',(8.50266155313888,4.06452182497605,81.3605575977066));
#9050=CARTESIAN_POINT('Ctrl Pts',(-1.32600822960008,4.24560464371957,79.5557888701584));
#9051=CARTESIAN_POINT('Ctrl Pts',(-10.8391966935431,4.4266874624631,82.6150673975999));
#9052=CARTESIAN_POINT('Ctrl Pts',(-17.7735443994446,4.60777028120661,89.810535537609));
#9053=CARTESIAN_POINT('Ctrl Pts',(-20.4792447242137,4.78885309995015,99.4302613970841));
#9054=CARTESIAN_POINT('Ctrl Pts',(-18.3125626684833,4.96993591869367,109.185538365429));
#9055=CARTESIAN_POINT('Ctrl Pts',(-11.7889910453322,5.1510187374372,116.755409773647));
#9056=CARTESIAN_POINT('Ctrl Pts',(-2.46060542505175,5.33210155618072,120.338866425936));
#9057=CARTESIAN_POINT('Ctrl Pts',(7.4532026890664,5.51318437492424,119.083339231526));
#9058=CARTESIAN_POINT('Ctrl Pts',(15.5937592038459,5.69426719366777,113.28754079739));
#9059=CARTESIAN_POINT('Ctrl Pts',(20.0242786243047,5.87535001241128,104.330396301269));
#9060=CARTESIAN_POINT('Ctrl Pts',(19.690660320689,6.05643283115482,94.3429722746768));
#9061=CARTESIAN_POINT('Ctrl Pts',(14.6722781159221,6.23751564989834,85.7014573666101));
#9062=CARTESIAN_POINT('Ctrl Pts',(6.16309581884435,6.41859846864187,80.461824126148));
#9063=CARTESIAN_POINT('Ctrl Pts',(-3.81239834087426,6.59968128738538,79.8706759815355));
#9064=CARTESIAN_POINT('Ctrl Pts',(-12.8808540451393,6.78076410612892,84.0686577584421));
#9065=CARTESIAN_POINT('Ctrl Pts',(-18.8847218146229,6.96184692487243,92.0569937344769));
#9066=CARTESIAN_POINT('Ctrl Pts',(-20.3955730168829,7.14292974361596,101.935114431456));
#9067=CARTESIAN_POINT('Ctrl Pts',(-17.0539488497724,7.32401256235948,111.352836437612));
#9068=CARTESIAN_POINT('Ctrl Pts',(-9.654882085902,7.50509538110301,118.069513509145));
#9069=CARTESIAN_POINT('Ctrl Pts',(0.0412555902313076,7.68617819984654,120.487126800167));
#9070=CARTESIAN_POINT('Ctrl Pts',(9.72757781595876,7.86726101859006,118.030482422395));
#9071=CARTESIAN_POINT('Ctrl Pts',(17.0995335016286,8.04834383733359,111.284060464944));
#9072=CARTESIAN_POINT('Ctrl Pts',(20.4032011781459,8.2294266560771,101.852956619551));
#9073=CARTESIAN_POINT('Ctrl Pts',(18.8525786078871,8.41050947482064,91.9810009113811));
#9074=CARTESIAN_POINT('Ctrl Pts',(12.8165869201159,8.59159229356415,84.016909989963));
#9075=CARTESIAN_POINT('Ctrl Pts',(3.73129760791531,8.77267511230768,79.8554849968782));
#9076=CARTESIAN_POINT('Ctrl Pts',(-6.24173482987505,8.95375793105121,80.486804135064));
#9077=CARTESIAN_POINT('Ctrl Pts',(-14.7297457632909,9.13484074979472,85.7606651735887));
#9078=CARTESIAN_POINT('Ctrl Pts',(-19.7132840126447,9.31592356853826,94.4223212725509));
#9079=CARTESIAN_POINT('Ctrl Pts',(-20.0066757757202,9.49700638728177,104.411007929605));
#9080=CARTESIAN_POINT('Ctrl Pts',(-15.5401178504834,9.67808920602531,113.350236093153));
#9081=CARTESIAN_POINT('Ctrl Pts',(-7.37628507819192,9.85917202476882,119.113201850948));
#9082=CARTESIAN_POINT('Ctrl Pts',(2.54249920390766,10.0402548435124,120.328791512236));
#9083=CARTESIAN_POINT('Ctrl Pts',(11.8563769823561,10.2213376622559,116.707794330853));
#9084=CARTESIAN_POINT('Ctrl Pts',(18.3494084315922,10.4024204809994,109.111710967784));
#9085=CARTESIAN_POINT('Ctrl Pts',(20.4767840405577,10.5835032997429,99.3477869165725));
#9086=CARTESIAN_POINT('Ctrl Pts',(17.7323627101345,10.7645861184865,89.739036143419));
#9087=CARTESIAN_POINT('Ctrl Pts',(10.7690918666113,10.94566893723,82.5715540876899));
#9088=CARTESIAN_POINT('Ctrl Pts',(1.24365947018826,11.1267517559735,79.5506142470723));
#9089=CARTESIAN_POINT('Ctrl Pts',(-8.57766198715886,11.307834574717,81.3949527981281));
#9090=CARTESIAN_POINT('Ctrl Pts',(-16.3582026591356,11.4889173934605,87.6657682723049));
#9091=CARTESIAN_POINT('Ctrl Pts',(-20.2468313252608,11.6700002122041,96.8711203544604));
#9092=CARTESIAN_POINT('Ctrl Pts',(-19.3183729582194,11.8510830309476,106.820889443245));
#9093=CARTESIAN_POINT('Ctrl Pts',(-13.793724580803,12.0321658496911,115.147845679792));
#9094=CARTESIAN_POINT('Ctrl Pts',(-4.98729987257091,12.2132486684346,119.870855707062));
#9095=CARTESIAN_POINT('Ctrl Pts',(5.00569359601336,12.3943314871782,119.866230094627));
#9096=CARTESIAN_POINT('Ctrl Pts',(13.8077421050632,12.5754143059217,115.135069359269));
#9097=CARTESIAN_POINT('Ctrl Pts',(19.324679260979,12.7564971246652,106.803002132156));
#9098=CARTESIAN_POINT('Ctrl Pts',(20.243926023138,12.9375799434087,96.8523777673376));
#9099=CARTESIAN_POINT('Ctrl Pts',(16.3467769760043,13.1186627621523,87.6506296093037));
#9100=CARTESIAN_POINT('Ctrl Pts',(8.56043429949846,13.2997455808958,81.3870198207325));
#9101=CARTESIAN_POINT('Ctrl Pts',(-1.26259038417851,13.4808283996393,79.5517743539541));
#9102=CARTESIAN_POINT('Ctrl Pts',(-10.7852220004109,13.6619112183828,82.5815312684586));
#9103=CARTESIAN_POINT('Ctrl Pts',(-17.7418544134405,13.8429940371264,89.7554566464818));
#9104=CARTESIAN_POINT('Ctrl Pts',(-20.4773790656381,14.0240768558699,99.3667440075316));
#9105=CARTESIAN_POINT('Ctrl Pts',(-18.3409652112285,14.2051596746134,109.128694412146));
#9106=CARTESIAN_POINT('Ctrl Pts',(-11.8409043112419,14.3862424933569,116.718763460312));
#9107=CARTESIAN_POINT('Ctrl Pts',(-2.523678310093,14.5673253121005,120.33113657268));
#9108=CARTESIAN_POINT('Ctrl Pts',(7.3939763639749,14.748408130844,119.106364910125));
#9109=CARTESIAN_POINT('Ctrl Pts',(15.552470451664,14.9294909495875,113.335843782824));
#9110=CARTESIAN_POINT('Ctrl Pts',(20.0107507852672,15.110573768331,104.392484440476));
#9111=CARTESIAN_POINT('Ctrl Pts',(19.7081119121483,15.2916565870746,94.4040736773862));
#9112=CARTESIAN_POINT('Ctrl Pts',(14.7165570889252,15.4727394058181,85.7470349050534));
#9113=CARTESIAN_POINT('Ctrl Pts',(6.22366740557933,15.6538222245616,80.4810340802583));
#9114=CARTESIAN_POINT('Ctrl Pts',(-3.74994521539784,15.8349050433051,79.8589479562754));
#9115=CARTESIAN_POINT('Ctrl Pts',(-12.8313781080516,16.0159878620487,84.0287820626023));
#9116=CARTESIAN_POINT('Ctrl Pts',(-18.8599942852886,16.1970706807922,91.9984575173514));
#9117=CARTESIAN_POINT('Ctrl Pts',(-20.4014770215612,16.3781534995357,101.871844515433));
#9118=CARTESIAN_POINT('Ctrl Pts',(-17.0890797186524,16.5592363182792,111.299885881878));
#9119=CARTESIAN_POINT('Ctrl Pts',(-9.71088155129761,16.7403191370228,118.039480201894));
#9120=CARTESIAN_POINT('Ctrl Pts',(-0.022289185253603,16.9214019557663,120.48715621973));
#9121=CARTESIAN_POINT('Ctrl Pts',(9.67160617728638,17.1024847745098,118.060567545321));
#9122=CARTESIAN_POINT('Ctrl Pts',(17.0644516710021,17.2835675932533,111.337043545553));
#9123=CARTESIAN_POINT('Ctrl Pts',(20.3973557428317,17.4646504119968,101.916231926746));
#9124=CARTESIAN_POINT('Ctrl Pts',(18.8773603313217,17.6457332307404,92.0395143066772));
#9125=CARTESIAN_POINT('Ctrl Pts',(12.866099724161,17.8268160494839,84.0567396725208));
#9126=CARTESIAN_POINT('Ctrl Pts',(3.79376162012948,18.0078988682274,79.8671555907643));
#9127=CARTESIAN_POINT('Ctrl Pts',(-6.18118116682124,18.1889816869709,80.4675373207193));
#9128=CARTESIAN_POINT('Ctrl Pts',(-14.6855087729135,18.3700645057145,85.7150482714469));
#9129=CARTESIAN_POINT('Ctrl Pts',(-19.695889462655,18.551147324458,94.3612004754785));
#9130=CARTESIAN_POINT('Ctrl Pts',(-20.0202601386517,18.7322301432015,104.348938963727));
#9131=CARTESIAN_POINT('Ctrl Pts',(-15.5814532293193,18.913312961945,113.301957914902));
#9132=CARTESIAN_POINT('Ctrl Pts',(-7.43552878505326,19.0943957806886,119.090258275415));
#9133=CARTESIAN_POINT('Ctrl Pts',(2.47942557047616,19.2754785994321,120.336524438291));
#9134=CARTESIAN_POINT('Ctrl Pts',(11.8045137534967,19.4565614181756,116.744600930853));
#9135=CARTESIAN_POINT('Ctrl Pts',(18.3210259123586,19.6376442369191,109.168353287662));
#9136=CARTESIAN_POINT('Ctrl Pts',(20.4787736225304,19.8187270556627,99.4117687794255));
#9137=CARTESIAN_POINT('Ctrl Pts',(17.7639715015393,19.9998098744062,89.7931126222018));
#9138=CARTESIAN_POINT('Ctrl Pts',(13.1366219846018,20.1205317535685,85.0031999061943));
#9139=CARTESIAN_POINT('Ctrl Pts',(10.39307648688,20.1808926931497,83.2961732130459));
#9140=CARTESIAN_POINT('Ctrl Pts',(-14.2515158237611,-0.0228175091740237,
86.3082306839059));
#9141=CARTESIAN_POINT('Ctrl Pts',(-16.5003348677675,0.0375434304071512,
88.6489858814654));
#9142=CARTESIAN_POINT('Ctrl Pts',(-19.8205384828036,0.1582653095695,94.4573717109209));
#9143=CARTESIAN_POINT('Ctrl Pts',(-20.0839744740015,0.339348128313025,104.493897774037));
#9144=CARTESIAN_POINT('Ctrl Pts',(-15.5693048301218,0.52043094705655,113.459214736221));
#9145=CARTESIAN_POINT('Ctrl Pts',(-7.35030560804125,0.701513765800073,119.223325640706));
#9146=CARTESIAN_POINT('Ctrl Pts',(2.61741065794292,0.882596584543598,120.413376702214));
#9147=CARTESIAN_POINT('Ctrl Pts',(11.9624239492295,1.06367940328712,116.746954696166));
#9148=CARTESIAN_POINT('Ctrl Pts',(18.461347454025,1.24476222203065,109.096012192471));
#9149=CARTESIAN_POINT('Ctrl Pts',(20.5679891936206,1.42584504077417,99.2810218656103));
#9150=CARTESIAN_POINT('Ctrl Pts',(17.7811314897326,1.6069278595177,89.6370609194435));
#9151=CARTESIAN_POINT('Ctrl Pts',(10.7638228514446,1.78801067826122,82.4586444908982));
#9152=CARTESIAN_POINT('Ctrl Pts',(1.18560548892155,1.96909349700475,79.4536265850156));
#9153=CARTESIAN_POINT('Ctrl Pts',(-8.6746884661665,2.15017631574827,81.3369656017685));
#9154=CARTESIAN_POINT('Ctrl Pts',(-16.4711174691602,2.3312591344918,87.6605760609984));
#9155=CARTESIAN_POINT('Ctrl Pts',(-20.3487699009952,2.51234195323532,96.9199592783646));
#9156=CARTESIAN_POINT('Ctrl Pts',(-19.3850823156248,2.69342477197884,106.912139431114));
#9157=CARTESIAN_POINT('Ctrl Pts',(-13.809333336053,2.87450759072237,115.259796912076));
#9158=CARTESIAN_POINT('Ctrl Pts',(-4.9480944317121,3.05559040946589,119.976872863346));
#9159=CARTESIAN_POINT('Ctrl Pts',(5.09038555556459,3.23667322820941,119.941089826636));
#9160=CARTESIAN_POINT('Ctrl Pts',(13.9177708330781,3.41775604695295,115.16096115992));
#9161=CARTESIAN_POINT('Ctrl Pts',(19.4338669361537,3.59883886569646,106.773765886097));
#9162=CARTESIAN_POINT('Ctrl Pts',(20.3262949238762,3.77992168443999,96.774969299946));
#9163=CARTESIAN_POINT('Ctrl Pts',(16.382730052731,3.96100450318351,87.5434657966336));
#9164=CARTESIAN_POINT('Ctrl Pts',(8.54141766542985,4.14208732192704,81.2755968688485));
#9165=CARTESIAN_POINT('Ctrl Pts',(-1.33205232808883,4.32317014067056,79.4626017972271));
#9166=CARTESIAN_POINT('Ctrl Pts',(-10.8886030025654,4.50425295941409,82.5358248691392));
#9167=CARTESIAN_POINT('Ctrl Pts',(-17.8545582653097,4.68533577815761,89.7640907830545));
#9168=CARTESIAN_POINT('Ctrl Pts',(-20.5725914843095,4.86641859690113,99.4276644628027));
#9169=CARTESIAN_POINT('Ctrl Pts',(-18.396033441804,5.04750141564466,109.227407109013));
#9170=CARTESIAN_POINT('Ctrl Pts',(-11.8427266265853,5.22858423438819,116.831782864428));
#9171=CARTESIAN_POINT('Ctrl Pts',(-2.47182114845345,5.40966705313171,120.431573325554));
#9172=CARTESIAN_POINT('Ctrl Pts',(7.48717524678184,5.59074987187524,119.170323293344));
#9173=CARTESIAN_POINT('Ctrl Pts',(15.6648373573127,5.77183269061876,113.348106941298));
#9174=CARTESIAN_POINT('Ctrl Pts',(20.1155515964288,5.95291550936228,104.350134747198));
#9175=CARTESIAN_POINT('Ctrl Pts',(19.7804126220964,6.1339983281058,94.3171868896668));
#9176=CARTESIAN_POINT('Ctrl Pts',(14.7391560522811,6.31508114684934,85.6362829596974));
#9177=CARTESIAN_POINT('Ctrl Pts',(6.19118792060866,6.49616396559286,80.372766866441));
#9178=CARTESIAN_POINT('Ctrl Pts',(-3.82977569233948,6.67724678433638,79.778924200386));
#9179=CARTESIAN_POINT('Ctrl Pts',(-12.9395664639112,6.85832960307991,83.9960408625431));
#9180=CARTESIAN_POINT('Ctrl Pts',(-18.9708005553404,7.03941242182343,92.0207885955526));
#9181=CARTESIAN_POINT('Ctrl Pts',(-20.4885383916837,7.22049524056696,101.943934906284));
#9182=CARTESIAN_POINT('Ctrl Pts',(-17.1316827161041,7.40157805931048,111.404583975845));
#9183=CARTESIAN_POINT('Ctrl Pts',(-9.69889015231084,7.58266087805401,118.151876436357));
#9184=CARTESIAN_POINT('Ctrl Pts',(0.0414436379711411,7.76374369679752,120.580509487674));
#9185=CARTESIAN_POINT('Ctrl Pts',(9.77191723789194,7.94482651554106,118.112667441411));
#9186=CARTESIAN_POINT('Ctrl Pts',(17.1774751480625,8.12590933428458,111.335494514359));
#9187=CARTESIAN_POINT('Ctrl Pts',(20.4962013229858,8.30699215302811,101.861402609594));
#9188=CARTESIAN_POINT('Ctrl Pts',(18.93851083616,8.48807497177162,91.9444493884019));
#9189=CARTESIAN_POINT('Ctrl Pts',(12.8750064019176,8.66915779051515,83.9440572217653));
#9190=CARTESIAN_POINT('Ctrl Pts',(3.74830529288331,8.85024060925868,79.7636639734682));
#9191=CARTESIAN_POINT('Ctrl Pts',(-6.27018537732406,9.0313234280022,80.3978607371195));
#9192=CARTESIAN_POINT('Ctrl Pts',(-14.7968856438165,9.21240624674572,85.6957606426911));
#9193=CARTESIAN_POINT('Ctrl Pts',(-19.80313943545,9.39348906548925,94.3968975694272));
#9194=CARTESIAN_POINT('Ctrl Pts',(-20.0978685120297,9.57457188423278,104.431113812636));
#9195=CARTESIAN_POINT('Ctrl Pts',(-15.6109515004732,9.7556547029763,113.411088009451));
#9196=CARTESIAN_POINT('Ctrl Pts',(-7.40990703656318,9.93673752171982,119.20032203003));
#9197=CARTESIAN_POINT('Ctrl Pts',(2.55408820860131,10.1178203404633,120.421452489234));
#9198=CARTESIAN_POINT('Ctrl Pts',(11.9104197164843,10.2989031592069,116.783950384953));
#9199=CARTESIAN_POINT('Ctrl Pts',(18.433047152152,10.4799859779504,109.153243197573));
#9200=CARTESIAN_POINT('Ctrl Pts',(20.5701195845735,10.6610687966939,99.3448140540939));
#9201=CARTESIAN_POINT('Ctrl Pts',(17.8131888651088,10.8421516154374,89.6922654863772));
#9202=CARTESIAN_POINT('Ctrl Pts',(10.8181786297444,11.023234434181,82.4921132205424));
#9203=CARTESIAN_POINT('Ctrl Pts',(1.24932821353146,11.2043172529245,79.4574035876123));
#9204=CARTESIAN_POINT('Ctrl Pts',(-8.61675996008123,11.385400071668,81.3101488465609));
#9205=CARTESIAN_POINT('Ctrl Pts',(-16.4327652340637,11.5664828904115,87.6095474211184));
#9206=CARTESIAN_POINT('Ctrl Pts',(-20.3391187182711,11.7475657091551,96.8568585600644));
#9207=CARTESIAN_POINT('Ctrl Pts',(-19.4064283308788,11.9286485278986,106.851979844237));
#9208=CARTESIAN_POINT('Ctrl Pts',(-13.8565979687922,12.1097313466421,115.216891307972));
#9209=CARTESIAN_POINT('Ctrl Pts',(-5.01003256076328,12.2908141653856,119.961429359829));
#9210=CARTESIAN_POINT('Ctrl Pts',(5.02851012491921,12.4718969841292,119.956782663319));
#9211=CARTESIAN_POINT('Ctrl Pts',(13.8706793865452,12.6529798028727,115.204056751507));
#9212=CARTESIAN_POINT('Ctrl Pts',(19.4127633784938,12.8340626216162,106.834011000721));
#9213=CARTESIAN_POINT('Ctrl Pts',(20.3362001734461,13.0151454403597,96.8380305420674));
#9214=CARTESIAN_POINT('Ctrl Pts',(16.4212874713506,13.1962282591033,87.5943397543447));
#9215=CARTESIAN_POINT('Ctrl Pts',(8.59945374663297,13.3773110778468,81.3021797097392));
#9216=CARTESIAN_POINT('Ctrl Pts',(-1.26834541681171,13.5583938965903,79.4585689823951));
#9217=CARTESIAN_POINT('Ctrl Pts',(-10.8343822865547,13.7394767153338,82.5021358784521));
#9218=CARTESIAN_POINT('Ctrl Pts',(-17.8227238326934,13.9205595340773,89.7087608359871));
#9219=CARTESIAN_POINT('Ctrl Pts',(-20.5707173218469,14.1016423528209,99.3638575536608));
#9220=CARTESIAN_POINT('Ctrl Pts',(-18.4245654466158,14.2827251715644,109.170304054432));
#9221=CARTESIAN_POINT('Ctrl Pts',(-11.8948765191502,14.4638079903079,116.794969512969));
#9222=CARTESIAN_POINT('Ctrl Pts',(-2.53518152698129,14.6448908090515,120.423808238734));
#9223=CARTESIAN_POINT('Ctrl Pts',(7.42767896126774,14.825973627795,119.193453925642));
#9224=CARTESIAN_POINT('Ctrl Pts',(15.6233604062351,15.0070564465385,113.396630097311));
#9225=CARTESIAN_POINT('Ctrl Pts',(20.1019620959402,15.188139265282,104.412505891307));
#9226=CARTESIAN_POINT('Ctrl Pts',(19.797943759923,15.3692220840256,94.3785667996186));
#9227=CARTESIAN_POINT('Ctrl Pts',(14.7836368539514,15.5503049027691,85.6820682458192));
#9228=CARTESIAN_POINT('Ctrl Pts',(6.25203559962416,15.7313877215126,80.3920643817386));
#9229=CARTESIAN_POINT('Ctrl Pts',(-3.76703789831241,15.9124705402561,79.7671427174335));
#9230=CARTESIAN_POINT('Ctrl Pts',(-12.8898650097937,16.0935533589996,83.9559834086819));
#9231=CARTESIAN_POINT('Ctrl Pts',(-18.945960315076,16.2746361777432,91.961985563595));
#9232=CARTESIAN_POINT('Ctrl Pts',(-20.4944693074936,16.4557189964867,101.880376598687));
#9233=CARTESIAN_POINT('Ctrl Pts',(-17.1669737155431,16.6368018152302,111.351392065365));
#9234=CARTESIAN_POINT('Ctrl Pts',(-9.75514486971872,16.8178846339737,118.121706233837));
#9235=CARTESIAN_POINT('Ctrl Pts',(-0.0223907819548488,16.9989674527173,
120.580539041316));
#9236=CARTESIAN_POINT('Ctrl Pts',(9.71569047408068,17.1800502714608,118.142889695836));
#9237=CARTESIAN_POINT('Ctrl Pts',(17.1422334103082,17.3611330902043,111.388719097885));
#9238=CARTESIAN_POINT('Ctrl Pts',(20.4903292436986,17.5422159089478,101.924966333095));
#9239=CARTESIAN_POINT('Ctrl Pts',(18.9634055171523,17.7232987276914,92.0032294941883));
#9240=CARTESIAN_POINT('Ctrl Pts',(12.9247448918408,17.9043815464349,83.984068453252));
#9241=CARTESIAN_POINT('Ctrl Pts',(3.81105402163825,18.0854643651784,79.7753877619675));
#9242=CARTESIAN_POINT('Ctrl Pts',(-6.20935570037447,18.2665471839219,80.3785061050499));
#9243=CARTESIAN_POINT('Ctrl Pts',(-14.7524470228564,18.4476300026655,85.6499358080952));
#9244=CARTESIAN_POINT('Ctrl Pts',(-19.7856655854546,18.628712821409,94.3354981875679));
#9245=CARTESIAN_POINT('Ctrl Pts',(-20.111514821729,18.8097956401525,104.368761907222));
#9246=CARTESIAN_POINT('Ctrl Pts',(-15.652475234586,18.990878458896,113.362589818388));
#9247=CARTESIAN_POINT('Ctrl Pts',(-7.46942089699494,19.1719612776396,119.177273784354));
#9248=CARTESIAN_POINT('Ctrl Pts',(2.49072730940697,19.3530440963831,120.42922084684));
#9249=CARTESIAN_POINT('Ctrl Pts',(11.8583196200312,19.5341269151266,116.820924380349));
#9250=CARTESIAN_POINT('Ctrl Pts',(18.4045362146006,19.7152097338701,109.210144457847));
#9251=CARTESIAN_POINT('Ctrl Pts',(20.5721162869246,19.8962925526137,99.4090860019531));
#9252=CARTESIAN_POINT('Ctrl Pts',(17.8449458688494,20.0773753713572,89.7465917355725));
#9253=CARTESIAN_POINT('Ctrl Pts',(13.1964931382987,20.1980972505195,84.9348368373099));
#9254=CARTESIAN_POINT('Ctrl Pts',(10.4404500084159,20.2584581901007,83.2200341507554));
#9255=CARTESIAN_POINT('Ctrl Pts',(-14.2831242619472,0.,86.2778637075479));
#9256=CARTESIAN_POINT('Ctrl Pts',(-16.5369303976007,0.060360939581175,88.6238098788875));
#9257=CARTESIAN_POINT('Ctrl Pts',(-19.8644986230195,0.181082818743524,94.4450791123003));
#9258=CARTESIAN_POINT('Ctrl Pts',(-20.1285184777565,0.362165637487048,104.503864592127));
#9259=CARTESIAN_POINT('Ctrl Pts',(-15.6038359685054,0.543248456230574,113.489065937846));
#9260=CARTESIAN_POINT('Ctrl Pts',(-7.36660777825181,0.724331274974097,119.265960905784));
#9261=CARTESIAN_POINT('Ctrl Pts',(2.62321578287365,0.905414093717623,120.458651436933));
#9262=CARTESIAN_POINT('Ctrl Pts',(11.9889553501997,1.08649691246115,116.784097663411));
#9263=CARTESIAN_POINT('Ctrl Pts',(18.5022927697126,1.26757973120467,109.116186192114));
#9264=CARTESIAN_POINT('Ctrl Pts',(20.613606823905,1.44866254994819,99.2794272455675));
#9265=CARTESIAN_POINT('Ctrl Pts',(17.8205681610911,1.62974536869172,89.6140770159112));
#9266=CARTESIAN_POINT('Ctrl Pts',(10.7876958745155,1.81082818743524,82.4197396158351));
#9267=CARTESIAN_POINT('Ctrl Pts',(1.18823503649433,1.99191100617877,79.4080568984022));
#9268=CARTESIAN_POINT('Ctrl Pts',(-8.69392800918346,2.1729938249223,81.2955729618093));
#9269=CARTESIAN_POINT('Ctrl Pts',(-16.5076486687072,2.35407664366582,87.6332085215941));
#9270=CARTESIAN_POINT('Ctrl Pts',(-20.3939013241448,2.53515946240934,96.9131280732059));
#9271=CARTESIAN_POINT('Ctrl Pts',(-19.428076381498,2.71624228115287,106.927469826592));
#9272=CARTESIAN_POINT('Ctrl Pts',(-13.8399609793687,2.89732509989639,115.293641530458));
#9273=CARTESIAN_POINT('Ctrl Pts',(-4.95906878273506,3.07840791863992,120.021179458163));
#9274=CARTESIAN_POINT('Ctrl Pts',(5.10167549327524,3.25949073738344,119.985317058449));
#9275=CARTESIAN_POINT('Ctrl Pts',(13.9486389793188,3.44057355612697,115.194586571049));
#9276=CARTESIAN_POINT('Ctrl Pts',(19.4769692011516,3.62165637487048,106.788789383644));
#9277=CARTESIAN_POINT('Ctrl Pts',(20.371376499926,3.80273919361402,96.7678165223586));
#9278=CARTESIAN_POINT('Ctrl Pts',(16.4190652182664,3.98382201235754,87.5158385189564));
#9279=CARTESIAN_POINT('Ctrl Pts',(8.56036162799164,4.16490483110106,81.2340681196639));
#9280=CARTESIAN_POINT('Ctrl Pts',(-1.33500667951173,4.34598764984459,79.4170520163931));
#9281=CARTESIAN_POINT('Ctrl Pts',(-10.9127527743844,4.52707046858811,82.4970911726018));
#9282=CARTESIAN_POINT('Ctrl Pts',(-17.8941577904219,4.70815328733163,89.7413886171391));
#9283=CARTESIAN_POINT('Ctrl Pts',(-20.6182193201261,4.88923610607516,99.4263950830096));
#9284=CARTESIAN_POINT('Ctrl Pts',(-18.4368339016877,5.07031892481868,109.247872523733));
#9285=CARTESIAN_POINT('Ctrl Pts',(-11.8689925438642,5.25140174356221,116.869113981688));
#9286=CARTESIAN_POINT('Ctrl Pts',(-2.47730338678087,5.43248456230573,120.476888397983));
#9287=CARTESIAN_POINT('Ctrl Pts',(7.50378101096816,5.61356738104926,119.212841046367));
#9288=CARTESIAN_POINT('Ctrl Pts',(15.6995803126462,5.79465019979278,113.377711633173));
#9289=CARTESIAN_POINT('Ctrl Pts',(20.1601657660292,5.97573301853631,104.359782886771));
#9290=CARTESIAN_POINT('Ctrl Pts',(19.8242834888364,6.15681583727983,94.304583010191));
#9291=CARTESIAN_POINT('Ctrl Pts',(14.7718459442152,6.33789865602336,85.6044257518521));
#9292=CARTESIAN_POINT('Ctrl Pts',(6.20491932173849,6.51898147476688,80.3292357356337));
#9293=CARTESIAN_POINT('Ctrl Pts',(-3.83826973046967,6.7000642935104,79.7340759892443));
#9294=CARTESIAN_POINT('Ctrl Pts',(-12.9682650561427,6.88114711225393,83.9605457709065));
#9295=CARTESIAN_POINT('Ctrl Pts',(-19.0128757879968,7.06222993099745,92.0030915471186));
#9296=CARTESIAN_POINT('Ctrl Pts',(-20.5339798066153,7.24331274974097,101.948246348662));
#9297=CARTESIAN_POINT('Ctrl Pts',(-17.1696789795708,7.4243955684845,111.429878138985));
#9298=CARTESIAN_POINT('Ctrl Pts',(-9.72040126664031,7.60547838722803,118.192135381781));
#9299=CARTESIAN_POINT('Ctrl Pts',(0.041535555584456,7.78656120597155,120.626154884786));
#9300=CARTESIAN_POINT('Ctrl Pts',(9.79359031858688,7.96764402471508,118.152839425424));
#9301=CARTESIAN_POINT('Ctrl Pts',(17.2155729743084,8.1487268434586,111.360635444368));
#9302=CARTESIAN_POINT('Ctrl Pts',(20.54165973349,8.32980966220213,101.865531004051));
#9303=CARTESIAN_POINT('Ctrl Pts',(18.9805144536285,8.51089248094565,91.9265830276665));
#9304=CARTESIAN_POINT('Ctrl Pts',(12.903561806748,8.69197529968918,83.908446835902));
#9305=CARTESIAN_POINT('Ctrl Pts',(3.75661863826931,8.8730581184327,79.7187819167544));
#9306=CARTESIAN_POINT('Ctrl Pts',(-6.28409198647216,9.05414093717622,80.3543852618678));
#9307=CARTESIAN_POINT('Ctrl Pts',(-14.8297035738895,9.23522375591974,85.664035350067));
#9308=CARTESIAN_POINT('Ctrl Pts',(-19.8470607078625,9.41630657466327,94.3844704798231));
#9309=CARTESIAN_POINT('Ctrl Pts',(-20.1424434624159,9.59738939340679,104.440941555227));
#9310=CARTESIAN_POINT('Ctrl Pts',(-15.6455749426655,9.77847221215033,113.440832386686));
#9311=CARTESIAN_POINT('Ctrl Pts',(-7.42634142801737,9.95955503089384,119.242906317084));
#9312=CARTESIAN_POINT('Ctrl Pts',(2.5597529065822,10.1406378496374,120.466745114717));
#9313=CARTESIAN_POINT('Ctrl Pts',(11.9368357698894,10.3217206683809,116.821175414823));
#9314=CARTESIAN_POINT('Ctrl Pts',(18.4739297045372,10.5028034871244,109.173544124567));
#9315=CARTESIAN_POINT('Ctrl Pts',(20.6157419379775,10.6838863058679,99.3433609208417));
#9316=CARTESIAN_POINT('Ctrl Pts',(17.8526966372592,10.8649691246115,89.6694040195372));
#9317=CARTESIAN_POINT('Ctrl Pts',(10.8421722077401,11.046051943355,82.4532825761834));
#9318=CARTESIAN_POINT('Ctrl Pts',(1.25209909160249,11.2271347620985,79.4118422776984));
#9319=CARTESIAN_POINT('Ctrl Pts',(-8.63587102389783,11.4082175808421,81.2686967300146));
#9320=CARTESIAN_POINT('Ctrl Pts',(-16.4692113723484,11.5893003995856,87.5820667055074));
#9321=CARTESIAN_POINT('Ctrl Pts',(-20.3842287361432,11.7703832183291,96.8498874042099));
#9322=CARTESIAN_POINT('Ctrl Pts',(-19.4494697399469,11.9514660370726,106.867176812086));
#9323=CARTESIAN_POINT('Ctrl Pts',(-13.8873304400795,12.1325488558161,115.250640766263));
#9324=CARTESIAN_POINT('Ctrl Pts',(-5.02114428401373,12.3136316745597,120.005701702582));
#9325=CARTESIAN_POINT('Ctrl Pts',(5.03966282945607,12.4947144933032,120.001044700189));
#9326=CARTESIAN_POINT('Ctrl Pts',(13.9014430889303,12.6757973120467,115.237777744107));
#9327=CARTESIAN_POINT('Ctrl Pts',(19.4558188380287,12.8568801307902,106.849168115572));
#9328=CARTESIAN_POINT('Ctrl Pts',(20.3813037182938,13.0379629495338,96.8310176276568));
#9329=CARTESIAN_POINT('Ctrl Pts',(16.4577081531694,13.2190457682773,87.5668253097344));
#9330=CARTESIAN_POINT('Ctrl Pts',(8.61852642709536,13.4001285870208,81.2607099184889));
#9331=CARTESIAN_POINT('Ctrl Pts',(-1.27115847303174,13.5812114057643,79.4130102572037));
#9332=CARTESIAN_POINT('Ctrl Pts',(-10.8584118025504,13.7622942245079,82.4633274632902));
#9333=CARTESIAN_POINT('Ctrl Pts',(-17.8622527523953,13.9433770432514,89.6859359540911));
#9334=CARTESIAN_POINT('Ctrl Pts',(-20.616341000969,14.1244598619949,99.3624466568799));
#9335=CARTESIAN_POINT('Ctrl Pts',(-18.4654291874736,14.3055426807384,109.190642820606));
#9336=CARTESIAN_POINT('Ctrl Pts',(-11.9212580993846,14.486625499482,116.832218982102));
#9337=CARTESIAN_POINT('Ctrl Pts',(-2.54080429193858,14.6677083182255,120.469106089021));
#9338=CARTESIAN_POINT('Ctrl Pts',(7.44415276897456,14.848791136969,119.236022979966));
#9339=CARTESIAN_POINT('Ctrl Pts',(15.6580113700702,15.0298739557125,113.426342408424));
#9340=CARTESIAN_POINT('Ctrl Pts',(20.1465461254634,15.2109567744561,104.422292363493));
#9341=CARTESIAN_POINT('Ctrl Pts',(19.8418535088757,15.3920395931996,94.3660990543024));
#9342=CARTESIAN_POINT('Ctrl Pts',(14.8164253996073,15.5731224119431,85.6503125849045));
#9343=CARTESIAN_POINT('Ctrl Pts',(6.26590195448164,15.7542052306866,80.3485760507826));
#9344=CARTESIAN_POINT('Ctrl Pts',(-3.77539279063946,15.9352880494302,79.7222683762065));
#9345=CARTESIAN_POINT('Ctrl Pts',(-12.9184533694475,16.1163708681737,83.9203994738421));
#9346=CARTESIAN_POINT('Ctrl Pts',(-18.9879804547024,16.2974536869172,91.9441580962447));
#9347=CARTESIAN_POINT('Ctrl Pts',(-20.53992387657,16.4785365056607,101.884547075449));
#9348=CARTESIAN_POINT('Ctrl Pts',(-17.2050482507211,16.6596193244043,111.376568254462));
#9349=CARTESIAN_POINT('Ctrl Pts',(-9.77678075107091,16.8407021431478,118.161898264938));
#9350=CARTESIAN_POINT('Ctrl Pts',(-0.0224404423472017,17.0217849618913,
120.626184503974));
#9351=CARTESIAN_POINT('Ctrl Pts',(9.73723884975416,17.2028677806348,118.183128709622));
#9352=CARTESIAN_POINT('Ctrl Pts',(17.1802530740924,17.3839505993784,111.413978074394));
#9353=CARTESIAN_POINT('Ctrl Pts',(20.5357746305679,17.5650334181218,101.929235705193));
#9354=CARTESIAN_POINT('Ctrl Pts',(19.0054643483602,17.7461162368654,91.985493501494));
#9355=CARTESIAN_POINT('Ctrl Pts',(12.9534106114604,17.9271990556089,83.9485468081315));
#9356=CARTESIAN_POINT('Ctrl Pts',(3.81950653693731,18.1082818743524,79.7305317072656));
#9357=CARTESIAN_POINT('Ctrl Pts',(-6.22312739543317,18.289364693096,80.3349877034974));
#9358=CARTESIAN_POINT('Ctrl Pts',(-14.7851663933453,18.4704475118395,85.6181088803603));
#9359=CARTESIAN_POINT('Ctrl Pts',(-19.8295481015252,18.651530330583,94.3229349215627));
#9360=CARTESIAN_POINT('Ctrl Pts',(-20.1561200405986,18.8326131493265,104.378451357952));
#9361=CARTESIAN_POINT('Ctrl Pts',(-15.6871907671484,19.01369596807,113.392226635647));
#9362=CARTESIAN_POINT('Ctrl Pts',(-7.4859872938253,19.1947787868136,119.219806944938));
#9363=CARTESIAN_POINT('Ctrl Pts',(2.49625149972478,19.3758616055571,120.474530717737));
#9364=CARTESIAN_POINT('Ctrl Pts',(11.884620080093,19.5569444243006,116.858231382136));
#9365=CARTESIAN_POINT('Ctrl Pts',(18.4453556156551,19.7380272430442,109.230571651832));
#9366=CARTESIAN_POINT('Ctrl Pts',(20.6177428991877,19.9191100617877,99.4077752820108));
#9367=CARTESIAN_POINT('Ctrl Pts',(17.8845244347266,20.1001928805312,89.7238510444713));
#9368=CARTESIAN_POINT('Ctrl Pts',(13.2257609499924,20.2209147596936,84.9014233803168));
#9369=CARTESIAN_POINT('Ctrl Pts',(10.4636058833984,20.2812756992747,83.1828178630376));
#9370=CARTESIAN_POINT('Ctrl Pts',(10.3734367107694,20.,83.3277384015346));
#9371=CARTESIAN_POINT('Ctrl Pts',(12.516077992895,20.,84.6608840940217));
#9372=CARTESIAN_POINT('Ctrl Pts',(14.3849813987588,20.,86.3838006347124));
#9373=CARTESIAN_POINT('Ctrl Pts',(17.8191437836577,20.,91.0018674422393));
#9374=CARTESIAN_POINT('Ctrl Pts',(18.7267623787221,20.,93.5151481111796));
#9375=CARTESIAN_POINT('Ctrl Pts',(19.1965844123509,20.,95.1219050839141));
#9376=CARTESIAN_POINT('Ctrl Pts',(-14.2831242619471,-5.58824538982646E-19,
86.2778637075479));
#9377=CARTESIAN_POINT('Ctrl Pts',(-15.2665924887465,-5.9209395423617E-18,
87.3773839210942));
#9378=CARTESIAN_POINT('Ctrl Pts',(-16.6298234070853,0.,89.0941790753213));
#9379=CARTESIAN_POINT('Ctrl Pts',(-18.3396033957612,0.,92.7607614463866));
#9380=CARTESIAN_POINT('Ctrl Pts',(-18.8012867195618,0.,94.0983284462969));
#9381=CARTESIAN_POINT('Ctrl Pts',(-19.4625738356604,0.,96.9587788672577));
#9382=CARTESIAN_POINT('Ctrl Pts',(-19.636,2.61340903574993E-18,98.4765855631343));
#9383=CARTESIAN_POINT('Ctrl Pts',(-19.636,2.62823117896692E-18,100.));
#9384=CARTESIAN_POINT('Origin',(0.,0.,100.));
#9385=CARTESIAN_POINT('',(-25.,20.,100.));
#9386=CARTESIAN_POINT('Origin',(0.,20.,100.));
#9387=CARTESIAN_POINT('',(-25.,0.,100.));
#9388=CARTESIAN_POINT('',(-25.,0.,100.));
#9389=CARTESIAN_POINT('Origin',(0.,0.,100.));
#9390=CARTESIAN_POINT('Origin',(0.,20.,100.));
#9391=CARTESIAN_POINT('Origin',(0.,0.,100.));
#9392=UNCERTAINTY_MEASURE_WITH_UNIT(LENGTH_MEASURE(0.01),#9396,
'DISTANCE_ACCURACY_VALUE',
'Maximum model space distance between geometric entities at asserted c
onnectivities');
#9393=UNCERTAINTY_MEASURE_WITH_UNIT(LENGTH_MEASURE(0.01),#9396,
'DISTANCE_ACCURACY_VALUE',
'Maximum model space distance between geometric entities at asserted c
onnectivities');
#9394=(
GEOMETRIC_REPRESENTATION_CONTEXT(3)
GLOBAL_UNCERTAINTY_ASSIGNED_CONTEXT((#9392))
GLOBAL_UNIT_ASSIGNED_CONTEXT((#9396,#9398,#9399))
REPRESENTATION_CONTEXT('','3D')
);
#9395=(
GEOMETRIC_REPRESENTATION_CONTEXT(3)
GLOBAL_UNCERTAINTY_ASSIGNED_CONTEXT((#9393))
GLOBAL_UNIT_ASSIGNED_CONTEXT((#9396,#9398,#9399))
REPRESENTATION_CONTEXT('','3D')
);
#9396=(
LENGTH_UNIT()
NAMED_UNIT(*)
SI_UNIT(.MILLI.,.METRE.)
);
#9397=(
LENGTH_UNIT()
NAMED_UNIT(*)
SI_UNIT($,.METRE.)
);
#9398=(
NAMED_UNIT(*)
PLANE_ANGLE_UNIT()
SI_UNIT($,.RADIAN.)
);
#9399=(
NAMED_UNIT(*)
SI_UNIT($,.STERADIAN.)
SOLID_ANGLE_UNIT()
);
#9400=SHAPE_DEFINITION_REPRESENTATION(#9401,#9402);
#9401=PRODUCT_DEFINITION_SHAPE('',$,#9404);
#9402=SHAPE_REPRESENTATION('',(#840),#9394);
#9403=PRODUCT_DEFINITION_CONTEXT('part definition',#9408,'design');
#9404=PRODUCT_DEFINITION('2026-08-19-10-43-28-290','(Unsaved)',#9405,#9403);
#9405=PRODUCT_DEFINITION_FORMATION('',$,#9410);
#9406=PRODUCT_RELATED_PRODUCT_CATEGORY('(Unsaved)','(Unsaved)',(#9410));
#9407=APPLICATION_PROTOCOL_DEFINITION('international standard',
'automotive_design',2009,#9408);
#9408=APPLICATION_CONTEXT(
'Core Data for Automotive Mechanical Design Process');
#9409=PRODUCT_CONTEXT('part definition',#9408,'mechanical');
#9410=PRODUCT('2026-08-19-10-43-28-290','(Unsaved)',$,(#9409));
#9411=PRESENTATION_STYLE_ASSIGNMENT((#9412));
#9412=SURFACE_STYLE_USAGE(.BOTH.,#9413);
#9413=SURFACE_SIDE_STYLE('',(#9414));
#9414=SURFACE_STYLE_FILL_AREA(#9415);
#9415=FILL_AREA_STYLE('Steel - Satin',(#9416));
#9416=FILL_AREA_STYLE_COLOUR('Steel - Satin',#9417);
#9417=COLOUR_RGB('Steel - Satin',0.627450980392157,0.627450980392157,0.627450980392157);
ENDSEC;
END-ISO-10303-21;
