ISO-10303-21;
HEADER;
/* Generated by software containing ST-Developer
 * from STEP Tools, Inc. (www.steptools.com) 
 */

FILE_DESCRIPTION(
/* description */ (''),
/* implementation_level */ '2;1');

FILE_NAME(
/* name */ 'Untitled.step',
/* time_stamp */ '2026-08-20T18:55:12+02:00',
/* author */ (''),
/* organization */ (''),
/* preprocessor_version */ 'ST-DEVELOPER v20.1',
/* originating_system */ 'Autodesk Translation Framework v15.8.0.0',
/* authorisation */ '');

FILE_SCHEMA (('AUTOMOTIVE_DESIGN { 1 0 10303 214 3 1 1 }','MODEL_BASED_INTEGRATED_MANUFACTURING_SCHEMA'));
ENDSEC;

DATA;
#10=MECHANICAL_DESIGN_GEOMETRIC_PRESENTATION_REPRESENTATION('',(#13,#14),
#5908);
#11=SHAPE_REPRESENTATION_RELATIONSHIP('SRR','None',#5915,#12);
#12=ADVANCED_BREP_SHAPE_REPRESENTATION('',(#15,#16),#5907);
#13=STYLED_ITEM('',(#5924),#15);
#14=STYLED_ITEM('',(#5924),#16);
#15=MANIFOLD_SOLID_BREP('Body1',#805);
#16=MANIFOLD_SOLID_BREP('Body2',#806);
#17=B_SPLINE_SURFACE_WITH_KNOTS('',3,3,((#2574,#2575,#2576,#2577,#2578,
#2579,#2580,#2581,#2582,#2583,#2584,#2585,#2586,#2587,#2588,#2589,#2590,
#2591,#2592,#2593,#2594,#2595,#2596,#2597,#2598,#2599,#2600,#2601,#2602,
#2603,#2604,#2605,#2606,#2607,#2608,#2609,#2610,#2611,#2612,#2613,#2614,
#2615,#2616,#2617,#2618,#2619,#2620,#2621,#2622,#2623,#2624,#2625,#2626,
#2627,#2628,#2629,#2630,#2631,#2632,#2633,#2634,#2635,#2636,#2637,#2638,
#2639,#2640,#2641,#2642,#2643,#2644,#2645,#2646,#2647,#2648,#2649,#2650,
#2651,#2652,#2653,#2654,#2655,#2656,#2657,#2658,#2659,#2660,#2661,#2662,
#2663,#2664,#2665,#2666,#2667,#2668,#2669,#2670,#2671,#2672,#2673,#2674,
#2675,#2676,#2677,#2678),(#2679,#2680,#2681,#2682,#2683,#2684,#2685,#2686,
#2687,#2688,#2689,#2690,#2691,#2692,#2693,#2694,#2695,#2696,#2697,#2698,
#2699,#2700,#2701,#2702,#2703,#2704,#2705,#2706,#2707,#2708,#2709,#2710,
#2711,#2712,#2713,#2714,#2715,#2716,#2717,#2718,#2719,#2720,#2721,#2722,
#2723,#2724,#2725,#2726,#2727,#2728,#2729,#2730,#2731,#2732,#2733,#2734,
#2735,#2736,#2737,#2738,#2739,#2740,#2741,#2742,#2743,#2744,#2745,#2746,
#2747,#2748,#2749,#2750,#2751,#2752,#2753,#2754,#2755,#2756,#2757,#2758,
#2759,#2760,#2761,#2762,#2763,#2764,#2765,#2766,#2767,#2768,#2769,#2770,
#2771,#2772,#2773,#2774,#2775,#2776,#2777,#2778,#2779,#2780,#2781,#2782,
#2783),(#2784,#2785,#2786,#2787,#2788,#2789,#2790,#2791,#2792,#2793,#2794,
#2795,#2796,#2797,#2798,#2799,#2800,#2801,#2802,#2803,#2804,#2805,#2806,
#2807,#2808,#2809,#2810,#2811,#2812,#2813,#2814,#2815,#2816,#2817,#2818,
#2819,#2820,#2821,#2822,#2823,#2824,#2825,#2826,#2827,#2828,#2829,#2830,
#2831,#2832,#2833,#2834,#2835,#2836,#2837,#2838,#2839,#2840,#2841,#2842,
#2843,#2844,#2845,#2846,#2847,#2848,#2849,#2850,#2851,#2852,#2853,#2854,
#2855,#2856,#2857,#2858,#2859,#2860,#2861,#2862,#2863,#2864,#2865,#2866,
#2867,#2868,#2869,#2870,#2871,#2872,#2873,#2874,#2875,#2876,#2877,#2878,
#2879,#2880,#2881,#2882,#2883,#2884,#2885,#2886,#2887,#2888),(#2889,#2890,
#2891,#2892,#2893,#2894,#2895,#2896,#2897,#2898,#2899,#2900,#2901,#2902,
#2903,#2904,#2905,#2906,#2907,#2908,#2909,#2910,#2911,#2912,#2913,#2914,
#2915,#2916,#2917,#2918,#2919,#2920,#2921,#2922,#2923,#2924,#2925,#2926,
#2927,#2928,#2929,#2930,#2931,#2932,#2933,#2934,#2935,#2936,#2937,#2938,
#2939,#2940,#2941,#2942,#2943,#2944,#2945,#2946,#2947,#2948,#2949,#2950,
#2951,#2952,#2953,#2954,#2955,#2956,#2957,#2958,#2959,#2960,#2961,#2962,
#2963,#2964,#2965,#2966,#2967,#2968,#2969,#2970,#2971,#2972,#2973,#2974,
#2975,#2976,#2977,#2978,#2979,#2980,#2981,#2982,#2983,#2984,#2985,#2986,
#2987,#2988,#2989,#2990,#2991,#2992,#2993)),.UNSPECIFIED.,.F.,.F.,.F.,(4,
4),(4,1,1,1,1,1,1,1,1,1,1,1,1,1,1,1,1,1,1,1,1,1,1,1,1,1,1,1,1,1,1,1,1,1,
1,1,1,1,1,1,1,1,1,1,1,1,1,1,1,1,1,1,1,1,1,1,1,1,1,1,1,1,1,1,1,1,1,1,1,1,
1,1,1,1,1,1,1,1,1,1,1,1,1,1,1,1,1,1,1,1,1,1,1,1,1,1,1,1,1,1,1,1,4),(0.0230951628640972,
0.120846443780616),(18.6235693489617,19.1421777969526,19.6607862449434,
20.1793946929343,20.6980031409251,21.216611588916,21.7352200369068,22.2538284848977,
22.7724369328885,23.2910453808794,23.8096538288702,24.3282622768611,24.8468707248519,
25.3654791728428,25.8840876208336,26.4026960688245,26.9213045168153,27.6127824474698,
28.3042603781243,28.9957383087787,29.6872162394332,30.0329552047604,30.3786941700877,
31.0701721007421,31.5311573878451,31.9921426749481,32.4531279620511,33.1446058927055,
33.83608382336,34.5275617540145,35.2190396846689,35.6800249717719,36.1410102588749,
36.6019955459779,37.0629808330809,37.5239661201838,37.9849514072868,38.6764293379413,
39.3679072685957,39.8288925556987,40.2898778428017,40.7508631299047,41.4423410605591,
42.1338189912136,42.8252969218681,43.5167748525225,44.208252783177,44.8997307138315,
45.5912086444859,46.2826865751404,46.7436718622434,47.2046571493464,47.6656424364493,
48.1266277235523,48.5876130106553,49.0485982977583,49.7400762284127,50.4315541590672,
51.1230320897217,51.8145100203761,52.5059879510306,53.1974658816851,53.8889438123395,
54.580421742994,55.2718996736485,55.9633776043029,56.4243628914059,56.8853481785089,
57.3463334656119,57.6920724309391,58.0378113962663,58.7292893269208,59.4207672575753,
60.1122451882297,60.8037231188842,61.4952010495387,62.1866789801931,62.8781569108476,
63.3391421979506,63.8001274850536,64.2611127721565,64.952590702811,65.6440686334655,
66.3355465641199,67.0270244947744,67.7185024254289,68.4099803560833,68.9285888040742,
69.447197252065,69.9658057000559,70.4844141480467,71.0030225960376,71.5216310440284,
72.0402394920193,72.5588479400101,73.077456388001,73.5960648359918,74.1146732839827,
74.6332817319735,75.1518901799644,75.6704986279552,76.1891070759461,76.7077155239369),
 .UNSPECIFIED.);
#18=B_SPLINE_SURFACE_WITH_KNOTS('',3,3,((#3188,#3189,#3190,#3191,#3192,
#3193,#3194,#3195,#3196,#3197,#3198,#3199,#3200,#3201,#3202,#3203,#3204,
#3205,#3206,#3207,#3208,#3209,#3210,#3211,#3212,#3213,#3214,#3215,#3216,
#3217,#3218,#3219,#3220,#3221,#3222,#3223,#3224,#3225,#3226,#3227,#3228,
#3229,#3230,#3231,#3232,#3233,#3234,#3235,#3236,#3237,#3238,#3239,#3240,
#3241,#3242,#3243,#3244,#3245,#3246,#3247,#3248,#3249,#3250,#3251,#3252,
#3253,#3254,#3255,#3256,#3257,#3258,#3259,#3260,#3261,#3262,#3263,#3264,
#3265,#3266,#3267,#3268,#3269,#3270,#3271,#3272,#3273,#3274,#3275,#3276,
#3277,#3278,#3279,#3280,#3281,#3282,#3283,#3284,#3285,#3286,#3287,#3288,
#3289,#3290,#3291,#3292,#3293,#3294,#3295,#3296,#3297),(#3298,#3299,#3300,
#3301,#3302,#3303,#3304,#3305,#3306,#3307,#3308,#3309,#3310,#3311,#3312,
#3313,#3314,#3315,#3316,#3317,#3318,#3319,#3320,#3321,#3322,#3323,#3324,
#3325,#3326,#3327,#3328,#3329,#3330,#3331,#3332,#3333,#3334,#3335,#3336,
#3337,#3338,#3339,#3340,#3341,#3342,#3343,#3344,#3345,#3346,#3347,#3348,
#3349,#3350,#3351,#3352,#3353,#3354,#3355,#3356,#3357,#3358,#3359,#3360,
#3361,#3362,#3363,#3364,#3365,#3366,#3367,#3368,#3369,#3370,#3371,#3372,
#3373,#3374,#3375,#3376,#3377,#3378,#3379,#3380,#3381,#3382,#3383,#3384,
#3385,#3386,#3387,#3388,#3389,#3390,#3391,#3392,#3393,#3394,#3395,#3396,
#3397,#3398,#3399,#3400,#3401,#3402,#3403,#3404,#3405,#3406,#3407),(#3408,
#3409,#3410,#3411,#3412,#3413,#3414,#3415,#3416,#3417,#3418,#3419,#3420,
#3421,#3422,#3423,#3424,#3425,#3426,#3427,#3428,#3429,#3430,#3431,#3432,
#3433,#3434,#3435,#3436,#3437,#3438,#3439,#3440,#3441,#3442,#3443,#3444,
#3445,#3446,#3447,#3448,#3449,#3450,#3451,#3452,#3453,#3454,#3455,#3456,
#3457,#3458,#3459,#3460,#3461,#3462,#3463,#3464,#3465,#3466,#3467,#3468,
#3469,#3470,#3471,#3472,#3473,#3474,#3475,#3476,#3477,#3478,#3479,#3480,
#3481,#3482,#3483,#3484,#3485,#3486,#3487,#3488,#3489,#3490,#3491,#3492,
#3493,#3494,#3495,#3496,#3497,#3498,#3499,#3500,#3501,#3502,#3503,#3504,
#3505,#3506,#3507,#3508,#3509,#3510,#3511,#3512,#3513,#3514,#3515,#3516,
#3517),(#3518,#3519,#3520,#3521,#3522,#3523,#3524,#3525,#3526,#3527,#3528,
#3529,#3530,#3531,#3532,#3533,#3534,#3535,#3536,#3537,#3538,#3539,#3540,
#3541,#3542,#3543,#3544,#3545,#3546,#3547,#3548,#3549,#3550,#3551,#3552,
#3553,#3554,#3555,#3556,#3557,#3558,#3559,#3560,#3561,#3562,#3563,#3564,
#3565,#3566,#3567,#3568,#3569,#3570,#3571,#3572,#3573,#3574,#3575,#3576,
#3577,#3578,#3579,#3580,#3581,#3582,#3583,#3584,#3585,#3586,#3587,#3588,
#3589,#3590,#3591,#3592,#3593,#3594,#3595,#3596,#3597,#3598,#3599,#3600,
#3601,#3602,#3603,#3604,#3605,#3606,#3607,#3608,#3609,#3610,#3611,#3612,
#3613,#3614,#3615,#3616,#3617,#3618,#3619,#3620,#3621,#3622,#3623,#3624,
#3625,#3626,#3627)),.UNSPECIFIED.,.F.,.F.,.F.,(4,4),(4,1,1,1,1,1,1,1,1,
1,1,1,1,1,1,1,1,1,1,1,1,1,1,1,1,1,1,1,1,1,1,1,1,1,1,1,1,1,1,1,1,1,1,1,1,
1,1,1,1,1,1,1,1,1,1,1,1,1,1,1,1,1,1,1,1,1,1,1,1,1,1,1,1,1,1,1,1,1,1,1,1,
1,1,1,1,1,1,1,1,1,1,1,1,1,1,1,1,1,1,1,1,1,1,1,1,1,1,4),(0.011545746416185,
0.109297027363747),(14.3984714301642,14.9170798781669,15.4356883261696,
15.9542967741722,16.4729052221749,16.9915136701776,17.5101221181803,18.028730566183,
18.5473390141857,19.0659474621884,19.5845559101911,20.1031643581937,20.6217728061964,
21.1403812541991,21.6589897022018,22.1775981502045,22.6962065982072,23.3876845288774,
24.0791624595477,24.7706403902179,25.4621183208882,25.9231036080017,26.3840888951152,
26.8450741822287,27.3060594693422,27.6133829940845,28.2280300435692,28.6890153306827,
29.1500006177962,29.6109859049097,30.3024638355799,30.9939417662502,31.6854196969204,
32.3768976275907,32.8378829147042,33.2988682018177,33.7598534889312,34.2208387760447,
34.6818240631582,35.1428093502717,35.6037946373852,35.9111181621275,36.5257652116122,
37.2172431422824,37.9087210729527,38.6001990036229,39.2916769342932,39.9831548649634,
40.6746327956337,41.3661107263039,41.711849691639,42.0575886569742,42.5185739440877,
42.9795592312012,43.4405445183147,44.1320224489849,44.8235003796552,45.5149783103254,
46.2064562409957,46.8979341716659,47.5894121023362,48.2808900330064,48.9723679636767,
49.6638458943469,50.3553238250172,50.7010627903523,51.0468017556874,51.7382796863577,
52.1992649734712,52.6602502605846,53.1212355476981,53.4669745130333,53.8127134783684,
54.5041914090386,55.1956693397089,55.8871472703791,56.5786252010494,57.2701031317196,
57.9615810623899,58.6530589930601,59.1140442801736,59.5750295672871,60.0360148544006,
60.4970001415141,60.9579854286276,61.4189707157411,61.7647096810763,62.1104486464114,
62.2833181290789,62.8019265770816,63.4934045077519,64.1848824384221,64.7034908864248,
65.2220993344275,65.7407077824302,66.2593162304329,66.7779246784356,67.2965331264383,
67.815141574441,68.3337500224436,68.8523584704463,69.370966918449,69.8895753664517,
70.4081838144544,70.9267922624571,71.4454007104598,71.9640091584624,72.4826176064651),
 .UNSPECIFIED.);
#19=B_SPLINE_SURFACE_WITH_KNOTS('',3,3,((#4641,#4642,#4643,#4644,#4645,
#4646,#4647,#4648,#4649,#4650,#4651,#4652,#4653,#4654,#4655,#4656,#4657,
#4658,#4659,#4660,#4661,#4662,#4663,#4664,#4665,#4666,#4667,#4668,#4669,
#4670,#4671,#4672,#4673,#4674,#4675,#4676,#4677,#4678,#4679,#4680,#4681,
#4682,#4683,#4684,#4685,#4686,#4687,#4688,#4689,#4690,#4691,#4692,#4693,
#4694,#4695,#4696,#4697,#4698,#4699,#4700,#4701,#4702,#4703,#4704,#4705,
#4706,#4707,#4708,#4709,#4710,#4711,#4712,#4713),(#4714,#4715,#4716,#4717,
#4718,#4719,#4720,#4721,#4722,#4723,#4724,#4725,#4726,#4727,#4728,#4729,
#4730,#4731,#4732,#4733,#4734,#4735,#4736,#4737,#4738,#4739,#4740,#4741,
#4742,#4743,#4744,#4745,#4746,#4747,#4748,#4749,#4750,#4751,#4752,#4753,
#4754,#4755,#4756,#4757,#4758,#4759,#4760,#4761,#4762,#4763,#4764,#4765,
#4766,#4767,#4768,#4769,#4770,#4771,#4772,#4773,#4774,#4775,#4776,#4777,
#4778,#4779,#4780,#4781,#4782,#4783,#4784,#4785,#4786),(#4787,#4788,#4789,
#4790,#4791,#4792,#4793,#4794,#4795,#4796,#4797,#4798,#4799,#4800,#4801,
#4802,#4803,#4804,#4805,#4806,#4807,#4808,#4809,#4810,#4811,#4812,#4813,
#4814,#4815,#4816,#4817,#4818,#4819,#4820,#4821,#4822,#4823,#4824,#4825,
#4826,#4827,#4828,#4829,#4830,#4831,#4832,#4833,#4834,#4835,#4836,#4837,
#4838,#4839,#4840,#4841,#4842,#4843,#4844,#4845,#4846,#4847,#4848,#4849,
#4850,#4851,#4852,#4853,#4854,#4855,#4856,#4857,#4858,#4859),(#4860,#4861,
#4862,#4863,#4864,#4865,#4866,#4867,#4868,#4869,#4870,#4871,#4872,#4873,
#4874,#4875,#4876,#4877,#4878,#4879,#4880,#4881,#4882,#4883,#4884,#4885,
#4886,#4887,#4888,#4889,#4890,#4891,#4892,#4893,#4894,#4895,#4896,#4897,
#4898,#4899,#4900,#4901,#4902,#4903,#4904,#4905,#4906,#4907,#4908,#4909,
#4910,#4911,#4912,#4913,#4914,#4915,#4916,#4917,#4918,#4919,#4920,#4921,
#4922,#4923,#4924,#4925,#4926,#4927,#4928,#4929,#4930,#4931,#4932)),
 .UNSPECIFIED.,.F.,.F.,.F.,(4,4),(4,1,1,1,1,1,1,1,1,1,1,1,1,1,1,1,1,1,1,
1,1,1,1,1,1,1,1,1,1,1,1,1,1,1,1,1,1,1,1,1,1,1,1,1,1,1,1,1,1,1,1,1,1,1,1,
1,1,1,1,1,1,1,1,1,1,1,1,1,1,1,4),(-0.00577289905339663,0.134759859700671),
(11.4864727030788,12.0868906778198,12.6873086525608,13.2877266273019,13.8881446020429,
14.4885625767839,15.088980551525,15.689398526266,16.289816501007,16.6900951508344,
17.0903738006617,17.4906524504891,17.8909311003165,18.2912097501438,18.4913490750575,
18.6914883999712,19.2919063747122,19.8923243494532,20.4927423241943,21.0931602989353,
21.4934389487627,21.89371759859,22.2939962484174,22.6942748982447,23.0945535480721,
23.4948321978994,23.8951108477268,24.2953894975542,24.6956681473815,25.0959467972089,
25.4962254470362,25.8965040968636,26.2967827466909,26.6970613965183,27.0973400463456,
27.497618696173,27.8978973460004,28.2981759958277,28.6984546456551,29.0987332954824,
29.6324381619189,30.1661430283554,30.6998478947918,31.1001265446192,31.5004051944466,
31.9006838442739,32.3009624941013,32.7012411439286,33.101519793756,33.701937768497,
34.3023557432381,34.9027737179791,35.5031916927201,36.1036096674611,36.7040276422022,
37.3044456169432,37.9048635916842,38.1717160249025,38.705420891339,39.1056995411663,
39.5059781909937,39.906256840821,40.3065354906484,40.9069534653894,41.5073714401304,
42.1077894148715,42.7082073896125,43.3086253643535,43.9090433390946,44.5094613138356,
45.1098792885766),.UNSPECIFIED.);
#20=B_SPLINE_SURFACE_WITH_KNOTS('',3,3,((#5287,#5288,#5289,#5290,#5291,
#5292,#5293,#5294,#5295,#5296,#5297,#5298,#5299,#5300,#5301,#5302,#5303,
#5304,#5305,#5306,#5307,#5308,#5309,#5310,#5311,#5312,#5313,#5314,#5315,
#5316,#5317,#5318,#5319,#5320,#5321,#5322,#5323,#5324,#5325,#5326,#5327,
#5328,#5329,#5330,#5331,#5332,#5333,#5334,#5335,#5336,#5337,#5338,#5339,
#5340,#5341,#5342,#5343,#5344,#5345,#5346,#5347,#5348,#5349,#5350,#5351,
#5352,#5353,#5354,#5355,#5356,#5357),(#5358,#5359,#5360,#5361,#5362,#5363,
#5364,#5365,#5366,#5367,#5368,#5369,#5370,#5371,#5372,#5373,#5374,#5375,
#5376,#5377,#5378,#5379,#5380,#5381,#5382,#5383,#5384,#5385,#5386,#5387,
#5388,#5389,#5390,#5391,#5392,#5393,#5394,#5395,#5396,#5397,#5398,#5399,
#5400,#5401,#5402,#5403,#5404,#5405,#5406,#5407,#5408,#5409,#5410,#5411,
#5412,#5413,#5414,#5415,#5416,#5417,#5418,#5419,#5420,#5421,#5422,#5423,
#5424,#5425,#5426,#5427,#5428),(#5429,#5430,#5431,#5432,#5433,#5434,#5435,
#5436,#5437,#5438,#5439,#5440,#5441,#5442,#5443,#5444,#5445,#5446,#5447,
#5448,#5449,#5450,#5451,#5452,#5453,#5454,#5455,#5456,#5457,#5458,#5459,
#5460,#5461,#5462,#5463,#5464,#5465,#5466,#5467,#5468,#5469,#5470,#5471,
#5472,#5473,#5474,#5475,#5476,#5477,#5478,#5479,#5480,#5481,#5482,#5483,
#5484,#5485,#5486,#5487,#5488,#5489,#5490,#5491,#5492,#5493,#5494,#5495,
#5496,#5497,#5498,#5499),(#5500,#5501,#5502,#5503,#5504,#5505,#5506,#5507,
#5508,#5509,#5510,#5511,#5512,#5513,#5514,#5515,#5516,#5517,#5518,#5519,
#5520,#5521,#5522,#5523,#5524,#5525,#5526,#5527,#5528,#5529,#5530,#5531,
#5532,#5533,#5534,#5535,#5536,#5537,#5538,#5539,#5540,#5541,#5542,#5543,
#5544,#5545,#5546,#5547,#5548,#5549,#5550,#5551,#5552,#5553,#5554,#5555,
#5556,#5557,#5558,#5559,#5560,#5561,#5562,#5563,#5564,#5565,#5566,#5567,
#5568,#5569,#5570)),.UNSPECIFIED.,.F.,.F.,.F.,(4,4),(4,1,1,1,1,1,1,1,1,
1,1,1,1,1,1,1,1,1,1,1,1,1,1,1,1,1,1,1,1,1,1,1,1,1,1,1,1,1,1,1,1,1,1,1,1,
1,1,1,1,1,1,1,1,1,1,1,1,1,1,1,1,1,1,1,1,1,1,1,4),(-0.00577403606099339,
0.134758722726365),(14.5803811296294,15.1807991043704,15.7812170791115,
16.3816350538525,16.9820530285935,17.5824710033346,18.1828889780756,18.7833069528166,
19.3837249275577,19.784003577385,20.1842822272124,20.5845608770397,20.9848395268671,
21.3851181766945,21.7853968265218,22.3858148012628,22.9862327760039,23.5866507507449,
24.1870687254859,24.787486700227,25.387904674968,25.988322649709,26.5887406244501,
26.9890192742774,27.656150357323,28.1898552237595,28.5901338735869,28.9904125234142,
29.5241173898507,30.0578222562872,30.5915271227236,30.991805772551,31.3920844223783,
31.7923630722057,32.1926417220331,32.5929203718604,32.9931990216878,33.3934776715151,
33.7937563213425,34.1940349711698,34.5943136209972,34.9945922708245,35.3948709206519,
35.6617233538701,35.9285757870884,36.4622806535249,36.9959855199613,37.3962641697887,
37.796542819616,38.1968214694434,38.5971001192707,39.1975180940118,39.7979360687528,
40.3983540434939,40.9987720182349,41.2656244514531,41.7993293178896,42.1996079677169,
42.5998866175443,43.0001652673717,43.400443917199,44.00086189194,44.6012798666811,
45.2016978414221,45.8021158161632,46.4025337909042,47.0029517656452,47.6033697403863,
48.2037877151273),.UNSPECIFIED.);
#21=FACE_BOUND('',#98,.T.);
#22=FACE_BOUND('',#105,.T.);
#23=FACE_BOUND('',#108,.T.);
#24=FACE_BOUND('',#121,.T.);
#25=FACE_BOUND('',#126,.T.);
#26=FACE_BOUND('',#130,.T.);
#27=PLANE('',#840);
#28=PLANE('',#848);
#29=PLANE('',#852);
#30=PLANE('',#870);
#31=PLANE('',#873);
#32=PLANE('',#877);
#33=FACE_OUTER_BOUND('',#79,.T.);
#34=FACE_OUTER_BOUND('',#80,.T.);
#35=FACE_OUTER_BOUND('',#81,.T.);
#36=FACE_OUTER_BOUND('',#82,.T.);
#37=FACE_OUTER_BOUND('',#83,.T.);
#38=FACE_OUTER_BOUND('',#84,.T.);
#39=FACE_OUTER_BOUND('',#85,.T.);
#40=FACE_OUTER_BOUND('',#86,.T.);
#41=FACE_OUTER_BOUND('',#87,.T.);
#42=FACE_OUTER_BOUND('',#88,.T.);
#43=FACE_OUTER_BOUND('',#89,.T.);
#44=FACE_OUTER_BOUND('',#90,.T.);
#45=FACE_OUTER_BOUND('',#91,.T.);
#46=FACE_OUTER_BOUND('',#92,.T.);
#47=FACE_OUTER_BOUND('',#93,.T.);
#48=FACE_OUTER_BOUND('',#94,.T.);
#49=FACE_OUTER_BOUND('',#95,.T.);
#50=FACE_OUTER_BOUND('',#96,.T.);
#51=FACE_OUTER_BOUND('',#97,.T.);
#52=FACE_OUTER_BOUND('',#99,.T.);
#53=FACE_OUTER_BOUND('',#100,.T.);
#54=FACE_OUTER_BOUND('',#101,.T.);
#55=FACE_OUTER_BOUND('',#102,.T.);
#56=FACE_OUTER_BOUND('',#103,.T.);
#57=FACE_OUTER_BOUND('',#104,.T.);
#58=FACE_OUTER_BOUND('',#106,.T.);
#59=FACE_OUTER_BOUND('',#107,.T.);
#60=FACE_OUTER_BOUND('',#109,.T.);
#61=FACE_OUTER_BOUND('',#110,.T.);
#62=FACE_OUTER_BOUND('',#111,.T.);
#63=FACE_OUTER_BOUND('',#112,.T.);
#64=FACE_OUTER_BOUND('',#113,.T.);
#65=FACE_OUTER_BOUND('',#114,.T.);
#66=FACE_OUTER_BOUND('',#115,.T.);
#67=FACE_OUTER_BOUND('',#116,.T.);
#68=FACE_OUTER_BOUND('',#117,.T.);
#69=FACE_OUTER_BOUND('',#118,.T.);
#70=FACE_OUTER_BOUND('',#119,.T.);
#71=FACE_OUTER_BOUND('',#120,.T.);
#72=FACE_OUTER_BOUND('',#122,.T.);
#73=FACE_OUTER_BOUND('',#123,.T.);
#74=FACE_OUTER_BOUND('',#124,.T.);
#75=FACE_OUTER_BOUND('',#125,.T.);
#76=FACE_OUTER_BOUND('',#127,.T.);
#77=FACE_OUTER_BOUND('',#128,.T.);
#78=FACE_OUTER_BOUND('',#129,.T.);
#79=EDGE_LOOP('',(#483,#484,#485,#486));
#80=EDGE_LOOP('',(#487,#488,#489,#490));
#81=EDGE_LOOP('',(#491,#492,#493,#494));
#82=EDGE_LOOP('',(#495,#496,#497,#498));
#83=EDGE_LOOP('',(#499,#500,#501,#502));
#84=EDGE_LOOP('',(#503,#504,#505,#506));
#85=EDGE_LOOP('',(#507,#508,#509,#510));
#86=EDGE_LOOP('',(#511,#512,#513,#514));
#87=EDGE_LOOP('',(#515,#516,#517,#518));
#88=EDGE_LOOP('',(#519,#520,#521,#522));
#89=EDGE_LOOP('',(#523,#524,#525,#526));
#90=EDGE_LOOP('',(#527,#528,#529,#530));
#91=EDGE_LOOP('',(#531,#532,#533,#534));
#92=EDGE_LOOP('',(#535,#536,#537,#538));
#93=EDGE_LOOP('',(#539,#540,#541,#542));
#94=EDGE_LOOP('',(#543,#544,#545,#546));
#95=EDGE_LOOP('',(#547,#548,#549,#550));
#96=EDGE_LOOP('',(#551,#552,#553,#554));
#97=EDGE_LOOP('',(#555));
#98=EDGE_LOOP('',(#556,#557,#558,#559));
#99=EDGE_LOOP('',(#560,#561,#562,#563));
#100=EDGE_LOOP('',(#564,#565,#566,#567,#568,#569,#570,#571,#572,#573,#574,
#575,#576,#577,#578,#579,#580,#581,#582,#583,#584,#585));
#101=EDGE_LOOP('',(#586,#587,#588,#589));
#102=EDGE_LOOP('',(#590,#591,#592,#593,#594,#595,#596,#597,#598,#599,#600,
#601,#602,#603,#604,#605,#606,#607,#608,#609,#610,#611));
#103=EDGE_LOOP('',(#612,#613,#614,#615));
#104=EDGE_LOOP('',(#616,#617,#618,#619));
#105=EDGE_LOOP('',(#620));
#106=EDGE_LOOP('',(#621,#622,#623,#624));
#107=EDGE_LOOP('',(#625));
#108=EDGE_LOOP('',(#626));
#109=EDGE_LOOP('',(#627,#628,#629,#630));
#110=EDGE_LOOP('',(#631,#632,#633,#634));
#111=EDGE_LOOP('',(#635,#636,#637,#638));
#112=EDGE_LOOP('',(#639,#640,#641,#642));
#113=EDGE_LOOP('',(#643,#644,#645,#646));
#114=EDGE_LOOP('',(#647,#648,#649,#650));
#115=EDGE_LOOP('',(#651,#652,#653,#654));
#116=EDGE_LOOP('',(#655,#656,#657,#658));
#117=EDGE_LOOP('',(#659,#660,#661,#662));
#118=EDGE_LOOP('',(#663,#664,#665,#666));
#119=EDGE_LOOP('',(#667,#668,#669,#670));
#120=EDGE_LOOP('',(#671));
#121=EDGE_LOOP('',(#672));
#122=EDGE_LOOP('',(#673,#674,#675,#676));
#123=EDGE_LOOP('',(#677,#678,#679,#680,#681,#682,#683,#684,#685,#686,#687,
#688,#689,#690));
#124=EDGE_LOOP('',(#691,#692,#693,#694,#695,#696,#697,#698,#699,#700,#701,
#702,#703,#704));
#125=EDGE_LOOP('',(#705));
#126=EDGE_LOOP('',(#706,#707,#708,#709));
#127=EDGE_LOOP('',(#710,#711,#712,#713));
#128=EDGE_LOOP('',(#714,#715,#716,#717));
#129=EDGE_LOOP('',(#718));
#130=EDGE_LOOP('',(#719,#720,#721,#722));
#131=CIRCLE('',#821,18.76445);
#132=CIRCLE('',#831,19.611);
#133=CIRCLE('',#841,27.5);
#134=CIRCLE('',#842,18.76445);
#135=CIRCLE('',#844,27.5);
#136=CIRCLE('',#846,19.611);
#137=CIRCLE('',#849,17.5);
#138=CIRCLE('',#851,17.5);
#139=CIRCLE('',#854,19.0112);
#140=CIRCLE('',#859,19.0112);
#141=CIRCLE('',#861,20.22825);
#142=CIRCLE('',#866,20.22825);
#143=CIRCLE('',#868,27.5);
#144=CIRCLE('',#869,27.5);
#145=CIRCLE('',#871,22.5);
#146=CIRCLE('',#874,22.5);
#147=B_SPLINE_CURVE_WITH_KNOTS('',3,(#1034,#1035,#1036,#1037,#1038,#1039,
#1040,#1041,#1042,#1043,#1044,#1045,#1046,#1047,#1048,#1049,#1050,#1051,
#1052,#1053,#1054,#1055),.UNSPECIFIED.,.F.,.F.,(4,3,3,3,3,3,3,4),(114.165502967817,
114.734714851415,115.710987338939,116.687259826463,117.663532313986,118.63980480151,
119.616077289034,119.654380078504),.UNSPECIFIED.);
#148=B_SPLINE_CURVE_WITH_KNOTS('',3,(#1058,#1059,#1060,#1061),
 .UNSPECIFIED.,.F.,.F.,(4,4),(1.36593276586345,1.79082557958499),
 .UNSPECIFIED.);
#149=B_SPLINE_CURVE_WITH_KNOTS('',3,(#1066,#1067,#1068,#1069,#1070,#1071,
#1072,#1073,#1074,#1075,#1076,#1077,#1078,#1079,#1080,#1081,#1082,#1083,
#1084,#1085,#1086,#1087,#1088,#1089,#1090,#1091,#1092,#1093,#1094,#1095,
#1096,#1097,#1098,#1099,#1100,#1101,#1102),.UNSPECIFIED.,.F.,.F.,(4,3,3,
3,3,3,3,3,3,3,3,3,4),(102.336500688182,103.018500919283,104.320307824275,
105.622114729267,106.923921634259,107.900276813003,108.876631991747,109.85298717049,
110.829342349234,111.805697527978,112.782052706722,113.758407885466,114.165502967817),
 .UNSPECIFIED.);
#150=B_SPLINE_CURVE_WITH_KNOTS('',3,(#1103,#1104,#1105,#1106,#1107,#1108,
#1109,#1110,#1111,#1112,#1113,#1114,#1115,#1116,#1117,#1118,#1119,#1120,
#1121,#1122,#1123,#1124,#1125,#1126,#1127,#1128,#1129,#1130,#1131,#1132,
#1133,#1134,#1135,#1136,#1137,#1138,#1139,#1140,#1141,#1142),
 .UNSPECIFIED.,.F.,.F.,(4,3,3,3,3,3,3,3,3,3,3,3,3,4),(1.79082557958499,
2.34202316302971,3.31838103694978,4.29473891086985,5.27109678478991,6.24745465870998,
7.22381253263008,8.20017040655018,9.17652828047025,10.1528861543903,11.1292440283104,
12.1056019022305,13.0819597761506,13.6198605120763),.UNSPECIFIED.);
#151=B_SPLINE_CURVE_WITH_KNOTS('',3,(#1147,#1148,#1149,#1150,#1151,#1152,
#1153,#1154,#1155,#1156,#1157,#1158,#1159,#1160,#1161,#1162,#1163,#1164,
#1165,#1166,#1167,#1168,#1169,#1170,#1171,#1172,#1173,#1174,#1175,#1176,
#1177,#1178,#1179,#1180),.UNSPECIFIED.,.F.,.F.,(4,3,3,3,3,3,3,3,3,3,3,4),
(90.5074656285181,91.3022081964907,92.6040187090167,93.9058292215428,95.2076397340688,
96.5094502465949,97.3773239216123,98.2451975966297,99.113071271647,100.414881784173,
101.716692296699,102.336500688182),.UNSPECIFIED.);
#152=B_SPLINE_CURVE_WITH_KNOTS('',3,(#1181,#1182,#1183,#1184,#1185,#1186,
#1187,#1188,#1189,#1190,#1191,#1192,#1193,#1194,#1195,#1196,#1197,#1198,
#1199,#1200,#1201,#1202,#1203,#1204,#1205,#1206,#1207,#1208,#1209,#1210,
#1211,#1212,#1213,#1214,#1215,#1216,#1217,#1218,#1219,#1220,#1221,#1222,
#1223),.UNSPECIFIED.,.F.,.F.,(4,3,3,3,3,3,3,3,3,3,3,3,3,3,4),(13.6198605120763,
14.0583163206374,15.0346712341708,16.0110261477043,16.9873810612377,18.2891876126157,
19.5909941639936,20.5673490775271,20.8928007153716,21.5437039910605,22.1946072667495,
23.0624783010015,23.9303493352534,24.7982203695054,25.4488595783119),
 .UNSPECIFIED.);
#153=B_SPLINE_CURVE_WITH_KNOTS('',3,(#1228,#1229,#1230,#1231,#1232,#1233,
#1234,#1235,#1236,#1237,#1238,#1239,#1240,#1241,#1242,#1243,#1244,#1245,
#1246,#1247,#1248,#1249,#1250,#1251,#1252,#1253,#1254,#1255,#1256,#1257,
#1258,#1259,#1260,#1261,#1262,#1263,#1264),.UNSPECIFIED.,.F.,.F.,(4,3,3,
3,3,3,3,3,3,3,3,3,4),(78.6784611943832,79.5859418599753,80.8877490020757,
82.1895561441761,83.4913632862765,84.3592347143434,85.2271061424103,86.0949775704773,
86.7458811415275,87.3967847125776,88.698591854678,90.0003989967784,90.5074656285181),
 .UNSPECIFIED.);
#154=B_SPLINE_CURVE_WITH_KNOTS('',3,(#1265,#1266,#1267,#1268,#1269,#1270,
#1271,#1272,#1273,#1274,#1275,#1276,#1277,#1278,#1279,#1280,#1281,#1282,
#1283,#1284,#1285,#1286,#1287,#1288,#1289,#1290,#1291,#1292,#1293,#1294,
#1295,#1296,#1297,#1298,#1299,#1300,#1301),.UNSPECIFIED.,.F.,.F.,(4,3,3,
3,3,3,3,3,3,3,3,3,4),(25.4488595783119,25.6660895739393,26.5339532978165,
27.4018170216938,28.7036126075097,30.0054081933255,31.3072037791414,32.6089993649572,
33.910794950773,35.2125905365889,36.5143861224048,37.1652839153127,37.2777590052808),
 .UNSPECIFIED.);
#155=B_SPLINE_CURVE_WITH_KNOTS('',3,(#1306,#1307,#1308,#1309,#1310,#1311,
#1312,#1313,#1314,#1315,#1316,#1317,#1318,#1319,#1320,#1321,#1322,#1323,
#1324,#1325,#1326,#1327,#1328,#1329,#1330,#1331,#1332,#1333,#1334,#1335,
#1336,#1337,#1338,#1339,#1340,#1341,#1342),.UNSPECIFIED.,.F.,.F.,(4,3,3,
3,3,3,3,3,3,3,3,3,4),(66.8495511043858,67.0018992824859,67.8697637886719,
68.7376282948579,69.6054928010439,70.4733573072299,71.775154066509,73.076950825788,
74.378747585067,75.680544344346,76.9823411036251,78.2841378629041,78.6784611943832),
 .UNSPECIFIED.);
#156=B_SPLINE_CURVE_WITH_KNOTS('',3,(#1343,#1344,#1345,#1346,#1347,#1348,
#1349,#1350,#1351,#1352,#1353,#1354,#1355,#1356,#1357,#1358,#1359,#1360,
#1361,#1362,#1363,#1364,#1365,#1366,#1367,#1368,#1369,#1370,#1371,#1372,
#1373,#1374,#1375,#1376,#1377,#1378,#1379),.UNSPECIFIED.,.F.,.F.,(4,3,3,
3,3,3,3,3,3,3,3,3,4),(37.2777590052808,37.8161742252587,38.6840258876252,
39.5518775499917,40.4197292123582,41.721506705908,42.3723954526829,43.0232841994577,
44.3250616930075,45.6268391865572,46.928616680107,48.2303941736568,49.1064940351993),
 .UNSPECIFIED.);
#157=B_SPLINE_CURVE_WITH_KNOTS('',3,(#1384,#1385,#1386,#1387,#1388,#1389,
#1390,#1391,#1392,#1393,#1394,#1395,#1396,#1397,#1398,#1399,#1400,#1401,
#1402,#1403,#1404,#1405,#1406,#1407,#1408,#1409,#1410,#1411,#1412,#1413,
#1414),.UNSPECIFIED.,.F.,.F.,(4,3,3,3,3,3,3,3,3,3,4),(55.0208000131743,
56.1537367255355,57.4555159866339,58.7572952477322,60.0590745088306,61.360853769929,
62.6626330310273,63.9644122921257,65.2661915532241,66.1340443939563,66.8495511043858),
 .UNSPECIFIED.);
#158=B_SPLINE_CURVE_WITH_KNOTS('',3,(#1415,#1416,#1417,#1418,#1419,#1420,
#1421,#1422,#1423,#1424,#1425,#1426,#1427,#1428,#1429,#1430,#1431,#1432,
#1433,#1434,#1435,#1436,#1437,#1438,#1439,#1440,#1441,#1442,#1443,#1444,
#1445,#1446,#1447,#1448,#1449,#1450,#1451),.UNSPECIFIED.,.F.,.F.,(4,3,3,
3,3,3,3,3,3,3,3,3,4),(49.1064940351993,49.5321688791611,50.8339378465057,
52.1357068138503,53.4374757811949,54.7392447485395,56.0410137158842,56.9088596941139,
57.7767056723437,58.6445516505734,59.2954361342457,59.946320617918,60.935151590756),
 .UNSPECIFIED.);
#159=B_SPLINE_CURVE_WITH_KNOTS('',3,(#1456,#1457,#1458,#1459,#1460,#1461,
#1462,#1463,#1464,#1465,#1466,#1467,#1468,#1469,#1470,#1471,#1472,#1473,
#1474,#1475,#1476,#1477,#1478,#1479,#1480,#1481,#1482,#1483,#1484,#1485,
#1486,#1487,#1488,#1489,#1490,#1491,#1492,#1493,#1494,#1495),
 .UNSPECIFIED.,.F.,.F.,(4,3,3,3,3,3,3,3,3,3,3,3,3,4),(43.1921511711922,
44.4378148569785,45.3056601958912,46.173505534804,47.0413508737167,47.9091962126295,
48.7770415515422,49.644886890455,50.9466548988241,52.2484229071932,53.116268246106,
53.9841135850187,54.8519589239315,55.0208000131743),.UNSPECIFIED.);
#160=B_SPLINE_CURVE_WITH_KNOTS('',3,(#1496,#1497,#1498,#1499,#1500,#1501,
#1502,#1503,#1504,#1505,#1506,#1507,#1508,#1509,#1510,#1511,#1512,#1513,
#1514,#1515,#1516,#1517,#1518,#1519,#1520,#1521,#1522,#1523,#1524,#1525,
#1526,#1527,#1528,#1529,#1530,#1531,#1532),.UNSPECIFIED.,.F.,.F.,(4,3,3,
3,3,3,3,3,3,3,3,3,4),(60.935151590756,61.2480943790194,62.5498832875789,
63.8516721961385,65.153461104698,66.4552500132575,67.757038921817,69.0588278303765,
70.2159735268739,70.7945463751225,71.6624056474955,72.5302649198685,72.7639903442943),
 .UNSPECIFIED.);
#161=B_SPLINE_CURVE_WITH_KNOTS('',3,(#1537,#1538,#1539,#1540,#1541,#1542,
#1543,#1544,#1545,#1546,#1547,#1548,#1549,#1550,#1551,#1552,#1553,#1554,
#1555,#1556,#1557,#1558,#1559,#1560,#1561,#1562,#1563,#1564,#1565,#1566,
#1567,#1568,#1569,#1570,#1571,#1572,#1573,#1574,#1575,#1576),
 .UNSPECIFIED.,.F.,.F.,(4,3,3,3,3,3,3,3,3,3,3,3,3,4),(31.3633257641617,
31.4199590537024,32.7217464934184,34.0235339331344,34.6744276529924,35.3253213728504,
36.6271088125664,37.4949671057104,38.3628253988544,39.2306836919984,40.5324711317143,
41.8342585714304,43.1360460111464,43.1921511711922),.UNSPECIFIED.);
#162=B_SPLINE_CURVE_WITH_KNOTS('',3,(#1577,#1578,#1579,#1580,#1581,#1582,
#1583,#1584,#1585,#1586,#1587,#1588,#1589,#1590,#1591,#1592,#1593,#1594,
#1595,#1596,#1597,#1598,#1599,#1600,#1601,#1602,#1603,#1604,#1605,#1606,
#1607,#1608,#1609,#1610,#1611,#1612,#1613),.UNSPECIFIED.,.F.,.F.,(4,3,3,
3,3,3,3,3,3,3,3,3,4),(72.7639903442943,73.398130974779,74.2659995295584,
75.1338680843377,76.001736639117,76.8696051938963,78.1714080260653,79.4732108582342,
80.7750136904032,82.0768165225722,82.9446850773515,83.8125536321308,84.5929556157331),
 .UNSPECIFIED.);
#163=B_SPLINE_CURVE_WITH_KNOTS('',3,(#1618,#1619,#1620,#1621,#1622,#1623,
#1624,#1625,#1626,#1627,#1628,#1629,#1630,#1631,#1632,#1633,#1634,#1635,
#1636,#1637,#1638,#1639,#1640,#1641,#1642,#1643,#1644,#1645,#1646,#1647,
#1648,#1649,#1650,#1651,#1652,#1653,#1654),.UNSPECIFIED.,.F.,.F.,(4,3,3,
3,3,3,3,3,3,3,3,3,4),(19.5343684981898,20.0291926127414,21.0055440760787,
21.981895539416,22.9582470027533,23.9345984660906,24.910949929428,25.8873013927653,
26.8636528561026,27.8400043194399,28.8163557827772,30.1181577338936,31.3633257641617),
 .UNSPECIFIED.);
#164=B_SPLINE_CURVE_WITH_KNOTS('',3,(#1655,#1656,#1657,#1658,#1659,#1660,
#1661,#1662,#1663,#1664,#1665,#1666,#1667,#1668,#1669,#1670,#1671,#1672,
#1673,#1674,#1675,#1676,#1677,#1678,#1679,#1680,#1681,#1682,#1683,#1684,
#1685,#1686,#1687,#1688,#1689,#1690,#1691,#1692,#1693,#1694),
 .UNSPECIFIED.,.F.,.F.,(4,3,3,3,3,3,3,3,3,3,3,3,3,4),(84.5929556157331,
84.6804226483564,85.8375868262001,86.4161689151219,87.2840420485047,88.1519151818875,
89.0197883152702,89.887661448653,91.1894711487271,92.4912808488013,93.7930905488754,
95.0949002489496,96.0712575240052,96.421983292747),.UNSPECIFIED.);
#165=B_SPLINE_CURVE_WITH_KNOTS('',3,(#1700,#1701,#1702,#1703,#1704,#1705,
#1706,#1707,#1708,#1709,#1710,#1711,#1712,#1713,#1714,#1715),
 .UNSPECIFIED.,.F.,.F.,(4,3,3,3,3,4),(-118.077393841559,-118.037360857403,
-117.016988737643,-115.996616617883,-114.976244498124,-114.472980759934),
 .UNSPECIFIED.);
#166=B_SPLINE_CURVE_WITH_KNOTS('',3,(#1718,#1719,#1720,#1721,#1722,#1723,
#1724,#1725,#1726,#1727),.UNSPECIFIED.,.F.,.F.,(4,3,3,4),(18.1084964397377,
19.1288251585775,20.1491538774228,20.6851178711879),.UNSPECIFIED.);
#167=B_SPLINE_CURVE_WITH_KNOTS('',3,(#1732,#1733,#1734,#1735,#1736,#1737,
#1738,#1739,#1740,#1741,#1742,#1743,#1744,#1745,#1746,#1747,#1748,#1749,
#1750,#1751,#1752,#1753,#1754,#1755,#1756,#1757,#1758,#1759,#1760,#1761,
#1762,#1763,#1764,#1765,#1766,#1767,#1768),.UNSPECIFIED.,.F.,.F.,(4,3,3,
3,3,3,3,3,3,3,3,3,4),(-114.472980759934,-113.955864199083,-112.935475939746,
-111.91508768041,-110.894699421073,-109.874311161737,-108.8539229024,-107.833534643064,
-106.813146383727,-105.792758124391,-104.772369865054,-103.411852185939,
-102.110496995066),.UNSPECIFIED.);
#168=B_SPLINE_CURVE_WITH_KNOTS('',3,(#1769,#1770,#1771,#1772,#1773,#1774,
#1775,#1776,#1777,#1778,#1779,#1780,#1781,#1782,#1783,#1784,#1785,#1786,
#1787,#1788,#1789,#1790,#1791,#1792,#1793,#1794,#1795,#1796,#1797,#1798,
#1799,#1800,#1801,#1802,#1803,#1804,#1805,#1806,#1807,#1808),
 .UNSPECIFIED.,.F.,.F.,(4,3,3,3,3,3,3,3,3,3,3,3,3,4),(20.6851178711879,
21.1694988551342,22.1898618237651,23.210224792396,24.2305877610269,25.2509507296578,
26.2713136982887,27.2916766669196,28.3120396355506,29.3324026041815,30.3527655728124,
31.3731285414433,32.3934915100742,33.0472952273833),.UNSPECIFIED.);
#169=B_SPLINE_CURVE_WITH_KNOTS('',3,(#1813,#1814,#1815,#1816,#1817,#1818,
#1819,#1820,#1821,#1822,#1823,#1824,#1825,#1826,#1827,#1828,#1829,#1830,
#1831,#1832,#1833,#1834,#1835,#1836,#1837,#1838,#1839,#1840,#1841,#1842,
#1843,#1844,#1845,#1846,#1847,#1848,#1849,#1850,#1851,#1852),
 .UNSPECIFIED.,.F.,.F.,(4,3,3,3,3,3,3,3,3,3,3,3,3,4),(-102.110496995066,
-102.051335104452,-100.690831168575,-99.3303272326975,-98.6500752647588,
-97.9698232968201,-96.6093193609427,-95.7023167370244,-94.7953141131062,
-93.8883114891879,-92.5278075533106,-91.1673036174332,-89.8067996815558,
-89.7481381091344),.UNSPECIFIED.);
#170=B_SPLINE_CURVE_WITH_KNOTS('',3,(#1853,#1854,#1855,#1856,#1857,#1858,
#1859,#1860,#1861,#1862,#1863,#1864,#1865,#1866,#1867,#1868,#1869,#1870,
#1871,#1872,#1873,#1874,#1875,#1876,#1877,#1878,#1879,#1880,#1881,#1882,
#1883,#1884,#1885,#1886,#1887,#1888,#1889,#1890,#1891,#1892),
 .UNSPECIFIED.,.F.,.F.,(4,3,3,3,3,3,3,3,3,3,3,3,3,4),(33.0472952273833,
33.4138600913356,34.4342386834172,35.7947434728593,37.1552482623014,38.5157530517435,
39.8762578411856,40.783261034147,41.6902642271084,42.5972674200698,43.5042706130312,
44.1089394083388,45.318276998954,45.4096618690212),.UNSPECIFIED.);
#171=B_SPLINE_CURVE_WITH_KNOTS('',3,(#1897,#1898,#1899,#1900,#1901,#1902,
#1903,#1904,#1905,#1906,#1907,#1908,#1909,#1910,#1911,#1912,#1913,#1914,
#1915,#1916,#1917,#1918,#1919,#1920,#1921,#1922,#1923,#1924,#1925,#1926,
#1927,#1928,#1929,#1930,#1931,#1932,#1933,#1934,#1935,#1936),
 .UNSPECIFIED.,.F.,.F.,(4,3,3,3,3,3,3,3,3,3,3,3,3,4),(-89.7481381091344,
-88.4463158447699,-87.5393272240284,-86.6323386032869,-85.7253499825454,
-84.8183613618039,-83.9113727410624,-83.0043841203209,-81.6439011892087,
-80.2834182580964,-79.3764296373549,-78.4694410166134,-77.5624523958719,
-77.3859700851796),.UNSPECIFIED.);
#172=B_SPLINE_CURVE_WITH_KNOTS('',3,(#1937,#1938,#1939,#1940,#1941,#1942,
#1943,#1944,#1945,#1946,#1947,#1948,#1949,#1950,#1951,#1952,#1953,#1954,
#1955,#1956,#1957,#1958,#1959,#1960,#1961,#1962,#1963,#1964,#1965,#1966,
#1967,#1968,#1969,#1970,#1971,#1972,#1973),.UNSPECIFIED.,.F.,.F.,(4,3,3,
3,3,3,3,3,3,3,3,3,4),(45.4096618690212,46.2252882105969,47.1323003206822,
48.0393124307676,49.3998305958956,50.7603487610237,52.1208669261517,53.4813850912798,
54.3883972013651,55.2954093114505,56.2024214215358,57.1094335316212,57.7721500497899),
 .UNSPECIFIED.);
#173=B_SPLINE_CURVE_WITH_KNOTS('',3,(#1978,#1979,#1980,#1981,#1982,#1983,
#1984,#1985,#1986,#1987,#1988,#1989,#1990,#1991,#1992,#1993,#1994,#1995,
#1996,#1997,#1998,#1999,#2000,#2001,#2002,#2003,#2004,#2005,#2006,#2007,
#2008),.UNSPECIFIED.,.F.,.F.,(4,3,3,3,3,3,3,3,3,3,4),(-77.3859700851796,
-76.2019655751439,-74.8414781746456,-73.4809907741473,-72.1205033736491,
-70.7600159731508,-69.3995285726525,-68.0390411721543,-66.678553771656,
-65.7715621713238,-65.0237614496244),.UNSPECIFIED.);
#174=B_SPLINE_CURVE_WITH_KNOTS('',3,(#2009,#2010,#2011,#2012,#2013,#2014,
#2015,#2016,#2017,#2018,#2019,#2020,#2021,#2022,#2023,#2024,#2025,#2026,
#2027,#2028,#2029,#2030,#2031,#2032,#2033,#2034,#2035,#2036,#2037,#2038,
#2039,#2040,#2041,#2042,#2043,#2044,#2045),.UNSPECIFIED.,.F.,.F.,(4,3,3,
3,3,3,3,3,3,3,3,3,4),(57.7721500497899,58.0164467165776,58.9234628174066,
59.8304789182356,60.4351563187882,61.6445111198935,63.005035271137,64.3655594223804,
65.7260835736239,67.0866077248673,68.4471318761108,69.8076560273543,70.1346926237193),
 .UNSPECIFIED.);
#175=B_SPLINE_CURVE_WITH_KNOTS('',3,(#2050,#2051,#2052,#2053,#2054,#2055,
#2056,#2057,#2058,#2059,#2060,#2061,#2062,#2063,#2064,#2065,#2066,#2067,
#2068,#2069,#2070,#2071,#2072,#2073,#2074,#2075,#2076,#2077,#2078,#2079,
#2080,#2081,#2082,#2083,#2084,#2085,#2086),.UNSPECIFIED.,.F.,.F.,(4,3,3,
3,3,3,3,3,3,3,3,3,4),(-65.0237614496244,-64.86456825493,-63.9575634588137,
-63.0505586626975,-62.1435538665812,-61.236549070465,-59.8760418762906,
-58.5155346821162,-57.1550274879419,-55.7945202937675,-54.4340130995931,
-53.0735059054187,-52.6613729569079),.UNSPECIFIED.);
#176=B_SPLINE_CURVE_WITH_KNOTS('',3,(#2087,#2088,#2089,#2090,#2091,#2092,
#2093,#2094,#2095,#2096,#2097,#2098,#2099,#2100,#2101,#2102,#2103,#2104,
#2105,#2106,#2107,#2108,#2109,#2110,#2111,#2112,#2113,#2114,#2115,#2116,
#2117,#2118,#2119,#2120,#2121,#2122,#2123),.UNSPECIFIED.,.F.,.F.,(4,3,3,
3,3,3,3,3,3,3,3,3,4),(70.1346926237193,71.1681791587888,71.8484405631521,
72.5287019675153,73.435717173333,74.3427323791506,75.2497475849683,76.6102703936947,
77.9707932024212,79.3313160111477,80.6918388198742,82.0523616286007,82.4972229988016),
 .UNSPECIFIED.);
#177=B_SPLINE_CURVE_WITH_KNOTS('',3,(#2128,#2129,#2130,#2131,#2132,#2133,
#2134,#2135,#2136,#2137,#2138,#2139,#2140,#2141,#2142,#2143,#2144,#2145,
#2146,#2147,#2148,#2149,#2150,#2151,#2152,#2153,#2154,#2155,#2156,#2157,
#2158,#2159,#2160,#2161,#2162,#2163,#2164),.UNSPECIFIED.,.F.,.F.,(4,3,3,
3,3,3,3,3,3,3,3,3,4),(-52.6613729569079,-51.7129901398155,-50.3524706493449,
-48.9919511588743,-47.6314316684037,-46.7244186747567,-45.8174056811096,
-44.9103926874626,-44.2301329422273,-43.549873196992,-42.1893537065214,
-40.8288342160508,-40.2988727330547),.UNSPECIFIED.);
#178=B_SPLINE_CURVE_WITH_KNOTS('',3,(#2165,#2166,#2167,#2168,#2169,#2170,
#2171,#2172,#2173,#2174,#2175,#2176,#2177,#2178,#2179,#2180,#2181,#2182,
#2183,#2184,#2185,#2186,#2187,#2188,#2189,#2190,#2191,#2192,#2193,#2194,
#2195,#2196,#2197,#2198,#2199,#2200,#2201),.UNSPECIFIED.,.F.,.F.,(4,3,3,
3,3,3,3,3,3,3,3,3,4),(82.4972229988016,83.4128785921686,84.7733927159475,
86.1339068397264,87.4944209635053,88.8549350872842,89.5351921491737,90.2154492110631,
91.575963334842,92.4829727506947,93.3899821665473,94.2969915823999,94.8596744575958),
 .UNSPECIFIED.);
#179=B_SPLINE_CURVE_WITH_KNOTS('',3,(#2206,#2207,#2208,#2209,#2210,#2211,
#2212,#2213,#2214,#2215,#2216,#2217,#2218,#2219,#2220,#2221,#2222,#2223,
#2224,#2225,#2226,#2227,#2228,#2229,#2230,#2231,#2232,#2233,#2234,#2235,
#2236,#2237,#2238,#2239),.UNSPECIFIED.,.F.,.F.,(4,3,3,3,3,3,3,3,3,3,3,4),
(-40.2988727330547,-39.468311722008,-38.1077873114495,-36.7472629008909,
-35.3867384903323,-34.0262140797737,-33.119197806068,-32.2121815323622,
-31.3051652586565,-29.9446408480979,-28.5841164375393,-27.9363278025637),
 .UNSPECIFIED.);
#180=B_SPLINE_CURVE_WITH_KNOTS('',3,(#2240,#2241,#2242,#2243,#2244,#2245,
#2246,#2247,#2248,#2249,#2250,#2251,#2252,#2253,#2254,#2255,#2256,#2257,
#2258,#2259,#2260,#2261,#2262,#2263,#2264,#2265,#2266,#2267,#2268,#2269,
#2270,#2271,#2272,#2273,#2274,#2275,#2276),.UNSPECIFIED.,.F.,.F.,(4,3,3,
3,3,3,3,3,3,3,3,3,4),(94.8596744575958,94.9772472516646,95.6574962561489,
97.0179942651176,98.3784922740863,99.738990283055,101.099488292024,102.459986300992,
103.820484309961,105.18098231893,106.087980991576,106.994979664221,107.221979487852),
 .UNSPECIFIED.);
#181=B_SPLINE_CURVE_WITH_KNOTS('',3,(#2281,#2282,#2283,#2284,#2285,#2286,
#2287,#2288,#2289,#2290,#2291,#2292,#2293,#2294,#2295,#2296,#2297,#2298,
#2299,#2300,#2301,#2302,#2303,#2304,#2305,#2306,#2307,#2308,#2309,#2310,
#2311,#2312,#2313,#2314,#2315,#2316,#2317),.UNSPECIFIED.,.F.,.F.,(4,3,3,
3,3,3,3,3,3,3,3,3,4),(-27.9363278025637,-27.2235932873401,-25.8630712826516,
-24.5025492779632,-23.1420272732747,-22.1216357697583,-21.1012442662419,
-20.0808527627256,-19.0604612592092,-18.0400697556929,-17.0196782521765,
-15.9992867486602,-15.5738047331319),.UNSPECIFIED.);
#182=B_SPLINE_CURVE_WITH_KNOTS('',3,(#2318,#2319,#2320,#2321,#2322,#2323,
#2324,#2325,#2326,#2327,#2328,#2329,#2330,#2331,#2332,#2333,#2334,#2335,
#2336,#2337,#2338,#2339,#2340,#2341,#2342,#2343,#2344,#2345,#2346,#2347,
#2348,#2349,#2350,#2351,#2352,#2353,#2354,#2355,#2356,#2357,#2358,#2359,
#2360),.UNSPECIFIED.,.F.,.F.,(4,3,3,3,3,3,3,3,3,3,3,3,3,3,4),(107.221979487852,
107.901968916226,108.808955023396,109.715941130567,110.622927237737,111.303166818114,
111.983406398492,112.323526188681,113.343885559247,114.704364720003,116.064843880758,
117.085203251325,118.105562621891,119.125921992458,119.584113251734),
 .UNSPECIFIED.);
#183=B_SPLINE_CURVE_WITH_KNOTS('',3,(#2365,#2366,#2367,#2368,#2369,#2370,
#2371,#2372,#2373,#2374,#2375,#2376,#2377,#2378,#2379,#2380,#2381,#2382,
#2383,#2384,#2385,#2386,#2387,#2388,#2389,#2390,#2391,#2392,#2393,#2394,
#2395,#2396,#2397,#2398,#2399,#2400,#2401,#2402,#2403,#2404,#2405,#2406,
#2407,#2408,#2409,#2410,#2411,#2412,#2413,#2414,#2415,#2416,#2417,#2418,
#2419,#2420,#2421,#2422,#2423,#2424,#2425,#2426,#2427,#2428,#2429,#2430,
#2431,#2432,#2433,#2434,#2435,#2436,#2437,#2438,#2439,#2440,#2441,#2442,
#2443,#2444,#2445,#2446,#2447,#2448,#2449,#2450,#2451,#2452,#2453,#2454,
#2455,#2456,#2457,#2458,#2459,#2460,#2461,#2462,#2463,#2464,#2465,#2466,
#2467),.UNSPECIFIED.,.F.,.F.,(4,3,3,3,3,3,3,3,3,3,3,3,3,3,3,3,3,3,3,3,3,
3,3,3,3,3,3,3,3,3,3,3,3,3,4),(-2.95515636644371,-2.8286456131796,-2.70532752137788,
-2.58151638596496,-2.45787683194639,-2.32917520904251,-2.28091210045356,
-2.25385166311072,-2.23909986734505,-2.22746972279355,-2.10481457219581,
-1.98233723848507,-1.94307034033087,-1.81829071990184,-1.69547283987641,
-1.57321612066251,-1.49466827769203,-1.48251664806236,-1.47107722522926,
-1.34981096018767,-1.22800833756143,-1.10655113270686,-0.986361242446095,
-0.944833376898655,-0.826729204786323,-0.775058629487178,-0.749726854882774,
-0.73787365168547,-0.725917051805459,-0.606190016005298,-0.485574593703996,
-0.364180945277997,-0.244088231031555,-0.122044115515778,0.),
 .UNSPECIFIED.);
#184=B_SPLINE_CURVE_WITH_KNOTS('',3,(#2469,#2470,#2471,#2472,#2473,#2474,
#2475,#2476,#2477,#2478,#2479,#2480,#2481,#2482,#2483,#2484,#2485,#2486,
#2487,#2488,#2489,#2490,#2491,#2492,#2493,#2494,#2495,#2496,#2497,#2498,
#2499,#2500,#2501,#2502,#2503,#2504,#2505,#2506,#2507,#2508,#2509,#2510,
#2511,#2512,#2513,#2514,#2515,#2516,#2517,#2518,#2519,#2520,#2521,#2522,
#2523,#2524,#2525,#2526,#2527,#2528,#2529,#2530,#2531,#2532,#2533,#2534,
#2535,#2536,#2537,#2538,#2539,#2540,#2541,#2542,#2543,#2544,#2545,#2546,
#2547,#2548,#2549,#2550,#2551,#2552,#2553,#2554,#2555,#2556,#2557,#2558,
#2559,#2560,#2561,#2562,#2563,#2564,#2565,#2566,#2567,#2568),
 .UNSPECIFIED.,.F.,.F.,(4,3,3,3,3,3,3,3,3,3,3,3,3,3,3,3,3,3,3,3,3,3,3,3,
3,3,3,3,3,3,3,3,3,4),(-2.95793151826688,-2.83487177334651,-2.71513689757218,
-2.59450964523688,-2.47358956693349,-2.34855556492611,-2.30166781417334,
-2.28108103638625,-2.26078488258408,-2.24953306240933,-2.1280585467928,
-2.00618927820244,-1.97345355890397,-1.84848450178228,-1.7266936791162,
-1.60497729907167,-1.52606777442902,-1.51418201128287,-1.39268856674374,
-1.26988712259908,-1.14696964460401,-1.02478958916426,-0.973701101930439,
-0.851988464189134,-0.798739185177313,-0.771703639098822,-0.760092380828302,
-0.638400491225312,-0.515398166155747,-0.38654862461681,-0.26279576247406,
-0.139721873933241,-0.0182623541458303,0.),.UNSPECIFIED.);
#185=B_SPLINE_CURVE_WITH_KNOTS('',3,(#2995,#2996,#2997,#2998,#2999,#3000,
#3001,#3002,#3003,#3004,#3005,#3006,#3007,#3008,#3009,#3010,#3011,#3012,
#3013,#3014,#3015,#3016,#3017,#3018,#3019,#3020,#3021,#3022),
 .UNSPECIFIED.,.F.,.F.,(4,3,3,3,3,3,3,3,3,4),(-15.5738047331319,-14.978926291642,
-13.9585880392227,-12.9382497868035,-11.9179115343843,-10.8975732819651,
-9.87723502954592,-8.85689677712673,-7.83655852470751,-6.81622027228834),
 .UNSPECIFIED.);
#186=B_SPLINE_CURVE_WITH_KNOTS('',3,(#3023,#3024,#3025,#3026,#3027,#3028,
#3029,#3030,#3031,#3032,#3033,#3034,#3035,#3036,#3037,#3038,#3039,#3040,
#3041,#3042,#3043,#3044,#3045,#3046,#3047,#3048,#3049,#3050,#3051,#3052,
#3053,#3054,#3055,#3056,#3057,#3058,#3059,#3060,#3061,#3062,#3063,#3064,
#3065,#3066,#3067,#3068,#3069,#3070,#3071,#3072,#3073,#3074,#3075,#3076,
#3077,#3078,#3079,#3080,#3081,#3082,#3083,#3084,#3085,#3086,#3087,#3088,
#3089,#3090,#3091,#3092,#3093,#3094,#3095,#3096,#3097,#3098,#3099,#3100,
#3101,#3102,#3103,#3104,#3105,#3106,#3107,#3108,#3109,#3110,#3111,#3112,
#3113,#3114,#3115,#3116,#3117,#3118,#3119,#3120,#3121,#3122,#3123,#3124,
#3125,#3126,#3127,#3128),.UNSPECIFIED.,.F.,.F.,(4,3,3,3,3,3,3,3,3,3,3,3,
3,3,3,3,3,3,3,3,3,3,3,3,3,3,3,3,3,3,3,3,3,3,3,4),(2.83395175160162,2.86374397599597,
2.98190392076096,3.1014621871244,3.22194353523008,3.34274501295994,3.46276885225487,
3.54151515389852,3.57994306000641,3.59461855368,3.6082602233799,3.72981174081912,
3.77775405882948,3.90240668222956,4.0238051697161,4.14555068835133,4.26697867023204,
4.33047821720679,4.3447908004063,4.35555685815788,4.47778104182663,4.6004932167466,
4.72301555975006,4.7749750460301,4.90141629584709,5.01205238943695,5.06045568038251,
5.08518406361618,5.09650518338589,5.1085222032816,5.2305823369366,5.35378142849477,
5.4775856673624,5.60107170416571,5.72321999630512,5.78650504456596),
 .UNSPECIFIED.);
#187=B_SPLINE_CURVE_WITH_KNOTS('',3,(#3129,#3130,#3131,#3132,#3133,#3134,
#3135,#3136,#3137,#3138,#3139,#3140,#3141,#3142,#3143,#3144,#3145,#3146,
#3147,#3148,#3149,#3150),.UNSPECIFIED.,.F.,.F.,(4,3,3,3,3,3,3,4),(13.1946329598852,
14.1709997330278,15.1473665061725,16.1237332793172,17.1001000524619,18.0764668256065,
19.0528335987513,19.5343684981898),.UNSPECIFIED.);
#188=B_SPLINE_CURVE_WITH_KNOTS('',3,(#3153,#3154,#3155,#3156,#3157,#3158,
#3159,#3160,#3161,#3162,#3163,#3164,#3165,#3166,#3167,#3168,#3169,#3170,
#3171,#3172,#3173,#3174,#3175,#3176,#3177,#3178,#3179,#3180,#3181,#3182,
#3183,#3184,#3185,#3186),.UNSPECIFIED.,.F.,.F.,(4,3,3,3,3,3,3,3,3,3,3,4),
(119.584113251734,120.146312327283,121.166727899316,122.187143471348,123.207559043381,
124.227974615413,125.248390187446,126.268805759478,127.289221331511,128.309636903543,
129.330052475576,129.370087161992),.UNSPECIFIED.);
#189=B_SPLINE_CURVE_WITH_KNOTS('',3,(#3628,#3629,#3630,#3631,#3632,#3633,
#3634,#3635,#3636,#3637,#3638,#3639,#3640,#3641,#3642,#3643,#3644,#3645,
#3646,#3647,#3648,#3649,#3650,#3651,#3652,#3653,#3654,#3655,#3656,#3657,
#3658,#3659,#3660,#3661,#3662,#3663,#3664,#3665,#3666,#3667),
 .UNSPECIFIED.,.F.,.F.,(4,3,3,3,3,3,3,3,3,3,3,3,3,4),(96.421983292747,97.0476013552397,
98.0239376499379,99.0002739446362,99.9766102393345,100.952946534033,101.929282828731,
102.905619123429,103.881955418128,104.858291712826,105.834628007524,106.810964302222,
107.787300596921,107.825605889844),.UNSPECIFIED.);
#190=B_SPLINE_CURVE_WITH_KNOTS('',3,(#3668,#3669,#3670,#3671,#3672,#3673,
#3674,#3675,#3676,#3677,#3678,#3679,#3680,#3681,#3682,#3683,#3684,#3685,
#3686,#3687,#3688,#3689,#3690,#3691,#3692,#3693,#3694,#3695,#3696,#3697,
#3698,#3699,#3700,#3701,#3702,#3703,#3704,#3705,#3706,#3707,#3708,#3709,
#3710,#3711,#3712,#3713,#3714,#3715,#3716,#3717,#3718,#3719,#3720,#3721,
#3722,#3723,#3724,#3725,#3726,#3727,#3728,#3729,#3730,#3731,#3732,#3733,
#3734,#3735,#3736,#3737,#3738,#3739,#3740,#3741,#3742,#3743,#3744,#3745,
#3746,#3747,#3748,#3749,#3750,#3751,#3752,#3753,#3754,#3755,#3756,#3757,
#3758,#3759,#3760,#3761,#3762,#3763,#3764,#3765,#3766,#3767,#3768,#3769,
#3770,#3771,#3772,#3773,#3774,#3775,#3776),.UNSPECIFIED.,.F.,.F.,(4,3,3,
3,3,3,3,3,3,3,3,3,3,3,3,3,3,3,3,3,3,3,3,3,3,3,3,3,3,3,3,3,3,3,3,3,4),(0.556148059248902,
0.677880000606439,0.731137724950362,0.757936765193347,0.769524116407815,
0.892083923211619,1.01552068590599,1.14414141195679,1.26695037681441,1.38869738684669,
1.45935048847794,1.49467703929357,1.51442468784468,1.52684131245046,1.5300035901092,
1.65493082949692,1.77700399499831,1.89965606975474,2.02221429009585,2.14901609387463,
2.24411744670871,2.26544892695706,2.27863210183965,2.28956055194167,2.41102361344947,
2.52942150521096,2.65259053469861,2.77426076479078,2.89554135856952,2.97294540638735,
3.00680967730765,3.01914779720329,3.03005005850595,3.1512309791575,3.27182759826132,
3.39330066968674,3.51477374111215),.UNSPECIFIED.);
#191=B_SPLINE_CURVE_WITH_KNOTS('',3,(#3791,#3792,#3793,#3794,#3795,#3796,
#3797,#3798,#3799,#3800,#3801,#3802,#3803,#3804,#3805,#3806,#3807,#3808,
#3809,#3810,#3811,#3812,#3813,#3814,#3815),.UNSPECIFIED.,.F.,.F.,(4,3,3,
3,3,3,3,3,4),(56.426312945928,56.4618693126877,57.6071107511065,58.7523521895253,
59.8975936279441,61.042835066363,62.1880765047818,63.3333179432006,64.4785593816194),
 .UNSPECIFIED.);
#192=B_SPLINE_CURVE_WITH_KNOTS('',3,(#3818,#3819,#3820,#3821,#3822,#3823,
#3824,#3825,#3826,#3827,#3828,#3829,#3830,#3831,#3832,#3833,#3834,#3835,
#3836,#3837,#3838,#3839,#3840,#3841,#3842,#3843,#3844,#3845,#3846,#3847,
#3848,#3849,#3850,#3851,#3852,#3853,#3854),.UNSPECIFIED.,.F.,.F.,(4,3,3,
3,3,3,3,3,3,3,3,3,4),(4.90245704269082,5.27285272906656,6.41807189554903,
7.5632910620315,8.70851022851396,9.85372939499643,10.6172088393181,11.3806882836397,
12.1441677279614,12.907647172283,13.6711266166047,14.4346060609263,14.8269049050746),
 .UNSPECIFIED.);
#193=B_SPLINE_CURVE_WITH_KNOTS('',3,(#3859,#3860,#3861,#3862,#3863,#3864,
#3865,#3866,#3867,#3868,#3869,#3870,#3871,#3872,#3873,#3874,#3875,#3876,
#3877,#3878,#3879,#3880,#3881,#3882,#3883,#3884,#3885,#3886,#3887,#3888,
#3889,#3890,#3891,#3892,#3893,#3894,#3895,#3896,#3897,#3898,#3899,#3900,
#3901,#3902,#3903,#3904),.UNSPECIFIED.,.F.,.F.,(4,3,3,3,3,3,3,3,3,3,3,3,
3,3,3,4),(44.442053648626,44.6280348669536,45.3915079934071,46.1549811198606,
47.3001908095409,48.4454004992211,49.5906101889014,50.7358198785817,51.1175564418084,
51.4992930050352,52.2627661314887,53.0262392579422,53.7897123843957,54.5531855108492,
55.3166586373028,56.426312945928),.UNSPECIFIED.);
#194=B_SPLINE_CURVE_WITH_KNOTS('',3,(#3905,#3906,#3907,#3908,#3909,#3910,
#3911,#3912,#3913,#3914,#3915,#3916,#3917,#3918,#3919,#3920,#3921,#3922,
#3923,#3924,#3925,#3926,#3927,#3928,#3929,#3930,#3931,#3932,#3933,#3934,
#3935,#3936,#3937,#3938,#3939,#3940,#3941),.UNSPECIFIED.,.F.,.F.,(4,3,3,
3,3,3,3,3,3,3,3,3,4),(14.8269049050746,15.5798119742882,16.7250109822928,
17.8702099902973,19.0154089983019,20.1606080063064,21.305807014311,22.4510060223155,
23.59620503032,24.3596710356564,25.6321143778837,26.6500690516655,26.8110524218473),
 .UNSPECIFIED.);
#195=B_SPLINE_CURVE_WITH_KNOTS('',3,(#3946,#3947,#3948,#3949,#3950,#3951,
#3952,#3953,#3954,#3955,#3956,#3957,#3958,#3959,#3960,#3961,#3962,#3963,
#3964,#3965,#3966,#3967,#3968,#3969,#3970,#3971,#3972,#3973,#3974,#3975,
#3976,#3977,#3978,#3979,#3980,#3981,#3982,#3983,#3984,#3985,#3986,#3987,
#3988,#3989,#3990,#3991,#3992,#3993,#3994),.UNSPECIFIED.,.F.,.F.,(4,3,3,
3,3,3,3,3,3,3,3,3,3,3,3,3,4),(32.4576353649167,33.1757885105989,33.9392717655079,
34.7027550204169,35.4662382753259,36.229721530235,36.993204785144,37.756688040053,
38.5201712949621,39.2836545498711,40.0471378047801,40.8106210596891,41.5741043145982,
42.3375875695072,43.1010708244162,43.8645540793252,44.442053648626),
 .UNSPECIFIED.);
#196=B_SPLINE_CURVE_WITH_KNOTS('',3,(#3995,#3996,#3997,#3998,#3999,#4000,
#4001,#4002,#4003,#4004,#4005,#4006,#4007,#4008,#4009,#4010,#4011,#4012,
#4013,#4014,#4015,#4016,#4017,#4018,#4019,#4020,#4021,#4022,#4023,#4024,
#4025,#4026,#4027,#4028,#4029,#4030,#4031,#4032,#4033,#4034,#4035,#4036,
#4037,#4038,#4039,#4040),.UNSPECIFIED.,.F.,.F.,(4,3,3,3,3,3,3,3,3,3,3,3,
3,3,3,4),(26.8110524218473,27.4135439767456,28.1770212851813,29.1949910297622,
30.2129607743431,31.230930518924,31.9944078273597,32.7578851357954,33.5213624442311,
34.2848397526668,35.0483170611025,35.8117943695382,36.5752716779739,37.3387489864096,
38.1022262948453,38.7953773638131),.UNSPECIFIED.);
#197=B_SPLINE_CURVE_WITH_KNOTS('',3,(#4045,#4046,#4047,#4048,#4049,#4050,
#4051,#4052,#4053,#4054,#4055,#4056,#4057,#4058,#4059,#4060,#4061,#4062,
#4063,#4064,#4065,#4066,#4067,#4068,#4069,#4070,#4071,#4072,#4073,#4074,
#4075,#4076,#4077,#4078,#4079,#4080,#4081,#4082,#4083,#4084,#4085,#4086,
#4087,#4088,#4089,#4090),.UNSPECIFIED.,.F.,.F.,(4,3,3,3,3,3,3,3,3,3,3,3,
3,3,3,4),(20.4731236453807,20.9599667914318,22.1052006025161,23.2504344136004,
24.0139236209899,24.7774128283794,25.5409020357689,26.3043912431585,27.067880450548,
27.8313696579375,28.8493552677902,29.8673408776429,30.8853264874956,31.6488156948851,
32.4123049022746,32.4576353649167),.UNSPECIFIED.);
#198=B_SPLINE_CURVE_WITH_KNOTS('',3,(#4091,#4092,#4093,#4094,#4095,#4096,
#4097,#4098,#4099,#4100,#4101,#4102,#4103,#4104,#4105,#4106,#4107,#4108,
#4109,#4110,#4111,#4112,#4113,#4114,#4115,#4116,#4117,#4118,#4119,#4120,
#4121,#4122,#4123,#4124,#4125,#4126,#4127,#4128,#4129,#4130,#4131,#4132,
#4133,#4134,#4135,#4136),.UNSPECIFIED.,.F.,.F.,(4,3,3,3,3,3,3,3,3,3,3,3,
3,3,3,4),(38.7953773638131,38.8657043951402,39.629190300176,40.3926762052117,
40.9016668085689,41.410657411926,42.4286386186403,43.4466198253546,44.2101057303904,
44.9735916354261,45.7370775404618,46.5005634454976,47.6457923030512,48.7910211606048,
49.9362500181584,50.7798372464721),.UNSPECIFIED.);
#199=B_SPLINE_CURVE_WITH_KNOTS('',3,(#4142,#4143,#4144,#4145,#4146,#4147,
#4148),.UNSPECIFIED.,.F.,.F.,(4,3,4),(62.764366927887,63.6789716039151,
64.8240821398108),.UNSPECIFIED.);
#200=B_SPLINE_CURVE_WITH_KNOTS('',3,(#4151,#4152,#4153,#4154,#4155,#4156,
#4157,#4158,#4159,#4160,#4161,#4162,#4163,#4164,#4165,#4166),
 .UNSPECIFIED.,.F.,.F.,(4,3,3,3,3,4),(4.55618999714221,4.92659740932304,
6.07185283059255,7.21710825186204,8.36236367313153,8.48858311132154),
 .UNSPECIFIED.);
#201=B_SPLINE_CURVE_WITH_KNOTS('',3,(#4172,#4173,#4174,#4175,#4176,#4177,
#4178,#4179,#4180,#4181,#4182,#4183,#4184,#4185,#4186,#4187,#4188,#4189,
#4190,#4191,#4192,#4193,#4194,#4195,#4196),.UNSPECIFIED.,.F.,.F.,(4,3,3,
3,3,3,3,3,4),(-71.1716654659428,-69.953140488082,-68.7346155102213,-67.5160905323606,
-66.2975655544999,-65.0790405766391,-63.8605155987784,-62.6419906209177,
-62.5076779601304),.UNSPECIFIED.);
#202=B_SPLINE_CURVE_WITH_KNOTS('',3,(#4199,#4200,#4201,#4202,#4203,#4204,
#4205,#4206,#4207,#4208,#4209,#4210,#4211,#4212,#4213,#4214,#4215,#4216,
#4217,#4218,#4219,#4220,#4221,#4222,#4223,#4224,#4225,#4226,#4227,#4228,
#4229,#4230,#4231,#4232,#4233,#4234,#4235),.UNSPECIFIED.,.F.,.F.,(4,3,3,
3,3,3,3,3,3,3,3,3,4),(7.41466944808689,7.80878191036125,9.02733051162198,
10.2458791128827,11.4644277141435,12.6829763154042,13.495342049578,14.3077077837518,
15.1200735179257,15.9324392520995,17.0155935643313,17.5571707204471,17.8781058924045),
 .UNSPECIFIED.);
#203=B_SPLINE_CURVE_WITH_KNOTS('',3,(#4240,#4241,#4242,#4243,#4244,#4245,
#4246,#4247,#4248,#4249,#4250,#4251,#4252,#4253,#4254,#4255,#4256,#4257,
#4258,#4259,#4260,#4261,#4262,#4263,#4264,#4265,#4266,#4267,#4268,#4269,
#4270,#4271,#4272,#4273,#4274,#4275,#4276,#4277,#4278,#4279),
 .UNSPECIFIED.,.F.,.F.,(4,3,3,3,3,3,3,3,3,3,3,3,3,4),(-62.5076779601304,
-61.4234955970246,-60.6111680549023,-59.79884051278,-58.9865129706577,-58.1741854285354,
-57.091082039039,-56.5495303442908,-55.3310390311073,-54.1125477179239,
-52.8940564047404,-51.675565091557,-50.4570737783736,-49.7565495160847),
 .UNSPECIFIED.);
#204=B_SPLINE_CURVE_WITH_KNOTS('',3,(#4280,#4281,#4282,#4283,#4284,#4285,
#4286,#4287,#4288,#4289,#4290,#4291,#4292,#4293,#4294,#4295,#4296,#4297,
#4298,#4299,#4300,#4301,#4302,#4303,#4304,#4305,#4306,#4307,#4308,#4309,
#4310,#4311,#4312,#4313,#4314,#4315,#4316,#4317,#4318,#4319,#4320,#4321,
#4322,#4323,#4324,#4325),.UNSPECIFIED.,.F.,.F.,(4,3,3,3,3,3,3,3,3,3,3,3,
3,3,3,4),(17.8781058924045,18.7757021976085,19.9942275521724,21.2127529067362,
22.4312782613001,23.243628497676,24.0559787340519,24.8683289704278,25.6806792068037,
26.763812855305,27.8469465038062,28.3885133280568,28.9300801523074,29.7424303886833,
30.5547806250592,30.6295905684762),.UNSPECIFIED.);
#205=B_SPLINE_CURVE_WITH_KNOTS('',3,(#4330,#4331,#4332,#4333,#4334,#4335,
#4336,#4337,#4338,#4339,#4340,#4341,#4342,#4343,#4344,#4345,#4346,#4347,
#4348,#4349,#4350,#4351,#4352,#4353,#4354,#4355,#4356,#4357,#4358,#4359,
#4360,#4361,#4362,#4363,#4364,#4365,#4366,#4367,#4368,#4369,#4370,#4371,
#4372,#4373,#4374,#4375),.UNSPECIFIED.,.F.,.F.,(4,3,3,3,3,3,3,3,3,3,3,3,
3,3,3,4),(-49.7565495160847,-49.2385770634799,-48.0200730430463,-46.8015690226126,
-45.9892330089901,-45.1768969953677,-44.3645609817452,-43.5522249681228,
-42.7398889545003,-41.9275529408779,-40.844438256048,-39.761323571218,-38.6782088863881,
-37.8658728727657,-37.0535368591432,-37.0052880945104),.UNSPECIFIED.);
#206=B_SPLINE_CURVE_WITH_KNOTS('',3,(#4376,#4377,#4378,#4379,#4380,#4381,
#4382,#4383,#4384,#4385,#4386,#4387,#4388,#4389,#4390,#4391,#4392,#4393,
#4394,#4395,#4396,#4397,#4398,#4399,#4400,#4401,#4402,#4403,#4404,#4405,
#4406,#4407,#4408,#4409,#4410,#4411,#4412,#4413,#4414,#4415,#4416,#4417,
#4418,#4419,#4420,#4421),.UNSPECIFIED.,.F.,.F.,(4,3,3,3,3,3,3,3,3,3,3,3,
3,3,3,4),(30.6295905684762,31.3671232727513,32.1794651507104,32.9918070286696,
33.8041489066288,34.616490784588,35.4288326625472,36.2411745405063,37.0535164184655,
37.8658582964247,38.6782001743839,39.7613226783295,40.8444451822751,41.9275676862206,
42.7399095641798,43.3809440426375),.UNSPECIFIED.);
#207=B_SPLINE_CURVE_WITH_KNOTS('',3,(#4426,#4427,#4428,#4429,#4430,#4431,
#4432,#4433,#4434,#4435,#4436,#4437,#4438,#4439,#4440,#4441,#4442,#4443,
#4444,#4445,#4446,#4447,#4448,#4449,#4450,#4451,#4452,#4453,#4454,#4455,
#4456,#4457,#4458,#4459,#4460,#4461,#4462,#4463,#4464,#4465,#4466,#4467,
#4468,#4469,#4470,#4471,#4472,#4473,#4474),.UNSPECIFIED.,.F.,.F.,(4,3,3,
3,3,3,3,3,3,3,3,3,3,3,3,3,4),(-37.0052880945104,-36.2411908737592,-35.4288442587021,
-34.6164976436451,-33.804151028588,-32.9918044135309,-32.1794577984738,
-31.3671111834167,-30.5547645683597,-29.7424179533026,-28.9300713382455,
-28.1177247231884,-27.3053781081314,-26.4930314930743,-25.6806848780172,
-24.8683382629601,-24.25386026217),.UNSPECIFIED.);
#208=B_SPLINE_CURVE_WITH_KNOTS('',3,(#4475,#4476,#4477,#4478,#4479,#4480,
#4481,#4482,#4483,#4484,#4485,#4486,#4487,#4488,#4489,#4490,#4491,#4492,
#4493,#4494,#4495,#4496,#4497,#4498,#4499,#4500,#4501,#4502,#4503,#4504,
#4505,#4506,#4507,#4508,#4509,#4510,#4511),.UNSPECIFIED.,.F.,.F.,(4,3,3,
3,3,3,3,3,3,3,3,3,4),(43.3809440426375,43.5522487881238,44.6353545115706,
45.989236665879,46.8015659584641,48.0200598973418,49.2385538362194,50.457047775097,
51.6755417139747,52.8940356528523,54.1125295917299,55.3310235306076,56.1320999637885),
 .UNSPECIFIED.);
#209=B_SPLINE_CURVE_WITH_KNOTS('',3,(#4517,#4518,#4519,#4520,#4521,#4522,
#4523),.UNSPECIFIED.,.F.,.F.,(4,3,4),(68.8833107501525,69.9530830320604,
71.1716651031865),.UNSPECIFIED.);
#210=B_SPLINE_CURVE_WITH_KNOTS('',3,(#4526,#4527,#4528,#4529,#4530,#4531,
#4532,#4533,#4534,#4535,#4536,#4537,#4538,#4539,#4540,#4541),
 .UNSPECIFIED.,.F.,.F.,(4,3,3,3,3,4),(-11.502336115143,-11.4645210380682,
-10.2459443561837,-9.0273676742993,-7.80879099241486,-7.4146694480869),
 .UNSPECIFIED.);
#211=B_SPLINE_CURVE_WITH_KNOTS('',3,(#4552,#4553,#4554,#4555,#4556,#4557,
#4558,#4559,#4560,#4561,#4562,#4563,#4564,#4565,#4566,#4567,#4568,#4569,
#4570,#4571,#4572,#4573,#4574,#4575,#4576,#4577,#4578,#4579,#4580,#4581,
#4582,#4583,#4584,#4585,#4586,#4587,#4588,#4589,#4590,#4591,#4592,#4593,
#4594,#4595,#4596,#4597),.UNSPECIFIED.,.F.,.F.,(4,3,3,3,3,3,3,3,3,3,3,3,
3,3,3,4),(-24.25386026217,-24.0559901533463,-23.243637402409,-22.4312846514716,
-21.2127555250656,-19.9942263986597,-18.7756972722537,-17.5571681458477,
-17.150991770379,-16.7448153949104,-15.9324626439731,-15.1201098930357,
-14.3077571420984,-13.4954043911611,-12.6830516402238,-11.502336115143),
 .UNSPECIFIED.);
#212=B_SPLINE_CURVE_WITH_KNOTS('',3,(#4598,#4599,#4600,#4601,#4602,#4603,
#4604,#4605,#4606,#4607,#4608,#4609,#4610,#4611,#4612,#4613,#4614,#4615,
#4616,#4617,#4618,#4619,#4620,#4621,#4622,#4623,#4624,#4625,#4626,#4627,
#4628,#4629,#4630,#4631,#4632,#4633,#4634,#4635,#4636,#4637,#4638,#4639,
#4640),.UNSPECIFIED.,.F.,.F.,(4,3,3,3,3,3,3,3,3,3,3,3,3,3,4),(56.1320999637885,
56.5495192655315,57.3618520533727,58.1741848412138,58.9865176290549,59.7988504168961,
60.6111832047372,61.4235159925784,62.6420151743401,63.8605143561018,65.0790135378635,
66.2975127196252,67.5160119013869,68.7345110831486,68.8833107501525),
 .UNSPECIFIED.);
#213=B_SPLINE_CURVE_WITH_KNOTS('',3,(#4933,#4934,#4935,#4936,#4937,#4938,
#4939,#4940,#4941,#4942,#4943,#4944,#4945,#4946,#4947,#4948,#4949,#4950,
#4951,#4952,#4953,#4954,#4955,#4956,#4957,#4958,#4959,#4960,#4961,#4962,
#4963,#4964,#4965,#4966,#4967,#4968,#4969,#4970,#4971,#4972,#4973,#4974,
#4975,#4976,#4977,#4978,#4979,#4980,#4981,#4982,#4983,#4984,#4985,#4986,
#4987,#4988,#4989,#4990,#4991,#4992,#4993,#4994,#4995,#4996,#4997,#4998,
#4999,#5000,#5001,#5002,#5003,#5004,#5005,#5006,#5007,#5008,#5009,#5010,
#5011,#5012,#5013,#5014,#5015,#5016,#5017,#5018,#5019,#5020,#5021,#5022,
#5023,#5024,#5025,#5026,#5027,#5028,#5029,#5030,#5031,#5032,#5033,#5034,
#5035,#5036,#5037,#5038,#5039,#5040,#5041,#5042,#5043,#5044,#5045,#5046,
#5047,#5048,#5049,#5050,#5051,#5052,#5053,#5054,#5055,#5056,#5057,#5058,
#5059,#5060,#5061,#5062,#5063,#5064,#5065,#5066,#5067,#5068,#5069,#5070,
#5071,#5072,#5073,#5074,#5075,#5076,#5077,#5078,#5079,#5080,#5081,#5082,
#5083,#5084,#5085,#5086,#5087,#5088,#5089),.UNSPECIFIED.,.F.,.F.,(4,3,3,
3,3,3,3,3,3,3,3,3,3,3,3,3,3,3,3,3,3,3,3,3,3,3,3,3,3,3,3,3,3,3,3,3,3,3,3,
3,3,3,3,3,3,3,3,3,3,3,3,3,4),(0.369222318393305,0.495510605885446,0.6224089850238,
0.691955700547458,0.733931336899461,0.777834372857376,0.789167365694484,
0.801040348486662,0.926767380816372,1.05315811820539,1.18443744212457,1.30963424722873,
1.43362303750173,1.50594922569191,1.542112319787,1.5639508945884,1.57827541388209,
1.70059731512499,1.82461344115235,1.95003484501671,2.07546319631288,2.20021268481188,
2.32369284916255,2.34278290916828,2.35359195708905,2.47791977286675,2.60216142153355,
2.72544173391957,2.76808347426294,2.89233204939757,3.02304446386091,3.08023114518863,
3.10572990648685,3.11731230704059,3.23985655518198,3.36319189393977,3.48665769923444,
3.60905087813229,3.73028719524996,3.83415928017713,3.853665504771,3.86643701236189,
3.87835656771685,3.93803136510431,4.05929210340822,4.18147982232012,4.30394857068747,
4.40736576374564,4.42299514310939,4.43636773459503,4.55865292785995,4.68109386997229,
4.71761734292014),.UNSPECIFIED.);
#214=B_SPLINE_CURVE_WITH_KNOTS('',3,(#5090,#5091,#5092,#5093,#5094,#5095,
#5096,#5097,#5098,#5099,#5100,#5101,#5102,#5103,#5104,#5105,#5106,#5107,
#5108,#5109,#5110,#5111,#5112,#5113,#5114,#5115,#5116,#5117,#5118,#5119,
#5120,#5121,#5122,#5123,#5124,#5125,#5126,#5127,#5128,#5129,#5130,#5131,
#5132,#5133,#5134,#5135,#5136,#5137,#5138,#5139,#5140,#5141,#5142,#5143,
#5144,#5145,#5146,#5147,#5148,#5149,#5150,#5151,#5152,#5153,#5154,#5155,
#5156,#5157,#5158,#5159,#5160,#5161,#5162,#5163,#5164,#5165,#5166,#5167,
#5168,#5169,#5170,#5171,#5172,#5173,#5174,#5175,#5176,#5177,#5178,#5179,
#5180,#5181,#5182,#5183,#5184,#5185,#5186,#5187,#5188,#5189,#5190,#5191,
#5192,#5193,#5194,#5195,#5196,#5197,#5198,#5199,#5200,#5201,#5202,#5203,
#5204,#5205,#5206,#5207,#5208,#5209,#5210,#5211,#5212,#5213,#5214,#5215,
#5216,#5217,#5218,#5219,#5220,#5221,#5222,#5223,#5224,#5225,#5226,#5227,
#5228,#5229,#5230,#5231,#5232,#5233,#5234,#5235,#5236,#5237,#5238,#5239,
#5240,#5241,#5242,#5243,#5244,#5245,#5246),.UNSPECIFIED.,.F.,.F.,(4,3,3,
3,3,3,3,3,3,3,3,3,3,3,3,3,3,3,3,3,3,3,3,3,3,3,3,3,3,3,3,3,3,3,3,3,3,3,3,
3,3,3,3,3,3,3,3,3,3,3,3,3,4),(1.20565216447195,1.33256298529058,1.45906218873406,
1.52990558007189,1.57089928218433,1.58787983637209,1.60018558448254,1.72658370199179,
1.85290066199259,1.97825279895086,2.02580931943671,2.15213731404066,2.27857242575756,
2.33752852911958,2.35716578251176,2.36947671443099,2.38221257189092,2.50684708437882,
2.63226469508921,2.75779974571187,2.88222963685666,3.00548420216557,3.11367714085775,
3.13555648425266,3.15296894186482,3.22187007954994,3.34402991003585,3.46766360876676,
3.59224530547716,3.71652630151818,3.83985234706235,3.88083331026984,3.89903345134561,
3.90989786281062,3.92136729270449,4.04479074998894,4.16815527906597,4.29041303594324,
4.39899686401947,4.52243595936087,4.65149473025583,4.66668988718817,4.67987103916953,
4.80187274387809,4.92441143525976,5.04681786565657,5.17383993087258,5.22147320532858,
5.24004879408223,5.25267555322231,5.3750831853594,5.49670189387913,5.5549061265206),
 .UNSPECIFIED.);
#215=B_SPLINE_CURVE_WITH_KNOTS('',3,(#5247,#5248,#5249,#5250,#5251,#5252,
#5253,#5254,#5255,#5256,#5257,#5258,#5259,#5260,#5261,#5262,#5263,#5264,
#5265,#5266,#5267,#5268,#5269,#5270,#5271,#5272,#5273,#5274,#5275,#5276,
#5277,#5278,#5279,#5280,#5281,#5282,#5283,#5284,#5285,#5286),
 .UNSPECIFIED.,.F.,.F.,(4,3,3,3,3,3,3,3,3,3,3,3,3,4),(8.48858311132154,
9.5076023159408,10.2710933590089,11.034584402077,11.7980754451451,12.5615664882132,
13.5795545456374,14.0885485743495,15.2337851389517,16.3790217035538,17.524258268156,
18.6694948327582,19.8147313973603,20.4731236453807),.UNSPECIFIED.);
#216=B_SPLINE_CURVE_WITH_KNOTS('',3,(#5571,#5572,#5573,#5574,#5575,#5576,
#5577,#5578,#5579,#5580,#5581,#5582,#5583,#5584,#5585,#5586,#5587,#5588,
#5589,#5590,#5591,#5592,#5593,#5594,#5595,#5596,#5597,#5598,#5599,#5600,
#5601,#5602,#5603,#5604,#5605,#5606,#5607,#5608,#5609,#5610,#5611,#5612,
#5613,#5614,#5615,#5616,#5617,#5618,#5619,#5620,#5621,#5622,#5623,#5624,
#5625,#5626,#5627,#5628,#5629,#5630,#5631,#5632,#5633,#5634,#5635,#5636,
#5637,#5638,#5639,#5640,#5641,#5642,#5643,#5644,#5645,#5646,#5647,#5648,
#5649,#5650,#5651,#5652,#5653,#5654,#5655,#5656,#5657,#5658,#5659,#5660,
#5661,#5662,#5663,#5664,#5665,#5666,#5667,#5668,#5669,#5670,#5671,#5672,
#5673,#5674,#5675,#5676,#5677,#5678,#5679,#5680,#5681,#5682,#5683,#5684,
#5685,#5686,#5687,#5688,#5689,#5690,#5691,#5692,#5693,#5694,#5695,#5696,
#5697,#5698,#5699,#5700,#5701,#5702,#5703,#5704,#5705,#5706,#5707,#5708,
#5709,#5710,#5711,#5712),.UNSPECIFIED.,.F.,.F.,(4,3,3,3,3,3,3,3,3,3,3,3,
3,3,3,3,3,3,3,3,3,3,3,3,3,3,3,3,3,3,3,3,3,3,3,3,3,3,3,3,3,3,3,3,3,3,3,4),
(0.258848206842928,0.378958520135343,0.500194166271308,0.621868243270262,
0.720937070187266,0.736785308917014,0.750882882622997,0.87239252106275,
0.994875787404405,1.1176413506008,1.23989935398534,1.36060930212485,1.41441885860629,
1.48782332264693,1.5031121093081,1.62304786372863,1.74554457382174,1.86901388949393,
1.99283569668539,2.11632282967233,2.23446469306836,2.25052114892787,2.2627071859564,
2.38714436520655,2.51182914092201,2.58889028325648,2.7123422155058,2.83675222400995,
2.9550635838226,3.00682480374063,3.02091910460985,3.03211613498565,3.15634199517445,
3.28166608247576,3.40745187098595,3.53278303213125,3.65801306732118,3.7832431025111,
3.79777348391692,3.80855770972959,3.93152306065283,4.05616389662808,4.18818248131141,
4.31497186682358,4.44158556407797,4.56715343691152,4.5842382353614,4.60216820847442),
 .UNSPECIFIED.);
#217=B_SPLINE_CURVE_WITH_KNOTS('',3,(#5713,#5714,#5715,#5716,#5717,#5718,
#5719,#5720,#5721,#5722,#5723,#5724,#5725,#5726,#5727,#5728,#5729,#5730,
#5731,#5732,#5733,#5734,#5735,#5736,#5737,#5738,#5739,#5740,#5741,#5742,
#5743,#5744,#5745,#5746,#5747,#5748,#5749,#5750,#5751,#5752,#5753,#5754,
#5755),.UNSPECIFIED.,.F.,.F.,(4,3,3,3,3,3,3,3,3,3,3,3,3,3,4),(50.7798372464721,
51.0814806325139,51.5904742003017,52.6084613358772,53.3719516875588,54.1354420392405,
54.8989323909221,55.6624227426038,56.8076582701263,57.9528937976488,59.0981293251712,
60.2433648526937,61.3886003802162,62.5338359077387,62.764366927887),
 .UNSPECIFIED.);
#218=B_SPLINE_CURVE_WITH_KNOTS('',3,(#5756,#5757,#5758,#5759,#5760,#5761,
#5762,#5763,#5764,#5765,#5766,#5767,#5768,#5769,#5770,#5771,#5772,#5773,
#5774,#5775,#5776,#5777,#5778,#5779,#5780,#5781,#5782,#5783,#5784,#5785,
#5786,#5787,#5788,#5789,#5790,#5791,#5792,#5793,#5794,#5795,#5796,#5797,
#5798,#5799,#5800,#5801,#5802,#5803,#5804,#5805,#5806,#5807,#5808,#5809,
#5810,#5811,#5812,#5813,#5814,#5815,#5816,#5817,#5818,#5819,#5820,#5821,
#5822,#5823,#5824,#5825,#5826,#5827,#5828,#5829,#5830,#5831,#5832,#5833,
#5834,#5835,#5836,#5837,#5838,#5839,#5840,#5841,#5842,#5843,#5844,#5845,
#5846,#5847,#5848,#5849,#5850,#5851,#5852,#5853,#5854,#5855,#5856,#5857,
#5858,#5859,#5860,#5861,#5862,#5863,#5864,#5865,#5866,#5867,#5868,#5869,
#5870,#5871,#5872,#5873,#5874,#5875,#5876,#5877,#5878,#5879,#5880,#5881,
#5882,#5883,#5884,#5885,#5886,#5887,#5888,#5889,#5890,#5891,#5892,#5893,
#5894,#5895,#5896,#5897),.UNSPECIFIED.,.F.,.F.,(4,3,3,3,3,3,3,3,3,3,3,3,
3,3,3,3,3,3,3,3,3,3,3,3,3,3,3,3,3,3,3,3,3,3,3,3,3,3,3,3,3,3,3,3,3,3,3,4),
(0.258848206842882,0.380439448289547,0.502258738357143,0.623625827471976,
0.7273053741841,0.742074379209475,0.753818797095772,0.876287054845988,0.998982714159156,
1.03834401432047,1.15961799185392,1.28194299509328,1.39757805899602,1.44816839945346,
1.48530555131058,1.49668913494748,1.61897459305563,1.7423342459775,1.86612597495749,
1.98946419340569,2.11115488953618,2.20702350631515,2.24422625459139,2.25622611096806,
2.37686365923539,2.5041041777266,2.62849766763904,2.75330785625706,2.87784877673759,
3.00708353434446,3.02173012190183,3.0330046258871,3.15844101687621,3.2841104237239,
3.39478780716507,3.51941357205774,3.64488767098767,3.76230649153437,3.7903298967315,
3.80794379447042,3.93300528065463,4.0592208477447,4.19047519464885,4.31686730438355,
4.44238828355113,4.56608568424405,4.5842382353613,4.6021680275004),
 .UNSPECIFIED.);
#219=LINE('',#1032,#251);
#220=LINE('',#1065,#252);
#221=LINE('',#1146,#253);
#222=LINE('',#1227,#254);
#223=LINE('',#1305,#255);
#224=LINE('',#1383,#256);
#225=LINE('',#1455,#257);
#226=LINE('',#1536,#258);
#227=LINE('',#1617,#259);
#228=LINE('',#1698,#260);
#229=LINE('',#1731,#261);
#230=LINE('',#1812,#262);
#231=LINE('',#1896,#263);
#232=LINE('',#1977,#264);
#233=LINE('',#2049,#265);
#234=LINE('',#2127,#266);
#235=LINE('',#2205,#267);
#236=LINE('',#2280,#268);
#237=LINE('',#2573,#269);
#238=LINE('',#3783,#270);
#239=LINE('',#3789,#271);
#240=LINE('',#3858,#272);
#241=LINE('',#3945,#273);
#242=LINE('',#4044,#274);
#243=LINE('',#4140,#275);
#244=LINE('',#4170,#276);
#245=LINE('',#4239,#277);
#246=LINE('',#4329,#278);
#247=LINE('',#4425,#279);
#248=LINE('',#4515,#280);
#249=LINE('',#4546,#281);
#250=LINE('',#5903,#282);
#251=VECTOR('',#882,18.76445);
#252=VECTOR('',#887,18.76445);
#253=VECTOR('',#890,18.76445);
#254=VECTOR('',#893,18.76445);
#255=VECTOR('',#896,18.76445);
#256=VECTOR('',#899,18.76445);
#257=VECTOR('',#902,18.76445);
#258=VECTOR('',#905,18.76445);
#259=VECTOR('',#908,18.76445);
#260=VECTOR('',#911,20.);
#261=VECTOR('',#916,20.);
#262=VECTOR('',#919,20.);
#263=VECTOR('',#922,20.);
#264=VECTOR('',#925,20.);
#265=VECTOR('',#928,20.);
#266=VECTOR('',#931,20.);
#267=VECTOR('',#934,20.);
#268=VECTOR('',#937,20.);
#269=VECTOR('',#948,27.5);
#270=VECTOR('',#961,17.5);
#271=VECTOR('',#968,20.);
#272=VECTOR('',#973,20.);
#273=VECTOR('',#976,20.);
#274=VECTOR('',#979,20.);
#275=VECTOR('',#982,20.);
#276=VECTOR('',#987,20.12825);
#277=VECTOR('',#992,20.12825);
#278=VECTOR('',#995,20.12825);
#279=VECTOR('',#998,20.12825);
#280=VECTOR('',#1001,20.12825);
#281=VECTOR('',#1008,27.5);
#282=VECTOR('',#1025,22.5);
#283=VERTEX_POINT('',#1030);
#284=VERTEX_POINT('',#1031);
#285=VERTEX_POINT('',#1033);
#286=VERTEX_POINT('',#1056);
#287=VERTEX_POINT('',#1063);
#288=VERTEX_POINT('',#1064);
#289=VERTEX_POINT('',#1144);
#290=VERTEX_POINT('',#1145);
#291=VERTEX_POINT('',#1225);
#292=VERTEX_POINT('',#1226);
#293=VERTEX_POINT('',#1303);
#294=VERTEX_POINT('',#1304);
#295=VERTEX_POINT('',#1381);
#296=VERTEX_POINT('',#1382);
#297=VERTEX_POINT('',#1453);
#298=VERTEX_POINT('',#1454);
#299=VERTEX_POINT('',#1534);
#300=VERTEX_POINT('',#1535);
#301=VERTEX_POINT('',#1615);
#302=VERTEX_POINT('',#1616);
#303=VERTEX_POINT('',#1696);
#304=VERTEX_POINT('',#1697);
#305=VERTEX_POINT('',#1699);
#306=VERTEX_POINT('',#1716);
#307=VERTEX_POINT('',#1729);
#308=VERTEX_POINT('',#1730);
#309=VERTEX_POINT('',#1810);
#310=VERTEX_POINT('',#1811);
#311=VERTEX_POINT('',#1894);
#312=VERTEX_POINT('',#1895);
#313=VERTEX_POINT('',#1975);
#314=VERTEX_POINT('',#1976);
#315=VERTEX_POINT('',#2047);
#316=VERTEX_POINT('',#2048);
#317=VERTEX_POINT('',#2125);
#318=VERTEX_POINT('',#2126);
#319=VERTEX_POINT('',#2203);
#320=VERTEX_POINT('',#2204);
#321=VERTEX_POINT('',#2278);
#322=VERTEX_POINT('',#2279);
#323=VERTEX_POINT('',#2362);
#324=VERTEX_POINT('',#2364);
#325=VERTEX_POINT('',#2468);
#326=VERTEX_POINT('',#2571);
#327=VERTEX_POINT('',#2994);
#328=VERTEX_POINT('',#3152);
#329=VERTEX_POINT('',#3779);
#330=VERTEX_POINT('',#3782);
#331=VERTEX_POINT('',#3787);
#332=VERTEX_POINT('',#3788);
#333=VERTEX_POINT('',#3790);
#334=VERTEX_POINT('',#3816);
#335=VERTEX_POINT('',#3856);
#336=VERTEX_POINT('',#3857);
#337=VERTEX_POINT('',#3943);
#338=VERTEX_POINT('',#3944);
#339=VERTEX_POINT('',#4042);
#340=VERTEX_POINT('',#4043);
#341=VERTEX_POINT('',#4138);
#342=VERTEX_POINT('',#4139);
#343=VERTEX_POINT('',#4141);
#344=VERTEX_POINT('',#4149);
#345=VERTEX_POINT('',#4168);
#346=VERTEX_POINT('',#4169);
#347=VERTEX_POINT('',#4171);
#348=VERTEX_POINT('',#4197);
#349=VERTEX_POINT('',#4237);
#350=VERTEX_POINT('',#4238);
#351=VERTEX_POINT('',#4327);
#352=VERTEX_POINT('',#4328);
#353=VERTEX_POINT('',#4423);
#354=VERTEX_POINT('',#4424);
#355=VERTEX_POINT('',#4513);
#356=VERTEX_POINT('',#4514);
#357=VERTEX_POINT('',#4516);
#358=VERTEX_POINT('',#4524);
#359=VERTEX_POINT('',#4543);
#360=VERTEX_POINT('',#4545);
#361=VERTEX_POINT('',#4549);
#362=VERTEX_POINT('',#5899);
#363=EDGE_CURVE('',#283,#284,#219,.T.);
#364=EDGE_CURVE('',#283,#285,#147,.T.);
#365=EDGE_CURVE('',#286,#285,#131,.T.);
#366=EDGE_CURVE('',#284,#286,#148,.F.);
#367=EDGE_CURVE('',#287,#288,#220,.T.);
#368=EDGE_CURVE('',#287,#283,#149,.T.);
#369=EDGE_CURVE('',#288,#284,#150,.F.);
#370=EDGE_CURVE('',#289,#290,#221,.T.);
#371=EDGE_CURVE('',#289,#287,#151,.T.);
#372=EDGE_CURVE('',#290,#288,#152,.F.);
#373=EDGE_CURVE('',#291,#292,#222,.T.);
#374=EDGE_CURVE('',#291,#289,#153,.T.);
#375=EDGE_CURVE('',#292,#290,#154,.F.);
#376=EDGE_CURVE('',#293,#294,#223,.T.);
#377=EDGE_CURVE('',#293,#291,#155,.T.);
#378=EDGE_CURVE('',#294,#292,#156,.F.);
#379=EDGE_CURVE('',#295,#296,#224,.T.);
#380=EDGE_CURVE('',#295,#293,#157,.T.);
#381=EDGE_CURVE('',#296,#294,#158,.F.);
#382=EDGE_CURVE('',#297,#298,#225,.T.);
#383=EDGE_CURVE('',#297,#295,#159,.T.);
#384=EDGE_CURVE('',#298,#296,#160,.F.);
#385=EDGE_CURVE('',#299,#300,#226,.T.);
#386=EDGE_CURVE('',#299,#297,#161,.T.);
#387=EDGE_CURVE('',#300,#298,#162,.F.);
#388=EDGE_CURVE('',#301,#302,#227,.T.);
#389=EDGE_CURVE('',#301,#299,#163,.T.);
#390=EDGE_CURVE('',#302,#300,#164,.F.);
#391=EDGE_CURVE('',#303,#304,#228,.T.);
#392=EDGE_CURVE('',#303,#305,#165,.F.);
#393=EDGE_CURVE('',#305,#306,#132,.T.);
#394=EDGE_CURVE('',#306,#304,#166,.T.);
#395=EDGE_CURVE('',#307,#308,#229,.T.);
#396=EDGE_CURVE('',#307,#303,#167,.F.);
#397=EDGE_CURVE('',#304,#308,#168,.T.);
#398=EDGE_CURVE('',#309,#310,#230,.T.);
#399=EDGE_CURVE('',#309,#307,#169,.F.);
#400=EDGE_CURVE('',#308,#310,#170,.T.);
#401=EDGE_CURVE('',#311,#312,#231,.T.);
#402=EDGE_CURVE('',#311,#309,#171,.F.);
#403=EDGE_CURVE('',#310,#312,#172,.T.);
#404=EDGE_CURVE('',#313,#314,#232,.T.);
#405=EDGE_CURVE('',#313,#311,#173,.F.);
#406=EDGE_CURVE('',#312,#314,#174,.T.);
#407=EDGE_CURVE('',#315,#316,#233,.T.);
#408=EDGE_CURVE('',#315,#313,#175,.F.);
#409=EDGE_CURVE('',#314,#316,#176,.T.);
#410=EDGE_CURVE('',#317,#318,#234,.T.);
#411=EDGE_CURVE('',#317,#315,#177,.F.);
#412=EDGE_CURVE('',#316,#318,#178,.T.);
#413=EDGE_CURVE('',#319,#320,#235,.T.);
#414=EDGE_CURVE('',#319,#317,#179,.F.);
#415=EDGE_CURVE('',#318,#320,#180,.T.);
#416=EDGE_CURVE('',#321,#322,#236,.T.);
#417=EDGE_CURVE('',#321,#319,#181,.F.);
#418=EDGE_CURVE('',#320,#322,#182,.T.);
#419=EDGE_CURVE('',#323,#323,#133,.T.);
#420=EDGE_CURVE('',#306,#324,#183,.T.);
#421=EDGE_CURVE('',#325,#305,#184,.T.);
#422=EDGE_CURVE('',#324,#325,#134,.T.);
#423=EDGE_CURVE('',#326,#326,#135,.T.);
#424=EDGE_CURVE('',#326,#323,#237,.T.);
#425=EDGE_CURVE('',#327,#321,#185,.F.);
#426=EDGE_CURVE('',#285,#327,#186,.T.);
#427=EDGE_CURVE('',#325,#301,#187,.T.);
#428=EDGE_CURVE('',#322,#328,#188,.T.);
#429=EDGE_CURVE('',#327,#328,#136,.F.);
#430=EDGE_CURVE('',#324,#302,#189,.F.);
#431=EDGE_CURVE('',#328,#286,#190,.T.);
#432=EDGE_CURVE('',#329,#329,#137,.T.);
#433=EDGE_CURVE('',#329,#330,#238,.T.);
#434=EDGE_CURVE('',#330,#330,#138,.T.);
#435=EDGE_CURVE('',#331,#332,#239,.T.);
#436=EDGE_CURVE('',#332,#333,#191,.T.);
#437=EDGE_CURVE('',#333,#334,#139,.F.);
#438=EDGE_CURVE('',#334,#331,#192,.T.);
#439=EDGE_CURVE('',#335,#336,#240,.T.);
#440=EDGE_CURVE('',#336,#332,#193,.T.);
#441=EDGE_CURVE('',#331,#335,#194,.T.);
#442=EDGE_CURVE('',#337,#338,#241,.T.);
#443=EDGE_CURVE('',#338,#336,#195,.T.);
#444=EDGE_CURVE('',#335,#337,#196,.T.);
#445=EDGE_CURVE('',#339,#340,#242,.T.);
#446=EDGE_CURVE('',#340,#338,#197,.T.);
#447=EDGE_CURVE('',#337,#339,#198,.T.);
#448=EDGE_CURVE('',#341,#342,#243,.T.);
#449=EDGE_CURVE('',#341,#343,#199,.T.);
#450=EDGE_CURVE('',#344,#343,#140,.F.);
#451=EDGE_CURVE('',#344,#342,#200,.T.);
#452=EDGE_CURVE('',#345,#346,#244,.T.);
#453=EDGE_CURVE('',#346,#347,#201,.F.);
#454=EDGE_CURVE('',#348,#347,#141,.T.);
#455=EDGE_CURVE('',#345,#348,#202,.F.);
#456=EDGE_CURVE('',#349,#350,#245,.T.);
#457=EDGE_CURVE('',#350,#346,#203,.F.);
#458=EDGE_CURVE('',#349,#345,#204,.F.);
#459=EDGE_CURVE('',#351,#352,#246,.T.);
#460=EDGE_CURVE('',#352,#350,#205,.F.);
#461=EDGE_CURVE('',#351,#349,#206,.F.);
#462=EDGE_CURVE('',#353,#354,#247,.T.);
#463=EDGE_CURVE('',#354,#352,#207,.F.);
#464=EDGE_CURVE('',#353,#351,#208,.F.);
#465=EDGE_CURVE('',#355,#356,#248,.T.);
#466=EDGE_CURVE('',#357,#355,#209,.F.);
#467=EDGE_CURVE('',#358,#357,#142,.F.);
#468=EDGE_CURVE('',#358,#356,#210,.F.);
#469=EDGE_CURVE('',#359,#359,#143,.T.);
#470=EDGE_CURVE('',#359,#360,#249,.T.);
#471=EDGE_CURVE('',#360,#360,#144,.T.);
#472=EDGE_CURVE('',#361,#361,#145,.T.);
#473=EDGE_CURVE('',#356,#354,#211,.F.);
#474=EDGE_CURVE('',#355,#353,#212,.F.);
#475=EDGE_CURVE('',#347,#344,#213,.T.);
#476=EDGE_CURVE('',#333,#358,#214,.F.);
#477=EDGE_CURVE('',#342,#340,#215,.T.);
#478=EDGE_CURVE('',#343,#348,#216,.T.);
#479=EDGE_CURVE('',#339,#341,#217,.T.);
#480=EDGE_CURVE('',#357,#334,#218,.F.);
#481=EDGE_CURVE('',#362,#362,#146,.T.);
#482=EDGE_CURVE('',#362,#361,#250,.T.);
#483=ORIENTED_EDGE('',*,*,#363,.F.);
#484=ORIENTED_EDGE('',*,*,#364,.T.);
#485=ORIENTED_EDGE('',*,*,#365,.F.);
#486=ORIENTED_EDGE('',*,*,#366,.F.);
#487=ORIENTED_EDGE('',*,*,#367,.F.);
#488=ORIENTED_EDGE('',*,*,#368,.T.);
#489=ORIENTED_EDGE('',*,*,#363,.T.);
#490=ORIENTED_EDGE('',*,*,#369,.F.);
#491=ORIENTED_EDGE('',*,*,#370,.F.);
#492=ORIENTED_EDGE('',*,*,#371,.T.);
#493=ORIENTED_EDGE('',*,*,#367,.T.);
#494=ORIENTED_EDGE('',*,*,#372,.F.);
#495=ORIENTED_EDGE('',*,*,#373,.F.);
#496=ORIENTED_EDGE('',*,*,#374,.T.);
#497=ORIENTED_EDGE('',*,*,#370,.T.);
#498=ORIENTED_EDGE('',*,*,#375,.F.);
#499=ORIENTED_EDGE('',*,*,#376,.F.);
#500=ORIENTED_EDGE('',*,*,#377,.T.);
#501=ORIENTED_EDGE('',*,*,#373,.T.);
#502=ORIENTED_EDGE('',*,*,#378,.F.);
#503=ORIENTED_EDGE('',*,*,#379,.F.);
#504=ORIENTED_EDGE('',*,*,#380,.T.);
#505=ORIENTED_EDGE('',*,*,#376,.T.);
#506=ORIENTED_EDGE('',*,*,#381,.F.);
#507=ORIENTED_EDGE('',*,*,#382,.F.);
#508=ORIENTED_EDGE('',*,*,#383,.T.);
#509=ORIENTED_EDGE('',*,*,#379,.T.);
#510=ORIENTED_EDGE('',*,*,#384,.F.);
#511=ORIENTED_EDGE('',*,*,#385,.F.);
#512=ORIENTED_EDGE('',*,*,#386,.T.);
#513=ORIENTED_EDGE('',*,*,#382,.T.);
#514=ORIENTED_EDGE('',*,*,#387,.F.);
#515=ORIENTED_EDGE('',*,*,#388,.F.);
#516=ORIENTED_EDGE('',*,*,#389,.T.);
#517=ORIENTED_EDGE('',*,*,#385,.T.);
#518=ORIENTED_EDGE('',*,*,#390,.F.);
#519=ORIENTED_EDGE('',*,*,#391,.F.);
#520=ORIENTED_EDGE('',*,*,#392,.T.);
#521=ORIENTED_EDGE('',*,*,#393,.T.);
#522=ORIENTED_EDGE('',*,*,#394,.T.);
#523=ORIENTED_EDGE('',*,*,#395,.F.);
#524=ORIENTED_EDGE('',*,*,#396,.T.);
#525=ORIENTED_EDGE('',*,*,#391,.T.);
#526=ORIENTED_EDGE('',*,*,#397,.T.);
#527=ORIENTED_EDGE('',*,*,#398,.F.);
#528=ORIENTED_EDGE('',*,*,#399,.T.);
#529=ORIENTED_EDGE('',*,*,#395,.T.);
#530=ORIENTED_EDGE('',*,*,#400,.T.);
#531=ORIENTED_EDGE('',*,*,#401,.F.);
#532=ORIENTED_EDGE('',*,*,#402,.T.);
#533=ORIENTED_EDGE('',*,*,#398,.T.);
#534=ORIENTED_EDGE('',*,*,#403,.T.);
#535=ORIENTED_EDGE('',*,*,#404,.F.);
#536=ORIENTED_EDGE('',*,*,#405,.T.);
#537=ORIENTED_EDGE('',*,*,#401,.T.);
#538=ORIENTED_EDGE('',*,*,#406,.T.);
#539=ORIENTED_EDGE('',*,*,#407,.F.);
#540=ORIENTED_EDGE('',*,*,#408,.T.);
#541=ORIENTED_EDGE('',*,*,#404,.T.);
#542=ORIENTED_EDGE('',*,*,#409,.T.);
#543=ORIENTED_EDGE('',*,*,#410,.F.);
#544=ORIENTED_EDGE('',*,*,#411,.T.);
#545=ORIENTED_EDGE('',*,*,#407,.T.);
#546=ORIENTED_EDGE('',*,*,#412,.T.);
#547=ORIENTED_EDGE('',*,*,#413,.F.);
#548=ORIENTED_EDGE('',*,*,#414,.T.);
#549=ORIENTED_EDGE('',*,*,#410,.T.);
#550=ORIENTED_EDGE('',*,*,#415,.T.);
#551=ORIENTED_EDGE('',*,*,#416,.F.);
#552=ORIENTED_EDGE('',*,*,#417,.T.);
#553=ORIENTED_EDGE('',*,*,#413,.T.);
#554=ORIENTED_EDGE('',*,*,#418,.T.);
#555=ORIENTED_EDGE('',*,*,#419,.T.);
#556=ORIENTED_EDGE('',*,*,#420,.F.);
#557=ORIENTED_EDGE('',*,*,#393,.F.);
#558=ORIENTED_EDGE('',*,*,#421,.F.);
#559=ORIENTED_EDGE('',*,*,#422,.F.);
#560=ORIENTED_EDGE('',*,*,#423,.F.);
#561=ORIENTED_EDGE('',*,*,#424,.T.);
#562=ORIENTED_EDGE('',*,*,#419,.F.);
#563=ORIENTED_EDGE('',*,*,#424,.F.);
#564=ORIENTED_EDGE('',*,*,#421,.T.);
#565=ORIENTED_EDGE('',*,*,#392,.F.);
#566=ORIENTED_EDGE('',*,*,#396,.F.);
#567=ORIENTED_EDGE('',*,*,#399,.F.);
#568=ORIENTED_EDGE('',*,*,#402,.F.);
#569=ORIENTED_EDGE('',*,*,#405,.F.);
#570=ORIENTED_EDGE('',*,*,#408,.F.);
#571=ORIENTED_EDGE('',*,*,#411,.F.);
#572=ORIENTED_EDGE('',*,*,#414,.F.);
#573=ORIENTED_EDGE('',*,*,#417,.F.);
#574=ORIENTED_EDGE('',*,*,#425,.F.);
#575=ORIENTED_EDGE('',*,*,#426,.F.);
#576=ORIENTED_EDGE('',*,*,#364,.F.);
#577=ORIENTED_EDGE('',*,*,#368,.F.);
#578=ORIENTED_EDGE('',*,*,#371,.F.);
#579=ORIENTED_EDGE('',*,*,#374,.F.);
#580=ORIENTED_EDGE('',*,*,#377,.F.);
#581=ORIENTED_EDGE('',*,*,#380,.F.);
#582=ORIENTED_EDGE('',*,*,#383,.F.);
#583=ORIENTED_EDGE('',*,*,#386,.F.);
#584=ORIENTED_EDGE('',*,*,#389,.F.);
#585=ORIENTED_EDGE('',*,*,#427,.F.);
#586=ORIENTED_EDGE('',*,*,#416,.T.);
#587=ORIENTED_EDGE('',*,*,#428,.T.);
#588=ORIENTED_EDGE('',*,*,#429,.F.);
#589=ORIENTED_EDGE('',*,*,#425,.T.);
#590=ORIENTED_EDGE('',*,*,#420,.T.);
#591=ORIENTED_EDGE('',*,*,#430,.T.);
#592=ORIENTED_EDGE('',*,*,#390,.T.);
#593=ORIENTED_EDGE('',*,*,#387,.T.);
#594=ORIENTED_EDGE('',*,*,#384,.T.);
#595=ORIENTED_EDGE('',*,*,#381,.T.);
#596=ORIENTED_EDGE('',*,*,#378,.T.);
#597=ORIENTED_EDGE('',*,*,#375,.T.);
#598=ORIENTED_EDGE('',*,*,#372,.T.);
#599=ORIENTED_EDGE('',*,*,#369,.T.);
#600=ORIENTED_EDGE('',*,*,#366,.T.);
#601=ORIENTED_EDGE('',*,*,#431,.F.);
#602=ORIENTED_EDGE('',*,*,#428,.F.);
#603=ORIENTED_EDGE('',*,*,#418,.F.);
#604=ORIENTED_EDGE('',*,*,#415,.F.);
#605=ORIENTED_EDGE('',*,*,#412,.F.);
#606=ORIENTED_EDGE('',*,*,#409,.F.);
#607=ORIENTED_EDGE('',*,*,#406,.F.);
#608=ORIENTED_EDGE('',*,*,#403,.F.);
#609=ORIENTED_EDGE('',*,*,#400,.F.);
#610=ORIENTED_EDGE('',*,*,#397,.F.);
#611=ORIENTED_EDGE('',*,*,#394,.F.);
#612=ORIENTED_EDGE('',*,*,#388,.T.);
#613=ORIENTED_EDGE('',*,*,#430,.F.);
#614=ORIENTED_EDGE('',*,*,#422,.T.);
#615=ORIENTED_EDGE('',*,*,#427,.T.);
#616=ORIENTED_EDGE('',*,*,#431,.T.);
#617=ORIENTED_EDGE('',*,*,#365,.T.);
#618=ORIENTED_EDGE('',*,*,#426,.T.);
#619=ORIENTED_EDGE('',*,*,#429,.T.);
#620=ORIENTED_EDGE('',*,*,#432,.T.);
#621=ORIENTED_EDGE('',*,*,#432,.F.);
#622=ORIENTED_EDGE('',*,*,#433,.T.);
#623=ORIENTED_EDGE('',*,*,#434,.T.);
#624=ORIENTED_EDGE('',*,*,#433,.F.);
#625=ORIENTED_EDGE('',*,*,#423,.T.);
#626=ORIENTED_EDGE('',*,*,#434,.F.);
#627=ORIENTED_EDGE('',*,*,#435,.T.);
#628=ORIENTED_EDGE('',*,*,#436,.T.);
#629=ORIENTED_EDGE('',*,*,#437,.T.);
#630=ORIENTED_EDGE('',*,*,#438,.T.);
#631=ORIENTED_EDGE('',*,*,#439,.T.);
#632=ORIENTED_EDGE('',*,*,#440,.T.);
#633=ORIENTED_EDGE('',*,*,#435,.F.);
#634=ORIENTED_EDGE('',*,*,#441,.T.);
#635=ORIENTED_EDGE('',*,*,#442,.T.);
#636=ORIENTED_EDGE('',*,*,#443,.T.);
#637=ORIENTED_EDGE('',*,*,#439,.F.);
#638=ORIENTED_EDGE('',*,*,#444,.T.);
#639=ORIENTED_EDGE('',*,*,#445,.T.);
#640=ORIENTED_EDGE('',*,*,#446,.T.);
#641=ORIENTED_EDGE('',*,*,#442,.F.);
#642=ORIENTED_EDGE('',*,*,#447,.T.);
#643=ORIENTED_EDGE('',*,*,#448,.F.);
#644=ORIENTED_EDGE('',*,*,#449,.T.);
#645=ORIENTED_EDGE('',*,*,#450,.F.);
#646=ORIENTED_EDGE('',*,*,#451,.T.);
#647=ORIENTED_EDGE('',*,*,#452,.T.);
#648=ORIENTED_EDGE('',*,*,#453,.T.);
#649=ORIENTED_EDGE('',*,*,#454,.F.);
#650=ORIENTED_EDGE('',*,*,#455,.F.);
#651=ORIENTED_EDGE('',*,*,#456,.T.);
#652=ORIENTED_EDGE('',*,*,#457,.T.);
#653=ORIENTED_EDGE('',*,*,#452,.F.);
#654=ORIENTED_EDGE('',*,*,#458,.F.);
#655=ORIENTED_EDGE('',*,*,#459,.T.);
#656=ORIENTED_EDGE('',*,*,#460,.T.);
#657=ORIENTED_EDGE('',*,*,#456,.F.);
#658=ORIENTED_EDGE('',*,*,#461,.F.);
#659=ORIENTED_EDGE('',*,*,#462,.T.);
#660=ORIENTED_EDGE('',*,*,#463,.T.);
#661=ORIENTED_EDGE('',*,*,#459,.F.);
#662=ORIENTED_EDGE('',*,*,#464,.F.);
#663=ORIENTED_EDGE('',*,*,#465,.F.);
#664=ORIENTED_EDGE('',*,*,#466,.F.);
#665=ORIENTED_EDGE('',*,*,#467,.F.);
#666=ORIENTED_EDGE('',*,*,#468,.T.);
#667=ORIENTED_EDGE('',*,*,#469,.F.);
#668=ORIENTED_EDGE('',*,*,#470,.T.);
#669=ORIENTED_EDGE('',*,*,#471,.T.);
#670=ORIENTED_EDGE('',*,*,#470,.F.);
#671=ORIENTED_EDGE('',*,*,#469,.T.);
#672=ORIENTED_EDGE('',*,*,#472,.F.);
#673=ORIENTED_EDGE('',*,*,#465,.T.);
#674=ORIENTED_EDGE('',*,*,#473,.T.);
#675=ORIENTED_EDGE('',*,*,#462,.F.);
#676=ORIENTED_EDGE('',*,*,#474,.F.);
#677=ORIENTED_EDGE('',*,*,#475,.F.);
#678=ORIENTED_EDGE('',*,*,#453,.F.);
#679=ORIENTED_EDGE('',*,*,#457,.F.);
#680=ORIENTED_EDGE('',*,*,#460,.F.);
#681=ORIENTED_EDGE('',*,*,#463,.F.);
#682=ORIENTED_EDGE('',*,*,#473,.F.);
#683=ORIENTED_EDGE('',*,*,#468,.F.);
#684=ORIENTED_EDGE('',*,*,#476,.F.);
#685=ORIENTED_EDGE('',*,*,#436,.F.);
#686=ORIENTED_EDGE('',*,*,#440,.F.);
#687=ORIENTED_EDGE('',*,*,#443,.F.);
#688=ORIENTED_EDGE('',*,*,#446,.F.);
#689=ORIENTED_EDGE('',*,*,#477,.F.);
#690=ORIENTED_EDGE('',*,*,#451,.F.);
#691=ORIENTED_EDGE('',*,*,#478,.F.);
#692=ORIENTED_EDGE('',*,*,#449,.F.);
#693=ORIENTED_EDGE('',*,*,#479,.F.);
#694=ORIENTED_EDGE('',*,*,#447,.F.);
#695=ORIENTED_EDGE('',*,*,#444,.F.);
#696=ORIENTED_EDGE('',*,*,#441,.F.);
#697=ORIENTED_EDGE('',*,*,#438,.F.);
#698=ORIENTED_EDGE('',*,*,#480,.F.);
#699=ORIENTED_EDGE('',*,*,#466,.T.);
#700=ORIENTED_EDGE('',*,*,#474,.T.);
#701=ORIENTED_EDGE('',*,*,#464,.T.);
#702=ORIENTED_EDGE('',*,*,#461,.T.);
#703=ORIENTED_EDGE('',*,*,#458,.T.);
#704=ORIENTED_EDGE('',*,*,#455,.T.);
#705=ORIENTED_EDGE('',*,*,#481,.T.);
#706=ORIENTED_EDGE('',*,*,#478,.T.);
#707=ORIENTED_EDGE('',*,*,#454,.T.);
#708=ORIENTED_EDGE('',*,*,#475,.T.);
#709=ORIENTED_EDGE('',*,*,#450,.T.);
#710=ORIENTED_EDGE('',*,*,#448,.T.);
#711=ORIENTED_EDGE('',*,*,#477,.T.);
#712=ORIENTED_EDGE('',*,*,#445,.F.);
#713=ORIENTED_EDGE('',*,*,#479,.T.);
#714=ORIENTED_EDGE('',*,*,#481,.F.);
#715=ORIENTED_EDGE('',*,*,#482,.T.);
#716=ORIENTED_EDGE('',*,*,#472,.T.);
#717=ORIENTED_EDGE('',*,*,#482,.F.);
#718=ORIENTED_EDGE('',*,*,#471,.F.);
#719=ORIENTED_EDGE('',*,*,#480,.T.);
#720=ORIENTED_EDGE('',*,*,#437,.F.);
#721=ORIENTED_EDGE('',*,*,#476,.T.);
#722=ORIENTED_EDGE('',*,*,#467,.T.);
#723=CYLINDRICAL_SURFACE('',#820,18.76445);
#724=CYLINDRICAL_SURFACE('',#822,18.76445);
#725=CYLINDRICAL_SURFACE('',#823,18.76445);
#726=CYLINDRICAL_SURFACE('',#824,18.76445);
#727=CYLINDRICAL_SURFACE('',#825,18.76445);
#728=CYLINDRICAL_SURFACE('',#826,18.76445);
#729=CYLINDRICAL_SURFACE('',#827,18.76445);
#730=CYLINDRICAL_SURFACE('',#828,18.76445);
#731=CYLINDRICAL_SURFACE('',#829,18.76445);
#732=CYLINDRICAL_SURFACE('',#830,19.611);
#733=CYLINDRICAL_SURFACE('',#832,19.611);
#734=CYLINDRICAL_SURFACE('',#833,19.611);
#735=CYLINDRICAL_SURFACE('',#834,19.611);
#736=CYLINDRICAL_SURFACE('',#835,19.611);
#737=CYLINDRICAL_SURFACE('',#836,19.611);
#738=CYLINDRICAL_SURFACE('',#837,19.611);
#739=CYLINDRICAL_SURFACE('',#838,19.611);
#740=CYLINDRICAL_SURFACE('',#839,19.611);
#741=CYLINDRICAL_SURFACE('',#843,27.5);
#742=CYLINDRICAL_SURFACE('',#845,19.611);
#743=CYLINDRICAL_SURFACE('',#847,18.76445);
#744=CYLINDRICAL_SURFACE('',#850,17.5);
#745=CYLINDRICAL_SURFACE('',#853,19.0112);
#746=CYLINDRICAL_SURFACE('',#855,19.0112);
#747=CYLINDRICAL_SURFACE('',#856,19.0112);
#748=CYLINDRICAL_SURFACE('',#857,19.0112);
#749=CYLINDRICAL_SURFACE('',#858,19.0112);
#750=CYLINDRICAL_SURFACE('',#860,20.22825);
#751=CYLINDRICAL_SURFACE('',#862,20.22825);
#752=CYLINDRICAL_SURFACE('',#863,20.22825);
#753=CYLINDRICAL_SURFACE('',#864,20.22825);
#754=CYLINDRICAL_SURFACE('',#865,20.22825);
#755=CYLINDRICAL_SURFACE('',#867,27.5);
#756=CYLINDRICAL_SURFACE('',#872,20.22825);
#757=CYLINDRICAL_SURFACE('',#875,19.0112);
#758=CYLINDRICAL_SURFACE('',#876,22.5);
#759=ADVANCED_FACE('',(#33),#723,.T.);
#760=ADVANCED_FACE('',(#34),#724,.T.);
#761=ADVANCED_FACE('',(#35),#725,.T.);
#762=ADVANCED_FACE('',(#36),#726,.T.);
#763=ADVANCED_FACE('',(#37),#727,.T.);
#764=ADVANCED_FACE('',(#38),#728,.T.);
#765=ADVANCED_FACE('',(#39),#729,.T.);
#766=ADVANCED_FACE('',(#40),#730,.T.);
#767=ADVANCED_FACE('',(#41),#731,.T.);
#768=ADVANCED_FACE('',(#42),#732,.T.);
#769=ADVANCED_FACE('',(#43),#733,.T.);
#770=ADVANCED_FACE('',(#44),#734,.T.);
#771=ADVANCED_FACE('',(#45),#735,.T.);
#772=ADVANCED_FACE('',(#46),#736,.T.);
#773=ADVANCED_FACE('',(#47),#737,.T.);
#774=ADVANCED_FACE('',(#48),#738,.T.);
#775=ADVANCED_FACE('',(#49),#739,.T.);
#776=ADVANCED_FACE('',(#50),#740,.T.);
#777=ADVANCED_FACE('',(#51,#21),#27,.T.);
#778=ADVANCED_FACE('',(#52),#741,.T.);
#779=ADVANCED_FACE('',(#53),#17,.F.);
#780=ADVANCED_FACE('',(#54),#742,.T.);
#781=ADVANCED_FACE('',(#55),#18,.F.);
#782=ADVANCED_FACE('',(#56),#743,.T.);
#783=ADVANCED_FACE('',(#57,#22),#28,.T.);
#784=ADVANCED_FACE('',(#58),#744,.F.);
#785=ADVANCED_FACE('',(#59,#23),#29,.F.);
#786=ADVANCED_FACE('',(#60),#745,.F.);
#787=ADVANCED_FACE('',(#61),#746,.F.);
#788=ADVANCED_FACE('',(#62),#747,.F.);
#789=ADVANCED_FACE('',(#63),#748,.F.);
#790=ADVANCED_FACE('',(#64),#749,.F.);
#791=ADVANCED_FACE('',(#65),#750,.F.);
#792=ADVANCED_FACE('',(#66),#751,.F.);
#793=ADVANCED_FACE('',(#67),#752,.F.);
#794=ADVANCED_FACE('',(#68),#753,.F.);
#795=ADVANCED_FACE('',(#69),#754,.F.);
#796=ADVANCED_FACE('',(#70),#755,.T.);
#797=ADVANCED_FACE('',(#71,#24),#30,.T.);
#798=ADVANCED_FACE('',(#72),#756,.F.);
#799=ADVANCED_FACE('',(#73),#19,.F.);
#800=ADVANCED_FACE('',(#74),#20,.F.);
#801=ADVANCED_FACE('',(#75,#25),#31,.T.);
#802=ADVANCED_FACE('',(#76),#757,.F.);
#803=ADVANCED_FACE('',(#77),#758,.T.);
#804=ADVANCED_FACE('',(#78,#26),#32,.F.);
#805=CLOSED_SHELL('',(#759,#760,#761,#762,#763,#764,#765,#766,#767,#768,
#769,#770,#771,#772,#773,#774,#775,#776,#777,#778,#779,#780,#781,#782,#783,
#784,#785));
#806=CLOSED_SHELL('',(#786,#787,#788,#789,#790,#791,#792,#793,#794,#795,
#796,#797,#798,#799,#800,#801,#802,#803,#804));
#807=DERIVED_UNIT_ELEMENT(#809,1.);
#808=DERIVED_UNIT_ELEMENT(#5910,-3.);
#809=(
MASS_UNIT()
NAMED_UNIT(*)
SI_UNIT(.KILO.,.GRAM.)
);
#810=DERIVED_UNIT((#807,#808));
#811=MEASURE_REPRESENTATION_ITEM('density measure',
POSITIVE_RATIO_MEASURE(7850.),#810);
#812=PROPERTY_DEFINITION_REPRESENTATION(#817,#814);
#813=PROPERTY_DEFINITION_REPRESENTATION(#818,#815);
#814=REPRESENTATION('material name',(#816),#5907);
#815=REPRESENTATION('density',(#811),#5907);
#816=DESCRIPTIVE_REPRESENTATION_ITEM('Steel','Steel');
#817=PROPERTY_DEFINITION('material property','material name',#5917);
#818=PROPERTY_DEFINITION('material property','density of part',#5917);
#819=AXIS2_PLACEMENT_3D('',#1028,#878,#879);
#820=AXIS2_PLACEMENT_3D('',#1029,#880,#881);
#821=AXIS2_PLACEMENT_3D('',#1057,#883,#884);
#822=AXIS2_PLACEMENT_3D('',#1062,#885,#886);
#823=AXIS2_PLACEMENT_3D('',#1143,#888,#889);
#824=AXIS2_PLACEMENT_3D('',#1224,#891,#892);
#825=AXIS2_PLACEMENT_3D('',#1302,#894,#895);
#826=AXIS2_PLACEMENT_3D('',#1380,#897,#898);
#827=AXIS2_PLACEMENT_3D('',#1452,#900,#901);
#828=AXIS2_PLACEMENT_3D('',#1533,#903,#904);
#829=AXIS2_PLACEMENT_3D('',#1614,#906,#907);
#830=AXIS2_PLACEMENT_3D('',#1695,#909,#910);
#831=AXIS2_PLACEMENT_3D('',#1717,#912,#913);
#832=AXIS2_PLACEMENT_3D('',#1728,#914,#915);
#833=AXIS2_PLACEMENT_3D('',#1809,#917,#918);
#834=AXIS2_PLACEMENT_3D('',#1893,#920,#921);
#835=AXIS2_PLACEMENT_3D('',#1974,#923,#924);
#836=AXIS2_PLACEMENT_3D('',#2046,#926,#927);
#837=AXIS2_PLACEMENT_3D('',#2124,#929,#930);
#838=AXIS2_PLACEMENT_3D('',#2202,#932,#933);
#839=AXIS2_PLACEMENT_3D('',#2277,#935,#936);
#840=AXIS2_PLACEMENT_3D('',#2361,#938,#939);
#841=AXIS2_PLACEMENT_3D('',#2363,#940,#941);
#842=AXIS2_PLACEMENT_3D('',#2569,#942,#943);
#843=AXIS2_PLACEMENT_3D('',#2570,#944,#945);
#844=AXIS2_PLACEMENT_3D('',#2572,#946,#947);
#845=AXIS2_PLACEMENT_3D('',#3151,#949,#950);
#846=AXIS2_PLACEMENT_3D('',#3187,#951,#952);
#847=AXIS2_PLACEMENT_3D('',#3777,#953,#954);
#848=AXIS2_PLACEMENT_3D('',#3778,#955,#956);
#849=AXIS2_PLACEMENT_3D('',#3780,#957,#958);
#850=AXIS2_PLACEMENT_3D('',#3781,#959,#960);
#851=AXIS2_PLACEMENT_3D('',#3784,#962,#963);
#852=AXIS2_PLACEMENT_3D('',#3785,#964,#965);
#853=AXIS2_PLACEMENT_3D('',#3786,#966,#967);
#854=AXIS2_PLACEMENT_3D('',#3817,#969,#970);
#855=AXIS2_PLACEMENT_3D('',#3855,#971,#972);
#856=AXIS2_PLACEMENT_3D('',#3942,#974,#975);
#857=AXIS2_PLACEMENT_3D('',#4041,#977,#978);
#858=AXIS2_PLACEMENT_3D('',#4137,#980,#981);
#859=AXIS2_PLACEMENT_3D('',#4150,#983,#984);
#860=AXIS2_PLACEMENT_3D('',#4167,#985,#986);
#861=AXIS2_PLACEMENT_3D('',#4198,#988,#989);
#862=AXIS2_PLACEMENT_3D('',#4236,#990,#991);
#863=AXIS2_PLACEMENT_3D('',#4326,#993,#994);
#864=AXIS2_PLACEMENT_3D('',#4422,#996,#997);
#865=AXIS2_PLACEMENT_3D('',#4512,#999,#1000);
#866=AXIS2_PLACEMENT_3D('',#4525,#1002,#1003);
#867=AXIS2_PLACEMENT_3D('',#4542,#1004,#1005);
#868=AXIS2_PLACEMENT_3D('',#4544,#1006,#1007);
#869=AXIS2_PLACEMENT_3D('',#4547,#1009,#1010);
#870=AXIS2_PLACEMENT_3D('',#4548,#1011,#1012);
#871=AXIS2_PLACEMENT_3D('',#4550,#1013,#1014);
#872=AXIS2_PLACEMENT_3D('',#4551,#1015,#1016);
#873=AXIS2_PLACEMENT_3D('',#5898,#1017,#1018);
#874=AXIS2_PLACEMENT_3D('',#5900,#1019,#1020);
#875=AXIS2_PLACEMENT_3D('',#5901,#1021,#1022);
#876=AXIS2_PLACEMENT_3D('',#5902,#1023,#1024);
#877=AXIS2_PLACEMENT_3D('',#5904,#1026,#1027);
#878=DIRECTION('axis',(0.,0.,1.));
#879=DIRECTION('refdir',(1.,0.,0.));
#880=DIRECTION('center_axis',(0.,1.,0.));
#881=DIRECTION('ref_axis',(1.,0.,-4.92671970265754E-14));
#882=DIRECTION('',(0.,1.,0.));
#883=DIRECTION('center_axis',(0.,1.,0.));
#884=DIRECTION('ref_axis',(1.,0.,-4.92671970265754E-14));
#885=DIRECTION('center_axis',(0.,1.,0.));
#886=DIRECTION('ref_axis',(1.,0.,-4.92671970265754E-14));
#887=DIRECTION('',(0.,1.,0.));
#888=DIRECTION('center_axis',(0.,1.,0.));
#889=DIRECTION('ref_axis',(1.,0.,-4.92671970265754E-14));
#890=DIRECTION('',(0.,1.,0.));
#891=DIRECTION('center_axis',(0.,1.,0.));
#892=DIRECTION('ref_axis',(1.,0.,-4.92671970265754E-14));
#893=DIRECTION('',(0.,1.,0.));
#894=DIRECTION('center_axis',(0.,1.,0.));
#895=DIRECTION('ref_axis',(1.,0.,-4.92671970265754E-14));
#896=DIRECTION('',(0.,1.,0.));
#897=DIRECTION('center_axis',(0.,1.,0.));
#898=DIRECTION('ref_axis',(1.,0.,-4.92671970265754E-14));
#899=DIRECTION('',(0.,1.,0.));
#900=DIRECTION('center_axis',(0.,1.,0.));
#901=DIRECTION('ref_axis',(1.,0.,-4.92671970265754E-14));
#902=DIRECTION('',(0.,1.,0.));
#903=DIRECTION('center_axis',(0.,1.,0.));
#904=DIRECTION('ref_axis',(1.,0.,-4.92671970265754E-14));
#905=DIRECTION('',(0.,1.,0.));
#906=DIRECTION('center_axis',(0.,1.,0.));
#907=DIRECTION('ref_axis',(1.,0.,-4.92671970265754E-14));
#908=DIRECTION('',(0.,1.,0.));
#909=DIRECTION('center_axis',(0.,1.,0.));
#910=DIRECTION('ref_axis',(-0.609018759750173,0.,-0.793155817145888));
#911=DIRECTION('',(0.,-1.,0.));
#912=DIRECTION('center_axis',(0.,1.,0.));
#913=DIRECTION('ref_axis',(1.,0.,0.));
#914=DIRECTION('center_axis',(0.,1.,0.));
#915=DIRECTION('ref_axis',(1.,0.,0.));
#916=DIRECTION('',(0.,-1.,0.));
#917=DIRECTION('center_axis',(0.,1.,0.));
#918=DIRECTION('ref_axis',(1.,0.,0.));
#919=DIRECTION('',(0.,-1.,0.));
#920=DIRECTION('center_axis',(0.,1.,0.));
#921=DIRECTION('ref_axis',(1.,0.,0.));
#922=DIRECTION('',(0.,-1.,0.));
#923=DIRECTION('center_axis',(0.,1.,0.));
#924=DIRECTION('ref_axis',(1.,0.,0.));
#925=DIRECTION('',(0.,-1.,0.));
#926=DIRECTION('center_axis',(0.,1.,0.));
#927=DIRECTION('ref_axis',(1.,0.,0.));
#928=DIRECTION('',(0.,-1.,0.));
#929=DIRECTION('center_axis',(0.,1.,0.));
#930=DIRECTION('ref_axis',(1.,0.,0.));
#931=DIRECTION('',(0.,-1.,0.));
#932=DIRECTION('center_axis',(0.,1.,0.));
#933=DIRECTION('ref_axis',(1.,0.,0.));
#934=DIRECTION('',(0.,-1.,0.));
#935=DIRECTION('center_axis',(0.,1.,0.));
#936=DIRECTION('ref_axis',(1.,0.,0.));
#937=DIRECTION('',(0.,-1.,0.));
#938=DIRECTION('center_axis',(0.,1.,0.));
#939=DIRECTION('ref_axis',(1.,0.,0.));
#940=DIRECTION('center_axis',(0.,1.,0.));
#941=DIRECTION('ref_axis',(1.,0.,0.));
#942=DIRECTION('center_axis',(0.,1.,0.));
#943=DIRECTION('ref_axis',(1.,0.,-4.92671970265754E-14));
#944=DIRECTION('center_axis',(0.,-1.,0.));
#945=DIRECTION('ref_axis',(1.,0.,0.));
#946=DIRECTION('center_axis',(0.,-1.,0.));
#947=DIRECTION('ref_axis',(1.,0.,0.));
#948=DIRECTION('',(0.,1.,0.));
#949=DIRECTION('center_axis',(0.,1.,0.));
#950=DIRECTION('ref_axis',(1.,0.,0.));
#951=DIRECTION('center_axis',(0.,-1.,0.));
#952=DIRECTION('ref_axis',(1.,0.,0.));
#953=DIRECTION('center_axis',(0.,1.,0.));
#954=DIRECTION('ref_axis',(1.,0.,-4.92671970265754E-14));
#955=DIRECTION('center_axis',(0.,1.,0.));
#956=DIRECTION('ref_axis',(1.,0.,0.));
#957=DIRECTION('center_axis',(0.,-1.,0.));
#958=DIRECTION('ref_axis',(1.,0.,0.));
#959=DIRECTION('center_axis',(0.,1.,0.));
#960=DIRECTION('ref_axis',(1.,0.,0.));
#961=DIRECTION('',(0.,-1.,0.));
#962=DIRECTION('center_axis',(0.,-1.,0.));
#963=DIRECTION('ref_axis',(1.,0.,0.));
#964=DIRECTION('center_axis',(0.,1.,0.));
#965=DIRECTION('ref_axis',(1.,0.,0.));
#966=DIRECTION('center_axis',(0.,1.,0.));
#967=DIRECTION('ref_axis',(0.857712082772656,0.,-0.514130317201575));
#968=DIRECTION('',(0.,-1.,0.));
#969=DIRECTION('center_axis',(0.,1.,0.));
#970=DIRECTION('ref_axis',(1.,0.,0.));
#971=DIRECTION('center_axis',(0.,1.,0.));
#972=DIRECTION('ref_axis',(1.,0.,0.));
#973=DIRECTION('',(0.,-1.,0.));
#974=DIRECTION('center_axis',(0.,1.,0.));
#975=DIRECTION('ref_axis',(1.,0.,0.));
#976=DIRECTION('',(0.,-1.,0.));
#977=DIRECTION('center_axis',(0.,1.,0.));
#978=DIRECTION('ref_axis',(1.,0.,0.));
#979=DIRECTION('',(0.,-1.,0.));
#980=DIRECTION('center_axis',(0.,1.,0.));
#981=DIRECTION('ref_axis',(1.,0.,0.));
#982=DIRECTION('',(0.,-1.,0.));
#983=DIRECTION('center_axis',(0.,1.,0.));
#984=DIRECTION('ref_axis',(1.,0.,0.));
#985=DIRECTION('center_axis',(0.,1.,0.));
#986=DIRECTION('ref_axis',(0.845243736854825,0.,0.534380973938717));
#987=DIRECTION('',(1.22464679914735E-16,1.,-4.95072334809479E-31));
#988=DIRECTION('center_axis',(0.,-1.,0.));
#989=DIRECTION('ref_axis',(1.,0.,-3.92010771854471E-15));
#990=DIRECTION('center_axis',(0.,1.,0.));
#991=DIRECTION('ref_axis',(1.,0.,-3.92010771854471E-15));
#992=DIRECTION('',(1.22464679914735E-16,1.,-4.95072334809479E-31));
#993=DIRECTION('center_axis',(0.,1.,0.));
#994=DIRECTION('ref_axis',(1.,0.,-3.92010771854471E-15));
#995=DIRECTION('',(1.22464679914735E-16,1.,-4.95072334809479E-31));
#996=DIRECTION('center_axis',(0.,1.,0.));
#997=DIRECTION('ref_axis',(1.,0.,-3.92010771854471E-15));
#998=DIRECTION('',(1.22464679914735E-16,1.,-4.95072334809479E-31));
#999=DIRECTION('center_axis',(0.,1.,0.));
#1000=DIRECTION('ref_axis',(-0.534390164714327,0.,-0.845237926182086));
#1001=DIRECTION('',(1.22464679914735E-16,1.,-4.95072334809479E-31));
#1002=DIRECTION('center_axis',(0.,-1.,0.));
#1003=DIRECTION('ref_axis',(1.,0.,-3.92010771854471E-15));
#1004=DIRECTION('center_axis',(0.,1.,0.));
#1005=DIRECTION('ref_axis',(1.,0.,0.));
#1006=DIRECTION('center_axis',(0.,1.,0.));
#1007=DIRECTION('ref_axis',(1.,0.,0.));
#1008=DIRECTION('',(0.,-1.,0.));
#1009=DIRECTION('center_axis',(0.,1.,0.));
#1010=DIRECTION('ref_axis',(1.,0.,0.));
#1011=DIRECTION('center_axis',(0.,1.,0.));
#1012=DIRECTION('ref_axis',(1.,0.,0.));
#1013=DIRECTION('center_axis',(0.,1.,0.));
#1014=DIRECTION('ref_axis',(1.,0.,0.));
#1015=DIRECTION('center_axis',(0.,1.,0.));
#1016=DIRECTION('ref_axis',(1.,0.,-3.92010771854471E-15));
#1017=DIRECTION('center_axis',(0.,1.,0.));
#1018=DIRECTION('ref_axis',(1.,0.,0.));
#1019=DIRECTION('center_axis',(0.,1.,0.));
#1020=DIRECTION('ref_axis',(1.,0.,0.));
#1021=DIRECTION('center_axis',(0.,1.,0.));
#1022=DIRECTION('ref_axis',(1.,0.,0.));
#1023=DIRECTION('center_axis',(0.,1.,0.));
#1024=DIRECTION('ref_axis',(1.,0.,0.));
#1025=DIRECTION('',(0.,-1.,0.));
#1026=DIRECTION('center_axis',(0.,1.,0.));
#1027=DIRECTION('ref_axis',(1.,0.,0.));
#1028=CARTESIAN_POINT('',(0.,0.,0.));
#1029=CARTESIAN_POINT('Origin',(0.,-5.69715091629657,0.));
#1030=CARTESIAN_POINT('',(-18.7627908813293,17.0718841887146,-0.000304077139010187));
#1031=CARTESIAN_POINT('',(-18.7616223623639,17.9281158111579,-0.000485506851234567));
#1032=CARTESIAN_POINT('',(-18.76445,-5.69715091629657,9.26769837608349E-13));
#1033=CARTESIAN_POINT('',(18.2879906865675,18.,4.20166400971322));
#1034=CARTESIAN_POINT('Ctrl Pts',(-18.7627908813293,17.0718841887146,-0.000304077139010187));
#1035=CARTESIAN_POINT('Ctrl Pts',(-18.7618521564192,17.103966922486,1.89143237924246));
#1036=CARTESIAN_POINT('Ctrl Pts',(-18.477978050118,17.1360496562574,3.78344962728384));
#1037=CARTESIAN_POINT('Ctrl Pts',(-17.9149514991702,17.1681323900288,5.58837014140573));
#1038=CARTESIAN_POINT('Ctrl Pts',(-16.9492876624246,17.2231584553801,8.68404381035391));
#1039=CARTESIAN_POINT('Ctrl Pts',(-15.162449013488,17.2781845207314,11.5235074926428));
#1040=CARTESIAN_POINT('Ctrl Pts',(-12.7893364343556,17.3332105860827,13.7334746886932));
#1041=CARTESIAN_POINT('Ctrl Pts',(-10.4162238552234,17.388236651434,15.9434418847436));
#1042=CARTESIAN_POINT('Ctrl Pts',(-7.45683734589541,17.4432627167853,17.5239125945555));
#1043=CARTESIAN_POINT('Ctrl Pts',(-4.30034517698022,17.4982887821366,18.266995686181));
#1044=CARTESIAN_POINT('Ctrl Pts',(-1.14385300806504,17.5533148474879,19.0100787778065));
#1045=CARTESIAN_POINT('Ctrl Pts',(2.20974482043738,17.6083409128392,18.9157742512457));
#1046=CARTESIAN_POINT('Ctrl Pts',(5.31952512862657,17.6633669781905,17.9965906118387));
#1047=CARTESIAN_POINT('Ctrl Pts',(8.42930543681585,17.7183930435418,17.0774069724317));
#1048=CARTESIAN_POINT('Ctrl Pts',(11.2952682246919,17.7734191088931,15.3333442201786));
#1049=CARTESIAN_POINT('Ctrl Pts',(13.5405016097326,17.8284451742444,12.9935375995815));
#1050=CARTESIAN_POINT('Ctrl Pts',(15.7857349947732,17.8834712395957,10.6537309789845));
#1051=CARTESIAN_POINT('Ctrl Pts',(17.4102389769786,17.9384973049471,7.71818049004364));
#1052=CARTESIAN_POINT('Ctrl Pts',(18.200526964956,17.9935233702984,4.57324801011934));
#1053=CARTESIAN_POINT('Ctrl Pts',(18.231532892923,17.9956822468656,4.4498606482749));
#1054=CARTESIAN_POINT('Ctrl Pts',(18.2612547257039,17.9978411234328,4.32615098811861));
#1055=CARTESIAN_POINT('Ctrl Pts',(18.2896927981669,18.,4.20214562200621));
#1056=CARTESIAN_POINT('',(-18.2879906865675,18.,4.20166400971354));
#1057=CARTESIAN_POINT('Origin',(0.,18.,0.));
#1058=CARTESIAN_POINT('Ctrl Pts',(-18.2879906865652,17.9999999999987,4.20166400971281));
#1059=CARTESIAN_POINT('Ctrl Pts',(-18.6042791235444,17.9760386037177,2.82499991273332));
#1060=CARTESIAN_POINT('Ctrl Pts',(-18.76180086329,17.9520772074368,1.41223266744768));
#1061=CARTESIAN_POINT('Ctrl Pts',(-18.7616067719843,17.9281158111559,-0.000488183726913303));
#1062=CARTESIAN_POINT('Origin',(0.,-5.69715091629657,0.));
#1063=CARTESIAN_POINT('',(-18.758162647279,15.0718841887634,0.00067285260620964));
#1064=CARTESIAN_POINT('',(-18.7627193801437,15.9281158112403,0.000200032057663588));
#1065=CARTESIAN_POINT('',(-18.76445,-5.69715091629657,9.26769837608349E-13));
#1066=CARTESIAN_POINT('Ctrl Pts',(-18.758162647279,15.0718841887634,0.00067285260620964));
#1067=CARTESIAN_POINT('Ctrl Pts',(-18.7568809306799,15.1103208049695,2.2684078524438));
#1068=CARTESIAN_POINT('Ctrl Pts',(-18.3536352002933,15.1487574211756,4.5362288306852));
#1069=CARTESIAN_POINT('Ctrl Pts',(-17.551556773982,15.1871940373817,6.65271210124504));
#1070=CARTESIAN_POINT('Ctrl Pts',(-16.0205437536049,15.2605621245168,10.6926704623487));
#1071=CARTESIAN_POINT('Ctrl Pts',(-13.0363659912558,15.3339302116519,14.1812231258233));
#1072=CARTESIAN_POINT('Ctrl Pts',(-9.28002479285095,15.407298298787,16.3172722363178));
#1073=CARTESIAN_POINT('Ctrl Pts',(-5.52368359444596,15.480666385922,18.4533213468123));
#1074=CARTESIAN_POINT('Ctrl Pts',(-0.995178959985208,15.5540344730571,19.2368669043268));
#1075=CARTESIAN_POINT('Ctrl Pts',(3.258694343947,15.6274025601922,18.4863102557977));
#1076=CARTESIAN_POINT('Ctrl Pts',(7.51256764787917,15.7007706473273,17.7357536072686));
#1077=CARTESIAN_POINT('Ctrl Pts',(11.4918096212828,15.7741387344623,15.4510947526959));
#1078=CARTESIAN_POINT('Ctrl Pts',(14.2958391158752,15.8475068215974,12.161701862148));
#1079=CARTESIAN_POINT('Ctrl Pts',(16.3988612368195,15.9025328869487,9.69465719423701));
#1080=CARTESIAN_POINT('Ctrl Pts',(17.8408263384326,15.9575589523,6.66244963108999));
#1081=CARTESIAN_POINT('Ctrl Pts',(18.4405065175683,16.0125850176513,3.47459460956235));
#1082=CARTESIAN_POINT('Ctrl Pts',(19.0401866967039,16.0676110830026,0.286739588034806));
#1083=CARTESIAN_POINT('Ctrl Pts',(18.7975819533623,16.1226371483539,-3.05676289187333));
#1084=CARTESIAN_POINT('Ctrl Pts',(17.7401955740266,16.1776632137053,-6.12152401705693));
#1085=CARTESIAN_POINT('Ctrl Pts',(16.6828091946908,16.2326892790566,-9.18628514224052));
#1086=CARTESIAN_POINT('Ctrl Pts',(14.810641179361,16.2877153444079,-11.9723049126996));
#1087=CARTESIAN_POINT('Ctrl Pts',(12.3721619687735,16.3427414097592,-14.1105488680727));
#1088=CARTESIAN_POINT('Ctrl Pts',(9.93368275818579,16.3977674751105,-16.248792823446));
#1089=CARTESIAN_POINT('Ctrl Pts',(6.92889235234031,16.4527935404618,-17.7392609637333));
#1090=CARTESIAN_POINT('Ctrl Pts',(3.75170494286073,16.5078196058131,-18.3873609948544));
#1091=CARTESIAN_POINT('Ctrl Pts',(0.574517533381153,16.5628456711644,-19.0354610259754));
#1092=CARTESIAN_POINT('Ctrl Pts',(-2.77506687973249,16.6178717365157,-18.8411929479302));
#1093=CARTESIAN_POINT('Ctrl Pts',(-5.85599956282201,16.672897801867,-17.8293848756321));
#1094=CARTESIAN_POINT('Ctrl Pts',(-8.93693224591144,16.7279238672183,-16.8175768033339));
#1095=CARTESIAN_POINT('Ctrl Pts',(-11.7492131989767,16.7829499325696,-14.9882287367829));
#1096=CARTESIAN_POINT('Ctrl Pts',(-13.9233702143399,16.8379759979209,-12.5822530649283));
#1097=CARTESIAN_POINT('Ctrl Pts',(-16.0975272297031,16.8930020632722,-10.1762773930738));
#1098=CARTESIAN_POINT('Ctrl Pts',(-17.6335603073641,16.9480281286235,-7.19367411591567));
#1099=CARTESIAN_POINT('Ctrl Pts',(-18.3293323339173,17.0030541939748,-4.02643064953301));
#1100=CARTESIAN_POINT('Ctrl Pts',(-18.6194371816349,17.0259975255548,-2.70583618980562));
#1101=CARTESIAN_POINT('Ctrl Pts',(-18.763462191855,17.0489408571347,-1.35314193347112));
#1102=CARTESIAN_POINT('Ctrl Pts',(-18.7627908813293,17.0718841887146,-0.000304077139010187));
#1103=CARTESIAN_POINT('Ctrl Pts',(-18.7616067719866,17.9281158111572,-0.000488183726912643));
#1104=CARTESIAN_POINT('Ctrl Pts',(-18.7613551429868,17.8970511420856,-1.83200522963658));
#1105=CARTESIAN_POINT('Ctrl Pts',(-18.4960189078837,17.8659864730139,-3.66344429754891));
#1106=CARTESIAN_POINT('Ctrl Pts',(-17.9678879388825,17.8349218039423,-5.41603433762336));
#1107=CARTESIAN_POINT('Ctrl Pts',(-17.0323888628111,17.7798957385898,-8.52046573713472));
#1108=CARTESIAN_POINT('Ctrl Pts',(-15.2723338659838,17.7248696732372,-11.3774970773482));
#1109=CARTESIAN_POINT('Ctrl Pts',(-12.9203975278325,17.6698436078846,-13.6102634007512));
#1110=CARTESIAN_POINT('Ctrl Pts',(-10.5684611896813,17.6148175425321,-15.8430297241542));
#1111=CARTESIAN_POINT('Ctrl Pts',(-7.6246435102061,17.5597914771795,-17.4515310307466));
#1112=CARTESIAN_POINT('Ctrl Pts',(-4.47548693107854,17.5047654118269,-18.2248122994676));
#1113=CARTESIAN_POINT('Ctrl Pts',(-1.32633035195098,17.4497393464744,-18.9980935681885));
#1114=CARTESIAN_POINT('Ctrl Pts',(2.02816512682895,17.3947132811218,-18.9361547990378));
#1115=CARTESIAN_POINT('Ctrl Pts',(5.14664700177936,17.3396872157693,-18.0468621249146));
#1116=CARTESIAN_POINT('Ctrl Pts',(8.26512887672978,17.2846611504167,-17.1575694507914));
#1117=CARTESIAN_POINT('Ctrl Pts',(11.1475971478507,17.2296350850641,-15.4409228716957));
#1118=CARTESIAN_POINT('Ctrl Pts',(13.4151743169837,17.1746090197116,-13.1227935852393));
#1119=CARTESIAN_POINT('Ctrl Pts',(15.6827514861167,17.119582954359,-10.8046642987829));
#1120=CARTESIAN_POINT('Ctrl Pts',(17.3354375532618,17.0645568890065,-7.88505230496586));
#1121=CARTESIAN_POINT('Ctrl Pts',(18.155846513662,17.0095308236539,-4.74776909317889));
#1122=CARTESIAN_POINT('Ctrl Pts',(18.9762554740621,16.9545047583013,-1.61048588139191));
#1123=CARTESIAN_POINT('Ctrl Pts',(18.9643873277174,16.8994786929488,1.74446854836502));
#1124=CARTESIAN_POINT('Ctrl Pts',(18.1218455313163,16.8444526275962,4.87588079148494));
#1125=CARTESIAN_POINT('Ctrl Pts',(17.2793037349152,16.7894265622436,8.00729303460477));
#1126=CARTESIAN_POINT('Ctrl Pts',(15.6060882884577,16.7344004968911,10.9151630910876));
#1127=CARTESIAN_POINT('Ctrl Pts',(13.3221791783443,16.6793744315385,13.2172167188421));
#1128=CARTESIAN_POINT('Ctrl Pts',(11.0382700682309,16.6243483661859,15.5192703465965));
#1129=CARTESIAN_POINT('Ctrl Pts',(8.14366729446142,16.5693223008334,17.2155075456226));
#1130=CARTESIAN_POINT('Ctrl Pts',(5.01901727979235,16.5142962354808,18.0827573417975));
#1131=CARTESIAN_POINT('Ctrl Pts',(1.89436726512319,16.4592701701283,18.9500071379725));
#1132=CARTESIAN_POINT('Ctrl Pts',(-1.46032999044562,16.4042441047757,18.9882695312964));
#1133=CARTESIAN_POINT('Ctrl Pts',(-4.60401772080124,16.3492180394231,18.1927562888474));
#1134=CARTESIAN_POINT('Ctrl Pts',(-7.74770545115687,16.2941919740706,17.3972430463984));
#1135=CARTESIAN_POINT('Ctrl Pts',(-10.6803836562993,16.239165908718,15.7679541681764));
#1136=CARTESIAN_POINT('Ctrl Pts',(-13.0163377299092,16.1841398433654,13.5186609010671));
#1137=CARTESIAN_POINT('Ctrl Pts',(-15.3522918035189,16.1291137780129,11.2693676339578));
#1138=CARTESIAN_POINT('Ctrl Pts',(-17.0915217455961,16.0740877126603,8.40006997796115));
#1139=CARTESIAN_POINT('Ctrl Pts',(-18.0055187970371,16.0190616473078,5.2889501727605));
#1140=CARTESIAN_POINT('Ctrl Pts',(-18.5090633473874,15.9887463686186,3.57495402701166));
#1141=CARTESIAN_POINT('Ctrl Pts',(-18.7621338467167,15.9584310899294,1.78756020889057));
#1142=CARTESIAN_POINT('Ctrl Pts',(-18.7627193801437,15.9281158112403,0.000200032057663588));
#1143=CARTESIAN_POINT('Origin',(0.,-5.69715091629657,0.));
#1144=CARTESIAN_POINT('',(-18.759825251274,13.0718841888467,-0.000909323948999232));
#1145=CARTESIAN_POINT('',(-18.7648287773605,13.928115811286,-0.00141258666560465));
#1146=CARTESIAN_POINT('',(-18.76445,-5.69715091629657,9.26769837608349E-13));
#1147=CARTESIAN_POINT('Ctrl Pts',(-18.759825251274,13.0718841888467,-0.000909323948999232));
#1148=CARTESIAN_POINT('Ctrl Pts',(-18.7556800268077,13.116674687476,2.64109906766183));
#1149=CARTESIAN_POINT('Ctrl Pts',(-18.2039231812033,13.1614651861053,5.28448504693223));
#1150=CARTESIAN_POINT('Ctrl Pts',(-17.1229853974059,13.2062556847347,7.69043411563092));
#1151=CARTESIAN_POINT('Ctrl Pts',(-15.3523791318777,13.2796237718698,11.6314458550984));
#1152=CARTESIAN_POINT('Ctrl Pts',(-12.1619087293819,13.3529918590048,14.9353822016683));
#1153=CARTESIAN_POINT('Ctrl Pts',(-8.28540134629944,13.4263599461399,16.84296575206));
#1154=CARTESIAN_POINT('Ctrl Pts',(-4.40889396321692,13.499728033275,18.7505493024518));
#1155=CARTESIAN_POINT('Ctrl Pts',(0.153650400452386,13.5730961204101,19.2617800566652));
#1156=CARTESIAN_POINT('Ctrl Pts',(4.35710676308232,13.6464642075451,18.258194907303));
#1157=CARTESIAN_POINT('Ctrl Pts',(8.5605631257123,13.7198322946802,17.2546097579407));
#1158=CARTESIAN_POINT('Ctrl Pts',(12.4049314873029,13.7932003818153,14.7362087050027));
#1159=CARTESIAN_POINT('Ctrl Pts',(15.000850137793,13.8665684689504,11.2845680878186));
#1160=CARTESIAN_POINT('Ctrl Pts',(17.5967687882832,13.9399365560854,7.8329274706346));
#1161=CARTESIAN_POINT('Ctrl Pts',(18.944237727673,14.0133046432205,3.44804728920467));
#1162=CARTESIAN_POINT('Ctrl Pts',(18.7486405051101,14.0866727303556,-0.871340886468359));
#1163=CARTESIAN_POINT('Ctrl Pts',(18.6182423567349,14.1355847884456,-3.7509330035838));
#1164=CARTESIAN_POINT('Ctrl Pts',(17.8020370252695,14.1844968465357,-6.60141756258504));
#1165=CARTESIAN_POINT('Ctrl Pts',(16.3993651379153,14.2334089046257,-9.1202979475663));
#1166=CARTESIAN_POINT('Ctrl Pts',(14.9966932505611,14.2823209627158,-11.6391783325475));
#1167=CARTESIAN_POINT('Ctrl Pts',(13.007554807318,14.3312330208059,-13.8264545435088));
#1168=CARTESIAN_POINT('Ctrl Pts',(10.6329602080293,14.3801450788959,-15.4614012715836));
#1169=CARTESIAN_POINT('Ctrl Pts',(8.25836560874062,14.429057136986,-17.0963479996583));
#1170=CARTESIAN_POINT('Ctrl Pts',(5.49831485340624,14.477969195076,-18.1789652448466));
#1171=CARTESIAN_POINT('Ctrl Pts',(2.644244913566,14.526881253166,-18.5816214989465));
#1172=CARTESIAN_POINT('Ctrl Pts',(-1.63685999619436,14.6002493403011,-19.1856058800962));
#1173=CARTESIAN_POINT('Ctrl Pts',(-6.12950807109281,14.6736174274362,-18.259678031297));
#1174=CARTESIAN_POINT('Ctrl Pts',(-9.81185047607167,14.7469855145713,-16.0027514727019));
#1175=CARTESIAN_POINT('Ctrl Pts',(-13.4941928810506,14.8203536017064,-13.7458249141068));
#1176=CARTESIAN_POINT('Ctrl Pts',(-16.3662296161099,14.8937216888414,-10.1578996457159));
#1177=CARTESIAN_POINT('Ctrl Pts',(-17.763323844437,14.9670897759765,-6.06825498215383));
#1178=CARTESIAN_POINT('Ctrl Pts',(-18.4284980138549,15.0020212469055,-4.12112361682254));
#1179=CARTESIAN_POINT('Ctrl Pts',(-18.7593274804652,15.0369527178344,-2.06026088819701));
#1180=CARTESIAN_POINT('Ctrl Pts',(-18.758162647279,15.0718841887634,0.000672852606209639));
#1181=CARTESIAN_POINT('Ctrl Pts',(-18.7627193801437,15.9281158112403,0.000200032057663589));
#1182=CARTESIAN_POINT('Ctrl Pts',(-18.7631966639499,15.9034050245769,-1.45672459242812));
#1183=CARTESIAN_POINT('Ctrl Pts',(-18.5959150608678,15.8786942379135,-2.91362686459269));
#1184=CARTESIAN_POINT('Ctrl Pts',(-18.2597854685181,15.8539834512501,-4.33073671801005));
#1185=CARTESIAN_POINT('Ctrl Pts',(-17.5112909277534,15.7989573858975,-7.48636184917543));
#1186=CARTESIAN_POINT('Ctrl Pts',(-15.925537685419,15.7439313205449,-10.4446701571015));
#1187=CARTESIAN_POINT('Ctrl Pts',(-13.7117317871264,15.6889052551924,-12.8133024065804));
#1188=CARTESIAN_POINT('Ctrl Pts',(-11.4979258888338,15.6338791898398,-15.1819346560593));
#1189=CARTESIAN_POINT('Ctrl Pts',(-8.65606733458293,15.5788531244872,-16.9608908470909));
#1190=CARTESIAN_POINT('Ctrl Pts',(-5.55840014592145,15.5238270591347,-17.9227316174366));
#1191=CARTESIAN_POINT('Ctrl Pts',(-2.46073295726005,15.4688009937821,-18.8845723877822));
#1192=CARTESIAN_POINT('Ctrl Pts',(0.892742865811935,15.4137749284296,-19.0292977374418));
#1193=CARTESIAN_POINT('Ctrl Pts',(4.05736999346627,15.358748863077,-18.3251971382118));
#1194=CARTESIAN_POINT('Ctrl Pts',(8.27687283033873,15.2853807759403,-17.3863963392384));
#1195=CARTESIAN_POINT('Ctrl Pts',(12.1606446531353,15.2120126888035,-14.938571631128));
#1196=CARTESIAN_POINT('Ctrl Pts',(14.8135003110737,15.1386446016668,-11.5306161100282));
#1197=CARTESIAN_POINT('Ctrl Pts',(17.4663559690121,15.06527651453,-8.12266058892839));
#1198=CARTESIAN_POINT('Ctrl Pts',(18.8882954620922,14.9919084273933,-3.7545742548392));
#1199=CARTESIAN_POINT('Ctrl Pts',(18.7615577057707,14.9185403402565,0.565617786913901));
#1200=CARTESIAN_POINT('Ctrl Pts',(18.6665043885296,14.8635142749039,3.80576181822863));
#1201=CARTESIAN_POINT('Ctrl Pts',(17.7003201185001,14.8084882095514,7.01896531010433));
#1202=CARTESIAN_POINT('Ctrl Pts',(16.0099948380297,14.7534621441988,9.78747123299769));
#1203=CARTESIAN_POINT('Ctrl Pts',(15.4465530778729,14.7351201224146,10.7103065406288));
#1204=CARTESIAN_POINT('Ctrl Pts',(14.8026512054449,14.7167781006304,11.5837310072619));
#1205=CARTESIAN_POINT('Ctrl Pts',(14.0881558583755,14.6984360788462,12.395077503555));
#1206=CARTESIAN_POINT('Ctrl Pts',(12.6591651642369,14.6617520352779,14.0177704961411));
#1207=CARTESIAN_POINT('Ctrl Pts',(10.947800571533,14.6250679917095,15.3921516073672));
#1208=CARTESIAN_POINT('Ctrl Pts',(9.0539274339783,14.5883839481411,16.4359871512271));
#1209=CARTESIAN_POINT('Ctrl Pts',(7.16005429642364,14.5516999045728,17.4798226950869));
#1210=CARTESIAN_POINT('Ctrl Pts',(5.08367261401807,14.5150158610044,18.1931126715807));
#1211=CARTESIAN_POINT('Ctrl Pts',(2.94806853430861,14.478331817436,18.5320900641087));
#1212=CARTESIAN_POINT('Ctrl Pts',(0.100596428029289,14.4294197593448,18.9840599208127));
#1213=CARTESIAN_POINT('Ctrl Pts',(-2.85215994012371,14.3805077012537,18.7705851837997));
#1214=CARTESIAN_POINT('Ctrl Pts',(-5.60333241898018,14.3315956431625,17.9100424850466));
#1215=CARTESIAN_POINT('Ctrl Pts',(-8.35450489783658,14.2826835850713,17.0494997862934));
#1216=CARTESIAN_POINT('Ctrl Pts',(-10.9040934873963,14.2337715269802,15.5418891258));
#1217=CARTESIAN_POINT('Ctrl Pts',(-12.9852706158462,14.184859468889,13.5470943063373));
#1218=CARTESIAN_POINT('Ctrl Pts',(-15.0664477442961,14.1359474107978,11.5522994868745));
#1219=CARTESIAN_POINT('Ctrl Pts',(-16.6792134116361,14.0870353527067,9.07032050844226));
#1220=CARTESIAN_POINT('Ctrl Pts',(-17.6559855903234,14.0381232946155,6.35760174319574));
#1221=CARTESIAN_POINT('Ctrl Pts',(-18.388267522135,14.0014541335057,4.32388806745834));
#1222=CARTESIAN_POINT('Ctrl Pts',(-18.7630933280468,13.9647849723959,2.1604885509738));
#1223=CARTESIAN_POINT('Ctrl Pts',(-18.7648287773605,13.928115811286,-0.00141258666560465));
#1224=CARTESIAN_POINT('Origin',(0.,-5.69715091629657,0.));
#1225=CARTESIAN_POINT('',(-18.7623611797274,11.0718841888976,-0.00274760986144055));
#1226=CARTESIAN_POINT('',(-18.7622053932253,11.9281158112573,-0.00111807289708582));
#1227=CARTESIAN_POINT('',(-18.76445,-5.69715091629657,9.26769837608349E-13));
#1228=CARTESIAN_POINT('Ctrl Pts',(-18.7623611797274,11.0718841888976,-0.00274760986144055));
#1229=CARTESIAN_POINT('Ctrl Pts',(-18.7546277714733,11.123028569961,3.0130051778851));
#1230=CARTESIAN_POINT('Ctrl Pts',(-18.028096418987,11.1741729510243,6.03219346655734));
#1231=CARTESIAN_POINT('Ctrl Pts',(-16.6319648752578,11.2253173320876,8.70091624421375));
#1232=CARTESIAN_POINT('Ctrl Pts',(-14.6291739797047,11.2986854192227,12.5292759040554));
#1233=CARTESIAN_POINT('Ctrl Pts',(-11.2484310286906,11.3720535063578,15.6364221031062));
#1234=CARTESIAN_POINT('Ctrl Pts',(-7.2634669167653,11.4454215934929,17.3086275714747));
#1235=CARTESIAN_POINT('Ctrl Pts',(-3.27850280484006,11.518789680628,18.9808330398431));
#1236=CARTESIAN_POINT('Ctrl Pts',(1.31068246799622,11.592157767763,19.2180977775293));
#1237=CARTESIAN_POINT('Ctrl Pts',(5.44400983868056,11.6655258548981,17.9646907973224));
#1238=CARTESIAN_POINT('Ctrl Pts',(9.57733720936495,11.7388939420332,16.7112838171155));
#1239=CARTESIAN_POINT('Ctrl Pts',(13.2548066778973,11.8122620291682,13.9672051190155));
#1240=CARTESIAN_POINT('Ctrl Pts',(15.646526510011,11.8856301163033,10.3663092557432));
#1241=CARTESIAN_POINT('Ctrl Pts',(17.2410063980867,11.9345421743934,7.96571201356161));
#1242=CARTESIAN_POINT('Ctrl Pts',(18.2640420033098,11.9834542324834,5.18430714241449));
#1243=CARTESIAN_POINT('Ctrl Pts',(18.6199860576834,12.0323662905735,2.32279660432795));
#1244=CARTESIAN_POINT('Ctrl Pts',(18.975930112057,12.0812783486635,-0.538713933758484));
#1245=CARTESIAN_POINT('Ctrl Pts',(18.6647826155813,12.1301904067536,-3.48033013878437));
#1246=CARTESIAN_POINT('Ctrl Pts',(17.7123405167769,12.1791024648436,-6.20107319649457));
#1247=CARTESIAN_POINT('Ctrl Pts',(16.7598984179724,12.2280145229337,-8.92181625420486));
#1248=CARTESIAN_POINT('Ctrl Pts',(15.166161716839,12.2769265810237,-11.4216861645995));
#1249=CARTESIAN_POINT('Ctrl Pts',(13.1027136245924,12.3258386391138,-13.4340440913016));
#1250=CARTESIAN_POINT('Ctrl Pts',(11.5551275554074,12.3625226826813,-14.9433125363281));
#1251=CARTESIAN_POINT('Ctrl Pts',(9.7433288287213,12.3992067262489,-16.1783554905275));
#1252=CARTESIAN_POINT('Ctrl Pts',(7.77522342681916,12.4358907698164,-17.0757196309397));
#1253=CARTESIAN_POINT('Ctrl Pts',(5.80711802491711,12.4725748133839,-17.9730837713519));
#1254=CARTESIAN_POINT('Ctrl Pts',(3.68270594779911,12.5092588569515,-18.5327690979768));
#1255=CARTESIAN_POINT('Ctrl Pts',(1.52803279284646,12.545942900519,-18.706806970115));
#1256=CARTESIAN_POINT('Ctrl Pts',(-2.78131351705908,12.6193109876541,-19.0548827143912));
#1257=CARTESIAN_POINT('Ctrl Pts',(-7.21170413830337,12.6926790747892,-17.8603686407201));
#1258=CARTESIAN_POINT('Ctrl Pts',(-10.7523963090102,12.7660471619242,-15.3865944908041));
#1259=CARTESIAN_POINT('Ctrl Pts',(-14.2930884797169,12.8394152490593,-12.9128203408881));
#1260=CARTESIAN_POINT('Ctrl Pts',(-16.9440821998863,12.9127833361944,-9.15978611472724));
#1261=CARTESIAN_POINT('Ctrl Pts',(-18.0942079956905,12.9861514233295,-4.99422543546431));
#1262=CARTESIAN_POINT('Ctrl Pts',(-18.5421932574817,13.0147290118352,-3.37169875341421));
#1263=CARTESIAN_POINT('Ctrl Pts',(-18.7624700202024,13.0433066003409,-1.68658443261338));
#1264=CARTESIAN_POINT('Ctrl Pts',(-18.759825251274,13.0718841888467,-0.000909323948999232));
#1265=CARTESIAN_POINT('Ctrl Pts',(-18.7648287773605,13.928115811286,-0.00141258666560465));
#1266=CARTESIAN_POINT('Ctrl Pts',(-18.7654081995921,13.9158729143047,-0.723216197953448));
#1267=CARTESIAN_POINT('Ctrl Pts',(-18.7243984315562,13.9036300173233,-1.44485278170551));
#1268=CARTESIAN_POINT('Ctrl Pts',(-18.6412176029697,13.891387120342,-2.16143996152337));
#1269=CARTESIAN_POINT('Ctrl Pts',(-18.3088987468938,13.8424750622508,-5.02430434893496));
#1270=CARTESIAN_POINT('Ctrl Pts',(-17.3034823447073,13.7935630041597,-7.80657457169744));
#1271=CARTESIAN_POINT('Ctrl Pts',(-15.7330558556739,13.7446509460685,-10.2251622261447));
#1272=CARTESIAN_POINT('Ctrl Pts',(-14.1626293666404,13.6957388879773,-12.643749880592));
#1273=CARTESIAN_POINT('Ctrl Pts',(-12.02719279076,13.6468268298862,-14.698654966724));
#1274=CARTESIAN_POINT('Ctrl Pts',(-9.5440503060082,13.597914771795,-16.16129587778));
#1275=CARTESIAN_POINT('Ctrl Pts',(-5.81933657888054,13.5245466846583,-18.355257244364));
#1276=CARTESIAN_POINT('Ctrl Pts',(-1.31228455679242,13.4511785975215,-19.216624217027));
#1277=CARTESIAN_POINT('Ctrl Pts',(2.95324297951208,13.3778105103847,-18.5377708839236));
#1278=CARTESIAN_POINT('Ctrl Pts',(7.21877051581653,13.304442423248,-17.8589175508203));
#1279=CARTESIAN_POINT('Ctrl Pts',(11.2427735663373,13.2310743361113,-15.6398439119506));
#1280=CARTESIAN_POINT('Ctrl Pts',(14.096577600287,13.1577062489745,-12.3946453047683));
#1281=CARTESIAN_POINT('Ctrl Pts',(16.9503816342366,13.0843381618378,-9.14944669758597));
#1282=CARTESIAN_POINT('Ctrl Pts',(18.633986651615,13.010970074701,-4.87812312209094));
#1283=CARTESIAN_POINT('Ctrl Pts',(18.76228566226,12.9376019875642,-0.559603294070122));
#1284=CARTESIAN_POINT('Ctrl Pts',(18.890584672905,12.8642339004275,3.75891653395067));
#1285=CARTESIAN_POINT('Ctrl Pts',(17.4635776768166,12.7908658132907,8.12463261449722));
#1286=CARTESIAN_POINT('Ctrl Pts',(14.8092330869717,12.717497726154,11.5336456272774));
#1287=CARTESIAN_POINT('Ctrl Pts',(12.1548884971268,12.6441296390173,14.9426586400575));
#1288=CARTESIAN_POINT('Ctrl Pts',(8.27320631352528,12.5707615518805,17.3949685850713));
#1289=CARTESIAN_POINT('Ctrl Pts',(4.0537097290129,12.4973934647438,18.3278494999307));
#1290=CARTESIAN_POINT('Ctrl Pts',(-0.165786855499612,12.424025377607,19.2607304147902));
#1291=CARTESIAN_POINT('Ctrl Pts',(-4.72309784092297,12.3506572904702,18.6741822994953));
#1292=CARTESIAN_POINT('Ctrl Pts',(-8.56622924678723,12.2772892033335,16.702725601691));
#1293=CARTESIAN_POINT('Ctrl Pts',(-12.4093606526514,12.2039211161967,14.7312689038868));
#1294=CARTESIAN_POINT('Ctrl Pts',(-15.5383124789566,12.13055302906,11.374903623573));
#1295=CARTESIAN_POINT('Ctrl Pts',(-17.2472145876017,12.0571849419233,7.40361790945424));
#1296=CARTESIAN_POINT('Ctrl Pts',(-18.1016656419243,12.0205008983549,5.41797505239486));
#1297=CARTESIAN_POINT('Ctrl Pts',(-18.601104266832,11.9838168547865,3.27860208688422));
#1298=CARTESIAN_POINT('Ctrl Pts',(-18.7290994074499,11.9471328112181,1.11936459233937));
#1299=CARTESIAN_POINT('Ctrl Pts',(-18.7512169581827,11.9407938112312,0.746248514657727));
#1300=CARTESIAN_POINT('Ctrl Pts',(-18.7622432754996,11.9344548112442,0.372539285830545));
#1301=CARTESIAN_POINT('Ctrl Pts',(-18.7622053932253,11.9281158112573,-0.00111807289708582));
#1302=CARTESIAN_POINT('Origin',(0.,-5.69715091629657,0.));
#1303=CARTESIAN_POINT('',(-18.7648685488078,9.07188418887484,0.00043831646429577));
#1304=CARTESIAN_POINT('',(-18.7607687983702,9.92811581119719,-0.0026360054329231));
#1305=CARTESIAN_POINT('',(-18.76445,-5.69715091629657,9.26769837608349E-13));
#1306=CARTESIAN_POINT('Ctrl Pts',(-18.7648685488078,9.07188418887484,0.00043831646429577));
#1307=CARTESIAN_POINT('Ctrl Pts',(-18.765436779439,9.08047039430672,0.506320232754912));
#1308=CARTESIAN_POINT('Ctrl Pts',(-18.7454572911279,9.08905659973859,1.01218531069513));
#1309=CARTESIAN_POINT('Ctrl Pts',(-18.704657603567,9.09764280517047,1.51640948764133));
#1310=CARTESIAN_POINT('Ctrl Pts',(-18.4722386725419,9.14655486326052,4.38876590036421));
#1311=CARTESIAN_POINT('Ctrl Pts',(-17.5641815270646,9.19546692135056,7.20787328293229));
#1312=CARTESIAN_POINT('Ctrl Pts',(-16.0769008511754,9.24437897944061,9.67853547367081));
#1313=CARTESIAN_POINT('Ctrl Pts',(-14.5896201752863,9.29329103753066,12.1491976644094));
#1314=CARTESIAN_POINT('Ctrl Pts',(-12.5231159689853,9.34220309562072,14.2714146633184));
#1315=CARTESIAN_POINT('Ctrl Pts',(-10.0932659482628,9.39111515371077,15.8211195937782));
#1316=CARTESIAN_POINT('Ctrl Pts',(-7.66341592754035,9.44002721180082,17.370824524238));
#1317=CARTESIAN_POINT('Ctrl Pts',(-4.87022009239631,9.48893926989086,18.3480173862487));
#1318=CARTESIAN_POINT('Ctrl Pts',(-2.00299855476655,9.53785132798091,18.6572048446065));
#1319=CARTESIAN_POINT('Ctrl Pts',(0.864222982863299,9.58676338607096,18.9663923029643));
#1320=CARTESIAN_POINT('Ctrl Pts',(3.80547022297892,9.63567544416102,18.6075743576691));
#1321=CARTESIAN_POINT('Ctrl Pts',(6.50727661917692,9.68458750225107,17.6049901122499));
#1322=CARTESIAN_POINT('Ctrl Pts',(10.5599862134739,9.75795558938615,16.101113744121));
#1323=CARTESIAN_POINT('Ctrl Pts',(14.0739539089564,9.83132367652121,13.1487632007129));
#1324=CARTESIAN_POINT('Ctrl Pts',(16.2408197579605,9.90469176365629,9.41216896490853));
#1325=CARTESIAN_POINT('Ctrl Pts',(18.4076856069645,9.97805985079136,5.67557472910417));
#1326=CARTESIAN_POINT('Ctrl Pts',(19.2274496094901,10.0514279379264,1.15473680090351));
#1327=CARTESIAN_POINT('Ctrl Pts',(18.5123660887667,10.1247960250615,-3.10679258912677));
#1328=CARTESIAN_POINT('Ctrl Pts',(17.7972825680433,10.1981641121966,-7.36832197915709));
#1329=CARTESIAN_POINT('Ctrl Pts',(15.547351524071,10.2715321993317,-11.370542831017));
#1330=CARTESIAN_POINT('Ctrl Pts',(12.2793094676566,10.3449002864667,-14.1967133375313));
#1331=CARTESIAN_POINT('Ctrl Pts',(9.01126741124223,10.4182683736018,-17.0228838440456));
#1332=CARTESIAN_POINT('Ctrl Pts',(4.72511434238575,10.4916364607369,-18.6730040052144));
#1333=CARTESIAN_POINT('Ctrl Pts',(0.405573586397732,10.565004547872,-18.7665650151336));
#1334=CARTESIAN_POINT('Ctrl Pts',(-3.91396716959028,10.638372635007,-18.8601260250528));
#1335=CARTESIAN_POINT('Ctrl Pts',(-8.26689561270982,10.7117407221421,-17.3971278837226));
#1336=CARTESIAN_POINT('Ctrl Pts',(-11.6541280667972,10.7851088092772,-14.7143721321409));
#1337=CARTESIAN_POINT('Ctrl Pts',(-15.0413605208845,10.8584768964123,-12.0316163805592));
#1338=CARTESIAN_POINT('Ctrl Pts',(-17.4628969859397,10.9318449835473,-8.12910301872595));
#1339=CARTESIAN_POINT('Ctrl Pts',(-18.3612457984213,11.0052130706824,-3.90305977749317));
#1340=CARTESIAN_POINT('Ctrl Pts',(-18.6333619287182,11.0274367767542,-2.62296176067154));
#1341=CARTESIAN_POINT('Ctrl Pts',(-18.7657215682666,11.0496604828259,-1.31317902278433));
#1342=CARTESIAN_POINT('Ctrl Pts',(-18.7623611797274,11.0718841888976,-0.00274760986144055));
#1343=CARTESIAN_POINT('Ctrl Pts',(-18.7622053932253,11.9281158112573,-0.00111807289708582));
#1344=CARTESIAN_POINT('Ctrl Pts',(-18.7620240492802,11.8977707676759,-1.78983062352968));
#1345=CARTESIAN_POINT('Ctrl Pts',(-18.5082983005783,11.8674257240944,-3.57735453205494));
#1346=CARTESIAN_POINT('Ctrl Pts',(-18.003993719549,11.837080680513,-5.29293187759298));
#1347=CARTESIAN_POINT('Ctrl Pts',(-17.1911237397528,11.7881686224218,-8.05820781333763));
#1348=CARTESIAN_POINT('Ctrl Pts',(-15.727224175645,11.7392565643307,-10.6365591770457));
#1349=CARTESIAN_POINT('Ctrl Pts',(-13.7685892502607,11.6903445062395,-12.751465354083));
#1350=CARTESIAN_POINT('Ctrl Pts',(-11.8099543248766,11.6414324481483,-14.8663715311202));
#1351=CARTESIAN_POINT('Ctrl Pts',(-9.35658403821607,11.5925203900572,-16.5178325214867));
#1352=CARTESIAN_POINT('Ctrl Pts',(-6.6608996346516,11.543608331966,-17.5423644330625));
#1353=CARTESIAN_POINT('Ctrl Pts',(-3.96521523108707,11.4946962738748,-18.5668963446384));
#1354=CARTESIAN_POINT('Ctrl Pts',(-1.02721671061855,11.4457842157837,-18.9644991774237));
#1355=CARTESIAN_POINT('Ctrl Pts',(1.84013317227827,11.3968721576925,-18.678685514637));
#1356=CARTESIAN_POINT('Ctrl Pts',(6.14115799662349,11.3235040705557,-18.249965020457));
#1357=CARTESIAN_POINT('Ctrl Pts',(10.2832233864324,11.250135983419,-16.2835574112402));
#1358=CARTESIAN_POINT('Ctrl Pts',(13.3277873407844,11.1767678962823,-13.2170109202269));
#1359=CARTESIAN_POINT('Ctrl Pts',(14.8500693179603,11.1400838527139,-11.6837376747203));
#1360=CARTESIAN_POINT('Ctrl Pts',(16.0979759362721,11.1033998091455,-9.8754297087645));
#1361=CARTESIAN_POINT('Ctrl Pts',(17.0108757973967,11.0667157655771,-7.91279878323739));
#1362=CARTESIAN_POINT('Ctrl Pts',(17.9237756585213,11.0300317220088,-5.95016785771025));
#1363=CARTESIAN_POINT('Ctrl Pts',(18.5016687624587,10.9933476784404,-3.83321397261184));
#1364=CARTESIAN_POINT('Ctrl Pts',(18.6937737304399,10.956663634872,-1.68148651734455));
#1365=CARTESIAN_POINT('Ctrl Pts',(19.0779836664023,10.8832955477352,2.62196839318999));
#1366=CARTESIAN_POINT('Ctrl Pts',(17.91904105854,10.8099274605985,7.06451758439982));
#1367=CARTESIAN_POINT('Ctrl Pts',(15.4740233418379,10.7365593734618,10.6263228563));
#1368=CARTESIAN_POINT('Ctrl Pts',(13.0290056251358,10.663191286325,14.1881281282001));
#1369=CARTESIAN_POINT('Ctrl Pts',(9.29791279959393,10.5898231991883,16.8691894807907));
#1370=CARTESIAN_POINT('Ctrl Pts',(5.14230831104977,10.5164551120515,18.0530338846191));
#1371=CARTESIAN_POINT('Ctrl Pts',(0.986703822505622,10.4430870249148,19.2368782884475));
#1372=CARTESIAN_POINT('Ctrl Pts',(-3.59341232904078,10.369718937778,18.9235057435138));
#1373=CARTESIAN_POINT('Ctrl Pts',(-7.54905550098719,10.2963508506413,17.1854780687136));
#1374=CARTESIAN_POINT('Ctrl Pts',(-11.5046986729336,10.2229827635045,15.4474503939134));
#1375=CARTESIAN_POINT('Ctrl Pts',(-14.83586886528,10.1496146763677,12.2847675892466));
#1376=CARTESIAN_POINT('Ctrl Pts',(-16.7749560241747,10.076246589231,8.42342023453644));
#1377=CARTESIAN_POINT('Ctrl Pts',(-18.0799670570465,10.0268696632197,5.82472276158776));
#1378=CARTESIAN_POINT('Ctrl Pts',(-18.7544581198384,9.97749273720846,2.90957724595522));
#1379=CARTESIAN_POINT('Ctrl Pts',(-18.7607687983702,9.92811581119719,-0.0026360054329231));
#1380=CARTESIAN_POINT('Origin',(0.,-5.69715091629657,0.));
#1381=CARTESIAN_POINT('',(-18.7648626330622,7.07188418881289,-0.000411102744585555));
#1382=CARTESIAN_POINT('',(-18.7638889714384,7.92811581115775,-0.00298565222727301));
#1383=CARTESIAN_POINT('',(-18.76445,-5.69715091629657,9.26769837608349E-13));
#1384=CARTESIAN_POINT('Ctrl Pts',(-18.7648626330622,7.07188418881289,-0.000411102744585555));
#1385=CARTESIAN_POINT('Ctrl Pts',(-18.7536028686633,7.13573633480646,3.76285629232143));
#1386=CARTESIAN_POINT('Ctrl Pts',(-17.6018607423733,7.19958848080002,7.52690750524412));
#1387=CARTESIAN_POINT('Ctrl Pts',(-15.4745849792264,7.26344062679358,10.6257443125028));
#1388=CARTESIAN_POINT('Ctrl Pts',(-13.0302794492817,7.33680871392865,14.1864034783712));
#1389=CARTESIAN_POINT('Ctrl Pts',(-9.2980042222856,7.41017680106373,16.8687987236865));
#1390=CARTESIAN_POINT('Ctrl Pts',(-5.14189124762766,7.48354488819881,18.0529756155251));
#1391=CARTESIAN_POINT('Ctrl Pts',(-0.985778272969763,7.55691297533388,19.2371525073637));
#1392=CARTESIAN_POINT('Ctrl Pts',(3.59417244934998,7.63028106246896,18.9231110457256));
#1393=CARTESIAN_POINT('Ctrl Pts',(7.54963489774362,7.70364914960403,17.1850354063226));
#1394=CARTESIAN_POINT('Ctrl Pts',(11.5050973461373,7.77701723673911,15.4469597669195));
#1395=CARTESIAN_POINT('Ctrl Pts',(14.8360715206049,7.85038532387418,12.2848499497514));
#1396=CARTESIAN_POINT('Ctrl Pts',(16.7750211352345,7.92375341100926,8.42362442139507));
#1397=CARTESIAN_POINT('Ctrl Pts',(18.7139707498641,7.99712149814433,4.56239889303875));
#1398=CARTESIAN_POINT('Ctrl Pts',(19.2608958046556,8.07048958527941,0.00205765349423681));
#1399=CARTESIAN_POINT('Ctrl Pts',(18.2924639655085,8.14385767241449,-4.20850500561803));
#1400=CARTESIAN_POINT('Ctrl Pts',(17.3240321263613,8.21722575954956,-8.41906766473023));
#1401=CARTESIAN_POINT('Ctrl Pts',(14.8402433932755,8.29059384668463,-12.2798517434102));
#1402=CARTESIAN_POINT('Ctrl Pts',(11.4084017003451,8.36396193381971,-14.9060951165549));
#1403=CARTESIAN_POINT('Ctrl Pts',(7.97656000741458,8.43733002095478,-17.5323384896996));
#1404=CARTESIAN_POINT('Ctrl Pts',(3.59666535463935,8.51069810808986,-18.9240411573091));
#1405=CARTESIAN_POINT('Ctrl Pts',(-0.719395000466411,8.58406619522494,-18.7578053069824));
#1406=CARTESIAN_POINT('Ctrl Pts',(-5.03545535557215,8.65743428236001,-18.5915694566558));
#1407=CARTESIAN_POINT('Ctrl Pts',(-9.28768141300842,8.73080236949509,-16.8673950883931));
#1408=CARTESIAN_POINT('Ctrl Pts',(-12.512950483067,8.80417045663016,-13.9892370757043));
#1409=CARTESIAN_POINT('Ctrl Pts',(-14.6631298631061,8.85308251472022,-12.0704650672451));
#1410=CARTESIAN_POINT('Ctrl Pts',(-16.3568839154218,8.90199457281026,-9.63881143904091));
#1411=CARTESIAN_POINT('Ctrl Pts',(-17.4253705832933,8.95090663090031,-6.96018190350001));
#1412=CARTESIAN_POINT('Ctrl Pts',(-18.3062911091988,8.99123248355849,-4.75176900504476));
#1413=CARTESIAN_POINT('Ctrl Pts',(-18.7621998047521,9.03155833621667,-2.37547963479273));
#1414=CARTESIAN_POINT('Ctrl Pts',(-18.7648685488078,9.07188418887484,0.00043831646429577));
#1415=CARTESIAN_POINT('Ctrl Pts',(-18.7607687983702,9.92811581119719,-0.0026360054329231));
#1416=CARTESIAN_POINT('Ctrl Pts',(-18.7638350181149,9.90412465007172,-1.41761630067951));
#1417=CARTESIAN_POINT('Ctrl Pts',(-18.6091589416195,9.88013348894624,-2.83190435457034));
#1418=CARTESIAN_POINT('Ctrl Pts',(-18.292420737982,9.85614232782076,-4.20886570757067));
#1419=CARTESIAN_POINT('Ctrl Pts',(-17.3237941674515,9.78277424068401,-8.41979239021406));
#1420=CARTESIAN_POINT('Ctrl Pts',(-14.8395369009475,9.70940615354724,-12.2816338507472));
#1421=CARTESIAN_POINT('Ctrl Pts',(-11.4082713040135,9.63603806641049,-14.9070965585809));
#1422=CARTESIAN_POINT('Ctrl Pts',(-7.97700570707955,9.56266997927374,-17.5325592664145));
#1423=CARTESIAN_POINT('Ctrl Pts',(-3.5987317797156,9.489301892137,-18.9216432215485));
#1424=CARTESIAN_POINT('Ctrl Pts',(0.718673059831401,9.41593380500026,-18.7565880479691));
#1425=CARTESIAN_POINT('Ctrl Pts',(5.03607789937833,9.34256571786351,-18.5915328743897));
#1426=CARTESIAN_POINT('Ctrl Pts',(9.29261365110833,9.26919763072675,-16.8723385720968));
#1427=CARTESIAN_POINT('Ctrl Pts',(12.5134725149793,9.19582954359,-13.9912530822354));
#1428=CARTESIAN_POINT('Ctrl Pts',(15.7343313788503,9.12246145645325,-11.110167592374));
#1429=CARTESIAN_POINT('Ctrl Pts',(17.9195133548622,9.04909336931651,-7.06719091494413));
#1430=CARTESIAN_POINT('Ctrl Pts',(18.5622071989487,8.97572528217976,-2.79603815995567));
#1431=CARTESIAN_POINT('Ctrl Pts',(19.2049010430351,8.90235719504301,1.47511459503288));
#1432=CARTESIAN_POINT('Ctrl Pts',(18.305106755196,8.82898910790625,5.97444342757998));
#1433=CARTESIAN_POINT('Ctrl Pts',(16.0797733209761,8.7556210207695,9.68048988962032));
#1434=CARTESIAN_POINT('Ctrl Pts',(14.5962176981629,8.70670896267833,12.1511875309805));
#1435=CARTESIAN_POINT('Ctrl Pts',(12.5235335658472,8.65779690458717,14.2693152298932));
#1436=CARTESIAN_POINT('Ctrl Pts',(10.0920148352068,8.608884846496,15.8193311443645));
#1437=CARTESIAN_POINT('Ctrl Pts',(7.66049610456631,8.55997278840484,17.3693470588358));
#1438=CARTESIAN_POINT('Ctrl Pts',(4.87014277560111,8.51106073031367,18.3512511888658));
#1439=CARTESIAN_POINT('Ctrl Pts',(2.00398448930014,8.4621486722225,18.6591537290712));
#1440=CARTESIAN_POINT('Ctrl Pts',(-0.862173797000846,8.41323661413134,18.9670562692766));
#1441=CARTESIAN_POINT('Ctrl Pts',(-3.80413704063765,8.36432455604016,18.6009572196574));
#1442=CARTESIAN_POINT('Ctrl Pts',(-6.50748669162901,8.315412497949,17.6013419918888));
#1443=CARTESIAN_POINT('Ctrl Pts',(-8.53499892987246,8.27872845438062,16.8516305710624));
#1444=CARTESIAN_POINT('Ctrl Pts',(-10.4282910222529,8.24204441081225,15.7455663000268));
#1445=CARTESIAN_POINT('Ctrl Pts',(-12.0837138177474,8.20536036724388,14.3533343678116));
#1446=CARTESIAN_POINT('Ctrl Pts',(-13.739136613242,8.16867632367551,12.9611024355962));
#1447=CARTESIAN_POINT('Ctrl Pts',(-15.1566901118508,8.13199228010713,11.2827028422011));
#1448=CARTESIAN_POINT('Ctrl Pts',(-16.2389475777497,8.09530823653876,9.41144034121855));
#1449=CARTESIAN_POINT('Ctrl Pts',(-17.883125200218,8.03957742807842,6.56859746249157));
#1450=CARTESIAN_POINT('Ctrl Pts',(-18.7534387224859,7.98384661961808,3.28062650027381));
#1451=CARTESIAN_POINT('Ctrl Pts',(-18.7638889714384,7.92811581115775,-0.00298565222727301));
#1452=CARTESIAN_POINT('Origin',(0.,-5.69715091629657,0.));
#1453=CARTESIAN_POINT('',(-18.7706794297746,5.07188418877603,-0.000147967593589872));
#1454=CARTESIAN_POINT('',(-18.7639209633228,5.92811581110438,-0.000411554612095744));
#1455=CARTESIAN_POINT('',(-18.76445,-5.69715091629657,9.26769837608349E-13));
#1456=CARTESIAN_POINT('Ctrl Pts',(-18.7706794297746,5.07188418877603,-0.000147967593589872));
#1457=CARTESIAN_POINT('Ctrl Pts',(-18.764714655262,5.14209021723287,4.13276008365112));
#1458=CARTESIAN_POINT('Ctrl Pts',(-17.3459163851644,5.2122962456897,8.26617617098916));
#1459=CARTESIAN_POINT('Ctrl Pts',(-14.8082061794637,5.28250227414654,11.5326170076452));
#1460=CARTESIAN_POINT('Ctrl Pts',(-13.0402008995003,5.33141433223659,13.8083239157557));
#1461=CARTESIAN_POINT('Ctrl Pts',(-10.7290966617618,5.38032639032664,15.6632172280149));
#1462=CARTESIAN_POINT('Ctrl Pts',(-8.12925293619989,5.42923844841669,16.9114394360024));
#1463=CARTESIAN_POINT('Ctrl Pts',(-5.52940921063798,5.47815050650674,18.1596616439899));
#1464=CARTESIAN_POINT('Ctrl Pts',(-2.64082599725254,5.52706256459679,18.8012127477057));
#1465=CARTESIAN_POINT('Ctrl Pts',(0.240693999370002,5.57597462268684,18.7647169706464));
#1466=CARTESIAN_POINT('Ctrl Pts',(3.12221399599252,5.62488668077689,18.7282211935871));
#1467=CARTESIAN_POINT('Ctrl Pts',(5.99667077585222,5.67379873886694,18.0136785357527));
#1468=CARTESIAN_POINT('Ctrl Pts',(8.56275715127698,5.72271079695699,16.6978630421802));
#1469=CARTESIAN_POINT('Ctrl Pts',(11.1288435267018,5.77162285504704,15.3820475486077));
#1470=CARTESIAN_POINT('Ctrl Pts',(13.3865594976916,5.82053491313709,13.464959219297));
#1471=CARTESIAN_POINT('Ctrl Pts',(15.0978991995337,5.86944697122714,11.1460706645247));
#1472=CARTESIAN_POINT('Ctrl Pts',(16.8092389013757,5.91835902931719,8.8271821097523));
#1473=CARTESIAN_POINT('Ctrl Pts',(17.97420233407,5.96727108740724,6.10649332951817));
#1474=CARTESIAN_POINT('Ctrl Pts',(18.4777481600524,6.01618314549729,3.26721995499514));
#1475=CARTESIAN_POINT('Ctrl Pts',(18.9812939860347,6.06509520358735,0.427946580472109));
#1476=CARTESIAN_POINT('Ctrl Pts',(18.8234222053051,6.11400726167739,-2.52991138833981));
#1477=CARTESIAN_POINT('Ctrl Pts',(18.0069145241961,6.16291931976744,-5.2939543905518));
#1478=CARTESIAN_POINT('Ctrl Pts',(16.7821530025327,6.23628740690252,-9.44001889386975));
#1479=CARTESIAN_POINT('Ctrl Pts',(14.0754607050157,6.3096554940376,-13.1499997223379));
#1480=CARTESIAN_POINT('Ctrl Pts',(10.495884477499,6.38302358117268,-15.5642042239589));
#1481=CARTESIAN_POINT('Ctrl Pts',(6.91630824998221,6.45639166830775,-17.9784087255799));
#1482=CARTESIAN_POINT('Ctrl Pts',(2.46384809246566,6.52975975544282,-19.0968369003537));
#1483=CARTESIAN_POINT('Ctrl Pts',(-1.83979786466135,6.60312784257789,-18.6783288494422));
#1484=CARTESIAN_POINT('Ctrl Pts',(-4.70889516941264,6.65203990066794,-18.3993234821678));
#1485=CARTESIAN_POINT('Ctrl Pts',(-7.5118528295464,6.700951958758,-17.4372353479222));
#1486=CARTESIAN_POINT('Ctrl Pts',(-9.9545858512068,6.74986401684805,-15.9064954798797));
#1487=CARTESIAN_POINT('Ctrl Pts',(-12.3973188728672,6.7987760749381,-14.3757556118371));
#1488=CARTESIAN_POINT('Ctrl Pts',(-14.4798272560543,6.84768813302815,-12.2763640099976));
#1489=CARTESIAN_POINT('Ctrl Pts',(-15.9901930559457,6.8966001911182,-9.82040357896966));
#1490=CARTESIAN_POINT('Ctrl Pts',(-17.5005588558372,6.94551224920825,-7.3644431479417));
#1491=CARTESIAN_POINT('Ctrl Pts',(-18.4387820724329,6.9944243072983,-4.55191388772536));
#1492=CARTESIAN_POINT('Ctrl Pts',(-18.6933597802854,7.04333636538836,-1.68068350854983));
#1493=CARTESIAN_POINT('Ctrl Pts',(-18.7428883950783,7.05285230652987,-1.12207975399804));
#1494=CARTESIAN_POINT('Ctrl Pts',(-18.7665406855947,7.06236824767138,-0.561254132747578));
#1495=CARTESIAN_POINT('Ctrl Pts',(-18.7648626330622,7.07188418881289,-0.000411102744585555));
#1496=CARTESIAN_POINT('Ctrl Pts',(-18.7638889714384,7.92811581115775,-0.00298565222727301));
#1497=CARTESIAN_POINT('Ctrl Pts',(-18.7671961897994,7.91047853248133,-1.04215921168039));
#1498=CARTESIAN_POINT('Ctrl Pts',(-18.6843838352767,7.89284125380492,-2.08089621471493));
#1499=CARTESIAN_POINT('Ctrl Pts',(-18.512726051447,7.8752039751285,-3.10494958556633));
#1500=CARTESIAN_POINT('Ctrl Pts',(-17.7986587923883,7.80183588799175,-7.36483787807134));
#1501=CARTESIAN_POINT('Ctrl Pts',(-15.5471934733126,7.728467800855,-11.3706378307663));
#1502=CARTESIAN_POINT('Ctrl Pts',(-12.2789053276414,7.65509971371825,-14.1976693985333));
#1503=CARTESIAN_POINT('Ctrl Pts',(-9.01061718197023,7.5817316265815,-17.0247009663001));
#1504=CARTESIAN_POINT('Ctrl Pts',(-4.7255062097036,7.50836353944475,-18.6729641491389));
#1505=CARTESIAN_POINT('Ctrl Pts',(-0.405945234189367,7.434995452308,-18.7660699956489));
#1506=CARTESIAN_POINT('Ctrl Pts',(3.91361574132484,7.36162736517125,-18.8591758421589));
#1507=CARTESIAN_POINT('Ctrl Pts',(8.2676267200867,7.2882592780345,-17.39712435234));
#1508=CARTESIAN_POINT('Ctrl Pts',(11.6546264762963,7.21489119089775,-14.7146327031515));
#1509=CARTESIAN_POINT('Ctrl Pts',(15.041626232506,7.141523103761,-12.0321410539628));
#1510=CARTESIAN_POINT('Ctrl Pts',(17.4616147661634,7.06815501662425,-8.12920924540452));
#1511=CARTESIAN_POINT('Ctrl Pts',(18.3601834890013,6.9947869294875,-3.90284462974215));
#1512=CARTESIAN_POINT('Ctrl Pts',(19.2587522118392,6.92141884235075,0.323519985920265));
#1513=CARTESIAN_POINT('Ctrl Pts',(18.6359011238574,6.848050755214,4.8733174086867));
#1514=CARTESIAN_POINT('Ctrl Pts',(16.6324831478135,6.77468266807725,8.70156820761943));
#1515=CARTESIAN_POINT('Ctrl Pts',(14.6290651717697,6.7013145809405,12.5298190065521));
#1516=CARTESIAN_POINT('Ctrl Pts',(11.2450803076637,6.62794649380375,15.6365231816512));
#1517=CARTESIAN_POINT('Ctrl Pts',(7.26191074631348,6.554578406667,17.3093199641371));
#1518=CARTESIAN_POINT('Ctrl Pts',(3.72131558066885,6.48936232921211,18.796250437458));
#1519=CARTESIAN_POINT('Ctrl Pts',(-0.292709469218183,6.42414625175723,19.1502170450105));
#1520=CARTESIAN_POINT('Ctrl Pts',(-4.04725548204865,6.35893017430234,18.3248166039929));
#1521=CARTESIAN_POINT('Ctrl Pts',(-5.92452848846393,6.32632213557489,17.9121163834841));
#1522=CARTESIAN_POINT('Ctrl Pts',(-7.73693173561504,6.29371409684744,17.2045744008327));
#1523=CARTESIAN_POINT('Ctrl Pts',(-9.39970164885956,6.26110605812,16.2399366880746));
#1524=CARTESIAN_POINT('Ctrl Pts',(-11.8938565187263,6.21219400002883,14.7929801189374));
#1525=CARTESIAN_POINT('Ctrl Pts',(-14.0513363873032,6.16328194193767,12.76755815706));
#1526=CARTESIAN_POINT('Ctrl Pts',(-15.6439537602359,6.1143698838465,10.365450239132));
#1527=CARTESIAN_POINT('Ctrl Pts',(-17.2365711331686,6.06545782575534,7.96334232120406));
#1528=CARTESIAN_POINT('Ctrl Pts',(-18.264326010457,6.01654576766417,5.18454844722559));
#1529=CARTESIAN_POINT('Ctrl Pts',(-18.6210638712556,5.967633709573,2.32328277111278));
#1530=CARTESIAN_POINT('Ctrl Pts',(-18.7171378668655,5.95446107675013,1.55270791429773));
#1531=CARTESIAN_POINT('Ctrl Pts',(-18.7645434890061,5.94128844392725,0.776151437988173));
#1532=CARTESIAN_POINT('Ctrl Pts',(-18.7639209633228,5.92811581110438,-0.000411554612095744));
#1533=CARTESIAN_POINT('Origin',(0.,-5.69715091629657,0.));
#1534=CARTESIAN_POINT('',(-18.7706944411884,3.0718841887193,0.000948310315770319));
#1535=CARTESIAN_POINT('',(-18.7684281417405,3.92811581112006,-0.0022316667169605));
#1536=CARTESIAN_POINT('',(-18.76445,-5.69715091629657,9.26769837608349E-13));
#1537=CARTESIAN_POINT('Ctrl Pts',(-18.7706944411884,3.0718841887193,0.000948310315770319));
#1538=CARTESIAN_POINT('Ctrl Pts',(-18.7709157229013,3.07507601251096,0.188967574481336));
#1539=CARTESIAN_POINT('Ctrl Pts',(-18.7682200199256,3.07826783630262,0.376978507127131));
#1540=CARTESIAN_POINT('Ctrl Pts',(-18.7625803599996,3.08145966009428,0.564898100447436));
#1541=CARTESIAN_POINT('Ctrl Pts',(-18.6329456784284,3.15482774722935,4.88446647171791));
#1542=CARTESIAN_POINT('Ctrl Pts',(-16.9478181000689,3.22819583436443,9.15577405847002));
#1543=CARTESIAN_POINT('Ctrl Pts',(-14.093173829304,3.3015639214995,12.3984221791487));
#1544=CARTESIAN_POINT('Ctrl Pts',(-11.238529558539,3.37493200863458,15.6410702998274));
#1545=CARTESIAN_POINT('Ctrl Pts',(-7.2143685953686,3.44830009576965,17.8550589544326));
#1546=CARTESIAN_POINT('Ctrl Pts',(-2.94807474291333,3.52166818290473,18.5367417826089));
#1547=CARTESIAN_POINT('Ctrl Pts',(-0.814927816685651,3.55835222647227,18.877583196697));
#1548=CARTESIAN_POINT('Ctrl Pts',(1.37875233186323,3.5950362700398,18.8353481541778));
#1549=CARTESIAN_POINT('Ctrl Pts',(3.50520803703452,3.63172031360734,18.4307203629622));
#1550=CARTESIAN_POINT('Ctrl Pts',(5.63166374220579,3.66840435717488,18.0260925717466));
#1551=CARTESIAN_POINT('Ctrl Pts',(7.69089500399947,3.70508840074242,17.2590720318345));
#1552=CARTESIAN_POINT('Ctrl Pts',(9.5503536371735,3.74177244430995,16.1588292049967));
#1553=CARTESIAN_POINT('Ctrl Pts',(13.2692709035216,3.81514053144503,13.9583435513209));
#1554=CARTESIAN_POINT('Ctrl Pts',(16.189097655391,3.88850861858011,10.4249687499418));
#1555=CARTESIAN_POINT('Ctrl Pts',(17.6586629699876,3.96187670571518,6.35935726797774));
#1556=CARTESIAN_POINT('Ctrl Pts',(18.6383731797186,4.01078876380523,3.64894961333506));
#1557=CARTESIAN_POINT('Ctrl Pts',(18.9735227506617,4.05970082189528,0.701992322876837));
#1558=CARTESIAN_POINT('Ctrl Pts',(18.639892600417,4.10861287998533,-2.16186121803302));
#1559=CARTESIAN_POINT('Ctrl Pts',(18.3062624501723,4.15752493807538,-5.02571475894292));
#1560=CARTESIAN_POINT('Ctrl Pts',(17.3038525787398,4.20643699616543,-7.80646455030442));
#1561=CARTESIAN_POINT('Ctrl Pts',(15.7341857121206,4.25534905425548,-10.2247352445514));
#1562=CARTESIAN_POINT('Ctrl Pts',(14.1645188455014,4.30426111234554,-12.6430059387983));
#1563=CARTESIAN_POINT('Ctrl Pts',(12.0275949836953,4.35317317043558,-14.6987975359307));
#1564=CARTESIAN_POINT('Ctrl Pts',(9.54377958047719,4.40208522852564,-16.1616370254651));
#1565=CARTESIAN_POINT('Ctrl Pts',(5.81805647565011,4.47545331566071,-18.3558962597665));
#1566=CARTESIAN_POINT('Ctrl Pts',(1.31182740264583,4.54882140279579,-19.2160132519727));
#1567=CARTESIAN_POINT('Ctrl Pts',(-2.95319437823394,4.62218948993086,-18.5373082721302));
#1568=CARTESIAN_POINT('Ctrl Pts',(-7.21821615911387,4.69555757706594,-17.8586032922876));
#1569=CARTESIAN_POINT('Ctrl Pts',(-11.2420306478692,4.76892566420101,-15.6410763403963));
#1570=CARTESIAN_POINT('Ctrl Pts',(-14.0963444743613,4.84229375133609,-12.3953421763971));
#1571=CARTESIAN_POINT('Ctrl Pts',(-16.9506583008533,4.91566183847116,-9.14960801239783));
#1572=CARTESIAN_POINT('Ctrl Pts',(-18.6354714650821,4.98902992560624,-4.87566663629064));
#1573=CARTESIAN_POINT('Ctrl Pts',(-18.762860414721,5.06239801274132,-0.558500471821336));
#1574=CARTESIAN_POINT('Ctrl Pts',(-18.7683506946158,5.06556007141955,-0.372436840223342));
#1575=CARTESIAN_POINT('Ctrl Pts',(-18.7709480814478,5.06872213009779,-0.186292919203081));
#1576=CARTESIAN_POINT('Ctrl Pts',(-18.7706794297746,5.07188418877603,-0.000147967593589872));
#1577=CARTESIAN_POINT('Ctrl Pts',(-18.7639209633228,5.92811581110437,-0.000411554612095746));
#1578=CARTESIAN_POINT('Ctrl Pts',(-18.7622319532034,5.89237638583608,-2.1073491283948));
#1579=CARTESIAN_POINT('Ctrl Pts',(-18.4069970518143,5.85663696056779,-4.21433467004482));
#1580=CARTESIAN_POINT('Ctrl Pts',(-17.7110029451469,5.8208975352995,-6.20203249063655));
#1581=CARTESIAN_POINT('Ctrl Pts',(-16.758483313931,5.77198547720833,-8.92234459802577));
#1582=CARTESIAN_POINT('Ctrl Pts',(-15.1677232071903,5.72307341911715,-11.4192313345572));
#1583=CARTESIAN_POINT('Ctrl Pts',(-13.1037338897903,5.67416136102599,-13.4327747743832));
#1584=CARTESIAN_POINT('Ctrl Pts',(-11.0397445723904,5.62524930293482,-15.4463182142091));
#1585=CARTESIAN_POINT('Ctrl Pts',(-8.50252604433107,5.57633724484366,-16.9765183573298));
#1586=CARTESIAN_POINT('Ctrl Pts',(-5.75940108824743,5.5274251867525,-17.8607651006405));
#1587=CARTESIAN_POINT('Ctrl Pts',(-3.01627613216378,5.47851312866133,-18.7450118439512));
#1588=CARTESIAN_POINT('Ctrl Pts',(-0.0672447480558108,5.42960107057016,
-18.983305187452));
#1589=CARTESIAN_POINT('Ctrl Pts',(2.78475626484664,5.38068901247899,-18.5565545034587));
#1590=CARTESIAN_POINT('Ctrl Pts',(5.63675727774915,5.33177695438783,-18.1298038194655));
#1591=CARTESIAN_POINT('Ctrl Pts',(8.39172791944608,5.28286489629666,-17.0380091079784));
#1592=CARTESIAN_POINT('Ctrl Pts',(10.7518375890671,5.2339528382055,-15.3842632063401));
#1593=CARTESIAN_POINT('Ctrl Pts',(14.2920020934985,5.16058475106875,-12.9036443538827));
#1594=CARTESIAN_POINT('Ctrl Pts',(16.9437294107589,5.08721666393199,-9.15863532358536));
#1595=CARTESIAN_POINT('Ctrl Pts',(18.0942650059056,5.01384857679524,-4.99574000630555));
#1596=CARTESIAN_POINT('Ctrl Pts',(19.2448006010523,4.94048048965849,-0.832844689025702));
#1597=CARTESIAN_POINT('Ctrl Pts',(18.8941444740852,4.86711240252174,3.74793691523666));
#1598=CARTESIAN_POINT('Ctrl Pts',(17.1231372472816,4.79374431538499,7.69073984013299));
#1599=CARTESIAN_POINT('Ctrl Pts',(15.352130020478,4.72037622824824,11.6335427650293));
#1600=CARTESIAN_POINT('Ctrl Pts',(12.1607716938379,4.64700814111149,14.9383670105597));
#1601=CARTESIAN_POINT('Ctrl Pts',(8.28504746060833,4.57364005397474,16.8437770985295));
#1602=CARTESIAN_POINT('Ctrl Pts',(4.40932322737879,4.50027196683799,18.7491871864993));
#1603=CARTESIAN_POINT('Ctrl Pts',(-0.150766912440105,4.42690387970124,19.2551831169086));
#1604=CARTESIAN_POINT('Ctrl Pts',(-4.35721836567135,4.35353579256449,18.2564025450253));
#1605=CARTESIAN_POINT('Ctrl Pts',(-7.16151933449215,4.30462373447333,17.5905488304365));
#1606=CARTESIAN_POINT('Ctrl Pts',(-9.8086475537184,4.25571167638216,16.2559055592732));
#1607=CARTESIAN_POINT('Ctrl Pts',(-12.0214876868149,4.206799618291,14.4078968350068));
#1608=CARTESIAN_POINT('Ctrl Pts',(-14.2343278199115,4.15788756019983,12.5598881107403));
#1609=CARTESIAN_POINT('Ctrl Pts',(-16.0128798668783,4.10897550210866,10.1985139333707));
#1610=CARTESIAN_POINT('Ctrl Pts',(-17.175351462168,4.06006344401749,7.55993379174506));
#1611=CARTESIAN_POINT('Ctrl Pts',(-18.2206654487729,4.01608089971835,5.18727820343218));
#1612=CARTESIAN_POINT('Ctrl Pts',(-18.7678224185285,3.9720983554192,2.59047640851477));
#1613=CARTESIAN_POINT('Ctrl Pts',(-18.7684281417405,3.92811581112006,-0.0022316667169605));
#1614=CARTESIAN_POINT('Origin',(0.,-5.69715091629657,0.));
#1615=CARTESIAN_POINT('',(-18.7625703655051,1.0718841887286,-2.52224674387728E-5));
#1616=CARTESIAN_POINT('',(-18.761830656136,1.92811581119514,-0.000949989757532163));
#1617=CARTESIAN_POINT('',(-18.76445,-5.69715091629657,9.26769837608349E-13));
#1618=CARTESIAN_POINT('Ctrl Pts',(-18.7625703655051,1.0718841887286,-2.52224674387728E-5));
#1619=CARTESIAN_POINT('Ctrl Pts',(-18.7624971903652,1.09977191675191,1.64440439181756));
#1620=CARTESIAN_POINT('Ctrl Pts',(-18.5488521680496,1.12765964477523,3.28885168675752));
#1621=CARTESIAN_POINT('Ctrl Pts',(-18.1218446156447,1.15554737279855,4.87588086098144));
#1622=CARTESIAN_POINT('Ctrl Pts',(-17.2793039302045,1.21057343814985,8.00729303562188));
#1623=CARTESIAN_POINT('Ctrl Pts',(-15.6060927144606,1.26559950350116,10.9151629567829));
#1624=CARTESIAN_POINT('Ctrl Pts',(-13.3221814722351,1.32062556885247,13.2172167679369));
#1625=CARTESIAN_POINT('Ctrl Pts',(-11.0382702300096,1.37565163420377,15.5192705790909));
#1626=CARTESIAN_POINT('Ctrl Pts',(-8.14365896130243,1.43067769955508,17.2155082802379));
#1627=CARTESIAN_POINT('Ctrl Pts',(-5.01901298049225,1.48570376490639,18.0827577481883));
#1628=CARTESIAN_POINT('Ctrl Pts',(-1.89436699968209,1.54072983025769,18.9500072161386));
#1629=CARTESIAN_POINT('Ctrl Pts',(1.46031369323107,1.595755895609,18.9882684508923));
#1630=CARTESIAN_POINT('Ctrl Pts',(4.60400933675773,1.6507819609603,18.192755893762));
#1631=CARTESIAN_POINT('Ctrl Pts',(7.7477049802844,1.70580802631161,17.3972433366317));
#1632=CARTESIAN_POINT('Ctrl Pts',(10.6804155744246,1.76083409166292,15.7679569876174));
#1633=CARTESIAN_POINT('Ctrl Pts',(13.0163543287598,1.81586015701423,13.5186622277901));
#1634=CARTESIAN_POINT('Ctrl Pts',(15.3522930830951,1.87088622236553,11.2693674679629));
#1635=CARTESIAN_POINT('Ctrl Pts',(17.0914599976253,1.92591228771684,8.40006429732259));
#1636=CARTESIAN_POINT('Ctrl Pts',(18.0054868774022,1.98093835306815,5.28894755555744));
#1637=CARTESIAN_POINT('Ctrl Pts',(18.919513757179,2.03596441841945,2.17783081379229));
#1638=CARTESIAN_POINT('Ctrl Pts',(19.0084006022024,2.09099048377076,-1.17509949909771));
#1639=CARTESIAN_POINT('Ctrl Pts',(18.2598482925547,2.14601654912206,-4.33073110925332));
#1640=CARTESIAN_POINT('Ctrl Pts',(17.5112959829071,2.20104261447337,-7.48636271940892));
#1641=CARTESIAN_POINT('Ctrl Pts',(15.9253045185883,2.25606867982468,-10.4446956268301));
#1642=CARTESIAN_POINT('Ctrl Pts',(13.7116080284439,2.31109474517599,-12.8133147673006));
#1643=CARTESIAN_POINT('Ctrl Pts',(11.4979115382995,2.36612081052729,-15.181933907771));
#1644=CARTESIAN_POINT('Ctrl Pts',(8.65651002232931,2.4211468758786,-16.9608392812907));
#1645=CARTESIAN_POINT('Ctrl Pts',(5.55865983036697,2.4761729412299,-17.9227030759944));
#1646=CARTESIAN_POINT('Ctrl Pts',(2.46080963840462,2.53119900658121,-18.8845668706981));
#1647=CARTESIAN_POINT('Ctrl Pts',(-0.893489229549969,2.58622507193252,-19.0293890865858));
#1648=CARTESIAN_POINT('Ctrl Pts',(-4.05791323226203,2.64125113728383,-18.3252691693227));
#1649=CARTESIAN_POINT('Ctrl Pts',(-8.27714523587808,2.7146192244189,-17.3864426129719));
#1650=CARTESIAN_POINT('Ctrl Pts',(-12.1588219235075,2.78798731155398,-14.9383855976863));
#1651=CARTESIAN_POINT('Ctrl Pts',(-14.8125893749306,2.86135539868905,-11.5304425121491));
#1652=CARTESIAN_POINT('Ctrl Pts',(-17.3509066569446,2.93153166203247,-8.27075944327289));
#1653=CARTESIAN_POINT('Ctrl Pts',(-18.7658292842211,3.00170792537589,-4.13289185661488));
#1654=CARTESIAN_POINT('Ctrl Pts',(-18.7706944411884,3.0718841887193,0.000948310315770319));
#1655=CARTESIAN_POINT('Ctrl Pts',(-18.7684281417405,3.92811581112006,-0.0022316667169605));
#1656=CARTESIAN_POINT('Ctrl Pts',(-18.7684960305126,3.92318629732804,-0.292819453740215));
#1657=CARTESIAN_POINT('Ctrl Pts',(-18.7616983213956,3.91825678353602,-0.583355816796596));
#1658=CARTESIAN_POINT('Ctrl Pts',(-18.7479668802473,3.91332726974399,-0.873519417335603));
#1659=CARTESIAN_POINT('Ctrl Pts',(-18.5663037858165,3.84811119228911,-4.71230203276695));
#1660=CARTESIAN_POINT('Ctrl Pts',(-17.1710611990556,3.78289511483422,-8.48584172498374));
#1661=CARTESIAN_POINT('Ctrl Pts',(-14.8137495663779,3.71767903737933,-11.522113382131));
#1662=CARTESIAN_POINT('Ctrl Pts',(-13.6350937500391,3.68507099865188,-13.0402492107046));
#1663=CARTESIAN_POINT('Ctrl Pts',(-12.2159206722212,3.65246295992444,-14.3740680305107));
#1664=CARTESIAN_POINT('Ctrl Pts',(-10.6302353244438,3.61985492119699,-15.461829190813));
#1665=CARTESIAN_POINT('Ctrl Pts',(-8.25170730277772,3.57094286310582,-17.0934709312664));
#1666=CARTESIAN_POINT('Ctrl Pts',(-5.49852667370291,3.52203080501466,-18.171482937836));
#1667=CARTESIAN_POINT('Ctrl Pts',(-2.64527742982132,3.47311874692349,-18.5785146176309));
#1668=CARTESIAN_POINT('Ctrl Pts',(0.207971814060235,3.42420668883233,-18.9855462974257));
#1669=CARTESIAN_POINT('Ctrl Pts',(3.16128967274855,3.37529463074116,-18.7215976504459));
#1670=CARTESIAN_POINT('Ctrl Pts',(5.89764325574286,3.32638257264999,-17.8153767008403));
#1671=CARTESIAN_POINT('Ctrl Pts',(8.63399683873718,3.27747051455883,-16.9091557512347));
#1672=CARTESIAN_POINT('Ctrl Pts',(11.1533861460374,3.22855845646766,-15.3606624990034));
#1673=CARTESIAN_POINT('Ctrl Pts',(13.2030155093726,3.17964639837649,-13.3324920823309));
#1674=CARTESIAN_POINT('Ctrl Pts',(15.2526448727078,3.13073434028533,-11.3043216656584));
#1675=CARTESIAN_POINT('Ctrl Pts',(16.8325142920781,3.08182228219416,-8.79647408454461));
#1676=CARTESIAN_POINT('Ctrl Pts',(17.7613155754183,3.032910224103,-6.06823328734026));
#1677=CARTESIAN_POINT('Ctrl Pts',(19.1545175004287,2.95954213696625,-1.97587209153371));
#1678=CARTESIAN_POINT('Ctrl Pts',(19.0828161193716,2.88617404982949,2.6123738404767));
#1679=CARTESIAN_POINT('Ctrl Pts',(17.5531945081373,2.81280596269274,6.65146473345272));
#1680=CARTESIAN_POINT('Ctrl Pts',(16.0235728969029,2.73943787555599,10.6905556264288));
#1681=CARTESIAN_POINT('Ctrl Pts',(13.0360310554912,2.66606978841925,14.1804914803704));
#1682=CARTESIAN_POINT('Ctrl Pts',(9.27896529288198,2.5927017012825,16.3170836135823));
#1683=CARTESIAN_POINT('Ctrl Pts',(5.52189953027272,2.51933361414575,18.4536757467942));
#1684=CARTESIAN_POINT('Ctrl Pts',(0.995309846465935,2.44596552700899,19.2369241592764));
#1685=CARTESIAN_POINT('Ctrl Pts',(-3.25815843598681,2.37259743987224,18.4862820090656));
#1686=CARTESIAN_POINT('Ctrl Pts',(-7.5116267184396,2.29922935273549,17.7356398588549));
#1687=CARTESIAN_POINT('Ctrl Pts',(-11.4919735995383,2.22586126559874,15.4511071459513));
#1688=CARTESIAN_POINT('Ctrl Pts',(-14.2961368919159,2.15249317846199,12.1617308996923));
#1689=CARTESIAN_POINT('Ctrl Pts',(-16.399259361199,2.09746711310943,9.69469871499811));
#1690=CARTESIAN_POINT('Ctrl Pts',(-17.8407785618266,2.04244104775687,6.6624420427915));
#1691=CARTESIAN_POINT('Ctrl Pts',(-18.4403617804506,1.98741498240431,3.47457738565859));
#1692=CARTESIAN_POINT('Ctrl Pts',(-18.655743271068,1.96764859200125,2.32943686068624));
#1693=CARTESIAN_POINT('Ctrl Pts',(-18.7624829776143,1.94788220159819,1.16421698353104));
#1694=CARTESIAN_POINT('Ctrl Pts',(-18.761830656136,1.92811581119514,-0.000949989757532163));
#1695=CARTESIAN_POINT('Origin',(0.,-2.,0.));
#1696=CARTESIAN_POINT('',(-19.6090355548335,0.583130406863824,-2.6264583763462E-5));
#1697=CARTESIAN_POINT('',(-19.6090893773748,0.416869593074593,0.000221293465650578));
#1698=CARTESIAN_POINT('',(-19.611,-2.,2.40165483780787E-15));
#1699=CARTESIAN_POINT('',(5.06401064362916,1.37354355441763E-15,-18.947810968111));
#1700=CARTESIAN_POINT('Ctrl Pts',(5.06401064362916,1.37354355441763E-15,
-18.947810968111));
#1701=CARTESIAN_POINT('Ctrl Pts',(4.93556898830762,0.00215887670758701,
-18.9821940406076));
#1702=CARTESIAN_POINT('Ctrl Pts',(4.80677258630449,0.00431775341517216,
-19.015246789499));
#1703=CARTESIAN_POINT('Ctrl Pts',(4.67764583492135,0.00647663012275779,
-19.0469558996405));
#1704=CARTESIAN_POINT('Ctrl Pts',(1.38642636173681,0.0615026954740641,-19.8551667440809));
#1705=CARTESIAN_POINT('Ctrl Pts',(-2.11940547319991,0.116528760825371,-19.7904790667658));
#1706=CARTESIAN_POINT('Ctrl Pts',(-5.37858806003017,0.171554826176677,-18.8611089877572));
#1707=CARTESIAN_POINT('Ctrl Pts',(-8.63777064686047,0.226580891527983,-17.9317389087485));
#1708=CARTESIAN_POINT('Ctrl Pts',(-11.6503039855843,0.28160695687929,-16.1376864280464));
#1709=CARTESIAN_POINT('Ctrl Pts',(-14.0202141919236,0.336633022230597,-13.7150069011916));
#1710=CARTESIAN_POINT('Ctrl Pts',(-16.3901243982629,0.391659087581904,-11.2923273743369));
#1711=CARTESIAN_POINT('Ctrl Pts',(-18.1174114722177,0.446685152933212,-8.24102080132949));
#1712=CARTESIAN_POINT('Ctrl Pts',(-18.9748751765352,0.501711218284519,-4.96221156464869));
#1713=CARTESIAN_POINT('Ctrl Pts',(-19.3977898964109,0.528850947810954,-3.34505076486817));
#1714=CARTESIAN_POINT('Ctrl Pts',(-19.6091097226122,0.555990677337389,-1.6725472327457));
#1715=CARTESIAN_POINT('Ctrl Pts',(-19.6090355548335,0.583130406863824,-2.6264583763462E-5));
#1716=CARTESIAN_POINT('',(-5.06362301667938,6.21247844834194E-16,-18.946003350178));
#1717=CARTESIAN_POINT('Origin',(0.,0.,0.));
#1718=CARTESIAN_POINT('Ctrl Pts',(-5.06362301667937,2.63677968348475E-15,
-18.946003350178));
#1719=CARTESIAN_POINT('Ctrl Pts',(-8.33880881442464,0.0550260653522656,
-18.0706574588656));
#1720=CARTESIAN_POINT('Ctrl Pts',(-11.3803466018184,0.110052130704529,-16.3288663721983));
#1721=CARTESIAN_POINT('Ctrl Pts',(-13.7901062760899,0.165078196056792,-13.9465029620543));
#1722=CARTESIAN_POINT('Ctrl Pts',(-16.1998659503746,0.220104261409354,-11.5641395518973));
#1723=CARTESIAN_POINT('Ctrl Pts',(-17.9778475115302,0.275130326761916,-8.54120381825671));
#1724=CARTESIAN_POINT('Ctrl Pts',(-18.8897703675989,0.330156392114479,-5.27691555796456));
#1725=CARTESIAN_POINT('Ctrl Pts',(-19.3687903215773,0.359060792434517,-3.56223190702657));
#1726=CARTESIAN_POINT('Ctrl Pts',(-19.6088430512861,0.387965192754555,-1.78095306684142));
#1727=CARTESIAN_POINT('Ctrl Pts',(-19.6090893773748,0.416869593074593,0.000221293465650578));
#1728=CARTESIAN_POINT('Origin',(0.,-2.,0.));
#1729=CARTESIAN_POINT('',(-19.6175264720016,2.58313040684143,0.000990816609576652));
#1730=CARTESIAN_POINT('',(-19.6082623545716,2.41686959311784,-0.000992866729138242));
#1731=CARTESIAN_POINT('',(-19.611,-2.,2.40165483780787E-15));
#1732=CARTESIAN_POINT('Ctrl Pts',(-19.6090355548335,0.583130406863823,-2.62645837634627E-5));
#1733=CARTESIAN_POINT('Ctrl Pts',(-19.6089593467202,0.611016742688694,1.71850528330333));
#1734=CARTESIAN_POINT('Ctrl Pts',(-19.3856983867074,0.638903078513565,3.43705523974626));
#1735=CARTESIAN_POINT('Ctrl Pts',(-18.9394706148672,0.666789414338436,5.0956055987842));
#1736=CARTESIAN_POINT('Ctrl Pts',(-18.0589620142017,0.721815479689742,8.36830162518223));
#1737=CARTESIAN_POINT('Ctrl Pts',(-16.3103044781905,0.776841545041049,11.407381777624));
#1738=CARTESIAN_POINT('Ctrl Pts',(-13.9233871420922,0.831867610392356,13.813323064383));
#1739=CARTESIAN_POINT('Ctrl Pts',(-11.536469805994,0.886893675743662,16.219264351142));
#1740=CARTESIAN_POINT('Ctrl Pts',(-8.51129266980878,0.941919741094968,17.9920667722181));
#1741=CARTESIAN_POINT('Ctrl Pts',(-5.24569153759229,0.996945806446274,18.8984846710871));
#1742=CARTESIAN_POINT('Ctrl Pts',(-1.98009040537575,1.05197187179758,19.8049025699561));
#1743=CARTESIAN_POINT('Ctrl Pts',(1.52593472287206,1.10699793714889,19.8449359466181));
#1744=CARTESIAN_POINT('Ctrl Pts',(4.81146773661152,1.1620240025002,19.0135772962556));
#1745=CARTESIAN_POINT('Ctrl Pts',(8.09700075035097,1.2170500678515,18.1822186458932));
#1746=CARTESIAN_POINT('Ctrl Pts',(11.1620416495821,1.27207613320281,16.4794679685063));
#1747=CARTESIAN_POINT('Ctrl Pts',(13.6033961092943,1.32710219855412,14.1287292870162));
#1748=CARTESIAN_POINT('Ctrl Pts',(16.0447505690065,1.38212826390542,11.7779906055262));
#1749=CARTESIAN_POINT('Ctrl Pts',(17.8624185891999,1.43715432925673,8.77926391993284));
#1750=CARTESIAN_POINT('Ctrl Pts',(18.8177240569522,1.49218039460804,5.52780303395662));
#1751=CARTESIAN_POINT('Ctrl Pts',(19.7730295247046,1.54720645995934,2.27634214798035));
#1752=CARTESIAN_POINT('Ctrl Pts',(19.8659724400159,1.60223252531065,-1.22785293837881));
#1753=CARTESIAN_POINT('Ctrl Pts',(19.0836927919499,1.65725859066195,-4.52585976072011));
#1754=CARTESIAN_POINT('Ctrl Pts',(18.301413143884,1.71228465601326,-7.82386658306136));
#1755=CARTESIAN_POINT('Ctrl Pts',(16.6439109324408,1.76731072136457,-10.9156851413847));
#1756=CARTESIAN_POINT('Ctrl Pts',(14.3303769692316,1.82233678671587,-13.3911938604738));
#1757=CARTESIAN_POINT('Ctrl Pts',(12.0168430060223,1.87736285206718,-15.8667025795629));
#1758=CARTESIAN_POINT('Ctrl Pts',(9.04727729104702,1.93238891741849,-17.7259014594176));
#1759=CARTESIAN_POINT('Ctrl Pts',(5.80968212548695,1.98741498276979,-18.7312018017774));
#1760=CARTESIAN_POINT('Ctrl Pts',(2.57208695992693,2.0424410481211,-19.7365021441371));
#1761=CARTESIAN_POINT('Ctrl Pts',(-0.93353765621787,2.09746711347241,-19.8879039490019));
#1762=CARTESIAN_POINT('Ctrl Pts',(-4.24073292677645,2.15249317882371,-19.1520613619434));
#1763=CARTESIAN_POINT('Ctrl Pts',(-8.6503266208546,2.22586126595879,-18.170937912532));
#1764=CARTESIAN_POINT('Ctrl Pts',(-12.7071570338907,2.29922935309387,-15.6124910997015));
#1765=CARTESIAN_POINT('Ctrl Pts',(-15.4806947827068,2.37259744022894,-12.0508365357597));
#1766=CARTESIAN_POINT('Ctrl Pts',(-18.1336244740358,2.44277509576644,-8.64406150737874));
#1767=CARTESIAN_POINT('Ctrl Pts',(-19.6124435082309,2.51295275130393,-4.31943122684829));
#1768=CARTESIAN_POINT('Ctrl Pts',(-19.6175264720016,2.58313040684143,0.000990816609576652));
#1769=CARTESIAN_POINT('Ctrl Pts',(-19.6090893773748,0.416869593074591,0.000221293465650577));
#1770=CARTESIAN_POINT('Ctrl Pts',(-19.6093119887249,0.442991258107115,1.60991530162011));
#1771=CARTESIAN_POINT('Ctrl Pts',(-19.4136796461016,0.46911292313964,3.2195239788518));
#1772=CARTESIAN_POINT('Ctrl Pts',(-19.0215729576838,0.495234588172165,4.77981681262826));
#1773=CARTESIAN_POINT('Ctrl Pts',(-18.1955885407185,0.550260653524727,8.0666201359852));
#1774=CARTESIAN_POINT('Ctrl Pts',(-16.4977555558062,0.605286718877289,11.1345859957553));
#1775=CARTESIAN_POINT('Ctrl Pts',(-14.1511972256381,0.660312784229851,13.5799214670689));
#1776=CARTESIAN_POINT('Ctrl Pts',(-11.8046388954699,0.715338849582414,16.0252569383826));
#1777=CARTESIAN_POINT('Ctrl Pts',(-8.80935522004599,0.770364914934977,17.8479620212397));
#1778=CARTESIAN_POINT('Ctrl Pts',(-5.55926615209899,0.82539098028754,18.8085714216997));
#1779=CARTESIAN_POINT('Ctrl Pts',(-2.309177084152,0.880417045640103,19.7691808221597));
#1780=CARTESIAN_POINT('Ctrl Pts',(1.19571737631805,0.935443110992666,19.8676945402227));
#1781=CARTESIAN_POINT('Ctrl Pts',(4.49460344875056,0.990469176345228,19.091044347263));
#1782=CARTESIAN_POINT('Ctrl Pts',(7.79348952118306,1.04549524169779,18.3143941543033));
#1783=CARTESIAN_POINT('Ctrl Pts',(10.886367205578,1.10052130705035,16.662580050321));
#1784=CARTESIAN_POINT('Ctrl Pts',(13.3665107337004,1.15554737240292,14.3528786760441));
#1785=CARTESIAN_POINT('Ctrl Pts',(15.8466542618228,1.21057343775548,12.0431773017673));
#1786=CARTESIAN_POINT('Ctrl Pts',(17.7140636336725,1.26559950310804,9.075588657196));
#1787=CARTESIAN_POINT('Ctrl Pts',(18.7232517892627,1.3206255684606,5.84024162776598));
#1788=CARTESIAN_POINT('Ctrl Pts',(19.7324399448528,1.37565163381317,2.60489459833597));
#1789=CARTESIAN_POINT('Ctrl Pts',(19.8834068841834,1.43067769916573,-0.898210815952767));
#1790=CARTESIAN_POINT('Ctrl Pts',(19.1561995261209,1.48570376451829,-4.20833315698505));
#1791=CARTESIAN_POINT('Ctrl Pts',(18.4289921680583,1.54072982987085,-7.51845549801734));
#1792=CARTESIAN_POINT('Ctrl Pts',(16.8236105126026,1.59575589522342,-10.6355947657932));
#1793=CARTESIAN_POINT('Ctrl Pts',(14.5513390930581,1.65078196057598,-13.1500858313931));
#1794=CARTESIAN_POINT('Ctrl Pts',(12.2790676735135,1.70580802592854,-15.6645768969931));
#1795=CARTESIAN_POINT('Ctrl Pts',(9.33990648988014,1.7608340912811,-17.5764197604171));
#1796=CARTESIAN_POINT('Ctrl Pts',(6.11995595498674,1.81586015663367,-18.6338316124545));
#1797=CARTESIAN_POINT('Ctrl Pts',(2.90000542009336,1.87088622198623,-19.6912434644918));
#1798=CARTESIAN_POINT('Ctrl Pts',(-0.600734466060037,1.92591228733879,-19.8942243051424));
#1799=CARTESIAN_POINT('Ctrl Pts',(-3.92123297286155,1.98093835269135,-19.2168441772408));
#1800=CARTESIAN_POINT('Ctrl Pts',(-7.24173147966304,2.03596441804392,-18.5394640493393));
#1801=CARTESIAN_POINT('Ctrl Pts',(-10.3819886071126,2.09099048339648,-16.9817229528856));
#1802=CARTESIAN_POINT('Ctrl Pts',(-12.9304826809904,2.14601654874904,-14.7469757308802));
#1803=CARTESIAN_POINT('Ctrl Pts',(-15.4789767548682,2.2010426141016,-12.5122285088748));
#1804=CARTESIAN_POINT('Ctrl Pts',(-17.4357077751742,2.25606867945417,-9.60047516131776));
#1805=CARTESIAN_POINT('Ctrl Pts',(-18.5406935621337,2.31109474480673,-6.39744084797266));
#1806=CARTESIAN_POINT('Ctrl Pts',(-19.2487198599298,2.3463530275771,-4.34507732135071));
#1807=CARTESIAN_POINT('Ctrl Pts',(-19.6070465819329,2.38161131034747,-2.1731230694923));
#1808=CARTESIAN_POINT('Ctrl Pts',(-19.6082623545716,2.41686959311784,-0.000992866729138242));
#1809=CARTESIAN_POINT('Origin',(0.,-2.,0.));
#1810=CARTESIAN_POINT('',(-19.6175100948471,4.58313040688526,-0.000155086941209551));
#1811=CARTESIAN_POINT('',(-19.6151577045606,4.41686959315916,-0.00233227572020588));
#1812=CARTESIAN_POINT('',(-19.611,-2.,2.40165483780787E-15));
#1813=CARTESIAN_POINT('Ctrl Pts',(-19.6175264720016,2.58313040684143,0.000990816609576652));
#1814=CARTESIAN_POINT('Ctrl Pts',(-19.6177575547886,2.58632083843901,0.19740676833597));
#1815=CARTESIAN_POINT('Ctrl Pts',(-19.6149427008447,2.58951127003659,0.393814022423642));
#1816=CARTESIAN_POINT('Ctrl Pts',(-19.6090537567995,2.59270170163417,0.590125940043808));
#1817=CARTESIAN_POINT('Ctrl Pts',(-19.4736298974799,2.66606978876924,5.10457153685274));
#1818=CARTESIAN_POINT('Ctrl Pts',(-17.7125370942446,2.73943787590432,9.56860041541769));
#1819=CARTESIAN_POINT('Ctrl Pts',(-14.7291512557497,2.81280596303939,12.9575783412698));
#1820=CARTESIAN_POINT('Ctrl Pts',(-11.7457654172549,2.88617405017447,16.3465562671219));
#1821=CARTESIAN_POINT('Ctrl Pts',(-7.54008654350048,2.95954213730954,18.6604832402612));
#1822=CARTESIAN_POINT('Ctrl Pts',(-3.08133004789426,3.03291022444462,19.3729783966223));
#1823=CARTESIAN_POINT('Ctrl Pts',(-0.851951800091144,3.06959426801216,19.7292259748029));
#1824=CARTESIAN_POINT('Ctrl Pts',(1.44069585317487,3.1062783115797,19.6851155987889));
#1825=CARTESIAN_POINT('Ctrl Pts',(3.66309123106086,3.14296235514723,19.2622623610263));
#1826=CARTESIAN_POINT('Ctrl Pts',(5.88548660894685,3.17964639871477,18.8394091232637));
#1827=CARTESIAN_POINT('Ctrl Pts',(8.03762971145282,3.21633044228231,18.0378130237525));
#1828=CARTESIAN_POINT('Ctrl Pts',(9.98099209960781,3.25301448584984,16.8879587193138));
#1829=CARTESIAN_POINT('Ctrl Pts',(13.8677168759178,3.32638257298492,14.5882501104365));
#1830=CARTESIAN_POINT('Ctrl Pts',(16.9193187948242,3.39975066012,10.8955086818496));
#1831=CARTESIAN_POINT('Ctrl Pts',(18.4552386612438,3.47311874725507,6.64649905885502));
#1832=CARTESIAN_POINT('Ctrl Pts',(19.4791852388568,3.52203080534512,3.81382597685864));
#1833=CARTESIAN_POINT('Ctrl Pts',(19.829495348698,3.57094286343517,0.733922586236626));
#1834=CARTESIAN_POINT('Ctrl Pts',(19.4808528915743,3.61985492152523,-2.2591370363487));
#1835=CARTESIAN_POINT('Ctrl Pts',(19.1322104344506,3.66876697961528,-5.25219665893397));
#1836=CARTESIAN_POINT('Ctrl Pts',(18.0846154103622,3.71767903770533,-8.15841251348257));
#1837=CARTESIAN_POINT('Ctrl Pts',(16.4441668678345,3.76659109579538,-10.6858039629771));
#1838=CARTESIAN_POINT('Ctrl Pts',(14.8037183253068,3.81550315388543,-13.2131954124716));
#1839=CARTESIAN_POINT('Ctrl Pts',(12.5704162643399,3.86441521197547,-15.361762456912));
#1840=CARTESIAN_POINT('Ctrl Pts',(9.97456466979493,3.91332727006552,-16.8906313743284));
#1841=CARTESIAN_POINT('Ctrl Pts',(6.08078727797748,3.9866953572006,-19.183934750453));
#1842=CARTESIAN_POINT('Ctrl Pts',(1.37127343560935,4.06006344433568,-20.0829173407737));
#1843=CARTESIAN_POINT('Ctrl Pts',(-3.08617225454946,4.13343153147075,-19.3736513675474));
#1844=CARTESIAN_POINT('Ctrl Pts',(-7.54361794470833,4.20679961860583,-18.6643853943211));
#1845=CARTESIAN_POINT('Ctrl Pts',(-11.7489954826579,4.2801677057409,-16.3468708575479));
#1846=CARTESIAN_POINT('Ctrl Pts',(-14.7321249446256,4.35353579287598,-12.9547459501758));
#1847=CARTESIAN_POINT('Ctrl Pts',(-17.7152544065933,4.42690388001105,-9.5626210428036));
#1848=CARTESIAN_POINT('Ctrl Pts',(-19.4761357925791,4.50027196714613,-5.09588576483245));
#1849=CARTESIAN_POINT('Ctrl Pts',(-19.6093310408323,4.57364005428121,-0.583954273920663));
#1850=CARTESIAN_POINT('Ctrl Pts',(-19.6150740912532,4.57680350514922,-0.389410922053302));
#1851=CARTESIAN_POINT('Ctrl Pts',(-19.6177910752288,4.57996695601724,-0.194783544930582));
#1852=CARTESIAN_POINT('Ctrl Pts',(-19.6175100948471,4.58313040688526,-0.000155086941209551));
#1853=CARTESIAN_POINT('Ctrl Pts',(-19.6082623545716,2.41686959311784,-0.000992866729138242));
#1854=CARTESIAN_POINT('Ctrl Pts',(-19.6089439853063,2.43663737570003,1.21682587583659));
#1855=CARTESIAN_POINT('Ctrl Pts',(-19.4973729240312,2.45640515828222,2.43469992603921));
#1856=CARTESIAN_POINT('Ctrl Pts',(-19.2722430326327,2.47617294086442,3.63158430664801));
#1857=CARTESIAN_POINT('Ctrl Pts',(-18.645566162559,2.53119900621698,6.96325986879058));
#1858=CARTESIAN_POINT('Ctrl Pts',(-17.1389718687984,2.58622507156954,10.1322957139426));
#1859=CARTESIAN_POINT('Ctrl Pts',(-14.940934113705,2.6412511369221,12.7105981421206));
#1860=CARTESIAN_POINT('Ctrl Pts',(-12.0102171069138,2.71461922405885,16.1483347130247));
#1861=CARTESIAN_POINT('Ctrl Pts',(-7.85026727997565,2.7879873111956,18.5358785426416));
#1862=CARTESIAN_POINT('Ctrl Pts',(-3.40489533282019,2.86135539833235,19.320327258815));
#1863=CARTESIAN_POINT('Ctrl Pts',(1.04047661433527,2.9347234854691,20.1047759749883));
#1864=CARTESIAN_POINT('Ctrl Pts',(5.77127068170801,3.00809157260586,19.286129577718));
#1865=CARTESIAN_POINT('Ctrl Pts',(9.69780553247048,3.08145965974261,17.053094499057));
#1866=CARTESIAN_POINT('Ctrl Pts',(13.624340383233,3.15482774687936,14.8200594203959));
#1867=CARTESIAN_POINT('Ctrl Pts',(16.7466160173852,3.22819583401611,11.172635660344));
#1868=CARTESIAN_POINT('Ctrl Pts',(18.3451904538434,3.30156392115286,6.95130196313252));
#1869=CARTESIAN_POINT('Ctrl Pts',(19.9437648903015,3.3749320082896,2.72996826592111));
#1870=CARTESIAN_POINT('Ctrl Pts',(20.0186381290657,3.44830009542636,-2.06527536844987));
#1871=CARTESIAN_POINT('Ctrl Pts',(18.5625263865113,3.52166818256311,-6.34224255416546));
#1872=CARTESIAN_POINT('Ctrl Pts',(17.5917852248083,3.57058024065427,-9.19355401130922));
#1873=CARTESIAN_POINT('Ctrl Pts',(15.9406062936304,3.61949229874544,-11.8145203801617));
#1874=CARTESIAN_POINT('Ctrl Pts',(13.7984809808268,3.66840435683661,-13.9341627161341));
#1875=CARTESIAN_POINT('Ctrl Pts',(11.6563556680233,3.71731641492777,-16.0538050521064));
#1876=CARTESIAN_POINT('Ctrl Pts',(9.02328397359416,3.76622847301894,-17.6721233551987));
#1877=CARTESIAN_POINT('Ctrl Pts',(6.16346856208343,3.8151405311101,-18.6191905449068));
#1878=CARTESIAN_POINT('Ctrl Pts',(3.30365315057271,3.86405258920127,-19.566257734615));
#1879=CARTESIAN_POINT('Ctrl Pts',(0.217094021980416,3.91296464729244,-19.842073810939));
#1880=CARTESIAN_POINT('Ctrl Pts',(-2.76487273858714,3.96187670538361,-19.4166399472018));
#1881=CARTESIAN_POINT('Ctrl Pts',(-5.7468394991547,4.01078876347477,-18.9912060834646));
#1882=CARTESIAN_POINT('Ctrl Pts',(-8.62421389169749,4.05970082156594,-17.8645222796662));
#1883=CARTESIAN_POINT('Ctrl Pts',(-11.1100257954809,4.10861287965711,-16.1592371150301));
#1884=CARTESIAN_POINT('Ctrl Pts',(-12.7672337313365,4.14122091838455,-15.0223803386061));
#1885=CARTESIAN_POINT('Ctrl Pts',(-14.2504138944102,4.17382895711199,-13.6283674018098));
#1886=CARTESIAN_POINT('Ctrl Pts',(-15.4822234368388,4.20643699583944,-12.0417253728106));
#1887=CARTESIAN_POINT('Ctrl Pts',(-17.9458425216962,4.27165307329433,-8.86844131481235));
#1888=CARTESIAN_POINT('Ctrl Pts',(-19.4039791239735,4.33686915074922,-4.92464088800298));
#1889=CARTESIAN_POINT('Ctrl Pts',(-19.5937852284093,4.40208522820411,-0.912670773774065));
#1890=CARTESIAN_POINT('Ctrl Pts',(-19.6081281268079,4.40701334985579,-0.609502022180277));
#1891=CARTESIAN_POINT('Ctrl Pts',(-19.6152285681667,4.41194147150748,-0.305944006090029));
#1892=CARTESIAN_POINT('Ctrl Pts',(-19.6151577045606,4.41686959315916,-0.00233227572020588));
#1893=CARTESIAN_POINT('Origin',(0.,-2.,0.));
#1894=CARTESIAN_POINT('',(-19.6114304734444,6.58313040692597,-0.000429712422704288));
#1895=CARTESIAN_POINT('',(-19.6104468954347,6.4168695931334,-0.000430130761246138));
#1896=CARTESIAN_POINT('',(-19.611,-2.,2.40165483780787E-15));
#1897=CARTESIAN_POINT('Ctrl Pts',(-19.6175100948471,4.58313040688525,-0.000155086941209552));
#1898=CARTESIAN_POINT('Ctrl Pts',(-19.6112744596746,4.65333504315231,4.31912176306759));
#1899=CARTESIAN_POINT('Ctrl Pts',(-18.1285306188122,4.72353967941937,8.63893094376127));
#1900=CARTESIAN_POINT('Ctrl Pts',(-15.4764301064725,4.79374431568643,12.0527029408371));
#1901=CARTESIAN_POINT('Ctrl Pts',(-13.6286932443832,4.84265637377648,14.431101620833));
#1902=CARTESIAN_POINT('Ctrl Pts',(-11.2133499806695,4.89156843186653,16.3697093302251));
#1903=CARTESIAN_POINT('Ctrl Pts',(-8.49623255343578,4.94048048995658,17.6742801919101));
#1904=CARTESIAN_POINT('Ctrl Pts',(-5.77911512620201,4.98939254804663,18.9788510535952));
#1905=CARTESIAN_POINT('Ctrl Pts',(-2.76022353544808,5.03830460613669,19.6493850675733));
#1906=CARTESIAN_POINT('Ctrl Pts',(0.251295482691233,5.08721666422673,19.6112823138748));
#1907=CARTESIAN_POINT('Ctrl Pts',(3.2628145008305,5.13612872231678,19.5731795601763));
#1908=CARTESIAN_POINT('Ctrl Pts',(6.26696094635516,5.18504078040683,18.8264400388011));
#1909=CARTESIAN_POINT('Ctrl Pts',(8.94883323609704,5.23395283849688,17.4512972905834));
#1910=CARTESIAN_POINT('Ctrl Pts',(11.630705525839,5.28286489658693,16.0761545423656));
#1911=CARTESIAN_POINT('Ctrl Pts',(13.9903036597982,5.33177695467698,14.0726085673051));
#1912=CARTESIAN_POINT('Ctrl Pts',(15.7788815068388,5.38068901276703,11.6491278319214));
#1913=CARTESIAN_POINT('Ctrl Pts',(17.5674593538793,5.42960107085709,9.22564709653779));
#1914=CARTESIAN_POINT('Ctrl Pts',(18.7850169140012,5.47851312894713,6.38223160083089));
#1915=CARTESIAN_POINT('Ctrl Pts',(19.3113189259909,5.52742518703718,3.41487254839243));
#1916=CARTESIAN_POINT('Ctrl Pts',(19.8376209379805,5.57633724512723,0.447513495953878));
#1917=CARTESIAN_POINT('Ctrl Pts',(19.6726674018379,5.62524930321728,-2.64378911321627));
#1918=CARTESIAN_POINT('Ctrl Pts',(18.8193612354118,5.67416136130734,-5.53254190980277));
#1919=CARTESIAN_POINT('Ctrl Pts',(17.5394019857725,5.74752944844241,-9.86567110468238));
#1920=CARTESIAN_POINT('Ctrl Pts',(14.7106493179955,5.82089753557749,-13.7430632212488));
#1921=CARTESIAN_POINT('Ctrl Pts',(10.9696151724007,5.89426562271257,-16.2662325956199));
#1922=CARTESIAN_POINT('Ctrl Pts',(7.22858102680577,5.96763370984764,-18.789401969991));
#1923=CARTESIAN_POINT('Ctrl Pts',(2.57526540339327,6.0410017969827,-19.9583486021665));
#1924=CARTESIAN_POINT('Ctrl Pts',(-1.92254340782387,6.11436988411778,-19.5210187587776));
#1925=CARTESIAN_POINT('Ctrl Pts',(-4.92108261530192,6.16328194220783,-19.2294655298516));
#1926=CARTESIAN_POINT('Ctrl Pts',(-7.85050768402644,6.21219400029789,-18.2240116451193));
#1927=CARTESIAN_POINT('Ctrl Pts',(-10.403464534385,6.26110605838794,-16.6242466112273));
#1928=CARTESIAN_POINT('Ctrl Pts',(-12.9564213847436,6.31001811647799,-15.0244815773354));
#1929=CARTESIAN_POINT('Ctrl Pts',(-15.1329100167363,6.35893017456804,-12.830405394284));
#1930=CARTESIAN_POINT('Ctrl Pts',(-16.7114489913483,6.40784223265809,-10.2636660886127));
#1931=CARTESIAN_POINT('Ctrl Pts',(-18.2899879659603,6.45675429074814,-7.69692678294125));
#1932=CARTESIAN_POINT('Ctrl Pts',(-19.2705772831916,6.50566634883819,-4.75752435464984));
#1933=CARTESIAN_POINT('Ctrl Pts',(-19.5366795269436,6.55457840692824,-1.75676315708127));
#1934=CARTESIAN_POINT('Ctrl Pts',(-19.5884578379211,6.56409574026082,-1.17287350524657));
#1935=CARTESIAN_POINT('Ctrl Pts',(-19.6131845423646,6.5736130735934,-0.586660713714121));
#1936=CARTESIAN_POINT('Ctrl Pts',(-19.6114304734444,6.58313040692597,-0.000429712422704288));
#1937=CARTESIAN_POINT('Ctrl Pts',(-19.6151577045606,4.41686959315916,-0.00233227572020588));
#1938=CARTESIAN_POINT('Ctrl Pts',(-19.6145252403956,4.46085352959864,2.70743018444615));
#1939=CARTESIAN_POINT('Ctrl Pts',(-19.0426462902571,4.50483746603812,5.42147137681241));
#1940=CARTESIAN_POINT('Ctrl Pts',(-17.9501063014312,4.54882140247761,7.90123244250233));
#1941=CARTESIAN_POINT('Ctrl Pts',(-16.7351541228352,4.59773346056877,10.6588350382619));
#1942=CARTESIAN_POINT('Ctrl Pts',(-14.8763310923522,4.64664551865994,13.1267171949358));
#1943=CARTESIAN_POINT('Ctrl Pts',(-12.5636342974827,4.69555757675111,15.0580676840086));
#1944=CARTESIAN_POINT('Ctrl Pts',(-10.2509375026132,4.74446963484228,16.9894181730814));
#1945=CARTESIAN_POINT('Ctrl Pts',(-7.48436694335734,4.79338169293344,18.3842369945531));
#1946=CARTESIAN_POINT('Ctrl Pts',(-4.55354202543998,4.84229375102461,19.0800919542412));
#1947=CARTESIAN_POINT('Ctrl Pts',(-0.157304648563947,4.91566183816136,20.1238743937735));
#1948=CARTESIAN_POINT('Ctrl Pts',(4.60850503530031,4.9890299252981,19.5949881442927));
#1949=CARTESIAN_POINT('Ctrl Pts',(8.65905475217689,5.06239801243485,17.6035631610984));
#1950=CARTESIAN_POINT('Ctrl Pts',(12.7096044690535,5.1357660995716,15.6121381779041));
#1951=CARTESIAN_POINT('Ctrl Pts',(16.0448942189424,5.20913418670836,12.1581744609962));
#1952=CARTESIAN_POINT('Ctrl Pts',(17.8957455984048,5.28250227384511,8.03746941151835));
#1953=CARTESIAN_POINT('Ctrl Pts',(19.7465969778673,5.35587036098186,3.91676436204048));
#1954=CARTESIAN_POINT('Ctrl Pts',(20.1130099869033,5.4292384481186,-0.870682020007383));
#1955=CARTESIAN_POINT('Ctrl Pts',(18.910511392874,5.50260653525535,-5.22136877109948));
#1956=CARTESIAN_POINT('Ctrl Pts',(17.7080127988446,5.5759746223921,-9.57205552219162));
#1957=CARTESIAN_POINT('Ctrl Pts',(14.93660260175,5.64934270952885,-13.485982642328));
#1958=CARTESIAN_POINT('Ctrl Pts',(11.2366910989602,5.7227107966656,-16.0784649886265));
#1959=CARTESIAN_POINT('Ctrl Pts',(8.77008343043367,5.77162285475677,-17.8067865528255));
#1960=CARTESIAN_POINT('Ctrl Pts',(5.89080851493157,5.82053491284794,-18.9477993286521));
#1961=CARTESIAN_POINT('Ctrl Pts',(2.91013486503054,5.86944697093911,-19.3937635744269));
#1962=CARTESIAN_POINT('Ctrl Pts',(-0.0705387848704686,5.91835902903028,
-19.8397278202017));
#1963=CARTESIAN_POINT('Ctrl Pts',(-3.15261116917045,5.96727108712144,-19.5906435359247));
#1964=CARTESIAN_POINT('Ctrl Pts',(-6.01947888852521,6.01618314521261,-18.6664667688339));
#1965=CARTESIAN_POINT('Ctrl Pts',(-8.88634660787995,6.06509520330377,-17.7422900017431));
#1966=CARTESIAN_POINT('Ctrl Pts',(-11.5380096622895,6.11400726139494,-16.1430207518386));
#1967=CARTESIAN_POINT('Ctrl Pts',(-13.6950873479612,6.16291931948611,-14.0386088720974));
#1968=CARTESIAN_POINT('Ctrl Pts',(-15.8521650336329,6.21183137757727,-11.9341969923563));
#1969=CARTESIAN_POINT('Ctrl Pts',(-17.5146573505667,6.26074343566844,-9.32464248277853));
#1970=CARTESIAN_POINT('Ctrl Pts',(-18.5101121867418,6.30965549375961,-6.48159161616928));
#1971=CARTESIAN_POINT('Ctrl Pts',(-19.2374501745025,6.3453935268842,-4.40429104835394));
#1972=CARTESIAN_POINT('Ctrl Pts',(-19.6086818620421,6.3811315600088,-2.20233553053038));
#1973=CARTESIAN_POINT('Ctrl Pts',(-19.6104468954347,6.4168695931334,-0.000430130761246138));
#1974=CARTESIAN_POINT('Origin',(0.,-2.,0.));
#1975=CARTESIAN_POINT('',(-19.611437726331,8.58313040697715,0.000457943279274424));
#1976=CARTESIAN_POINT('',(-19.6104145203159,8.41686959306034,-0.0031202192150858));
#1977=CARTESIAN_POINT('',(-19.611,-2.,2.40165483780787E-15));
#1978=CARTESIAN_POINT('Ctrl Pts',(-19.6114304734444,6.58313040692597,-0.000429712422704289));
#1979=CARTESIAN_POINT('Ctrl Pts',(-19.599662615909,6.64698116072847,3.9325302908518));
#1980=CARTESIAN_POINT('Ctrl Pts',(-18.3960157757503,6.71083191453097,7.86630990119556));
#1981=CARTESIAN_POINT('Ctrl Pts',(-16.1728598598772,6.77468266833347,11.1049079404922));
#1982=CARTESIAN_POINT('Ctrl Pts',(-13.6183293768832,6.84805075546854,14.8262382144866));
#1983=CARTESIAN_POINT('Ctrl Pts',(-9.71771096059548,6.92141884260362,17.6296997352488));
#1984=CARTESIAN_POINT('Ctrl Pts',(-5.37411299588722,6.99478692973869,18.8673572454281));
#1985=CARTESIAN_POINT('Ctrl Pts',(-1.030515031179,7.06815501687377,20.1050147556073));
#1986=CARTESIAN_POINT('Ctrl Pts',(3.75606248194985,7.14152310400884,19.7768682552036));
#1987=CARTESIAN_POINT('Ctrl Pts',(7.88999773222721,7.21489119114392,17.9604343309813));
#1988=CARTESIAN_POINT('Ctrl Pts',(12.0239329825045,7.28825927827899,16.1440004067589));
#1989=CARTESIAN_POINT('Ctrl Pts',(15.5052259699305,7.36162736541407,12.839279058718));
#1990=CARTESIAN_POINT('Ctrl Pts',(17.5317034021169,7.43499545254914,8.80388260940703));
#1991=CARTESIAN_POINT('Ctrl Pts',(19.5581808343033,7.50836353968422,4.76848616009605));
#1992=CARTESIAN_POINT('Ctrl Pts',(20.12984271125,7.58173162681929,0.0024146095150801));
#1993=CARTESIAN_POINT('Ctrl Pts',(19.1177782307054,7.65509971395437,-4.39811903233264));
#1994=CARTESIAN_POINT('Ctrl Pts',(18.1057137501608,7.72846780108944,-8.79865267418036));
#1995=CARTESIAN_POINT('Ctrl Pts',(15.5099229121248,7.80183588822452,-12.8336484072948));
#1996=CARTESIAN_POINT('Ctrl Pts',(11.9232911880749,7.8752039753596,-15.5784206687383));
#1997=CARTESIAN_POINT('Ctrl Pts',(8.33665946402494,7.94857206249467,-18.3231929301818));
#1998=CARTESIAN_POINT('Ctrl Pts',(3.75918685396103,8.02194014962975,-19.7777417199543));
#1999=CARTESIAN_POINT('Ctrl Pts',(-0.751592965974228,8.09530823676482,-19.6040653979686));
#2000=CARTESIAN_POINT('Ctrl Pts',(-5.26237278590939,8.1686763238999,-19.4303890759828));
#2001=CARTESIAN_POINT('Ctrl Pts',(-9.70645981571598,8.24204441103498,-17.6284876422387));
#2002=CARTESIAN_POINT('Ctrl Pts',(-13.0772749650854,8.31541249817005,-14.6205270112627));
#2003=CARTESIAN_POINT('Ctrl Pts',(-15.324485064665,8.3643245562601,-12.6152199239453));
#2004=CARTESIAN_POINT('Ctrl Pts',(-17.0946854396059,8.41323661435015,-10.0738865267472));
#2005=CARTESIAN_POINT('Ctrl Pts',(-18.2114131508711,8.4621486724402,-7.274426437268));
#2006=CARTESIAN_POINT('Ctrl Pts',(-19.1321380926676,8.50247591728585,-4.96631435054699));
#2007=CARTESIAN_POINT('Ctrl Pts',(-19.608648612348,8.5428031621315,-2.4827341749249));
#2008=CARTESIAN_POINT('Ctrl Pts',(-19.611437726331,8.58313040697715,0.000457943279274425));
#2009=CARTESIAN_POINT('Ctrl Pts',(-19.6104468954347,6.4168695931334,-0.000430130761246138));
#2010=CARTESIAN_POINT('Ctrl Pts',(-19.6110975354378,6.43004361809997,0.811252946744691));
#2011=CARTESIAN_POINT('Ctrl Pts',(-19.561542719218,6.44321764306654,1.62292921389372));
#2012=CARTESIAN_POINT('Ctrl Pts',(-19.4611132074259,6.45639166803311,2.42835201441458));
#2013=CARTESIAN_POINT('Ctrl Pts',(-19.0882420365189,6.50530372612427,5.41869755474825));
#2014=CARTESIAN_POINT('Ctrl Pts',(-18.0140823392888,6.55421578421545,8.32284141177493));
#2015=CARTESIAN_POINT('Ctrl Pts',(-16.3495817861841,6.60312784230661,10.8332975437253));
#2016=CARTESIAN_POINT('Ctrl Pts',(-14.6850812330794,6.65203990039778,13.3437536756757));
#2017=CARTESIAN_POINT('Ctrl Pts',(-12.4302398241001,6.70095195848893,15.4605220825497));
#2018=CARTESIAN_POINT('Ctrl Pts',(-9.82354240014998,6.7498640165801,16.9727232653049));
#2019=CARTESIAN_POINT('Ctrl Pts',(-8.08574411751655,6.78247205530755,17.9808573871417));
#2020=CARTESIAN_POINT('Ctrl Pts',(-6.19156538378497,6.815080094035,18.7202949649256));
#2021=CARTESIAN_POINT('Ctrl Pts',(-4.22959436300517,6.84768813276245,19.1515882331751));
#2022=CARTESIAN_POINT('Ctrl Pts',(-0.305652321445625,6.91290421021734,20.0141747696742));
#2023=CARTESIAN_POINT('Ctrl Pts',(3.88945886830682,6.97812028767222,19.6441840680359));
#2024=CARTESIAN_POINT('Ctrl Pts',(7.58976605414904,7.04333636512711,18.0901228208926));
#2025=CARTESIAN_POINT('Ctrl Pts',(11.7526116382215,7.11670445226385,16.3418039178565));
#2026=CARTESIAN_POINT('Ctrl Pts',(15.2892209048452,7.19007253940061,13.0948957306659));
#2027=CARTESIAN_POINT('Ctrl Pts',(17.3829697142505,7.26344062653736,9.09390758941558));
#2028=CARTESIAN_POINT('Ctrl Pts',(19.4767185236559,7.33680871367411,5.09291944816521));
#2029=CARTESIAN_POINT('Ctrl Pts',(20.1276068758429,7.41017680081086,0.337851352855241));
#2030=CARTESIAN_POINT('Ctrl Pts',(19.1884416595904,7.48354488794761,-4.07917154164138));
#2031=CARTESIAN_POINT('Ctrl Pts',(18.2492764433379,7.55691297508436,-8.49619443613795));
#2032=CARTESIAN_POINT('Ctrl Pts',(15.7200576586459,7.63028106222111,-12.5751721298212));
#2033=CARTESIAN_POINT('Ctrl Pts',(12.1802180967655,7.70364914935786,-15.3786367766089));
#2034=CARTESIAN_POINT('Ctrl Pts',(8.64037853488515,7.77701723649461,-18.1821014233966));
#2035=CARTESIAN_POINT('Ctrl Pts',(4.08991819581644,7.85038532363136,-19.7100530232888));
#2036=CARTESIAN_POINT('Ctrl Pts',(-0.424516617125034,7.92375341076811,-19.6126875126071));
#2037=CARTESIAN_POINT('Ctrl Pts',(-4.93895143006646,7.99712149790486,-19.5153220019253));
#2038=CARTESIAN_POINT('Ctrl Pts',(-9.41736071688068,8.07048958504161,-17.7926393806696));
#2039=CARTESIAN_POINT('Ctrl Pts',(-12.8330574931191,8.14385767217836,-14.8380226953763));
#2040=CARTESIAN_POINT('Ctrl Pts',(-16.2487542693577,8.21722575931511,-11.8834060100829));
#2041=CARTESIAN_POINT('Ctrl Pts',(-18.6017385350204,8.29059384645186,-7.69685526075177));
#2042=CARTESIAN_POINT('Ctrl Pts',(-19.3479622117013,8.36396193358861,-3.24477416913733));
#2043=CARTESIAN_POINT('Ctrl Pts',(-19.527336058998,8.38159782007919,-2.17460320185816));
#2044=CARTESIAN_POINT('Ctrl Pts',(-19.6138707108641,8.39923370656976,-1.08908979743615));
#2045=CARTESIAN_POINT('Ctrl Pts',(-19.6104145203159,8.41686959306034,-0.0031202192150858));
#2046=CARTESIAN_POINT('Origin',(0.,-2.,0.));
#2047=CARTESIAN_POINT('',(-19.6088162458307,10.5831304070103,-0.00287147238136864));
#2048=CARTESIAN_POINT('',(-19.6071533166175,10.4168695929988,-0.00275510951242525));
#2049=CARTESIAN_POINT('',(-19.611,-2.,2.40165483780787E-15));
#2050=CARTESIAN_POINT('Ctrl Pts',(-19.611437726331,8.58313040697715,0.000457943279274425));
#2051=CARTESIAN_POINT('Ctrl Pts',(-19.6120314694134,8.59171522022155,0.52907676329402));
#2052=CARTESIAN_POINT('Ctrl Pts',(-19.591157409118,8.60030003346595,1.05767799757116));
#2053=CARTESIAN_POINT('Ctrl Pts',(-19.5485308885452,8.60888484671035,1.58456514381623));
#2054=CARTESIAN_POINT('Ctrl Pts',(-19.305665867365,8.6577969048004,4.5865098536614));
#2055=CARTESIAN_POINT('Ctrl Pts',(-18.3566807774152,8.70670896289045,7.53281249159171));
#2056=CARTESIAN_POINT('Ctrl Pts',(-16.8023359612183,8.7556210209805,10.1149579273822));
#2057=CARTESIAN_POINT('Ctrl Pts',(-15.2479911450214,8.80453307907055,12.6971033631727));
#2058=CARTESIAN_POINT('Ctrl Pts',(-13.0882866025775,8.8534451371606,14.9150915968235));
#2059=CARTESIAN_POINT('Ctrl Pts',(-10.5488362064731,8.90235719525065,16.5347441117114));
#2060=CARTESIAN_POINT('Ctrl Pts',(-8.00938581036872,8.9512692533407,18.1543966265992));
#2061=CARTESIAN_POINT('Ctrl Pts',(-5.09018956060393,9.00018131143076,19.1757134227242));
#2062=CARTESIAN_POINT('Ctrl Pts',(-2.09361881059033,9.04909336952081,19.4988890571441));
#2063=CARTESIAN_POINT('Ctrl Pts',(0.902951939423307,9.09800542761086,19.822064691564));
#2064=CARTESIAN_POINT('Ctrl Pts',(3.97689718968575,9.14691748570091,19.4470991642788));
#2065=CARTESIAN_POINT('Ctrl Pts',(6.80060815453347,9.19582954379095,18.3993208168412));
#2066=CARTESIAN_POINT('Ctrl Pts',(11.036174601805,9.26919763092602,16.8276532956849));
#2067=CARTESIAN_POINT('Ctrl Pts',(14.7087139068934,9.3425657180611,13.742156929186));
#2068=CARTESIAN_POINT('Ctrl Pts',(16.9733882061368,9.41593380519618,9.83701758439952));
#2069=CARTESIAN_POINT('Ctrl Pts',(19.2380625053802,9.48930189233126,5.93187823961302));
#2070=CARTESIAN_POINT('Ctrl Pts',(20.0948717987784,9.56266997946633,1.20709591653899));
#2071=CARTESIAN_POINT('Ctrl Pts',(19.3475860347346,9.63603806660141,-3.2467003239377));
#2072=CARTESIAN_POINT('Ctrl Pts',(18.6003002706907,9.70940615373649,-7.7004965644143));
#2073=CARTESIAN_POINT('Ctrl Pts',(16.2489194492047,9.78277424087156,-11.8833067222936));
#2074=CARTESIAN_POINT('Ctrl Pts',(12.8334798526251,9.85614232800664,-14.837023496556));
#2075=CARTESIAN_POINT('Ctrl Pts',(9.41804025604535,9.92951041514171,-17.7907402708184));
#2076=CARTESIAN_POINT('Ctrl Pts',(4.93854188437192,10.0028785022768,-19.515363661464));
#2077=CARTESIAN_POINT('Ctrl Pts',(0.42412820939342,10.0762465894119,-19.6132048697769));
#2078=CARTESIAN_POINT('Ctrl Pts',(-4.09028546558503,10.1496146765469,-19.7110460780899));
#2079=CARTESIAN_POINT('Ctrl Pts',(-8.63961444386855,10.222982763682,-18.1821051040703));
#2080=CARTESIAN_POINT('Ctrl Pts',(-12.1796972053118,10.2963508508171,-15.3783644432159));
#2081=CARTESIAN_POINT('Ctrl Pts',(-15.7197799667551,10.3697189379522,-12.5746237823615));
#2082=CARTESIAN_POINT('Ctrl Pts',(-18.2506165113581,10.4430870250872,-8.49608343467252));
#2083=CARTESIAN_POINT('Ctrl Pts',(-19.1895518916873,10.5164551122223,-4.07939641025746));
#2084=CARTESIAN_POINT('Ctrl Pts',(-19.4739797935853,10.538680210485,-2.74146725132611));
#2085=CARTESIAN_POINT('Ctrl Pts',(-19.6123282581237,10.5609053087476,-1.37250835424897));
#2086=CARTESIAN_POINT('Ctrl Pts',(-19.6088162458307,10.5831304070103,-0.00287147238136864));
#2087=CARTESIAN_POINT('Ctrl Pts',(-19.6104145203159,8.41686959306034,-0.0031202192150858));
#2088=CARTESIAN_POINT('Ctrl Pts',(-19.5994924095841,8.47260179370651,3.42871602340252));
#2089=CARTESIAN_POINT('Ctrl Pts',(-18.689867464404,8.52833399435269,6.86510789273981));
#2090=CARTESIAN_POINT('Ctrl Pts',(-16.971431573322,8.58406619499886,9.83625606349535));
#2091=CARTESIAN_POINT('Ctrl Pts',(-15.8403228719425,8.62075023856724,11.7919249170557));
#2092=CARTESIAN_POINT('Ctrl Pts',(-14.3587940479485,8.65743428213561,13.5460253389218));
#2093=CARTESIAN_POINT('Ctrl Pts',(-12.6286684814594,8.69411832570399,15.001044508154));
#2094=CARTESIAN_POINT('Ctrl Pts',(-10.8985429149703,8.73080236927236,16.4560636773862));
#2095=CARTESIAN_POINT('Ctrl Pts',(-8.91982060598618,8.76748641284073,17.6120015939846));
#2096=CARTESIAN_POINT('Ctrl Pts',(-6.80082775433968,8.80417045640911,18.3955081159979));
#2097=CARTESIAN_POINT('Ctrl Pts',(-3.97550395214431,8.85308251450027,19.4401834786824));
#2098=CARTESIAN_POINT('Ctrl Pts',(-0.900810296326978,8.90199457259145,19.822758584327));
#2099=CARTESIAN_POINT('Ctrl Pts',(2.09464925185684,8.95090663068262,19.5009258511634));
#2100=CARTESIAN_POINT('Ctrl Pts',(5.09010880004061,8.99981868877378,19.1790931179997));
#2101=CARTESIAN_POINT('Ctrl Pts',(8.00633424059086,9.04873074686494,18.1528525460279));
#2102=CARTESIAN_POINT('Ctrl Pts',(10.5475286254706,9.09764280495611,16.532874994337));
#2103=CARTESIAN_POINT('Ctrl Pts',(13.0887230103504,9.14655486304727,14.9128974426461));
#2104=CARTESIAN_POINT('Ctrl Pts',(15.2548863395596,9.19546692113844,12.6991829112362));
#2105=CARTESIAN_POINT('Ctrl Pts',(16.8053380480455,9.24437897922961,10.1170004765665));
#2106=CARTESIAN_POINT('Ctrl Pts',(19.1310156107743,9.31774706636636,6.243726824562));
#2107=CARTESIAN_POINT('Ctrl Pts',(20.0713420268755,9.39111515350311,1.54140039022322));
#2108=CARTESIAN_POINT('Ctrl Pts',(19.3995947590289,9.46448324063986,-2.92243474984854));
#2109=CARTESIAN_POINT('Ctrl Pts',(18.7278474911822,9.53785132777661,-7.38626988992025));
#2110=CARTESIAN_POINT('Ctrl Pts',(16.4440265393877,9.61121941491336,-11.6116137357249));
#2111=CARTESIAN_POINT('Ctrl Pts',(13.0778205205947,9.68458750205011,-14.62263397621));
#2112=CARTESIAN_POINT('Ctrl Pts',(9.71161450180173,9.75795558918686,-17.6336542166951));
#2113=CARTESIAN_POINT('Ctrl Pts',(5.26302341601034,9.83132367632361,-19.4303508518606));
#2114=CARTESIAN_POINT('Ctrl Pts',(0.750838471993987,9.90469176346036,-19.6027932129444));
#2115=CARTESIAN_POINT('Ctrl Pts',(-3.76134647202242,9.97805985059711,-19.7752355740282));
#2116=CARTESIAN_POINT('Ctrl Pts',(-8.33712527426376,10.0514279377339,-18.3234236610302));
#2117=CARTESIAN_POINT('Ctrl Pts',(-11.9231549227023,10.1247960248706,-15.5794672921738));
#2118=CARTESIAN_POINT('Ctrl Pts',(-15.5091845711407,10.1981641120074,-12.8355109233174));
#2119=CARTESIAN_POINT('Ctrl Pts',(-18.1054650657764,10.2715321991441,-8.79941009860245));
#2120=CARTESIAN_POINT('Ctrl Pts',(-19.1177330579341,10.3449002862809,-4.39849600778995));
#2121=CARTESIAN_POINT('Ctrl Pts',(-19.4487226768611,10.3688900551869,-2.95949280988827));
#2122=CARTESIAN_POINT('Ctrl Pts',(-19.6103579515728,10.3928798240928,-1.48148568282286));
#2123=CARTESIAN_POINT('Ctrl Pts',(-19.6071533166175,10.4168695929988,-0.00275510951242525));
#2124=CARTESIAN_POINT('Origin',(0.,-2.,0.));
#2125=CARTESIAN_POINT('',(-19.6061661913403,12.583130406975,-0.000950128065248476));
#2126=CARTESIAN_POINT('',(-19.6086541180276,12.4168695929989,-0.0011685341288372));
#2127=CARTESIAN_POINT('',(-19.611,-2.,2.40165483780787E-15));
#2128=CARTESIAN_POINT('Ctrl Pts',(-19.6088162458307,10.5831304070103,-0.00287147238136864));
#2129=CARTESIAN_POINT('Ctrl Pts',(-19.6007346255156,10.6342733958827,3.14885019745248));
#2130=CARTESIAN_POINT('Ctrl Pts',(-18.8414691483443,10.6854163847551,6.30416195270879));
#2131=CARTESIAN_POINT('Ctrl Pts',(-17.3824280511135,10.7365593736275,9.09322622007151));
#2132=CARTESIAN_POINT('Ctrl Pts',(-15.2893346141553,10.8099274607626,13.0943281248442));
#2133=CARTESIAN_POINT('Ctrl Pts',(-11.7561135241837,10.8832955478977,16.3416982332484));
#2134=CARTESIAN_POINT('Ctrl Pts',(-7.5913924210589,10.9566636350328,18.0893991698966));
#2135=CARTESIAN_POINT('Ctrl Pts',(-3.42667131793422,11.0300317221679,19.8371001065448));
#2136=CARTESIAN_POINT('Ctrl Pts',(1.36954979834353,11.1033998093029,20.085131871437));
#2137=CARTESIAN_POINT('Ctrl Pts',(5.68936762320902,11.176767896438,18.7752346611893));
#2138=CARTESIAN_POINT('Ctrl Pts',(10.0091854480746,11.2501359835731,17.4653374509415));
#2139=CARTESIAN_POINT('Ctrl Pts',(13.8525999815279,11.3235040707081,14.5975112655537));
#2140=CARTESIAN_POINT('Ctrl Pts',(16.3522705926662,11.3968721578432,10.8341953497775));
#2141=CARTESIAN_POINT('Ctrl Pts',(18.0187176667584,11.4457842159333,8.32531807259341));
#2142=CARTESIAN_POINT('Ctrl Pts',(19.0879452198217,11.4946962740233,5.41844535968117));
#2143=CARTESIAN_POINT('Ctrl Pts',(19.4599867754301,11.5436083321134,2.42784389964687));
#2144=CARTESIAN_POINT('Ctrl Pts',(19.8320283310385,11.5925203902034,-0.56275756038746));
#2145=CARTESIAN_POINT('Ctrl Pts',(19.5068838891919,11.6414324482935,-3.6370877675438));
#2146=CARTESIAN_POINT('Ctrl Pts',(18.511510089179,11.6903445063835,-6.48058902554715));
#2147=CARTESIAN_POINT('Ctrl Pts',(17.5161362891662,11.7392565644736,-9.32409028355044));
#2148=CARTESIAN_POINT('Ctrl Pts',(15.850533130987,11.7881686225636,-11.9367625924008));
#2149=CARTESIAN_POINT('Ctrl Pts',(13.694021071349,11.8370806806537,-14.0399354676873));
#2150=CARTESIAN_POINT('Ctrl Pts',(12.0766370266205,11.8737647242212,-15.6173151241522));
#2151=CARTESIAN_POINT('Ctrl Pts',(10.1831167248214,11.9104487677888,-16.9081013492374));
#2152=CARTESIAN_POINT('Ctrl Pts',(8.126233409544,11.9471328113563,-17.8459766712012));
#2153=CARTESIAN_POINT('Ctrl Pts',(6.06935009426659,11.9838168549238,-18.7838519931651));
#2154=CARTESIAN_POINT('Ctrl Pts',(3.84910376551092,12.0205008984914,-19.3688164120074));
#2155=CARTESIAN_POINT('Ctrl Pts',(1.59722585515123,12.0571849420589,-19.550735474201));
#2156=CARTESIAN_POINT('Ctrl Pts',(-2.90652996556815,12.130553029194,-19.9145735985882));
#2157=CARTESIAN_POINT('Ctrl Pts',(-7.53681211270362,12.2039211163291,-18.6662302963804));
#2158=CARTESIAN_POINT('Ctrl Pts',(-11.2372749933413,12.2772892034641,-16.0809014556366));
#2159=CARTESIAN_POINT('Ctrl Pts',(-14.937737873979,12.3506572905992,-13.4955726148929));
#2160=CARTESIAN_POINT('Ctrl Pts',(-17.708381488119,12.4240253777343,-9.57325823561326));
#2161=CARTESIAN_POINT('Ctrl Pts',(-18.9104518314372,12.4973934648694,-5.21978587027221));
#2162=CARTESIAN_POINT('Ctrl Pts',(-19.3786928131156,12.5259724455712,-3.52398313677325));
#2163=CARTESIAN_POINT('Ctrl Pts',(-19.6089299964563,12.5545514262731,-1.76275965419288));
#2164=CARTESIAN_POINT('Ctrl Pts',(-19.6061661913403,12.583130406975,-0.000950128065248476));
#2165=CARTESIAN_POINT('Ctrl Pts',(-19.6071533166175,10.4168695929988,-0.00275510951242525));
#2166=CARTESIAN_POINT('Ctrl Pts',(-19.6005571928592,10.4662479112296,3.04092693313694));
#2167=CARTESIAN_POINT('Ctrl Pts',(-18.8955954871747,10.5156262294604,6.08767394930499));
#2168=CARTESIAN_POINT('Ctrl Pts',(-17.5316353564,10.5650045476911,8.8036692098543));
#2169=CARTESIAN_POINT('Ctrl Pts',(-15.5050141730281,10.6383726348279,12.839192979776));
#2170=CARTESIAN_POINT('Ctrl Pts',(-12.0235163166046,10.7117407219646,16.1445131627092));
#2171=CARTESIAN_POINT('Ctrl Pts',(-7.88939219016774,10.7851088091014,17.9608969559482));
#2172=CARTESIAN_POINT('Ctrl Pts',(-3.75526806373093,10.8584768962381,19.7772807491872));
#2173=CARTESIAN_POINT('Ctrl Pts',(1.0314823327191,10.9318449833749,20.1047281527319));
#2174=CARTESIAN_POINT('Ctrl Pts',(5.37454887574315,11.0052130705116,18.8674181375877));
#2175=CARTESIAN_POINT('Ctrl Pts',(9.71761541876723,11.0785811576484,17.6301081224435));
#2176=CARTESIAN_POINT('Ctrl Pts',(13.6169981083653,11.1519492447851,14.8280406886103));
#2177=CARTESIAN_POINT('Ctrl Pts',(16.1722728923959,11.2253173319219,11.1055125927428));
#2178=CARTESIAN_POINT('Ctrl Pts',(18.7275476764264,11.2986854190586,7.38298449687544));
#2179=CARTESIAN_POINT('Ctrl Pts',(19.9387145548895,11.3720535061954,2.73999573897378));
#2180=CARTESIAN_POINT('Ctrl Pts',(19.5371121412675,11.4454215933321,-1.75760239894457));
#2181=CARTESIAN_POINT('Ctrl Pts',(19.3363109344565,11.4821056369005,-4.00640146790385));
#2182=CARTESIAN_POINT('Ctrl Pts',(18.7323174046241,11.5187896804689,-6.21885288186734));
#2183=CARTESIAN_POINT('Ctrl Pts',(17.7782055497386,11.5554737240372,-8.27001452910749));
#2184=CARTESIAN_POINT('Ctrl Pts',(16.8240936948531,11.5921577676056,-10.3211761763475));
#2185=CARTESIAN_POINT('Ctrl Pts',(15.5198635149145,11.628841811174,-12.2110480568643));
#2186=CARTESIAN_POINT('Ctrl Pts',(13.9288834227314,11.6655258547424,-13.8134733826456));
#2187=CARTESIAN_POINT('Ctrl Pts',(10.7469232383652,11.7388939418791,-17.0183240342084));
#2188=CARTESIAN_POINT('Ctrl Pts',(6.41796340502126,11.8122620290159,-19.0733884668293));
#2189=CARTESIAN_POINT('Ctrl Pts',(1.92289383780716,11.8856301161526,-19.5213915193656));
#2190=CARTESIAN_POINT('Ctrl Pts',(-1.07381920700226,11.9345421742438,-19.8200602210565));
#2191=CARTESIAN_POINT('Ctrl Pts',(-4.1443588001983,11.9834542323349,-19.4044794204876));
#2192=CARTESIAN_POINT('Ctrl Pts',(-6.96164378340663,12.0323662904261,-18.3336892313514));
#2193=CARTESIAN_POINT('Ctrl Pts',(-9.77892876661487,12.0812783485173,-17.2628990422153));
#2194=CARTESIAN_POINT('Ctrl Pts',(-12.3429591398353,12.1301904066084,-15.536899464512));
#2195=CARTESIAN_POINT('Ctrl Pts',(-14.3899280259361,12.1791024646996,-13.3265533564994));
#2196=CARTESIAN_POINT('Ctrl Pts',(-16.4368969120369,12.2280145227908,-11.1162072484868));
#2197=CARTESIAN_POINT('Ctrl Pts',(-17.966804311018,12.2769265808819,-8.4215146101648));
#2198=CARTESIAN_POINT('Ctrl Pts',(-18.8163086459118,12.3258386389731,-5.53147330666978));
#2199=CARTESIAN_POINT('Ctrl Pts',(-19.3433170024901,12.3561822903151,-3.73857378251566));
#2200=CARTESIAN_POINT('Ctrl Pts',(-19.6084648152572,12.386525941657,-1.87049219291394));
#2201=CARTESIAN_POINT('Ctrl Pts',(-19.6086541180276,12.4168695929989,-0.00116853412883719));
#2202=CARTESIAN_POINT('Origin',(0.,-2.,0.));
#2203=CARTESIAN_POINT('',(-19.6044288598037,14.5831304068996,0.000703509591305946));
#2204=CARTESIAN_POINT('',(-19.6113960916986,14.4168695930543,-0.00147634576574092));
#2205=CARTESIAN_POINT('',(-19.611,-2.,2.40165483780787E-15));
#2206=CARTESIAN_POINT('Ctrl Pts',(-19.6061661913403,12.583130406975,-0.000950128065248476));
#2207=CARTESIAN_POINT('Ctrl Pts',(-19.6018347435957,12.6279195134082,2.76016564453312));
#2208=CARTESIAN_POINT('Ctrl Pts',(-19.0252226095385,12.6727086198414,5.52272081619014));
#2209=CARTESIAN_POINT('Ctrl Pts',(-17.8955868936957,12.7174977262746,8.03714989647049));
#2210=CARTESIAN_POINT('Ctrl Pts',(-16.0451545401395,12.7908658134097,12.1559829464698));
#2211=CARTESIAN_POINT('Ctrl Pts',(-12.7107927605307,12.8642339005447,15.6090186950658));
#2212=CARTESIAN_POINT('Ctrl Pts',(-8.65942459214108,12.9376019876798,17.602715206233));
#2213=CARTESIAN_POINT('Ctrl Pts',(-4.60805642375141,13.0109700748149,19.5964117174003));
#2214=CARTESIAN_POINT('Ctrl Pts',(0.160318133419129,13.08433816195,20.1307689911387));
#2215=CARTESIAN_POINT('Ctrl Pts',(4.55342536336991,13.157706249085,19.0819651766329));
#2216=CARTESIAN_POINT('Ctrl Pts',(8.94653259332069,13.2310743362201,18.033161362127));
#2217=CARTESIAN_POINT('Ctrl Pts',(12.9643724960517,13.3044424233552,15.4011964593769));
#2218=CARTESIAN_POINT('Ctrl Pts',(15.6774522196747,13.3778105104903,11.7938721753744));
#2219=CARTESIAN_POINT('Ctrl Pts',(18.3905319432977,13.4511785976253,8.18654789137193));
#2220=CARTESIAN_POINT('Ctrl Pts',(19.7988514878127,13.5245466847604,3.60386422611698));
#2221=CARTESIAN_POINT('Ctrl Pts',(19.5944892136904,13.5979147718955,-0.910393950197036));
#2222=CARTESIAN_POINT('Ctrl Pts',(19.4582476976089,13.6468268299855,-3.91989940107307));
#2223=CARTESIAN_POINT('Ctrl Pts',(18.6052587065775,13.6957388880756,-6.8989935235309));
#2224=CARTESIAN_POINT('Ctrl Pts',(17.1393404288206,13.7446509461656,-9.53153133617448));
#2225=CARTESIAN_POINT('Ctrl Pts',(15.6734221510637,13.7935630042557,-12.164069148818));
#2226=CARTESIAN_POINT('Ctrl Pts',(13.5945745865813,13.8424750623457,-14.4500506516473));
#2227=CARTESIAN_POINT('Ctrl Pts',(11.1128736051361,13.8913871204358,-16.1587898530442));
#2228=CARTESIAN_POINT('Ctrl Pts',(8.63117262369085,13.9402991785258,-17.8675290544411));
#2229=CARTESIAN_POINT('Ctrl Pts',(5.74661822528286,13.9892112366159,-18.9990259544055));
#2230=CARTESIAN_POINT('Ctrl Pts',(2.76379368341496,14.0381232947059,-19.4198870082752));
#2231=CARTESIAN_POINT('Ctrl Pts',(-1.7104431293868,14.111491381841,-20.0511785890799));
#2232=CARTESIAN_POINT('Ctrl Pts',(-6.40578776497333,14.1848594689761,-19.0835395161715));
#2233=CARTESIAN_POINT('Ctrl Pts',(-10.254288394933,14.2582275561112,-16.7248431939506));
#2234=CARTESIAN_POINT('Ctrl Pts',(-14.1027890248927,14.3315956432462,-14.3661468717296));
#2235=CARTESIAN_POINT('Ctrl Pts',(-17.1044456492255,14.4049637303813,-10.616393300196));
#2236=CARTESIAN_POINT('Ctrl Pts',(-18.5646252574155,14.4783318175164,-6.34226525527076));
#2237=CARTESIAN_POINT('Ctrl Pts',(-19.2598628789297,14.5132646806441,-4.30721792319348));
#2238=CARTESIAN_POINT('Ctrl Pts',(-19.6056456879525,14.5481975437719,-2.153294226853));
#2239=CARTESIAN_POINT('Ctrl Pts',(-19.6044288598037,14.5831304068996,0.000703509591305946));
#2240=CARTESIAN_POINT('Ctrl Pts',(-19.6086541180276,12.4168695929989,-0.0011685341288372));
#2241=CARTESIAN_POINT('Ctrl Pts',(-19.6086936733797,12.4232099852254,0.389431959572349));
#2242=CARTESIAN_POINT('Ctrl Pts',(-19.5971647981884,12.4295503774518,0.78008668361726));
#2243=CARTESIAN_POINT('Ctrl Pts',(-19.5740392292409,12.4358907696782,1.17012107226624));
#2244=CARTESIAN_POINT('Ctrl Pts',(-19.4402400337781,12.4725748132466,3.42676987179988));
#2245=CARTESIAN_POINT('Ctrl Pts',(-18.9182401152312,12.509258856815,5.6626528690861));
#2246=CARTESIAN_POINT('Ctrl Pts',(-18.0252136440745,12.5459429003834,7.73786542265039));
#2247=CARTESIAN_POINT('Ctrl Pts',(-16.239160701761,12.6193109875201,11.888290529779));
#2248=CARTESIAN_POINT('Ctrl Pts',(-12.9690015490081,12.6926790746569,15.39603386202));
#2249=CARTESIAN_POINT('Ctrl Pts',(-8.95246190700533,12.7660471617936,17.456379269964));
#2250=CARTESIAN_POINT('Ctrl Pts',(-4.93592226500253,12.8394152489303,19.5167246779081));
#2251=CARTESIAN_POINT('Ctrl Pts',(-0.173002133749924,12.9127833360671,20.1296721615551));
#2252=CARTESIAN_POINT('Ctrl Pts',(4.23684241083414,12.9861514232039,19.1546468678471));
#2253=CARTESIAN_POINT('Ctrl Pts',(8.64668695541816,13.0595195103406,18.1796215741392));
#2254=CARTESIAN_POINT('Ctrl Pts',(12.7034559133336,13.1328875974774,15.6166235030764));
#2255=CARTESIAN_POINT('Ctrl Pts',(15.4775033565715,13.2062556846141,12.0537779521145));
#2256=CARTESIAN_POINT('Ctrl Pts',(18.2515507998093,13.2796237717509,8.49093240115265));
#2257=CARTESIAN_POINT('Ctrl Pts',(19.7428767283697,13.3529918588876,3.92823937029178));
#2258=CARTESIAN_POINT('Ctrl Pts',(19.608730343541,13.4263599460244,-0.585106841633868));
#2259=CARTESIAN_POINT('Ctrl Pts',(19.4745839587124,13.4997280331611,-5.0984530535596));
#2260=CARTESIAN_POINT('Ctrl Pts',(17.7149652604947,13.5730961202979,-9.56245244655006));
#2261=CARTESIAN_POINT('Ctrl Pts',(14.7323685974824,13.6464642074346,-12.9540176426834));
#2262=CARTESIAN_POINT('Ctrl Pts',(11.74977193447,13.7198322945714,-16.3455828388167));
#2263=CARTESIAN_POINT('Ctrl Pts',(7.54419730666296,13.7932003817081,-18.6647138380928));
#2264=CARTESIAN_POINT('Ctrl Pts',(3.08622304210911,13.8665684688449,-19.3741348505372));
#2265=CARTESIAN_POINT('Ctrl Pts',(-1.37175122244469,13.9399365559816,-20.0835558629816));
#2266=CARTESIAN_POINT('Ctrl Pts',(-6.08212512374525,14.0133046431184,-19.1832668885945));
#2267=CARTESIAN_POINT('Ctrl Pts',(-9.97484760431212,14.0866727302551,-16.8902748322016));
#2268=CARTESIAN_POINT('Ctrl Pts',(-12.5699959246901,14.1355847883463,-15.361613461273));
#2269=CARTESIAN_POINT('Ctrl Pts',(-14.8017436136307,14.1844968464374,-13.2139729427863));
#2270=CARTESIAN_POINT('Ctrl Pts',(-16.4429860442609,14.2334089045286,-10.6862502231531));
#2271=CARTESIAN_POINT('Ctrl Pts',(-18.0842284748911,14.2823209626198,-8.15852750351992));
#2272=CARTESIAN_POINT('Ctrl Pts',(-19.1349656472108,14.3312330207109,-5.2507225827403));
#2273=CARTESIAN_POINT('Ctrl Pts',(-19.482237665264,14.3801450788021,-2.25869675686484));
#2274=CARTESIAN_POINT('Ctrl Pts',(-19.5691514494043,14.3923865835528,-1.50986508240311));
#2275=CARTESIAN_POINT('Ctrl Pts',(-19.6120015980163,14.4046280883036,-0.755757980660355));
#2276=CARTESIAN_POINT('Ctrl Pts',(-19.6113960916986,14.4168695930543,-0.00147634576574092));
#2277=CARTESIAN_POINT('Origin',(0.,-2.,0.));
#2278=CARTESIAN_POINT('',(-19.6092658990428,16.5831304068448,-0.000317710630645129));
#2279=CARTESIAN_POINT('',(-19.6091913855677,16.4168695930861,0.000208992114792542));
#2280=CARTESIAN_POINT('',(-19.611,-2.,2.40165483780787E-15));
#2281=CARTESIAN_POINT('Ctrl Pts',(-19.6044288598037,14.5831304068996,0.000703509591305946));
#2282=CARTESIAN_POINT('Ctrl Pts',(-19.6030900327425,14.621565630907,2.37066056718347));
#2283=CARTESIAN_POINT('Ctrl Pts',(-19.1816833118323,14.6600008549143,4.74070725562002));
#2284=CARTESIAN_POINT('Ctrl Pts',(-18.3434788511294,14.6984360789216,6.95260562783839));
#2285=CARTESIAN_POINT('Ctrl Pts',(-16.743450244606,14.7718041660567,11.1748459477052));
#2286=CARTESIAN_POINT('Ctrl Pts',(-13.624690439512,14.8451722531918,14.820824069122));
#2287=CARTESIAN_POINT('Ctrl Pts',(-9.69891283390627,14.9185403403268,17.0532916168961));
#2288=CARTESIAN_POINT('Ctrl Pts',(-5.77313522830045,14.9919084274619,19.2857591646702));
#2289=CARTESIAN_POINT('Ctrl Pts',(-1.04033982218291,15.065276514597,20.1047161388015));
#2290=CARTESIAN_POINT('Ctrl Pts',(3.40545541764737,15.1386446017321,19.320356787235));
#2291=CARTESIAN_POINT('Ctrl Pts',(7.85125065747763,15.2120126888671,18.5359974356686));
#2292=CARTESIAN_POINT('Ctrl Pts',(12.0100457310206,15.2853807760022,16.1483217584044));
#2293=CARTESIAN_POINT('Ctrl Pts',(14.940622904026,15.3587488631373,12.7105677904767));
#2294=CARTESIAN_POINT('Ctrl Pts',(17.1385557837801,15.4137749284886,10.132252314531));
#2295=CARTESIAN_POINT('Ctrl Pts',(18.6456160944817,15.4688009938399,6.96326780008701));
#2296=CARTESIAN_POINT('Ctrl Pts',(19.2723942992663,15.5238270591912,3.6316023095855));
#2297=CARTESIAN_POINT('Ctrl Pts',(19.8991725040508,15.5788531245425,0.299936819084081));
#2298=CARTESIAN_POINT('Ctrl Pts',(19.6456686029183,15.6338791898938,-3.19440964747488));
#2299=CARTESIAN_POINT('Ctrl Pts',(18.5406207243553,15.6889052552451,-6.39745063750874));
#2300=CARTESIAN_POINT('Ctrl Pts',(17.4355728457923,15.7439313205964,-9.6004916275426));
#2301=CARTESIAN_POINT('Ctrl Pts',(15.4789809897988,15.7989573859477,-12.5122271410513));
#2302=CARTESIAN_POINT('Ctrl Pts',(12.9305201723555,15.853983451299,-14.7469704812514));
#2303=CARTESIAN_POINT('Ctrl Pts',(10.3820593549121,15.9090095166504,-16.9817138214515));
#2304=CARTESIAN_POINT('Ctrl Pts',(7.24172957601875,15.9640355820017,-18.5394649883428));
#2305=CARTESIAN_POINT('Ctrl Pts',(3.92121362622642,16.019061647353,-19.2168473393845));
#2306=CARTESIAN_POINT('Ctrl Pts',(0.600697676434074,16.0740877127043,-19.8942296904262));
#2307=CARTESIAN_POINT('Ctrl Pts',(-2.90000444425729,16.1291137780556,-19.6912432256181));
#2308=CARTESIAN_POINT('Ctrl Pts',(-6.1199459399784,16.1841398434069,-18.6338301213475));
#2309=CARTESIAN_POINT('Ctrl Pts',(-9.33988743569941,16.2391659087582,-17.576417017077));
#2310=CARTESIAN_POINT('Ctrl Pts',(-12.2790683064502,16.2941919741095,-15.6645772733439));
#2311=CARTESIAN_POINT('Ctrl Pts',(-14.5513444629947,16.3492180394608,-13.1500868701209));
#2312=CARTESIAN_POINT('Ctrl Pts',(-16.8236206195392,16.4042441048121,-10.635596466898));
#2313=CARTESIAN_POINT('Ctrl Pts',(-18.4289920618775,16.4592701701634,-7.51845540418509));
#2314=CARTESIAN_POINT('Ctrl Pts',(-19.1561969733237,16.5142962355147,-4.20833266788536));
#2315=CARTESIAN_POINT('Ctrl Pts',(-19.459426283209,16.5372409592914,-2.82808039350517));
#2316=CARTESIAN_POINT('Ctrl Pts',(-19.6099673389675,16.5601856830681,-1.41427407922263));
#2317=CARTESIAN_POINT('Ctrl Pts',(-19.6092658990428,16.5831304068448,-0.000317710630645128));
#2318=CARTESIAN_POINT('Ctrl Pts',(-19.6113960916986,14.4168695930543,-0.00147634576574092));
#2319=CARTESIAN_POINT('Ctrl Pts',(-19.6095822418352,14.4535401463947,2.25804366336136));
#2320=CARTESIAN_POINT('Ctrl Pts',(-19.2178159760349,14.4902106997352,4.51912985816374));
#2321=CARTESIAN_POINT('Ctrl Pts',(-18.4524405168345,14.5268812530756,6.64466429762111));
#2322=CARTESIAN_POINT('Ctrl Pts',(-17.4315644865651,14.5757933111668,9.47975279526005));
#2323=CARTESIAN_POINT('Ctrl Pts',(-15.7460055622395,14.6247053692579,12.0736830595667));
#2324=CARTESIAN_POINT('Ctrl Pts',(-13.5709096783047,14.6736174273491,14.1584436401647));
#2325=CARTESIAN_POINT('Ctrl Pts',(-11.3958137943698,14.7225294854403,16.2432042207627));
#2326=CARTESIAN_POINT('Ctrl Pts',(-8.73118095082573,14.7714415435314,17.818795117652));
#2327=CARTESIAN_POINT('Ctrl Pts',(-5.8558787218017,14.8203536016226,18.7181230988803));
#2328=CARTESIAN_POINT('Ctrl Pts',(-2.98057649277768,14.8692656597138,19.6174510801087));
#2329=CARTESIAN_POINT('Ctrl Pts',(0.105395121726202,14.9181777178049,19.8405161456759));
#2330=CARTESIAN_POINT('Ctrl Pts',(3.08132349540185,14.9670897758961,19.3681168179509));
#2331=CARTESIAN_POINT('Ctrl Pts',(5.31326977565857,15.0037738194645,19.0138173221571));
#2332=CARTESIAN_POINT('Ctrl Pts',(7.48331673294944,15.0404578630329,18.2683191051363));
#2333=CARTESIAN_POINT('Ctrl Pts',(9.46261681899636,15.0771419066012,17.1773654040322));
#2334=CARTESIAN_POINT('Ctrl Pts',(11.4419169050433,15.1138259501696,16.086411702928));
#2335=CARTESIAN_POINT('Ctrl Pts',(13.2304701198463,15.150509993738,14.6500025177403));
#2336=CARTESIAN_POINT('Ctrl Pts',(14.72390685538,15.1871940373064,12.9540828409037));
#2337=CARTESIAN_POINT('Ctrl Pts',(15.4706252231469,15.2055360590905,12.1061230024853));
#2338=CARTESIAN_POINT('Ctrl Pts',(16.1435644710965,15.2238780808747,11.1932855411548));
#2339=CARTESIAN_POINT('Ctrl Pts',(16.7324130062398,15.2422201026589,10.2288091935852));
#2340=CARTESIAN_POINT('Ctrl Pts',(18.4989586116696,15.2972461680115,7.3353801508765));
#2341=CARTESIAN_POINT('Ctrl Pts',(19.5086878018428,15.3522722333641,3.97720113201706));
#2342=CARTESIAN_POINT('Ctrl Pts',(19.6079849758391,15.4072982987166,0.590878108875845));
#2343=CARTESIAN_POINT('Ctrl Pts',(19.7403812078341,15.4806663858534,-3.92421925531243));
#2344=CARTESIAN_POINT('Ctrl Pts',(18.2542316332925,15.5540344729901,-8.48935040489049));
#2345=CARTESIAN_POINT('Ctrl Pts',(15.4816468129571,15.6274025601269,-12.0510179779233));
#2346=CARTESIAN_POINT('Ctrl Pts',(12.7090619926218,15.7007706472636,-15.612685550956));
#2347=CARTESIAN_POINT('Ctrl Pts',(8.65004192649264,15.7741387344004,-18.1708895474436));
#2348=CARTESIAN_POINT('Ctrl Pts',(4.2401651809868,15.8475068215371,-19.1519860737307));
#2349=CARTESIAN_POINT('Ctrl Pts',(0.932757621857418,15.9025328868897,-19.887808468446));
#2350=CARTESIAN_POINT('Ctrl Pts',(-2.57200681942134,15.9575589522422,-19.7365079111736));
#2351=CARTESIAN_POINT('Ctrl Pts',(-5.80941072588189,16.0125850175948,-18.7312316344154));
#2352=CARTESIAN_POINT('Ctrl Pts',(-9.04681463234248,16.0676110829474,-17.7259553576572));
#2353=CARTESIAN_POINT('Ctrl Pts',(-12.0168580039849,16.1226371482999,-15.8667033614131));
#2354=CARTESIAN_POINT('Ctrl Pts',(-14.3305063110636,16.1776632136525,-13.3911809404081));
#2355=CARTESIAN_POINT('Ctrl Pts',(-16.6441546181423,16.2326892790051,-10.915658519403));
#2356=CARTESIAN_POINT('Ctrl Pts',(-18.3014078606573,16.2877153443576,-7.82386567363712));
#2357=CARTESIAN_POINT('Ctrl Pts',(-19.0836271337112,16.3427414097102,-4.52586562337506));
#2358=CARTESIAN_POINT('Ctrl Pts',(-19.4348818426787,16.3674508041688,-3.04490230818219));
#2359=CARTESIAN_POINT('Ctrl Pts',(-19.6096903967433,16.3921601986275,-1.52235835770383));
#2360=CARTESIAN_POINT('Ctrl Pts',(-19.6091913855677,16.4168695930861,0.000208992114792542));
#2361=CARTESIAN_POINT('Origin',(0.,0.,0.));
#2362=CARTESIAN_POINT('',(-27.5,0.,3.36777869765522E-15));
#2363=CARTESIAN_POINT('Origin',(0.,0.,0.));
#2364=CARTESIAN_POINT('',(-18.2879906865675,9.10729824887824E-17,4.20166400971325));
#2365=CARTESIAN_POINT('Ctrl Pts',(-5.06362301662627,-2.22044604925031E-16,
-18.9460033501938));
#2366=CARTESIAN_POINT('Ctrl Pts',(-5.4681765861383,-1.75226221212871E-16,
-18.8256018995265));
#2367=CARTESIAN_POINT('Ctrl Pts',(-5.8681226164642,8.93348089789515E-12,
-18.6920569412092));
#2368=CARTESIAN_POINT('Ctrl Pts',(-6.2629402707406,2.40311104349189E-11,
-18.5458308633604));
#2369=CARTESIAN_POINT('Ctrl Pts',(-6.64779419405379,3.87477318856535E-11,
-18.4032949885299));
#2370=CARTESIAN_POINT('Ctrl Pts',(-7.02777573907954,5.93203449837522E-11,
-18.2487094078847));
#2371=CARTESIAN_POINT('Ctrl Pts',(-7.4023884374657,8.29687984982286E-11,
-18.082449398075));
#2372=CARTESIAN_POINT('Ctrl Pts',(-7.77849889173594,1.06711801958699E-10,
-17.9155246566396));
#2373=CARTESIAN_POINT('Ctrl Pts',(-8.14919796496331,1.33555095093221E-10,
-17.7368316688097));
#2374=CARTESIAN_POINT('Ctrl Pts',(-8.51396201717735,1.60464475040811E-10,
-17.5467019765425));
#2375=CARTESIAN_POINT('Ctrl Pts',(-8.87822056781046,1.8733656311706E-10,
-17.3568357720269));
#2376=CARTESIAN_POINT('Ctrl Pts',(-9.23656099908875,2.14274750411023E-10,
-17.1555642281446));
#2377=CARTESIAN_POINT('Ctrl Pts',(-9.58843368894045,2.38032205057692E-10,
-16.9431739781504));
#2378=CARTESIAN_POINT('Ctrl Pts',(-9.95471280244054,2.62762340922081E-10,
-16.7220880151656));
#2379=CARTESIAN_POINT('Ctrl Pts',(-10.313984537273,2.84048860309437E-10,
-16.488954216659));
#2380=CARTESIAN_POINT('Ctrl Pts',(-10.6655883473332,2.9796304312768E-10,
-16.2440510086184));
#2381=CARTESIAN_POINT('Ctrl Pts',(-10.7974397761058,3.03180861684521E-10,
-16.1522123056031));
#2382=CARTESIAN_POINT('Ctrl Pts',(-10.9282124421807,3.07359158032869E-10,
-16.0587180953437));
#2383=CARTESIAN_POINT('Ctrl Pts',(-11.0578697570592,3.10281023097048E-10,
-15.9635815561934));
#2384=CARTESIAN_POINT('Ctrl Pts',(-11.1305667661804,3.11919271208391E-10,
-15.910239854178));
#2385=CARTESIAN_POINT('Ctrl Pts',(-11.2029131258594,3.13162826407182E-10,
-15.8563818415093));
#2386=CARTESIAN_POINT('Ctrl Pts',(-11.2749022429719,3.1397179300896E-10,
-15.8020097355601));
#2387=CARTESIAN_POINT('Ctrl Pts',(-11.3141465737097,3.14412795123579E-10,
-15.7723691871775));
#2388=CARTESIAN_POINT('Ctrl Pts',(-11.3532847371228,3.14724719084574E-10,
-15.7425758590521));
#2389=CARTESIAN_POINT('Ctrl Pts',(-11.3923156516389,3.14901271725176E-10,
-15.7126301012234));
#2390=CARTESIAN_POINT('Ctrl Pts',(-11.4230871715955,3.15040463777708E-10,
-15.689021213344));
#2391=CARTESIAN_POINT('Ctrl Pts',(-11.4537922152489,3.15092344459846E-10,
-15.6653174021079));
#2392=CARTESIAN_POINT('Ctrl Pts',(-11.4844184779553,3.15134751627255E-10,
-15.6415280864907));
#2393=CARTESIAN_POINT('Ctrl Pts',(-11.8074126460726,3.15581990909791E-10,
-15.3906385058222));
#2394=CARTESIAN_POINT('Ctrl Pts',(-12.1219716359982,3.12841018313527E-10,
-15.1299941693961));
#2395=CARTESIAN_POINT('Ctrl Pts',(-12.4276078937242,3.08308600871499E-10,
-14.8599430307441));
#2396=CARTESIAN_POINT('Ctrl Pts',(-12.7328010613098,3.03782754212321E-10,
-14.5902833934075));
#2397=CARTESIAN_POINT('Ctrl Pts',(-13.0290977936653,2.97471109479116E-10,
-14.3112438857419));
#2398=CARTESIAN_POINT('Ctrl Pts',(-13.3159826149001,2.90539647895827E-10,
-14.0231287646651));
#2399=CARTESIAN_POINT('Ctrl Pts',(-13.4079594461726,2.8831738367922E-10,
-13.9307574925837));
#2400=CARTESIAN_POINT('Ctrl Pts',(-13.4989685886781,2.86029295683377E-10,
-13.8374530531416));
#2401=CARTESIAN_POINT('Ctrl Pts',(-13.5889922848986,2.83709500337181E-10,
-13.743224635829));
#2402=CARTESIAN_POINT('Ctrl Pts',(-13.8750633313026,2.76337872546453E-10,
-13.4437921189104));
#2403=CARTESIAN_POINT('Ctrl Pts',(-14.1511866882658,2.68662224483829E-10,
-13.1350319582101));
#2404=CARTESIAN_POINT('Ctrl Pts',(-14.4170719300159,2.61588417593828E-10,
-12.8175399671167));
#2405=CARTESIAN_POINT('Ctrl Pts',(-14.6787770194328,2.54625822556656E-10,
-12.5050394711456));
#2406=CARTESIAN_POINT('Ctrl Pts',(-14.930563536085,2.48246686610795E-10,
-12.1840789471145));
#2407=CARTESIAN_POINT('Ctrl Pts',(-15.1721106177368,2.43075948258564E-10,
-11.8551973151918));
#2408=CARTESIAN_POINT('Ctrl Pts',(-15.4125540591341,2.37928835259005E-10,
-11.5278183592918));
#2409=CARTESIAN_POINT('Ctrl Pts',(-15.6428516512049,2.33979227781884E-10,
-11.1925900035557));
#2410=CARTESIAN_POINT('Ctrl Pts',(-15.8626400755015,2.31600905120644E-10,
-10.8500227460004));
#2411=CARTESIAN_POINT('Ctrl Pts',(-16.0038503643869,2.30072873646141E-10,
-10.6299291648353));
#2412=CARTESIAN_POINT('Ctrl Pts',(-16.1407216806974,2.29187966296206E-10,
-10.406805797255));
#2413=CARTESIAN_POINT('Ctrl Pts',(-16.2731467101944,2.28992991235799E-10,
-10.1807848846549));
#2414=CARTESIAN_POINT('Ctrl Pts',(-16.2936333314852,2.2896282790309E-10,
-10.1458186486055));
#2415=CARTESIAN_POINT('Ctrl Pts',(-16.3140135216135,2.28949582883329E-10,
-10.1107830614635));
#2416=CARTESIAN_POINT('Ctrl Pts',(-16.3342868640355,2.28952329317522E-10,
-10.0756786091692));
#2417=CARTESIAN_POINT('Ctrl Pts',(-16.3533719862186,2.28954914783256E-10,
-10.0426316281997));
#2418=CARTESIAN_POINT('Ctrl Pts',(-16.3723580944358,2.2893712948194E-10,
-10.009531090689));
#2419=CARTESIAN_POINT('Ctrl Pts',(-16.3912431988982,2.28882995889634E-10,
-9.97638062838747));
#2420=CARTESIAN_POINT('Ctrl Pts',(-16.591439145537,2.28309140141149E-10,
-9.62496143474773));
#2421=CARTESIAN_POINT('Ctrl Pts',(-16.7803540290284,2.24343670598045E-10,
-9.26782056185466));
#2422=CARTESIAN_POINT('Ctrl Pts',(-16.9577559152358,2.18472295809846E-10,
-8.90552622808752));
#2423=CARTESIAN_POINT('Ctrl Pts',(-17.1359424454426,2.12574952081326E-10,
-8.54162947576049));
#2424=CARTESIAN_POINT('Ctrl Pts',(-17.3025141850905,2.04754809971713E-10,
-8.17253308324166));
#2425=CARTESIAN_POINT('Ctrl Pts',(-17.4571918097475,1.96278354680501E-10,
-7.79878498801897));
#2426=CARTESIAN_POINT('Ctrl Pts',(-17.6114307870316,1.87825937609775E-10,
-7.4260967980055));
#2427=CARTESIAN_POINT('Ctrl Pts',(-17.7538432382464,1.7871954178644E-10,
-7.04878274136952));
#2428=CARTESIAN_POINT('Ctrl Pts',(-17.8841045961573,1.69971203778374E-10,
-6.66736602538856));
#2429=CARTESIAN_POINT('Ctrl Pts',(-18.0130067747583,1.61314148098454E-10,
-6.28992910600398));
#2430=CARTESIAN_POINT('Ctrl Pts',(-18.1300102679481,1.53007413333521E-10,
-5.90847420105548));
#2431=CARTESIAN_POINT('Ctrl Pts',(-18.2347511462319,1.45789935679375E-10,
-5.52349612041911));
#2432=CARTESIAN_POINT('Ctrl Pts',(-18.2709410878422,1.43296161527799E-10,
-5.39047895951904));
#2433=CARTESIAN_POINT('Ctrl Pts',(-18.3056666314522,1.40930307918132E-10,
-5.25704111677395));
#2434=CARTESIAN_POINT('Ctrl Pts',(-18.3389113200708,1.38716316211429E-10,
-5.12320282262776));
#2435=CARTESIAN_POINT('Ctrl Pts',(-18.4334583519173,1.32419781242998E-10,
-4.74257018671716));
#2436=CARTESIAN_POINT('Ctrl Pts',(-18.5160312758244,1.27367965136632E-10,
-4.3586984599126));
#2437=CARTESIAN_POINT('Ctrl Pts',(-18.5865948628735,1.23951987562876E-10,
-3.97215295548783));
#2438=CARTESIAN_POINT('Ctrl Pts',(-18.6174664322074,1.22457497374358E-10,
-3.80303929730199));
#2439=CARTESIAN_POINT('Ctrl Pts',(-18.6460387451312,1.21273862638491E-10,
-3.63341388739819));
#2440=CARTESIAN_POINT('Ctrl Pts',(-18.6723060803356,1.20418480742401E-10,
-3.46332434954643));
#2441=CARTESIAN_POINT('Ctrl Pts',(-18.6851837812516,1.19999125214289E-10,
-3.37993704815713));
#2442=CARTESIAN_POINT('Ctrl Pts',(-18.6975074544738,1.19658003289478E-10,
-3.29643819754969));
#2443=CARTESIAN_POINT('Ctrl Pts',(-18.7092762778595,1.19397880471439E-10,
-3.21283343736848));
#2444=CARTESIAN_POINT('Ctrl Pts',(-18.7147831267543,1.19276164221132E-10,
-3.17371323255988));
#2445=CARTESIAN_POINT('Ctrl Pts',(-18.7201684912106,1.19171768266793E-10,
-3.13456983940043));
#2446=CARTESIAN_POINT('Ctrl Pts',(-18.72543227968,1.19085352690007E-10,
-3.09540383734561));
#2447=CARTESIAN_POINT('Ctrl Pts',(-18.7307419847052,1.1899818330146E-10,
-3.05589618631879));
#2448=CARTESIAN_POINT('Ctrl Pts',(-18.7359268746473,1.18893314075347E-10,
-3.01637368830301));
#2449=CARTESIAN_POINT('Ctrl Pts',(-18.7409862979056,1.18743959109935E-10,
-2.97684277517524));
#2450=CARTESIAN_POINT('Ctrl Pts',(-18.7916486731345,1.17248397874278E-10,
-2.58100122333298));
#2451=CARTESIAN_POINT('Ctrl Pts',(-18.8297597313329,1.12259559348004E-10,
-2.18413187023961));
#2452=CARTESIAN_POINT('Ctrl Pts',(-18.8554240299742,1.05360220548079E-10,
-1.78684190077674));
#2453=CARTESIAN_POINT('Ctrl Pts',(-18.8812787602612,9.84096879687724E-11,
-1.38660400026764));
#2454=CARTESIAN_POINT('Ctrl Pts',(-18.8945013549846,8.95201966685468E-11,
-0.98593866639985));
#2455=CARTESIAN_POINT('Ctrl Pts',(-18.8951465317938,8.00540606027411E-11,
-0.585457722224393));
#2456=CARTESIAN_POINT('Ctrl Pts',(-18.8957958713662,7.05268478168462E-11,
-0.182392823797862));
#2457=CARTESIAN_POINT('Ctrl Pts',(-18.8837049890233,6.0416653689922E-11,
0.220485871816715));
#2458=CARTESIAN_POINT('Ctrl Pts',(-18.8588766874225,5.08488806616469E-11,
0.622555171207612));
#2459=CARTESIAN_POINT('Ctrl Pts',(-18.8343144622317,4.13836421820581E-11,
1.02031563153724));
#2460=CARTESIAN_POINT('Ctrl Pts',(-18.7972862431113,3.2449478423505E-11,
1.41728449206488));
#2461=CARTESIAN_POINT('Ctrl Pts',(-18.7477439997062,2.48754628007219E-11,
1.8128506029729));
#2462=CARTESIAN_POINT('Ctrl Pts',(-18.6973967383009,1.71783760674805E-11,
2.21484431621947));
#2463=CARTESIAN_POINT('Ctrl Pts',(-18.6341255882681,1.08872538487017E-11,
2.61538994655845));
#2464=CARTESIAN_POINT('Ctrl Pts',(-18.5578270718765,6.59280269266205E-12,
3.01382913587454));
#2465=CARTESIAN_POINT('Ctrl Pts',(-18.481528555485,2.29835153662235E-12,
3.41226832519063));
#2466=CARTESIAN_POINT('Ctrl Pts',(-18.3922026629707,2.23943442396681E-16,
3.80860167125671));
#2467=CARTESIAN_POINT('Ctrl Pts',(-18.2896926296964,2.30718251749962E-16,
4.20214486592929));
#2468=CARTESIAN_POINT('',(18.2879906921309,2.10734767309984E-10,4.2016639854984));
#2469=CARTESIAN_POINT('Ctrl Pts',(18.2879906928369,-1.16573417585641E-15,
4.20166398568263));
#2470=CARTESIAN_POINT('Ctrl Pts',(18.3914475300553,-9.71045314699916E-16,
3.80511466689388));
#2471=CARTESIAN_POINT('Ctrl Pts',(18.4814804186655,5.59175103544637E-13,
3.40572885558856));
#2472=CARTESIAN_POINT('Ctrl Pts',(18.5582578801142,1.03966835141023E-12,
3.00419898680151));
#2473=CARTESIAN_POINT('Ctrl Pts',(18.6329609425556,1.50717947278322E-12,
2.61351778564987));
#2474=CARTESIAN_POINT('Ctrl Pts',(18.6951149490876,1.90187406837271E-12,
2.22080615051449));
#2475=CARTESIAN_POINT('Ctrl Pts',(18.7448248139024,1.90281124190506E-12,
1.82667852014564));
#2476=CARTESIAN_POINT('Ctrl Pts',(18.794905163239,1.90375540013328E-12,
1.42961348113047));
#2477=CARTESIAN_POINT('Ctrl Pts',(18.8323552610022,1.50619114216923E-12,
1.03111073202233));
#2478=CARTESIAN_POINT('Ctrl Pts',(18.8572313730343,6.51867448908661E-13,
0.631783231077086));
#2479=CARTESIAN_POINT('Ctrl Pts',(18.8821678725116,-2.04530138581484E-13,
0.231486351655677));
#2480=CARTESIAN_POINT('Ctrl Pts',(18.8944693034933,-1.51946521847798E-12,
-0.169639845000137));
#2481=CARTESIAN_POINT('Ctrl Pts',(18.8941405010351,-3.08703063112148E-12,
-0.570985062514327));
#2482=CARTESIAN_POINT('Ctrl Pts',(18.8938005121118,-4.70792750533125E-12,
-0.985984783291999));
#2483=CARTESIAN_POINT('Ctrl Pts',(18.8799566148455,-6.60131503014586E-12,
-1.40121932556773));
#2484=CARTESIAN_POINT('Ctrl Pts',(18.8525554159225,-8.24479373662257E-12,
-1.81601240906185));
#2485=CARTESIAN_POINT('Ctrl Pts',(18.8422799663263,-8.86109825155133E-12,
-1.97155981537214));
#2486=CARTESIAN_POINT('Ctrl Pts',(18.8300974172825,-9.44144760093102E-12,
-2.12704507514255));
#2487=CARTESIAN_POINT('Ctrl Pts',(18.816002772524,-9.94387905350891E-12,
-2.28243217504852));
#2488=CARTESIAN_POINT('Ctrl Pts',(18.8098143050677,-1.01644791996325E-11,
-2.35065723693329));
#2489=CARTESIAN_POINT('Ctrl Pts',(18.803257211732,-1.03681206815252E-11,
-2.41886337231931));
#2490=CARTESIAN_POINT('Ctrl Pts',(18.7963309968023,-1.05556119400774E-11,
-2.48704751521433));
#2491=CARTESIAN_POINT('Ctrl Pts',(18.7895025593977,-1.07404563804988E-11,
-2.55426910109716));
#2492=CARTESIAN_POINT('Ctrl Pts',(18.7823153485361,-1.09085507312998E-11,
-2.62146931109349));
#2493=CARTESIAN_POINT('Ctrl Pts',(18.7747688468113,-1.10542686115878E-11,
-2.68864519530538));
#2494=CARTESIAN_POINT('Ctrl Pts',(18.7705852028961,-1.11350519659724E-11,
-2.72588628918943));
#2495=CARTESIAN_POINT('Ctrl Pts',(18.7662922027011,-1.1207070634911E-11,
-2.76311036916005));
#2496=CARTESIAN_POINT('Ctrl Pts',(18.7618900926102,-1.12743148150685E-11,
-2.80031557276883));
#2497=CARTESIAN_POINT('Ctrl Pts',(18.714364964882,-1.20002821773083E-11,
-3.20198250457196));
#2498=CARTESIAN_POINT('Ctrl Pts',(18.6541210577788,-1.19917444999696E-11,
-3.60150113250546));
#2499=CARTESIAN_POINT('Ctrl Pts',(18.5812467779693,-1.18636767076907E-11,
-3.99825738181074));
#2500=CARTESIAN_POINT('Ctrl Pts',(18.5081356802682,-1.17351927364166E-11,
-4.39630296088621));
#2501=CARTESIAN_POINT('Ctrl Pts',(18.4223120146646,-1.14884031661776E-11,
-4.79156874207904));
#2502=CARTESIAN_POINT('Ctrl Pts',(18.3238130269555,-1.14822040764295E-11,
-5.183439449774));
#2503=CARTESIAN_POINT('Ctrl Pts',(18.297354878399,-1.14805389178194E-11,
-5.28870117520138));
#2504=CARTESIAN_POINT('Ctrl Pts',(18.2699818745204,-1.14954664974283E-11,
-5.39371793557553));
#2505=CARTESIAN_POINT('Ctrl Pts',(18.2416940962603,-1.15294995772786E-11,
-5.49847778353705));
#2506=CARTESIAN_POINT('Ctrl Pts',(18.1337051150192,-1.16594213260894E-11,
-5.89839993904547));
#2507=CARTESIAN_POINT('Ctrl Pts',(18.0123893734611,-1.20984422110471E-11,
-6.29457888433116));
#2508=CARTESIAN_POINT('Ctrl Pts',(17.8781583228561,-1.28814736655158E-11,
-6.68646725514721));
#2509=CARTESIAN_POINT('Ctrl Pts',(17.7473410593107,-1.36445909299783E-11,
-7.06838905382476));
#2510=CARTESIAN_POINT('Ctrl Pts',(17.6042565633289,-1.47319568005935E-11,
-7.44623618880212));
#2511=CARTESIAN_POINT('Ctrl Pts',(17.4492338140405,-1.59232627083838E-11,
-7.81948746602037));
#2512=CARTESIAN_POINT('Ctrl Pts',(17.294305819838,-1.71138404501853E-11,
-8.19251059958246));
#2513=CARTESIAN_POINT('Ctrl Pts',(17.127453900993,-1.84075291848879E-11,
-8.5609439882113));
#2514=CARTESIAN_POINT('Ctrl Pts',(16.9489592539553,-1.93384197544333E-11,
-8.92424559574955));
#2515=CARTESIAN_POINT('Ctrl Pts',(16.8332400077549,-1.99419221943701E-11,
-9.15977640222167));
#2516=CARTESIAN_POINT('Ctrl Pts',(16.7126263592396,-2.03873664333379E-11,
-9.39314985415025));
#2517=CARTESIAN_POINT('Ctrl Pts',(16.5871851040528,-2.04953554128195E-11,
-9.62421184809385));
#2518=CARTESIAN_POINT('Ctrl Pts',(16.5682904895603,-2.05116212747459E-11,
-9.65901560777339));
#2519=CARTESIAN_POINT('Ctrl Pts',(16.5492854494516,-2.05199103015517E-11,
-9.69376851725758));
#2520=CARTESIAN_POINT('Ctrl Pts',(16.5301729824929,-2.05200578751175E-11,
-9.72846498627692));
#2521=CARTESIAN_POINT('Ctrl Pts',(16.3348098900345,-2.05215663370152E-11,
-10.0831240420458));
#2522=CARTESIAN_POINT('Ctrl Pts',(16.1286318083116,-1.97046187119224E-11,
-10.4311537539084));
#2523=CARTESIAN_POINT('Ctrl Pts',(15.9120513198181,-1.86847759486852E-11,
-10.7720741664949));
#2524=CARTESIAN_POINT('Ctrl Pts',(15.693139123679,-1.76539535483402E-11,
-11.116664931559));
#2525=CARTESIAN_POINT('Ctrl Pts',(15.4635991385734,-1.64174155469056E-11,
-11.4539930071174));
#2526=CARTESIAN_POINT('Ctrl Pts',(15.2238064417261,-1.53596302343573E-11,
-11.783547977567));
#2527=CARTESIAN_POINT('Ctrl Pts',(14.9837871671694,-1.43008454310979E-11,
-12.1134143411961));
#2528=CARTESIAN_POINT('Ctrl Pts',(14.7334955244494,-1.3419809015831E-11,
-12.4354934030677));
#2529=CARTESIAN_POINT('Ctrl Pts',(14.4732604757739,-1.2864709297844E-11,
-12.7492509737146));
#2530=CARTESIAN_POINT('Ctrl Pts',(14.2145866631221,-1.23129398064381E-11,
-13.0611262090478));
#2531=CARTESIAN_POINT('Ctrl Pts',(13.946088084344,-1.2081284536392E-11,
-13.364779962696));
#2532=CARTESIAN_POINT('Ctrl Pts',(13.6680456481426,-1.2074147237584E-11,
-13.6596584130237));
#2533=CARTESIAN_POINT('Ctrl Pts',(13.5517847133999,-1.20711628405176E-11,
-13.7829591750907));
#2534=CARTESIAN_POINT('Ctrl Pts',(13.4338546302779,-1.21040956262359E-11,
-13.904725254472));
#2535=CARTESIAN_POINT('Ctrl Pts',(13.3142739254698,-1.21557208743184E-11,
-14.02491433823));
#2536=CARTESIAN_POINT('Ctrl Pts',(13.0293861984453,-1.22786867816328E-11,
-14.3112514604265));
#2537=CARTESIAN_POINT('Ctrl Pts',(12.7351320369326,-1.25202609048489E-11,
-14.5886406299876));
#2538=CARTESIAN_POINT('Ctrl Pts',(12.4320176905982,-1.24673604773307E-11,
-14.8567837889402));
#2539=CARTESIAN_POINT('Ctrl Pts',(12.2994051640769,-1.24442165402914E-11,
-14.974096420982));
#2540=CARTESIAN_POINT('Ctrl Pts',(12.1650963363389,-1.23604756441959E-11,
-15.0896387982542));
#2541=CARTESIAN_POINT('Ctrl Pts',(12.029131850603,-1.21714582856924E-11,
-15.2033834803917));
#2542=CARTESIAN_POINT('Ctrl Pts',(11.960100416049,-1.20754910237823E-11,
-15.2611335504806));
#2543=CARTESIAN_POINT('Ctrl Pts',(11.8906421765858,-1.19532130260732E-11,
-15.3184201925757));
#2544=CARTESIAN_POINT('Ctrl Pts',(11.820762359371,-1.17950371691933E-11,
-15.3752396575787));
#2545=CARTESIAN_POINT('Ctrl Pts',(11.7907502929152,-1.17271036153061E-11,
-15.3996425485367));
#2546=CARTESIAN_POINT('Ctrl Pts',(11.7606585168287,-1.16527621311785E-11,
-15.4239608276635));
#2547=CARTESIAN_POINT('Ctrl Pts',(11.7304938010046,-1.15715353965484E-11,
-15.4481890892753));
#2548=CARTESIAN_POINT('Ctrl Pts',(11.4143522440387,-1.07202379236022E-11,
-15.7021135881237));
#2549=CARTESIAN_POINT('Ctrl Pts',(11.0906854953193,-9.17159074285263E-12,
-15.9457673448423));
#2550=CARTESIAN_POINT('Ctrl Pts',(10.7600998128864,-7.5163625323782E-12,
-16.178957634132));
#2551=CARTESIAN_POINT('Ctrl Pts',(10.4259542284386,-5.84331004651979E-12,
-16.4146590260642));
#2552=CARTESIAN_POINT('Ctrl Pts',(10.084739504538,-4.06217007458048E-12,
-16.6396707155261));
#2553=CARTESIAN_POINT('Ctrl Pts',(9.73704021704211,-2.55701015916543E-12,
-16.8537599629601));
#2554=CARTESIAN_POINT('Ctrl Pts',(9.37281219320658,-9.80298784528163E-13,
-17.0780264665786));
#2555=CARTESIAN_POINT('Ctrl Pts',(9.00146819336268,2.90200710312503E-13,
-17.2903080627377));
#2556=CARTESIAN_POINT('Ctrl Pts',(8.62363946736506,1.0842021724855E-12,
-17.4902923925667));
#2557=CARTESIAN_POINT('Ctrl Pts',(8.26075586154466,1.84679668633362E-12,
-17.6823662866951));
#2558=CARTESIAN_POINT('Ctrl Pts',(7.89188969116694,2.17057167052466E-12,
-17.8630965262067));
#2559=CARTESIAN_POINT('Ctrl Pts',(7.51757144672627,2.12570933078027E-12,
-18.0321620230293));
#2560=CARTESIAN_POINT('Ctrl Pts',(7.14530690999221,2.08109312954031E-12,
-18.2002999371896));
#2561=CARTESIAN_POINT('Ctrl Pts',(6.7676494768068,1.67529146915788E-12,
-18.3569010102703));
#2562=CARTESIAN_POINT('Ctrl Pts',(6.38510035266966,1.19442303270212E-12,
-18.5016023373327));
#2563=CARTESIAN_POINT('Ctrl Pts',(6.00756915199276,7.19862180962487E-13,
-18.6444056070269));
#2564=CARTESIAN_POINT('Ctrl Pts',(5.62527327623936,1.73821831405907E-13,
-18.7756194469608));
#2565=CARTESIAN_POINT('Ctrl Pts',(5.23868145669307,3.3660574327854E-14,
-18.894845919607));
#2566=CARTESIAN_POINT('Ctrl Pts',(5.18055446318286,1.25862730399489E-14,
-18.9127725182864));
#2567=CARTESIAN_POINT('Ctrl Pts',(5.12233033293703,1.58282919314957E-17,
-18.9304280192846));
#2568=CARTESIAN_POINT('Ctrl Pts',(5.06401064356753,1.73489383857376E-17,
-18.9478109681294));
#2569=CARTESIAN_POINT('Origin',(0.,0.,0.));
#2570=CARTESIAN_POINT('Origin',(0.,0.,0.));
#2571=CARTESIAN_POINT('',(-27.5,-2.,3.36777869765522E-15));
#2572=CARTESIAN_POINT('Origin',(0.,-2.,0.));
#2573=CARTESIAN_POINT('',(-27.5,0.,-3.36777869765522E-15));
#2574=CARTESIAN_POINT('Ctrl Pts',(19.1129878183646,-0.488757958040047,4.39147101266973));
#2575=CARTESIAN_POINT('Ctrl Pts',(19.8721391404571,-0.433731892688741,1.08741869635306));
#2576=CARTESIAN_POINT('Ctrl Pts',(19.6403255543927,-0.323679761986127,-5.91868265611165));
#2577=CARTESIAN_POINT('Ctrl Pts',(14.122079530972,-0.158601565932208,-14.8765263228097));
#2578=CARTESIAN_POINT('Ctrl Pts',(4.89225819667396,0.00647663012171214,
-19.9198544213979));
#2579=CARTESIAN_POINT('Ctrl Pts',(-5.6252373081372,0.171554826175632,-19.7257913894524));
#2580=CARTESIAN_POINT('Ctrl Pts',(-14.6628373243095,0.336633022229551,-14.3436339473456));
#2581=CARTESIAN_POINT('Ctrl Pts',(-19.8446985461743,0.501711218283472,-5.18971422832265));
#2582=CARTESIAN_POINT('Ctrl Pts',(-19.8076195502148,0.66678941433739,5.32922147274087));
#2583=CARTESIAN_POINT('Ctrl Pts',(-14.5616469421806,0.831867610391312,14.4464619300672));
#2584=CARTESIAN_POINT('Ctrl Pts',(-5.48611553362398,0.99694580644523,19.764869193296));
#2585=CARTESIAN_POINT('Ctrl Pts',(5.03195985112032,1.16202400249915,19.8849693232819));
#2586=CARTESIAN_POINT('Ctrl Pts',(14.2270825488145,1.32710219855307,14.7767172911209));
#2587=CARTESIAN_POINT('Ctrl Pts',(19.680086609395,1.49218039460699,5.78053723434008));
#2588=CARTESIAN_POINT('Ctrl Pts',(19.958915355329,1.65725859066091,-4.73204802473845));
#2589=CARTESIAN_POINT('Ctrl Pts',(14.9864087209989,1.82233678671483,-14.0075036997094));
#2590=CARTESIAN_POINT('Ctrl Pts',(6.0777115760722,1.98741498276875,-19.5851003392742));
#2591=CARTESIAN_POINT('Ctrl Pts',(-5.60770381107823,2.17083520060644,-20.0897730221567));
#2592=CARTESIAN_POINT('Ctrl Pts',(-16.7639874469282,2.3725974402279,-13.0540442868721));
#2593=CARTESIAN_POINT('Ctrl Pts',(-21.2347227007172,2.59270170163312,0.640542658287955));
#2594=CARTESIAN_POINT('Ctrl Pts',(-15.9514442910107,2.81280596303835,14.0326292939839));
#2595=CARTESIAN_POINT('Ctrl Pts',(-5.4372471066238,2.99622618087604,19.8174467268327));
#2596=CARTESIAN_POINT('Ctrl Pts',(3.73334350644136,3.14296235514619,19.6410052227768));
#2597=CARTESIAN_POINT('Ctrl Pts',(12.3419159164658,3.28969852941633,16.4346208247315));
#2598=CARTESIAN_POINT('Ctrl Pts',(18.9537200740969,3.44866271820901,8.43368106279238));
#2599=CARTESIAN_POINT('Ctrl Pts',(20.179805458541,3.61985492152418,-2.34598080438547));
#2600=CARTESIAN_POINT('Ctrl Pts',(17.0370203862753,3.76659109579433,-11.0646283680322));
#2601=CARTESIAN_POINT('Ctrl Pts',(9.22046317289041,3.9377832991095,-18.5846130235743));
#2602=CARTESIAN_POINT('Ctrl Pts',(-3.3382404067591,4.13343153146971,-20.9818999310962));
#2603=CARTESIAN_POINT('Ctrl Pts',(-15.9543730206089,4.35353579287493,-14.0293563207761));
#2604=CARTESIAN_POINT('Ctrl Pts',(-21.2370171785668,4.57364005428016,-0.629150486861518));
#2605=CARTESIAN_POINT('Ctrl Pts',(-17.2517081399552,4.76928828664036,11.523190056746));
#2606=CARTESIAN_POINT('Ctrl Pts',(-8.79800671695674,4.94048048995554,18.3083170396188));
#2607=CARTESIAN_POINT('Ctrl Pts',(0.258668055305825,5.08721666422569,20.3199190815533));
#2608=CARTESIAN_POINT('Ctrl Pts',(9.2711073918807,5.23395283849584,18.0797005174276));
#2609=CARTESIAN_POINT('Ctrl Pts',(16.3499017937588,5.38068901276599,12.0690625922459));
#2610=CARTESIAN_POINT('Ctrl Pts',(20.002574474125,5.52742518703614,3.53881610512434));
#2611=CARTESIAN_POINT('Ctrl Pts',(19.4252370976258,5.69861739035131,-7.28074302697196));
#2612=CARTESIAN_POINT('Ctrl Pts',(11.8818966502194,5.89426562271153,-17.620455337817));
#2613=CARTESIAN_POINT('Ctrl Pts',(-0.526945012215188,6.0899138550717,-20.7376463569521));
#2614=CARTESIAN_POINT('Ctrl Pts',(-10.7799327527519,6.26110605838691,-17.2185577603885));
#2615=CARTESIAN_POINT('Ctrl Pts',(-17.3093986487307,6.40784223265704,-10.6363292112335));
#2616=CARTESIAN_POINT('Ctrl Pts',(-20.7414612590404,6.57903443597223,-0.348420712212817));
#2617=CARTESIAN_POINT('Ctrl Pts',(-17.5189477931725,6.77468266833242,12.0227766937254));
#2618=CARTESIAN_POINT('Ctrl Pts',(-5.81709254430833,6.99478692973765,20.4331612560129));
#2619=CARTESIAN_POINT('Ctrl Pts',(8.54263999507922,7.21489119114287,19.4487217548017));
#2620=CARTESIAN_POINT('Ctrl Pts',(18.9865189573582,7.4349954525481,9.53455771067792));
#2621=CARTESIAN_POINT('Ctrl Pts',(20.7015045881986,7.65509971395333,-4.76365694106635));
#2622=CARTESIAN_POINT('Ctrl Pts',(12.91413207409,7.87520397535856,-16.8686441404108));
#2623=CARTESIAN_POINT('Ctrl Pts',(-0.818285756102936,8.09530823676378,-21.2322905097288));
#2624=CARTESIAN_POINT('Ctrl Pts',(-12.6691845022548,8.29095646912399,-16.4272200197442));
#2625=CARTESIAN_POINT('Ctrl Pts',(-18.8648858145486,8.46214867243916,-7.53255312954964));
#2626=CARTESIAN_POINT('Ctrl Pts',(-20.2546509573167,8.60888484670931,1.64020721573129));
#2627=CARTESIAN_POINT('Ctrl Pts',(-17.4076956874669,8.75562102097946,10.479115129523));
#2628=CARTESIAN_POINT('Ctrl Pts',(-10.9285820601346,8.9023571952496,17.1330798304758));
#2629=CARTESIAN_POINT('Ctrl Pts',(-2.17099331083929,9.04909336951977,20.1970302188511));
#2630=CARTESIAN_POINT('Ctrl Pts',(8.58781506508018,9.22028557283493,18.8846508733526));
#2631=CARTESIAN_POINT('Ctrl Pts',(18.3812532119836,9.41593380519514,10.656660562688));
#2632=CARTESIAN_POINT('Ctrl Pts',(20.9516810921787,9.63603806660037,-3.51768640653533));
#2633=CARTESIAN_POINT('Ctrl Pts',(13.8975386277199,9.8561423280056,-16.0661168801744));
#2634=CARTESIAN_POINT('Ctrl Pts',(0.459043512698531,10.0762465894108,-21.2399870521114));
#2635=CARTESIAN_POINT('Ctrl Pts',(-13.1889434221533,10.296350850816,-16.6531641300522));
#2636=CARTESIAN_POINT('Ctrl Pts',(-20.7814530559631,10.5164551122213,-4.41754308698363));
#2637=CARTESIAN_POINT('Ctrl Pts',(-18.8225557041287,10.7365593736265,9.8469580164408));
#2638=CARTESIAN_POINT('Ctrl Pts',(-8.22289243421288,10.9566636350317,19.5890683416543));
#2639=CARTESIAN_POINT('Ctrl Pts',(6.16577091462191,11.1767678964369,20.3331636363312));
#2640=CARTESIAN_POINT('Ctrl Pts',(16.4148763371649,11.3724161287972,12.685627141963));
#2641=CARTESIAN_POINT('Ctrl Pts',(20.1571727728869,11.5436083321123,2.51157264676918));
#2642=CARTESIAN_POINT('Ctrl Pts',(19.181739447347,11.6903445063825,-6.71141797470082));
#2643=CARTESIAN_POINT('Ctrl Pts',(14.6013307623541,11.8248526661301,-13.8962668240398));
#2644=CARTESIAN_POINT('Ctrl Pts',(8.28959642302293,11.9471328113552,-18.1988875743244));
#2645=CARTESIAN_POINT('Ctrl Pts',(-0.591388892000518,12.0938689856254,-20.5387452496941));
#2646=CARTESIAN_POINT('Ctrl Pts',(-12.1670942598402,12.2772892034631,-17.4178869941741));
#2647=CARTESIAN_POINT('Ctrl Pts',(-20.4790251022608,12.4973934648683,-5.65094385633418));
#2648=CARTESIAN_POINT('Ctrl Pts',(-19.37951631975,12.7174977262735,8.70294719787466));
#2649=CARTESIAN_POINT('Ctrl Pts',(-9.37643098092265,12.9376019876787,19.0620544436637));
#2650=CARTESIAN_POINT('Ctrl Pts',(4.92869269059015,13.157706249084,20.665126264879));
#2651=CARTESIAN_POINT('Ctrl Pts',(16.9822123987843,13.3778105104892,12.7692315566281));
#2652=CARTESIAN_POINT('Ctrl Pts',(20.7377311841579,13.5734587428494,0.548741782613727));
#2653=CARTESIAN_POINT('Ctrl Pts',(17.7522697155477,13.7446509461646,-9.87808764598966));
#2654=CARTESIAN_POINT('Ctrl Pts',(11.5157270220999,13.8913871204347,-16.7360321544782));
#2655=CARTESIAN_POINT('Ctrl Pts',(1.41978662767106,14.0625793237499,-20.696271304354));
#2656=CARTESIAN_POINT('Ctrl Pts',(-11.101132400561,14.2582275561101,-18.1159004432648));
#2657=CARTESIAN_POINT('Ctrl Pts',(-20.1061022735601,14.4783318175153,-6.86663972866309));
#2658=CARTESIAN_POINT('Ctrl Pts',(-19.862210049702,14.6984360789206,7.52886782628905));
#2659=CARTESIAN_POINT('Ctrl Pts',(-10.5059306344189,14.9185403403258,18.4668021905406));
#2660=CARTESIAN_POINT('Ctrl Pts',(3.69245558393499,15.138644601731,20.9236731129347));
#2661=CARTESIAN_POINT('Ctrl Pts',(15.1291420361793,15.3404068413525,14.3575650004575));
#2662=CARTESIAN_POINT('Ctrl Pts',(20.1526764051852,15.5238270591902,3.7942832856435));
#2663=CARTESIAN_POINT('Ctrl Pts',(19.3921647017876,15.6889052552441,-6.68875611403447));
#2664=CARTESIAN_POINT('Ctrl Pts',(13.5223891338065,15.853983451298,-15.4239626545616));
#2665=CARTESIAN_POINT('Ctrl Pts',(4.10139979712583,16.0190616473519,-20.097216155236));
#2666=CARTESIAN_POINT('Ctrl Pts',(-6.40070656494917,16.1841398434058,-19.4882567608119));
#2667=CARTESIAN_POINT('Ctrl Pts',(-15.2182491772023,16.3492180394598,-13.7527375296121));
#2668=CARTESIAN_POINT('Ctrl Pts',(-20.0343635042177,16.5142962355137,-4.40131434147253));
#2669=CARTESIAN_POINT('Ctrl Pts',(-19.5814786458798,16.6793744315676,6.10799888818839));
#2670=CARTESIAN_POINT('Ctrl Pts',(-13.979242167445,16.8444526276215,15.0107669503187));
#2671=CARTESIAN_POINT('Ctrl Pts',(-4.70061335406494,17.0095308236754,19.9662075719934));
#2672=CARTESIAN_POINT('Ctrl Pts',(5.81407233222476,17.1746090197294,19.6706684335399));
#2673=CARTESIAN_POINT('Ctrl Pts',(14.7999224382112,17.3396872157833,14.202550183215));
#2674=CARTESIAN_POINT('Ctrl Pts',(19.893421522254,17.5047654118372,4.99865729755922));
#2675=CARTESIAN_POINT('Ctrl Pts',(19.7558301186062,17.6698436078911,-5.51827323652832));
#2676=CARTESIAN_POINT('Ctrl Pts',(14.4218825053083,17.834921803945,-14.5870661360218));
#2677=CARTESIAN_POINT('Ctrl Pts',(8.3388088143681,17.9449739346477,-18.0706574588829));
#2678=CARTESIAN_POINT('Ctrl Pts',(5.06362301667941,17.999999999999,-18.9460033501798));
#2679=CARTESIAN_POINT('Ctrl Pts',(18.8379883552542,-0.325838671669367,4.32820374953202));
#2680=CARTESIAN_POINT('Ctrl Pts',(19.5862026981735,-0.270812606318061,1.07169044810492));
#2681=CARTESIAN_POINT('Ctrl Pts',(19.3576960076947,-0.160760475615448,-5.83359892218899));
#2682=CARTESIAN_POINT('Ctrl Pts',(13.9188155485031,0.00431772043847129,
-14.6625252804099));
#2683=CARTESIAN_POINT('Ctrl Pts',(4.82178178677122,0.169395916492392,-19.6332469768797));
#2684=CARTESIAN_POINT('Ctrl Pts',(-5.54437631928197,0.334474112546311,-19.4419332730041));
#2685=CARTESIAN_POINT('Ctrl Pts',(-14.4519119671385,0.499552308600231,-14.1371828854991));
#2686=CARTESIAN_POINT('Ctrl Pts',(-19.5591737397207,0.664630504654151,-5.11495802097242));
#2687=CARTESIAN_POINT('Ctrl Pts',(-19.5225852172349,0.829708700708071,5.25262020085845));
#2688=CARTESIAN_POINT('Ctrl Pts',(-14.3520597695533,0.99478689676199,14.2386508982872));
#2689=CARTESIAN_POINT('Ctrl Pts',(-5.40709472446806,1.15986509281591,19.4804942674113));
#2690=CARTESIAN_POINT('Ctrl Pts',(4.95963620354923,1.32494328886983,19.5988232185491));
#2691=CARTESIAN_POINT('Ctrl Pts',(14.022429054848,1.49002148492375,14.5640363618395));
#2692=CARTESIAN_POINT('Ctrl Pts',(19.3969328281897,1.65509968097767,5.69728032825389));
#2693=CARTESIAN_POINT('Ctrl Pts',(19.6717064662372,1.82017787703159,-4.66404012143519));
#2694=CARTESIAN_POINT('Ctrl Pts',(14.7707114333315,1.98525607308551,-13.8060105916862));
#2695=CARTESIAN_POINT('Ctrl Pts',(5.99017900697691,2.15033426913943,-19.3033145352119));
#2696=CARTESIAN_POINT('Ctrl Pts',(-5.52709660220462,2.33375448697711,-19.8006776332404));
#2697=CARTESIAN_POINT('Ctrl Pts',(-16.5228232896848,2.53551672659858,-12.8661405742984));
#2698=CARTESIAN_POINT('Ctrl Pts',(-20.9291729237612,2.7556209880038,0.631412788685337));
#2699=CARTESIAN_POINT('Ctrl Pts',(-15.7218609704912,2.97572524940903,13.8307786031158));
#2700=CARTESIAN_POINT('Ctrl Pts',(-5.35892925173341,3.15914546724671,19.5323150609913));
#2701=CARTESIAN_POINT('Ctrl Pts',(3.67970469548211,3.30588164151687,19.3583748415385));
#2702=CARTESIAN_POINT('Ctrl Pts',(12.164394936312,3.45261781578702,16.1980919810983));
#2703=CARTESIAN_POINT('Ctrl Pts',(18.6810288661611,3.61158200457968,8.31225095220534));
#2704=CARTESIAN_POINT('Ctrl Pts',(19.8894279411138,3.78277420789486,-2.3123070085269));
#2705=CARTESIAN_POINT('Ctrl Pts',(16.7918288230047,3.92951038216502,-10.9054887881657));
#2706=CARTESIAN_POINT('Ctrl Pts',(9.08771353834094,4.10070258548018,-18.3172361302043));
#2707=CARTESIAN_POINT('Ctrl Pts',(-3.29029223660462,4.29635081784039,-20.6799769870896));
#2708=CARTESIAN_POINT('Ctrl Pts',(-15.7248624254627,4.51645507924561,-13.8274221238192));
#2709=CARTESIAN_POINT('Ctrl Pts',(-20.9314395835475,4.73655934065084,-0.620010688772067));
#2710=CARTESIAN_POINT('Ctrl Pts',(-17.0034255501838,4.93220757301103,11.3574530957753));
#2711=CARTESIAN_POINT('Ctrl Pts',(-8.67133695384797,5.10339977632623,18.0449140494026));
#2712=CARTESIAN_POINT('Ctrl Pts',(0.255029247898376,5.25013595059636,20.0275340084693));
#2713=CARTESIAN_POINT('Ctrl Pts',(9.13777911502556,5.39687212486653,17.8195131353689));
#2714=CARTESIAN_POINT('Ctrl Pts',(16.1146918973845,5.54360829913667,11.8953335101268));
#2715=CARTESIAN_POINT('Ctrl Pts',(19.714771227834,5.69034447340682,3.48781408139002));
#2716=CARTESIAN_POINT('Ctrl Pts',(19.1456968906774,5.861536676722,-7.17605967913529));
#2717=CARTESIAN_POINT('Ctrl Pts',(11.7108555044816,6.0571849090822,-17.3669626366554));
#2718=CARTESIAN_POINT('Ctrl Pts',(-0.519447668345777,6.25283314144239,-20.4392494935949));
#2719=CARTESIAN_POINT('Ctrl Pts',(-10.6248904109725,6.42402534475758,-16.970755214961));
#2720=CARTESIAN_POINT('Ctrl Pts',(-17.060376654451,6.57076151902772,-10.4832118514412));
#2721=CARTESIAN_POINT('Ctrl Pts',(-20.4430130860632,6.7419537223429,-0.343322372975012));
#2722=CARTESIAN_POINT('Ctrl Pts',(-17.2668178378681,6.93760195470311,11.8498522573505));
#2723=CARTESIAN_POINT('Ctrl Pts',(-5.73330656002619,7.15770621610833,20.1391716074573));
#2724=CARTESIAN_POINT('Ctrl Pts',(8.41979926451003,7.37781047751356,19.1688384609608));
#2725=CARTESIAN_POINT('Ctrl Pts',(18.7133603113868,7.59791473891878,9.39728691388941));
#2726=CARTESIAN_POINT('Ctrl Pts',(20.4036104277182,7.81801900032401,-4.69519725563983));
#2727=CARTESIAN_POINT('Ctrl Pts',(12.7282411347513,8.03812326172924,-16.6259735017089));
#2728=CARTESIAN_POINT('Ctrl Pts',(-0.80659832498346,8.25822752313445,-20.9267750020753));
#2729=CARTESIAN_POINT('Ctrl Pts',(-12.4869544128999,8.45387575549468,-16.1907963269501));
#2730=CARTESIAN_POINT('Ctrl Pts',(-18.593469157185,8.62506795880983,-7.42408974339587));
#2731=CARTESIAN_POINT('Ctrl Pts',(-19.9631993744024,8.77180413307999,1.6166891266756));
#2732=CARTESIAN_POINT('Ctrl Pts',(-17.1571728612585,8.91854030735013,10.328402037071));
#2733=CARTESIAN_POINT('Ctrl Pts',(-10.7712601857826,9.0652764816203,16.8865960900305));
#2734=CARTESIAN_POINT('Ctrl Pts',(-2.13967214035363,9.21201265589043,19.9064233432197));
#2735=CARTESIAN_POINT('Ctrl Pts',(8.46432199994881,9.38320485920562,18.6128838298918));
#2736=CARTESIAN_POINT('Ctrl Pts',(18.1168083487764,9.57885309156581,10.5032462669454));
#2737=CARTESIAN_POINT('Ctrl Pts',(20.6501922335355,9.79895735297105,-3.467156058031));
#2738=CARTESIAN_POINT('Ctrl Pts',(13.6975007026889,10.0190616143763,-15.8349978592142));
#2739=CARTESIAN_POINT('Ctrl Pts',(0.452351377538525,10.2391658757815,-20.9343660271782));
#2740=CARTESIAN_POINT('Ctrl Pts',(-12.9992354286793,10.4592701371867,-16.413487192138));
#2741=CARTESIAN_POINT('Ctrl Pts',(-20.4824460959204,10.6793743985919,-4.35389384228483));
#2742=CARTESIAN_POINT('Ctrl Pts',(-18.5516769961083,10.8994786599972,9.70534684590807));
#2743=CARTESIAN_POINT('Ctrl Pts',(-8.10449276774888,11.1195829214024,19.3072342228019));
#2744=CARTESIAN_POINT('Ctrl Pts',(6.07713465527441,11.3396871828076,20.0405638071509));
#2745=CARTESIAN_POINT('Ctrl Pts',(16.1787340436545,11.5353354151678,12.5030260253793));
#2746=CARTESIAN_POINT('Ctrl Pts',(19.8671408015239,11.706527618483,2.47535103165376));
#2747=CARTESIAN_POINT('Ctrl Pts',(18.9057052668852,11.8532637927532,-6.61492566789493));
#2748=CARTESIAN_POINT('Ctrl Pts',(14.3911748300154,11.9877719525008,-13.6963727309997));
#2749=CARTESIAN_POINT('Ctrl Pts',(8.17024264103779,12.1100520977259,-17.9370570873682));
#2750=CARTESIAN_POINT('Ctrl Pts',(-0.582963448752263,12.2567882719961,-20.243210117383));
#2751=CARTESIAN_POINT('Ctrl Pts',(-11.9920928193671,12.4402084898338,-17.1672106154485));
#2752=CARTESIAN_POINT('Ctrl Pts',(-20.1843748371448,12.660312751239,-5.5695484034966));
#2753=CARTESIAN_POINT('Ctrl Pts',(-19.1006281691022,12.8804170126442,8.57779951817072));
#2754=CARTESIAN_POINT('Ctrl Pts',(-9.24143516589463,13.1005212740494,18.7878082677185));
#2755=CARTESIAN_POINT('Ctrl Pts',(4.85785815118275,13.3206255354547,20.3677548777982));
#2756=CARTESIAN_POINT('Ctrl Pts',(16.7379070293794,13.5407297968599,12.5854251309433));
#2757=CARTESIAN_POINT('Ctrl Pts',(20.4393375033441,13.7363780292201,0.540761031875128));
#2758=CARTESIAN_POINT('Ctrl Pts',(17.4967912620032,13.9075702325353,-9.73602416912858));
#2759=CARTESIAN_POINT('Ctrl Pts',(11.3499583239617,14.0543064068054,-16.4952639500673));
#2760=CARTESIAN_POINT('Ctrl Pts',(1.39927255240515,14.2254986101206,-20.3984777566277));
#2761=CARTESIAN_POINT('Ctrl Pts',(-10.9414719791252,14.4211468424808,-17.8551846883571));
#2762=CARTESIAN_POINT('Ctrl Pts',(-19.8168229840911,14.641251103886,-6.76775311261583));
#2763=CARTESIAN_POINT('Ctrl Pts',(-19.5763812082815,14.8613553652913,7.42061599085467));
#2764=CARTESIAN_POINT('Ctrl Pts',(-10.3546848465939,15.0814596266965,18.2011257431408));
#2765=CARTESIAN_POINT('Ctrl Pts',(3.63941036106645,15.3015638881017,20.6225865466943));
#2766=CARTESIAN_POINT('Ctrl Pts',(14.9115070615144,15.5033261277231,14.1509115754733));
#2767=CARTESIAN_POINT('Ctrl Pts',(19.8627143827651,15.6867463455609,3.73960472144828));
#2768=CARTESIAN_POINT('Ctrl Pts',(19.1131027978854,15.8518245416148,-6.59259075086193));
#2769=CARTESIAN_POINT('Ctrl Pts',(13.3277518762808,16.0169027376687,-15.2020820772246));
#2770=CARTESIAN_POINT('Ctrl Pts',(4.04230234990587,16.1819809337226,-19.8080534093916));
#2771=CARTESIAN_POINT('Ctrl Pts',(-6.30868634997883,16.3470591297765,-19.2078133640485));
#2772=CARTESIAN_POINT('Ctrl Pts',(-14.9993295610554,16.5121373258305,-13.5547866231536));
#2773=CARTESIAN_POINT('Ctrl Pts',(-19.7461063749789,16.6772155218844,-4.33790167083833));
#2774=CARTESIAN_POINT('Ctrl Pts',(-19.2996950743559,16.8422937179383,6.02019083562958));
#2775=CARTESIAN_POINT('Ctrl Pts',(-13.7780329272585,17.0073719139922,14.7948337302275));
#2776=CARTESIAN_POINT('Ctrl Pts',(-4.63289433863245,17.1724501100461,19.6789323659335));
#2777=CARTESIAN_POINT('Ctrl Pts',(5.73049396406749,17.3375283061,19.3876027102383));
#2778=CARTESIAN_POINT('Ctrl Pts',(14.587023981129,17.502606502154,13.998128619358));
#2779=CARTESIAN_POINT('Ctrl Pts',(19.6071948571546,17.6676846982079,4.92665001553363));
#2780=CARTESIAN_POINT('Ctrl Pts',(19.4715402117009,17.8327628942618,-5.4389514803627));
#2781=CARTESIAN_POINT('Ctrl Pts',(14.214305832402,17.9978410903157,-14.3772313733073));
#2782=CARTESIAN_POINT('Ctrl Pts',(8.21874743852414,18.1078932210183,-17.8106722810288));
#2783=CARTESIAN_POINT('Ctrl Pts',(4.99068481876898,18.1629192863696,-18.6734093836627));
#2784=CARTESIAN_POINT('Ctrl Pts',(18.5629892939997,-0.162919354176741,4.26493481873133));
#2785=CARTESIAN_POINT('Ctrl Pts',(19.3002663695783,-0.107893288825435,1.05596046275517));
#2786=CARTESIAN_POINT('Ctrl Pts',(19.0750659614744,0.00215884187717837,
-5.7485169116394));
#2787=CARTESIAN_POINT('Ctrl Pts',(13.7155502779964,0.167237037931097,-14.4485254870202));
#2788=CARTESIAN_POINT('Ctrl Pts',(4.75130363908351,0.332315233985018,-19.3466399787711));
#2789=CARTESIAN_POINT('Ctrl Pts',(-5.46351706097703,0.497393430038937,-19.1580746828563));
#2790=CARTESIAN_POINT('Ctrl Pts',(-14.2409878781697,0.662471626092857,-13.930730554475));
#2791=CARTESIAN_POINT('Ctrl Pts',(-19.273649405618,0.827549822146777,-5.04020008270535));
#2792=CARTESIAN_POINT('Ctrl Pts',(-19.237550436526,0.992628018200696,5.17602066641799));
#2793=CARTESIAN_POINT('Ctrl Pts',(-14.1424713468749,1.15770621425462,14.0308411535725));
#2794=CARTESIAN_POINT('Ctrl Pts',(-5.32807219165377,1.32278441030854,19.1961198397307));
#2795=CARTESIAN_POINT('Ctrl Pts',(4.88731429990997,1.48786260636246,19.3126766921582));
#2796=CARTESIAN_POINT('Ctrl Pts',(13.8177768665541,1.65294080241638,14.3513542018957));
#2797=CARTESIAN_POINT('Ctrl Pts',(19.113779570862,1.8180189984703,5.61402170619752));
#2798=CARTESIAN_POINT('Ctrl Pts',(19.3844971817875,1.98309719452422,-4.59603396825183));
#2799=CARTESIAN_POINT('Ctrl Pts',(14.5550129344027,2.14817539057813,-13.6045188074744));
#2800=CARTESIAN_POINT('Ctrl Pts',(5.90264473049432,2.31325358663206,-19.0215292809277));
#2801=CARTESIAN_POINT('Ctrl Pts',(-5.44649115570792,2.49667380446974,-19.5115817725071));
#2802=CARTESIAN_POINT('Ctrl Pts',(-16.2816602898022,2.69843604409121,-12.6782354075603));
#2803=CARTESIAN_POINT('Ctrl Pts',(-20.6236231104874,2.91854030549642,0.622284776981199));
#2804=CARTESIAN_POINT('Ctrl Pts',(-15.4922764374174,3.13864456690166,13.6289293205035));
#2805=CARTESIAN_POINT('Ctrl Pts',(-5.28060966853433,3.32206478473934,19.2471838891135));
#2806=CARTESIAN_POINT('Ctrl Pts',(3.62606760590466,3.46880095900949,19.0757441520004));
#2807=CARTESIAN_POINT('Ctrl Pts',(11.9868754051096,3.61553713327964,15.961562073244));
#2808=CARTESIAN_POINT('Ctrl Pts',(18.4083384134614,3.77450132207231,8.19081919163713));
#2809=CARTESIAN_POINT('Ctrl Pts',(19.5990502372386,3.94569352538748,-2.27863497989356));
#2810=CARTESIAN_POINT('Ctrl Pts',(16.5466363077858,4.09242969965764,-10.7463507087362));
#2811=CARTESIAN_POINT('Ctrl Pts',(8.95496228683156,4.2636219029728,-18.049860060576));
#2812=CARTESIAN_POINT('Ctrl Pts',(-3.24234590475211,4.45927013533302,-20.3780537705825));
#2813=CARTESIAN_POINT('Ctrl Pts',(-15.4953530722245,4.67937439673823,-13.6254865444304));
#2814=CARTESIAN_POINT('Ctrl Pts',(-20.6258620632821,4.89947865814347,-0.610869033744105));
#2815=CARTESIAN_POINT('Ctrl Pts',(-16.7551419685432,5.09512689050366,11.1917176544329));
#2816=CARTESIAN_POINT('Ctrl Pts',(-8.54466559755229,5.26631909381885,17.7815118457261));
#2817=CARTESIAN_POINT('Ctrl Pts',(0.251392218024219,5.41305526808899,19.735148931614));
#2818=CARTESIAN_POINT('Ctrl Pts',(9.00445242815182,5.55979144235915,17.5593249592068));
#2819=CARTESIAN_POINT('Ctrl Pts',(15.8794830718113,5.70652761662929,11.7216030091502));
#2820=CARTESIAN_POINT('Ctrl Pts',(19.4269683096547,5.85326379089944,3.43681031139742));
#2821=CARTESIAN_POINT('Ctrl Pts',(18.8661560649578,6.02445599421462,-7.07137803710487));
#2822=CARTESIAN_POINT('Ctrl Pts',(11.5398128285815,6.22010422657483,-17.11347099113));
#2823=CARTESIAN_POINT('Ctrl Pts',(-0.511952138796404,6.41575245893503,-20.1408526033888));
#2824=CARTESIAN_POINT('Ctrl Pts',(-10.4698495852457,6.58694466225019,-16.7229517426476));
#2825=CARTESIAN_POINT('Ctrl Pts',(-16.811355606568,6.73368083652037,-10.3300929875519));
#2826=CARTESIAN_POINT('Ctrl Pts',(-20.1445649628276,6.90487303983551,-0.338222219883501));
#2827=CARTESIAN_POINT('Ctrl Pts',(-17.0146868472478,7.10052127219575,11.6769293644502));
#2828=CARTESIAN_POINT('Ctrl Pts',(-5.64951879394068,7.32062553360094,19.8451824866774));
#2829=CARTESIAN_POINT('Ctrl Pts',(8.29696024297624,7.54072979500619,18.8889544379906));
#2830=CARTESIAN_POINT('Ctrl Pts',(18.4402025169979,7.76083405641139,9.26001446528193));
#2831=CARTESIAN_POINT('Ctrl Pts',(20.1057158698049,7.98093831781665,-4.62673938531571));
#2832=CARTESIAN_POINT('Ctrl Pts',(12.5423487319748,8.20104257922185,-16.3833040082186));
#2833=CARTESIAN_POINT('Ctrl Pts',(-0.794912751729839,8.42114684062709,-20.6212594425709));
#2834=CARTESIAN_POINT('Ctrl Pts',(-12.3047257721283,8.6167950729873,-15.954371541284));
#2835=CARTESIAN_POINT('Ctrl Pts',(-18.322053176185,8.78798727630246,-7.31562471420174));
#2836=CARTESIAN_POINT('Ctrl Pts',(-19.6717476668368,8.93472345057262,1.59317281073319));
#2837=CARTESIAN_POINT('Ctrl Pts',(-16.9066491346424,9.08145962484276,10.177690476935));
#2838=CARTESIAN_POINT('Ctrl Pts',(-10.6139368230268,9.22819579911291,16.6401133213714));
#2839=CARTESIAN_POINT('Ctrl Pts',(-2.10834920532565,9.37493197338307,19.6158166762373));
#2840=CARTESIAN_POINT('Ctrl Pts',(8.3408305945566,9.54612417669823,18.3411160528362));
#2841=CARTESIAN_POINT('Ctrl Pts',(17.8523644347281,9.74177240905846,10.3498303733559));
#2842=CARTESIAN_POINT('Ctrl Pts',(20.3487030866849,9.96187667046364,-3.41662754534623));
#2843=CARTESIAN_POINT('Ctrl Pts',(13.4974613853174,10.1819809318689,-15.6038800687397));
#2844=CARTESIAN_POINT('Ctrl Pts',(0.445657385035403,10.4020851932741,-20.6287450621206));
#2845=CARTESIAN_POINT('Ctrl Pts',(-12.8095289040476,10.6221894546794,-16.1738091161044));
#2846=CARTESIAN_POINT('Ctrl Pts',(-20.1834395415502,10.8422937160846,-4.29024278402237));
#2847=CARTESIAN_POINT('Ctrl Pts',(-18.2807974443009,11.0623979774898,9.56373733085972));
#2848=CARTESIAN_POINT('Ctrl Pts',(-7.98609139554718,11.282502238895,19.0254008413613));
#2849=CARTESIAN_POINT('Ctrl Pts',(5.98850018012202,11.5026065003003,19.7479634575639));
#2850=CARTESIAN_POINT('Ctrl Pts',(15.942592874933,11.6982547326604,12.3204234848259));
#2851=CARTESIAN_POINT('Ctrl Pts',(19.5771090685575,11.8694469359756,2.43912765580349));
#2852=CARTESIAN_POINT('Ctrl Pts',(18.6296705172324,12.0161831102458,-6.51843504507295));
#2853=CARTESIAN_POINT('Ctrl Pts',(14.1810176957745,12.1506912699934,-13.4964799279812));
#2854=CARTESIAN_POINT('Ctrl Pts',(8.05088727497115,12.2729714152186,-17.6752273423694));
#2855=CARTESIAN_POINT('Ctrl Pts',(-0.574539802495671,12.4197075894887,-19.947674952435));
#2856=CARTESIAN_POINT('Ctrl Pts',(-11.8170929136655,12.6031278073264,-16.9165331886837));
#2857=CARTESIAN_POINT('Ctrl Pts',(-19.8897250853133,12.8232320687316,-5.48815116469297));
#2858=CARTESIAN_POINT('Ctrl Pts',(-18.8217392752404,13.0433363301368,8.45265354159939));
#2859=CARTESIAN_POINT('Ctrl Pts',(-9.10643769229295,13.2634405915421,18.5135629295947));
#2860=CARTESIAN_POINT('Ctrl Pts',(4.7870254238476,13.4835448529473,20.0703830788153));
#2861=CARTESIAN_POINT('Ctrl Pts',(16.4936027926207,13.7036491143525,12.4016172317541));
#2862=CARTESIAN_POINT('Ctrl Pts',(20.1409438897824,13.8992973467127,0.532778467795069));
#2863=CARTESIAN_POINT('Ctrl Pts',(17.2413119609431,14.0704895500279,-9.59396225415295));
#2864=CARTESIAN_POINT('Ctrl Pts',(11.1841881726823,14.2172257242981,-16.2544967684333));
#2865=CARTESIAN_POINT('Ctrl Pts',(1.37875666824568,14.3884179276132,-20.1006843523231));
#2866=CARTESIAN_POINT('Ctrl Pts',(-10.7818131525273,14.5840661599734,-17.5944679792916));
#2867=CARTESIAN_POINT('Ctrl Pts',(-19.5275443138928,14.8041704213786,-6.66886474435116));
#2868=CARTESIAN_POINT('Ctrl Pts',(-19.2905517267781,15.0242746827839,7.31236589968085));
#2869=CARTESIAN_POINT('Ctrl Pts',(-10.2034374533209,15.2443789441891,17.9354502318069));
#2870=CARTESIAN_POINT('Ctrl Pts',(3.5863669717454,15.4644832055943,20.3214996769202));
#2871=CARTESIAN_POINT('Ctrl Pts',(14.6938733566909,15.6662454452158,13.9442568405355));
#2872=CARTESIAN_POINT('Ctrl Pts',(19.5727527109347,15.8496656630535,3.68492439810364));
#2873=CARTESIAN_POINT('Ctrl Pts',(18.8340403269524,16.0147438591074,-6.49642709005617));
#2874=CARTESIAN_POINT('Ctrl Pts',(13.1331132822421,16.1798220551613,-14.9802026969609));
#2875=CARTESIAN_POINT('Ctrl Pts',(3.98320314867168,16.3449002512152,-19.5188910409445));
#2876=CARTESIAN_POINT('Ctrl Pts',(-6.21666784551213,16.5099784472691,-18.9273694255399));
#2877=CARTESIAN_POINT('Ctrl Pts',(-14.7804111619386,16.6750566433231,-13.3568343983879));
#2878=CARTESIAN_POINT('Ctrl Pts',(-19.4578496493113,16.840134839377,-4.2744872519667));
#2879=CARTESIAN_POINT('Ctrl Pts',(-19.0179109867755,17.0052130354309,5.93238450145723));
#2880=CARTESIAN_POINT('Ctrl Pts',(-13.5768223871227,17.1702912314848,14.5789017467837));
#2881=CARTESIAN_POINT('Ctrl Pts',(-4.56517358120229,17.3353694275387,19.3916575895625));
#2882=CARTESIAN_POINT('Ctrl Pts',(5.6469173218257,17.5004476235927,19.1045364966666));
#2883=CARTESIAN_POINT('Ctrl Pts',(14.3741267800285,17.6655258196466,13.7937057742105));
#2884=CARTESIAN_POINT('Ctrl Pts',(19.3209686477488,17.8306040157005,4.85464099813447));
#2885=CARTESIAN_POINT('Ctrl Pts',(19.1872498404697,17.9956822117544,-5.35963145724909));
#2886=CARTESIAN_POINT('Ctrl Pts',(14.0067278970428,18.1607604078084,-14.1673978856402));
#2887=CARTESIAN_POINT('Ctrl Pts',(8.09868448981762,18.270812538511,-17.550687849202));
#2888=CARTESIAN_POINT('Ctrl Pts',(4.91774496842531,18.3258386038623,-18.4008158776371));
#2889=CARTESIAN_POINT('Ctrl Pts',(18.28799069212,4.24731604053985E-10,4.20166398551774));
#2890=CARTESIAN_POINT('Ctrl Pts',(19.0143301716228,0.0550260657760378,1.04022849561394));
#2891=CARTESIAN_POINT('Ctrl Pts',(18.7924353462831,0.165078196478651,-5.66343686754782));
#2892=CARTESIAN_POINT('Ctrl Pts',(13.5122835386454,0.33015639253257,-14.2345271193153));
#2893=CARTESIAN_POINT('Ctrl Pts',(4.68082350900548,0.49523458858649,-19.0600334909062));
#2894=CARTESIAN_POINT('Ctrl Pts',(-5.38265977730538,0.660312784640411,-18.8742155532));
#2895=CARTESIAN_POINT('Ctrl Pts',(-14.0300652367721,0.825390980694329,-13.7242767761354));
#2896=CARTESIAN_POINT('Ctrl Pts',(-18.9881256113516,0.99046917674825,-4.96544016989713));
#2897=CARTESIAN_POINT('Ctrl Pts',(-18.952515145942,1.15554737280217,5.09942311445917));
#2898=CARTESIAN_POINT('Ctrl Pts',(-13.9328814987121,1.32062556885609,13.8230328779393));
#2899=CARTESIAN_POINT('Ctrl Pts',(-5.24904769259347,1.48570376491001,18.9117459813786));
#2900=CARTESIAN_POINT('Ctrl Pts',(4.8149943861426,1.65078196096393,19.0265296856396));
#2901=CARTESIAN_POINT('Ctrl Pts',(13.6131261685602,1.81586015701785,14.1386706385984));
#2902=CARTESIAN_POINT('Ctrl Pts',(18.8306269121493,1.98093835307177,5.53076112668045));
#2903=CARTESIAN_POINT('Ctrl Pts',(19.0972874472194,2.14601654912569,-4.52802981198621));
#2904=CARTESIAN_POINT('Ctrl Pts',(14.3393130542648,2.31109474517961,-13.4030285342468));
#2905=CARTESIAN_POINT('Ctrl Pts',(5.81510850635721,2.47617294123353,-18.7397446548041));
#2906=CARTESIAN_POINT('Ctrl Pts',(-5.36588772015415,2.65959315907122,-19.2224853744297));
#2907=CARTESIAN_POINT('Ctrl Pts',(-16.0404986111315,2.86135539869268,-12.4903285823965));
#2908=CARTESIAN_POINT('Ctrl Pts',(-20.318073256781,3.0814596600979,0.613158884965628));
#2909=CARTESIAN_POINT('Ctrl Pts',(-15.2626905217045,3.30156392150313,13.4270816452175));
#2910=CARTESIAN_POINT('Ctrl Pts',(-5.20228811378158,3.48498413934082,18.962053281729));
#2911=CARTESIAN_POINT('Ctrl Pts',(3.57243248041092,3.63172031361097,18.7931131116523));
#2912=CARTESIAN_POINT('Ctrl Pts',(11.8093575275829,3.77845648788111,15.7250309520052));
#2913=CARTESIAN_POINT('Ctrl Pts',(18.1356488232979,3.93742067667378,8.06938554901981));
#2914=CARTESIAN_POINT('Ctrl Pts',(19.3086723215983,4.10861287998895,-2.24496496758069));
#2915=CARTESIAN_POINT('Ctrl Pts',(16.3014427073019,4.25534905425911,-10.5872143416624));
#2916=CARTESIAN_POINT('Ctrl Pts',(8.82220919098352,4.42654125757428,-17.7824849316232));
#2917=CARTESIAN_POINT('Ctrl Pts',(-3.19440167035763,4.62218948993449,-20.0761302441721));
#2918=CARTESIAN_POINT('Ctrl Pts',(-15.2658451366194,4.84229375133971,-13.4235493885006));
#2919=CARTESIAN_POINT('Ctrl Pts',(-20.3202846293042,5.06239801274494,-0.601725260183252));
#2920=CARTESIAN_POINT('Ctrl Pts',(-16.5068572561024,5.25804624510514,11.0259839473633));
#2921=CARTESIAN_POINT('Ctrl Pts',(-8.41799242402054,5.42923844842032,17.5181105402682));
#2922=CARTESIAN_POINT('Ctrl Pts',(0.247757216132704,5.57597462269046,19.442763851415));
#2923=CARTESIAN_POINT('Ctrl Pts',(8.871127555709,5.72271079696062,17.2991358779125));
#2924=CARTESIAN_POINT('Ctrl Pts',(15.6442754686762,5.86944697123076,11.5478708899826));
#2925=CARTESIAN_POINT('Ctrl Pts',(19.139165766758,6.01618314550092,3.3858045492829));
#2926=CARTESIAN_POINT('Ctrl Pts',(18.5866145342045,6.18737534881608,-6.96669834155534));
#2927=CARTESIAN_POINT('Ctrl Pts',(11.368768407495,6.38302358117631,-16.8599805508004));
#2928=CARTESIAN_POINT('Ctrl Pts',(-0.504458679211895,6.57867181353649,-19.8424556835296));
#2929=CARTESIAN_POINT('Ctrl Pts',(-10.3148104896767,6.74986401685168,-16.4751472136711));
#2930=CARTESIAN_POINT('Ctrl Pts',(-16.5623356392359,6.89660019112182,-10.1769724081546));
#2931=CARTESIAN_POINT('Ctrl Pts',(-19.8461168973198,7.067792394437,-0.333119997400889));
#2932=CARTESIAN_POINT('Ctrl Pts',(-16.7625546762722,7.2634406267972,11.5040082330521));
#2933=CARTESIAN_POINT('Ctrl Pts',(-5.56572899528766,7.48354488820243,19.5511939689952));
#2934=CARTESIAN_POINT('Ctrl Pts',(8.17412317166696,7.70364914960765,18.6090695840814));
#2935=CARTESIAN_POINT('Ctrl Pts',(18.1670456950664,7.92375341101288,9.12274013258018));
#2936=CARTESIAN_POINT('Ctrl Pts',(19.8078208594406,8.14385767241811,-4.55828358604859));
#2937=CARTESIAN_POINT('Ctrl Pts',(12.3564546601856,8.36396193382333,-16.1406358220848));
#2938=CARTESIAN_POINT('Ctrl Pts',(-0.783229298135543,8.58406619522856,-20.3157438249117));
#2939=CARTESIAN_POINT('Ctrl Pts',(-12.1224987846286,8.77971442758877,-15.7179455095461));
#2940=CARTESIAN_POINT('Ctrl Pts',(-18.0506379677314,8.95090663090393,-7.20715781083439));
#2941=CARTESIAN_POINT('Ctrl Pts',(-19.3802958180129,9.09764280517409,1.56965851779561));
#2942=CARTESIAN_POINT('Ctrl Pts',(-16.6561243815815,9.24437897944423,10.0269806654972));
#2943=CARTESIAN_POINT('Ctrl Pts',(-10.456611762681,9.3911151537144,16.3936316622218));
#2944=CARTESIAN_POINT('Ctrl Pts',(-2.07702425725136,9.53785132798453,19.325210248253));
#2945=CARTESIAN_POINT('Ctrl Pts',(8.21734108314944,9.70904353129973,18.0693474397203));
#2946=CARTESIAN_POINT('Ctrl Pts',(17.5879216044331,9.9046917636599,10.1964126573013));
#2947=CARTESIAN_POINT('Ctrl Pts',(20.047213612009,10.1247960250651,-3.36610112729594));
#2948=CARTESIAN_POINT('Ctrl Pts',(13.2974204800943,10.3449002864704,-15.3727636828717));
#2949=CARTESIAN_POINT('Ctrl Pts',(0.438961273529314,10.5650045478756,-20.3231241663763));
#2950=CARTESIAN_POINT('Ctrl Pts',(-12.6198240558252,10.7851088092808,-15.9341297423871));
#2951=CARTESIAN_POINT('Ctrl Pts',(-19.8844334509882,11.005213070686,-4.22658965689129));
#2952=CARTESIAN_POINT('Ctrl Pts',(-18.0099169307129,11.2253173320913,9.42212970500135));
#2953=CARTESIAN_POINT('Ctrl Pts',(-7.86768807767393,11.4454215934965,18.7435683021507));
#2954=CARTESIAN_POINT('Ctrl Pts',(5.89986774083067,11.6655258549017,19.4553625152089));
#2955=CARTESIAN_POINT('Ctrl Pts',(15.706452990247,11.8611740872619,12.1378193202782));
#2956=CARTESIAN_POINT('Ctrl Pts',(19.2870776085263,12.0323662905771,2.40290227126671));
#2957=CARTESIAN_POINT('Ctrl Pts',(18.3536351190995,12.1791024648473,-6.42194634380809));
#2958=CARTESIAN_POINT('Ctrl Pts',(13.9708591909844,12.3136106245949,-13.2965885973909));
#2959=CARTESIAN_POINT('Ctrl Pts',(7.93153010203247,12.43589076982,-17.4133984447212));
#2960=CARTESIAN_POINT('Ctrl Pts',(-0.566118206436924,12.5826269440902,-19.6521397512202));
#2961=CARTESIAN_POINT('Ctrl Pts',(-11.6420947595437,12.7660471619279,-16.6658545670433));
#2962=CARTESIAN_POINT('Ctrl Pts',(-19.595075920049,12.9861514233331,-5.40675188856475));
#2963=CARTESIAN_POINT('Ctrl Pts',(-18.5428495343671,13.2062556847383,8.32750950852567));
#2964=CARTESIAN_POINT('Ctrl Pts',(-8.97143832688325,13.4263599461435,18.2393185482322));
#2965=CARTESIAN_POINT('Ctrl Pts',(4.71619476412019,13.6464642075488,19.7730108108721));
#2966=CARTESIAN_POINT('Ctrl Pts',(16.249299848888,13.866568468954,12.2178076520605));
#2967=CARTESIAN_POINT('Ctrl Pts',(19.8425503539263,14.0622167013142,0.524793834917716));
#2968=CARTESIAN_POINT('Ctrl Pts',(16.9858316937984,14.2334089046294,-9.45190212158312));
#2969=CARTESIAN_POINT('Ctrl Pts',(11.0184163640715,14.3801450788995,-16.0137307544646));
#2970=CARTESIAN_POINT('Ctrl Pts',(1.35823872040422,14.5513372822147,-19.8028911126224));
#2971=CARTESIAN_POINT('Ctrl Pts',(-10.6221561459878,14.7469855145749,-17.3337501824919));
#2972=CARTESIAN_POINT('Ctrl Pts',(-19.2382663511627,14.9670897759801,-6.56997437732266));
#2973=CARTESIAN_POINT('Ctrl Pts',(-19.0047215159477,15.1871940373854,7.20411779887179));
#2974=CARTESIAN_POINT('Ctrl Pts',(-10.0521882289033,15.4072982987906,17.6697757892919));
#2975=CARTESIAN_POINT('Ctrl Pts',(3.53332567447443,15.6274025601958,20.0204124618346));
#2976=CARTESIAN_POINT('Ctrl Pts',(14.4762411013306,15.8291647998173,13.7376006117618));
#2977=CARTESIAN_POINT('Ctrl Pts',(19.2827914400392,16.012585017655,3.63024206794182));
#2978=CARTESIAN_POINT('Ctrl Pts',(18.5549772100144,16.1776632137089,-6.40026537177934));
#2979=CARTESIAN_POINT('Ctrl Pts',(12.9384731640269,16.3427414097628,-14.7583246831538));
#2980=CARTESIAN_POINT('Ctrl Pts',(3.9241019464935,16.5078196058167,-19.2297291040142));
#2981=CARTESIAN_POINT('Ctrl Pts',(-6.12465129284401,16.6728978018706,-18.6469248698788));
#2982=CARTESIAN_POINT('Ctrl Pts',(-14.5614941520372,16.8379759979245,-13.1588806702275));
#2983=CARTESIAN_POINT('Ctrl Pts',(-19.1695933850189,17.0030541939785,-4.21107083875585));
#2984=CARTESIAN_POINT('Ctrl Pts',(-18.7361263113549,17.1681323900324,5.84458012806304));
#2985=CARTESIAN_POINT('Ctrl Pts',(-13.375610364547,17.3332105860863,14.3629711749269));
#2986=CARTESIAN_POINT('Ctrl Pts',(-4.49745083656594,17.4982887821402,19.104383304361));
#2987=CARTESIAN_POINT('Ctrl Pts',(5.56334264893802,17.6633669781942,18.8214697246785));
#2988=CARTESIAN_POINT('Ctrl Pts',(14.1612310125631,17.828445174248,13.589281467921));
#2989=CARTESIAN_POINT('Ctrl Pts',(19.0347429591775,17.993523370302,4.78263000110116));
#2990=CARTESIAN_POINT('Ctrl Pts',(18.9029589404259,18.1586015663559,-5.28031341161877));
#2991=CARTESIAN_POINT('Ctrl Pts',(13.7991485220429,18.3236797624098,-13.9575658533479));
#2992=CARTESIAN_POINT('Ctrl Pts',(7.97861974704225,18.4337318931124,-17.2907042693662));
#2993=CARTESIAN_POINT('Ctrl Pts',(4.84480323307589,18.4887579584637,-18.1282228978751));
#2994=CARTESIAN_POINT('',(5.06362301667913,18.,-18.946003350178));
#2995=CARTESIAN_POINT('Ctrl Pts',(-19.6092658990428,16.5831304068448,-0.000317710630645129));
#2996=CARTESIAN_POINT('Ctrl Pts',(-19.6082851448599,16.6152117484194,1.97667785810638));
#2997=CARTESIAN_POINT('Ctrl Pts',(-19.3116303406105,16.647293089994,3.95396677802884));
#2998=CARTESIAN_POINT('Ctrl Pts',(-18.7232533758619,16.6793744315687,5.84024136026608));
#2999=CARTESIAN_POINT('Ctrl Pts',(-17.7140664863999,16.73440049692,9.07558824223101));
#3000=CARTESIAN_POINT('Ctrl Pts',(-15.8466543269218,16.7894265622713,12.0431775962742));
#3001=CARTESIAN_POINT('Ctrl Pts',(-13.3665101116195,16.8444526276226,14.3528790435748));
#3002=CARTESIAN_POINT('Ctrl Pts',(-10.8863658963172,16.8994786929739,16.6625804908754));
#3003=CARTESIAN_POINT('Ctrl Pts',(-7.79348962519087,16.9545047583252,18.3143940314335));
#3004=CARTESIAN_POINT('Ctrl Pts',(-4.49460387524625,17.0095308236765,19.0910442786369));
#3005=CARTESIAN_POINT('Ctrl Pts',(-1.19571812530163,17.0645568890278,19.8676945258404));
#3006=CARTESIAN_POINT('Ctrl Pts',(2.30917710346124,17.1195829543791,19.7691814796892));
#3007=CARTESIAN_POINT('Ctrl Pts',(5.55926640217361,17.1746090197304,18.8085719148929));
#3008=CARTESIAN_POINT('Ctrl Pts',(8.80935570088606,17.2296350850817,17.8479623500966));
#3009=CARTESIAN_POINT('Ctrl Pts',(11.804639069548,17.284661150433,16.0252562666551));
#3010=CARTESIAN_POINT('Ctrl Pts',(14.151197267886,17.3396872157843,13.5799210773252));
#3011=CARTESIAN_POINT('Ctrl Pts',(16.497755466224,17.3947132811356,11.1345858879953));
#3012=CARTESIAN_POINT('Ctrl Pts',(18.1955884942381,17.4497393464869,8.06662159277704));
#3013=CARTESIAN_POINT('Ctrl Pts',(19.0215731076371,17.5047654118382,4.77981768948682));
#3014=CARTESIAN_POINT('Ctrl Pts',(19.8475577210362,17.5597914771896,1.4930137861966));
#3015=CARTESIAN_POINT('Ctrl Pts',(19.8016939198203,17.6148175425409,-2.01262972516556));
#3016=CARTESIAN_POINT('Ctrl Pts',(18.8897707503295,17.6698436078922,-5.2769169640954));
#3017=CARTESIAN_POINT('Ctrl Pts',(17.9778475808386,17.7248696732435,-8.54120420302533));
#3018=CARTESIAN_POINT('Ctrl Pts',(16.1998650430728,17.7798957385948,-11.5641351695229));
#3019=CARTESIAN_POINT('Ctrl Pts',(13.7901053514549,17.8349218039461,-13.9464984834869));
#3020=CARTESIAN_POINT('Ctrl Pts',(11.3803456598372,17.8899478692974,-16.3288617974508));
#3021=CARTESIAN_POINT('Ctrl Pts',(8.3388088143675,17.9449739346487,-18.0706574588811));
#3022=CARTESIAN_POINT('Ctrl Pts',(5.06362301667921,18.,-18.946003350178));
#3023=CARTESIAN_POINT('Ctrl Pts',(18.2896927981667,18.,4.20214562200672));
#3024=CARTESIAN_POINT('Ctrl Pts',(18.3147226119263,17.9999999999621,4.1060544165365));
#3025=CARTESIAN_POINT('Ctrl Pts',(18.338984722758,17.9999999998868,4.00972543549068));
#3026=CARTESIAN_POINT('Ctrl Pts',(18.3624782954986,17.9999999998868,3.91316776087604));
#3027=CARTESIAN_POINT('Ctrl Pts',(18.455656421745,17.9999999998867,3.53020926858286));
#3028=CARTESIAN_POINT('Ctrl Pts',(18.5364629832377,17.9999999998845,3.14483141950916));
#3029=CARTESIAN_POINT('Ctrl Pts',(18.6050383918246,17.9999999998804,2.75765481793769));
#3030=CARTESIAN_POINT('Ctrl Pts',(18.6744253315538,17.9999999998762,2.36589631337474));
#3031=CARTESIAN_POINT('Ctrl Pts',(18.7312900188824,17.9999999998702,1.97229574436354));
#3032=CARTESIAN_POINT('Ctrl Pts',(18.7757289598329,17.9999999998627,1.57747275054671));
#3033=CARTESIAN_POINT('Ctrl Pts',(18.8205110035758,17.9999999998552,1.17960141964625));
#3034=CARTESIAN_POINT('Ctrl Pts',(18.8526747689979,17.9999999998463,0.780488183214791));
#3035=CARTESIAN_POINT('Ctrl Pts',(18.8722682430715,17.9999999998369,0.380751406345187));
#3036=CARTESIAN_POINT('Ctrl Pts',(18.8919137787429,17.9999999998274,-0.0200475065824881));
#3037=CARTESIAN_POINT('Ctrl Pts',(18.8989221816005,17.9999999998173,-0.421473837392614));
#3038=CARTESIAN_POINT('Ctrl Pts',(18.8932900646969,17.9999999998078,-0.822911794611996));
#3039=CARTESIAN_POINT('Ctrl Pts',(18.8876942035631,17.9999999997983,-1.2217655650264));
#3040=CARTESIAN_POINT('Ctrl Pts',(18.8696200190999,17.9999999997894,-1.62063136722774));
#3041=CARTESIAN_POINT('Ctrl Pts',(18.8390130888209,17.9999999997822,-2.0189042999943));
#3042=CARTESIAN_POINT('Ctrl Pts',(18.8189322234003,17.9999999997776,-2.2802067269486));
#3043=CARTESIAN_POINT('Ctrl Pts',(18.7934555645775,17.9999999997737,-2.54125391653447));
#3044=CARTESIAN_POINT('Ctrl Pts',(18.7625557162473,17.999999999771,-2.80187307660446));
#3045=CARTESIAN_POINT('Ctrl Pts',(18.747476703702,17.9999999997698,-2.92905426993093));
#3046=CARTESIAN_POINT('Ctrl Pts',(18.7311060658379,17.9999999997688,-3.05613349990428));
#3047=CARTESIAN_POINT('Ctrl Pts',(18.7134397882158,17.9999999997681,-3.18309046340918));
#3048=CARTESIAN_POINT('Ctrl Pts',(18.7066930936457,17.9999999997679,-3.23157491919776));
#3049=CARTESIAN_POINT('Ctrl Pts',(18.6997574306217,17.9999999997677,-3.28004154125668));
#3050=CARTESIAN_POINT('Ctrl Pts',(18.6926325544754,17.9999999997675,-3.32848919188832));
#3051=CARTESIAN_POINT('Ctrl Pts',(18.6860095945122,17.9999999997674,-3.37352391864792));
#3052=CARTESIAN_POINT('Ctrl Pts',(18.6792227795899,17.9999999997673,-3.41854432631517));
#3053=CARTESIAN_POINT('Ctrl Pts',(18.6722755540714,17.9999999997672,-3.46352666053422));
#3054=CARTESIAN_POINT('Ctrl Pts',(18.6103736152082,17.9999999997661,-3.86433324085521));
#3055=CARTESIAN_POINT('Ctrl Pts',(18.535683472016,17.9999999997632,-4.26251359234879));
#3056=CARTESIAN_POINT('Ctrl Pts',(18.4482745786431,17.9999999997586,-4.65744758586543));
#3057=CARTESIAN_POINT('Ctrl Pts',(18.4137987855696,17.9999999997568,-4.8132173492478));
#3058=CARTESIAN_POINT('Ctrl Pts',(18.3773438085159,17.9999999997547,-4.96848216734417));
#3059=CARTESIAN_POINT('Ctrl Pts',(18.3389116918219,17.9999999997525,-5.12320418781375));
#3060=CARTESIAN_POINT('Ctrl Pts',(18.2389861069205,17.9999999997466,-5.52548982083482));
#3061=CARTESIAN_POINT('Ctrl Pts',(18.1256989288506,17.9999999997391,-5.92410644311117));
#3062=CARTESIAN_POINT('Ctrl Pts',(17.9994869442408,17.9999999997308,-6.31850487544643));
#3063=CARTESIAN_POINT('Ctrl Pts',(17.8765698036595,17.9999999997228,-6.70260728618264));
#3064=CARTESIAN_POINT('Ctrl Pts',(17.7413933616565,17.9999999997139,-7.08270933860364));
#3065=CARTESIAN_POINT('Ctrl Pts',(17.5943072935006,17.9999999997051,-7.45829440655445));
#3066=CARTESIAN_POINT('Ctrl Pts',(17.4468007633749,17.9999999996963,-7.83495312641198));
#3067=CARTESIAN_POINT('Ctrl Pts',(17.2873161916716,17.9999999996875,-8.20706950852927));
#3068=CARTESIAN_POINT('Ctrl Pts',(17.1161565133961,17.9999999996799,-8.57410563621227));
#3069=CARTESIAN_POINT('Ctrl Pts',(16.9454432539239,17.9999999996724,-8.94018445998721));
#3070=CARTESIAN_POINT('Ctrl Pts',(16.7631154455128,17.999999999666,-9.30120999048089));
#3071=CARTESIAN_POINT('Ctrl Pts',(16.5694280029909,17.9999999996622,-9.65662428104489));
#3072=CARTESIAN_POINT('Ctrl Pts',(16.4681410947812,17.9999999996602,-9.8424846246792));
#3073=CARTESIAN_POINT('Ctrl Pts',(16.3637469779246,17.9999999996589,-10.0268100368379));
#3074=CARTESIAN_POINT('Ctrl Pts',(16.2562774814092,17.9999999996585,-10.2095173812285));
#3075=CARTESIAN_POINT('Ctrl Pts',(16.2320542202433,17.9999999996584,-10.2506989989302));
#3076=CARTESIAN_POINT('Ctrl Pts',(16.2076747063241,17.9999999996584,-10.2917984026428));
#3077=CARTESIAN_POINT('Ctrl Pts',(16.1831392828675,17.9999999996584,-10.3328146220401));
#3078=CARTESIAN_POINT('Ctrl Pts',(16.1646835099151,17.9999999996584,-10.3636674024661));
#3079=CARTESIAN_POINT('Ctrl Pts',(16.1461445448182,17.9999999996585,-10.3944647155814));
#3080=CARTESIAN_POINT('Ctrl Pts',(16.1275227122834,17.9999999996587,-10.4252061619103));
#3081=CARTESIAN_POINT('Ctrl Pts',(15.9161140116718,17.9999999996604,-10.7742056071148));
#3082=CARTESIAN_POINT('Ctrl Pts',(15.6940276720201,17.9999999996711,-11.1160083395021));
#3083=CARTESIAN_POINT('Ctrl Pts',(15.4616571442059,17.9999999996874,-11.4501127211183));
#3084=CARTESIAN_POINT('Ctrl Pts',(15.2283588557701,17.9999999997038,-11.7855510450881));
#3085=CARTESIAN_POINT('Ctrl Pts',(14.9846938527509,17.9999999997259,-12.1132299321534));
#3086=CARTESIAN_POINT('Ctrl Pts',(14.7310105625193,17.9999999997505,-12.4326245349576));
#3087=CARTESIAN_POINT('Ctrl Pts',(14.4777197124446,17.999999999775,-12.751525044249));
#3088=CARTESIAN_POINT('Ctrl Pts',(14.2144412688634,17.9999999998021,-13.0621673745873));
#3089=CARTESIAN_POINT('Ctrl Pts',(13.9414765090583,17.9999999998288,-13.3640045185108));
#3090=CARTESIAN_POINT('Ctrl Pts',(13.8257171435063,17.9999999998402,-13.4920081344559));
#3091=CARTESIAN_POINT('Ctrl Pts',(13.7082152034284,17.9999999998514,-13.6184278331174));
#3092=CARTESIAN_POINT('Ctrl Pts',(13.5889913735886,17.9999999998624,-13.7432202223778));
#3093=CARTESIAN_POINT('Ctrl Pts',(13.2988651400137,17.9999999998892,-14.046897313808));
#3094=CARTESIAN_POINT('Ctrl Pts',(12.9985452372844,17.9999999999143,-14.3409409286198));
#3095=CARTESIAN_POINT('Ctrl Pts',(12.6886196358612,17.999999999935,-14.6250362626743));
#3096=CARTESIAN_POINT('Ctrl Pts',(12.417434734616,17.9999999999531,-14.8736196799719));
#3097=CARTESIAN_POINT('Ctrl Pts',(12.138894569531,17.9999999999678,-15.1145859923312));
#3098=CARTESIAN_POINT('Ctrl Pts',(11.8533692650229,17.9999999999775,-15.3476957510735));
#3099=CARTESIAN_POINT('Ctrl Pts',(11.7284519443006,17.9999999999817,-15.4496812705233));
#3100=CARTESIAN_POINT('Ctrl Pts',(11.6021973647801,17.9999999999849,-15.5501626346298));
#3101=CARTESIAN_POINT('Ctrl Pts',(11.4746354004065,17.999999999987,-15.649118040178));
#3102=CARTESIAN_POINT('Ctrl Pts',(11.409466254271,17.9999999999881,-15.6996726025566));
#3103=CARTESIAN_POINT('Ctrl Pts',(11.3439558696325,17.9999999999889,-15.7498288709843));
#3104=CARTESIAN_POINT('Ctrl Pts',(11.2781081693976,17.9999999999894,-15.799583825059));
#3105=CARTESIAN_POINT('Ctrl Pts',(11.247961851546,17.9999999999896,-15.8223625805034));
#3106=CARTESIAN_POINT('Ctrl Pts',(11.2177448324472,17.9999999999898,-15.8450572201526));
#3107=CARTESIAN_POINT('Ctrl Pts',(11.1874574858543,17.9999999999899,-15.8676674486946));
#3108=CARTESIAN_POINT('Ctrl Pts',(11.1553084004281,17.99999999999,-15.8916675097983));
#3109=CARTESIAN_POINT('Ctrl Pts',(11.1230864824323,17.99999999999,-15.9155676654346));
#3110=CARTESIAN_POINT('Ctrl Pts',(11.0907971418053,17.9999999999901,-15.9393641288913));
#3111=CARTESIAN_POINT('Ctrl Pts',(10.7628255426265,17.999999999991,-16.1810712688685));
#3112=CARTESIAN_POINT('Ctrl Pts',(10.4277439443633,17.9999999999921,-16.4122007399405));
#3113=CARTESIAN_POINT('Ctrl Pts',(10.0861455590227,17.999999999993,-16.6325412523653));
#3114=CARTESIAN_POINT('Ctrl Pts',(9.74135967774028,17.9999999999939,-16.8549377888209));
#3115=CARTESIAN_POINT('Ctrl Pts',(9.38993442046792,17.9999999999947,-17.0663434160226));
#3116=CARTESIAN_POINT('Ctrl Pts',(9.03244012058978,17.9999999999953,-17.2665056179333));
#3117=CARTESIAN_POINT('Ctrl Pts',(8.67318982794431,17.9999999999958,-17.4676510058108));
#3118=CARTESIAN_POINT('Ctrl Pts',(8.30781027918048,17.999999999996,-17.6574425705567));
#3119=CARTESIAN_POINT('Ctrl Pts',(7.93684686813737,17.9999999999962,-17.8355836503309));
#3120=CARTESIAN_POINT('Ctrl Pts',(7.5668369084806,17.9999999999963,-18.0132668713125));
#3121=CARTESIAN_POINT('Ctrl Pts',(7.19127127349504,17.9999999999963,-18.1793597010619));
#3122=CARTESIAN_POINT('Ctrl Pts',(6.81066502772177,17.9999999999965,-18.3335231602302));
#3123=CARTESIAN_POINT('Ctrl Pts',(6.4341819523693,17.9999999999967,-18.4860165411434));
#3124=CARTESIAN_POINT('Ctrl Pts',(6.05276640398512,17.9999999999971,-18.6268378292894));
#3125=CARTESIAN_POINT('Ctrl Pts',(5.66689847580937,17.9999999999983,-18.7556116726726));
#3126=CARTESIAN_POINT('Ctrl Pts',(5.46698024503261,17.9999999999989,-18.8223294200148));
#3127=CARTESIAN_POINT('Ctrl Pts',(5.26586661338655,17.9999999999997,-18.8858125021251));
#3128=CARTESIAN_POINT('Ctrl Pts',(5.06362301667858,18.0000000000008,-18.9460033501767));
#3129=CARTESIAN_POINT('Ctrl Pts',(18.2879906921308,4.21466750388788E-10,
4.20166398549856));
#3130=CARTESIAN_POINT('Ctrl Pts',(19.0143301716287,0.0550260657726535,1.04022849559974));
#3131=CARTESIAN_POINT('Ctrl Pts',(18.9033827589572,0.110052131123841,-2.31160418597444));
#3132=CARTESIAN_POINT('Ctrl Pts',(17.9678837513511,0.165078196475027,-5.41603556872041));
#3133=CARTESIAN_POINT('Ctrl Pts',(17.0323847437429,0.220104261826334,-8.52046695147315));
#3134=CARTESIAN_POINT('Ctrl Pts',(15.2723341411964,0.275130327177641,-11.3774970353966));
#3135=CARTESIAN_POINT('Ctrl Pts',(12.9203988349827,0.330156392528947,-13.6102631392904));
#3136=CARTESIAN_POINT('Ctrl Pts',(10.5684635287689,0.385182457880254,-15.8430292431842));
#3137=CARTESIAN_POINT('Ctrl Pts',(7.62464351888799,0.44020852323156,-17.4515313670484));
#3138=CARTESIAN_POINT('Ctrl Pts',(4.47548629956182,0.495234588582867,-18.2248127726961));
#3139=CARTESIAN_POINT('Ctrl Pts',(1.32632908023564,0.550260653934174,-18.9980941783438));
#3140=CARTESIAN_POINT('Ctrl Pts',(-2.02816534853577,0.605286719285481,-18.9361548657751));
#3141=CARTESIAN_POINT('Ctrl Pts',(-5.14664680616641,0.660312784636787,-18.0468620799796));
#3142=CARTESIAN_POINT('Ctrl Pts',(-8.26512826379704,0.715338849988093,-17.1575692941842));
#3143=CARTESIAN_POINT('Ctrl Pts',(-11.1475967502869,0.770364915339399,-15.4409230351621));
#3144=CARTESIAN_POINT('Ctrl Pts',(-13.4151743892953,0.825390980690705,-13.1227938046109));
#3145=CARTESIAN_POINT('Ctrl Pts',(-15.6827520283038,0.880417046042012,-10.8046645740596));
#3146=CARTESIAN_POINT('Ctrl Pts',(-17.3354388198309,0.93544311139332,-7.88505237197915));
#3147=CARTESIAN_POINT('Ctrl Pts',(-18.1558471380262,0.990469176744628,-4.74776905687898));
#3148=CARTESIAN_POINT('Ctrl Pts',(-18.5604647959257,1.01760751407262,-3.20049046526802));
#3149=CARTESIAN_POINT('Ctrl Pts',(-18.7626415743044,1.04474585140061,-1.60026621546947));
#3150=CARTESIAN_POINT('Ctrl Pts',(-18.7625703655051,1.0718841887286,-2.52224674387727E-5));
#3151=CARTESIAN_POINT('Origin',(0.,-2.,0.));
#3152=CARTESIAN_POINT('',(-5.06362301667921,18.,-18.946003350178));
#3153=CARTESIAN_POINT('Ctrl Pts',(-19.6091913855677,16.4168695930861,0.000208992114792542));
#3154=CARTESIAN_POINT('Ctrl Pts',(-19.6085791343202,16.44718626398,1.86829092085382));
#3155=CARTESIAN_POINT('Ctrl Pts',(-19.3440668336283,16.4775029348739,3.73640807389729));
#3156=CARTESIAN_POINT('Ctrl Pts',(-18.8177574165917,16.5078196057679,5.5278057696713));
#3157=CARTESIAN_POINT('Ctrl Pts',(-17.8624831228256,16.5628456711204,8.77926985769766));
#3158=CARTESIAN_POINT('Ctrl Pts',(-16.0447492317006,16.617871736473,11.7779907789923));
#3159=CARTESIAN_POINT('Ctrl Pts',(-13.6033787616119,16.6728978018255,14.128727900211));
#3160=CARTESIAN_POINT('Ctrl Pts',(-11.1620082915232,16.7279238671781,16.4794650214298));
#3161=CARTESIAN_POINT('Ctrl Pts',(-8.09700124247069,16.7829499325307,18.1822183425725));
#3162=CARTESIAN_POINT('Ctrl Pts',(-4.81147649889215,16.8379759978832,19.0135777092801));
#3163=CARTESIAN_POINT('Ctrl Pts',(-1.52595175531366,16.8930020632358,19.8449370759876));
#3164=CARTESIAN_POINT('Ctrl Pts',(1.98009068279094,16.9480281285884,19.80490248826));
#3165=CARTESIAN_POINT('Ctrl Pts',(5.2456960308477,17.0030541939409,18.8984842463033));
#3166=CARTESIAN_POINT('Ctrl Pts',(8.51130137890442,17.0580802592935,17.9920660043466));
#3167=CARTESIAN_POINT('Ctrl Pts',(11.5364696369134,17.113106324646,16.2192641081609));
#3168=CARTESIAN_POINT('Ctrl Pts',(13.9233847447128,17.1681323899986,13.8133230131048));
#3169=CARTESIAN_POINT('Ctrl Pts',(16.3102998525122,17.2231584553512,11.4073819180486));
#3170=CARTESIAN_POINT('Ctrl Pts',(18.0589618101019,17.2781845207037,8.36830162412198));
#3171=CARTESIAN_POINT('Ctrl Pts',(18.939471571848,17.3332105860563,5.09560552613993));
#3172=CARTESIAN_POINT('Ctrl Pts',(19.819981333594,17.3882366514089,1.82290942815789));
#3173=CARTESIAN_POINT('Ctrl Pts',(19.8323388994963,17.4432627167614,-1.68340247387953));
#3174=CARTESIAN_POINT('Ctrl Pts',(18.9748745240026,17.498288782114,-4.96221160257734));
#3175=CARTESIAN_POINT('Ctrl Pts',(18.1174101485089,17.5533148474665,-8.24102073127534));
#3176=CARTESIAN_POINT('Ctrl Pts',(16.3901238316192,17.6083409128191,-11.2923270866336));
#3177=CARTESIAN_POINT('Ctrl Pts',(14.0202141163527,17.6633669781717,-13.7150066719222));
#3178=CARTESIAN_POINT('Ctrl Pts',(11.6503044010864,17.7183930435243,-16.1376862572106));
#3179=CARTESIAN_POINT('Ctrl Pts',(8.63777128744354,17.7734191088768,-17.9317390724293));
#3180=CARTESIAN_POINT('Ctrl Pts',(5.37858826446791,17.8284451742294,-18.8611090347219));
#3181=CARTESIAN_POINT('Ctrl Pts',(2.11940524149215,17.8834712395819,-19.7904789970147));
#3182=CARTESIAN_POINT('Ctrl Pts',(-1.3864276908165,17.9384973049345,-19.8551661063813));
#3183=CARTESIAN_POINT('Ctrl Pts',(-4.67764649492211,17.993523370287,-19.0469554050538));
#3184=CARTESIAN_POINT('Ctrl Pts',(-4.80677321188127,17.995682246858,-19.0152463025343));
#3185=CARTESIAN_POINT('Ctrl Pts',(-4.9355695767832,17.997841123429,-18.9821935625295));
#3186=CARTESIAN_POINT('Ctrl Pts',(-5.0640111926498,18.,-18.9478105000732));
#3187=CARTESIAN_POINT('Origin',(0.,18.,0.));
#3188=CARTESIAN_POINT('Ctrl Pts',(-4.84480323295562,-0.488757958619993,
-18.1282228976287));
#3189=CARTESIAN_POINT('Ctrl Pts',(-7.97861974695096,-0.433731893267431,
-17.2907042691215));
#3190=CARTESIAN_POINT('Ctrl Pts',(-13.7991503243191,-0.323679762562305,
-13.9575746077306));
#3191=CARTESIAN_POINT('Ctrl Pts',(-18.9029579394503,-0.158601566504618,
-5.28030848201134));
#3192=CARTESIAN_POINT('Ctrl Pts',(-19.0347429620994,0.00647662955306958,
4.7826271101115));
#3193=CARTESIAN_POINT('Ctrl Pts',(-14.1612311393375,0.171554825610757,13.5892830678473));
#3194=CARTESIAN_POINT('Ctrl Pts',(-5.56334189523786,0.336633021668445,18.8214684523654));
#3195=CARTESIAN_POINT('Ctrl Pts',(4.49744938471283,0.501711217726133,19.1043839607368));
#3196=CARTESIAN_POINT('Ctrl Pts',(13.3756129693734,0.66678941378382,14.3629702141152));
#3197=CARTESIAN_POINT('Ctrl Pts',(18.7361209141941,0.831867609841509,5.84458120380659));
#3198=CARTESIAN_POINT('Ctrl Pts',(19.1696032586118,0.996945805899198,-4.21107264580256));
#3199=CARTESIAN_POINT('Ctrl Pts',(14.5614747088882,1.16202400195688,-13.158877325166));
#3200=CARTESIAN_POINT('Ctrl Pts',(6.1246883617785,1.32710219801457,-18.646930479066));
#3201=CARTESIAN_POINT('Ctrl Pts',(-3.92417328333648,1.49218039407226,-19.2297185704789));
#3202=CARTESIAN_POINT('Ctrl Pts',(-12.9383359544868,1.65725859012995,-14.7583430541243));
#3203=CARTESIAN_POINT('Ctrl Pts',(-18.5552394720432,1.82233678618763,-6.40023255549899));
#3204=CARTESIAN_POINT('Ctrl Pts',(-19.2822977621713,1.98741498224532,3.63018537053164));
#3205=CARTESIAN_POINT('Ctrl Pts',(-14.4772337601498,2.1708352000872,13.7377076110719));
#3206=CARTESIAN_POINT('Ctrl Pts',(-3.53127983728926,2.37259743971326,20.0201725714647));
#3207=CARTESIAN_POINT('Ctrl Pts',(10.048489213932,2.59270170112351,17.6704273340528));
#3208=CARTESIAN_POINT('Ctrl Pts',(19.0111147380355,2.81280596253376,7.20061977238159));
#3209=CARTESIAN_POINT('Ctrl Pts',(19.2023184208517,3.00845419489843,-5.03470271279996));
#3210=CARTESIAN_POINT('Ctrl Pts',(13.672775453137,3.17964639821751,-13.8121692465694));
#3211=CARTESIAN_POINT('Ctrl Pts',(6.11460753134732,3.32638257249101,-18.4576490031951));
#3212=CARTESIAN_POINT('Ctrl Pts',(-2.74534604458794,3.47311874676451,-19.2494949441231));
#3213=CARTESIAN_POINT('Ctrl Pts',(-10.0871610553461,3.60355090167428,-16.3747962599798));
#3214=CARTESIAN_POINT('Ctrl Pts',(-16.4734399054333,3.75028707594779,-10.37261157094));
#3215=CARTESIAN_POINT('Ctrl Pts',(-19.6127357255994,3.89702325022129,-1.88214726357681));
#3216=CARTESIAN_POINT('Ctrl Pts',(-17.791431913584,4.06006344385851,7.8371397558861));
#3217=CARTESIAN_POINT('Ctrl Pts',(-12.455775772762,4.20679961813201,14.9212622878908));
#3218=CARTESIAN_POINT('Ctrl Pts',(-3.19082700560592,4.37799182145109,19.5925137368939));
#3219=CARTESIAN_POINT('Ctrl Pts',(8.96941336706608,4.57364005381576,18.2431912558223));
#3220=CARTESIAN_POINT('Ctrl Pts',(18.543488346846,4.79374431522601,8.32871851937685));
#3221=CARTESIAN_POINT('Ctrl Pts',(19.5954567277318,5.01384857663626,-5.41362629320843));
#3222=CARTESIAN_POINT('Ctrl Pts',(12.5241838818078,5.20949680900093,-15.4003170405216));
#3223=CARTESIAN_POINT('Ctrl Pts',(2.88178663601002,5.38068901232001,-19.2215985306706));
#3224=CARTESIAN_POINT('Ctrl Pts',(-5.96530751618419,5.52742518659352,-18.506718500179));
#3225=CARTESIAN_POINT('Ctrl Pts',(-13.5769631002505,5.674161360867,-13.9161180708842));
#3226=CARTESIAN_POINT('Ctrl Pts',(-18.3492434204022,5.82089753514052,-6.42545786140026));
#3227=CARTESIAN_POINT('Ctrl Pts',(-19.2920808874625,5.96763370941401,2.40575457321146));
#3228=CARTESIAN_POINT('Ctrl Pts',(-16.2088162556422,6.11436988368752,10.742136195025));
#3229=CARTESIAN_POINT('Ctrl Pts',(-10.4555366061883,6.24480203859728,16.1432614266187));
#3230=CARTESIAN_POINT('Ctrl Pts',(-2.29972199412807,6.3915382128708,19.3272003485031));
#3231=CARTESIAN_POINT('Ctrl Pts',(8.23709376167095,6.56273041618987,18.3980380036914));
#3232=CARTESIAN_POINT('Ctrl Pts',(18.0130500356112,6.77468266791827,9.42311483131484));
#3233=CARTESIAN_POINT('Ctrl Pts',(19.8816032995292,6.99478692932851,-4.22627743678387));
#3234=CARTESIAN_POINT('Ctrl Pts',(12.6216376986634,7.21489119073877,-15.9350728622873));
#3235=CARTESIAN_POINT('Ctrl Pts',(-0.440395237430405,7.43499545214901,-20.3212273316795));
#3236=CARTESIAN_POINT('Ctrl Pts',(-13.2957281540417,7.65509971355927,-15.3764377832357));
#3237=CARTESIAN_POINT('Ctrl Pts',(-20.0501241111696,7.87520397496951,-3.35903792532724));
#3238=CARTESIAN_POINT('Ctrl Pts',(-17.9917971088043,8.05862419281139,7.92590365529445));
#3239=CARTESIAN_POINT('Ctrl Pts',(-12.3215831144525,8.2053603670849,14.6395020287765));
#3240=CARTESIAN_POINT('Ctrl Pts',(-6.01060947327698,8.3276405123128,18.3263829321742));
#3241=CARTESIAN_POINT('Ctrl Pts',(2.07978944660545,8.46214867206352,19.333155318612));
#3242=CARTESIAN_POINT('Ctrl Pts',(10.450849433378,8.60888484633702,16.3874429285654));
#3243=CARTESIAN_POINT('Ctrl Pts',(17.7052438963768,8.78007704965609,8.97399598247965));
#3244=CARTESIAN_POINT('Ctrl Pts',(20.1046953305791,8.97572528202078,-3.02421423746972));
#3245=CARTESIAN_POINT('Ctrl Pts',(13.5491494026396,9.195829543431,-15.1531442695815));
#3246=CARTESIAN_POINT('Ctrl Pts',(0.779542147636924,9.41593380484128,-20.3107271763845));
#3247=CARTESIAN_POINT('Ctrl Pts',(-12.3552796342619,9.63603806625149,-16.1434753110437));
#3248=CARTESIAN_POINT('Ctrl Pts',(-19.8080514336649,9.85614232766178,-4.55795092961411));
#3249=CARTESIAN_POINT('Ctrl Pts',(-18.1670390573598,10.076246589072,9.12208478444589));
#3250=CARTESIAN_POINT('Ctrl Pts',(-8.17352848046727,10.2963508504823,18.610133198307));
#3251=CARTESIAN_POINT('Ctrl Pts',(5.56681997397023,10.5164551118925,19.5502508330943));
#3252=CARTESIAN_POINT('Ctrl Pts',(16.7600984504317,10.7365593733028,11.5070667754409));
#3253=CARTESIAN_POINT('Ctrl Pts',(19.6574549700449,10.9199795911446,0.400693797579302));
#3254=CARTESIAN_POINT('Ctrl Pts',(17.3458825543294,11.0667157654181,-8.06712174269026));
#3255=CARTESIAN_POINT('Ctrl Pts',(12.3542560811555,11.2134519396917,-15.3003536064073));
#3256=CARTESIAN_POINT('Ctrl Pts',(3.37978107003475,11.3724161284879,-19.5609034263145));
#3257=CARTESIAN_POINT('Ctrl Pts',(-6.90321375145418,11.543608331807,-18.1692935115866));
#3258=CARTESIAN_POINT('Ctrl Pts',(-14.2633246113277,11.6903445060805,-13.2149105405599));
#3259=CARTESIAN_POINT('Ctrl Pts',(-18.2890484125653,11.8248526658312,-6.12444429046679));
#3260=CARTESIAN_POINT('Ctrl Pts',(-19.1005428914593,11.9471328110591,1.13922912135675));
#3261=CARTESIAN_POINT('Ctrl Pts',(-17.1027883918581,12.0938689853327,9.69672098327385));
#3262=CARTESIAN_POINT('Ctrl Pts',(-9.28040882621046,12.2772892031745,18.0876341839348));
#3263=CARTESIAN_POINT('Ctrl Pts',(4.39152412985914,12.4973934645848,19.8472785297939));
#3264=CARTESIAN_POINT('Ctrl Pts',(16.0365706804928,12.717497725995,12.4903486948606));
#3265=CARTESIAN_POINT('Ctrl Pts',(20.3175916686952,12.9376019874053,-0.606799546586965));
#3266=CARTESIAN_POINT('Ctrl Pts',(15.2667766166342,13.1577062488155,-13.420770272884));
#3267=CARTESIAN_POINT('Ctrl Pts',(3.19476746524882,13.3778105102257,-20.0779911893953));
#3268=CARTESIAN_POINT('Ctrl Pts',(-8.82403792680975,13.5734587425905,-17.7810125956611));
#3269=CARTESIAN_POINT('Ctrl Pts',(-16.2980659422816,13.7446509459095,-10.5888447943047));
#3270=CARTESIAN_POINT('Ctrl Pts',(-19.3143151487969,13.891387120183,-2.24203412613949));
#3271=CARTESIAN_POINT('Ctrl Pts',(-18.2919790787076,14.0381232944565,6.58834152991329));
#3272=CARTESIAN_POINT('Ctrl Pts',(-13.4536820767588,14.18485946873,14.0342784651005));
#3273=CARTESIAN_POINT('Ctrl Pts',(-5.8049163081917,14.3315956430035,18.5571104465145));
#3274=CARTESIAN_POINT('Ctrl Pts',(2.3151637041102,14.4661038027542,19.1441659732914));
#3275=CARTESIAN_POINT('Ctrl Pts',(9.23643597869345,14.5883839479821,16.7665327183472));
#3276=CARTESIAN_POINT('Ctrl Pts',(13.5148474603904,14.6800940569031,13.3305799403326));
#3277=CARTESIAN_POINT('Ctrl Pts',(17.3782586949019,14.7901461876082,8.0900331406109));
#3278=CARTESIAN_POINT('Ctrl Pts',(19.9547500816094,14.9368823618817,-0.478509504265331));
#3279=CARTESIAN_POINT('Ctrl Pts',(16.0444164756966,15.1386446015078,-12.4907469228341));
#3280=CARTESIAN_POINT('Ctrl Pts',(5.36404396316266,15.3404068411338,-19.2222648700392));
#3281=CARTESIAN_POINT('Ctrl Pts',(-5.81420878024673,15.5238270589757,-18.7398470378476));
#3282=CARTESIAN_POINT('Ctrl Pts',(-14.3397844428742,15.6889052550334,-13.4029784648309));
#3283=CARTESIAN_POINT('Ctrl Pts',(-19.0970441698074,15.8539834510911,-4.5280535411831));
#3284=CARTESIAN_POINT('Ctrl Pts',(-18.830751687397,16.0190616471488,5.53077232188322));
#3285=CARTESIAN_POINT('Ctrl Pts',(-13.613061861242,16.1841398432064,14.138665289747));
#3286=CARTESIAN_POINT('Ctrl Pts',(-4.81502724594384,16.3492180392642,19.026531924341));
#3287=CARTESIAN_POINT('Ctrl Pts',(5.24906452061479,16.5142962353218,18.9117447443712));
#3288=CARTESIAN_POINT('Ctrl Pts',(13.9328728417958,16.6793744313795,13.8230331473677));
#3289=CARTESIAN_POINT('Ctrl Pts',(18.9525191810945,16.8444526274372,5.0994229780471));
#3290=CARTESIAN_POINT('Ctrl Pts',(18.9881236201282,17.0095308234949,-4.96544031107588));
#3291=CARTESIAN_POINT('Ctrl Pts',(14.0300654187659,17.1746090195526,-13.7242762923984));
#3292=CARTESIAN_POINT('Ctrl Pts',(5.38266060552996,17.3396872156103,-18.8742160296102));
#3293=CARTESIAN_POINT('Ctrl Pts',(-4.68082583066213,17.504765411668,-19.0600323370594));
#3294=CARTESIAN_POINT('Ctrl Pts',(-13.5122788689581,17.6698436077256,-14.2345284173529));
#3295=CARTESIAN_POINT('Ctrl Pts',(-18.7924438593626,17.8349218037833,-5.66343439683814));
#3296=CARTESIAN_POINT('Ctrl Pts',(-19.0143301699905,17.9449739344885,1.04022852068208));
#3297=CARTESIAN_POINT('Ctrl Pts',(-18.2879906862991,17.999999999841,4.20166400965185));
#3298=CARTESIAN_POINT('Ctrl Pts',(-4.91774496832742,-0.325838603966782,
-18.4008158774774));
#3299=CARTESIAN_POINT('Ctrl Pts',(-8.09868448976477,-0.27081253861422,-17.5506878490399));
#3300=CARTESIAN_POINT('Ctrl Pts',(-14.006729726532,-0.160760407909094,-14.1674067717338));
#3301=CARTESIAN_POINT('Ctrl Pts',(-19.1872488245127,0.00431778814859321,
-5.35962645354023));
#3302=CARTESIAN_POINT('Ctrl Pts',(-19.3209686508231,0.169395984206281,4.85463806369386));
#3303=CARTESIAN_POINT('Ctrl Pts',(-14.3741269087724,0.334474180263968,13.7937073982654));
#3304=CARTESIAN_POINT('Ctrl Pts',(-5.6469165568247,0.499552376321656,19.1045352053107));
#3305=CARTESIAN_POINT('Ctrl Pts',(4.56517210754174,0.664630572379344,19.3916582559111));
#3306=CARTESIAN_POINT('Ctrl Pts',(13.5768250311835,0.829708768437031,14.5789007715825));
#3307=CARTESIAN_POINT('Ctrl Pts',(19.0179055085498,0.99478696449472,5.93238559343215));
#3308=CARTESIAN_POINT('Ctrl Pts',(19.4578596714722,1.15986516055241,-4.27448908625558));
#3309=CARTESIAN_POINT('Ctrl Pts',(14.7803914264881,1.32494335661009,-13.3568310029979));
#3310=CARTESIAN_POINT('Ctrl Pts',(6.21670547190019,1.49002155266779,-18.9273751193455));
#3311=CARTESIAN_POINT('Ctrl Pts',(-3.98327555826193,1.65509974872547,-19.5188803487665));
#3312=CARTESIAN_POINT('Ctrl Pts',(-13.1329740094703,1.82017794478316,-14.9802213449122));
#3313=CARTESIAN_POINT('Ctrl Pts',(-18.8343065328653,1.98525614084084,-6.49639377908448));
#3314=CARTESIAN_POINT('Ctrl Pts',(-19.5722516094091,2.15033433689853,3.68486684577848));
#3315=CARTESIAN_POINT('Ctrl Pts',(-14.6948809428683,2.33375455474041,13.944365453629));
#3316=CARTESIAN_POINT('Ctrl Pts',(-3.58429037002161,2.53551679436647,20.321256169573));
#3317=CARTESIAN_POINT('Ctrl Pts',(10.1996828149739,2.75562105577673,17.9361115919941));
#3318=CARTESIAN_POINT('Ctrl Pts',(19.2970410750865,2.97572531718696,7.30881523938103));
#3319=CARTESIAN_POINT('Ctrl Pts',(19.4910629632483,3.17137354955164,-5.11050520920882));
#3320=CARTESIAN_POINT('Ctrl Pts',(13.8783246934017,3.34256575287072,-14.0199430995103));
#3321=CARTESIAN_POINT('Ctrl Pts',(6.20647392819597,3.48930192714422,-18.7352471460906));
#3322=CARTESIAN_POINT('Ctrl Pts',(-2.78672098717741,3.63603810141772,-19.5389596295671));
#3323=CARTESIAN_POINT('Ctrl Pts',(-10.2389301588432,3.76647025632749,-16.6209963945895));
#3324=CARTESIAN_POINT('Ctrl Pts',(-16.7212190296816,3.913206430601,-10.5285198980362));
#3325=CARTESIAN_POINT('Ctrl Pts',(-19.9076845090094,4.0599426048745,-1.91035973504441));
#3326=CARTESIAN_POINT('Ctrl Pts',(-18.058946190292,4.22298279851172,7.95507923496301));
#3327=CARTESIAN_POINT('Ctrl Pts',(-12.6430183633818,4.36971897278522,15.1457092049973));
#3328=CARTESIAN_POINT('Ctrl Pts',(-3.23871974252887,4.54091117610431,19.8871645311394));
#3329=CARTESIAN_POINT('Ctrl Pts',(9.10438229889154,4.73655940846897,18.5174938852228));
#3330=CARTESIAN_POINT('Ctrl Pts',(18.8223877000361,4.95666366987922,8.4538807308521));
#3331=CARTESIAN_POINT('Ctrl Pts',(19.8901115876463,5.17676793128948,-5.49512894974458));
#3332=CARTESIAN_POINT('Ctrl Pts',(12.7124529687003,5.37241616365413,-15.6319683922058));
#3333=CARTESIAN_POINT('Ctrl Pts',(2.92503369853598,5.54360836697323,-19.5106699890493));
#3334=CARTESIAN_POINT('Ctrl Pts',(-6.05510137271041,5.69034454124672,-18.7849981338798));
#3335=CARTESIAN_POINT('Ctrl Pts',(-13.7812010157713,5.83708071552022,-14.1253278416421));
#3336=CARTESIAN_POINT('Ctrl Pts',(-18.6252127918589,5.98381688979373,-6.52199939007098));
#3337=CARTESIAN_POINT('Ctrl Pts',(-19.5821875745119,6.13055306406721,2.44202287457595));
#3338=CARTESIAN_POINT('Ctrl Pts',(-16.4525172924858,6.27728923834073,10.9037541620355));
#3339=CARTESIAN_POINT('Ctrl Pts',(-10.6126935177462,6.40772139325049,16.3860756523919));
#3340=CARTESIAN_POINT('Ctrl Pts',(-2.3342153663216,6.55445756752402,19.6178571479696));
#3341=CARTESIAN_POINT('Ctrl Pts',(8.36105065744535,6.72564977084307,18.6746726681721));
#3342=CARTESIAN_POINT('Ctrl Pts',(18.2839776701165,6.93760202257149,9.56473725710352));
#3343=CARTESIAN_POINT('Ctrl Pts',(20.1805668312874,7.15770628398171,-4.2899258554951));
#3344=CARTESIAN_POINT('Ctrl Pts',(12.8113698164539,7.37781054539199,-16.1747664273691));
#3345=CARTESIAN_POINT('Ctrl Pts',(-0.447112904306032,7.59791480680221,-20.6268196958699));
#3346=CARTESIAN_POINT('Ctrl Pts',(-13.4957436269641,7.81801906821249,-15.6076094288993));
#3347=CARTESIAN_POINT('Ctrl Pts',(-20.3516573216062,8.03812332962272,-3.40945811203498));
#3348=CARTESIAN_POINT('Ctrl Pts',(-18.2623241002066,8.2215435474646,8.04517891842251));
#3349=CARTESIAN_POINT('Ctrl Pts',(-12.5068090068652,8.36827972173811,14.8597111555345));
#3350=CARTESIAN_POINT('Ctrl Pts',(-6.10091254099664,8.49055986696602,18.6020065855764));
#3351=CARTESIAN_POINT('Ctrl Pts',(2.11115601522583,8.62506802671673,19.6238812132214));
#3352=CARTESIAN_POINT('Ctrl Pts',(10.6080878098911,8.77180420099023,16.6338315473723));
#3353=CARTESIAN_POINT('Ctrl Pts',(17.9715405867021,8.94299640430931,9.10886591271584));
#3354=CARTESIAN_POINT('Ctrl Pts',(20.4070193769199,9.13864463667399,-3.06978684680811));
#3355=CARTESIAN_POINT('Ctrl Pts',(13.7528332674989,9.35874889808422,-15.3810833785069));
#3356=CARTESIAN_POINT('Ctrl Pts',(0.791170176602401,9.57885315949447,-20.6161673356304));
#3357=CARTESIAN_POINT('Ctrl Pts',(-12.5411560491052,9.79895742090474,-16.3861862035054));
#3358=CARTESIAN_POINT('Ctrl Pts',(-20.105949910001,10.019061682315,-4.62640172527959));
#3359=CARTESIAN_POINT('Ctrl Pts',(-18.4401957826242,10.2391659437252,9.25934926191673));
#3360=CARTESIAN_POINT('Ctrl Pts',(-8.29635660376544,10.4592702051355,18.8900340443521));
#3361=CARTESIAN_POINT('Ctrl Pts',(5.65062617458176,10.6793744665457,19.8442251627382));
#3362=CARTESIAN_POINT('Ctrl Pts',(17.0121936986015,10.899478727956,11.6800339132921));
#3363=CARTESIAN_POINT('Ctrl Pts',(19.9530693299137,11.0828989457979,0.406627685583552));
#3364=CARTESIAN_POINT('Ctrl Pts',(17.6066955021122,11.2296351200714,-8.18851765277913));
#3365=CARTESIAN_POINT('Ctrl Pts',(12.5399702289147,11.3763712943449,-15.5305008955587));
#3366=CARTESIAN_POINT('Ctrl Pts',(3.43051548119633,11.5353354831411,-19.8550797413537));
#3367=CARTESIAN_POINT('Ctrl Pts',(-7.00711044142713,11.7065276864602,-18.4424945041471));
#3368=CARTESIAN_POINT('Ctrl Pts',(-14.4778808844139,11.8532638607337,-13.4135722152008));
#3369=CARTESIAN_POINT('Ctrl Pts',(-18.5641111541738,11.9877720204844,-6.21645940186461));
#3370=CARTESIAN_POINT('Ctrl Pts',(-19.3877751102286,12.1100521657124,1.15645028117316));
#3371=CARTESIAN_POINT('Ctrl Pts',(-17.3599380322349,12.2567883399858,9.84262197636153));
#3372=CARTESIAN_POINT('Ctrl Pts',(-9.41988486398706,12.4402085578277,18.3596827622388));
#3373=CARTESIAN_POINT('Ctrl Pts',(4.45765739894548,12.660312819238,20.1457251073708));
#3374=CARTESIAN_POINT('Ctrl Pts',(16.2777899755154,12.8804170806482,12.6781059899309));
#3375=CARTESIAN_POINT('Ctrl Pts',(20.6231285818271,13.1005213420585,-0.616019615635096));
#3376=CARTESIAN_POINT('Ctrl Pts',(15.4962985730684,13.3206256034687,-13.6226656403734));
#3377=CARTESIAN_POINT('Ctrl Pts',(3.24271719185599,13.540729864879,-20.3799427028575));
#3378=CARTESIAN_POINT('Ctrl Pts',(-8.95681851669164,13.7363780972437,-18.0483655748938));
#3379=CARTESIAN_POINT('Ctrl Pts',(-16.5432087700457,13.9075703005627,-10.748005696262));
#3380=CARTESIAN_POINT('Ctrl Pts',(-19.6047779087453,14.0543064748362,-2.27566003755816));
#3381=CARTESIAN_POINT('Ctrl Pts',(-18.5670265105576,14.2010426491097,6.68750368552671));
#3382=CARTESIAN_POINT('Ctrl Pts',(-13.6559355123331,14.3477788233832,14.2453914146512));
#3383=CARTESIAN_POINT('Ctrl Pts',(-5.89212504585754,14.4945149976567,18.8362028626833));
#3384=CARTESIAN_POINT('Ctrl Pts',(2.35006899211215,14.6290231574074,19.432048711301));
#3385=CARTESIAN_POINT('Ctrl Pts',(9.37541354905089,14.7513033026353,17.0186278329504));
#3386=CARTESIAN_POINT('Ctrl Pts',(13.7181485342035,14.8430134115563,13.5309845691847));
#3387=CARTESIAN_POINT('Ctrl Pts',(17.6396339915539,14.9530655422614,8.2116113994846));
#3388=CARTESIAN_POINT('Ctrl Pts',(20.2548311142626,15.0998017165349,-0.485798628798642));
#3389=CARTESIAN_POINT('Ctrl Pts',(16.2856370700834,15.301563956161,-12.6786600574353));
#3390=CARTESIAN_POINT('Ctrl Pts',(5.44461967300565,15.5033261957871,-19.5113579436178));
#3391=CARTESIAN_POINT('Ctrl Pts',(-5.90173147463951,15.6867464136289,-19.021633207921));
#3392=CARTESIAN_POINT('Ctrl Pts',(-14.5554914116813,15.8518246096866,-13.604467982971));
#3393=CARTESIAN_POINT('Ctrl Pts',(-19.3842502461299,16.0169028057443,-4.59605805545104));
#3394=CARTESIAN_POINT('Ctrl Pts',(-19.1139062225451,16.181981001802,5.61403307036632));
#3395=CARTESIAN_POINT('Ctrl Pts',(-13.8177115922629,16.3470591978597,14.3513487723778));
#3396=CARTESIAN_POINT('Ctrl Pts',(-4.88734765387641,16.5121373939174,19.3126789647741));
#3397=CARTESIAN_POINT('Ctrl Pts',(5.32808927275875,16.677215589975,19.1961185841367));
#3398=CARTESIAN_POINT('Ctrl Pts',(14.1424625598451,16.8422937860327,14.0308414271618));
#3399=CARTESIAN_POINT('Ctrl Pts',(19.237554532454,17.0073719820904,5.17602052796087));
#3400=CARTESIAN_POINT('Ctrl Pts',(19.2736473845443,17.1724501781481,-5.04020022602295));
#3401=CARTESIAN_POINT('Ctrl Pts',(14.2409880629724,17.3375283742058,-13.930730063533));
#3402=CARTESIAN_POINT('Ctrl Pts',(5.46351790168101,17.5026065702634,-19.1580751665291));
#3403=CARTESIAN_POINT('Ctrl Pts',(-4.751305995672,17.6676847663212,-19.3466388076567));
#3404=CARTESIAN_POINT('Ctrl Pts',(-13.7155455381592,17.8327629623788,-14.4485268046706));
#3405=CARTESIAN_POINT('Ctrl Pts',(-19.0750746026578,17.9978411584366,-5.74851440376273));
#3406=CARTESIAN_POINT('Ctrl Pts',(-19.3002663680163,18.1078932891417,1.05596048820547));
#3407=CARTESIAN_POINT('Ctrl Pts',(-18.5629892881824,18.1629193544942,4.26493484324932));
#3408=CARTESIAN_POINT('Ctrl Pts',(-4.99068481869346,-0.162919286422418,
-18.6734093835899));
#3409=CARTESIAN_POINT('Ctrl Pts',(-8.21874743850976,-0.107893221069855,
-17.8106722809494));
#3410=CARTESIAN_POINT('Ctrl Pts',(-14.2143076891031,0.00215890963527025,
-14.3772403911123));
#3411=CARTESIAN_POINT('Ctrl Pts',(-19.4715391807628,0.167237105692957,-5.4389464025524));
#3412=CARTESIAN_POINT('Ctrl Pts',(-19.6071948603811,0.332315301750645,4.92664703764162));
#3413=CARTESIAN_POINT('Ctrl Pts',(-14.5870241118427,0.497393497808332,13.9981302675413));
#3414=CARTESIAN_POINT('Ctrl Pts',(-5.73049318776579,0.662471693866019,19.3876013998396));
#3415=CARTESIAN_POINT('Ctrl Pts',(4.6328928431641,0.82754988992371,19.6789330422547));
#3416=CARTESIAN_POINT('Ctrl Pts',(13.7780356105535,0.992628085981393,14.7948327406372));
#3417=CARTESIAN_POINT('Ctrl Pts',(19.2996895150651,1.15770628203909,6.02019194383556));
#3418=CARTESIAN_POINT('Ctrl Pts',(19.7461165457083,1.32278447809677,-4.33790353236803));
#3419=CARTESIAN_POINT('Ctrl Pts',(14.9993095333031,1.48786267415446,-13.5547831774367));
#3420=CARTESIAN_POINT('Ctrl Pts',(6.30872453382147,1.65294087021214,-19.2078191424685));
#3421=CARTESIAN_POINT('Ctrl Pts',(-4.04237583224447,1.81801906626984,-19.8080425585786));
#3422=CARTESIAN_POINT('Ctrl Pts',(-13.3276105402745,1.98309726232752,-15.2021010021423));
#3423=CARTESIAN_POINT('Ctrl Pts',(-19.1133729476868,2.14817545838521,-6.59255694522712));
#3424=CARTESIAN_POINT('Ctrl Pts',(-19.8622058575738,2.3132536544429,3.73954631426044));
#3425=CARTESIAN_POINT('Ctrl Pts',(-14.9125295750659,2.49667387228477,14.1510218022443));
#3426=CARTESIAN_POINT('Ctrl Pts',(-3.63730299477063,2.69843611191084,20.6223394225878));
#3427=CARTESIAN_POINT('Ctrl Pts',(10.3508745847882,2.91854037332109,18.2017969183613));
#3428=CARTESIAN_POINT('Ctrl Pts',(19.5829666831884,3.13864463473133,7.41701269741354));
#3429=CARTESIAN_POINT('Ctrl Pts',(19.7798080529629,3.334292867096,-5.18630570882952));
#3430=CARTESIAN_POINT('Ctrl Pts',(14.083875389985,3.50548507041509,-14.2277155424851));
#3431=CARTESIAN_POINT('Ctrl Pts',(6.29834225708702,3.65222124468859,-19.0128446726861));
#3432=CARTESIAN_POINT('Ctrl Pts',(-2.82809392538378,3.79895741896209,-19.8284246235942));
#3433=CARTESIAN_POINT('Ctrl Pts',(-10.3906975662997,3.92938957387186,-16.867197600185));
#3434=CARTESIAN_POINT('Ctrl Pts',(-16.9689970912155,4.07612574814537,-10.6844299551596));
#3435=CARTESIAN_POINT('Ctrl Pts',(-20.2026331188412,4.22286192241886,-1.93857425413231));
#3436=CARTESIAN_POINT('Ctrl Pts',(-18.3264613049534,4.38590211605609,8.07301686763841));
#3437=CARTESIAN_POINT('Ctrl Pts',(-12.8302625245816,4.53263829032959,15.3701548403574));
#3438=CARTESIAN_POINT('Ctrl Pts',(-3.28661452646015,4.70383049364868,20.1818150152794));
#3439=CARTESIAN_POINT('Ctrl Pts',(9.23934933849621,4.89947872601332,18.7917974711918));
#3440=CARTESIAN_POINT('Ctrl Pts',(19.1012862060943,5.1195829874236,8.57904488588022));
#3441=CARTESIAN_POINT('Ctrl Pts',(20.1847670348396,5.33968724883383,-5.5766295689057));
#3442=CARTESIAN_POINT('Ctrl Pts',(12.9007236762184,5.5353354811985,-15.8636184555843));
#3443=CARTESIAN_POINT('Ctrl Pts',(2.96828276904005,5.70652768451758,-19.7997411691407));
#3444=CARTESIAN_POINT('Ctrl Pts',(-6.14489330605994,5.85326385879109,-19.0632784111273));
#3445=CARTESIAN_POINT('Ctrl Pts',(-13.9854374956885,6.00000003306458,-14.3345390444758));
#3446=CARTESIAN_POINT('Ctrl Pts',(-18.9011815144466,6.14673620733809,-6.61854283984371));
#3447=CARTESIAN_POINT('Ctrl Pts',(-19.8722945348,6.29347238161159,2.47828916674099));
#3448=CARTESIAN_POINT('Ctrl Pts',(-16.6962194684142,6.44020855588509,11.0653704510432));
#3449=CARTESIAN_POINT('Ctrl Pts',(-10.7698521250072,6.57064071079486,16.6288888064582));
#3450=CARTESIAN_POINT('Ctrl Pts',(-2.36871075683437,6.71737688506837,19.9085137299599));
#3451=CARTESIAN_POINT('Ctrl Pts',(8.48500564400963,6.88856908838746,18.9513082130102));
#3452=CARTESIAN_POINT('Ctrl Pts',(18.5549043427341,7.10052134011583,9.70636157240581));
#3453=CARTESIAN_POINT('Ctrl Pts',(20.4795308268324,7.3206256015261,-4.35357220562924));
#3454=CARTESIAN_POINT('Ctrl Pts',(13.0011036107439,7.54072986293633,-16.4144586945794));
#3455=CARTESIAN_POINT('Ctrl Pts',(-0.453828452367991,7.7608341243466,-20.932412129523));
#3456=CARTESIAN_POINT('Ctrl Pts',(-13.6957575116629,7.98093838575683,-15.8387824789922));
#3457=CARTESIAN_POINT('Ctrl Pts',(-20.6531902049351,8.2010426471671,-3.45988039368368));
#3458=CARTESIAN_POINT('Ctrl Pts',(-18.532851939059,8.38446286500895,8.16445231435222));
#3459=CARTESIAN_POINT('Ctrl Pts',(-12.6920364403118,8.53119903928248,15.0799190142174));
#3460=CARTESIAN_POINT('Ctrl Pts',(-6.19121752695545,8.65347918451037,18.8776296333354));
#3461=CARTESIAN_POINT('Ctrl Pts',(2.14252056998595,8.78798734426111,19.9146073471375));
#3462=CARTESIAN_POINT('Ctrl Pts',(10.7653244894429,8.93472351853458,16.8802212750858));
#3463=CARTESIAN_POINT('Ctrl Pts',(18.2378363616078,9.10591572185368,9.24373769982872));
#3464=CARTESIAN_POINT('Ctrl Pts',(20.7093437619509,9.30156395421834,-3.11535736290119));
#3465=CARTESIAN_POINT('Ctrl Pts',(13.9565187283772,9.52166821562858,-15.6090210919307));
#3466=CARTESIAN_POINT('Ctrl Pts',(0.80280032470599,9.74177247703885,-20.9216074370922));
#3467=CARTESIAN_POINT('Ctrl Pts',(-12.7270307946497,9.96187673844907,-16.6288984032123));
#3468=CARTESIAN_POINT('Ctrl Pts',(-20.4038479339125,10.1819809998593,-4.69485459202331));
#3469=CARTESIAN_POINT('Ctrl Pts',(-18.7133534802776,10.4020852612696,9.39661185529067));
#3470=CARTESIAN_POINT('Ctrl Pts',(-8.41918667740472,10.6221895226798,19.1699340595308));
#3471=CARTESIAN_POINT('Ctrl Pts',(5.73443034273117,10.8422937840901,20.1382000955777));
#3472=CARTESIAN_POINT('Ctrl Pts',(17.2642877660858,11.0623980455004,11.8530028124036));
#3473=CARTESIAN_POINT('Ctrl Pts',(20.2486836707735,11.2458182633422,0.412563624145944));
#3474=CARTESIAN_POINT('Ctrl Pts',(17.867509311309,11.3925544376157,-8.30991176319424));
#3475=CARTESIAN_POINT('Ctrl Pts',(12.7256859866601,11.5392906118892,-15.760646913968));
#3476=CARTESIAN_POINT('Ctrl Pts',(3.48125193630059,11.6982548006855,-20.1492557265917));
#3477=CARTESIAN_POINT('Ctrl Pts',(-7.11100524450158,11.8694470040046,-18.7156962376882));
#3478=CARTESIAN_POINT('Ctrl Pts',(-14.6924357958102,12.0161831782781,-13.61223539267));
#3479=CARTESIAN_POINT('Ctrl Pts',(-18.8391732782471,12.1506913380288,-6.30847642774584));
#3480=CARTESIAN_POINT('Ctrl Pts',(-19.6750074699273,12.2729714832567,1.17366945029745));
#3481=CARTESIAN_POINT('Ctrl Pts',(-17.6170887036844,12.4197076575302,9.98852119700244));
#3482=CARTESIAN_POINT('Ctrl Pts',(-9.55936279889564,12.6031278753721,18.63173039363));
#3483=CARTESIAN_POINT('Ctrl Pts',(4.52378860322819,12.8232321367824,20.4441721659254));
#3484=CARTESIAN_POINT('Ctrl Pts',(16.5190079864753,13.0433363981926,12.8658649719362));
#3485=CARTESIAN_POINT('Ctrl Pts',(20.9286655817721,13.2634406596028,-0.625237566443116));
#3486=CARTESIAN_POINT('Ctrl Pts',(15.7258219468462,13.4835449210131,-13.8245594312187));
#3487=CARTESIAN_POINT('Ctrl Pts',(3.29066901611857,13.7036491824233,-20.6818939063801));
#3488=CARTESIAN_POINT('Ctrl Pts',(-9.08959726239534,13.899297414788,-18.3157194949939));
#3489=CARTESIAN_POINT('Ctrl Pts',(-16.7883505123631,14.0704896181071,-10.9071683102188));
#3490=CARTESIAN_POINT('Ctrl Pts',(-19.8952404572306,14.2172257923806,-2.30928796588791));
#3491=CARTESIAN_POINT('Ctrl Pts',(-18.8420746507054,14.3639619666541,6.78666394108842));
#3492=CARTESIAN_POINT('Ctrl Pts',(-13.8581904271363,14.5106981409276,14.4565029773568));
#3493=CARTESIAN_POINT('Ctrl Pts',(-5.97933572558039,14.6574343152011,19.1152946949235));
#3494=CARTESIAN_POINT('Ctrl Pts',(2.3849722862345,14.7919424749518,19.7199317129494));
#3495=CARTESIAN_POINT('Ctrl Pts',(9.51438938149407,14.9142226201797,17.2707239302328));
#3496=CARTESIAN_POINT('Ctrl Pts',(13.9214482334344,15.0059327291007,13.7313906229706));
#3497=CARTESIAN_POINT('Ctrl Pts',(17.9010084645826,15.1159848598058,8.333191480109));
#3498=CARTESIAN_POINT('Ctrl Pts',(20.5549122199331,15.2627210340793,-0.493085672783497));
#3499=CARTESIAN_POINT('Ctrl Pts',(16.5268589857208,15.4644832737053,-12.8665715332101));
#3500=CARTESIAN_POINT('Ctrl Pts',(5.52519739377129,15.6662455133314,-19.8004504800404));
#3501=CARTESIAN_POINT('Ctrl Pts',(-5.98925222136798,15.8496657311733,-19.303420006063));
#3502=CARTESIAN_POINT('Ctrl Pts',(-14.7711969992836,16.014743927231,-13.8059590121436));
#3503=CARTESIAN_POINT('Ctrl Pts',(-19.6714558723317,16.1798221232886,-4.66406456661212));
#3504=CARTESIAN_POINT('Ctrl Pts',(-19.3970613563093,16.3449003193464,5.69729186137567));
#3505=CARTESIAN_POINT('Ctrl Pts',(-14.0223628135836,16.509978515404,14.5640308516614));
#3506=CARTESIAN_POINT('Ctrl Pts',(-4.95967005168137,16.6750567114617,19.5988255250761));
#3507=CARTESIAN_POINT('Ctrl Pts',(5.40711205865652,16.8401349075194,19.4804929932324));
#3508=CARTESIAN_POINT('Ctrl Pts',(14.3520508524101,17.0052131035771,14.2386511760367));
#3509=CARTESIAN_POINT('Ctrl Pts',(19.5225893739381,17.1702912996348,5.25262006035699));
#3510=CARTESIAN_POINT('Ctrl Pts',(19.5591716887968,17.3353694956925,-5.11495816642878));
#3511=CARTESIAN_POINT('Ctrl Pts',(14.4519121547502,17.5004476917502,-14.1371823873518));
#3512=CARTESIAN_POINT('Ctrl Pts',(5.54437717246566,17.6655258878079,-19.4419337639392));
#3513=CARTESIAN_POINT('Ctrl Pts',(-4.8217841782913,17.8306040838655,-19.6332457884981));
#3514=CARTESIAN_POINT('Ctrl Pts',(-13.9188107385155,17.9956822799232,-14.6625266176729));
#3515=CARTESIAN_POINT('Ctrl Pts',(-19.3577047769818,18.1607604759809,-5.83359637714672));
#3516=CARTESIAN_POINT('Ctrl Pts',(-19.5862026966817,18.270812606686,1.07169047393738));
#3517=CARTESIAN_POINT('Ctrl Pts',(-18.8379883494405,18.3258386720386,4.32820377443389));
#3518=CARTESIAN_POINT('Ctrl Pts',(-5.06362301662627,-2.42861286636753E-16,
-18.9460033501938));
#3519=CARTESIAN_POINT('Ctrl Pts',(-8.33880881439217,0.0550260653525624,
-18.070657458886));
#3520=CARTESIAN_POINT('Ctrl Pts',(-14.4218843892201,0.165078196057688,-14.587075285539));
#3521=CARTESIAN_POINT('Ctrl Pts',(-19.7558290726874,0.330156392115374,-5.51826808461657));
#3522=CARTESIAN_POINT('Ctrl Pts',(-19.8934215256324,0.495234588173064,4.99865427621547));
#3523=CARTESIAN_POINT('Ctrl Pts',(-14.7999225708951,0.660312784230749,14.2025518555266));
#3524=CARTESIAN_POINT('Ctrl Pts',(-5.8140715446225,0.825390980288439,19.6706671040983));
#3525=CARTESIAN_POINT('Ctrl Pts',(4.70061183678847,0.990469176346127,19.9662082582873));
#3526=CARTESIAN_POINT('Ctrl Pts',(13.9792448899741,1.15554737240381,15.0107659463398));
#3527=CARTESIAN_POINT('Ctrl Pts',(19.5814730055238,1.3206255684615,6.10800001262519));
#3528=CARTESIAN_POINT('Ctrl Pts',(20.0343738235156,1.48570376451919,-4.40131623024186));
#3529=CARTESIAN_POINT('Ctrl Pts',(15.2182288571481,1.65078196057688,-13.7527340335701));
#3530=CARTESIAN_POINT('Ctrl Pts',(6.4007453062473,1.81586015663457,-19.4882626238427));
#3531=CARTESIAN_POINT('Ctrl Pts',(-4.10147435221376,1.98093835269225,-20.0972051457946));
#3532=CARTESIAN_POINT('Ctrl Pts',(-13.5222457345634,2.14601654874994,-15.423981856433));
#3533=CARTESIAN_POINT('Ctrl Pts',(-19.3924387954816,2.31109474480763,-6.6887218137613));
#3534=CARTESIAN_POINT('Ctrl Pts',(-20.1521604563213,2.47617294086532,3.79422402363885));
#3535=CARTESIAN_POINT('Ctrl Pts',(-15.1301794771187,2.65959315870719,14.3576768408131));
#3536=CARTESIAN_POINT('Ctrl Pts',(-3.69031745303776,2.86135539833325,20.9234223722602));
#3537=CARTESIAN_POINT('Ctrl Pts',(10.5020647490816,3.08145965974351,18.4674831804492));
#3538=CARTESIAN_POINT('Ctrl Pts',(19.8688916515389,3.30156392115375,7.52521190029275));
#3539=CARTESIAN_POINT('Ctrl Pts',(20.0685536215768,3.49721215351842,-5.26210445803095));
#3540=CARTESIAN_POINT('Ctrl Pts',(14.2894273624536,3.6684043568375,-14.4354867490153));
#3541=CARTESIAN_POINT('Ctrl Pts',(6.39021227916553,3.815140531111,-19.2904416582925));
#3542=CARTESIAN_POINT('Ctrl Pts',(-2.86946510661212,3.9618767053845,-20.1178898872646));
#3543=CARTESIAN_POINT('Ctrl Pts',(-10.5424634867269,4.09230886029428,-17.113399743802));
#3544=CARTESIAN_POINT('Ctrl Pts',(-17.2167742205589,4.23904503456778,-10.8403415282179));
#3545=CARTESIAN_POINT('Ctrl Pts',(-20.4975815756831,4.38578120884128,-1.966790567896));
#3546=CARTESIAN_POINT('Ctrl Pts',(-18.5939771533197,4.5488214024785,8.19095288158861));
#3547=CARTESIAN_POINT('Ctrl Pts',(-13.0175080618702,4.695557576752,15.5945993516109));
#3548=CARTESIAN_POINT('Ctrl Pts',(-3.3345111044737,4.86674978007109,20.4764652267622));
#3549=CARTESIAN_POINT('Ctrl Pts',(9.3743147191653,5.06239801243575,19.0661018948135));
#3550=CARTESIAN_POINT('Ctrl Pts',(19.3801839688328,5.28250227384601,8.70421074408903));
#3551=CARTESIAN_POINT('Ctrl Pts',(20.4794229959409,5.50260653525625,-5.65812840205577));
#3552=CARTESIAN_POINT('Ctrl Pts',(13.0889958036878,5.69825476762092,-16.0952673890868));
#3553=CARTESIAN_POINT('Ctrl Pts',(3.01153359942974,5.86944697094001,-20.0888121044803));
#3554=CARTESIAN_POINT('Ctrl Pts',(-6.23468355347078,6.0161831452135,-19.3415592516493));
#3555=CARTESIAN_POINT('Ctrl Pts',(-14.1896727167002,6.162919319487,-14.5437515019352));
#3556=CARTESIAN_POINT('Ctrl Pts',(-19.1771496675021,6.30965549376051,-6.71508797320131));
#3557=CARTESIAN_POINT('Ctrl Pts',(-20.1624017337507,6.456391668034,2.51455369772158));
#3558=CARTESIAN_POINT('Ctrl Pts',(-16.93992264206,6.60312784230752,11.2269852688026));
#3559=CARTESIAN_POINT('Ctrl Pts',(-10.9270122181148,6.73355999721727,16.8717010204671));
#3560=CARTESIAN_POINT('Ctrl Pts',(-2.40320791632205,6.8802961714908,20.199170120495));
#3561=CARTESIAN_POINT('Ctrl Pts',(8.60895895677895,7.05148837480985,19.2279445286942));
#3562=CARTESIAN_POINT('Ctrl Pts',(18.8258301714703,7.26344062653826,9.84798754347597));
#3563=CARTESIAN_POINT('Ctrl Pts',(20.7784952280316,7.48354488794851,-4.41721674245513));
#3564=CARTESIAN_POINT('Ctrl Pts',(13.190838873955,7.70364914935876,-16.6541498235057));
#3565=CARTESIAN_POINT('Ctrl Pts',(-0.460542143252356,7.923753410769,-21.2380046231827));
#3566=CARTESIAN_POINT('Ctrl Pts',(-13.895770003696,8.14385767217926,-16.0699567594152));
#3567=CARTESIAN_POINT('Ctrl Pts',(-20.9547228006848,8.3639619335895,-3.51030451142106));
#3568=CARTESIAN_POINT('Ctrl Pts',(-18.803380519932,8.54738215143138,8.2837240733241));
#3569=CARTESIAN_POINT('Ctrl Pts',(-12.8772652239555,8.69411832570489,15.3001257607891));
#3570=CARTESIAN_POINT('Ctrl Pts',(-6.28152419400779,8.81639847093279,19.1532521494505));
#3571=CARTESIAN_POINT('Ctrl Pts',(2.17388335949048,8.95090663068352,20.2053336899731));
#3572=CARTESIAN_POINT('Ctrl Pts',(10.922559681142,9.097642804957,17.1266119740574));
#3573=CARTESIAN_POINT('Ctrl Pts',(18.504131333375,9.2688350082761,9.37861111412195));
#3574=CARTESIAN_POINT('Ctrl Pts',(21.0116684429784,9.46448324064075,-3.16092604411579));
#3575=CARTESIAN_POINT('Ctrl Pts',(14.1602055875943,9.68458750205101,-15.8369575815308));
#3576=CARTESIAN_POINT('Ctrl Pts',(0.814432330218961,9.90469176346126,-21.2270474870278));
#3577=CARTESIAN_POINT('Ctrl Pts',(-12.9129040765061,10.1247960248715,-16.8716117480336));
#3578=CARTESIAN_POINT('Ctrl Pts',(-20.7017455604136,10.3449002862818,-4.76330927388795));
#3579=CARTESIAN_POINT('Ctrl Pts',(-18.9865120294533,10.565004547692,9.53387279684328));
#3580=CARTESIAN_POINT('Ctrl Pts',(-8.54201846018175,10.7851088091022,19.449833345644));
#3581=CARTESIAN_POINT('Ctrl Pts',(5.81823272916961,11.0052130705125,20.4321755562783));
#3582=CARTESIAN_POINT('Ctrl Pts',(17.5163807979647,11.2253173319228,12.0259732547781));
#3583=CARTESIAN_POINT('Ctrl Pts',(20.5442979941227,11.4087375497646,0.418501360022854));
#3584=CARTESIAN_POINT('Ctrl Pts',(18.1283238747932,11.5554737240381,-8.43130429583131));
#3585=CARTESIAN_POINT('Ctrl Pts',(12.9114031550382,11.7022098983117,-15.9907918178992));
#3586=CARTESIAN_POINT('Ctrl Pts',(3.53199018279221,11.8611740871079,-20.4434314219115));
#3587=CARTESIAN_POINT('Ctrl Pts',(-7.21489839339496,12.032366290427,-18.9888986199201));
#3588=CARTESIAN_POINT('Ctrl Pts',(-14.906989513057,12.1791024647005,-13.8108998868098));
#3589=CARTESIAN_POINT('Ctrl Pts',(-19.1142348602553,12.3136106244512,-6.40049513142387));
#3590=CARTESIAN_POINT('Ctrl Pts',(-19.9622399523266,12.4358907696791,1.19088687451378));
#3591=CARTESIAN_POINT('Ctrl Pts',(-17.8742402781388,12.5826269439527,10.1344188636594));
#3592=CARTESIAN_POINT('Ctrl Pts',(-9.69884239625598,12.7660471617945,18.9037771942625));
#3593=CARTESIAN_POINT('Ctrl Pts',(4.58991799750308,12.9861514232048,20.7426196452037));
#3594=CARTESIAN_POINT('Ctrl Pts',(16.7602248712502,13.206255684615,13.0536254320147));
#3595=CARTESIAN_POINT('Ctrl Pts',(21.2342026569318,13.4263599460253,-0.634453660569152));
#3596=CARTESIAN_POINT('Ctrl Pts',(15.9553465622781,13.6464642074355,-14.0264518395419));
#3597=CARTESIAN_POINT('Ctrl Pts',(3.33862267885626,13.8665684688457,-20.9838448373704));
#3598=CARTESIAN_POINT('Ctrl Pts',(-9.22237439127978,14.0622167012104,-18.5830742390045));
#3599=CARTESIAN_POINT('Ctrl Pts',(-17.0334913025728,14.2334089045295,-11.0663324243005));
#3600=CARTESIAN_POINT('Ctrl Pts',(-20.1857028195321,14.380145078803,-2.3429176619608));
#3601=CARTESIAN_POINT('Ctrl Pts',(-19.1171234108922,14.5268812530765,6.88582253095386));
#3602=CARTESIAN_POINT('Ctrl Pts',(-14.0604466379152,14.67361742735,14.6676133238744));
#3603=CARTESIAN_POINT('Ctrl Pts',(-6.06654810728198,14.8203536016235,19.3943860145429));
#3604=CARTESIAN_POINT('Ctrl Pts',(2.41987383260426,14.9548617613742,20.007814944853));
#3605=CARTESIAN_POINT('Ctrl Pts',(9.65336369024105,15.0771419066021,17.522820888117));
#3606=CARTESIAN_POINT('Ctrl Pts',(14.1247467272489,15.1688520155231,13.9317979251476));
#3607=CARTESIAN_POINT('Ctrl Pts',(18.1623822149466,15.2789041462282,8.45477315716368));
#3608=CARTESIAN_POINT('Ctrl Pts',(20.854993388742,15.4256403205017,-0.500370893128959));
#3609=CARTESIAN_POINT('Ctrl Pts',(16.7680820587522,15.6274025601278,-13.0544815544695));
#3610=CARTESIAN_POINT('Ctrl Pts',(5.60577687689629,15.8291647997538,-20.0895425448108));
#3611=CARTESIAN_POINT('Ctrl Pts',(-6.07677126070072,16.0125850175957,-19.5852073539028));
#3612=CARTESIAN_POINT('Ctrl Pts',(-14.9869013756284,16.1776632136534,-14.0074513651701));
#3613=CARTESIAN_POINT('Ctrl Pts',(-19.9586611031738,16.3427414097111,-4.73207282787162));
#3614=CARTESIAN_POINT('Ctrl Pts',(-19.6802170139521,16.5078196057688,5.78054893640344));
#3615=CARTESIAN_POINT('Ctrl Pts',(-14.2270153405767,16.6728978018264,14.7767117002882));
#3616=CARTESIAN_POINT('Ctrl Pts',(-5.03199419341856,16.8379759978841,19.8849716637169));
#3617=CARTESIAN_POINT('Ctrl Pts',(5.48613312089577,17.0030541939418,19.764867900534));
#3618=CARTESIAN_POINT('Ctrl Pts',(14.5616378949236,17.1681323899995,14.4464622119764));
#3619=CARTESIAN_POINT('Ctrl Pts',(19.8076237676933,17.3332105860572,5.32922133019567));
#3620=CARTESIAN_POINT('Ctrl Pts',(19.8446964654002,17.4982887821149,-5.18971437591768));
#3621=CARTESIAN_POINT('Ctrl Pts',(14.6628375147306,17.6633669781726,-14.343633441993));
#3622=CARTESIAN_POINT('Ctrl Pts',(5.62523817380083,17.8284451742303,-19.7257918876497));
#3623=CARTESIAN_POINT('Ctrl Pts',(-4.89226062312541,17.9935233702879,-19.9198532157494));
#3624=CARTESIAN_POINT('Ctrl Pts',(-14.122074650834,18.1586015663456,-14.8765276796847));
#3625=CARTESIAN_POINT('Ctrl Pts',(-19.6403344517836,18.3236797624033,-5.91868007390504));
#3626=CARTESIAN_POINT('Ctrl Pts',(-19.8721391390355,18.4337318931085,1.08741872256769));
#3627=CARTESIAN_POINT('Ctrl Pts',(-19.1129878125546,18.488757958461,4.39147103795547));
#3628=CARTESIAN_POINT('Ctrl Pts',(-18.761830656136,1.92811581119514,-0.000949989757532162));
#3629=CARTESIAN_POINT('Ctrl Pts',(-18.7606670322868,1.89285613624563,-2.0793976932746));
#3630=CARTESIAN_POINT('Ctrl Pts',(-18.4177806409803,1.85759646129612,-4.15767705603064));
#3631=CARTESIAN_POINT('Ctrl Pts',(-17.7402652677321,1.82233678634662,-6.12151465102125));
#3632=CARTESIAN_POINT('Ctrl Pts',(-16.6829382997692,1.76731072099406,-9.18626938850886));
#3633=CARTESIAN_POINT('Ctrl Pts',(-14.810637127223,1.71228465564149,-11.9723062214248));
#3634=CARTESIAN_POINT('Ctrl Pts',(-12.3721260957361,1.65725859028893,-14.1105538906195));
#3635=CARTESIAN_POINT('Ctrl Pts',(-9.93361506424919,1.60223252493637,-16.2488015598142));
#3636=CARTESIAN_POINT('Ctrl Pts',(-6.92889417382168,1.54720645958381,-17.7392600652877));
#3637=CARTESIAN_POINT('Ctrl Pts',(-3.75172345439751,1.49218039423124,-18.3873579694541));
#3638=CARTESIAN_POINT('Ctrl Pts',(-0.574552734973336,1.43715432887868,-19.0354558736206));
#3639=CARTESIAN_POINT('Ctrl Pts',(2.77506781344746,1.38212826352612,-18.8411931764801));
#3640=CARTESIAN_POINT('Ctrl Pts',(5.85600914553013,1.32710219817356,-17.8293863022465));
#3641=CARTESIAN_POINT('Ctrl Pts',(8.93695047761279,1.272076132821,-16.8175794280128));
#3642=CARTESIAN_POINT('Ctrl Pts',(11.7492125933573,1.21705006746843,-14.988228376686));
#3643=CARTESIAN_POINT('Ctrl Pts',(13.9233650761948,1.16202400211587,-12.5822520711068));
#3644=CARTESIAN_POINT('Ctrl Pts',(16.0975175590322,1.10699793676331,-10.1762757655276));
#3645=CARTESIAN_POINT('Ctrl Pts',(17.6335604089626,1.05197187141075,-7.19367420569608));
#3646=CARTESIAN_POINT('Ctrl Pts',(18.3293347765239,0.996945806058184,-4.02643111748752));
#3647=CARTESIAN_POINT('Ctrl Pts',(19.0251091440851,0.941919740705621,-0.859188029278911));
#3648=CARTESIAN_POINT('Ctrl Pts',(18.8806150292771,0.886893675353058,2.49269658730667));
#3649=CARTESIAN_POINT('Ctrl Pts',(17.9149499810565,0.831867610000494,5.58837039733843));
#3650=CARTESIAN_POINT('Ctrl Pts',(16.949284932836,0.776841544647932,8.68404420737014));
#3651=CARTESIAN_POINT('Ctrl Pts',(15.1624489512028,0.721815479295368,11.523507210848));
#3652=CARTESIAN_POINT('Ctrl Pts',(12.7893370295878,0.666789413942806,13.7334743370355));
#3653=CARTESIAN_POINT('Ctrl Pts',(10.4162251079728,0.611763348590244,15.943441463223));
#3654=CARTESIAN_POINT('Ctrl Pts',(7.45683724637589,0.556737283237682,17.52391271212));
#3655=CARTESIAN_POINT('Ctrl Pts',(4.30034476889439,0.50171121788512,18.2669957518393));
#3656=CARTESIAN_POINT('Ctrl Pts',(1.14385229141284,0.446685152532557,19.0100787915586));
#3657=CARTESIAN_POINT('Ctrl Pts',(-2.20974480195328,0.391659087179994,18.9157736221001));
#3658=CARTESIAN_POINT('Ctrl Pts',(-5.31952488934068,0.336633021827431,17.9965901399384));
#3659=CARTESIAN_POINT('Ctrl Pts',(-8.42930497672803,0.281606956474868,17.0774066577767));
#3660=CARTESIAN_POINT('Ctrl Pts',(-11.2952680581366,0.226580891122306,15.3333448629118));
#3661=CARTESIAN_POINT('Ctrl Pts',(-13.5405015693132,0.171554825769744,12.9935379725018));
#3662=CARTESIAN_POINT('Ctrl Pts',(-15.7857350804898,0.116528760417181,10.6537310820918));
#3663=CARTESIAN_POINT('Ctrl Pts',(-17.4102390214343,0.0615026950646169,
7.71817909613674));
#3664=CARTESIAN_POINT('Ctrl Pts',(-18.2005268214647,0.00647662971205377,
4.57324717111412));
#3665=CARTESIAN_POINT('Ctrl Pts',(-18.2315327421071,0.00431775314136918,
4.44985983084496));
#3666=CARTESIAN_POINT('Ctrl Pts',(-18.2612545673334,0.00215887657068461,
4.32615019542137));
#3667=CARTESIAN_POINT('Ctrl Pts',(-18.2896926320591,1.06292467667464E-17,
4.20214485685893));
#3668=CARTESIAN_POINT('Ctrl Pts',(-5.06401119258679,17.9999999998867,-18.9478104998873));
#3669=CARTESIAN_POINT('Ctrl Pts',(-5.45119912663485,17.9999999998899,-18.8324040501278));
#3670=CARTESIAN_POINT('Ctrl Pts',(-5.83503143438704,17.9999999998989,-18.7047329089321));
#3671=CARTESIAN_POINT('Ctrl Pts',(-6.21497992899556,17.9999999999061,-18.5650470705438));
#3672=CARTESIAN_POINT('Ctrl Pts',(-6.38120739538679,17.9999999999093,-18.503934516249));
#3673=CARTESIAN_POINT('Ctrl Pts',(-6.54669114162163,17.9999999999122,-18.440521759661));
#3674=CARTESIAN_POINT('Ctrl Pts',(-6.71138523303108,17.999999999914,-18.3748274196919));
#3675=CARTESIAN_POINT('Ctrl Pts',(-6.79425853709796,17.999999999915,-18.3417703320627));
#3676=CARTESIAN_POINT('Ctrl Pts',(-6.8769318785131,17.9999999999157,-18.3081355133282));
#3677=CARTESIAN_POINT('Ctrl Pts',(-6.95939929279795,17.999999999916,-18.2739252079407));
#3678=CARTESIAN_POINT('Ctrl Pts',(-6.9950564985935,17.9999999999162,-18.2591333788272));
#3679=CARTESIAN_POINT('Ctrl Pts',(-7.03067666699202,17.9999999999163,-18.2442333438262));
#3680=CARTESIAN_POINT('Ctrl Pts',(-7.06625499390023,17.9999999999163,-18.2292271000551));
#3681=CARTESIAN_POINT('Ctrl Pts',(-7.44256816431904,17.9999999999167,-18.0705055507203));
#3682=CARTESIAN_POINT('Ctrl Pts',(-7.81337250166757,17.9999999999142,-17.9002570521284));
#3683=CARTESIAN_POINT('Ctrl Pts',(-8.17818652046001,17.9999999999101,-17.7188735321044));
#3684=CARTESIAN_POINT('Ctrl Pts',(-8.54561090402932,17.999999999906,-17.5361921530964));
#3685=CARTESIAN_POINT('Ctrl Pts',(-8.90695942486304,17.9999999999002,-17.3422155815636));
#3686=CARTESIAN_POINT('Ctrl Pts',(-9.26172228253074,17.9999999998939,-17.1372943834529));
#3687=CARTESIAN_POINT('Ctrl Pts',(-9.63138408613829,17.9999999998873,-16.9237671269948));
#3688=CARTESIAN_POINT('Ctrl Pts',(-9.99389619353924,17.9999999998801,-16.6983566616383));
#3689=CARTESIAN_POINT('Ctrl Pts',(-10.3486528458799,17.9999999998734,-16.4614072238157));
#3690=CARTESIAN_POINT('Ctrl Pts',(-10.6873797259716,17.999999999867,-16.2351644083996));
#3691=CARTESIAN_POINT('Ctrl Pts',(-11.0190364183502,17.9999999998609,-15.9984012146827));
#3692=CARTESIAN_POINT('Ctrl Pts',(-11.3430632693421,17.9999999998558,-15.7513763605132));
#3693=CARTESIAN_POINT('Ctrl Pts',(-11.6642881923286,17.9999999998508,-15.5064875819647));
#3694=CARTESIAN_POINT('Ctrl Pts',(-11.9780150521874,17.9999999998468,-15.2515135238702));
#3695=CARTESIAN_POINT('Ctrl Pts',(-12.2836611420153,17.9999999998441,-14.9866716195693));
#3696=CARTESIAN_POINT('Ctrl Pts',(-12.4610358819952,17.9999999998426,-14.8329766583885));
#3697=CARTESIAN_POINT('Ctrl Pts',(-12.6356884544458,17.9999999998415,-14.6759577867127));
#3698=CARTESIAN_POINT('Ctrl Pts',(-12.8074983094599,17.9999999998409,-14.5156527144106));
#3699=CARTESIAN_POINT('Ctrl Pts',(-12.8934032369669,17.9999999998406,-14.4355001782595));
#3700=CARTESIAN_POINT('Ctrl Pts',(-12.9785974043591,17.9999999998405,-14.3545260395374));
#3701=CARTESIAN_POINT('Ctrl Pts',(-13.0630652394093,17.9999999998404,-14.272734708383));
#3702=CARTESIAN_POINT('Ctrl Pts',(-13.1102830141972,17.9999999998404,-14.2270131073527));
#3703=CARTESIAN_POINT('Ctrl Pts',(-13.1572738153131,17.9999999998404,-14.1810361429213));
#3704=CARTESIAN_POINT('Ctrl Pts',(-13.2040348746606,17.9999999998405,-14.1348045591726));
#3705=CARTESIAN_POINT('Ctrl Pts',(-13.2334365787969,17.9999999998405,-14.1057357706101));
#3706=CARTESIAN_POINT('Ctrl Pts',(-13.2627474549671,17.9999999998406,-14.0765663191853));
#3707=CARTESIAN_POINT('Ctrl Pts',(-13.2919668079446,17.9999999998406,-14.047296386146));
#3708=CARTESIAN_POINT('Ctrl Pts',(-13.2994084203036,17.9999999998407,-14.0398418920092));
#3709=CARTESIAN_POINT('Ctrl Pts',(-13.3068438406362,17.9999999998407,-14.0323811358703));
#3710=CARTESIAN_POINT('Ctrl Pts',(-13.3142725777889,17.9999999998407,-14.0249146069362));
#3711=CARTESIAN_POINT('Ctrl Pts',(-13.6077482699242,17.9999999998413,-13.729945933022));
#3712=CARTESIAN_POINT('Ctrl Pts',(-13.8910236645292,17.9999999998384,-13.4257446544044));
#3713=CARTESIAN_POINT('Ctrl Pts',(-14.1638676127976,17.9999999998337,-13.1129707898228));
#3714=CARTESIAN_POINT('Ctrl Pts',(-14.4304781984175,17.999999999829,-12.8073425223392));
#3715=CARTESIAN_POINT('Ctrl Pts',(-14.687128644978,17.9999999998225,-12.4935282074245));
#3716=CARTESIAN_POINT('Ctrl Pts',(-14.9335661277414,17.9999999998154,-12.1721032154097));
#3717=CARTESIAN_POINT('Ctrl Pts',(-15.1811722943755,17.9999999998082,-11.8491539252257));
#3718=CARTESIAN_POINT('Ctrl Pts',(-15.4184686975448,17.9999999998004,-11.5185211234471));
#3719=CARTESIAN_POINT('Ctrl Pts',(-15.6451575930252,17.9999999997929,-11.1807554894415));
#3720=CARTESIAN_POINT('Ctrl Pts',(-15.8716730242263,17.9999999997854,-10.8432483165843));
#3721=CARTESIAN_POINT('Ctrl Pts',(-16.0875974395699,17.9999999997781,-10.4986187215332));
#3722=CARTESIAN_POINT('Ctrl Pts',(-16.2925884830459,17.9999999997719,-10.1473907427268));
#3723=CARTESIAN_POINT('Ctrl Pts',(-16.5046773498628,17.9999999997654,-9.78400148065795));
#3724=CARTESIAN_POINT('Ctrl Pts',(-16.705063222181,17.9999999997601,-9.41354854153928));
#3725=CARTESIAN_POINT('Ctrl Pts',(-16.8933112603493,17.9999999997563,-9.03659218745124));
#3726=CARTESIAN_POINT('Ctrl Pts',(-17.0344972889756,17.9999999997534,-8.7538749218852));
#3727=CARTESIAN_POINT('Ctrl Pts',(-17.1688546582477,17.9999999997515,-8.46749901030728));
#3728=CARTESIAN_POINT('Ctrl Pts',(-17.296177334298,17.9999999997505,-8.17769621968479));
#3729=CARTESIAN_POINT('Ctrl Pts',(-17.3247361409648,17.9999999997503,-8.11269270165003));
#3730=CARTESIAN_POINT('Ctrl Pts',(-17.3529409402529,17.9999999997501,-8.04751676156069));
#3731=CARTESIAN_POINT('Ctrl Pts',(-17.3807892660608,17.99999999975,-7.9821710001664));
#3732=CARTESIAN_POINT('Ctrl Pts',(-17.3979999492875,17.9999999997499,-7.94178633908018));
#3733=CARTESIAN_POINT('Ctrl Pts',(-17.4150744790918,17.9999999997498,-7.90133681593494));
#3734=CARTESIAN_POINT('Ctrl Pts',(-17.4320122632361,17.9999999997498,-7.86082304402986));
#3735=CARTESIAN_POINT('Ctrl Pts',(-17.4460531699606,17.9999999997498,-7.82723836214159));
#3736=CARTESIAN_POINT('Ctrl Pts',(-17.4599963206191,17.9999999997497,-7.79361858162928));
#3737=CARTESIAN_POINT('Ctrl Pts',(-17.4738413549549,17.9999999997496,-7.75996454576159));
#3738=CARTESIAN_POINT('Ctrl Pts',(-17.6277204724338,17.9999999997487,-7.38592045072308));
#3739=CARTESIAN_POINT('Ctrl Pts',(-17.7694905613102,17.9999999997443,-7.00762899330076));
#3740=CARTESIAN_POINT('Ctrl Pts',(-17.8988840834412,17.9999999997381,-6.62563176348934));
#3741=CARTESIAN_POINT('Ctrl Pts',(-18.0250123074274,17.999999999732,-6.25327438909945));
#3742=CARTESIAN_POINT('Ctrl Pts',(-18.1393807803101,17.9999999997242,-5.87739537258349));
#3743=CARTESIAN_POINT('Ctrl Pts',(-18.2416983464104,17.9999999997157,-5.49847653330524));
#3744=CARTESIAN_POINT('Ctrl Pts',(-18.3481390534924,17.9999999997068,-5.1042882163164));
#3745=CARTESIAN_POINT('Ctrl Pts',(-18.4415385875577,17.9999999996973,-4.70680972845651));
#3746=CARTESIAN_POINT('Ctrl Pts',(-18.5219418213067,17.9999999996883,-4.30668667963607));
#3747=CARTESIAN_POINT('Ctrl Pts',(-18.6013666571692,17.9999999996793,-3.91143258355627));
#3748=CARTESIAN_POINT('Ctrl Pts',(-18.668109438652,17.9999999996707,-3.51359730460406));
#3749=CARTESIAN_POINT('Ctrl Pts',(-18.7221608299522,17.9999999996633,-3.11379703970248));
#3750=CARTESIAN_POINT('Ctrl Pts',(-18.7760391272686,17.9999999996559,-2.71527709375163));
#3751=CARTESIAN_POINT('Ctrl Pts',(-18.8173071549817,17.9999999996497,-2.31480416772847));
#3752=CARTESIAN_POINT('Ctrl Pts',(-18.8459041558049,17.9999999996451,-1.91299097341654));
#3753=CARTESIAN_POINT('Ctrl Pts',(-18.8641554155506,17.9999999996422,-1.65654460605215));
#3754=CARTESIAN_POINT('Ctrl Pts',(-18.8772443722773,17.9999999996399,-1.39955238298186));
#3755=CARTESIAN_POINT('Ctrl Pts',(-18.8851442912639,17.9999999996384,-1.14217569437491));
#3756=CARTESIAN_POINT('Ctrl Pts',(-18.8886005058206,17.9999999996377,-1.02957339310936));
#3757=CARTESIAN_POINT('Ctrl Pts',(-18.8910633961806,17.9999999996372,-0.916897531168625));
#3758=CARTESIAN_POINT('Ctrl Pts',(-18.8925302103456,17.9999999996369,-0.804161775848503));
#3759=CARTESIAN_POINT('Ctrl Pts',(-18.8930646299135,17.9999999996367,-0.763087592709043));
#3760=CARTESIAN_POINT('Ctrl Pts',(-18.8934668234628,17.9999999996366,-0.722005460104788));
#3761=CARTESIAN_POINT('Ctrl Pts',(-18.8937366475834,17.9999999996365,-0.680916042666049));
#3762=CARTESIAN_POINT('Ctrl Pts',(-18.8939750707057,17.9999999996364,-0.644608439118631));
#3763=CARTESIAN_POINT('Ctrl Pts',(-18.8941101111462,17.9999999996364,-0.608295971722186));
#3764=CARTESIAN_POINT('Ctrl Pts',(-18.8941417420593,17.9999999996364,-0.571991865064012));
#3765=CARTESIAN_POINT('Ctrl Pts',(-18.8944933262912,17.9999999996364,-0.168464106359882));
#3766=CARTESIAN_POINT('Ctrl Pts',(-18.8820766808625,17.9999999996432,0.234450580742375));
#3767=CARTESIAN_POINT('Ctrl Pts',(-18.8569608987746,17.999999999655,0.636138613187545));
#3768=CARTESIAN_POINT('Ctrl Pts',(-18.8319662181792,17.9999999996667,1.03588981483624));
#3769=CARTESIAN_POINT('Ctrl Pts',(-18.7943944923917,17.9999999996834,1.43442673256932));
#3770=CARTESIAN_POINT('Ctrl Pts',(-18.7442613765678,17.9999999997031,1.83114685321721));
#3771=CARTESIAN_POINT('Ctrl Pts',(-18.6937639115102,17.9999999997229,2.23075019126663));
#3772=CARTESIAN_POINT('Ctrl Pts',(-18.6305218475766,17.9999999997459,2.62851080850816));
#3773=CARTESIAN_POINT('Ctrl Pts',(-18.5544979850297,17.9999999997696,3.02380658980982));
#3774=CARTESIAN_POINT('Ctrl Pts',(-18.4784741224827,17.9999999997933,3.41910237111149));
#3775=CARTESIAN_POINT('Ctrl Pts',(-18.389668443814,17.9999999998179,3.81193389262387));
#3776=CARTESIAN_POINT('Ctrl Pts',(-18.2879906863033,17.9999999998407,4.20166400963366));
#3777=CARTESIAN_POINT('Origin',(0.,-5.69715091629657,0.));
#3778=CARTESIAN_POINT('Origin',(0.,18.,0.));
#3779=CARTESIAN_POINT('',(-17.5,18.,2.14313189850787E-15));
#3780=CARTESIAN_POINT('Origin',(0.,18.,0.));
#3781=CARTESIAN_POINT('Origin',(0.,-2.,0.));
#3782=CARTESIAN_POINT('',(-17.5,-2.,2.14313189850787E-15));
#3783=CARTESIAN_POINT('',(-17.5,-2.,2.14313189850787E-15));
#3784=CARTESIAN_POINT('Origin',(0.,-2.,0.));
#3785=CARTESIAN_POINT('Origin',(0.,-2.,0.));
#3786=CARTESIAN_POINT('Origin',(0.,2.,0.));
#3787=CARTESIAN_POINT('',(-19.0070539700617,3.65623347938053,-0.000221676906936158));
#3788=CARTESIAN_POINT('',(-19.0150834213453,3.34376652061832,0.000235647723511885));
#3789=CARTESIAN_POINT('',(-19.0112,2.,2.32820052279502E-15));
#3790=CARTESIAN_POINT('',(8.9609474386261,2.,16.7668466457525));
#3791=CARTESIAN_POINT('Ctrl Pts',(-19.0150834213453,3.34376652061832,0.000235647723511885));
#3792=CARTESIAN_POINT('Ctrl Pts',(-19.0151696474541,3.34178862721809,-0.117802905630418));
#3793=CARTESIAN_POINT('Ctrl Pts',(-19.0141255465829,3.33981073381787,-0.235842121351523));
#3794=CARTESIAN_POINT('Ctrl Pts',(-19.0119451453195,3.33783284041764,-0.353862204459713));
#3795=CARTESIAN_POINT('Ctrl Pts',(-18.9417162072475,3.27412651468347,-4.15519237564274));
#3796=CARTESIAN_POINT('Ctrl Pts',(-17.6926536591757,3.2104201889493,-7.93667377503836));
#3797=CARTESIAN_POINT('Ctrl Pts',(-15.4857599832912,3.14671386321512,-11.0340096525997));
#3798=CARTESIAN_POINT('Ctrl Pts',(-13.2788663074068,3.08300753748095,-14.1313455301609));
#3799=CARTESIAN_POINT('Ctrl Pts',(-10.1141415037096,3.01930121174677,-16.5445358858879));
#3800=CARTESIAN_POINT('Ctrl Pts',(-6.54382751406311,2.9555948860126,-17.853076161508));
#3801=CARTESIAN_POINT('Ctrl Pts',(-2.97351352441663,2.89188856027843,-19.1616164371282));
#3802=CARTESIAN_POINT('Ctrl Pts',(1.00238965117919,2.82818223454426,-19.3655066326415));
#3803=CARTESIAN_POINT('Ctrl Pts',(4.68780691250966,2.76447590881008,-18.4280149930861));
#3804=CARTESIAN_POINT('Ctrl Pts',(8.37322417384012,2.70076958307591,-17.4905233535307));
#3805=CARTESIAN_POINT('Ctrl Pts',(11.7681555209053,2.63706325734173,-15.4116498789067));
#3806=CARTESIAN_POINT('Ctrl Pts',(14.2792557354723,2.57335693160756,-12.5560764092578));
#3807=CARTESIAN_POINT('Ctrl Pts',(16.7903559500393,2.50965060587339,-9.70050293960902));
#3808=CARTESIAN_POINT('Ctrl Pts',(18.4176250321083,2.44594428013921,-6.06822947493545));
#3809=CARTESIAN_POINT('Ctrl Pts',(18.8760872018977,2.38223795440504,-2.29290311817699));
#3810=CARTESIAN_POINT('Ctrl Pts',(19.3345493716871,2.31853162867087,1.48242323858152));
#3811=CARTESIAN_POINT('Ctrl Pts',(18.6242046291968,2.25482530293669,5.4008024874249));
#3812=CARTESIAN_POINT('Ctrl Pts',(16.8697304880846,2.19111897720252,8.77354884647926));
#3813=CARTESIAN_POINT('Ctrl Pts',(15.1152563469723,2.12741265146835,12.1462952055336));
#3814=CARTESIAN_POINT('Ctrl Pts',(12.3166528072381,2.06370632573417,14.9734086747989));
#3815=CARTESIAN_POINT('Ctrl Pts',(8.9609474386261,2.,16.7668466457525));
#3816=CARTESIAN_POINT('',(-8.95919614641971,1.99999999999826,16.7657893230143));
#3817=CARTESIAN_POINT('Origin',(0.,2.,0.));
#3818=CARTESIAN_POINT('Ctrl Pts',(-8.95919614641971,1.99999999999826,16.7657893230143));
#3819=CARTESIAN_POINT('Ctrl Pts',(-7.8744987435257,2.02060439515457,17.3476463087062));
#3820=CARTESIAN_POINT('Ctrl Pts',(-6.73431024786526,2.04120879031088,17.8249650494728));
#3821=CARTESIAN_POINT('Ctrl Pts',(-5.55809525124248,2.06181318546719,18.1844678462499));
#3822=CARTESIAN_POINT('Ctrl Pts',(-1.92137914577988,2.12551951120136,19.2960075007791));
#3823=CARTESIAN_POINT('Ctrl Pts',(2.05974038238871,2.18922583693554,19.2812591929629));
#3824=CARTESIAN_POINT('Ctrl Pts',(5.68818617146152,2.25293216266971,18.1438340115865));
#3825=CARTESIAN_POINT('Ctrl Pts',(9.31663196053431,2.31663848840388,17.0064088302101));
#3826=CARTESIAN_POINT('Ctrl Pts',(12.5924040105113,2.38034481413806,14.7463067752735));
#3827=CARTESIAN_POINT('Ctrl Pts',(14.9439888214843,2.44405113987223,11.757327210468));
#3828=CARTESIAN_POINT('Ctrl Pts',(17.2955736324573,2.5077574656064,8.7683476456625));
#3829=CARTESIAN_POINT('Ctrl Pts',(18.7229712044262,2.57146379134058,5.05049057098805));
#3830=CARTESIAN_POINT('Ctrl Pts',(18.9736921124897,2.63517011707475,1.2567878138886));
#3831=CARTESIAN_POINT('Ctrl Pts',(19.2244130205531,2.69887644280892,-2.53691494321086));
#3832=CARTESIAN_POINT('Ctrl Pts',(18.2984572647111,2.7625827685431,-6.40646338273533));
#3833=CARTESIAN_POINT('Ctrl Pts',(16.3641758145975,2.82628909427727,-9.68164826214418));
#3834=CARTESIAN_POINT('Ctrl Pts',(15.0746548478551,2.86875997810006,-11.8651048484167));
#3835=CARTESIAN_POINT('Ctrl Pts',(13.3369891281031,2.91123086192284,-13.7843998524157));
#3836=CARTESIAN_POINT('Ctrl Pts',(11.2960030093674,2.95370174574562,-15.2910600746172));
#3837=CARTESIAN_POINT('Ctrl Pts',(9.25501689063175,2.9961726295684,-16.7977202968187));
#3838=CARTESIAN_POINT('Ctrl Pts',(6.91071037291244,3.03864351339118,-17.8917457372228));
#3839=CARTESIAN_POINT('Ctrl Pts',(4.44525779964792,3.08111439721396,-18.4849990019472));
#3840=CARTESIAN_POINT('Ctrl Pts',(1.97980522638341,3.12358528103675,-19.0782522666716));
#3841=CARTESIAN_POINT('Ctrl Pts',(-0.606793402426319,3.16605616485953,-19.1707333557164));
#3842=CARTESIAN_POINT('Ctrl Pts',(-3.10937388949505,3.20852704868231,-18.7558718081436));
#3843=CARTESIAN_POINT('Ctrl Pts',(-5.61195437656377,3.2509979325051,-18.3410102605708));
#3844=CARTESIAN_POINT('Ctrl Pts',(-8.03051672189149,3.29346881632788,-17.4188060763803));
#3845=CARTESIAN_POINT('Ctrl Pts',(-10.1726481149565,3.33593970015066,-16.061709048088));
#3846=CARTESIAN_POINT('Ctrl Pts',(-12.3147795080216,3.37841058397344,-14.7046120197957));
#3847=CARTESIAN_POINT('Ctrl Pts',(-14.180479948824,3.42088146779623,-12.9126221474015));
#3848=CARTESIAN_POINT('Ctrl Pts',(-15.626012559968,3.46335235161901,-10.8279535950505));
#3849=CARTESIAN_POINT('Ctrl Pts',(-17.071545171112,3.50582323544179,-8.74328504269963));
#3850=CARTESIAN_POINT('Ctrl Pts',(-18.0969099525975,3.54829411926457,-6.36593781039196));
#3851=CARTESIAN_POINT('Ctrl Pts',(-18.6128800953587,3.59076500308735,-3.88318098765125));
#3852=CARTESIAN_POINT('Ctrl Pts',(-18.8780011698364,3.61258782851841,-2.60746539490485));
#3853=CARTESIAN_POINT('Ctrl Pts',(-19.0086310874235,3.63441065394947,-1.30391939978082));
#3854=CARTESIAN_POINT('Ctrl Pts',(-19.0070539700617,3.65623347938053,-0.000221676906936158));
#3855=CARTESIAN_POINT('Origin',(0.,2.,0.));
#3856=CARTESIAN_POINT('',(-19.0118090173306,5.65623347941775,0.00220046359404724));
#3857=CARTESIAN_POINT('',(-19.011613397865,5.34376652067912,-0.000674709453119439));
#3858=CARTESIAN_POINT('',(-19.0112,2.,2.32820052279502E-15));
#3859=CARTESIAN_POINT('Ctrl Pts',(-19.011613397865,5.34376652067912,-0.000674709453119439));
#3860=CARTESIAN_POINT('Ctrl Pts',(-19.0119584390228,5.33342065984509,-0.618593617704229));
#3861=CARTESIAN_POINT('Ctrl Pts',(-18.9821838110247,5.32307479901106,-1.2364357431389));
#3862=CARTESIAN_POINT('Ctrl Pts',(-18.9219649106613,5.31272893817702,-1.85123424872006));
#3863=CARTESIAN_POINT('Ctrl Pts',(-18.6747597759413,5.27025805435424,-4.37504897267854));
#3864=CARTESIAN_POINT('Ctrl Pts',(-17.9145102646593,5.22778717053146,-6.84757286493338));
#3865=CARTESIAN_POINT('Ctrl Pts',(-16.7039531528681,5.18531628670867,-9.0769258450129));
#3866=CARTESIAN_POINT('Ctrl Pts',(-15.4933960410768,5.14284540288589,-11.3062788250924));
#3867=CARTESIAN_POINT('Ctrl Pts',(-13.8325313287764,5.10037451906311,-13.2924608929966));
#3868=CARTESIAN_POINT('Ctrl Pts',(-11.8480136333341,5.05790363524033,-14.8710936329326));
#3869=CARTESIAN_POINT('Ctrl Pts',(-8.87123709017075,4.99419730950615,-17.2390427428365));
#3870=CARTESIAN_POINT('Ctrl Pts',(-5.16624133493838,4.93049098377198,-18.6900058648118));
#3871=CARTESIAN_POINT('Ctrl Pts',(-1.3743179713094,4.86678465803781,-18.9654226268528));
#3872=CARTESIAN_POINT('Ctrl Pts',(2.41760539231956,4.80307833230363,-19.2408393888938));
#3873=CARTESIAN_POINT('Ctrl Pts',(6.29645636434518,4.73937200656946,-18.3407097910004));
#3874=CARTESIAN_POINT('Ctrl Pts',(9.58162551222681,4.67566568083529,-16.4241113890884));
#3875=CARTESIAN_POINT('Ctrl Pts',(12.8667946601084,4.61195935510111,-14.5075129871765));
#3876=CARTESIAN_POINT('Ctrl Pts',(15.5582819838461,4.54825302936694,-11.5744457812459));
#3877=CARTESIAN_POINT('Ctrl Pts',(17.1852586308598,4.48454670363277,-8.13811461928084));
#3878=CARTESIAN_POINT('Ctrl Pts',(18.8122352778736,4.42084037789859,-4.70178345731571));
#3879=CARTESIAN_POINT('Ctrl Pts',(19.3747012481633,4.35713405216443,-0.762188339316077));
#3880=CARTESIAN_POINT('Ctrl Pts',(18.776338641557,4.29342772643025,2.99448832916373));
#3881=CARTESIAN_POINT('Ctrl Pts',(18.5768844393549,4.27219228451886,4.24671388532364));
#3882=CARTESIAN_POINT('Ctrl Pts',(18.2484492841644,4.25095684260746,5.47861516931466));
#3883=CARTESIAN_POINT('Ctrl Pts',(17.8031189959791,4.22972140069607,6.66639927624702));
#3884=CARTESIAN_POINT('Ctrl Pts',(17.3577887077937,4.20848595878468,7.85418338317941));
#3885=CARTESIAN_POINT('Ctrl Pts',(16.7955632866136,4.18725051687329,8.99785031305308));
#3886=CARTESIAN_POINT('Ctrl Pts',(16.1239098253135,4.1660150749619,10.0733694070838));
#3887=CARTESIAN_POINT('Ctrl Pts',(14.7806029027133,4.12354419113912,12.2244075951454));
#3888=CARTESIAN_POINT('Ctrl Pts',(12.9995838196332,4.08107330731633,14.1028544398352));
#3889=CARTESIAN_POINT('Ctrl Pts',(10.9237045894982,4.03860242349355,15.5601571871293));
#3890=CARTESIAN_POINT('Ctrl Pts',(8.84782535936326,3.99613153967077,17.0174599344235));
#3891=CARTESIAN_POINT('Ctrl Pts',(6.47708598217336,3.95366065584799,18.053618584322));
#3892=CARTESIAN_POINT('Ctrl Pts',(3.99729389825448,3.91118977202521,18.5869748674148));
#3893=CARTESIAN_POINT('Ctrl Pts',(1.51750181433562,3.86871888820242,19.1203311505075));
#3894=CARTESIAN_POINT('Ctrl Pts',(-1.07134297631219,3.82624800437964,19.1508850667945));
#3895=CARTESIAN_POINT('Ctrl Pts',(-3.5623384851896,3.78377712055686,18.6754363867795));
#3896=CARTESIAN_POINT('Ctrl Pts',(-6.05333399406707,3.74130623673408,18.1999877067645));
#3897=CARTESIAN_POINT('Ctrl Pts',(-8.4464802211741,3.69883535291129,17.2185364304474));
#3898=CARTESIAN_POINT('Ctrl Pts',(-10.5566066464273,3.65636446908851,15.8105271328903));
#3899=CARTESIAN_POINT('Ctrl Pts',(-12.6667330716804,3.61389358526573,14.4025178353332));
#3900=CARTESIAN_POINT('Ctrl Pts',(-14.4938396950797,3.57142270144295,12.5679505165362));
#3901=CARTESIAN_POINT('Ctrl Pts',(-15.8857315816334,3.52895181762017,10.4482290737992));
#3902=CARTESIAN_POINT('Ctrl Pts',(-17.9087482085962,3.46722338528622,7.36736355212108));
#3903=CARTESIAN_POINT('Ctrl Pts',(-19.0123923751452,3.40549495295227,3.68412217703334));
#3904=CARTESIAN_POINT('Ctrl Pts',(-19.0150834213453,3.34376652061832,0.000235647723511885));
#3905=CARTESIAN_POINT('Ctrl Pts',(-19.0070539700647,3.65623347938227,-0.000221676906936655));
#3906=CARTESIAN_POINT('Ctrl Pts',(-19.0040270844899,3.69811697968539,2.50190272232183));
#3907=CARTESIAN_POINT('Ctrl Pts',(-18.5140118766626,3.7400004799885,5.00458601497385));
#3908=CARTESIAN_POINT('Ctrl Pts',(-17.5531562171103,3.78188398029162,7.3121505333784));
#3909=CARTESIAN_POINT('Ctrl Pts',(-16.0916598477056,3.84559030602579,10.822040007711));
#3910=CARTESIAN_POINT('Ctrl Pts',(-13.5408498318844,3.90929663175996,13.88051214379));
#3911=CARTESIAN_POINT('Ctrl Pts',(-10.3505602642048,3.97300295749413,15.950701083783));
#3912=CARTESIAN_POINT('Ctrl Pts',(-7.16027069652524,4.03670928322831,18.0208900237759));
#3913=CARTESIAN_POINT('Ctrl Pts',(-3.33050157698722,4.10041560896248,19.1027957676828));
#3914=CARTESIAN_POINT('Ctrl Pts',(0.470903149630458,4.16412193469666,19.0086250283575));
#3915=CARTESIAN_POINT('Ctrl Pts',(4.27230787624814,4.22782826043083,18.9144542890322));
#3916=CARTESIAN_POINT('Ctrl Pts',(8.0453482099455,4.291534586165,17.6442070664747));
#3917=CARTESIAN_POINT('Ctrl Pts',(11.1287759725656,4.35524091189918,15.4183779503245));
#3918=CARTESIAN_POINT('Ctrl Pts',(14.2122037351858,4.41894723763335,13.1925488341743));
#3919=CARTESIAN_POINT('Ctrl Pts',(16.6060189267287,4.48265356336753,10.0111378244313));
#3920=CARTESIAN_POINT('Ctrl Pts',(17.8928716267667,4.5463598891017,6.43326405200228));
#3921=CARTESIAN_POINT('Ctrl Pts',(19.1797243268047,4.61006621483587,2.85539027957324));
#3922=CARTESIAN_POINT('Ctrl Pts',(19.3596145353379,4.67377254057004,-1.11894625554183));
#3923=CARTESIAN_POINT('Ctrl Pts',(18.3991371733023,4.73747886630422,-4.79960888223163));
#3924=CARTESIAN_POINT('Ctrl Pts',(17.4386598112667,4.80118519203839,-8.48027150892138));
#3925=CARTESIAN_POINT('Ctrl Pts',(15.3378148786623,4.86489151777256,-11.8672602271858));
#3926=CARTESIAN_POINT('Ctrl Pts',(12.4676453584051,4.92859784350674,-14.3582282980557));
#3927=CARTESIAN_POINT('Ctrl Pts',(9.59747583814779,4.99230416924091,-16.8491963689256));
#3928=CARTESIAN_POINT('Ctrl Pts',(5.95798173023752,5.05601049497509,-18.4441437924009));
#3929=CARTESIAN_POINT('Ctrl Pts',(2.17746987970568,5.11971682070926,-18.8865690954211));
#3930=CARTESIAN_POINT('Ctrl Pts',(-0.342871353982219,5.16218770453204,-19.1815192974345));
#3931=CARTESIAN_POINT('Ctrl Pts',(-2.92588713994636,5.20465858835482,-18.9642374459123));
#3932=CARTESIAN_POINT('Ctrl Pts',(-5.35812400843169,5.2471294721776,-18.2462270340391));
#3933=CARTESIAN_POINT('Ctrl Pts',(-9.4118521225739,5.31791427854891,-17.0495430142504));
#3934=CARTESIAN_POINT('Ctrl Pts',(-13.0467499103861,5.38869908492022,-14.4619463268198));
#3935=CARTESIAN_POINT('Ctrl Pts',(-15.4967597724311,5.45948389129152,-11.0210290787304));
#3936=CARTESIAN_POINT('Ctrl Pts',(-17.4567676620672,5.51611173638856,-8.2682952802589));
#3937=CARTESIAN_POINT('Ctrl Pts',(-18.6584472792123,5.5727395814856,-4.9694363229657));
#3938=CARTESIAN_POINT('Ctrl Pts',(-18.9445230247035,5.62936742658264,-1.59988598704432));
#3939=CARTESIAN_POINT('Ctrl Pts',(-18.9897641722934,5.63832277752768,-1.06701199663517));
#3940=CARTESIAN_POINT('Ctrl Pts',(-19.0121065174976,5.64727812847271,-0.532370049624152));
#3941=CARTESIAN_POINT('Ctrl Pts',(-19.0118090173306,5.65623347941775,0.00220046359404724));
#3942=CARTESIAN_POINT('Origin',(0.,2.,0.));
#3943=CARTESIAN_POINT('',(-19.0116925057626,7.65623347947369,0.000121748302598439));
#3944=CARTESIAN_POINT('',(-19.01217761668,7.34376652069888,0.000465444805255331));
#3945=CARTESIAN_POINT('',(-19.0112,2.,2.32820052279502E-15));
#3946=CARTESIAN_POINT('Ctrl Pts',(-19.01217761668,7.34376652069888,0.000465444805255331));
#3947=CARTESIAN_POINT('Ctrl Pts',(-19.0115990386268,7.30381725053333,-2.38515497433237));
#3948=CARTESIAN_POINT('Ctrl Pts',(-18.5572922786512,7.26386798036778,-4.77168876857959));
#3949=CARTESIAN_POINT('Ctrl Pts',(-17.6799920143273,7.22391871020223,-6.99043962436702));
#3950=CARTESIAN_POINT('Ctrl Pts',(-16.7473162120063,7.18144782637945,-9.34923890749146));
#3951=CARTESIAN_POINT('Ctrl Pts',(-15.3365625883701,7.13897694255667,-11.5184057238094));
#3952=CARTESIAN_POINT('Ctrl Pts',(-13.5586853915335,7.09650605873388,-13.3271410332862));
#3953=CARTESIAN_POINT('Ctrl Pts',(-11.7808081946968,7.0540351749111,-15.135876342763));
#3954=CARTESIAN_POINT('Ctrl Pts',(-9.63580742465979,7.01156429108831,-16.5841801453986));
#3955=CARTESIAN_POINT('Ctrl Pts',(-7.2935256673747,6.96909340726553,-17.5572295423907));
#3956=CARTESIAN_POINT('Ctrl Pts',(-4.95124391008963,6.92662252344275,-18.5302789393827));
#3957=CARTESIAN_POINT('Ctrl Pts',(-2.41168116555651,6.88415163961997,-19.0280739307313));
#3958=CARTESIAN_POINT('Ctrl Pts',(0.124559975704476,6.84168075579719,-19.0114349068051));
#3959=CARTESIAN_POINT('Ctrl Pts',(2.66080111696551,6.79920987197441,-18.9947958828789));
#3960=CARTESIAN_POINT('Ctrl Pts',(5.19372065495437,6.75673898815162,-18.463722843678));
#3961=CARTESIAN_POINT('Ctrl Pts',(7.52302572072399,6.71426810432884,-17.4601110425386));
#3962=CARTESIAN_POINT('Ctrl Pts',(9.85233078649359,6.67179722050606,-16.4564992413992));
#3963=CARTESIAN_POINT('Ctrl Pts',(11.9780213800439,6.62932633668327,-14.9803486783213));
#3964=CARTESIAN_POINT('Ctrl Pts',(13.7321019903148,6.58685545286049,-13.1483867157831));
#3965=CARTESIAN_POINT('Ctrl Pts',(15.4861826005856,6.54438456903771,-11.3164247532449));
#3966=CARTESIAN_POINT('Ctrl Pts',(16.868653227577,6.50191368521493,-9.12865139124639));
#3967=CARTESIAN_POINT('Ctrl Pts',(17.7702172280991,6.45944280139215,-6.75798671305913));
#3968=CARTESIAN_POINT('Ctrl Pts',(18.6717812286213,6.41697191756936,-4.38732203487187));
#3969=CARTESIAN_POINT('Ctrl Pts',(19.0924386026742,6.37450103374657,-1.83376604049588));
#3970=CARTESIAN_POINT('Ctrl Pts',(18.9989414082772,6.33203014992379,0.700825094059685));
#3971=CARTESIAN_POINT('Ctrl Pts',(18.9054442138801,6.28955926610101,3.23541622861525));
#3972=CARTESIAN_POINT('Ctrl Pts',(18.297792451033,6.24708838227824,5.7510425033504));
#3973=CARTESIAN_POINT('Ctrl Pts',(17.2240257842785,6.20461749845545,8.04884296975142));
#3974=CARTESIAN_POINT('Ctrl Pts',(16.1502591175239,6.16214661463267,10.3466434361524));
#3975=CARTESIAN_POINT('Ctrl Pts',(14.6103775468618,6.11967573080988,12.4266180942193));
#3976=CARTESIAN_POINT('Ctrl Pts',(12.7260773638324,6.0772048469871,14.1243461998025));
#3977=CARTESIAN_POINT('Ctrl Pts',(10.841777180803,6.03473396316432,15.8220743053857));
#3978=CARTESIAN_POINT('Ctrl Pts',(8.6130583854063,5.99226307934154,17.1375558584853));
#3979=CARTESIAN_POINT('Ctrl Pts',(6.21614662602692,5.94979219551876,17.9668742227688));
#3980=CARTESIAN_POINT('Ctrl Pts',(3.81923486664752,5.90732131169598,18.7961925870524));
#3981=CARTESIAN_POINT('Ctrl Pts',(1.25413014328545,5.86485042787319,19.13934776252));
#3982=CARTESIAN_POINT('Ctrl Pts',(-1.27642620399708,5.82237954405041,18.9690873804767));
#3983=CARTESIAN_POINT('Ctrl Pts',(-3.80698255127959,5.77990866022763,18.7988269984334));
#3984=CARTESIAN_POINT('Ctrl Pts',(-6.30299052248257,5.73743777640485,18.1151510588792));
#3985=CARTESIAN_POINT('Ctrl Pts',(-8.56723506620107,5.69496689258206,16.9721334229185));
#3986=CARTESIAN_POINT('Ctrl Pts',(-10.8314796099196,5.65249600875928,15.8291157869579));
#3987=CARTESIAN_POINT('Ctrl Pts',(-12.8639607261536,5.6100251249365,14.2267564545906));
#3988=CARTESIAN_POINT('Ctrl Pts',(-14.5037095708222,5.56755424111371,12.2919758657969));
#3989=CARTESIAN_POINT('Ctrl Pts',(-16.1434584154908,5.52508335729093,10.3571952770031));
#3990=CARTESIAN_POINT('Ctrl Pts',(-17.3904749885939,5.48261247346815,8.08999343178288));
#3991=CARTESIAN_POINT('Ctrl Pts',(-18.1469028960666,5.44014158964537,5.66883973134172));
#3992=CARTESIAN_POINT('Ctrl Pts',(-18.7190657928475,5.40801656665662,3.83747642346899));
#3993=CARTESIAN_POINT('Ctrl Pts',(-19.0105420075472,5.37589154366787,1.91803069855416));
#3994=CARTESIAN_POINT('Ctrl Pts',(-19.011613397865,5.34376652067912,-0.000674709453119439));
#3995=CARTESIAN_POINT('Ctrl Pts',(-19.0118090173306,5.65623347941774,0.00220046359404724));
#3996=CARTESIAN_POINT('Ctrl Pts',(-19.0106956185714,5.6897490122955,2.0028384867388));
#3997=CARTESIAN_POINT('Ctrl Pts',(-18.6924791149349,5.72326454517325,4.00247597842579));
#3998=CARTESIAN_POINT('Ctrl Pts',(-18.0707338312166,5.756780078051,5.90469352827762));
#3999=CARTESIAN_POINT('Ctrl Pts',(-17.2828581972986,5.79925096187378,8.315183639239));
#4000=CARTESIAN_POINT('Ctrl Pts',(-16.0075772981495,5.84172184569656,10.5692372087423));
#4001=CARTESIAN_POINT('Ctrl Pts',(-14.3419768696549,5.88419272951934,12.4820192231392));
#4002=CARTESIAN_POINT('Ctrl Pts',(-12.1211762983289,5.94082057461638,15.0323952423351));
#4003=CARTESIAN_POINT('Ctrl Pts',(-9.20647434149996,5.99744841971343,16.976066274675));
#4004=CARTESIAN_POINT('Ctrl Pts',(-5.99849367352394,6.05407626481047,18.0426780927766));
#4005=CARTESIAN_POINT('Ctrl Pts',(-2.79051300554793,6.11070410990751,19.1092899108781));
#4006=CARTESIAN_POINT('Ctrl Pts',(0.710746373575118,6.16733195500456,19.2988425147413));
#4007=CARTESIAN_POINT('Ctrl Pts',(4.01531051226915,6.2239598001016,18.5846096854562));
#4008=CARTESIAN_POINT('Ctrl Pts',(7.31987465096316,6.28058764519864,17.8703768561712));
#4009=CARTESIAN_POINT('Ctrl Pts',(10.4277435492282,6.33721549029569,16.2523585937378));
#4010=CARTESIAN_POINT('Ctrl Pts',(12.91093518342,6.39384333539273,13.9573761161044));
#4011=CARTESIAN_POINT('Ctrl Pts',(14.7733289090639,6.43631421921551,12.2361392578793));
#4012=CARTESIAN_POINT('Ctrl Pts',(16.2843416736666,6.47878510303829,10.1341100286042));
#4013=CARTESIAN_POINT('Ctrl Pts',(17.3275976987643,6.52125598686108,7.82190408965753));
#4014=CARTESIAN_POINT('Ctrl Pts',(18.3708537238619,6.56372687068386,5.5096981507109));
#4015=CARTESIAN_POINT('Ctrl Pts',(18.9463530094545,6.60619775450664,2.98731550209278));
#4016=CARTESIAN_POINT('Ctrl Pts',(19.0068095143325,6.64866863832942,0.451996923583843));
#4017=CARTESIAN_POINT('Ctrl Pts',(19.0672660192105,6.69113952215221,-2.08332165492509));
#4018=CARTESIAN_POINT('Ctrl Pts',(18.612679743374,6.73361040597498,-4.63157616332487));
#4019=CARTESIAN_POINT('Ctrl Pts',(17.6799947272924,6.77608128979777,-6.99034120355403));
#4020=CARTESIAN_POINT('Ctrl Pts',(16.7473097112108,6.81855217362055,-9.34910624378318));
#4021=CARTESIAN_POINT('Ctrl Pts',(15.336525954884,6.86102305744334,-11.5183818158417));
#4022=CARTESIAN_POINT('Ctrl Pts',(13.5586507054961,6.90349394126612,-13.3271509759736));
#4023=CARTESIAN_POINT('Ctrl Pts',(11.7807754561081,6.9459648250889,-15.1359201361055));
#4024=CARTESIAN_POINT('Ctrl Pts',(9.63580871365897,6.98843570891168,-16.5841828843107));
#4025=CARTESIAN_POINT('Ctrl Pts',(7.29353572170784,7.03090659273446,-17.5572205885368));
#4026=CARTESIAN_POINT('Ctrl Pts',(4.95126272975668,7.07337747655724,-18.530258292763));
#4027=CARTESIAN_POINT('Ctrl Pts',(2.4116834883036,7.11584836038003,-19.02807095301));
#4028=CARTESIAN_POINT('Ctrl Pts',(-0.124563649408797,7.15831924420281,-19.0114385977617));
#4029=CARTESIAN_POINT('Ctrl Pts',(-2.66081078712117,7.2007901280256,-18.9948062425133));
#4030=CARTESIAN_POINT('Ctrl Pts',(-5.1937258210928,7.24326101184838,-18.4637288717695));
#4031=CARTESIAN_POINT('Ctrl Pts',(-7.52302588420003,7.28573189567116,-17.4601114950359));
#4032=CARTESIAN_POINT('Ctrl Pts',(-9.85232594730721,7.32820277949394,-16.4564941183023));
#4033=CARTESIAN_POINT('Ctrl Pts',(-11.97801103955,7.37067366331673,-14.9803367355789));
#4034=CARTESIAN_POINT('Ctrl Pts',(-13.7320980451302,7.41314454713951,-13.1483820314015));
#4035=CARTESIAN_POINT('Ctrl Pts',(-15.4861850507104,7.45561543096229,-11.3164273272241));
#4036=CARTESIAN_POINT('Ctrl Pts',(-16.868673969628,7.49808631478507,-9.12867530159275));
#4037=CARTESIAN_POINT('Ctrl Pts',(-17.770227017394,7.54055719860785,-6.75799809563345));
#4038=CARTESIAN_POINT('Ctrl Pts',(-18.588735245321,7.57911595889646,-4.60569124730673));
#4039=CARTESIAN_POINT('Ctrl Pts',(-19.0108279088661,7.61767471918508,-2.30260673204128));
#4040=CARTESIAN_POINT('Ctrl Pts',(-19.0116925057626,7.65623347947369,0.000121748302598439));
#4041=CARTESIAN_POINT('Origin',(0.,2.,0.));
#4042=CARTESIAN_POINT('',(-19.0067058198003,9.65623347946604,-0.000680873218767378));
#4043=CARTESIAN_POINT('',(-19.0079959250074,9.34376652064716,-0.000132449189319283));
#4044=CARTESIAN_POINT('',(-19.0112,2.,2.32820052279502E-15));
#4045=CARTESIAN_POINT('Ctrl Pts',(-19.0079959250074,9.34376652064716,-0.000132449189319283));
#4046=CARTESIAN_POINT('Ctrl Pts',(-19.0091877563278,9.3166847249967,-1.61812995230435));
#4047=CARTESIAN_POINT('Ctrl Pts',(-18.8069394995621,9.28960292934624,-3.23593492091844));
#4048=CARTESIAN_POINT('Ctrl Pts',(-18.3987964747804,9.26252113369578,-4.8002969805624));
#4049=CARTESIAN_POINT('Ctrl Pts',(-17.4386942415875,9.19881480796161,-8.48025085895941));
#4050=CARTESIAN_POINT('Ctrl Pts',(-15.3392463200997,9.13510848222743,-11.8644713950684));
#4051=CARTESIAN_POINT('Ctrl Pts',(-12.4682732993085,9.07140215649326,-14.3569834203351));
#4052=CARTESIAN_POINT('Ctrl Pts',(-9.59730027851731,9.00769583075908,-16.8494954456019));
#4053=CARTESIAN_POINT('Ctrl Pts',(-5.95480215842274,8.94398950502492,-18.4502989600265));
#4054=CARTESIAN_POINT('Ctrl Pts',(-2.17645736928731,8.88028317929074,-18.8886865570878));
#4055=CARTESIAN_POINT('Ctrl Pts',(0.342439156802972,8.83781229546796,-19.1809449551287));
#4056=CARTESIAN_POINT('Ctrl Pts',(2.92171198024474,8.79534141164518,-18.9565740565637));
#4057=CARTESIAN_POINT('Ctrl Pts',(5.35560745663083,8.75287052782239,-18.2412471213609));
#4058=CARTESIAN_POINT('Ctrl Pts',(7.78950293301692,8.71039964399961,-17.5259201861582));
#4059=CARTESIAN_POINT('Ctrl Pts',(10.0780210623473,8.66792876017683,-16.3196372143179));
#4060=CARTESIAN_POINT('Ctrl Pts',(12.0407068658294,8.62545787635405,-14.7137801292076));
#4061=CARTESIAN_POINT('Ctrl Pts',(14.0033926693114,8.58298699253126,-13.1079230440973));
#4062=CARTESIAN_POINT('Ctrl Pts',(15.6402461469452,8.54051610870848,-11.102491845717));
#4063=CARTESIAN_POINT('Ctrl Pts',(16.8220608817215,8.4980452248857,-8.85791634190969));
#4064=CARTESIAN_POINT('Ctrl Pts',(18.0038756164978,8.45557434106292,-6.61334083810233));
#4065=CARTESIAN_POINT('Ctrl Pts',(18.7306516084167,8.41310345724013,-4.12962102886783));
#4066=CARTESIAN_POINT('Ctrl Pts',(18.9443103680525,8.37063257341735,-1.60268370589469));
#4067=CARTESIAN_POINT('Ctrl Pts',(19.1579691276884,8.32816168959457,0.92425361707841));
#4068=CARTESIAN_POINT('Ctrl Pts',(18.8585106550412,8.28569080577179,3.49440845379017));
#4069=CARTESIAN_POINT('Ctrl Pts',(18.0709249204496,8.24321992194901,5.90570508467529));
#4070=CARTESIAN_POINT('Ctrl Pts',(17.283339185858,8.20074903812623,8.31700171556042));
#4071=CARTESIAN_POINT('Ctrl Pts',(16.007626189322,8.15827815430344,10.5694401406189));
#4072=CARTESIAN_POINT('Ctrl Pts',(14.3418770000942,8.11580727048066,12.481639946408));
#4073=CARTESIAN_POINT('Ctrl Pts',(12.1208780811238,8.05917942538361,15.03123968746));
#4074=CARTESIAN_POINT('Ctrl Pts',(9.20648148625693,8.00255158028657,16.9759707720331));
#4075=CARTESIAN_POINT('Ctrl Pts',(5.99856643320466,7.94592373518953,18.0428818480421));
#4076=CARTESIAN_POINT('Ctrl Pts',(2.79065138015235,7.88929589009249,19.1097929240511));
#4077=CARTESIAN_POINT('Ctrl Pts',(-0.710782131085336,7.83266804499544,19.2988839914959));
#4078=CARTESIAN_POINT('Ctrl Pts',(-4.01535274925989,7.7760401998984,18.5845282289154));
#4079=CARTESIAN_POINT('Ctrl Pts',(-7.3199233674344,7.71941235480136,17.870172466335));
#4080=CARTESIAN_POINT('Ctrl Pts',(-10.4276310925458,7.66278450970432,16.2523698737294));
#4081=CARTESIAN_POINT('Ctrl Pts',(-12.9108659668175,7.60615666460727,13.9574482014458));
#4082=CARTESIAN_POINT('Ctrl Pts',(-14.7732921225213,7.56368578078449,12.2362569472331));
#4083=CARTESIAN_POINT('Ctrl Pts',(-16.2844522996278,7.5212148969617,10.1341862107016));
#4084=CARTESIAN_POINT('Ctrl Pts',(-17.3277409385021,7.47874401313892,7.82200212317739));
#4085=CARTESIAN_POINT('Ctrl Pts',(-18.3710295773763,7.43627312931614,5.50981803565315));
#4086=CARTESIAN_POINT('Ctrl Pts',(-18.9464466780183,7.39380224549336,2.98752059713625));
#4087=CARTESIAN_POINT('Ctrl Pts',(-19.0068562378364,7.35133136167058,0.4521560029123));
#4088=CARTESIAN_POINT('Ctrl Pts',(-19.0104429202256,7.34880974801334,0.301624405464693));
#4089=CARTESIAN_POINT('Ctrl Pts',(-19.0122141367545,7.34628813435611,0.151046744662244));
#4090=CARTESIAN_POINT('Ctrl Pts',(-19.01217761668,7.34376652069888,0.000465444805255331));
#4091=CARTESIAN_POINT('Ctrl Pts',(-19.0116925057626,7.65623347947369,0.000121748302598439));
#4092=CARTESIAN_POINT('Ctrl Pts',(-19.011780226681,7.66014560300786,0.233753696356075));
#4093=CARTESIAN_POINT('Ctrl Pts',(-19.0075318774828,7.66405772654203,0.467381979429698));
#4094=CARTESIAN_POINT('Ctrl Pts',(-18.9989215438933,7.6679698500762,0.700848752892693));
#4095=CARTESIAN_POINT('Ctrl Pts',(-18.9054458460122,7.71044073389898,3.23541600917226));
#4096=CARTESIAN_POINT('Ctrl Pts',(-18.2978772736354,7.75291161772177,5.75094813544412));
#4097=CARTESIAN_POINT('Ctrl Pts',(-17.224059255484,7.79538250154455,8.04879477383377));
#4098=CARTESIAN_POINT('Ctrl Pts',(-16.1502412373327,7.83785338536733,10.3466414122234));
#4099=CARTESIAN_POINT('Ctrl Pts',(-14.6101737734067,7.88032426919011,12.4268025627308));
#4100=CARTESIAN_POINT('Ctrl Pts',(-12.7260050488484,7.92279515301289,14.1244437897847));
#4101=CARTESIAN_POINT('Ctrl Pts',(-11.4698925658095,7.95110907556142,15.2562046078206));
#4102=CARTESIAN_POINT('Ctrl Pts',(-10.0608461891563,7.97942299810994,16.2179565709883));
#4103=CARTESIAN_POINT('Ctrl Pts',(-8.55053363983926,8.00773692065846,16.9790434427771));
#4104=CARTESIAN_POINT('Ctrl Pts',(-7.04022109052231,8.03605084320699,17.7401303145658));
#4105=CARTESIAN_POINT('Ctrl Pts',(-5.42864236854163,8.0643647657555,18.3005520949758));
#4106=CARTESIAN_POINT('Ctrl Pts',(-3.77139295244036,8.09267868830403,18.6352415511687));
#4107=CARTESIAN_POINT('Ctrl Pts',(-0.456894120237809,8.14930653340107,19.3046204635547));
#4108=CARTESIAN_POINT('Ctrl Pts',(3.04028748844714,8.20593437849811,19.0710700790728));
#4109=CARTESIAN_POINT('Ctrl Pts',(6.23389330338953,8.26256222359515,17.9626659673981));
#4110=CARTESIAN_POINT('Ctrl Pts',(9.42749911833194,8.3191900686922,16.8542618557235));
#4111=CARTESIAN_POINT('Ctrl Pts',(12.3175291395318,8.37581791378924,14.871004016856));
#4112=CARTESIAN_POINT('Ctrl Pts',(14.5048480594348,8.43244575888628,12.2925736330975));
#4113=CARTESIAN_POINT('Ctrl Pts',(16.145337249362,8.47491664270906,10.3587508452786));
#4114=CARTESIAN_POINT('Ctrl Pts',(17.3905514448096,8.51738752653185,8.0901435009584));
#4115=CARTESIAN_POINT('Ctrl Pts',(18.1465494075583,8.55985841035463,5.66861192370981));
#4116=CARTESIAN_POINT('Ctrl Pts',(18.902547370307,8.60232929417741,3.24708034646122));
#4117=CARTESIAN_POINT('Ctrl Pts',(19.1693291003567,8.64480017800019,0.672624536284211));
#4118=CARTESIAN_POINT('Ctrl Pts',(18.9222923567212,8.68727106182298,-1.85102133279605));
#4119=CARTESIAN_POINT('Ctrl Pts',(18.6752556130858,8.72974194564576,-4.37466720187632));
#4120=CARTESIAN_POINT('Ctrl Pts',(17.9144003957652,8.77221282946854,-6.84750312985982));
#4121=CARTESIAN_POINT('Ctrl Pts',(16.703763252753,8.81468371329133,-9.07698306248479));
#4122=CARTESIAN_POINT('Ctrl Pts',(15.4931261097408,8.85715459711411,-11.3064629951098));
#4123=CARTESIAN_POINT('Ctrl Pts',(13.8327070410371,8.89962548093689,-13.2925869323762));
#4124=CARTESIAN_POINT('Ctrl Pts',(11.8482326941258,8.94209636475967,-14.8711363506576));
#4125=CARTESIAN_POINT('Ctrl Pts',(8.87152117375888,9.00580269049385,-17.2389604780798));
#4126=CARTESIAN_POINT('Ctrl Pts',(5.16568527742481,9.06950901622802,-18.689741937786));
#4127=CARTESIAN_POINT('Ctrl Pts',(1.37396721409915,9.13321534196219,-18.9653044083906));
#4128=CARTESIAN_POINT('Ctrl Pts',(-2.41775084922654,9.19692166769637,-19.2408668789953));
#4129=CARTESIAN_POINT('Ctrl Pts',(-6.29535107954385,9.26062799343054,-18.3412103604985));
#4130=CARTESIAN_POINT('Ctrl Pts',(-9.58104703150295,9.32433431916471,-16.4243499978951));
#4131=CARTESIAN_POINT('Ctrl Pts',(-12.866742983462,9.38804064489888,-14.5074896352918));
#4132=CARTESIAN_POINT('Ctrl Pts',(-15.5605346570628,9.45174697063306,-11.573425428582));
#4133=CARTESIAN_POINT('Ctrl Pts',(-17.1861596686758,9.51545329636723,-8.13772172969784));
#4134=CARTESIAN_POINT('Ctrl Pts',(-18.3836115917382,9.56238002406683,-5.6069474294062));
#4135=CARTESIAN_POINT('Ctrl Pts',(-19.0014821067936,9.60930675176644,-2.80398627519682));
#4136=CARTESIAN_POINT('Ctrl Pts',(-19.0067058198003,9.65623347946604,-0.000680873218767378));
#4137=CARTESIAN_POINT('Origin',(0.,2.,0.));
#4138=CARTESIAN_POINT('',(-19.0118879565448,11.6562334793965,-0.00125663959152231));
#4139=CARTESIAN_POINT('',(-19.013956904813,11.3437665205661,0.000618693828811));
#4140=CARTESIAN_POINT('',(-19.0112,2.,2.32820052279502E-15));
#4141=CARTESIAN_POINT('',(-8.96094743862628,12.,16.7668466457524));
#4142=CARTESIAN_POINT('Ctrl Pts',(-19.0118879565448,11.6562334793965,-0.00125663959152231));
#4143=CARTESIAN_POINT('Ctrl Pts',(-19.0062659032683,11.7071159938635,3.03782136756535));
#4144=CARTESIAN_POINT('Ctrl Pts',(-18.2710338170334,11.7579985083305,6.07971711295414));
#4145=CARTESIAN_POINT('Ctrl Pts',(-16.8697264937767,11.8088810227975,8.773543143532));
#4146=CARTESIAN_POINT('Ctrl Pts',(-15.1152506836837,11.8725873485317,12.1462883856418));
#4147=CARTESIAN_POINT('Ctrl Pts',(-12.3166528072383,11.9362936742658,14.9734086747987));
#4148=CARTESIAN_POINT('Ctrl Pts',(-8.9609474386263,12.,16.7668466457523));
#4149=CARTESIAN_POINT('',(8.96094743862619,12.,16.7668466457524));
#4150=CARTESIAN_POINT('Origin',(0.,12.,0.));
#4151=CARTESIAN_POINT('Ctrl Pts',(8.9592038032825,12.0000000000013,16.765782071195));
#4152=CARTESIAN_POINT('Ctrl Pts',(7.87450743385564,11.9793956048449,17.3476383615294));
#4153=CARTESIAN_POINT('Ctrl Pts',(6.73431893409167,11.9587912096886,17.8249573360596));
#4154=CARTESIAN_POINT('Ctrl Pts',(5.55810192386816,11.9381868145323,18.1844620843127));
#4155=CARTESIAN_POINT('Ctrl Pts',(1.92137959259299,11.8744804887982,19.2960077725722));
#4156=CARTESIAN_POINT('Ctrl Pts',(-2.05976537162769,11.810774163064,19.2812819193443));
#4157=CARTESIAN_POINT('Ctrl Pts',(-5.68819913380338,11.7470678373298,18.1438452731746));
#4158=CARTESIAN_POINT('Ctrl Pts',(-9.31663289597903,11.6833615115956,17.0064086270049));
#4159=CARTESIAN_POINT('Ctrl Pts',(-12.5923554561097,11.6196551858615,14.7462611878935));
#4160=CARTESIAN_POINT('Ctrl Pts',(-14.9439640207351,11.5559488601273,11.7573045590173));
#4161=CARTESIAN_POINT('Ctrl Pts',(-17.2955725853605,11.4922425343931,8.76834793014118));
#4162=CARTESIAN_POINT('Ctrl Pts',(-18.7230671544807,11.4285362086589,5.05058211150032));
#4163=CARTESIAN_POINT('Ctrl Pts',(-18.9737347352478,11.3648298829248,1.25682730818349));
#4164=CARTESIAN_POINT('Ctrl Pts',(-19.0013609927876,11.357808762139,0.838714814662619));
#4165=CARTESIAN_POINT('Ctrl Pts',(-19.0146930326109,11.3507876413532,0.419679328125973));
#4166=CARTESIAN_POINT('Ctrl Pts',(-19.0139569048108,11.3437665205674,0.000618693828810595));
#4167=CARTESIAN_POINT('Origin',(0.,-2.41664482176069,0.));
#4168=CARTESIAN_POINT('',(-20.2234684438625,10.3588990466235,-0.000724381658710216));
#4169=CARTESIAN_POINT('',(-20.2311830719045,10.641100953455,0.000658451694344273));
#4170=CARTESIAN_POINT('',(-20.22825,-2.41664482176069,8.17741651191372E-14));
#4171=CARTESIAN_POINT('',(8.67602399638555,12.,-18.2731690102353));
#4172=CARTESIAN_POINT('Ctrl Pts',(8.67602399635375,12.,-18.2731690102508));
#4173=CARTESIAN_POINT('Ctrl Pts',(12.3332037060989,11.9362936742659,-16.5367554246857));
#4174=CARTESIAN_POINT('Ctrl Pts',(15.4505508020294,11.8725873485317,-13.6735639558457));
#4175=CARTESIAN_POINT('Ctrl Pts',(17.4857760248782,11.8088810227975,-10.1776724457661));
#4176=CARTESIAN_POINT('Ctrl Pts',(19.5210012477269,11.7451746970633,-6.6817809356865));
#4177=CARTESIAN_POINT('Ctrl Pts',(20.4741045974939,11.6814683713292,-2.55318938436729));
#4178=CARTESIAN_POINT('Ctrl Pts',(20.1777387935578,11.617762045595,1.48246915768191));
#4179=CARTESIAN_POINT('Ctrl Pts',(19.8813729896217,11.5540557198608,5.51812769973111));
#4180=CARTESIAN_POINT('Ctrl Pts',(18.3355380319824,11.4903493941267,9.4608532325103));
#4181=CARTESIAN_POINT('Ctrl Pts',(15.8110988989361,11.4266430683925,12.6227700241374));
#4182=CARTESIAN_POINT('Ctrl Pts',(13.2866597658899,11.3629367426583,15.7846868157645));
#4183=CARTESIAN_POINT('Ctrl Pts',(9.78361645743671,11.2992304169241,18.1657948662395));
#4184=CARTESIAN_POINT('Ctrl Pts',(5.91409072454628,11.23552409119,19.3485335311317));
#4185=CARTESIAN_POINT('Ctrl Pts',(2.04456499165589,11.1718177654558,20.5312721960239));
#4186=CARTESIAN_POINT('Ctrl Pts',(-2.19144316567178,11.1081114397216,20.5156414753333));
#4187=CARTESIAN_POINT('Ctrl Pts',(-6.05217109486378,11.0444051139874,19.3054234408831));
#4188=CARTESIAN_POINT('Ctrl Pts',(-9.91289902405582,10.9806987882533,18.0952054064329));
#4189=CARTESIAN_POINT('Ctrl Pts',(-13.3983467251122,10.9169924625191,15.690400058223));
#4190=CARTESIAN_POINT('Ctrl Pts',(-15.9005278666429,10.8532861367849,12.5101201739149));
#4191=CARTESIAN_POINT('Ctrl Pts',(-18.4027090081736,10.7895798110507,9.32984028960693));
#4192=CARTESIAN_POINT('Ctrl Pts',(-19.9216235901786,10.7258734853166,5.37408586920078));
#4193=CARTESIAN_POINT('Ctrl Pts',(-20.1883743533154,10.6621671595824,1.33746665022397));
#4194=CARTESIAN_POINT('Ctrl Pts',(-20.2177771192946,10.6551450908733,0.892527828503812));
#4195=CARTESIAN_POINT('Ctrl Pts',(-20.2319664887729,10.6481230221641,0.446606524918966));
#4196=CARTESIAN_POINT('Ctrl Pts',(-20.2311830719045,10.641100953455,0.000658451694344273));
#4197=CARTESIAN_POINT('',(-8.67422539765697,11.9999999999975,-18.2719475589102));
#4198=CARTESIAN_POINT('Origin',(0.,12.,0.));
#4199=CARTESIAN_POINT('Ctrl Pts',(-8.67422539765697,11.9999999999975,-18.2719475589102));
#4200=CARTESIAN_POINT('Ctrl Pts',(-7.49197224703157,11.9793956048412,-18.8355055571553));
#4201=CARTESIAN_POINT('Ctrl Pts',(-6.25602699107498,11.9587912096849,-19.2851540586933));
#4202=CARTESIAN_POINT('Ctrl Pts',(-4.98774707165168,11.9381868145286,-19.607766736495));
#4203=CARTESIAN_POINT('Ctrl Pts',(-1.06637723497682,11.8744804887944,-20.6052465548585));
#4204=CARTESIAN_POINT('Ctrl Pts',(3.16410307516917,11.8107741630602,-20.3882989008791));
#4205=CARTESIAN_POINT('Ctrl Pts',(6.96294292127785,11.7470678373261,-18.995940500291));
#4206=CARTESIAN_POINT('Ctrl Pts',(10.7617827673865,11.6833615115919,-17.6035820997029));
#4207=CARTESIAN_POINT('Ctrl Pts',(14.1289821494578,11.6196551858577,-15.0358129525061));
#4208=CARTESIAN_POINT('Ctrl Pts',(16.4771755945369,11.5559488601236,-11.7402018492716));
#4209=CARTESIAN_POINT('Ctrl Pts',(18.8253690396161,11.4922425343894,-8.44459074603698));
#4210=CARTESIAN_POINT('Ctrl Pts',(20.154556547703,11.4285362086552,-4.42113768676456));
#4211=CARTESIAN_POINT('Ctrl Pts',(20.2291327522382,11.364829882921,-0.3763879789174));
#4212=CARTESIAN_POINT('Ctrl Pts',(20.3037089567734,11.3011235571869,3.66836172892972));
#4213=CARTESIAN_POINT('Ctrl Pts',(19.1236738577571,11.2374172314527,7.73440808535159));
#4214=CARTESIAN_POINT('Ctrl Pts',(16.9024772640795,11.1737109057185,11.1173214319295));
#4215=CARTESIAN_POINT('Ctrl Pts',(15.4216795349611,11.1312400218957,13.3725969963148));
#4216=CARTESIAN_POINT('Ctrl Pts',(13.478143363771,11.0887691380729,15.3242578896584));
#4217=CARTESIAN_POINT('Ctrl Pts',(11.2325699674951,11.0462982542502,16.8225954991111));
#4218=CARTESIAN_POINT('Ctrl Pts',(8.98699657121924,11.0038273704274,18.3209331085638));
#4219=CARTESIAN_POINT('Ctrl Pts',(6.43938594985752,10.9613564866046,19.3659474341256));
#4220=CARTESIAN_POINT('Ctrl Pts',(3.78943075989835,10.9188856027818,19.871537669576));
#4221=CARTESIAN_POINT('Ctrl Pts',(1.13947556993917,10.876414718959,20.3771279050264));
#4222=CARTESIAN_POINT('Ctrl Pts',(-1.61282418861749,10.8339438351362,20.3432940503652));
#4223=CARTESIAN_POINT('Ctrl Pts',(-4.25237190520518,10.7914729513135,19.7762194208387));
#4224=CARTESIAN_POINT('Ctrl Pts',(-6.89191962179288,10.7490020674907,19.2091447913122));
#4225=CARTESIAN_POINT('Ctrl Pts',(-9.41871529641162,10.7065311836679,18.1088293869203));
#4226=CARTESIAN_POINT('Ctrl Pts',(-11.6257254133964,10.6640602998451,16.5574400094288));
#4227=CARTESIAN_POINT('Ctrl Pts',(-14.5684055693762,10.6074324547481,14.4889208394401));
#4228=CARTESIAN_POINT('Ctrl Pts',(-16.9425780673401,10.550804609651,11.618492383941));
#4229=CARTESIAN_POINT('Ctrl Pts',(-18.4306493596215,10.494176764554,8.34164847276852));
#4230=CARTESIAN_POINT('Ctrl Pts',(-19.1746850057622,10.4658628420055,6.70322651718231));
#4231=CARTESIAN_POINT('Ctrl Pts',(-19.6971953504824,10.4375489194569,4.96320069767773));
#4232=CARTESIAN_POINT('Ctrl Pts',(-19.9778142546899,10.4092349969084,3.18565846520152));
#4233=CARTESIAN_POINT('Ctrl Pts',(-20.144107229309,10.3924563468135,2.13229826416839));
#4234=CARTESIAN_POINT('Ctrl Pts',(-20.2254558620459,10.3756776967185,1.06576352912567));
#4235=CARTESIAN_POINT('Ctrl Pts',(-20.2234684438625,10.3588990466235,-0.000724381658710216));
#4236=CARTESIAN_POINT('Origin',(0.,-2.41664482176069,0.));
#4237=CARTESIAN_POINT('',(-20.228774103764,8.3588990466451,0.000129520735269232));
#4238=CARTESIAN_POINT('',(-20.2248409424903,8.64110095342451,-0.000141020275128177));
#4239=CARTESIAN_POINT('',(-20.22825,-2.41664482176069,8.17741651191372E-14));
#4240=CARTESIAN_POINT('Ctrl Pts',(-20.2311830719046,10.6411009534549,0.000658451694344285));
#4241=CARTESIAN_POINT('Ctrl Pts',(-20.2248590946034,10.5844166964299,-3.59916892817546));
#4242=CARTESIAN_POINT('Ctrl Pts',(-19.2428775991109,10.5277324394049,-7.20074067276953));
#4243=CARTESIAN_POINT('Ctrl Pts',(-17.4118013939905,10.4710481823798,-10.3013447345691));
#4244=CARTESIAN_POINT('Ctrl Pts',(-16.0398609495037,10.4285772985571,-12.6244835000817));
#4245=CARTESIAN_POINT('Ctrl Pts',(-14.1912549001286,10.3861064147343,-14.666388545915));
#4246=CARTESIAN_POINT('Ctrl Pts',(-12.0194511904025,10.3436355309115,-16.2697256247832));
#4247=CARTESIAN_POINT('Ctrl Pts',(-9.84764748067633,10.3011646470887,-17.8730627036514));
#4248=CARTESIAN_POINT('Ctrl Pts',(-7.35264611059916,10.2586937632659,-19.0378318155546));
#4249=CARTESIAN_POINT('Ctrl Pts',(-4.72979466091399,10.2162228794431,-19.6687567795763));
#4250=CARTESIAN_POINT('Ctrl Pts',(-2.10694321122887,10.1737519956204,-20.2996817435979));
#4251=CARTESIAN_POINT('Ctrl Pts',(0.6437583180642,10.1312811117976,-20.3967625597379));
#4252=CARTESIAN_POINT('Ctrl Pts',(3.30727774360533,10.0888102279748,-19.9558545772762));
#4253=CARTESIAN_POINT('Ctrl Pts',(5.97079716914649,10.046339344152,-19.5149465948145));
#4254=CARTESIAN_POINT('Ctrl Pts',(8.54713449093572,10.0038684603292,-18.5360498137511));
#4255=CARTESIAN_POINT('Ctrl Pts',(10.8254743761274,9.96139757650644,-17.0913499198888));
#4256=CARTESIAN_POINT('Ctrl Pts',(13.8632608897163,9.9047697314094,-15.165083394739));
#4257=CARTESIAN_POINT('Ctrl Pts',(16.3712741826873,9.84814188631236,-12.4107224468354));
#4258=CARTESIAN_POINT('Ctrl Pts',(18.0133435271422,9.79151404121531,-9.2082326650101));
#4259=CARTESIAN_POINT('Ctrl Pts',(18.8343781993696,9.7632001186668,-7.60698777409748));
#4260=CARTESIAN_POINT('Ctrl Pts',(19.4389268844681,9.73488619611828,-5.89371067470443));
#4261=CARTESIAN_POINT('Ctrl Pts',(19.8037209100553,9.70657227356976,-4.13153445758532));
#4262=CARTESIAN_POINT('Ctrl Pts',(20.6245074676266,9.64286594783558,-0.166637969067271));
#4263=CARTESIAN_POINT('Ctrl Pts',(20.2315360614223,9.5791596221014,4.04581030293892));
#4264=CARTESIAN_POINT('Ctrl Pts',(18.6773855762361,9.51545329636723,7.77968647027208));
#4265=CARTESIAN_POINT('Ctrl Pts',(17.12323509105,9.45174697063305,11.5135626376053));
#4266=CARTESIAN_POINT('Ctrl Pts',(14.4079055268819,9.38804064489888,14.7688667002654));
#4267=CARTESIAN_POINT('Ctrl Pts',(11.0130465121344,9.32433431916471,16.9719437642812));
#4268=CARTESIAN_POINT('Ctrl Pts',(7.61818749738694,9.26062799343054,19.175020828297));
#4269=CARTESIAN_POINT('Ctrl Pts',(3.54379903206006,9.19692166769636,20.3258708936684));
#4270=CARTESIAN_POINT('Ctrl Pts',(-0.500755114964499,9.13321534196219,20.2254745788964));
#4271=CARTESIAN_POINT('Ctrl Pts',(-4.54530926198898,9.06950901622802,20.1250782641243));
#4272=CARTESIAN_POINT('Ctrl Pts',(-8.56002909071115,9.00580269049385,18.7734355692089));
#4273=CARTESIAN_POINT('Ctrl Pts',(-11.8410485562243,8.94209636475967,16.4054016908582));
#4274=CARTESIAN_POINT('Ctrl Pts',(-15.1220680217375,8.8783900390255,14.0373678125075));
#4275=CARTESIAN_POINT('Ctrl Pts',(-17.6693871240418,8.81468371329132,10.6529427507216));
#4276=CARTESIAN_POINT('Ctrl Pts',(-19.0384246607377,8.75097738755715,6.84563063050107));
#4277=CARTESIAN_POINT('Ctrl Pts',(-19.8254996280053,8.71435190951293,4.65676437805899));
#4278=CARTESIAN_POINT('Ctrl Pts',(-20.2231256147892,8.67772643146872,2.32812429008043));
#4279=CARTESIAN_POINT('Ctrl Pts',(-20.2248409424903,8.64110095342451,-0.000141020275128177));
#4280=CARTESIAN_POINT('Ctrl Pts',(-20.2234684438668,10.358899046626,-0.000724381658710948));
#4281=CARTESIAN_POINT('Ctrl Pts',(-20.2179098968239,10.3119713709868,-2.98355067979116));
#4282=CARTESIAN_POINT('Ctrl Pts',(-19.5604573711262,10.2650436953476,-5.96601069644359));
#4283=CARTESIAN_POINT('Ctrl Pts',(-18.2862977420045,10.2181160197084,-8.6588419195918));
#4284=CARTESIAN_POINT('Ctrl Pts',(-16.5565715779764,10.1544096939742,-12.3144754175722));
#4285=CARTESIAN_POINT('Ctrl Pts',(-13.6903021330485,10.09070336824,-15.4363455497915));
#4286=CARTESIAN_POINT('Ctrl Pts',(-10.1942458316163,10.0269970425059,-17.4758873371782));
#4287=CARTESIAN_POINT('Ctrl Pts',(-6.69818953018422,9.96329071677169,-19.515429124565));
#4288=CARTESIAN_POINT('Ctrl Pts',(-2.57234637224786,9.89958439103751,-20.4726425671192));
#4289=CARTESIAN_POINT('Ctrl Pts',(1.46210548302723,9.83587806530334,-20.1794032242374));
#4290=CARTESIAN_POINT('Ctrl Pts',(5.49655733830238,9.77217173956916,-19.8861638813555));
#4291=CARTESIAN_POINT('Ctrl Pts',(9.43961789091625,9.708465413835,-18.3424717530375));
#4292=CARTESIAN_POINT('Ctrl Pts',(12.6068686110096,9.64475908810082,-15.8230370848932));
#4293=CARTESIAN_POINT('Ctrl Pts',(14.7183690910718,9.60228820427804,-14.143413972797));
#4294=CARTESIAN_POINT('Ctrl Pts',(16.4850652011249,9.55981732045525,-12.0301275096669));
#4295=CARTESIAN_POINT('Ctrl Pts',(17.7731831457826,9.51734643663247,-9.65791027798445));
#4296=CARTESIAN_POINT('Ctrl Pts',(19.0613010904403,9.47487555280969,-7.28569304630204));
#4297=CARTESIAN_POINT('Ctrl Pts',(19.8708408697026,9.43240466898691,-4.65454504606732));
#4298=CARTESIAN_POINT('Ctrl Pts',(20.1336683045354,9.38993378516413,-1.96933926240621));
#4299=CARTESIAN_POINT('Ctrl Pts',(20.3964957393683,9.34746290134134,0.715866521254903));
#4300=CARTESIAN_POINT('Ctrl Pts',(20.1126108297716,9.30499201751856,3.45513008834243));
#4301=CARTESIAN_POINT('Ctrl Pts',(19.3081927280663,9.26252113369578,6.03167494082487));
#4302=CARTESIAN_POINT('Ctrl Pts',(18.5037746263611,9.22005024987299,8.60821979330733));
#4303=CARTESIAN_POINT('Ctrl Pts',(17.1788233325473,9.17757936605022,11.0220459311847));
#4304=CARTESIAN_POINT('Ctrl Pts',(15.4332956993343,9.13510848222744,13.0796516758229));
#4305=CARTESIAN_POINT('Ctrl Pts',(13.105925521717,9.07848063713039,15.8231260020071));
#4306=CARTESIAN_POINT('Ctrl Pts',(10.0308640740568,9.02185279203334,17.9333196290994));
#4307=CARTESIAN_POINT('Ctrl Pts',(6.63280097770626,8.9652249469363,19.112650671535));
#4308=CARTESIAN_POINT('Ctrl Pts',(3.23473788135575,8.90859710183926,20.2919817139706));
#4309=CARTESIAN_POINT('Ctrl Pts',(-0.486326863684974,8.85196925674223,20.5404501717496));
#4310=CARTESIAN_POINT('Ctrl Pts',(-4.01300534941165,8.79534141164518,19.8281877691037));
#4311=CARTESIAN_POINT('Ctrl Pts',(-5.77634459227496,8.76702748909665,19.4720565677808));
#4312=CARTESIAN_POINT('Ctrl Pts',(-7.49108727030975,8.73871356654812,18.8757426513516));
#4313=CARTESIAN_POINT('Ctrl Pts',(-9.09807905824582,8.71039964399961,18.0659185233933));
#4314=CARTESIAN_POINT('Ctrl Pts',(-10.7050708461819,8.68208572145108,17.2560943954349));
#4315=CARTESIAN_POINT('Ctrl Pts',(-12.2043117440193,8.65377179890257,16.2327600559473));
#4316=CARTESIAN_POINT('Ctrl Pts',(-13.5408266825356,8.62545787635405,15.0285347690329));
#4317=CARTESIAN_POINT('Ctrl Pts',(-15.5455990903101,8.58298699253127,13.2221968386612));
#4318=CARTESIAN_POINT('Ctrl Pts',(-17.1842380896122,8.54051610870848,11.008854276579));
#4319=CARTESIAN_POINT('Ctrl Pts',(-18.32677743756,8.49804522488569,8.56389497235489));
#4320=CARTESIAN_POINT('Ctrl Pts',(-19.4693167855077,8.45557434106291,6.11893566813078));
#4321=CARTESIAN_POINT('Ctrl Pts',(-20.1157564821011,8.41310345724013,3.44235962176473));
#4322=CARTESIAN_POINT('Ctrl Pts',(-20.2151921690486,8.37063257341735,0.745534750479721));
#4323=CARTESIAN_POINT('Ctrl Pts',(-20.2243492761449,8.3667213978266,0.497182122521425));
#4324=CARTESIAN_POINT('Ctrl Pts',(-20.2288674028157,8.36281022223585,0.248657770223301));
#4325=CARTESIAN_POINT('Ctrl Pts',(-20.228774103764,8.3588990466451,0.000129520735269232));
#4326=CARTESIAN_POINT('Origin',(0.,-2.41664482176069,0.));
#4327=CARTESIAN_POINT('',(-20.2288979255067,6.35889904660247,0.00234122790760961));
#4328=CARTESIAN_POINT('',(-20.2292901530229,6.64110095337043,0.000495268960009688));
#4329=CARTESIAN_POINT('',(-20.22825,-2.41664482176069,8.17741651191372E-14));
#4330=CARTESIAN_POINT('Ctrl Pts',(-20.2248409424903,8.64110095342451,-0.000141020275128177));
#4331=CARTESIAN_POINT('Ctrl Pts',(-20.2261092543512,8.61402010573455,-1.72165843433957));
#4332=CARTESIAN_POINT('Ctrl Pts',(-20.0109288074008,8.58693925804459,-3.44297095331098));
#4333=CARTESIAN_POINT('Ctrl Pts',(-19.5766875472805,8.55985841035463,-5.1074252184296));
#4334=CARTESIAN_POINT('Ctrl Pts',(-18.5551569260399,8.49615208462046,-9.02296976848436));
#4335=CARTESIAN_POINT('Ctrl Pts',(-16.3213397124715,8.43244575888628,-12.6238596899388));
#4336=CARTESIAN_POINT('Ctrl Pts',(-13.2665977944473,8.36873943315211,-15.2759634615654));
#4337=CARTESIAN_POINT('Ctrl Pts',(-10.211855876423,8.30503310741794,-17.9280672331922));
#4338=CARTESIAN_POINT('Ctrl Pts',(-6.3361892539428,8.24132678168377,-19.6313848549911));
#4339=CARTESIAN_POINT('Ctrl Pts',(-2.31596834462727,8.17762045594959,-20.0978728590443));
#4340=CARTESIAN_POINT('Ctrl Pts',(0.364178928249685,8.13514957212681,-20.4088648617464));
#4341=CARTESIAN_POINT('Ctrl Pts',(3.10857255083122,8.09267868830402,-20.1701548121172));
#4342=CARTESIAN_POINT('Ctrl Pts',(5.69828679528039,8.05020780448124,-19.4090575528058));
#4343=CARTESIAN_POINT('Ctrl Pts',(8.28800103972963,8.00773692065846,-18.6479602934944));
#4344=CARTESIAN_POINT('Ctrl Pts',(10.7230359060465,7.96526603683568,-17.3644758245008));
#4345=CARTESIAN_POINT('Ctrl Pts',(12.8113832653698,7.9227951530129,-15.6558343984643));
#4346=CARTESIAN_POINT('Ctrl Pts',(14.8997306246929,7.88032426919012,-13.9471929724277));
#4347=CARTESIAN_POINT('Ctrl Pts',(16.6413904770225,7.83785338536733,-11.8133945893483));
#4348=CARTESIAN_POINT('Ctrl Pts',(17.8988834050638,7.79538250154455,-9.42513814828707));
#4349=CARTESIAN_POINT('Ctrl Pts',(19.1563763331052,7.75291161772176,-7.03688170722584));
#4350=CARTESIAN_POINT('Ctrl Pts',(19.9297023368583,7.71044073389898,-4.39416720818286));
#4351=CARTESIAN_POINT('Ctrl Pts',(20.1570630231602,7.6679698500762,-1.70546363931826));
#4352=CARTESIAN_POINT('Ctrl Pts',(20.3844237094621,7.62549896625342,0.983239929546336));
#4353=CARTESIAN_POINT('Ctrl Pts',(20.0658190783128,7.58302808243064,3.71793256823251));
#4354=CARTESIAN_POINT('Ctrl Pts',(19.2278369751828,7.54055719860786,6.28360193189148));
#4355=CARTESIAN_POINT('Ctrl Pts',(18.3898548720527,7.49808631478508,8.84927129555043));
#4356=CARTESIAN_POINT('Ctrl Pts',(17.0324952969419,7.45561543096229,11.2459173841822));
#4357=CARTESIAN_POINT('Ctrl Pts',(15.2601271425014,7.4131445471395,13.2805473264602));
#4358=CARTESIAN_POINT('Ctrl Pts',(12.8969696032475,7.35651670204246,15.9933872494976));
#4359=CARTESIAN_POINT('Ctrl Pts',(9.79601903407409,7.29988885694543,18.0626429123507));
#4360=CARTESIAN_POINT('Ctrl Pts',(6.38275133638844,7.24326101184838,19.1978854912282));
#4361=CARTESIAN_POINT('Ctrl Pts',(2.96948363870276,7.18663316675134,20.3331280701058));
#4362=CARTESIAN_POINT('Ctrl Pts',(-0.756101187495192,7.13000532165429,20.5343575650079));
#4363=CARTESIAN_POINT('Ctrl Pts',(-4.27222903343545,7.07337747655724,19.7743019271289));
#4364=CARTESIAN_POINT('Ctrl Pts',(-7.78835687937564,7.0167496314602,19.01424628925));
#4365=CARTESIAN_POINT('Ctrl Pts',(-11.0950277450581,6.96012178636316,17.2929055185901));
#4366=CARTESIAN_POINT('Ctrl Pts',(-13.7372549894179,6.90349394126612,14.8510922433339));
#4367=CARTESIAN_POINT('Ctrl Pts',(-15.7189254226878,6.86102305744334,13.0197322868917));
#4368=CARTESIAN_POINT('Ctrl Pts',(-17.3268463189637,6.81855217362056,10.783106546614));
#4369=CARTESIAN_POINT('Ctrl Pts',(-18.4369456957873,6.77608128979777,8.32291207069279));
#4370=CARTESIAN_POINT('Ctrl Pts',(-19.5470450726108,6.73361040597499,5.86271759477163));
#4371=CARTESIAN_POINT('Ctrl Pts',(-20.159322929982,6.69113952215221,3.17895438320695));
#4372=CARTESIAN_POINT('Ctrl Pts',(-20.2236238618712,6.64866863832942,0.48128259322615));
#4373=CARTESIAN_POINT('Ctrl Pts',(-20.2274430210324,6.64614607667643,0.321054154416705));
#4374=CARTESIAN_POINT('Ctrl Pts',(-20.2293290404362,6.64362351502343,0.160776649260404));
#4375=CARTESIAN_POINT('Ctrl Pts',(-20.2292901530229,6.64110095337043,0.000495268960009688));
#4376=CARTESIAN_POINT('Ctrl Pts',(-20.2287741037641,8.3588990466451,0.000129520735269231));
#4377=CARTESIAN_POINT('Ctrl Pts',(-20.2278542820564,8.32033933841307,-2.45007414957261));
#4378=CARTESIAN_POINT('Ctrl Pts',(-19.7787177248706,8.28177963018103,-4.90065661503965));
#4379=CARTESIAN_POINT('Ctrl Pts',(-18.907768753495,8.243219921949,-7.19079734347848));
#4380=CARTESIAN_POINT('Ctrl Pts',(-17.9484779736924,8.20074903812622,-9.7132308699477));
#4381=CARTESIAN_POINT('Ctrl Pts',(-16.4774647367858,8.15827815430344,-12.0410242266822));
#4382=CARTESIAN_POINT('Ctrl Pts',(-14.6110680051196,8.11580727048066,-13.9902394650637));
#4383=CARTESIAN_POINT('Ctrl Pts',(-12.7446712734534,8.07333638665788,-15.9394547034452));
#4384=CARTESIAN_POINT('Ctrl Pts',(-10.4828910470277,8.03086550283509,-17.5100918234739));
#4385=CARTESIAN_POINT('Ctrl Pts',(-8.00446541497226,7.98839461901231,-18.5779361595838));
#4386=CARTESIAN_POINT('Ctrl Pts',(-5.52603978291684,7.94592373518952,-19.6457804956938));
#4387=CARTESIAN_POINT('Ctrl Pts',(-2.83096874523164,7.90345285136675,-20.2108320478851));
#4388=CARTESIAN_POINT('Ctrl Pts',(-0.1323571811417,7.86098196754397,-20.2285050555097));
#4389=CARTESIAN_POINT('Ctrl Pts',(2.56625438294831,7.81851108372118,-20.2461780631343));
#4390=CARTESIAN_POINT('Ctrl Pts',(5.26840647344304,7.7760401998984,-19.7164725261922));
#4391=CARTESIAN_POINT('Ctrl Pts',(7.76061673884043,7.73356931607562,-18.6811210890563));
#4392=CARTESIAN_POINT('Ctrl Pts',(10.2528270042378,7.69109843225283,-17.6457696519205));
#4393=CARTESIAN_POINT('Ctrl Pts',(12.5350954445377,7.64862754843005,-16.1047723145908));
#4394=CARTESIAN_POINT('Ctrl Pts',(14.4267686753864,7.60615666460727,-14.1801933261823));
#4395=CARTESIAN_POINT('Ctrl Pts',(16.3184419062351,7.56368578078449,-12.2556143377738));
#4396=CARTESIAN_POINT('Ctrl Pts',(17.8195199276325,7.5212148969617,-9.94745369828643));
#4397=CARTESIAN_POINT('Ctrl Pts',(18.8118907087174,7.47874401313892,-7.43767748844771));
#4398=CARTESIAN_POINT('Ctrl Pts',(19.8042614898023,7.43627312931614,-4.92790127860898));
#4399=CARTESIAN_POINT('Ctrl Pts',(20.2879250305747,7.39380224549336,-2.21650949841889));
#4400=CARTESIAN_POINT('Ctrl Pts',(20.2235741487564,7.35133136167058,0.481113329588413));
#4401=CARTESIAN_POINT('Ctrl Pts',(20.1592232669381,7.30886047784779,3.17873615759572));
#4402=CARTESIAN_POINT('Ctrl Pts',(19.5468579625291,7.26638959402501,5.86259003342027));
#4403=CARTESIAN_POINT('Ctrl Pts',(18.4367932871277,7.22391871020223,8.3228077599479));
#4404=CARTESIAN_POINT('Ctrl Pts',(17.3267286117263,7.18144782637944,10.7830254864755));
#4405=CARTESIAN_POINT('Ctrl Pts',(15.7189645653327,7.13897694255666,13.0196070637062));
#4406=CARTESIAN_POINT('Ctrl Pts',(13.7373286377814,7.09650605873388,14.8510155439252));
#4407=CARTESIAN_POINT('Ctrl Pts',(11.0951474010464,7.03987821363684,17.2928935175505));
#4408=CARTESIAN_POINT('Ctrl Pts',(7.78830504225345,6.9832503685398,19.0144637631548));
#4409=CARTESIAN_POINT('Ctrl Pts',(4.27218409176264,6.92662252344275,19.7743885979145));
#4410=CARTESIAN_POINT('Ctrl Pts',(0.756063141271849,6.86999467834571,20.5343134326742));
#4411=CARTESIAN_POINT('Ctrl Pts',(-2.96933640091682,6.81336683324866,20.3325928565892));
#4412=CARTESIAN_POINT('Ctrl Pts',(-6.38267391687607,6.75673898815162,19.1976686927463));
#4413=CARTESIAN_POINT('Ctrl Pts',(-9.79601143283535,6.70011114305457,18.0627445289034));
#4414=CARTESIAN_POINT('Ctrl Pts',(-12.8972869225652,6.64348329795753,15.9946167773026));
#4415=CARTESIAN_POINT('Ctrl Pts',(-15.2602334090699,6.58685545286049,13.2809508826003));
#4416=CARTESIAN_POINT('Ctrl Pts',(-17.0324432739483,6.54438456903771,11.2457014615736));
#4417=CARTESIAN_POINT('Ctrl Pts',(-18.3893430745125,6.50191368521493,8.84733683505231));
#4418=CARTESIAN_POINT('Ctrl Pts',(-19.2276336432738,6.45944280139215,6.28252561997185));
#4419=CARTESIAN_POINT('Ctrl Pts',(-19.8891447288426,6.42592821646225,4.25858414383883));
#4420=CARTESIAN_POINT('Ctrl Pts',(-20.227713215418,6.39241363153236,2.13099489090861));
#4421=CARTESIAN_POINT('Ctrl Pts',(-20.2288979255067,6.35889904660247,0.00234122790760961));
#4422=CARTESIAN_POINT('Origin',(0.,-2.41664482176069,0.));
#4423=CARTESIAN_POINT('',(-20.2238383307086,4.35889904656555,-0.000235783986998683));
#4424=CARTESIAN_POINT('',(-20.2286899699084,4.64110095335613,-0.000717910275210418));
#4425=CARTESIAN_POINT('',(-20.22825,-2.41664482176069,8.17741651191372E-14));
#4426=CARTESIAN_POINT('Ctrl Pts',(-20.2292901530229,6.64110095337043,0.000495268960009688));
#4427=CARTESIAN_POINT('Ctrl Pts',(-20.2286743159784,6.60115263120064,-2.53778648540129));
#4428=CARTESIAN_POINT('Ctrl Pts',(-19.7453074379543,6.56120430903086,-5.07704009451427));
#4429=CARTESIAN_POINT('Ctrl Pts',(-18.8118878230107,6.52125598686108,-7.43778220994349));
#4430=CARTESIAN_POINT('Ctrl Pts',(-17.819526845854,6.47878510303829,-9.94759485473535));
#4431=CARTESIAN_POINT('Ctrl Pts',(-16.3184808851336,6.43631421921551,-12.2556397759222));
#4432=CARTESIAN_POINT('Ctrl Pts',(-14.4268055818436,6.39384333539273,-14.1801827466589));
#4433=CARTESIAN_POINT('Ctrl Pts',(-12.5351302785536,6.35137245156995,-16.1047257173956));
#4434=CARTESIAN_POINT('Ctrl Pts',(-10.2528256326941,6.30890156774716,-17.6457667376822));
#4435=CARTESIAN_POINT('Ctrl Pts',(-7.76060604093895,6.26643068392438,-18.6811306162093));
#4436=CARTESIAN_POINT('Ctrl Pts',(-5.2683864491838,6.2239598001016,-19.7164944947364));
#4437=CARTESIAN_POINT('Ctrl Pts',(-2.56625191153295,6.18148891627882,-20.246181231504));
#4438=CARTESIAN_POINT('Ctrl Pts',(0.132353272291074,6.13901803245604,-20.2285011282323));
#4439=CARTESIAN_POINT('Ctrl Pts',(2.8309584561151,6.09654714863325,-20.2108210249606));
#4440=CARTESIAN_POINT('Ctrl Pts',(5.52603428611239,6.05407626481047,-19.6457740816496));
#4441=CARTESIAN_POINT('Ctrl Pts',(8.00446524103527,6.01160538098769,-18.5779356781172));
#4442=CARTESIAN_POINT('Ctrl Pts',(10.4828961959581,5.9691344971649,-17.5100972745847));
#4443=CARTESIAN_POINT('Ctrl Pts',(12.7446822758066,5.92666361334212,-15.9394674108309));
#4444=CARTESIAN_POINT('Ctrl Pts',(14.6110722028205,5.88419272951934,-13.9902444493654));
#4445=CARTESIAN_POINT('Ctrl Pts',(16.4774621298345,5.84172184569656,-12.0410214878999));
#4446=CARTESIAN_POINT('Ctrl Pts',(17.9484559040139,5.79925096187378,-9.71320542872292));
#4447=CARTESIAN_POINT('Ctrl Pts',(18.9077583376219,5.756780078051,-7.19078523212684));
#4448=CARTESIAN_POINT('Ctrl Pts',(19.8670607712298,5.71430919422821,-4.66836503553076));
#4449=CARTESIAN_POINT('Ctrl Pts',(20.3146718642664,5.67183831040543,-1.95134070151561));
#4450=CARTESIAN_POINT('Ctrl Pts',(20.2152133048762,5.62936742658264,0.74550957687791));
#4451=CARTESIAN_POINT('Ctrl Pts',(20.1157547454861,5.58689654275986,3.44235985527143));
#4452=CARTESIAN_POINT('Ctrl Pts',(19.4692265336692,5.54442565893708,6.11903607804332));
#4453=CARTESIAN_POINT('Ctrl Pts',(18.3267418240688,5.5019547751143,8.56394625397415));
#4454=CARTESIAN_POINT('Ctrl Pts',(17.1842571144683,5.45948389129152,11.0088564299049));
#4455=CARTESIAN_POINT('Ctrl Pts',(15.5458159070842,5.41701300746873,13.2220005589947));
#4456=CARTESIAN_POINT('Ctrl Pts',(13.5409036260183,5.37454212364595,15.028430930894));
#4457=CARTESIAN_POINT('Ctrl Pts',(11.5359913449525,5.33207123982317,16.8348613027932));
#4458=CARTESIAN_POINT('Ctrl Pts',(9.16460799020491,5.28960035600039,18.234577917502));
#4459=CARTESIAN_POINT('Ctrl Pts',(6.61425975242622,5.24712947217761,19.1170099774491));
#4460=CARTESIAN_POINT('Ctrl Pts',(4.0639115146475,5.20465858835483,19.9994420373963));
#4461=CARTESIAN_POINT('Ctrl Pts',(1.33459839383766,5.16218770453204,20.3645895425817));
#4462=CARTESIAN_POINT('Ctrl Pts',(-1.35795952990172,5.11971682070926,20.1834535677933));
#4463=CARTESIAN_POINT('Ctrl Pts',(-4.05051745364113,5.07724593688648,20.0023175930048));
#4464=CARTESIAN_POINT('Ctrl Pts',(-6.70632018031009,5.03477505306369,19.2748981382424));
#4465=CARTESIAN_POINT('Ctrl Pts',(-9.11552692469786,4.99230416924091,18.0587288646951));
#4466=CARTESIAN_POINT('Ctrl Pts',(-11.5247336690856,4.94983328541813,16.8425595911478));
#4467=CARTESIAN_POINT('Ctrl Pts',(-13.6873444311922,4.90736240159535,15.1376404988157));
#4468=CARTESIAN_POINT('Ctrl Pts',(-15.4320843331793,4.86489151777257,13.0790156301156));
#4469=CARTESIAN_POINT('Ctrl Pts',(-17.1768242351664,4.82242063394978,11.0203907614156));
#4470=CARTESIAN_POINT('Ctrl Pts',(-18.5036932770342,4.779949750127,8.60806011634763));
#4471=CARTESIAN_POINT('Ctrl Pts',(-19.3085688438689,4.73747886630422,6.03191733549826));
#4472=CARTESIAN_POINT('Ctrl Pts',(-19.9173955688486,4.70535289532152,4.0832626154744));
#4473=CARTESIAN_POINT('Ctrl Pts',(-20.2275499553962,4.67322692433883,2.04087846012706));
#4474=CARTESIAN_POINT('Ctrl Pts',(-20.2286899699084,4.64110095335613,-0.000717910275210418));
#4475=CARTESIAN_POINT('Ctrl Pts',(-20.2288979255067,6.35889904660246,0.00234122790760961));
#4476=CARTESIAN_POINT('Ctrl Pts',(-20.2292145225249,6.34994274770957,-0.566511362245627));
#4477=CARTESIAN_POINT('Ctrl Pts',(-20.2054368556819,6.34098644881669,-1.1354399672487));
#4478=CARTESIAN_POINT('Ctrl Pts',(-20.1572893201594,6.3320301499238,-1.70248681944872));
#4479=CARTESIAN_POINT('Ctrl Pts',(-19.8528676817142,6.27540230482675,-5.28774471371604));
#4480=CARTESIAN_POINT('Ctrl Pts',(-18.5742281485277,6.21877445972971,-8.79777703831373));
#4481=CARTESIAN_POINT('Ctrl Pts',(-16.4887192341249,6.16214661463267,-11.7267154135214));
#4482=CARTESIAN_POINT('Ctrl Pts',(-13.8818330911215,6.09136180826136,-15.387888382531));
#4483=CARTESIAN_POINT('Ctrl Pts',(-10.0142135399678,6.02057700189006,-18.1411020556188));
#4484=CARTESIAN_POINT('Ctrl Pts',(-5.70096440316327,5.94979219551876,-19.4143562910982));
#4485=CARTESIAN_POINT('Ctrl Pts',(-3.11301492108056,5.90732131169598,-20.1783088323858));
#4486=CARTESIAN_POINT('Ctrl Pts',(-0.364638788163565,5.86485042787319,-20.4094759761345));
#4487=CARTESIAN_POINT('Ctrl Pts',(2.3170456533293,5.82237954405041,-20.0956198330942));
#4488=CARTESIAN_POINT('Ctrl Pts',(6.3395723155686,5.75867321831623,-19.6248356185337));
#4489=CARTESIAN_POINT('Ctrl Pts',(10.2120426721036,5.69496689258206,-17.927749008698));
#4490=CARTESIAN_POINT('Ctrl Pts',(13.2659296661543,5.63126056684789,-15.2772880392478));
#4491=CARTESIAN_POINT('Ctrl Pts',(16.319816660205,5.56755424111371,-12.6268270697977));
#4492=CARTESIAN_POINT('Ctrl Pts',(18.5551202917716,5.50384791537954,-9.02299174073295));
#4493=CARTESIAN_POINT('Ctrl Pts',(19.5770500499379,5.44014158964537,-5.10669306650673));
#4494=CARTESIAN_POINT('Ctrl Pts',(20.5989798081043,5.37643526391119,-1.19039439228054));
#4495=CARTESIAN_POINT('Ctrl Pts',(20.4075356928705,5.31272893817702,3.03836762710717));
#4496=CARTESIAN_POINT('Ctrl Pts',(19.0382678543547,5.24902261244285,6.84527579548821));
#4497=CARTESIAN_POINT('Ctrl Pts',(17.6690000158388,5.18531628670867,10.6521839638693));
#4498=CARTESIAN_POINT('Ctrl Pts',(15.1219084540409,5.1216099609745,14.0372382812437));
#4499=CARTESIAN_POINT('Ctrl Pts',(11.8410661140188,5.05790363524033,16.4055301603208));
#4500=CARTESIAN_POINT('Ctrl Pts',(8.56022377399676,4.99419730950616,18.7738220393979));
#4501=CARTESIAN_POINT('Ctrl Pts',(4.54563065575048,4.93049098377198,20.1253514801777));
#4502=CARTESIAN_POINT('Ctrl Pts',(0.500868506231919,4.8667846580378,20.2255146606961));
#4503=CARTESIAN_POINT('Ctrl Pts',(-3.54389364328667,4.80307833230363,20.3256778412145));
#4504=CARTESIAN_POINT('Ctrl Pts',(-7.61882482407755,4.73937200656946,19.1744747614715));
#4505=CARTESIAN_POINT('Ctrl Pts',(-11.0133291591358,4.67566568083529,16.9717271189473));
#4506=CARTESIAN_POINT('Ctrl Pts',(-14.407833494194,4.61195935510111,14.7689794764231));
#4507=CARTESIAN_POINT('Ctrl Pts',(-17.1219109835195,4.54825302936694,11.5146872711178));
#4508=CARTESIAN_POINT('Ctrl Pts',(-18.6769353700103,4.48454670363276,7.78008946130375));
#4509=CARTESIAN_POINT('Ctrl Pts',(-19.6992575575024,4.44266415127702,5.32484680691122));
#4510=CARTESIAN_POINT('Ctrl Pts',(-20.2206180746224,4.40078159892129,2.66200823017894));
#4511=CARTESIAN_POINT('Ctrl Pts',(-20.2238383307086,4.35889904656555,-0.000235783986998683));
#4512=CARTESIAN_POINT('Origin',(0.,-2.41664482176069,0.));
#4513=CARTESIAN_POINT('',(-20.2307172085257,2.35889904651611,0.0011646011108302));
#4514=CARTESIAN_POINT('',(-20.2323821580265,2.6411009534045,0.00025090867306312));
#4515=CARTESIAN_POINT('',(-20.22825,-2.41664482176069,8.17741651191372E-14));
#4516=CARTESIAN_POINT('',(-8.67602399635361,2.,-18.273169010251));
#4517=CARTESIAN_POINT('Ctrl Pts',(-20.2307172085257,2.35889904651611,0.0011646011108302));
#4518=CARTESIAN_POINT('Ctrl Pts',(-20.2251837376763,2.30297235674492,-3.55209474391969));
#4519=CARTESIAN_POINT('Ctrl Pts',(-19.2724638296785,2.24704566697372,-7.10868489628956));
#4520=CARTESIAN_POINT('Ctrl Pts',(-17.4857753110472,2.19111897720252,-10.177668673644));
#4521=CARTESIAN_POINT('Ctrl Pts',(-15.4505509625456,2.12741265146835,-13.6735609031485));
#4522=CARTESIAN_POINT('Ctrl Pts',(-12.3332037060988,2.06370632573418,-16.5367554246859));
#4523=CARTESIAN_POINT('Ctrl Pts',(-8.67602399635365,2.,-18.273169010251));
#4524=CARTESIAN_POINT('',(8.67421013961588,2.,-18.2719567623908));
#4525=CARTESIAN_POINT('Origin',(0.,2.,0.));
#4526=CARTESIAN_POINT('Ctrl Pts',(-20.2323821580265,2.6411009534045,0.00025090867306312));
#4527=CARTESIAN_POINT('Ctrl Pts',(-20.2324738294079,2.63912400796183,-0.125283985997978));
#4528=CARTESIAN_POINT('Ctrl Pts',(-20.2313639625982,2.63714706251916,-0.250819585413735));
#4529=CARTESIAN_POINT('Ctrl Pts',(-20.2290462107285,2.63517011707649,-0.376334857694456));
#4530=CARTESIAN_POINT('Ctrl Pts',(-20.15435752565,2.57146379134232,-4.42101745133026));
#4531=CARTESIAN_POINT('Ctrl Pts',(-18.8253690300573,2.50775746560815,-8.4445918100375));
#4532=CARTESIAN_POINT('Ctrl Pts',(-16.4772249235065,2.44405113987397,-11.7402324481146));
#4533=CARTESIAN_POINT('Ctrl Pts',(-14.1290808169558,2.3803448141398,-15.0358730861916));
#4534=CARTESIAN_POINT('Ctrl Pts',(-10.761781099447,2.31663848840562,-17.6035800036385));
#4535=CARTESIAN_POINT('Ctrl Pts',(-6.96291687860754,2.25293216267145,-18.9959237308161));
#4536=CARTESIAN_POINT('Ctrl Pts',(-3.16405265776804,2.18922583693728,-20.3882674579937));
#4537=CARTESIAN_POINT('Ctrl Pts',(1.06637606640218,2.12551951120311,-20.6052479949021));
#4538=CARTESIAN_POINT('Ctrl Pts',(4.98773353671305,2.06181318546893,-19.6077754935113));
#4539=CARTESIAN_POINT('Ctrl Pts',(6.25600945651067,2.04120879031262,-19.2851651822219));
#4540=CARTESIAN_POINT('Ctrl Pts',(7.49195481542968,2.02060439515631,-18.8355163728558));
#4541=CARTESIAN_POINT('Ctrl Pts',(8.67421013961588,2.,-18.2719567623908));
#4542=CARTESIAN_POINT('Origin',(0.,2.,0.));
#4543=CARTESIAN_POINT('',(-27.5,4.,3.36777869765522E-15));
#4544=CARTESIAN_POINT('Origin',(0.,4.,0.));
#4545=CARTESIAN_POINT('',(-27.5,2.,3.36777869765522E-15));
#4546=CARTESIAN_POINT('',(-27.5,2.,3.36777869765522E-15));
#4547=CARTESIAN_POINT('Origin',(0.,2.,0.));
#4548=CARTESIAN_POINT('Origin',(0.,4.,0.));
#4549=CARTESIAN_POINT('',(-22.5,4.,2.75545529808154E-15));
#4550=CARTESIAN_POINT('Origin',(0.,4.,0.));
#4551=CARTESIAN_POINT('Origin',(0.,-2.41664482176069,0.));
#4552=CARTESIAN_POINT('Ctrl Pts',(-20.2286899699084,4.64110095335613,-0.000717910275210418));
#4553=CARTESIAN_POINT('Ctrl Pts',(-20.2290570670079,4.63075604051604,-0.65813419561723));
#4554=CARTESIAN_POINT('Ctrl Pts',(-20.1973821486977,4.62041112767596,-1.3154687947348));
#4555=CARTESIAN_POINT('Ctrl Pts',(-20.1333198982127,4.61006621483587,-1.96956581179377));
#4556=CARTESIAN_POINT('Ctrl Pts',(-19.8703132939198,4.56759533101309,-4.65495126160545));
#4557=CARTESIAN_POINT('Ctrl Pts',(-19.0614179935322,4.52512444719031,-7.28576724459802));
#4558=CARTESIAN_POINT('Ctrl Pts',(-17.7733852022894,4.48265356336752,-9.65784939578626));
#4559=CARTESIAN_POINT('Ctrl Pts',(-16.4853524110466,4.44018267954474,-12.0299315469745));
#4560=CARTESIAN_POINT('Ctrl Pts',(-14.7181821289487,4.39771179572196,-14.1432798663584));
#4561=CARTESIAN_POINT('Ctrl Pts',(-12.6066355260818,4.35524091189918,-15.8229916345674));
#4562=CARTESIAN_POINT('Ctrl Pts',(-9.43931562178157,4.291534586165,-18.3425592868809));
#4563=CARTESIAN_POINT('Ctrl Pts',(-5.49714899575147,4.22782826043083,-19.8864446990508));
#4564=CARTESIAN_POINT('Ctrl Pts',(-1.46247869597028,4.16412193469665,-20.1795290074187));
#4565=CARTESIAN_POINT('Ctrl Pts',(2.57219160381086,4.10041560896248,-20.4726133157867));
#4566=CARTESIAN_POINT('Ctrl Pts',(6.69936557734307,4.03670928322831,-19.5148965203528));
#4567=CARTESIAN_POINT('Ctrl Pts',(10.1948613475135,3.97300295749414,-17.475633458725));
#4568=CARTESIAN_POINT('Ctrl Pts',(13.690357117684,3.90929663175996,-15.4363703970973));
#4569=CARTESIAN_POINT('Ctrl Pts',(16.5541746844927,3.84559030602579,-12.3155610692756));
#4570=CARTESIAN_POINT('Ctrl Pts',(18.2853390182414,3.78188398029162,-8.65925995242884));
#4571=CARTESIAN_POINT('Ctrl Pts',(20.0165033519901,3.71817765455744,-5.002958835582));
#4572=CARTESIAN_POINT('Ctrl Pts',(20.6150144526788,3.65447132882327,-0.811165929710017));
#4573=CARTESIAN_POINT('Ctrl Pts',(19.9783818634805,3.5907650030891,3.18600957493265));
#4574=CARTESIAN_POINT('Ctrl Pts',(19.7661710004143,3.5695295611777,4.51840140981353));
#4575=CARTESIAN_POINT('Ctrl Pts',(19.416721949583,3.54829411926631,5.82916908900228));
#4576=CARTESIAN_POINT('Ctrl Pts',(18.9428940091033,3.52705867735492,7.09299642980126));
#4577=CARTESIAN_POINT('Ctrl Pts',(18.4690660686235,3.50582323544353,8.35682377060024));
#4578=CARTESIAN_POINT('Ctrl Pts',(17.8708592384953,3.48458779353214,9.57371077300949));
#4579=CARTESIAN_POINT('Ctrl Pts',(17.156218407971,3.46335235162075,10.7180883239269));
#4580=CARTESIAN_POINT('Ctrl Pts',(15.7269367469225,3.42088146779797,13.0068434257617));
#4581=CARTESIAN_POINT('Ctrl Pts',(13.8319190842894,3.37841058397518,15.0055607216292));
#4582=CARTESIAN_POINT('Ctrl Pts',(11.6231610538872,3.3359397001524,16.5561761196747));
#4583=CARTESIAN_POINT('Ctrl Pts',(9.41440302348495,3.29346881632961,18.1067915177201));
#4584=CARTESIAN_POINT('Ctrl Pts',(6.89190462531356,3.25099793250684,19.2093050179435));
#4585=CARTESIAN_POINT('Ctrl Pts',(4.25336745617479,3.20852704868406,19.7768290242038));
#4586=CARTESIAN_POINT('Ctrl Pts',(1.61483028703605,3.16605616486127,20.3443530304641));
#4587=CARTESIAN_POINT('Ctrl Pts',(-1.13974565307009,3.12358528103849,20.3768875427614));
#4588=CARTESIAN_POINT('Ctrl Pts',(-3.79021305254084,3.08111439721571,19.8710254939879));
#4589=CARTESIAN_POINT('Ctrl Pts',(-6.44068045201161,3.03864351339292,19.3651634452145));
#4590=CARTESIAN_POINT('Ctrl Pts',(-8.987039310847,2.99617262957014,18.3209048353703));
#4591=CARTESIAN_POINT('Ctrl Pts',(-11.2322641950835,2.95370174574736,16.8227783244515));
#4592=CARTESIAN_POINT('Ctrl Pts',(-13.4774890793199,2.91123086192458,15.3246518135326));
#4593=CARTESIAN_POINT('Ctrl Pts',(-15.4215799889575,2.8687599781018,13.372657401539));
#4594=CARTESIAN_POINT('Ctrl Pts',(-16.9025975015229,2.82628909427901,11.1172498667257));
#4595=CARTESIAN_POINT('Ctrl Pts',(-19.0551849925911,2.76455971398751,7.8391238449137));
#4596=CARTESIAN_POINT('Ctrl Pts',(-20.2295197535102,2.702830333696,3.92003093180947));
#4597=CARTESIAN_POINT('Ctrl Pts',(-20.2323821580265,2.6411009534045,0.00025090867306312));
#4598=CARTESIAN_POINT('Ctrl Pts',(-20.2238383307085,4.35889904656549,-0.000235783986998668));
#4599=CARTESIAN_POINT('Ctrl Pts',(-20.2255163119941,4.33707527318706,-1.38745329522554));
#4600=CARTESIAN_POINT('Ctrl Pts',(-20.086511576721,4.31525149980862,-2.77450937396536));
#4601=CARTESIAN_POINT('Ctrl Pts',(-19.8043937255372,4.29342772643019,-4.13194956555539));
#4602=CARTESIAN_POINT('Ctrl Pts',(-19.2553688491242,4.25095684260741,-6.77364143403714));
#4603=CARTESIAN_POINT('Ctrl Pts',(-18.1643401512553,4.20848595878462,-9.30317080847446));
#4604=CARTESIAN_POINT('Ctrl Pts',(-16.62624830081,4.16601507496184,-11.5212809436489));
#4605=CARTESIAN_POINT('Ctrl Pts',(-15.0881564503647,4.12354419113906,-13.7393910788233));
#4606=CARTESIAN_POINT('Ctrl Pts',(-13.1030014473429,4.08107330731627,-15.6460819747349));
#4607=CARTESIAN_POINT('Ctrl Pts',(-10.8237232003982,4.03860242349349,-17.090036634601));
#4608=CARTESIAN_POINT('Ctrl Pts',(-8.54444495345355,3.99613153967071,-18.5339912944671));
#4609=CARTESIAN_POINT('Ctrl Pts',(-5.971043462586,3.95366065584793,-19.5152097182877));
#4610=CARTESIAN_POINT('Ctrl Pts',(-3.30825001922403,3.91118977202515,-19.9566058861361));
#4611=CARTESIAN_POINT('Ctrl Pts',(-0.645456575862032,3.86871888820237,-20.3980020539845));
#4612=CARTESIAN_POINT('Ctrl Pts',(2.10672881999435,3.82624800437958,-20.2995759658606));
#4613=CARTESIAN_POINT('Ctrl Pts',(4.73000792908849,3.7837771205568,-19.6683206576746));
#4614=CARTESIAN_POINT('Ctrl Pts',(7.35328703818265,3.74130623673402,-19.0370653494886));
#4615=CARTESIAN_POINT('Ctrl Pts',(9.8476598605145,3.69883535291124,-17.8729808212406));
#4616=CARTESIAN_POINT('Ctrl Pts',(12.0192905396372,3.65636446908845,-16.2698485365294));
#4617=CARTESIAN_POINT('Ctrl Pts',(14.1909212187598,3.61389358526567,-14.6667162518181));
#4618=CARTESIAN_POINT('Ctrl Pts',(16.0398097546734,3.57142270144289,-12.6245362106436));
#4619=CARTESIAN_POINT('Ctrl Pts',(17.4118619078385,3.5289518176201,-10.3012878762275));
#4620=CARTESIAN_POINT('Ctrl Pts',(19.4699401375861,3.46524549188593,-6.81641537460335));
#4621=CARTESIAN_POINT('Ctrl Pts',(20.4551365061499,3.40153916615176,-2.69913921318569));
#4622=CARTESIAN_POINT('Ctrl Pts',(20.18832900233,3.33783284041759,1.3374246271969));
#4623=CARTESIAN_POINT('Ctrl Pts',(19.9215214985101,3.27412651468341,5.37398846757949));
#4624=CARTESIAN_POINT('Ctrl Pts',(18.4027101223064,3.21042018894924,9.32983998692701));
#4625=CARTESIAN_POINT('Ctrl Pts',(15.90055425486,3.14671386321506,12.5101442756918));
#4626=CARTESIAN_POINT('Ctrl Pts',(13.3983983874137,3.08300753748089,15.6904485644566));
#4627=CARTESIAN_POINT('Ctrl Pts',(9.91289802872469,3.01930121174672,18.0952056226387));
#4628=CARTESIAN_POINT('Ctrl Pts',(6.05215730281216,2.95559488601255,19.3054114582337));
#4629=CARTESIAN_POINT('Ctrl Pts',(2.19141657689957,2.89188856027837,20.5156172938286));
#4630=CARTESIAN_POINT('Ctrl Pts',(-2.04456451623654,2.8281822345442,20.5312719068364));
#4631=CARTESIAN_POINT('Ctrl Pts',(-5.91408362481084,2.76447590881002,19.348539661998));
#4632=CARTESIAN_POINT('Ctrl Pts',(-9.7836027333851,2.70076958307585,18.1658074171597));
#4633=CARTESIAN_POINT('Ctrl Pts',(-13.2866598573975,2.63706325734168,15.7846883144754));
#4634=CARTESIAN_POINT('Ctrl Pts',(-15.811102679279,2.5733569316075,12.6227677996353));
#4635=CARTESIAN_POINT('Ctrl Pts',(-18.3355455011605,2.50965060587333,9.46084728479525));
#4636=CARTESIAN_POINT('Ctrl Pts',(-19.881374020911,2.44594428013916,5.51812535779941));
#4637=CARTESIAN_POINT('Ctrl Pts',(-20.177737560508,2.38223795440498,1.48246942556574));
#4638=CARTESIAN_POINT('Ctrl Pts',(-20.2139286361068,2.37445831844201,0.989646559660565));
#4639=CARTESIAN_POINT('Ctrl Pts',(-20.2314869374153,2.36667868247903,0.495437805898599));
#4640=CARTESIAN_POINT('Ctrl Pts',(-20.2307172085256,2.35889904651605,0.00116460111083021));
#4641=CARTESIAN_POINT('Ctrl Pts',(8.96094743862345,2.00000000000321,16.7668466457476));
#4642=CARTESIAN_POINT('Ctrl Pts',(12.3166528072345,2.06370632573738,14.9734086747945));
#4643=CARTESIAN_POINT('Ctrl Pts',(17.9138598867013,2.19111897720573,9.31918173626556));
#4644=CARTESIAN_POINT('Ctrl Pts',(20.0448941141714,2.38223795440825,-2.43595601026112));
#4645=CARTESIAN_POINT('Ctrl Pts',(15.1630868679659,2.57335693161077,-13.3327764042787));
#4646=CARTESIAN_POINT('Ctrl Pts',(4.97829282677353,2.76447590881329,-19.5693968281491));
#4647=CARTESIAN_POINT('Ctrl Pts',(-6.94941670001039,2.95559488601581,-18.9577262416093));
#4648=CARTESIAN_POINT('Ctrl Pts',(-16.4435911110991,3.14671386321833,-11.7181551744306));
#4649=CARTESIAN_POINT('Ctrl Pts',(-20.1907787553133,3.33783284042085,-0.373710976247013));
#4650=CARTESIAN_POINT('Ctrl Pts',(-17.2344996301737,3.50771637571198,9.81609953833778));
#4651=CARTESIAN_POINT('Ctrl Pts',(-10.839626448278,3.65636446909172,16.2370851541255));
#4652=CARTESIAN_POINT('Ctrl Pts',(-3.66018776695906,3.78377712056006,19.1814389830759));
#4653=CARTESIAN_POINT('Ctrl Pts',(4.10634660498229,3.91118977202842,19.0897772342149));
#4654=CARTESIAN_POINT('Ctrl Pts',(11.2185647365499,4.03860242349675,15.9813012845203));
#4655=CARTESIAN_POINT('Ctrl Pts',(15.6711124442487,4.14477963305372,11.2851841727972));
#4656=CARTESIAN_POINT('Ctrl Pts',(17.9200141289686,4.22972140069928,6.71051645330375));
#4657=CARTESIAN_POINT('Ctrl Pts',(19.5621899049209,4.33589861025624,0.551010033350259));
#4658=CARTESIAN_POINT('Ctrl Pts',(18.2497693075785,4.48454670363597,-8.64137857531279));
#4659=CARTESIAN_POINT('Ctrl Pts',(10.1753073363677,4.6756656808385,-17.440580193102));
#4660=CARTESIAN_POINT('Ctrl Pts',(-1.4612455797056,4.86678465804101,-20.1409689867812));
#4661=CARTESIAN_POINT('Ctrl Pts',(-11.3412342603223,5.03666819333215,-16.2717339948482));
#4662=CARTESIAN_POINT('Ctrl Pts',(-17.1542607533723,5.18531628671188,-9.32009675718541));
#4663=CARTESIAN_POINT('Ctrl Pts',(-19.4350092872176,5.31272893818023,-1.90252508042317));
#4664=CARTESIAN_POINT('Ctrl Pts',(-18.6374915616917,5.44014158964858,5.82279158656092));
#4665=CARTESIAN_POINT('Ctrl Pts',(-14.8964418423833,5.56755424111692,12.6243971222197));
#4666=CARTESIAN_POINT('Ctrl Pts',(-8.79899849368297,5.69496689258527,17.43147511932));
#4667=CARTESIAN_POINT('Ctrl Pts',(-1.31097458007623,5.82237954405361,19.4825029379818));
#4668=CARTESIAN_POINT('Ctrl Pts',(6.38433959000765,5.94979219552197,18.4530374115795));
#4669=CARTESIAN_POINT('Ctrl Pts',(13.0704959761959,6.0772048469903,14.5065927522819));
#4670=CARTESIAN_POINT('Ctrl Pts',(17.6901406881808,6.20461749845867,8.26666877808311));
#4671=CARTESIAN_POINT('Ctrl Pts',(19.5130959767214,6.33203014992699,0.719789953879893));
#4672=CARTESIAN_POINT('Ctrl Pts',(18.251123854563,6.45944280139536,-6.94087802924582));
#4673=CARTESIAN_POINT('Ctrl Pts',(14.1037119735901,6.58685545286369,-13.5041981152395));
#4674=CARTESIAN_POINT('Ctrl Pts',(7.72664019294103,6.71426810433205,-17.9326498044718));
#4675=CARTESIAN_POINT('Ctrl Pts',(0.127881578976558,6.8416807558004,-19.5258689220742));
#4676=CARTESIAN_POINT('Ctrl Pts',(-7.4908066546206,6.96909340726874,-18.0324839480289));
#4677=CARTESIAN_POINT('Ctrl Pts',(-13.9258089647298,7.09650605873709,-13.6875725401233));
#4678=CARTESIAN_POINT('Ctrl Pts',(-18.1580698356371,7.22391871020543,-7.18007209117142));
#4679=CARTESIAN_POINT('Ctrl Pts',(-19.5218637786546,7.35133136167379,0.465223158619169));
#4680=CARTESIAN_POINT('Ctrl Pts',(-17.7956124767291,7.47874401314212,8.03211547416775));
#4681=CARTESIAN_POINT('Ctrl Pts',(-12.7584118863756,7.62031362588475,15.0390179292707));
#4682=CARTESIAN_POINT('Ctrl Pts',(-4.2122156423218,7.7760401999016,19.487975058935));
#4683=CARTESIAN_POINT('Ctrl Pts',(6.29208489138821,7.94592373519274,18.9207018566007));
#4684=CARTESIAN_POINT('Ctrl Pts',(14.3066755272698,8.1016503092096,13.5726913740262));
#4685=CARTESIAN_POINT('Ctrl Pts',(18.5590521823887,8.24321992195222,6.06456329050017));
#4686=CARTESIAN_POINT('Ctrl Pts',(19.4574276003299,8.37063257342055,-1.64590121963294));
#4687=CARTESIAN_POINT('Ctrl Pts',(17.2770996245738,8.49804522488891,-9.09706064733415));
#4688=CARTESIAN_POINT('Ctrl Pts',(12.3665391916741,8.62545787635725,-15.1133542424731));
#4689=CARTESIAN_POINT('Ctrl Pts',(5.50098480368491,8.7528705278256,-18.7322031579932));
#4690=CARTESIAN_POINT('Ctrl Pts',(-3.52647007835865,8.90151862120535,-19.5175013029705));
#4691=CARTESIAN_POINT('Ctrl Pts',(-13.239798398608,9.07140215649646,-15.2486919311728));
#4692=CARTESIAN_POINT('Ctrl Pts',(-19.5381421630695,9.262521133699,-5.09603032284899));
#4693=CARTESIAN_POINT('Ctrl Pts',(-19.0004117977638,9.4536401109015,6.83103133920278));
#4694=CARTESIAN_POINT('Ctrl Pts',(-11.8183246562761,9.64475908810403,16.373490186501));
#4695=CARTESIAN_POINT('Ctrl Pts',(-0.498846397545601,9.83587806530654,20.1845511776745));
#4696=CARTESIAN_POINT('Ctrl Pts',(10.9889307646039,10.0269970425091,16.9398292571619));
#4697=CARTESIAN_POINT('Ctrl Pts',(18.6448910656128,10.2181160197116,7.76155994619803));
#4698=CARTESIAN_POINT('Ctrl Pts',(19.5477791692396,10.3738425937285,-1.91599417006701));
#4699=CARTESIAN_POINT('Ctrl Pts',(16.5649333445261,10.5224906871082,-10.3695514690274));
#4700=CARTESIAN_POINT('Ctrl Pts',(11.2614732036079,10.6499033385765,-16.1940443875539));
#4701=CARTESIAN_POINT('Ctrl Pts',(3.190401340411,10.7914729513192,-19.2607852199232));
#4702=CARTESIAN_POINT('Ctrl Pts',(-4.56521074675105,10.9188856027875,-18.9871349130357));
#4703=CARTESIAN_POINT('Ctrl Pts',(-11.599902509047,11.0462982542559,-15.7031284223788));
#4704=CARTESIAN_POINT('Ctrl Pts',(-17.6808033033687,11.1949463476356,-8.98650047511963));
#4705=CARTESIAN_POINT('Ctrl Pts',(-20.1505617235972,11.3648298829267,1.33281629285925));
#4706=CARTESIAN_POINT('Ctrl Pts',(-15.8680780162376,11.5559488601292,12.4861137487798));
#4707=CARTESIAN_POINT('Ctrl Pts',(-6.04091033584727,11.7470678373318,19.2665560661129));
#4708=CARTESIAN_POINT('Ctrl Pts',(5.90252455681246,11.9381868145343,19.3107336257967));
#4709=CARTESIAN_POINT('Ctrl Pts',(15.7794236517997,12.1293057917368,12.597281936557));
#4710=CARTESIAN_POINT('Ctrl Pts',(20.1380083857726,12.3204247689393,1.4807966617594));
#4711=CARTESIAN_POINT('Ctrl Pts',(17.4508351754905,12.5115437461418,-10.1598012517482));
#4712=CARTESIAN_POINT('Ctrl Pts',(11.5913047864097,12.6389563976102,-15.5417038018657));
#4713=CARTESIAN_POINT('Ctrl Pts',(8.1541770088544,12.7026627233444,-17.1736752836444));
#4714=CARTESIAN_POINT('Ctrl Pts',(9.15222146078507,1.76577912692377,17.124608067888));
#4715=CARTESIAN_POINT('Ctrl Pts',(12.5795289590444,1.82948545265794,15.2928886435413));
#4716=CARTESIAN_POINT('Ctrl Pts',(18.2961573540078,1.95689810412629,9.51798686983189));
#4717=CARTESIAN_POINT('Ctrl Pts',(20.4726276892902,2.14801708132881,-2.48800279880786));
#4718=CARTESIAN_POINT('Ctrl Pts',(15.4866110928592,2.33913605853133,-13.6173364165387));
#4719=CARTESIAN_POINT('Ctrl Pts',(5.08446155657956,2.53025503573385,-19.9870079074715));
#4720=CARTESIAN_POINT('Ctrl Pts',(-7.09777347095811,2.72137401293637,-19.3622458025667));
#4721=CARTESIAN_POINT('Ctrl Pts',(-16.7945220917772,2.91249299013889,-11.9681572297227));
#4722=CARTESIAN_POINT('Ctrl Pts',(-20.6216345686207,3.10361196734141,-0.381619690796489));
#4723=CARTESIAN_POINT('Ctrl Pts',(-17.6022375878225,3.27349550263255,10.0256233300776));
#4724=CARTESIAN_POINT('Ctrl Pts',(-11.0708820987305,3.42214359601228,16.5836065972927));
#4725=CARTESIAN_POINT('Ctrl Pts',(-3.73823048775704,3.54955624748062,19.590767054807));
#4726=CARTESIAN_POINT('Ctrl Pts',(4.19403503268517,3.67696889894898,19.4971239438196));
#4727=CARTESIAN_POINT('Ctrl Pts',(11.4580118861538,3.80438155041732,16.3222924391485));
#4728=CARTESIAN_POINT('Ctrl Pts',(16.0055579516207,3.91055875997428,11.5259495074039));
#4729=CARTESIAN_POINT('Ctrl Pts',(18.3024343994611,3.99550052761984,6.85365479793053));
#4730=CARTESIAN_POINT('Ctrl Pts',(19.9796327291427,4.1016777371768,0.562704217609871));
#4731=CARTESIAN_POINT('Ctrl Pts',(18.6391761222807,4.25032583055653,-8.82583810628582));
#4732=CARTESIAN_POINT('Ctrl Pts',(10.3923830318177,4.44144480775905,-17.8127810588107));
#4733=CARTESIAN_POINT('Ctrl Pts',(-1.49249316432124,4.63256378496158,-20.5707559052325));
#4734=CARTESIAN_POINT('Ctrl Pts',(-11.5833000254346,4.8024473202527,-16.6189223435307));
#4735=CARTESIAN_POINT('Ctrl Pts',(-17.5203490037946,4.95109541363245,-9.51892389858084));
#4736=CARTESIAN_POINT('Ctrl Pts',(-19.8497425975034,5.07850806510079,-1.94305989838978));
#4737=CARTESIAN_POINT('Ctrl Pts',(-19.0351812593586,5.20592071656914,5.94710605901755));
#4738=CARTESIAN_POINT('Ctrl Pts',(-15.2142783965338,5.33333336803748,12.8938400326517));
#4739=CARTESIAN_POINT('Ctrl Pts',(-8.98670492148663,5.46074601950583,17.8034771934318));
#4740=CARTESIAN_POINT('Ctrl Pts',(-1.33888604230899,5.58815867097418,19.8982477908759));
#4741=CARTESIAN_POINT('Ctrl Pts',(6.52063643176736,5.71557132244252,18.8467891748114));
#4742=CARTESIAN_POINT('Ctrl Pts',(13.3494569950705,5.84298397391087,14.8161087903222));
#4743=CARTESIAN_POINT('Ctrl Pts',(18.0676607332099,5.97039662537922,8.44301488296914));
#4744=CARTESIAN_POINT('Ctrl Pts',(19.9294917283203,6.09780927684756,0.73508592304149));
#4745=CARTESIAN_POINT('Ctrl Pts',(18.6405651303312,6.22522192831592,-7.08905028327709));
#4746=CARTESIAN_POINT('Ctrl Pts',(14.4046294505284,6.35263457978425,-13.7924126642832));
#4747=CARTESIAN_POINT('Ctrl Pts',(7.89146174015353,6.48004723125262,-18.3153430298906));
#4748=CARTESIAN_POINT('Ctrl Pts',(0.130546669103605,6.60745988272095,-19.9425353038506));
#4749=CARTESIAN_POINT('Ctrl Pts',(-7.6507132183087,6.7348725341893,-18.4172578314325));
#4750=CARTESIAN_POINT('Ctrl Pts',(-14.2230189824425,6.86228518565765,-13.97960856669));
#4751=CARTESIAN_POINT('Ctrl Pts',(-18.5455715531016,6.98969783712599,-7.33322958864105));
#4752=CARTESIAN_POINT('Ctrl Pts',(-19.9384427560522,7.11711048859434,0.475214422089057));
#4753=CARTESIAN_POINT('Ctrl Pts',(-18.1753299493886,7.24452314006269,8.20357234839875));
#4754=CARTESIAN_POINT('Ctrl Pts',(-13.0306167524883,7.3860927528053,15.359979873714));
#4755=CARTESIAN_POINT('Ctrl Pts',(-4.30203718186193,7.54181932682217,19.9038461617419));
#4756=CARTESIAN_POINT('Ctrl Pts',(6.42641462184933,7.7117028621133,19.3244334954164));
#4757=CARTESIAN_POINT('Ctrl Pts',(14.6120125484432,7.86742943613017,13.8622746866608));
#4758=CARTESIAN_POINT('Ctrl Pts',(18.9551068881819,8.00899904887277,6.19391543861963));
#4759=CARTESIAN_POINT('Ctrl Pts',(19.8726277051228,8.13641170034112,-1.68108697015975));
#4760=CARTESIAN_POINT('Ctrl Pts',(17.645748980367,8.26382435180946,-9.29124088044392));
#4761=CARTESIAN_POINT('Ctrl Pts',(12.630381574319,8.39123700327782,-15.4359011822593));
#4762=CARTESIAN_POINT('Ctrl Pts',(5.61831008522327,8.51864965474615,-19.131950921634));
#4763=CARTESIAN_POINT('Ctrl Pts',(-3.60178581602603,8.6672977481259,-19.933977186693));
#4764=CARTESIAN_POINT('Ctrl Pts',(-13.5223746164543,8.83718128341703,-15.5740432014248));
#4765=CARTESIAN_POINT('Ctrl Pts',(-19.9550866782828,9.02830026061954,-5.2047115759798));
#4766=CARTESIAN_POINT('Ctrl Pts',(-19.4058426201329,9.21941923782208,6.97686200349772));
#4767=CARTESIAN_POINT('Ctrl Pts',(-12.0704644748745,9.41053821502459,16.7229255984697));
#4768=CARTESIAN_POINT('Ctrl Pts',(-0.509425419282642,9.6016571922271,20.6152745084462));
#4769=CARTESIAN_POINT('Ctrl Pts',(11.223480846136,9.79277616942964,17.3012753597035));
#4770=CARTESIAN_POINT('Ctrl Pts',(19.0427830471616,9.98389514663214,7.92712432505522));
#4771=CARTESIAN_POINT('Ctrl Pts',(19.96490641958,10.139621720649,-1.95694377694105));
#4772=CARTESIAN_POINT('Ctrl Pts',(16.9183815007306,10.2882698140287,-10.5908832815451));
#4773=CARTESIAN_POINT('Ctrl Pts',(11.5017308570567,10.4156824654971,-16.5396487545073));
#4774=CARTESIAN_POINT('Ctrl Pts',(3.25841894648483,10.5572520782397,-19.6718049400643));
#4775=CARTESIAN_POINT('Ctrl Pts',(-4.66269062204241,10.684664729708,-19.3922898208049));
#4776=CARTESIAN_POINT('Ctrl Pts',(-11.8474861837907,10.8120773811764,-16.0381823512303));
#4777=CARTESIAN_POINT('Ctrl Pts',(-18.058126448242,10.9607254745561,-9.17820722618374));
#4778=CARTESIAN_POINT('Ctrl Pts',(-20.5805537627502,11.1306090098473,1.36132333356919));
#4779=CARTESIAN_POINT('Ctrl Pts',(-16.2066489380595,11.3217279870498,12.7526089805681));
#4780=CARTESIAN_POINT('Ctrl Pts',(-6.16975543772771,11.5128469642523,19.6777082448859));
#4781=CARTESIAN_POINT('Ctrl Pts',(6.02854266487144,11.7039659414548,19.7227894941967));
#4782=CARTESIAN_POINT('Ctrl Pts',(16.1161847182456,11.8950849186573,12.8660460030407));
#4783=CARTESIAN_POINT('Ctrl Pts',(20.5677417400024,12.0862038958599,1.51232984569348));
#4784=CARTESIAN_POINT('Ctrl Pts',(17.8231884326682,12.2773228730624,-10.3766600620481));
#4785=CARTESIAN_POINT('Ctrl Pts',(11.8386029054972,12.4047355245307,-15.8733888353158));
#4786=CARTESIAN_POINT('Ctrl Pts',(8.32812431946665,12.4684418502649,-17.540174014688));
#4787=CARTESIAN_POINT('Ctrl Pts',(9.34349371949367,1.53155821638074,17.4823704081435));
#4788=CARTESIAN_POINT('Ctrl Pts',(12.8424035310046,1.59526454211491,15.6123698830509));
#4789=CARTESIAN_POINT('Ctrl Pts',(18.6784538266705,1.72267719358326,9.7167938663129));
#4790=CARTESIAN_POINT('Ctrl Pts',(20.9003614964431,1.91379617078578,-2.54004748858508));
#4791=CARTESIAN_POINT('Ctrl Pts',(15.8101366948625,2.1049151479883,-13.9018948280824));
#4792=CARTESIAN_POINT('Ctrl Pts',(5.19063232712749,2.29603412519082,-20.4046184441255));
#4793=CARTESIAN_POINT('Ctrl Pts',(-7.24612825162709,2.48715310239334,-19.7667660688));
#4794=CARTESIAN_POINT('Ctrl Pts',(-17.1454518285159,2.67827207959586,-12.2181609912944));
#4795=CARTESIAN_POINT('Ctrl Pts',(-21.0524903200239,2.86939105679838,-0.389530516283009));
#4796=CARTESIAN_POINT('Ctrl Pts',(-17.9699765525019,3.03927459208951,10.235145308516));
#4797=CARTESIAN_POINT('Ctrl Pts',(-11.3021394348435,3.18792268546925,16.9301268886175));
#4798=CARTESIAN_POINT('Ctrl Pts',(-3.81627521024887,3.31533533693759,20.0000947221031));
#4799=CARTESIAN_POINT('Ctrl Pts',(4.28172145955183,3.44274798840594,19.9044710612971));
#4800=CARTESIAN_POINT('Ctrl Pts',(11.6974573518909,3.57016063987428,16.6632847488493));
#4801=CARTESIAN_POINT('Ctrl Pts',(16.340002261207,3.67633784943125,11.7667164679901));
#4802=CARTESIAN_POINT('Ctrl Pts',(18.6848539479922,3.76127961707681,6.9967950088903));
#4803=CARTESIAN_POINT('Ctrl Pts',(20.3970754735602,3.86745682663377,0.574400446849747));
#4804=CARTESIAN_POINT('Ctrl Pts',(19.0285838200524,4.0161049200135,-9.01029571909417));
#4805=CARTESIAN_POINT('Ctrl Pts',(10.6094605395092,4.20722389721602,-18.184980840791));
#4806=CARTESIAN_POINT('Ctrl Pts',(-1.52373864110718,4.39834287441854,-21.000542953721));
#4807=CARTESIAN_POINT('Ctrl Pts',(-11.8253640762281,4.56822640970967,-16.9661118598075));
#4808=CARTESIAN_POINT('Ctrl Pts',(-17.8864362602006,4.71687450308941,-9.71775282327509));
#4809=CARTESIAN_POINT('Ctrl Pts',(-20.2644756869353,4.84428715455776,-1.98359674652564));
#4810=CARTESIAN_POINT('Ctrl Pts',(-19.4328715448299,4.97169980602611,6.07141857594793));
#4811=CARTESIAN_POINT('Ctrl Pts',(-15.5321162539977,5.09911245749445,13.1632813711099));
#4812=CARTESIAN_POINT('Ctrl Pts',(-9.17441316216985,5.2265251089628,18.1754783277093));
#4813=CARTESIAN_POINT('Ctrl Pts',(-1.36679954034533,5.35393776043115,20.3139924847199));
#4814=CARTESIAN_POINT('Ctrl Pts',(6.6569313366582,5.48135041189949,19.2405415847775));
#4815=CARTESIAN_POINT('Ctrl Pts',(13.6284164822225,5.60876306336784,15.125626178767));
#4816=CARTESIAN_POINT('Ctrl Pts',(18.4451798938029,5.73617571483618,8.61936282837995));
#4817=CARTESIAN_POINT('Ctrl Pts',(20.3458873826068,5.86358836630453,0.750383931884069));
#4818=CARTESIAN_POINT('Ctrl Pts',(19.0300071112912,5.99100101777288,-7.23722062093963));
#4819=CARTESIAN_POINT('Ctrl Pts',(14.7055483236729,6.11841366924123,-14.0806257232389));
#4820=CARTESIAN_POINT('Ctrl Pts',(8.05628515386373,6.24582632070957,-18.698035427073));
#4821=CARTESIAN_POINT('Ctrl Pts',(0.133213800911804,6.37323897217793,-20.3592016501942));
#4822=CARTESIAN_POINT('Ctrl Pts',(-7.81061788786306,6.50065162364627,-18.8020324777842));
#4823=CARTESIAN_POINT('Ctrl Pts',(-14.5202275531201,6.62806427511462,-14.2716460340162));
#4824=CARTESIAN_POINT('Ctrl Pts',(-18.9330724992042,6.75547692658296,-7.48638897680717));
#4825=CARTESIAN_POINT('Ctrl Pts',(-20.3550217600923,6.88288957805131,0.485203643644103));
#4826=CARTESIAN_POINT('Ctrl Pts',(-18.5550482418341,7.01030222951966,8.37502735263377));
#4827=CARTESIAN_POINT('Ctrl Pts',(-13.3028231768315,7.15187184226226,15.6809404670379));
#4828=CARTESIAN_POINT('Ctrl Pts',(-4.39186075451461,7.30759841627913,20.3197168020616));
#4829=CARTESIAN_POINT('Ctrl Pts',(6.56074236665529,7.47748195157027,19.7281657707853));
#4830=CARTESIAN_POINT('Ctrl Pts',(14.9173481341635,7.63320852558713,14.1518594800448));
#4831=CARTESIAN_POINT('Ctrl Pts',(19.351160938831,7.77477813832975,6.32326952060945));
#4832=CARTESIAN_POINT('Ctrl Pts',(20.2878279600476,7.90219078979807,-1.71627068416003));
#4833=CARTESIAN_POINT('Ctrl Pts',(18.0143992679464,8.02960344126645,-9.48541929659629));
#4834=CARTESIAN_POINT('Ctrl Pts',(12.8942255233841,8.15701609273477,-15.7584468118099));
#4835=CARTESIAN_POINT('Ctrl Pts',(5.73563731939369,8.28442874420313,-19.5316980888594));
#4836=CARTESIAN_POINT('Ctrl Pts',(-3.67709950876482,8.43307683758286,-20.3504534171067));
#4837=CARTESIAN_POINT('Ctrl Pts',(-13.8049492247761,8.602960372874,-15.8993958389541));
#4838=CARTESIAN_POINT('Ctrl Pts',(-20.3720306385309,8.79407935007651,-5.31339486645973));
#4839=CARTESIAN_POINT('Ctrl Pts',(-19.8112741353614,8.98519832727905,7.1226906731914));
#4840=CARTESIAN_POINT('Ctrl Pts',(-12.3226059923017,9.17631730448155,17.0723597560939));
#4841=CARTESIAN_POINT('Ctrl Pts',(-0.520006551170369,9.36743628168408,21.0459977642518));
#4842=CARTESIAN_POINT('Ctrl Pts',(11.4580291438621,9.55855525888659,17.6627225922212));
#4843=CARTESIAN_POINT('Ctrl Pts',(19.4406741959884,9.74967423608912,8.09269064485748));
#4844=CARTESIAN_POINT('Ctrl Pts',(20.3820338482451,9.90540081010598,-1.99789133754745));
#4845=CARTESIAN_POINT('Ctrl Pts',(17.2718307225572,10.0540489034857,-10.8122133501329));
#4846=CARTESIAN_POINT('Ctrl Pts',(11.7419901912045,10.1814615549541,-16.8852519255652));
#4847=CARTESIAN_POINT('Ctrl Pts',(3.32643856306325,10.3230311676967,-20.0828243048046));
#4848=CARTESIAN_POINT('Ctrl Pts',(-4.76016850668351,10.450443819165,-19.7974451845079));
#4849=CARTESIAN_POINT('Ctrl Pts',(-12.0950682033513,10.5778564706334,-16.3732374753531));
#4850=CARTESIAN_POINT('Ctrl Pts',(-18.4354486333966,10.7265045640131,-9.3699158159719));
#4851=CARTESIAN_POINT('Ctrl Pts',(-21.0105459185244,10.8963880993043,1.38982826561649));
#4852=CARTESIAN_POINT('Ctrl Pts',(-16.5452211476248,11.0875070765067,13.0191025389158));
#4853=CARTESIAN_POINT('Ctrl Pts',(-6.29860254750508,11.2786260537093,20.0888597702023));
#4854=CARTESIAN_POINT('Ctrl Pts',(6.15455874694414,11.4697450309118,20.134845957989));
#4855=CARTESIAN_POINT('Ctrl Pts',(16.4529444495367,11.6608640081143,13.1348117053977));
#4856=CARTESIAN_POINT('Ctrl Pts',(20.9974749166828,11.8519829853168,1.54386513370878));
#4857=CARTESIAN_POINT('Ctrl Pts',(18.1955427324438,12.0431019625194,-10.593517035845));
#4858=CARTESIAN_POINT('Ctrl Pts',(12.0859026368486,12.1705146139877,-16.2050726393813));
#4859=CARTESIAN_POINT('Ctrl Pts',(8.50207341673896,12.2342209397219,-17.9066718736377));
#4860=CARTESIAN_POINT('Ctrl Pts',(9.53476451609177,1.29733727665847,17.840133510857));
#4861=CARTESIAN_POINT('Ctrl Pts',(13.1052767933246,1.36104360239265,15.9318521773955));
#4862=CARTESIAN_POINT('Ctrl Pts',(19.0607494753993,1.48845625386099,9.91560240845565));
#4863=CARTESIAN_POINT('Ctrl Pts',(21.3280954971983,1.67957523106352,-2.59209043776509));
#4864=CARTESIAN_POINT('Ctrl Pts',(16.1336634399274,1.87069420826603,-14.1864519127413));
#4865=CARTESIAN_POINT('Ctrl Pts',(5.29680479057257,2.06181318546856,-20.8222285318111));
#4866=CARTESIAN_POINT('Ctrl Pts',(-7.3944813819385,2.25293216267107,-20.1712869210861));
#4867=CARTESIAN_POINT('Ctrl Pts',(-17.4963805344651,2.4440511398736,-12.4681661687452));
#4868=CARTESIAN_POINT('Ctrl Pts',(-21.4833460212435,2.63517011707611,-0.397443092623009));
#4869=CARTESIAN_POINT('Ctrl Pts',(-18.3377163534144,2.80505365236725,10.444665783549));
#4870=CARTESIAN_POINT('Ctrl Pts',(-11.5333981696828,2.95370174574698,17.2766462255268));
#4871=CARTESIAN_POINT('Ctrl Pts',(-3.89432159317638,3.08111439721533,20.4094220550593));
#4872=CARTESIAN_POINT('Ctrl Pts',(4.36940622714235,3.20852704868368,20.3118185181675));
#4873=CARTESIAN_POINT('Ctrl Pts',(11.9369014216567,3.33593970015202,17.0042780174973));
#4874=CARTESIAN_POINT('Ctrl Pts',(16.6744455782395,3.44211690970899,12.0074847778283));
#4875=CARTESIAN_POINT('Ctrl Pts',(19.0672728987523,3.52705867735454,7.13993676819124));
#4876=CARTESIAN_POINT('Ctrl Pts',(20.814518152909,3.63323588691151,0.58609837224735));
#4877=CARTESIAN_POINT('Ctrl Pts',(19.4179922513021,3.78188398029124,-9.19475174145429));
#4878=CARTESIAN_POINT('Ctrl Pts',(10.8265395508756,3.97300295749376,-18.5571797249195));
#4879=CARTESIAN_POINT('Ctrl Pts',(-1.55498236972143,4.16412193469628,-21.4303301112213));
#4880=CARTESIAN_POINT('Ctrl Pts',(-12.067426705802,4.33400546998741,-17.3133023454349));
#4881=CARTESIAN_POINT('Ctrl Pts',(-18.2525226931452,4.48265356336715,-9.91658322759088));
#4882=CARTESIAN_POINT('Ctrl Pts',(-20.679208594308,4.61006621483549,-2.02413527861297));
#4883=CARTESIAN_POINT('Ctrl Pts',(-19.8305623189026,4.73747886630384,6.19572947127978));
#4884=CARTESIAN_POINT('Ctrl Pts',(-15.8499551932992,4.86489151777219,13.432721406484));
#4885=CARTESIAN_POINT('Ctrl Pts',(-9.36212290697934,4.99230416924054,18.5474786834805));
#4886=CARTESIAN_POINT('Ctrl Pts',(-1.39471472697229,5.11971682070888,20.7297370477679));
#4887=CARTESIAN_POINT('Ctrl Pts',(6.79322463545749,5.24712947217723,19.6342945322114));
#4888=CARTESIAN_POINT('Ctrl Pts',(13.9073746997005,5.37454212364557,15.435144688085));
#4889=CARTESIAN_POINT('Ctrl Pts',(18.822698321853,5.50195477511393,8.79571230081547));
#4890=CARTESIAN_POINT('Ctrl Pts',(20.7622829573036,5.62936742658227,0.765683632499566));
#4891=CARTESIAN_POINT('Ctrl Pts',(19.4194496781939,5.75678007805062,-7.38538936954615));
#4892=CARTESIAN_POINT('Ctrl Pts',(15.0064683556555,5.88419272951896,-14.3688375470774));
#4893=CARTESIAN_POINT('Ctrl Pts',(8.22111011610986,6.01160538098731,-19.0807271383393));
#4894=CARTESIAN_POINT('Ctrl Pts',(0.13588262611775,6.13901803245566,-20.7758679682723));
#4895=CARTESIAN_POINT('Ctrl Pts',(-7.9705209868348,6.266430683924,-19.1868077579694));
#4896=CARTESIAN_POINT('Ctrl Pts',(-14.8174349244136,6.39384333539236,-14.5636846971095));
#4897=CARTESIAN_POINT('Ctrl Pts',(-19.320572806575,6.5212559868607,-7.63954993354879));
#4898=CARTESIAN_POINT('Ctrl Pts',(-20.7716007873539,6.64866863832905,0.495191171642277));
#4899=CARTESIAN_POINT('Ctrl Pts',(-18.9347672152402,6.7760812897974,8.54648080633667));
#4900=CARTESIAN_POINT('Ctrl Pts',(-13.5750308943204,6.91765090254001,16.0018999405957));
#4901=CARTESIAN_POINT('Ctrl Pts',(-4.48168601369323,7.07337747655686,20.7355870599106));
#4902=CARTESIAN_POINT('Ctrl Pts',(6.69506846490102,7.24326101184801,20.1318985752044));
#4903=CARTESIAN_POINT('Ctrl Pts',(15.222682530128,7.39898758586486,14.4414455023583));
#4904=CARTESIAN_POINT('Ctrl Pts',(19.7472144471642,7.54055719860749,6.45262520691891));
#4905=CARTESIAN_POINT('Ctrl Pts',(20.703028340612,7.66796985007582,-1.75145270913991));
#4906=CARTESIAN_POINT('Ctrl Pts',(18.3830503293527,7.79538250154417,-9.67959620626915));
#4907=CARTESIAN_POINT('Ctrl Pts',(13.1580707723638,7.92279515301252,-16.0809913555077));
#4908=CARTESIAN_POINT('Ctrl Pts',(5.85296617341311,8.05020780448086,-19.9314447624885));
#4909=CARTESIAN_POINT('Ctrl Pts',(-3.75241150562279,8.19885589786061,-20.766929936191));
#4910=CARTESIAN_POINT('Ctrl Pts',(-14.0875224989035,8.36873943315173,-16.2247496113939));
#4911=CARTESIAN_POINT('Ctrl Pts',(-20.7889741396091,8.55985841035426,-5.42207984702995));
#4912=CARTESIAN_POINT('Ctrl Pts',(-20.2167062263468,8.75097738755677,7.26851768893584));
#4913=CARTESIAN_POINT('Ctrl Pts',(-12.5747489194337,8.9420963647593,17.421792874294));
#4914=CARTESIAN_POINT('Ctrl Pts',(-0.530589433266823,9.13321534196181,21.4767209590405));
#4915=CARTESIAN_POINT('Ctrl Pts',(11.6925759627142,9.32433431916434,18.0241707629262));
#4916=CARTESIAN_POINT('Ctrl Pts',(19.8385646552187,9.51545329636685,8.25825857494535));
#4917=CARTESIAN_POINT('Ctrl Pts',(20.7991614259403,9.67117987038373,-2.03883720107009));
#4918=CARTESIAN_POINT('Ctrl Pts',(17.6252808291733,9.81982796376346,-11.0335419728841));
#4919=CARTESIAN_POINT('Ctrl Pts',(11.9822509199883,9.9472406152318,-17.2308541056672));
#4920=CARTESIAN_POINT('Ctrl Pts',(3.39445984735746,10.0888102279744,-20.4938433758786));
#4921=CARTESIAN_POINT('Ctrl Pts',(-4.85764474052218,10.2162228794428,-20.2026009274585));
#4922=CARTESIAN_POINT('Ctrl Pts',(-12.3426488507539,10.3436355309111,-16.7082935917488));
#4923=CARTESIAN_POINT('Ctrl Pts',(-18.812770023567,10.4922836242908,-9.56162593133223));
#4924=CARTESIAN_POINT('Ctrl Pts',(-21.4405381721844,10.662167159582,1.41833144879474));
#4925=CARTESIAN_POINT('Ctrl Pts',(-16.8837944261692,10.8532861367845,13.2855947100135));
#4926=CARTESIAN_POINT('Ctrl Pts',(-6.42745132299962,11.044405113987,20.5000107546435));
#4927=CARTESIAN_POINT('Ctrl Pts',(6.28057314898372,11.2355240911895,20.5469029167152));
#4928=CARTESIAN_POINT('Ctrl Pts',(16.7897030743437,11.4266430683921,13.4035787652899));
#4929=CARTESIAN_POINT('Ctrl Pts',(21.4272079472618,11.6177620455946,1.57540216695205));
#4930=CARTESIAN_POINT('Ctrl Pts',(18.5678978979604,11.8088810227971,-10.8103724870063));
#4931=CARTESIAN_POINT('Ctrl Pts',(12.3332037060993,11.9362936742654,-16.5367554246863));
#4932=CARTESIAN_POINT('Ctrl Pts',(8.67602399635405,11.9999999999996,-18.2731690102515));
#4933=CARTESIAN_POINT('Ctrl Pts',(8.6760239963853,12.,-18.2731690102349));
#4934=CARTESIAN_POINT('Ctrl Pts',(9.0498460026244,12.,-18.0830307161098));
#4935=CARTESIAN_POINT('Ctrl Pts',(9.41743393598126,12.0000000000001,-17.8810185412691));
#4936=CARTESIAN_POINT('Ctrl Pts',(9.77836832240081,12.0000000000004,-17.6675881319393));
#4937=CARTESIAN_POINT('Ctrl Pts',(10.1410463626331,12.0000000000007,-17.4531266522517));
#4938=CARTESIAN_POINT('Ctrl Pts',(10.4970068333685,12.0000000000011,-17.227135989037));
#4939=CARTESIAN_POINT('Ctrl Pts',(10.8457926016762,12.0000000000017,-16.9900365491987));
#4940=CARTESIAN_POINT('Ctrl Pts',(11.036944803713,12.000000000002,-16.8600940912633));
#4941=CARTESIAN_POINT('Ctrl Pts',(11.2259414287793,12.0000000000024,-16.7268143086296));
#4942=CARTESIAN_POINT('Ctrl Pts',(11.4127025412545,12.0000000000028,-16.5902617076883));
#4943=CARTESIAN_POINT('Ctrl Pts',(11.52542413397,12.000000000003,-16.5078439791605));
#4944=CARTESIAN_POINT('Ctrl Pts',(11.6373312961357,12.0000000000033,-16.4242339504106));
#4945=CARTESIAN_POINT('Ctrl Pts',(11.7484058082237,12.0000000000035,-16.3394452755584));
#4946=CARTESIAN_POINT('Ctrl Pts',(11.8645805400922,12.0000000000038,-16.2507633504139));
#4947=CARTESIAN_POINT('Ctrl Pts',(11.9798512850551,12.000000000004,-16.1607868496248));
#4948=CARTESIAN_POINT('Ctrl Pts',(12.0942000458368,12.0000000000043,-16.0695273581799));
#4949=CARTESIAN_POINT('Ctrl Pts',(12.1237176784696,12.0000000000044,-16.0459699175543));
#4950=CARTESIAN_POINT('Ctrl Pts',(12.1531738066561,12.0000000000045,-16.0223270320392));
#4951=CARTESIAN_POINT('Ctrl Pts',(12.1825680612556,12.0000000000045,-15.9985989351462));
#4952=CARTESIAN_POINT('Ctrl Pts',(12.2133628816586,12.0000000000046,-15.9737402512882));
#4953=CARTESIAN_POINT('Ctrl Pts',(12.2440824535126,12.0000000000047,-15.9487939579793));
#4954=CARTESIAN_POINT('Ctrl Pts',(12.2747239465026,12.0000000000048,-15.9237625209082));
#4955=CARTESIAN_POINT('Ctrl Pts',(12.599197084148,12.0000000000055,-15.6586961637016));
#4956=CARTESIAN_POINT('Ctrl Pts',(12.9150089114289,12.0000000000061,-15.3840120024713));
#4957=CARTESIAN_POINT('Ctrl Pts',(13.2217748282893,12.0000000000067,-15.1001991261565));
#4958=CARTESIAN_POINT('Ctrl Pts',(13.5301601430411,12.0000000000073,-14.814888019601));
#4959=CARTESIAN_POINT('Ctrl Pts',(13.8294041968769,12.0000000000079,-14.5203511905323));
#4960=CARTESIAN_POINT('Ctrl Pts',(14.1190849367631,12.0000000000087,-14.2170431334035));
#4961=CARTESIAN_POINT('Ctrl Pts',(14.4199700527952,12.0000000000095,-13.9020036178371));
#4962=CARTESIAN_POINT('Ctrl Pts',(14.7105384638878,12.0000000000105,-13.5775010362393));
#4963=CARTESIAN_POINT('Ctrl Pts',(14.9902747140062,12.0000000000117,-13.2440032077279));
#4964=CARTESIAN_POINT('Ctrl Pts',(15.2570500426802,12.0000000000128,-12.9259572169936));
#4965=CARTESIAN_POINT('Ctrl Pts',(15.5139737756403,12.0000000000141,-12.5997295703081));
#4966=CARTESIAN_POINT('Ctrl Pts',(15.760556358476,12.0000000000156,-12.2656961857159));
#4967=CARTESIAN_POINT('Ctrl Pts',(16.0047596839743,12.000000000017,-11.9348858648621));
#4968=CARTESIAN_POINT('Ctrl Pts',(16.238820747927,12.0000000000186,-11.5964193175202));
#4969=CARTESIAN_POINT('Ctrl Pts',(16.4622184779002,12.0000000000201,-11.2506390045504));
#4970=CARTESIAN_POINT('Ctrl Pts',(16.592532728275,12.000000000021,-11.0489355123779));
#4971=CARTESIAN_POINT('Ctrl Pts',(16.7192176684539,12.0000000000219,-10.8447429552825));
#4972=CARTESIAN_POINT('Ctrl Pts',(16.8421619998963,12.0000000000227,-10.6381264917295));
#4973=CARTESIAN_POINT('Ctrl Pts',(16.9036341656175,12.0000000000231,-10.534818259953));
#4974=CARTESIAN_POINT('Ctrl Pts',(16.9641710849909,12.0000000000234,-10.4309040225523));
#4975=CARTESIAN_POINT('Ctrl Pts',(17.0237582648768,12.0000000000238,-10.3263917652966));
#4976=CARTESIAN_POINT('Ctrl Pts',(17.0597424392873,12.000000000024,-10.2632777313663));
#4977=CARTESIAN_POINT('Ctrl Pts',(17.095380250738,12.0000000000242,-10.1999456068721));
#4978=CARTESIAN_POINT('Ctrl Pts',(17.1306684365621,12.0000000000244,-10.1363971341144));
#4979=CARTESIAN_POINT('Ctrl Pts',(17.1538149240629,12.0000000000246,-10.0947139504644));
#4980=CARTESIAN_POINT('Ctrl Pts',(17.1768130553523,12.0000000000247,-10.0529338327746));
#4981=CARTESIAN_POINT('Ctrl Pts',(17.1996499791609,12.0000000000248,-10.0110792975961));
#4982=CARTESIAN_POINT('Ctrl Pts',(17.3946621733949,12.0000000000259,-9.6536693061186));
#4983=CARTESIAN_POINT('Ctrl Pts',(17.5780651871448,12.0000000000266,-9.29058342150015));
#4984=CARTESIAN_POINT('Ctrl Pts',(17.7498577146254,12.0000000000272,-8.92245347087652));
#4985=CARTESIAN_POINT('Ctrl Pts',(17.924029661939,12.0000000000278,-8.54922472044754));
#4986=CARTESIAN_POINT('Ctrl Pts',(18.0862674534174,12.0000000000284,-8.17081073709195));
#4987=CARTESIAN_POINT('Ctrl Pts',(18.2365242449874,12.000000000029,-7.78784210562824));
#4988=CARTESIAN_POINT('Ctrl Pts',(18.3884836581906,12.0000000000296,-7.40053389876171));
#4989=CARTESIAN_POINT('Ctrl Pts',(18.5281891897521,12.0000000000302,-7.0085667169943));
#4990=CARTESIAN_POINT('Ctrl Pts',(18.6555434675398,12.000000000031,-6.61257210321155));
#4991=CARTESIAN_POINT('Ctrl Pts',(18.7829047998265,12.0000000000318,-6.21655555421283));
#4992=CARTESIAN_POINT('Ctrl Pts',(18.8979136078076,12.0000000000327,-5.81651056464957));
#4993=CARTESIAN_POINT('Ctrl Pts',(19.0004218995754,12.0000000000337,-5.41305639411043));
#4994=CARTESIAN_POINT('Ctrl Pts',(19.1023753800507,12.0000000000347,-5.01178586087429));
#4995=CARTESIAN_POINT('Ctrl Pts',(19.1919633494738,12.0000000000357,-4.60714239738003));
#4996=CARTESIAN_POINT('Ctrl Pts',(19.2689890647904,12.0000000000367,-4.19973134879125));
#4997=CARTESIAN_POINT('Ctrl Pts',(19.3452310446251,12.0000000000376,-3.79646570142608));
#4998=CARTESIAN_POINT('Ctrl Pts',(19.4091651309944,12.0000000000385,-3.39048798305715));
#4999=CARTESIAN_POINT('Ctrl Pts',(19.4605497774513,12.000000000039,-2.98238936002218));
#5000=CARTESIAN_POINT('Ctrl Pts',(19.4684938548615,12.000000000039,-2.91929722499824));
#5001=CARTESIAN_POINT('Ctrl Pts',(19.4761378852648,12.0000000000391,-2.85615441466694));
#5002=CARTESIAN_POINT('Ctrl Pts',(19.4834808658314,12.0000000000391,-2.79296313465941));
#5003=CARTESIAN_POINT('Ctrl Pts',(19.4876385598776,12.0000000000392,-2.75718338469679));
#5004=CARTESIAN_POINT('Ctrl Pts',(19.4916992703625,12.0000000000392,-2.72139198820676));
#5005=CARTESIAN_POINT('Ctrl Pts',(19.4956620228181,12.0000000000392,-2.68559744745113));
#5006=CARTESIAN_POINT('Ctrl Pts',(19.5412423885337,12.0000000000395,-2.2738815311622));
#5007=CARTESIAN_POINT('Ctrl Pts',(19.5739044800761,12.0000000000394,-1.86143032480436));
#5008=CARTESIAN_POINT('Ctrl Pts',(19.5935758742171,12.0000000000391,-1.44885918607708));
#5009=CARTESIAN_POINT('Ctrl Pts',(19.6132336348265,12.0000000000389,-1.0365739854791));
#5010=CARTESIAN_POINT('Ctrl Pts',(19.6199187713535,12.0000000000385,-0.624168459854413));
#5011=CARTESIAN_POINT('Ctrl Pts',(19.6135076593473,12.0000000000382,-0.212248745989422));
#5012=CARTESIAN_POINT('Ctrl Pts',(19.607146154173,12.0000000000378,0.196483684303942));
#5013=CARTESIAN_POINT('Ctrl Pts',(19.5878903014657,12.0000000000375,0.604738327034133));
#5014=CARTESIAN_POINT('Ctrl Pts',(19.5555681686246,12.0000000000374,1.01192266908975));
#5015=CARTESIAN_POINT('Ctrl Pts',(19.5443881840084,12.0000000000373,1.15276469528006));
#5016=CARTESIAN_POINT('Ctrl Pts',(19.531644474997,12.0000000000372,1.29347862913959));
#5017=CARTESIAN_POINT('Ctrl Pts',(19.517328478661,12.0000000000372,1.43403976341878));
#5018=CARTESIAN_POINT('Ctrl Pts',(19.475614840051,12.0000000000371,1.84360373789227));
#5019=CARTESIAN_POINT('Ctrl Pts',(19.4205559834467,12.000000000037,2.25187151406877));
#5020=CARTESIAN_POINT('Ctrl Pts',(19.3523980303566,12.000000000037,2.65826579230711));
#5021=CARTESIAN_POINT('Ctrl Pts',(19.2806942655155,12.000000000037,3.08580210228137));
#5022=CARTESIAN_POINT('Ctrl Pts',(19.1944932363452,12.000000000037,3.51126572213095));
#5023=CARTESIAN_POINT('Ctrl Pts',(19.094023869697,12.0000000000368,3.93396174102832));
#5024=CARTESIAN_POINT('Ctrl Pts',(19.0500685217885,12.0000000000367,4.11889124929592));
#5025=CARTESIAN_POINT('Ctrl Pts',(19.0033813879631,12.0000000000365,4.30329066239069));
#5026=CARTESIAN_POINT('Ctrl Pts',(18.953978293971,12.0000000000363,4.48709988833193));
#5027=CARTESIAN_POINT('Ctrl Pts',(18.9319501281141,12.0000000000362,4.56905791540868));
#5028=CARTESIAN_POINT('Ctrl Pts',(18.9093819633322,12.000000000036,4.65089858746227));
#5029=CARTESIAN_POINT('Ctrl Pts',(18.8862750774024,12.0000000000359,4.73261649053951));
#5030=CARTESIAN_POINT('Ctrl Pts',(18.8757791476096,12.0000000000358,4.76973552839325));
#5031=CARTESIAN_POINT('Ctrl Pts',(18.8651719581424,12.0000000000358,4.80682949708782));
#5032=CARTESIAN_POINT('Ctrl Pts',(18.8544579165312,12.0000000000357,4.84388334263387));
#5033=CARTESIAN_POINT('Ctrl Pts',(18.7411010897052,12.000000000035,5.23592086733533));
#5034=CARTESIAN_POINT('Ctrl Pts',(18.6156750795214,12.0000000000338,5.6238683739077));
#5035=CARTESIAN_POINT('Ctrl Pts',(18.4785082039202,12.0000000000325,6.00719325302738));
#5036=CARTESIAN_POINT('Ctrl Pts',(18.3404558405885,12.0000000000313,6.39299270536855));
#5037=CARTESIAN_POINT('Ctrl Pts',(18.1905103374027,12.0000000000299,6.77411017570899));
#5038=CARTESIAN_POINT('Ctrl Pts',(18.028954843991,12.0000000000286,7.1499905424232));
#5039=CARTESIAN_POINT('Ctrl Pts',(17.8672284540143,12.0000000000273,7.52626852275103));
#5040=CARTESIAN_POINT('Ctrl Pts',(17.6938672614887,12.000000000026,7.89729882906157));
#5041=CARTESIAN_POINT('Ctrl Pts',(17.509107142845,12.000000000025,8.26250467512467));
#5042=CARTESIAN_POINT('Ctrl Pts',(17.3259521534909,12.0000000000239,8.62453774448393));
#5043=CARTESIAN_POINT('Ctrl Pts',(17.1315951446068,12.000000000023,8.98084757395587));
#5044=CARTESIAN_POINT('Ctrl Pts',(16.9262226451085,12.0000000000222,9.33084553268098));
#5045=CARTESIAN_POINT('Ctrl Pts',(16.722791328914,12.0000000000214,9.67753530654448));
#5046=CARTESIAN_POINT('Ctrl Pts',(16.5085515017264,12.0000000000207,10.0180323915019));
#5047=CARTESIAN_POINT('Ctrl Pts',(16.2836460284306,12.00000000002,10.3517317861921));
#5048=CARTESIAN_POINT('Ctrl Pts',(16.090952939609,12.0000000000194,10.6376366428346));
#5049=CARTESIAN_POINT('Ctrl Pts',(15.8904299208496,12.0000000000187,10.9185512159508));
#5050=CARTESIAN_POINT('Ctrl Pts',(15.6821462321727,12.0000000000178,11.1940718965502));
#5051=CARTESIAN_POINT('Ctrl Pts',(15.6430324662998,12.0000000000177,11.2458121526526));
#5052=CARTESIAN_POINT('Ctrl Pts',(15.6036449659953,12.0000000000175,11.2973621245929));
#5053=CARTESIAN_POINT('Ctrl Pts',(15.5639841196561,12.0000000000173,11.3487190450401));
#5054=CARTESIAN_POINT('Ctrl Pts',(15.5380165728536,12.0000000000172,11.3823444806634));
#5055=CARTESIAN_POINT('Ctrl Pts',(15.511931846369,12.0000000000171,11.4158871574512));
#5056=CARTESIAN_POINT('Ctrl Pts',(15.4857300442218,12.000000000017,11.4493462913442));
#5057=CARTESIAN_POINT('Ctrl Pts',(15.4612760924176,12.0000000000168,11.4805734582021));
#5058=CARTESIAN_POINT('Ctrl Pts',(15.4367261012201,12.0000000000167,11.5117202701431));
#5059=CARTESIAN_POINT('Ctrl Pts',(15.4120809673941,12.0000000000166,11.5427853623939));
#5060=CARTESIAN_POINT('Ctrl Pts',(15.2886960487574,12.000000000016,11.6983115570116));
#5061=CARTESIAN_POINT('Ctrl Pts',(15.1629210751649,12.0000000000153,11.8517966783424));
#5062=CARTESIAN_POINT('Ctrl Pts',(15.0347831546528,12.0000000000147,12.0031756751854));
#5063=CARTESIAN_POINT('Ctrl Pts',(14.7744035718761,12.0000000000133,12.3107817287377));
#5064=CARTESIAN_POINT('Ctrl Pts',(14.5042696478956,12.000000000012,12.6096935584018));
#5065=CARTESIAN_POINT('Ctrl Pts',(14.2249500978576,12.0000000000107,12.8996365779863));
#5066=CARTESIAN_POINT('Ctrl Pts',(13.9434952828532,12.0000000000094,13.1917960739038));
#5067=CARTESIAN_POINT('Ctrl Pts',(13.652713424163,12.0000000000083,13.4748494465641));
#5068=CARTESIAN_POINT('Ctrl Pts',(13.3531486270378,12.0000000000073,13.7484784564298));
#5069=CARTESIAN_POINT('Ctrl Pts',(13.0528948365132,12.0000000000063,14.022736807872));
#5070=CARTESIAN_POINT('Ctrl Pts',(12.7438171812708,12.0000000000055,14.2875277098394));
#5071=CARTESIAN_POINT('Ctrl Pts',(12.4264327303449,12.0000000000048,14.542488532918));
#5072=CARTESIAN_POINT('Ctrl Pts',(12.1584214256436,12.0000000000042,14.7577869908029));
#5073=CARTESIAN_POINT('Ctrl Pts',(11.8844860773365,12.0000000000036,14.9660752469607));
#5074=CARTESIAN_POINT('Ctrl Pts',(11.6049247992682,12.0000000000031,15.1671090875698));
#5075=CARTESIAN_POINT('Ctrl Pts',(11.5626748682738,12.000000000003,15.1974912132775));
#5076=CARTESIAN_POINT('Ctrl Pts',(11.5202964217042,12.0000000000029,15.2277076010081));
#5077=CARTESIAN_POINT('Ctrl Pts',(11.4777904694964,12.0000000000028,15.2577573575823));
#5078=CARTESIAN_POINT('Ctrl Pts',(11.441422119778,12.0000000000027,15.283468111001));
#5079=CARTESIAN_POINT('Ctrl Pts',(11.4049672053825,12.0000000000026,15.3090520765082));
#5080=CARTESIAN_POINT('Ctrl Pts',(11.3684300009566,12.0000000000026,15.3345063931201));
#5081=CARTESIAN_POINT('Ctrl Pts',(11.0343168180787,12.0000000000019,15.5672724975556));
#5082=CARTESIAN_POINT('Ctrl Pts',(10.6932307029777,12.0000000000012,15.7892673614948));
#5083=CARTESIAN_POINT('Ctrl Pts',(10.3457325021814,12.0000000000008,16.0001830488448));
#5084=CARTESIAN_POINT('Ctrl Pts',(9.99779170941795,12.0000000000004,16.2113673694964));
#5085=CARTESIAN_POINT('Ctrl Pts',(9.64342199585041,12.0000000000001,16.4114445699649));
#5086=CARTESIAN_POINT('Ctrl Pts',(9.28315814827992,12.,16.6000617952026));
#5087=CARTESIAN_POINT('Ctrl Pts',(9.17569338474716,12.,16.6563252966476));
#5088=CARTESIAN_POINT('Ctrl Pts',(9.06770400005568,12.,16.7115687815305));
#5089=CARTESIAN_POINT('Ctrl Pts',(8.95920380328353,12.,16.7657820711969));
#5090=CARTESIAN_POINT('Ctrl Pts',(8.67421013964742,2.,-18.2719567623747));
#5091=CARTESIAN_POINT('Ctrl Pts',(9.04991749349876,2.,-18.0801365553598));
#5092=CARTESIAN_POINT('Ctrl Pts',(9.41960956807705,2.0000000000001,-17.8767214784465));
#5093=CARTESIAN_POINT('Ctrl Pts',(9.78275907488549,2.00000000000038,-17.6620545239671));
#5094=CARTESIAN_POINT('Ctrl Pts',(10.144730757409,2.00000000000066,-17.4480838115241));
#5095=CARTESIAN_POINT('Ctrl Pts',(10.5002026862123,2.00000000000111,-17.2229337544008));
#5096=CARTESIAN_POINT('Ctrl Pts',(10.8486215106723,2.0000000000017,-16.9869029120119));
#5097=CARTESIAN_POINT('Ctrl Pts',(11.0437466218097,2.00000000000203,-16.8547184801738));
#5098=CARTESIAN_POINT('Ctrl Pts',(11.2366590427144,2.00000000000241,-16.7191207549329));
#5099=CARTESIAN_POINT('Ctrl Pts',(11.427256495275,2.00000000000281,-16.5801571075687));
#5100=CARTESIAN_POINT('Ctrl Pts',(11.5375461785625,2.00000000000304,-16.4997454522692));
#5101=CARTESIAN_POINT('Ctrl Pts',(11.6470606495282,2.00000000000328,-16.4182066910099));
#5102=CARTESIAN_POINT('Ctrl Pts',(11.7557794678707,2.00000000000352,-16.335549488493));
#5103=CARTESIAN_POINT('Ctrl Pts',(11.8008133557843,2.00000000000362,-16.3013109339342));
#5104=CARTESIAN_POINT('Ctrl Pts',(11.8457120957895,2.00000000000372,-16.2668794311899));
#5105=CARTESIAN_POINT('Ctrl Pts',(11.8904755719344,2.00000000000382,-16.2322544520682));
#5106=CARTESIAN_POINT('Ctrl Pts',(11.9229155062203,2.0000000000039,-16.2071618510442));
#5107=CARTESIAN_POINT('Ctrl Pts',(11.9552772376352,2.00000000000397,-16.1819731632663));
#5108=CARTESIAN_POINT('Ctrl Pts',(11.9875560347291,2.00000000000404,-16.1566920821835));
#5109=CARTESIAN_POINT('Ctrl Pts',(12.3191067175083,2.00000000000477,-15.8970182266172));
#5110=CARTESIAN_POINT('Ctrl Pts',(12.6420542631075,2.0000000000053,-15.6274886105296));
#5111=CARTESIAN_POINT('Ctrl Pts',(12.9559095943203,2.00000000000586,-15.3484838676696));
#5112=CARTESIAN_POINT('Ctrl Pts',(13.2695634057859,2.00000000000642,-15.0696582677449));
#5113=CARTESIAN_POINT('Ctrl Pts',(13.5741371204275,2.00000000000701,-14.7813693684906));
#5114=CARTESIAN_POINT('Ctrl Pts',(13.8691123772671,2.00000000000776,-14.4839547925143));
#5115=CARTESIAN_POINT('Ctrl Pts',(14.1618345801638,2.00000000000851,-14.1888119022727));
#5116=CARTESIAN_POINT('Ctrl Pts',(14.445104784006,2.00000000000942,-13.8846818491779));
#5117=CARTESIAN_POINT('Ctrl Pts',(14.7183804681953,2.00000000001053,-13.5718581865408));
#5118=CARTESIAN_POINT('Ctrl Pts',(14.8220567276415,2.00000000001095,-13.4531780803882));
#5119=CARTESIAN_POINT('Ctrl Pts',(14.9242940566347,2.0000000000114,-13.3332463396105));
#5120=CARTESIAN_POINT('Ctrl Pts',(15.0250612826273,2.00000000001187,-13.2120777697761));
#5121=CARTESIAN_POINT('Ctrl Pts',(15.292736912623,2.00000000001313,-12.8902085018013));
#5122=CARTESIAN_POINT('Ctrl Pts',(15.5500422586244,2.00000000001457,-12.5596135467272));
#5123=CARTESIAN_POINT('Ctrl Pts',(15.7967330802751,2.0000000000161,-12.220874888046));
#5124=CARTESIAN_POINT('Ctrl Pts',(16.0436330781157,2.00000000001763,-11.881849003186));
#5125=CARTESIAN_POINT('Ctrl Pts',(16.2799007648526,2.00000000001924,-11.5346650770994));
#5126=CARTESIAN_POINT('Ctrl Pts',(16.5052437946096,2.00000000002072,-11.1798852615558));
#5127=CARTESIAN_POINT('Ctrl Pts',(16.6103201992084,2.00000000002142,-11.0144530869651));
#5128=CARTESIAN_POINT('Ctrl Pts',(16.71302054741,2.00000000002208,-10.847369074316));
#5129=CARTESIAN_POINT('Ctrl Pts',(16.8133114637021,2.00000000002269,-10.6786891245434));
#5130=CARTESIAN_POINT('Ctrl Pts',(16.8467166248958,2.00000000002289,-10.6225047648762));
#5131=CARTESIAN_POINT('Ctrl Pts',(16.8798544539392,2.00000000002308,-10.5661433410393));
#5132=CARTESIAN_POINT('Ctrl Pts',(16.9127236568865,2.00000000002327,-10.509606906512));
#5133=CARTESIAN_POINT('Ctrl Pts',(16.933329925576,2.00000000002339,-10.4741632432602));
#5134=CARTESIAN_POINT('Ctrl Pts',(16.95383061684,2.0000000000235,-10.4386507962904));
#5135=CARTESIAN_POINT('Ctrl Pts',(16.9742254056956,2.00000000002361,-10.4030700705524));
#5136=CARTESIAN_POINT('Ctrl Pts',(16.9953241434267,2.00000000002373,-10.3662612363966));
#5137=CARTESIAN_POINT('Ctrl Pts',(17.016305752242,2.00000000002384,-10.3293859055577));
#5138=CARTESIAN_POINT('Ctrl Pts',(17.0371660294418,2.00000000002395,-10.2924518297023));
#5139=CARTESIAN_POINT('Ctrl Pts',(17.2413070138501,2.000000000025,-9.9310108703543));
#5140=CARTESIAN_POINT('Ctrl Pts',(17.4339529301455,2.00000000002572,-9.56373557395978));
#5141=CARTESIAN_POINT('Ctrl Pts',(17.6149494930987,2.00000000002637,-9.1912362194343));
#5142=CARTESIAN_POINT('Ctrl Pts',(17.7970832858921,2.00000000002702,-8.81639639294335));
#5143=CARTESIAN_POINT('Ctrl Pts',(17.9674211097356,2.00000000002759,-8.43626615173211));
#5144=CARTESIAN_POINT('Ctrl Pts',(18.1257610210725,2.00000000002824,-8.05143899771734));
#5145=CARTESIAN_POINT('Ctrl Pts',(18.2842492004651,2.00000000002889,-7.66625149504859));
#5146=CARTESIAN_POINT('Ctrl Pts',(18.4307171895609,2.00000000002962,-7.27635775281258));
#5147=CARTESIAN_POINT('Ctrl Pts',(18.5649145815154,2.00000000003046,-6.88233240811735));
#5148=CARTESIAN_POINT('Ctrl Pts',(18.6979305542655,2.0000000000313,-6.49177590214124));
#5149=CARTESIAN_POINT('Ctrl Pts',(18.8188911518989,2.00000000003226,-6.0971596930891));
#5150=CARTESIAN_POINT('Ctrl Pts',(18.9275031912889,2.00000000003328,-5.69903109842437));
#5151=CARTESIAN_POINT('Ctrl Pts',(19.0350893153235,2.00000000003429,-5.30466310194878));
#5152=CARTESIAN_POINT('Ctrl Pts',(19.1305591742332,2.00000000003536,-4.9068482703435));
#5153=CARTESIAN_POINT('Ctrl Pts',(19.213577455595,2.00000000003633,-4.50611398827966));
#5154=CARTESIAN_POINT('Ctrl Pts',(19.2864509577099,2.00000000003718,-4.15434917127246));
#5155=CARTESIAN_POINT('Ctrl Pts',(19.3497294426618,2.00000000003795,-3.8003345491367));
#5156=CARTESIAN_POINT('Ctrl Pts',(19.4031524928448,2.00000000003846,-3.44442832486575));
#5157=CARTESIAN_POINT('Ctrl Pts',(19.4139559821879,2.00000000003857,-3.37245510192408));
#5158=CARTESIAN_POINT('Ctrl Pts',(19.4243563271212,2.00000000003866,-3.30040453395595));
#5159=CARTESIAN_POINT('Ctrl Pts',(19.4343512114502,2.00000000003874,-3.22827960513319));
#5160=CARTESIAN_POINT('Ctrl Pts',(19.4423055406352,2.0000000000388,-3.17087969859855));
#5161=CARTESIAN_POINT('Ctrl Pts',(19.4500039157775,2.00000000003886,-3.11342574524575));
#5162=CARTESIAN_POINT('Ctrl Pts',(19.4574405136042,2.00000000003891,-3.05595617848301));
#5163=CARTESIAN_POINT('Ctrl Pts',(19.4868671495321,2.0000000000391,-2.82854896116649));
#5164=CARTESIAN_POINT('Ctrl Pts',(19.5122076468227,2.00000000003916,-2.60081545845202));
#5165=CARTESIAN_POINT('Ctrl Pts',(19.5334268900538,2.00000000003914,-2.37285144571913));
#5166=CARTESIAN_POINT('Ctrl Pts',(19.5710480272837,2.00000000003912,-1.96867749318438));
#5167=CARTESIAN_POINT('Ctrl Pts',(19.5957173687926,2.00000000003886,-1.56377936783415));
#5168=CARTESIAN_POINT('Ctrl Pts',(19.6076644400951,2.00000000003857,-1.15874461687083));
#5169=CARTESIAN_POINT('Ctrl Pts',(19.6197556537802,2.00000000003829,-0.74882308884506));
#5170=CARTESIAN_POINT('Ctrl Pts',(19.6188157206368,2.00000000003798,-0.338761093309));
#5171=CARTESIAN_POINT('Ctrl Pts',(19.6050296535089,2.00000000003776,0.0708371049721375));
#5172=CARTESIAN_POINT('Ctrl Pts',(19.5911378776308,2.00000000003753,0.483576018675967));
#5173=CARTESIAN_POINT('Ctrl Pts',(19.5642021400352,2.0000000000374,0.895844553610948));
#5174=CARTESIAN_POINT('Ctrl Pts',(19.5243591706714,2.00000000003736,1.30702106925023));
#5175=CARTESIAN_POINT('Ctrl Pts',(19.4846123695883,2.00000000003732,1.71720513530222));
#5176=CARTESIAN_POINT('Ctrl Pts',(19.4320204214765,2.00000000003737,2.1263029970182));
#5177=CARTESIAN_POINT('Ctrl Pts',(19.3666687147379,2.00000000003739,2.53368585352809));
#5178=CARTESIAN_POINT('Ctrl Pts',(19.301819157538,2.00000000003741,2.93793846105685));
#5179=CARTESIAN_POINT('Ctrl Pts',(19.2244049980908,2.00000000003742,3.34050283275795));
#5180=CARTESIAN_POINT('Ctrl Pts',(19.1344625151524,2.00000000003717,3.74074515686165));
#5181=CARTESIAN_POINT('Ctrl Pts',(19.1045748335372,2.00000000003708,3.87374476684509));
#5182=CARTESIAN_POINT('Ctrl Pts',(19.0733033752259,2.00000000003697,4.00648777888262));
#5183=CARTESIAN_POINT('Ctrl Pts',(19.0406483563065,2.00000000003682,4.13895030682054));
#5184=CARTESIAN_POINT('Ctrl Pts',(19.0261458677204,2.00000000003676,4.19777851648259));
#5185=CARTESIAN_POINT('Ctrl Pts',(19.0113704845569,2.00000000003668,4.2565514001069));
#5186=CARTESIAN_POINT('Ctrl Pts',(18.9963221911624,2.0000000000366,4.31526684254542));
#5187=CARTESIAN_POINT('Ctrl Pts',(18.9873392469862,2.00000000003655,4.35031650086107));
#5188=CARTESIAN_POINT('Ctrl Pts',(18.9782590539479,2.00000000003649,4.38534569038817));
#5189=CARTESIAN_POINT('Ctrl Pts',(18.9690816051292,2.00000000003644,4.42035395869854));
#5190=CARTESIAN_POINT('Ctrl Pts',(18.9593930816256,2.00000000003638,4.45731177094492));
#5191=CARTESIAN_POINT('Ctrl Pts',(18.9495983316775,2.00000000003631,4.49423798951447));
#5192=CARTESIAN_POINT('Ctrl Pts',(18.9396984204515,2.00000000003625,4.53112872148733));
#5193=CARTESIAN_POINT('Ctrl Pts',(18.8331646797486,2.00000000003552,4.92811285443719));
#5194=CARTESIAN_POINT('Ctrl Pts',(18.7144239617849,2.00000000003439,5.32111612222209));
#5195=CARTESIAN_POINT('Ctrl Pts',(18.5836588773627,2.00000000003314,5.70954474033054));
#5196=CARTESIAN_POINT('Ctrl Pts',(18.4529562263887,2.0000000000319,6.09778790420948));
#5197=CARTESIAN_POINT('Ctrl Pts',(18.310240535251,2.00000000003054,6.48146133216473));
#5198=CARTESIAN_POINT('Ctrl Pts',(18.1556433977378,2.00000000002927,6.85996066810143));
#5199=CARTESIAN_POINT('Ctrl Pts',(18.002433237626,2.00000000002801,7.23506427476507));
#5200=CARTESIAN_POINT('Ctrl Pts',(17.8375536590399,2.00000000002684,7.60508671008005));
#5201=CARTESIAN_POINT('Ctrl Pts',(17.6610856645919,2.00000000002581,7.96942077472087));
#5202=CARTESIAN_POINT('Ctrl Pts',(17.5043547473926,2.00000000002489,8.2930058661518));
#5203=CARTESIAN_POINT('Ctrl Pts',(17.3384819580274,2.0000000000241,8.61210383965079));
#5204=CARTESIAN_POINT('Ctrl Pts',(17.1634942888576,2.00000000002339,8.9262718177829));
#5205=CARTESIAN_POINT('Ctrl Pts',(16.9645666956707,2.00000000002259,9.28342086744283));
#5206=CARTESIAN_POINT('Ctrl Pts',(16.7538598995722,2.0000000000219,9.63419957133635));
#5207=CARTESIAN_POINT('Ctrl Pts',(16.5318086206468,2.00000000002118,9.97816630624974));
#5208=CARTESIAN_POINT('Ctrl Pts',(16.2996482580444,2.00000000002042,10.3377924353452));
#5209=CARTESIAN_POINT('Ctrl Pts',(16.0550867768996,2.00000000001963,10.6899730213995));
#5210=CARTESIAN_POINT('Ctrl Pts',(15.7985802847601,2.00000000001847,11.0341580806013));
#5211=CARTESIAN_POINT('Ctrl Pts',(15.7683796531006,2.00000000001833,11.0746818354153));
#5212=CARTESIAN_POINT('Ctrl Pts',(15.7380133937821,2.00000000001819,11.1150946962482));
#5213=CARTESIAN_POINT('Ctrl Pts',(15.7074822183384,2.00000000001804,11.1553957183918));
#5214=CARTESIAN_POINT('Ctrl Pts',(15.6809977229505,2.00000000001791,11.1903551400183));
#5215=CARTESIAN_POINT('Ctrl Pts',(15.6543939644932,2.00000000001778,11.2252239982652));
#5216=CARTESIAN_POINT('Ctrl Pts',(15.6276758422074,2.00000000001764,11.2599962414487));
#5217=CARTESIAN_POINT('Ctrl Pts',(15.3803790604015,2.00000000001641,11.5818401099458));
#5218=CARTESIAN_POINT('Ctrl Pts',(15.1231742474437,2.00000000001497,11.8955603401942));
#5219=CARTESIAN_POINT('Ctrl Pts',(14.8565598809816,2.00000000001359,12.2007829328599));
#5220=CARTESIAN_POINT('Ctrl Pts',(14.5887720197557,2.00000000001219,12.5073489531849));
#5221=CARTESIAN_POINT('Ctrl Pts',(14.3114911905823,2.00000000001085,12.8053427618265));
#5222=CARTESIAN_POINT('Ctrl Pts',(14.0251813813992,2.00000000000967,13.0943523118502));
#5223=CARTESIAN_POINT('Ctrl Pts',(13.7391805980177,2.00000000000848,13.3830499221324));
#5224=CARTESIAN_POINT('Ctrl Pts',(13.4441698864551,2.00000000000747,13.6627830248312));
#5225=CARTESIAN_POINT('Ctrl Pts',(13.1405770880042,2.00000000000661,13.9331022884496));
#5226=CARTESIAN_POINT('Ctrl Pts',(12.8255365781311,2.00000000000572,14.2136146032126));
#5227=CARTESIAN_POINT('Ctrl Pts',(12.5012542841913,2.000000000005,14.4839904872291));
#5228=CARTESIAN_POINT('Ctrl Pts',(12.1681760905895,2.00000000000429,14.7436773964159));
#5229=CARTESIAN_POINT('Ctrl Pts',(12.0432717679888,2.00000000000403,14.841059987361));
#5230=CARTESIAN_POINT('Ctrl Pts',(11.917130229263,2.00000000000377,14.9369388893723));
#5231=CARTESIAN_POINT('Ctrl Pts',(11.7897740154994,2.00000000000349,15.031282901486));
#5232=CARTESIAN_POINT('Ctrl Pts',(11.7401088039616,2.00000000000339,15.0680743165296));
#5233=CARTESIAN_POINT('Ctrl Pts',(11.6902588628558,2.00000000000328,15.1046322970646));
#5234=CARTESIAN_POINT('Ctrl Pts',(11.6402255101246,2.00000000000316,15.1409549435058));
#5235=CARTESIAN_POINT('Ctrl Pts',(11.6062153313741,2.00000000000309,15.165645267674));
#5236=CARTESIAN_POINT('Ctrl Pts',(11.5721215845003,2.00000000000301,15.1902259637408));
#5237=CARTESIAN_POINT('Ctrl Pts',(11.5379546194333,2.00000000000294,15.214689445432));
#5238=CARTESIAN_POINT('Ctrl Pts',(11.2067296990272,2.0000000000022,15.4518458554363));
#5239=CARTESIAN_POINT('Ctrl Pts',(10.8683751530471,2.00000000000152,15.6781728630301));
#5240=CARTESIAN_POINT('Ctrl Pts',(10.5233503926087,2.00000000000103,15.893251918022));
#5241=CARTESIAN_POINT('Ctrl Pts',(10.1805493348704,2.00000000000054,16.1069447772096));
#5242=CARTESIAN_POINT('Ctrl Pts',(9.83116331873613,2.00000000000023,16.3095345138954));
#5243=CARTESIAN_POINT('Ctrl Pts',(9.47561434040925,2.00000000000009,16.5005681146816));
#5244=CARTESIAN_POINT('Ctrl Pts',(9.3054558532665,2.00000000000003,16.5919928985642));
#5245=CARTESIAN_POINT('Ctrl Pts',(9.13388543034116,2.,16.6807702266489));
#5246=CARTESIAN_POINT('Ctrl Pts',(8.96094743862613,2.,16.7668466457524));
#5247=CARTESIAN_POINT('Ctrl Pts',(-19.013956904813,11.3437665205661,0.000618693828811));
#5248=CARTESIAN_POINT('Ctrl Pts',(-19.0080137574887,11.2870813156177,-3.38267845568096));
#5249=CARTESIAN_POINT('Ctrl Pts',(-18.0850816904118,11.2303961106694,-6.76761478225868));
#5250=CARTESIAN_POINT('Ctrl Pts',(-16.3641189411422,11.173710905721,-9.68170169904833));
#5251=CARTESIAN_POINT('Ctrl Pts',(-15.0747029629495,11.1312400218982,-11.8650553096627));
#5252=CARTESIAN_POINT('Ctrl Pts',(-13.3373027359999,11.0887691380754,-13.7840918660231));
#5253=CARTESIAN_POINT('Ctrl Pts',(-11.2961539954755,11.0462982542526,-15.2909445593129));
#5254=CARTESIAN_POINT('Ctrl Pts',(-9.25500525495103,11.0038273704299,-16.7977972526027));
#5255=CARTESIAN_POINT('Ctrl Pts',(-6.91010800085169,10.9613564866071,-17.892466082822));
#5256=CARTESIAN_POINT('Ctrl Pts',(-4.44505735927462,10.9188856027843,-18.4854088824129));
#5257=CARTESIAN_POINT('Ctrl Pts',(-1.9800067176976,10.8764147189615,-19.0783516820038));
#5258=CARTESIAN_POINT('Ctrl Pts',(0.605197311357144,10.8339438351387,-19.1695684509663));
#5259=CARTESIAN_POINT('Ctrl Pts',(3.10846010536439,10.7914729513159,-18.755165710592));
#5260=CARTESIAN_POINT('Ctrl Pts',(5.61172289937168,10.7490020674932,-18.3407629702178));
#5261=CARTESIAN_POINT('Ctrl Pts',(8.03304445833148,10.7065311836704,-17.4207407205067));
#5262=CARTESIAN_POINT('Ctrl Pts',(10.1742939407256,10.6640602998476,-16.0629433037392));
#5263=CARTESIAN_POINT('Ctrl Pts',(13.0292932505844,10.6074324547505,-14.2525467480492));
#5264=CARTESIAN_POINT('Ctrl Pts',(15.3863866465488,10.5508046096535,-11.6638832287034));
#5265=CARTESIAN_POINT('Ctrl Pts',(16.9296325911627,10.4941767645565,-8.65406020188327));
#5266=CARTESIAN_POINT('Ctrl Pts',(17.7012555634697,10.4658628420079,-7.14914868847319));
#5267=CARTESIAN_POINT('Ctrl Pts',(18.2694166729391,10.4375489194594,-5.53894729819452));
#5268=CARTESIAN_POINT('Ctrl Pts',(18.6122477569143,10.4092349969109,-3.88279086065795));
#5269=CARTESIAN_POINT('Ctrl Pts',(19.3836176958586,10.3455286711767,-0.156438876200673));
#5270=CARTESIAN_POINT('Ctrl Pts',(19.0142543807384,10.2818223454426,3.80256053499981));
#5271=CARTESIAN_POINT('Ctrl Pts',(17.5535793396765,10.2181160197084,7.31177179242781));
#5272=CARTESIAN_POINT('Ctrl Pts',(16.0929042986146,10.1544096939742,10.8209830498558));
#5273=CARTESIAN_POINT('Ctrl Pts',(13.5409175316108,10.09070336824,13.8804061535113));
#5274=CARTESIAN_POINT('Ctrl Pts',(10.3502946210835,10.0269970425059,15.9509046920914));
#5275=CARTESIAN_POINT('Ctrl Pts',(7.15967171055615,9.96329071677169,18.0214032306714));
#5276=CARTESIAN_POINT('Ctrl Pts',(3.33041265650517,9.89958439103751,19.1029772041759));
#5277=CARTESIAN_POINT('Ctrl Pts',(-0.470796580309284,9.83587806530334,19.0085873590657));
#5278=CARTESIAN_POINT('Ctrl Pts',(-4.2720058171237,9.77217173956917,18.9141975139555));
#5279=CARTESIAN_POINT('Ctrl Pts',(-8.0451652367016,9.708465413835,17.6438438502306));
#5280=CARTESIAN_POINT('Ctrl Pts',(-11.1287594700722,9.64475908810082,15.4182572104847));
#5281=CARTESIAN_POINT('Ctrl Pts',(-14.2123537034428,9.58105276236665,13.1926705707388));
#5282=CARTESIAN_POINT('Ctrl Pts',(-16.606382750606,9.51734643663247,10.0118509549718));
#5283=CARTESIAN_POINT('Ctrl Pts',(-17.8930190017387,9.4536401108983,6.43359753674578));
#5284=CARTESIAN_POINT('Ctrl Pts',(-18.6327014044412,9.41701558081459,4.37647293486851));
#5285=CARTESIAN_POINT('Ctrl Pts',(-19.006384131513,9.38039105073087,2.18799417996971));
#5286=CARTESIAN_POINT('Ctrl Pts',(-19.0079959250074,9.34376652064716,-0.000132449189319282));
#5287=CARTESIAN_POINT('Ctrl Pts',(-8.67602399635381,2.00000000000026,-18.2731690102514));
#5288=CARTESIAN_POINT('Ctrl Pts',(-12.3332037060991,2.06370632573444,-16.5367554246863));
#5289=CARTESIAN_POINT('Ctrl Pts',(-18.5678982189928,2.19111897720278,-10.8103663816113));
#5290=CARTESIAN_POINT('Ctrl Pts',(-21.427202540662,2.3822379544053,1.57540343080363));
#5291=CARTESIAN_POINT('Ctrl Pts',(-16.7897169814104,2.57335693160783,13.4035692117914));
#5292=CARTESIAN_POINT('Ctrl Pts',(-6.28054560937275,2.76447590881034,20.5469265198447));
#5293=CARTESIAN_POINT('Ctrl Pts',(6.42739767003584,2.95559488601287,20.4999626808214));
#5294=CARTESIAN_POINT('Ctrl Pts',(16.8838987461032,3.14671386321538,13.2856915062748));
#5295=CARTESIAN_POINT('Ctrl Pts',(21.4403328747143,3.33783284041791,1.41813694823199));
#5296=CARTESIAN_POINT('Ctrl Pts',(18.8131425585441,3.50771637570903,-9.56126614888207));
#5297=CARTESIAN_POINT('Ctrl Pts',(12.3420326828467,3.65636446908878,-16.7088962929931));
#5298=CARTESIAN_POINT('Ctrl Pts',(4.858914215851,3.78377712055712,-20.2011498777372));
#5299=CARTESIAN_POINT('Ctrl Pts',(-3.39764197171854,3.91118977202547,-20.496428142109));
#5300=CARTESIAN_POINT('Ctrl Pts',(-11.1178464443214,4.03860242349382,-17.5527728706469));
#5301=CARTESIAN_POINT('Ctrl Pts',(-17.0733114533869,4.16601507496216,-11.8327001829121));
#5302=CARTESIAN_POINT('Ctrl Pts',(-20.891911895928,4.31466316834191,-2.97934737238138));
#5303=CARTESIAN_POINT('Ctrl Pts',(-19.8359884728455,4.48454670363302,8.26039506581261));
#5304=CARTESIAN_POINT('Ctrl Pts',(-11.6937560048687,4.67566568083556,18.0232716817289));
#5305=CARTESIAN_POINT('Ctrl Pts',(0.531037537504256,4.86678465803806,21.476880920958));
#5306=CARTESIAN_POINT('Ctrl Pts',(12.5748168922433,5.0579036352406,17.4222925986184));
#5307=CARTESIAN_POINT('Ctrl Pts',(20.2160915776372,5.24902261244311,7.2671296464951));
#5308=CARTESIAN_POINT('Ctrl Pts',(20.7904239233385,5.44014158964564,-5.41915641166847));
#5309=CARTESIAN_POINT('Ctrl Pts',(14.0845130286388,5.63126056684815,-16.2306623988627));
#5310=CARTESIAN_POINT('Ctrl Pts',(3.75792541121203,5.80114410213928,-20.7562266917579));
#5311=CARTESIAN_POINT('Ctrl Pts',(-7.69364180927573,5.97810611806754,-19.7930302594719));
#5312=CARTESIAN_POINT('Ctrl Pts',(-16.9759287320448,6.14798965335867,-13.1853174440612));
#5313=CARTESIAN_POINT('Ctrl Pts',(-20.8118473316046,6.3178731886498,-2.65522047026778));
#5314=CARTESIAN_POINT('Ctrl Pts',(-19.7462428750772,6.45944280139241,6.44897220853117));
#5315=CARTESIAN_POINT('Ctrl Pts',(-15.223243539863,6.60101241413502,14.4435209636023));
#5316=CARTESIAN_POINT('Ctrl Pts',(-6.69473594310566,6.75673898815187,20.1308722805046));
#5317=CARTESIAN_POINT('Ctrl Pts',(4.48146268346057,6.92662252344302,20.7360340087597));
#5318=CARTESIAN_POINT('Ctrl Pts',(13.5752791701414,7.08234909745988,16.0017158333475));
#5319=CARTESIAN_POINT('Ctrl Pts',(18.9344926581205,7.22391871020249,8.546443909245));
#5320=CARTESIAN_POINT('Ctrl Pts',(20.7715885713476,7.35133136167084,0.494882281771192));
#5321=CARTESIAN_POINT('Ctrl Pts',(19.3205979490304,7.47874401313918,-7.63929305879922));
#5322=CARTESIAN_POINT('Ctrl Pts',(14.8173638848379,7.60615666460753,-14.5637749772615));
#5323=CARTESIAN_POINT('Ctrl Pts',(7.97055856393806,7.73356931607588,-19.1867669892505));
#5324=CARTESIAN_POINT('Ctrl Pts',(-0.135897707546534,7.86098196754423,-20.7758836000769));
#5325=CARTESIAN_POINT('Ctrl Pts',(-8.22111082060209,7.98839461901256,-19.0807289435029));
#5326=CARTESIAN_POINT('Ctrl Pts',(-15.0064514998795,8.11580727048093,-14.3688175834169));
#5327=CARTESIAN_POINT('Ctrl Pts',(-19.4194912105995,8.24321992194925,-7.3854375132134));
#5328=CARTESIAN_POINT('Ctrl Pts',(-20.762196178695,8.37063257341762,0.765783575398701));
#5329=CARTESIAN_POINT('Ctrl Pts',(-18.8228770889147,8.49804522488595,8.79551171449702));
#5330=CARTESIAN_POINT('Ctrl Pts',(-14.4531730907757,8.61130091508007,14.6977585467163));
#5331=CARTESIAN_POINT('Ctrl Pts',(-9.2058299483448,8.71039964399986,18.2794287349229));
#5332=CARTESIAN_POINT('Ctrl Pts',(-2.34685923620538,8.82365533419397,20.6646844006395));
#5333=CARTESIAN_POINT('Ctrl Pts',(6.95580262639665,8.96522494693656,20.0435132561921));
#5334=CARTESIAN_POINT('Ctrl Pts',(15.4122216074626,9.12095152095344,14.2404807816882));
#5335=CARTESIAN_POINT('Ctrl Pts',(19.8287259201754,9.26252113369604,6.19439365543009));
#5336=CARTESIAN_POINT('Ctrl Pts',(20.6803806489654,9.38993378516439,-2.02339704583266));
#5337=CARTESIAN_POINT('Ctrl Pts',(18.2517613111784,9.51734643663273,-9.91684104653697));
#5338=CARTESIAN_POINT('Ctrl Pts',(12.0683249259924,9.66599453001249,-17.3133436674926));
#5339=CARTESIAN_POINT('Ctrl Pts',(1.55349678568854,9.83587806530359,-21.429856009674));
#5340=CARTESIAN_POINT('Ctrl Pts',(-10.824032688121,10.0269970425061,-18.5582156820111));
#5341=CARTESIAN_POINT('Ctrl Pts',(-19.4228410229046,10.2181160197086,-9.19260528535312));
#5342=CARTESIAN_POINT('Ctrl Pts',(-20.8728436261076,10.3738425937255,1.04814260379274));
#5343=CARTESIAN_POINT('Ctrl Pts',(-18.1296643163262,10.5224906871053,10.1832781561939));
#5344=CARTESIAN_POINT('Ctrl Pts',(-12.7877761959062,10.6499033385736,16.6417421810684));
#5345=CARTESIAN_POINT('Ctrl Pts',(-4.36512394717512,10.7914729513162,20.3094601957089));
#5346=CARTESIAN_POINT('Ctrl Pts',(3.89177532849674,10.9188856027846,20.4109617596923));
#5347=CARTESIAN_POINT('Ctrl Pts',(11.5346071925836,11.0462982542529,17.275918783006));
#5348=CARTESIAN_POINT('Ctrl Pts',(18.3369837917505,11.1949463476326,10.445105656302));
#5349=CARTESIAN_POINT('Ctrl Pts',(21.4837440557949,11.3648298829238,-0.397684627492249));
#5350=CARTESIAN_POINT('Ctrl Pts',(17.4961815315333,11.5559488601263,-12.4680438053122));
#5351=CARTESIAN_POINT('Ctrl Pts',(7.39458338531689,11.7470678373288,-20.1713512469045));
#5352=CARTESIAN_POINT('Ctrl Pts',(-5.29685754512405,11.9381868145313,-20.8221942088428));
#5353=CARTESIAN_POINT('Ctrl Pts',(-16.1336356347378,12.1293057917339,-14.1864723367219));
#5354=CARTESIAN_POINT('Ctrl Pts',(-21.3281121781143,12.3204247689364,-2.5920760507385));
#5355=CARTESIAN_POINT('Ctrl Pts',(-19.0607374235925,12.5115437461389,9.91558789559448));
#5356=CARTESIAN_POINT('Ctrl Pts',(-13.1052767933246,12.6389563976072,15.9318521773952));
#5357=CARTESIAN_POINT('Ctrl Pts',(-9.53476451609193,12.7026627233414,17.8401335108567));
#5358=CARTESIAN_POINT('Ctrl Pts',(-8.50207341669751,1.76577906022252,-17.9066718735508));
#5359=CARTESIAN_POINT('Ctrl Pts',(-12.0859026367898,1.82948538595669,-16.2050726393027));
#5360=CARTESIAN_POINT('Ctrl Pts',(-18.1955430469333,1.95689803742503,-10.5935110528424));
#5361=CARTESIAN_POINT('Ctrl Pts',(-20.9974696184086,2.14801701462756,1.54386637219154));
#5362=CARTESIAN_POINT('Ctrl Pts',(-16.4529580776392,2.33913599183007,13.1348023434719));
#5363=CARTESIAN_POINT('Ctrl Pts',(-6.15453175955338,2.5302549690326,20.1348690875787));
#5364=CARTESIAN_POINT('Ctrl Pts',(6.29854997040582,2.72137394623511,20.0888126605626));
#5365=CARTESIAN_POINT('Ctrl Pts',(16.5453233755763,2.91249292343764,13.0191973935537));
#5366=CARTESIAN_POINT('Ctrl Pts',(21.0103447377224,3.10361190064016,1.38963766636827));
#5367=CARTESIAN_POINT('Ctrl Pts',(18.4358136979683,3.27349543593129,-9.36956325002811));
#5368=CARTESIAN_POINT('Ctrl Pts',(12.0944643911684,3.42214352931103,-16.3738280874989));
#5369=CARTESIAN_POINT('Ctrl Pts',(4.76141252624807,3.54955618077937,-19.7960232393774));
#5370=CARTESIAN_POINT('Ctrl Pts',(-3.32955687601519,3.67696883224772,-20.0853572240236));
#5371=CARTESIAN_POINT('Ctrl Pts',(-10.8949224664174,3.80438148371607,-17.2007168620458));
#5372=CARTESIAN_POINT('Ctrl Pts',(-16.7309334168919,3.93179413518441,-11.5953457113996));
#5373=CARTESIAN_POINT('Ctrl Pts',(-20.4729267314813,4.08044222856415,-2.91953905795463));
#5374=CARTESIAN_POINT('Ctrl Pts',(-19.4381496738063,4.25032576385528,8.0947842807648));
#5375=CARTESIAN_POINT('Ctrl Pts',(-11.4591855223126,4.4414447410578,17.6618415454694));
#5376=CARTESIAN_POINT('Ctrl Pts',(0.520445668978484,4.63256371826032,21.0461545167694));
#5377=CARTESIAN_POINT('Ctrl Pts',(12.3226726031955,4.82368269546284,17.0728494580381));
#5378=CARTESIAN_POINT('Ctrl Pts',(19.8106718097435,5.01480167266536,7.1213304699678));
#5379=CARTESIAN_POINT('Ctrl Pts',(20.3734513542691,5.20592064986789,-5.31053006533121));
#5380=CARTESIAN_POINT('Ctrl Pts',(13.8020000941829,5.3970396270704,-15.9051900355521));
#5381=CARTESIAN_POINT('Ctrl Pts',(3.68250286043158,5.56692316236154,-20.3399648441382));
#5382=CARTESIAN_POINT('Ctrl Pts',(-7.53939730574619,5.74388517828978,-19.3960545365134));
#5383=CARTESIAN_POINT('Ctrl Pts',(-16.6355074017319,5.91376871358094,-12.9208361121891));
#5384=CARTESIAN_POINT('Ctrl Pts',(-20.3944670058873,6.08365224887204,-2.60191283031));
#5385=CARTESIAN_POINT('Ctrl Pts',(-19.3502088617196,6.22522186161466,6.31968978147614));
#5386=CARTESIAN_POINT('Ctrl Pts',(-14.9178978869841,6.36679147435728,14.153893318777));
#5387=CARTESIAN_POINT('Ctrl Pts',(-6.56041651642802,6.52251804837412,19.7271600577207));
#5388=CARTESIAN_POINT('Ctrl Pts',(4.39164190441777,6.69240158366527,20.3201547877313));
#5389=CARTESIAN_POINT('Ctrl Pts',(13.3030664728628,6.84812815768213,15.6807600513637));
#5390=CARTESIAN_POINT('Ctrl Pts',(18.5547791907993,6.98969777042474,8.3749911962206));
#5391=CARTESIAN_POINT('Ctrl Pts',(20.3550097882298,7.1171104218931,0.484900948677775));
#5392=CARTESIAN_POINT('Ctrl Pts',(18.9330971379754,7.24452307336143,-7.48613725377707));
#5393=CARTESIAN_POINT('Ctrl Pts',(14.5201579379629,7.37193572482979,-14.2717345033137));
#5394=CARTESIAN_POINT('Ctrl Pts',(7.81065471141222,7.49934837629812,-18.8019925267043));
#5395=CARTESIAN_POINT('Ctrl Pts',(-0.13322857991722,7.62676102776648,-20.3592169683587));
#5396=CARTESIAN_POINT('Ctrl Pts',(-8.05628584419461,7.75417367923483,-18.6980371959416));
#5397=CARTESIAN_POINT('Ctrl Pts',(-14.7055318058193,7.88158633070317,-14.0806061599307));
#5398=CARTESIAN_POINT('Ctrl Pts',(-19.0300478107893,8.00899898217152,-7.23726779892728));
#5399=CARTESIAN_POINT('Ctrl Pts',(-20.3458023440024,8.13641163363987,0.750481870168451));
#5400=CARTESIAN_POINT('Ctrl Pts',(-18.4453550760856,8.26382428510821,8.61916626530594));
#5401=CARTESIAN_POINT('Ctrl Pts',(-14.1632707306873,8.37707997530231,14.4030300065378));
#5402=CARTESIAN_POINT('Ctrl Pts',(-9.02115483686596,8.47617870422212,17.9128545492766));
#5403=CARTESIAN_POINT('Ctrl Pts',(-2.29973626769575,8.58943439441622,20.2502546332222));
#5404=CARTESIAN_POINT('Ctrl Pts',(6.81635637706786,8.73100400715882,19.6415160262609));
#5405=CARTESIAN_POINT('Ctrl Pts',(15.103163730292,8.88673058117568,13.9548420889284));
#5406=CARTESIAN_POINT('Ctrl Pts',(19.4310719718877,9.0283001939183,6.07010955522338));
#5407=CARTESIAN_POINT('Ctrl Pts',(20.2656242376047,9.15571284538663,-1.9828733223882));
#5408=CARTESIAN_POINT('Ctrl Pts',(17.8856901471798,9.28312549685499,-9.71800546947452));
#5409=CARTESIAN_POINT('Ctrl Pts',(11.8262442821886,9.43177359023472,-16.9661523554956));
#5410=CARTESIAN_POINT('Ctrl Pts',(1.52228285215794,9.60165712552586,-21.0000783562813));
#5411=CARTESIAN_POINT('Ctrl Pts',(-10.6070039553494,9.79277610272838,-18.1859960281835));
#5412=CARTESIAN_POINT('Ctrl Pts',(-19.0333353422671,9.98389507993089,-9.00819229757732));
#5413=CARTESIAN_POINT('Ctrl Pts',(-20.4542299596885,10.1396216539478,1.0271784078727));
#5414=CARTESIAN_POINT('Ctrl Pts',(-17.7660411197843,10.2882697473275,9.97909877591709));
#5415=CARTESIAN_POINT('Ctrl Pts',(-12.5312685732186,10.4156823987958,16.308021979155));
#5416=CARTESIAN_POINT('Ctrl Pts',(-4.27752506833807,10.5572520115385,19.9021600240258));
#5417=CARTESIAN_POINT('Ctrl Pts',(3.81378001580669,10.6846646630068,20.0016035542652));
#5418=CARTESIAN_POINT('Ctrl Pts',(11.303324208411,10.8120773144752,16.9294140318331));
#5419=CARTESIAN_POINT('Ctrl Pts',(17.9692586836808,10.9607254078549,10.2355763614134));
#5420=CARTESIAN_POINT('Ctrl Pts',(21.0528803711195,11.130608943146,-0.389767208169389));
#5421=CARTESIAN_POINT('Ctrl Pts',(17.1452568168943,11.3217279203485,-12.2180410813015));
#5422=CARTESIAN_POINT('Ctrl Pts',(7.24622820908803,11.5128468975511,-19.7668291047241));
#5423=CARTESIAN_POINT('Ctrl Pts',(-5.19068402355326,11.7039658747536,-20.4045848092734));
#5424=CARTESIAN_POINT('Ctrl Pts',(-15.8101094472931,11.8950848519561,-13.901914842461));
#5425=CARTESIAN_POINT('Ctrl Pts',(-20.9003778426782,12.0862038291586,-2.540033390037));
#5426=CARTESIAN_POINT('Ctrl Pts',(-18.6784420165147,12.2773228063611,9.71677964443255));
#5427=CARTESIAN_POINT('Ctrl Pts',(-12.8424035309424,12.4047354578295,15.6123698829749));
#5428=CARTESIAN_POINT('Ctrl Pts',(-9.34349371944851,12.4684417835637,17.4823704080584));
#5429=CARTESIAN_POINT('Ctrl Pts',(-8.328124319384,1.531558149624,-17.5401740145143));
#5430=CARTESIAN_POINT('Ctrl Pts',(-11.8386029053798,1.59526447535817,-15.8733888351586));
#5431=CARTESIAN_POINT('Ctrl Pts',(-17.823188740614,1.72267712682652,-10.3766542014386));
#5432=CARTESIAN_POINT('Ctrl Pts',(-20.5677365500538,1.91379610402904,1.51233105880676));
#5433=CARTESIAN_POINT('Ctrl Pts',(-16.1161980673848,2.10491508123156,12.8660368326883));
#5434=CARTESIAN_POINT('Ctrl Pts',(-6.02851622969964,2.29603405843408,19.7228121502444));
#5435=CARTESIAN_POINT('Ctrl Pts',(6.16970393648917,2.4871530356366,19.6776620994329));
#5436=CARTESIAN_POINT('Ctrl Pts',(16.2067490740351,2.67827201283912,12.7527018935747));
#5437=CARTESIAN_POINT('Ctrl Pts',(20.5803566986024,2.86939099004165,1.36113663565203));
#5438=CARTESIAN_POINT('Ctrl Pts',(18.058484042434,3.03927452533277,-9.17786187677505));
#5439=CARTESIAN_POINT('Ctrl Pts',(11.8468947272888,3.18792261871251,-16.0387608742299));
#5440=CARTESIAN_POINT('Ctrl Pts',(4.66390918594739,3.31533527018085,-19.3908969803426));
#5441=CARTESIAN_POINT('Ctrl Pts',(-3.26147344822801,3.44274792164921,-19.6742860120691));
#5442=CARTESIAN_POINT('Ctrl Pts',(-10.6719999101087,3.57016057311755,-16.848659932652));
#5443=CARTESIAN_POINT('Ctrl Pts',(-16.3885563307704,3.69757322458589,-11.3579898383836));
#5444=CARTESIAN_POINT('Ctrl Pts',(-20.053941792666,3.84622131796564,-2.85972903810985));
#5445=CARTESIAN_POINT('Ctrl Pts',(-19.0403101849912,4.01610485325676,7.92917510579254));
#5446=CARTESIAN_POINT('Ctrl Pts',(-11.2246135609596,4.20722383045929,17.3004123474926));
#5447=CARTESIAN_POINT('Ctrl Pts',(0.509855550676437,4.3983428076618,20.6154280515281));
#5448=CARTESIAN_POINT('Ctrl Pts',(12.0705297238905,4.58946178486433,16.7234052780272));
#5449=CARTESIAN_POINT('Ctrl Pts',(19.4052526174971,4.78058076206684,6.97552963954403));
#5450=CARTESIAN_POINT('Ctrl Pts',(19.9564783262616,4.97169973926937,-5.20190540920639));
#5451=CARTESIAN_POINT('Ctrl Pts',(13.5194858250633,5.16281871647188,-15.5797188068979));
#5452=CARTESIAN_POINT('Ctrl Pts',(3.60707861462144,5.33270225176303,-19.9237032856521));
#5453=CARTESIAN_POINT('Ctrl Pts',(-7.3851544092373,5.50966426769127,-18.9990781700446));
#5454=CARTESIAN_POINT('Ctrl Pts',(-16.295087132159,5.67954780298241,-12.656353385634));
#5455=CARTESIAN_POINT('Ctrl Pts',(-19.9770868794018,5.84943133827353,-2.5486034917205));
#5456=CARTESIAN_POINT('Ctrl Pts',(-18.9541743063367,5.99100095101615,6.1904089586678));
#5457=CARTESIAN_POINT('Ctrl Pts',(-14.6125510441834,6.13257056375875,13.8642669029235));
#5458=CARTESIAN_POINT('Ctrl Pts',(-6.42609544327643,6.28829713777562,19.3234483639608));
#5459=CARTESIAN_POINT('Ctrl Pts',(4.30182281194355,6.45818067306674,19.90427518425));
#5460=CARTESIAN_POINT('Ctrl Pts',(13.0308550686991,6.61390724708362,15.3598031495937));
#5461=CARTESIAN_POINT('Ctrl Pts',(18.17506640448,6.75547685982622,8.20353693269325));
#5462=CARTESIAN_POINT('Ctrl Pts',(19.938431028228,6.88288951129458,0.474917922029059));
#5463=CARTESIAN_POINT('Ctrl Pts',(18.5455956882569,7.01030216276291,-7.33298301734094));
#5464=CARTESIAN_POINT('Ctrl Pts',(14.2229507916825,7.13771481423128,-13.9796952251257));
#5465=CARTESIAN_POINT('Ctrl Pts',(7.65074928831394,7.2651274656996,-18.4172186979947));
#5466=CARTESIAN_POINT('Ctrl Pts',(-0.130561145689554,7.39254011716797,-19.9425503083739));
#5467=CARTESIAN_POINT('Ctrl Pts',(-7.89146241632168,7.5199527686363,-18.3153447624635));
#5468=CARTESIAN_POINT('Ctrl Pts',(-14.4046132705952,7.64736542010467,-13.7923935013306));
#5469=CARTESIAN_POINT('Ctrl Pts',(-18.6406049969271,7.77477807157299,-7.08909649557879));
#5470=CARTESIAN_POINT('Ctrl Pts',(-19.9294084297081,7.90219072304136,0.73518185669684));
#5471=CARTESIAN_POINT('Ctrl Pts',(-18.0678323307385,8.02960337450969,8.44282234316789));
#5472=CARTESIAN_POINT('Ctrl Pts',(-13.8733671605609,8.14285906470379,14.1083026323007));
#5473=CARTESIAN_POINT('Ctrl Pts',(-8.83647822775026,8.24195779362361,17.5462810989191));
#5474=CARTESIAN_POINT('Ctrl Pts',(-2.25261161280986,8.35521348381769,19.8358250400128));
#5475=CARTESIAN_POINT('Ctrl Pts',(6.67691175581178,8.49678309656032,19.2395182127419));
#5476=CARTESIAN_POINT('Ctrl Pts',(14.7941070011666,8.65250967057716,13.6692021281115));
#5477=CARTESIAN_POINT('Ctrl Pts',(19.0334185120921,8.79407928331978,5.94582383356196));
#5478=CARTESIAN_POINT('Ctrl Pts',(19.8508676442456,8.92149193478813,-1.94235128298617));
#5479=CARTESIAN_POINT('Ctrl Pts',(17.5196181596997,9.04890458625647,-9.5191713719737));
#5480=CARTESIAN_POINT('Ctrl Pts',(11.5841622171599,9.19755267963622,-16.6189620129199));
#5481=CARTESIAN_POINT('Ctrl Pts',(1.4910671705008,9.36743621492733,-20.5703008117832));
#5482=CARTESIAN_POINT('Ctrl Pts',(-10.3899767263484,9.55855519212987,-17.8137754767024));
#5483=CARTESIAN_POINT('Ctrl Pts',(-18.6438303949088,9.74967416933238,-8.82377771897088));
#5484=CARTESIAN_POINT('Ctrl Pts',(-20.0356161905199,9.90540074334925,1.00621591249929));
#5485=CARTESIAN_POINT('Ctrl Pts',(-17.4024170781754,10.054048836729,9.77492086502019));
#5486=CARTESIAN_POINT('Ctrl Pts',(-12.2747595834356,10.1814614881973,15.9743028058747));
#5487=CARTESIAN_POINT('Ctrl Pts',(-4.18992453038785,10.3230311009399,19.4948601913241));
#5488=CARTESIAN_POINT('Ctrl Pts',(3.73578636366357,10.4504437524083,19.5922450147652));
#5489=CARTESIAN_POINT('Ctrl Pts',(11.0720426229112,10.5778564038766,16.5829083261181));
#5490=CARTESIAN_POINT('Ctrl Pts',(17.6015344118766,10.7265044972564,10.026045563197));
#5491=CARTESIAN_POINT('Ctrl Pts',(20.6220166362429,10.8963880325475,-0.381851539741559));
#5492=CARTESIAN_POINT('Ctrl Pts',(16.7943310714749,11.08750700975,-11.9680397731486));
#5493=CARTESIAN_POINT('Ctrl Pts',(7.0978713824973,11.2786259869525,-19.362307548607));
#5494=CARTESIAN_POINT('Ctrl Pts',(-5.08451219487674,11.4697449641551,-19.9869749607301));
#5495=CARTESIAN_POINT('Ctrl Pts',(-15.4865844029112,11.6608639413576,-13.6173560213187));
#5496=CARTESIAN_POINT('Ctrl Pts',(-20.4726437008433,11.8519829185601,-2.48798898873681));
#5497=CARTESIAN_POINT('Ctrl Pts',(-18.2961457855044,12.0431018957626,9.51797293893043));
#5498=CARTESIAN_POINT('Ctrl Pts',(-12.5795289589199,12.170514547231,15.2928886433896));
#5499=CARTESIAN_POINT('Ctrl Pts',(-9.15222146069459,12.2342208729651,17.1246080677182));
#5500=CARTESIAN_POINT('Ctrl Pts',(-8.15417700873054,1.29733727648907,-17.1736752833839));
#5501=CARTESIAN_POINT('Ctrl Pts',(-11.5913047862337,1.36104360222325,-15.5417038016299));
#5502=CARTESIAN_POINT('Ctrl Pts',(-17.4508354768918,1.48845625369159,-10.1597955135327));
#5503=CARTESIAN_POINT('Ctrl Pts',(-20.1380033041496,1.67957523089412,1.48079784950248));
#5504=CARTESIAN_POINT('Ctrl Pts',(-15.7794367219767,1.87069420809664,12.5972729577788));
#5505=CARTESIAN_POINT('Ctrl Pts',(-5.90249867385806,2.06181318529916,19.3107558082996));
#5506=CARTESIAN_POINT('Ctrl Pts',(6.04085991046484,2.25293216250168,19.2665108848518));
#5507=CARTESIAN_POINT('Ctrl Pts',(15.8681760602454,2.4440511397042,12.4862047201458));
#5508=CARTESIAN_POINT('Ctrl Pts',(20.1503687760867,2.63517011690672,1.33263349629312));
#5509=CARTESIAN_POINT('Ctrl Pts',(17.6811534272124,2.80505365219785,-8.98616234228077));
#5510=CARTESIAN_POINT('Ctrl Pts',(11.5993234081735,2.95370174557759,-15.7036948561743));
#5511=CARTESIAN_POINT('Ctrl Pts',(4.56640385512318,3.08111439704593,-18.9857711773361));
#5512=CARTESIAN_POINT('Ctrl Pts',(-3.19339203118718,3.20852704851428,-19.2632144444664));
#5513=CARTESIAN_POINT('Ctrl Pts',(-10.4490790670593,3.33593969998262,-16.4966018919373));
#5514=CARTESIAN_POINT('Ctrl Pts',(-16.0461803893807,3.46335235145098,-11.1206322748371));
#5515=CARTESIAN_POINT('Ctrl Pts',(-19.6349571245253,3.61200044483071,-2.79991696188756));
#5516=CARTESIAN_POINT('Ctrl Pts',(-18.6424698632383,3.78188398012184,7.7635678715119));
#5517=CARTESIAN_POINT('Ctrl Pts',(-10.9900398158932,3.97300295732436,16.9389842796071));
#5518=CARTESIAN_POINT('Ctrl Pts',(0.499267542543112,4.16412193452688,20.1847015112775));
#5519=CARTESIAN_POINT('Ctrl Pts',(11.8183885434601,4.3552409117294,16.373959843664));
#5520=CARTESIAN_POINT('Ctrl Pts',(18.9998341179777,4.54635988893193,6.82972681458267));
#5521=CARTESIAN_POINT('Ctrl Pts',(19.5395047435688,4.73747886613444,-5.09328279057812));
#5522=CARTESIAN_POINT('Ctrl Pts',(13.2369699458533,4.92859784333696,-15.2542489452144));
#5523=CARTESIAN_POINT('Ctrl Pts',(3.53165232490934,5.0984813786281,-19.5074420744161));
#5524=CARTESIAN_POINT('Ctrl Pts',(-7.2309134497748,5.27544339455635,-18.6021010264209));
#5525=CARTESIAN_POINT('Ctrl Pts',(-15.954668140389,5.44532692984749,-12.3918689766837));
#5526=CARTESIAN_POINT('Ctrl Pts',(-19.5597069917687,5.61521046513861,-2.49529210495709));
#5527=CARTESIAN_POINT('Ctrl Pts',(-18.5581390961606,5.75678007788122,6.06113006964196));
#5528=CARTESIAN_POINT('Ctrl Pts',(-14.3072027657293,5.89834969062383,13.5746419678701));
#5529=CARTESIAN_POINT('Ctrl Pts',(-6.29177238457368,6.0540762646407,18.9197373067223));
#5530=CARTESIAN_POINT('Ctrl Pts',(4.21200575263306,6.22395979993182,19.488395118303));
#5531=CARTESIAN_POINT('Ctrl Pts',(12.7586452227296,6.37968637394869,15.0388448966802));
#5532=CARTESIAN_POINT('Ctrl Pts',(17.7953544379942,6.5212559866913,8.03208079920472));
#5533=CARTESIAN_POINT('Ctrl Pts',(19.5218522947451,6.64866863815965,0.464932853467435));
#5534=CARTESIAN_POINT('Ctrl Pts',(18.1580934672566,6.77608128962799,-7.17983067161363));
#5535=CARTESIAN_POINT('Ctrl Pts',(13.9257421983418,6.90349394109635,-13.6876573876886));
#5536=CARTESIAN_POINT('Ctrl Pts',(7.49084197109391,7.03090659256468,-18.032445632237));
#5537=CARTESIAN_POINT('Ctrl Pts',(-0.127895753147615,7.15831924403304,-19.525883612955));
#5538=CARTESIAN_POINT('Ctrl Pts',(-7.7266408549449,7.28573189550138,-17.9326515007484));
#5539=CARTESIAN_POINT('Ctrl Pts',(-14.1036961315748,7.41314454696974,-13.5041793526465));
#5540=CARTESIAN_POINT('Ctrl Pts',(-18.2511628882633,7.54055719843807,-6.94092327585402));
#5541=CARTESIAN_POINT('Ctrl Pts',(-19.5130144180871,7.66796984990643,0.719883882889309));
#5542=CARTESIAN_POINT('Ctrl Pts',(-17.690308700985,7.79538250137478,8.26648026158816));
#5543=CARTESIAN_POINT('Ctrl Pts',(-13.5834621305792,7.90863819156885,13.8135766628555));
#5544=CARTESIAN_POINT('Ctrl Pts',(-8.65179981236917,8.00773692048869,17.1797085338902));
#5545=CARTESIAN_POINT('Ctrl Pts',(-2.20548492454606,8.12099261068277,19.4213956554952));
#5546=CARTESIAN_POINT('Ctrl Pts',(6.53746909703095,8.26256222342538,18.8375196942996));
#5547=CARTESIAN_POINT('Ctrl Pts',(14.4850516552078,8.41828879744224,13.3835606374984));
#5548=CARTESIAN_POINT('Ctrl Pts',(18.635765639969,8.55985841018486,5.82153615654814));
#5549=CARTESIAN_POINT('Ctrl Pts',(19.4361108301058,8.6872710616532,-1.90183127386343));
#5550=CARTESIAN_POINT('Ctrl Pts',(17.1535451781792,8.81468371312155,-9.32033905769921));
#5551=CARTESIAN_POINT('Ctrl Pts',(11.3420784378061,8.96333180650129,-16.2717728380241));
#5552=CARTESIAN_POINT('Ctrl Pts',(1.45984938106816,9.13321534179242,-20.1405233971806));
#5553=CARTESIAN_POINT('Ctrl Pts',(-10.1729513097039,9.32433431899494,-17.4415538417319));
#5554=CARTESIAN_POINT('Ctrl Pts',(-18.2543263303814,9.51545329619745,-8.63936122173841));
#5555=CARTESIAN_POINT('Ctrl Pts',(-19.6170022961105,9.67117987021433,0.985255467366868));
#5556=CARTESIAN_POINT('Ctrl Pts',(-17.0387920165075,9.81982796359406,9.57074472505705));
#5557=CARTESIAN_POINT('Ctrl Pts',(-12.0182489445442,9.94724061506242,15.6405848717075));
#5558=CARTESIAN_POINT('Ctrl Pts',(-4.10232199179976,10.088810227805,19.0875607660023));
#5559=CARTESIAN_POINT('Ctrl Pts',(3.65779471334943,10.2162228792734,19.182886071149));
#5560=CARTESIAN_POINT('Ctrl Pts',(10.8407627230072,10.3436355307417,16.2364014684096));
#5561=CARTESIAN_POINT('Ctrl Pts',(17.2338111471423,10.4922836241215,9.81651295177166));
#5562=CARTESIAN_POINT('Ctrl Pts',(20.1911528394404,10.6621671594126,-0.373937982300326));
#5563=CARTESIAN_POINT('Ctrl Pts',(16.4434040821274,10.8532861366151,-11.7180401712498));
#5564=CARTESIAN_POINT('Ctrl Pts',(6.94951256562253,11.0444051138176,-18.9577866977787));
#5565=CARTESIAN_POINT('Ctrl Pts',(-4.97834240693854,11.2355240910201,-19.5693645695119));
#5566=CARTESIAN_POINT('Ctrl Pts',(-15.163060735641,11.4266430682227,-13.3327955994642));
#5567=CARTESIAN_POINT('Ctrl Pts',(-20.044909791041,11.6177620454252,-2.43594248866527));
#5568=CARTESIAN_POINT('Ctrl Pts',(-17.913848559852,11.8088810226277,9.31916809634065));
#5569=CARTESIAN_POINT('Ctrl Pts',(-12.3166528070478,11.9362936740961,14.9734086745672));
#5570=CARTESIAN_POINT('Ctrl Pts',(-8.96094743848765,11.9999999998302,16.766846645493));
#5571=CARTESIAN_POINT('Ctrl Pts',(-8.96094743850529,11.9999999998299,16.7668466454836));
#5572=CARTESIAN_POINT('Ctrl Pts',(-9.31786716716526,11.9999999998393,16.5891970044611));
#5573=CARTESIAN_POINT('Ctrl Pts',(-9.66883086023827,11.9999999998513,16.4001115940034));
#5574=CARTESIAN_POINT('Ctrl Pts',(-10.013460543838,11.9999999998637,16.2000706508508));
#5575=CARTESIAN_POINT('Ctrl Pts',(-10.3613191183731,11.9999999998762,15.9981554919275));
#5576=CARTESIAN_POINT('Ctrl Pts',(-10.7027248758432,11.9999999998893,15.7850782672382));
#5577=CARTESIAN_POINT('Ctrl Pts',(-11.037266076535,11.9999999999009,15.561285239867));
#5578=CARTESIAN_POINT('Ctrl Pts',(-11.3730170962199,11.9999999999126,15.3366828979646));
#5579=CARTESIAN_POINT('Ctrl Pts',(-11.701854257435,11.9999999999229,15.101286773128));
#5580=CARTESIAN_POINT('Ctrl Pts',(-12.0233316677313,11.9999999999299,14.8555050070728));
#5581=CARTESIAN_POINT('Ctrl Pts',(-12.2850833136357,11.9999999999357,14.6553858704312));
#5582=CARTESIAN_POINT('Ctrl Pts',(-12.5419553924558,11.9999999999393,14.4483807330254));
#5583=CARTESIAN_POINT('Ctrl Pts',(-12.7936897128655,11.99999999994,14.2346913296162));
#5584=CARTESIAN_POINT('Ctrl Pts',(-12.8339601564599,11.9999999999401,14.2005070076186));
#5585=CARTESIAN_POINT('Ctrl Pts',(-12.8740990836327,11.9999999999401,14.1661515962943));
#5586=CARTESIAN_POINT('Ctrl Pts',(-12.9141053955489,11.99999999994,14.1316258856941));
#5587=CARTESIAN_POINT('Ctrl Pts',(-12.9496924371477,11.99999999994,14.100914034476));
#5588=CARTESIAN_POINT('Ctrl Pts',(-12.9851769048702,11.9999999999398,14.070065311773));
#5589=CARTESIAN_POINT('Ctrl Pts',(-13.0205391965295,11.9999999999397,14.0390969000465));
#5590=CARTESIAN_POINT('Ctrl Pts',(-13.3253334372653,11.9999999999386,13.772174336603));
#5591=CARTESIAN_POINT('Ctrl Pts',(-13.6213390785019,11.9999999999365,13.4961194006418));
#5592=CARTESIAN_POINT('Ctrl Pts',(-13.9081881164656,11.9999999999335,13.2114432047592));
#5593=CARTESIAN_POINT('Ctrl Pts',(-14.1973356077091,11.9999999999306,12.924485966065));
#5594=CARTESIAN_POINT('Ctrl Pts',(-14.4771796055671,11.9999999999267,12.6287684324362));
#5595=CARTESIAN_POINT('Ctrl Pts',(-14.7473175616733,11.9999999999222,12.324767855896));
#5596=CARTESIAN_POINT('Ctrl Pts',(-15.018078126056,11.9999999999177,12.0200666252243));
#5597=CARTESIAN_POINT('Ctrl Pts',(-15.2790882838266,11.9999999999126,11.707043759598));
#5598=CARTESIAN_POINT('Ctrl Pts',(-15.5299105750945,11.9999999999073,11.3861387970419));
#5599=CARTESIAN_POINT('Ctrl Pts',(-15.7796958710385,11.999999999902,11.0665605783884));
#5600=CARTESIAN_POINT('Ctrl Pts',(-16.0193777580992,11.9999999998965,10.7391649059028));
#5601=CARTESIAN_POINT('Ctrl Pts',(-16.2484862942113,11.9999999998913,10.4043510350442));
#5602=CARTESIAN_POINT('Ctrl Pts',(-16.4746938123025,11.9999999998862,10.0737766442567));
#5603=CARTESIAN_POINT('Ctrl Pts',(-16.6905943631253,11.9999999998814,9.73597031501732));
#5604=CARTESIAN_POINT('Ctrl Pts',(-16.8956934793464,11.9999999998774,9.39128835028893));
#5605=CARTESIAN_POINT('Ctrl Pts',(-16.9871216727032,11.9999999998756,9.23763752088294));
#5606=CARTESIAN_POINT('Ctrl Pts',(-17.0764028566815,11.9999999998741,9.0826200559212));
#5607=CARTESIAN_POINT('Ctrl Pts',(-17.1634902248249,11.9999999998727,8.92626601546215));
#5608=CARTESIAN_POINT('Ctrl Pts',(-17.282290713089,11.9999999998709,8.7129751933302));
#5609=CARTESIAN_POINT('Ctrl Pts',(-17.397008928072,11.9999999998695,8.49719717174429));
#5610=CARTESIAN_POINT('Ctrl Pts',(-17.5076129539994,11.9999999998688,8.27905735093678));
#5611=CARTESIAN_POINT('Ctrl Pts',(-17.5306497185664,11.9999999998686,8.23362287734965));
#5612=CARTESIAN_POINT('Ctrl Pts',(-17.5535100174736,11.9999999998685,8.18808175131979));
#5613=CARTESIAN_POINT('Ctrl Pts',(-17.5761805519244,11.9999999998683,8.14246148500051));
#5614=CARTESIAN_POINT('Ctrl Pts',(-17.7540238113499,11.9999999998672,7.78458474964355));
#5615=CARTESIAN_POINT('Ctrl Pts',(-17.9203371657093,11.9999999998653,7.4215601689166));
#5616=CARTESIAN_POINT('Ctrl Pts',(-18.0751410017601,11.9999999998627,7.05402393896625));
#5617=CARTESIAN_POINT('Ctrl Pts',(-18.2332503221845,11.99999999986,6.67863980746631));
#5618=CARTESIAN_POINT('Ctrl Pts',(-18.3793536150812,11.9999999998566,6.29854889854536));
#5619=CARTESIAN_POINT('Ctrl Pts',(-18.5134295975993,11.9999999998527,5.91439555002977));
#5620=CARTESIAN_POINT('Ctrl Pts',(-18.6485701233898,11.9999999998488,5.52719208131335));
#5621=CARTESIAN_POINT('Ctrl Pts',(-18.7714917724952,11.9999999998444,5.13586090023111));
#5622=CARTESIAN_POINT('Ctrl Pts',(-18.8821263149256,11.9999999998399,4.74103515175498));
#5623=CARTESIAN_POINT('Ctrl Pts',(-18.9930767069881,11.9999999998353,4.34508221854336));
#5624=CARTESIAN_POINT('Ctrl Pts',(-19.0916698903252,11.9999999998307,3.94561419429278));
#5625=CARTESIAN_POINT('Ctrl Pts',(-19.1777880508458,11.9999999998263,3.54325089031162));
#5626=CARTESIAN_POINT('Ctrl Pts',(-19.263673445204,11.9999999998219,3.1419751218926));
#5627=CARTESIAN_POINT('Ctrl Pts',(-19.3371512791982,11.9999999998179,2.73781914969073));
#5628=CARTESIAN_POINT('Ctrl Pts',(-19.3980540608656,11.9999999998148,2.33138736388913));
#5629=CARTESIAN_POINT('Ctrl Pts',(-19.4563206019874,11.9999999998118,1.94254840264237));
#5630=CARTESIAN_POINT('Ctrl Pts',(-19.5030769648772,11.9999999998097,1.55162589772458));
#5631=CARTESIAN_POINT('Ctrl Pts',(-19.5381313346613,11.999999999809,1.15914717122316));
#5632=CARTESIAN_POINT('Ctrl Pts',(-19.5428955132932,11.9999999998089,1.10580606785203));
#5633=CARTESIAN_POINT('Ctrl Pts',(-19.5474434753866,11.9999999998088,1.05243622265558));
#5634=CARTESIAN_POINT('Ctrl Pts',(-19.5517746745055,11.9999999998088,0.999038963885895));
#5635=CARTESIAN_POINT('Ctrl Pts',(-19.5550618353399,11.9999999998088,0.958513148084286));
#5636=CARTESIAN_POINT('Ctrl Pts',(-19.5582241999571,11.9999999998087,0.91797034866172));
#5637=CARTESIAN_POINT('Ctrl Pts',(-19.5612602991255,11.9999999998087,0.877428652664491));
#5638=CARTESIAN_POINT('Ctrl Pts',(-19.5922632917771,11.9999999998085,0.463438913415891));
#5639=CARTESIAN_POINT('Ctrl Pts',(-19.6101390974986,11.9999999998074,0.0491492507596655));
#5640=CARTESIAN_POINT('Ctrl Pts',(-19.6148424965416,11.9999999998058,-0.364801364754237));
#5641=CARTESIAN_POINT('Ctrl Pts',(-19.6195552540816,11.9999999998041,-0.77957563048132));
#5642=CARTESIAN_POINT('Ctrl Pts',(-19.6110432664993,11.9999999998018,-1.19401005513582));
#5643=CARTESIAN_POINT('Ctrl Pts',(-19.5892110341732,11.9999999997991,-1.60747665499125));
#5644=CARTESIAN_POINT('Ctrl Pts',(-19.5757176725892,11.9999999997974,-1.86301874759376));
#5645=CARTESIAN_POINT('Ctrl Pts',(-19.5571352129032,11.9999999997955,-2.11819140588792));
#5646=CARTESIAN_POINT('Ctrl Pts',(-19.5334312446754,11.9999999997936,-2.37284778051879));
#5647=CARTESIAN_POINT('Ctrl Pts',(-19.4954574930405,11.9999999997905,-2.78080723395305));
#5648=CARTESIAN_POINT('Ctrl Pts',(-19.444342626348,11.9999999997871,-3.18744197715579));
#5649=CARTESIAN_POINT('Ctrl Pts',(-19.3803890107311,11.9999999997838,-3.59221252788245));
#5650=CARTESIAN_POINT('Ctrl Pts',(-19.315939068816,11.9999999997806,-4.00012439074771));
#5651=CARTESIAN_POINT('Ctrl Pts',(-19.2384502066091,11.9999999997774,-4.40614353001162));
#5652=CARTESIAN_POINT('Ctrl Pts',(-19.1481795925454,11.999999999775,-4.80971102031298));
#5653=CARTESIAN_POINT('Ctrl Pts',(-19.0623340948285,11.9999999997726,-5.1934954049281));
#5654=CARTESIAN_POINT('Ctrl Pts',(-18.964928753985,11.9999999997708,-5.57506294400879));
#5655=CARTESIAN_POINT('Ctrl Pts',(-18.8561430316701,11.9999999997701,-5.95392084430752));
#5656=CARTESIAN_POINT('Ctrl Pts',(-18.8085492781573,11.9999999997698,-6.11967117568821));
#5657=CARTESIAN_POINT('Ctrl Pts',(-18.7587767373961,11.9999999997697,-6.28490267562177));
#5658=CARTESIAN_POINT('Ctrl Pts',(-18.7068380991085,11.9999999997699,-6.44957305640847));
#5659=CARTESIAN_POINT('Ctrl Pts',(-18.6926954881746,11.9999999997699,-6.49441191250059));
#5660=CARTESIAN_POINT('Ctrl Pts',(-18.6783922653847,11.99999999977,-6.53920916068741));
#5661=CARTESIAN_POINT('Ctrl Pts',(-18.6639286691571,11.9999999997701,-6.58396393775018));
#5662=CARTESIAN_POINT('Ctrl Pts',(-18.6524382569823,11.9999999997702,-6.61951877675098));
#5663=CARTESIAN_POINT('Ctrl Pts',(-18.6408474633063,11.9999999997702,-6.65504416283388));
#5664=CARTESIAN_POINT('Ctrl Pts',(-18.6291598093111,11.9999999997704,-6.69052966086953));
#5665=CARTESIAN_POINT('Ctrl Pts',(-18.4994907075566,11.999999999772,-7.08422480768573));
#5666=CARTESIAN_POINT('Ctrl Pts',(-18.3577893526925,11.9999999997788,-7.47336482673926));
#5667=CARTESIAN_POINT('Ctrl Pts',(-18.2044140326045,11.9999999997891,-7.85741625746522));
#5668=CARTESIAN_POINT('Ctrl Pts',(-18.0496827876337,11.9999999997994,-8.24486292081972));
#5669=CARTESIAN_POINT('Ctrl Pts',(-17.8830701200276,11.9999999998132,-8.62713114246326));
#5670=CARTESIAN_POINT('Ctrl Pts',(-17.7048910649777,11.9999999998286,-9.00366759680107));
#5671=CARTESIAN_POINT('Ctrl Pts',(-17.5260555879512,11.9999999998441,-9.38159123328319));
#5672=CARTESIAN_POINT('Ctrl Pts',(-17.3355681645517,11.9999999998612,-9.75374132241542));
#5673=CARTESIAN_POINT('Ctrl Pts',(-17.1336967783885,11.9999999998782,-10.1195449017964));
#5674=CARTESIAN_POINT('Ctrl Pts',(-16.9325550156385,11.9999999998952,-10.4840263579127));
#5675=CARTESIAN_POINT('Ctrl Pts',(-16.7201112014302,11.999999999912,-10.8422076068546));
#5676=CARTESIAN_POINT('Ctrl Pts',(-16.4965834938898,11.9999999999272,-11.1935007436031));
#5677=CARTESIAN_POINT('Ctrl Pts',(-16.2732361441533,11.9999999999423,-11.5445104324545));
#5678=CARTESIAN_POINT('Ctrl Pts',(-16.0388225803344,11.9999999999558,-11.8886436413531));
#5679=CARTESIAN_POINT('Ctrl Pts',(-15.7935166775056,11.999999999966,-12.2252850297204));
#5680=CARTESIAN_POINT('Ctrl Pts',(-15.5482107746769,11.9999999999762,-12.5619264180877));
#5681=CARTESIAN_POINT('Ctrl Pts',(-15.2920123434389,11.9999999999832,-12.8910765213161));
#5682=CARTESIAN_POINT('Ctrl Pts',(-15.0250543955244,11.9999999999856,-13.2120832065687));
#5683=CARTESIAN_POINT('Ctrl Pts',(-14.9940793918312,11.9999999999859,-13.249329459542));
#5684=CARTESIAN_POINT('Ctrl Pts',(-14.9629594909221,11.9999999999861,-13.2864660327945));
#5685=CARTESIAN_POINT('Ctrl Pts',(-14.9316954422592,11.9999999999862,-13.3234923726054));
#5686=CARTESIAN_POINT('Ctrl Pts',(-14.9084917457297,11.9999999999863,-13.3509727530845));
#5687=CARTESIAN_POINT('Ctrl Pts',(-14.8852109533965,11.9999999999864,-13.3783896573026));
#5688=CARTESIAN_POINT('Ctrl Pts',(-14.8618588670661,11.9999999999865,-13.405736581548));
#5689=CARTESIAN_POINT('Ctrl Pts',(-14.5955905655402,11.9999999999875,-13.717555361581));
#5690=CARTESIAN_POINT('Ctrl Pts',(-14.3198496732121,11.9999999999878,-14.0205237172867));
#5691=CARTESIAN_POINT('Ctrl Pts',(-14.0352462034484,11.9999999999874,-14.3144315915105));
#5692=CARTESIAN_POINT('Ctrl Pts',(-13.7467648212829,11.9999999999871,-14.6123441568626));
#5693=CARTESIAN_POINT('Ctrl Pts',(-13.4491773772674,11.999999999986,-14.9009479853688));
#5694=CARTESIAN_POINT('Ctrl Pts',(-13.1430723025123,11.9999999999844,-15.1799977241289));
#5695=CARTESIAN_POINT('Ctrl Pts',(-12.8188482356778,11.9999999999828,-15.4755649937087));
#5696=CARTESIAN_POINT('Ctrl Pts',(-12.4850682813291,11.9999999999805,-15.7604143517994));
#5697=CARTESIAN_POINT('Ctrl Pts',(-12.142381979873,11.999999999978,-16.0342161938974));
#5698=CARTESIAN_POINT('Ctrl Pts',(-11.813269334943,11.9999999999755,-16.2971728631798));
#5699=CARTESIAN_POINT('Ctrl Pts',(-11.4759411770984,11.9999999999728,-16.5499399300537));
#5700=CARTESIAN_POINT('Ctrl Pts',(-11.1309356682592,11.9999999999702,-16.7921865525979));
#5701=CARTESIAN_POINT('Ctrl Pts',(-10.7864082232304,11.9999999999676,-17.0340975012457));
#5702=CARTESIAN_POINT('Ctrl Pts',(-10.4342242259817,11.9999999999651,-17.2655174568888));
#5703=CARTESIAN_POINT('Ctrl Pts',(-10.0748902610419,11.9999999999631,-17.4860741718997));
#5704=CARTESIAN_POINT('Ctrl Pts',(-9.71852438126129,11.9999999999612,-17.7048090966639));
#5705=CARTESIAN_POINT('Ctrl Pts',(-9.3551256893482,11.9999999999598,-17.912859761409));
#5706=CARTESIAN_POINT('Ctrl Pts',(-8.98516646031899,11.9999999999596,-18.1098167382601));
#5707=CARTESIAN_POINT('Ctrl Pts',(-8.93482970840939,11.9999999999595,-18.1366147573463));
#5708=CARTESIAN_POINT('Ctrl Pts',(-8.88437147818612,11.9999999999595,-18.1632073314467));
#5709=CARTESIAN_POINT('Ctrl Pts',(-8.83379293506831,11.9999999999595,-18.1895933580856));
#5710=CARTESIAN_POINT('Ctrl Pts',(-8.78071275229313,11.9999999999595,-18.2172844505997));
#5711=CARTESIAN_POINT('Ctrl Pts',(-8.72752301226899,11.9999999999865,-18.2447360851228));
#5712=CARTESIAN_POINT('Ctrl Pts',(-8.67422539765878,12.,-18.271947558914));
#5713=CARTESIAN_POINT('Ctrl Pts',(-19.0067058198003,9.65623347946604,-0.000680873218767378));
#5714=CARTESIAN_POINT('Ctrl Pts',(-19.0085736637519,9.67301307750061,1.00169751792851));
#5715=CARTESIAN_POINT('Ctrl Pts',(-18.9321106765903,9.68979267553518,2.00411992336551));
#5716=CARTESIAN_POINT('Ctrl Pts',(-18.775805186388,9.70657227356975,2.99415833948511));
#5717=CARTESIAN_POINT('Ctrl Pts',(-18.5120550337098,9.73488619611827,4.66475086359189));
#5718=CARTESIAN_POINT('Ctrl Pts',(-18.0209673613969,9.76320011866679,6.30008215079628));
#5719=CARTESIAN_POINT('Ctrl Pts',(-17.3216835004445,9.79151404121531,7.83992079758029));
#5720=CARTESIAN_POINT('Ctrl Pts',(-15.9231157785398,9.84814188631236,10.9195980911482));
#5721=CARTESIAN_POINT('Ctrl Pts',(-13.6917633020771,9.90476973140941,13.6173048230346));
#5722=CARTESIAN_POINT('Ctrl Pts',(-10.9261146515092,9.96139757650645,15.5613450554083));
#5723=CARTESIAN_POINT('Ctrl Pts',(-8.85187816358338,10.0038684603292,17.0193752296886));
#5724=CARTESIAN_POINT('Ctrl Pts',(-6.47710007772334,10.046339344152,18.0534679979931));
#5725=CARTESIAN_POINT('Ctrl Pts',(-3.9963582505818,10.0888102279748,18.5864019330033));
#5726=CARTESIAN_POINT('Ctrl Pts',(-1.51561642344022,10.1312811117976,19.1193358680136));
#5727=CARTESIAN_POINT('Ctrl Pts',(1.07108914498288,10.1737519956204,19.1511109697297));
#5728=CARTESIAN_POINT('Ctrl Pts',(3.5616032641559,10.2162228794431,18.6759177534569));
#5729=CARTESIAN_POINT('Ctrl Pts',(6.05211738332892,10.2586937632659,18.200724537184));
#5730=CARTESIAN_POINT('Ctrl Pts',(8.44644005325188,10.3011646470887,17.2185630029224));
#5731=CARTESIAN_POINT('Ctrl Pts',(10.5568940202468,10.3436355309115,15.8103553048291));
#5732=CARTESIAN_POINT('Ctrl Pts',(12.6673479872417,10.3861064147343,14.4021476067358));
#5733=CARTESIAN_POINT('Ctrl Pts',(14.4939332513085,10.4285772985571,12.5678937448109));
#5734=CARTESIAN_POINT('Ctrl Pts',(15.885618578983,10.4710481823798,10.448296334233));
#5735=CARTESIAN_POINT('Ctrl Pts',(17.9731465704948,10.534754508114,7.26890021836614));
#5736=CARTESIAN_POINT('Ctrl Pts',(19.0821497051238,10.5984608338482,3.44748111803004));
#5737=CARTESIAN_POINT('Ctrl Pts',(19.0120264795431,10.6621671595823,-0.353912130325508));
#5738=CARTESIAN_POINT('Ctrl Pts',(18.9419032539624,10.7258734853165,-4.15530537868106));
#5739=CARTESIAN_POINT('Ctrl Pts',(17.6926536681721,10.7895798110507,-7.93667277505605));
#5740=CARTESIAN_POINT('Ctrl Pts',(15.4857136225016,10.8532861367849,-11.0339808943504));
#5741=CARTESIAN_POINT('Ctrl Pts',(13.2787735768312,10.916992462519,-14.1312890136447));
#5742=CARTESIAN_POINT('Ctrl Pts',(10.1141430712806,10.9806987882532,-16.5445378558583));
#5743=CARTESIAN_POINT('Ctrl Pts',(6.54385198971442,11.0444051139874,-17.8530919222555));
#5744=CARTESIAN_POINT('Ctrl Pts',(2.97356090814821,11.1081114397216,-19.1616459886528));
#5745=CARTESIAN_POINT('Ctrl Pts',(-1.00239074943364,11.1718177654557,-19.3655052792337));
#5746=CARTESIAN_POINT('Ctrl Pts',(-4.68781963303457,11.2355240911899,-18.4280067628334));
#5747=CARTESIAN_POINT('Ctrl Pts',(-8.37324851663549,11.2992304169241,-17.4905082464332));
#5748=CARTESIAN_POINT('Ctrl Pts',(-11.7681546262555,11.3629367426583,-15.4116519230518));
#5749=CARTESIAN_POINT('Ctrl Pts',(-14.2792491903114,11.4266430683924,-12.5560815761999));
#5750=CARTESIAN_POINT('Ctrl Pts',(-16.7903437543674,11.4903493941266,-9.70051122934795));
#5751=CARTESIAN_POINT('Ctrl Pts',(-18.4176267728592,11.5540557198608,-6.06822685902553));
#5752=CARTESIAN_POINT('Ctrl Pts',(-18.8760914102348,11.617762045595,-2.29289957633295));
#5753=CARTESIAN_POINT('Ctrl Pts',(-18.9683783835396,11.6305858568621,-1.53294231954436));
#5754=CARTESIAN_POINT('Ctrl Pts',(-19.0133048706047,11.6434096681293,-0.767188968176345));
#5755=CARTESIAN_POINT('Ctrl Pts',(-19.0118879565448,11.6562334793965,-0.00125663959152231));
#5756=CARTESIAN_POINT('Ctrl Pts',(-8.95919614630014,1.99999999982989,16.7657893227482));
#5757=CARTESIAN_POINT('Ctrl Pts',(-9.32030868826884,1.99999999983946,16.5853555027409));
#5758=CARTESIAN_POINT('Ctrl Pts',(-9.67561657684687,1.99999999985156,16.393587720287));
#5759=CARTESIAN_POINT('Ctrl Pts',(-10.0246222916365,1.99999999986414,16.1908697018719));
#5760=CARTESIAN_POINT('Ctrl Pts',(-10.3742825788362,1.99999999987675,15.9877714787317));
#5761=CARTESIAN_POINT('Ctrl Pts',(-10.7176175246149,1.99999999988984,15.7736816285452));
#5762=CARTESIAN_POINT('Ctrl Pts',(-11.0541042853177,1.99999999990149,15.5489388577028));
#5763=CARTESIAN_POINT('Ctrl Pts',(-11.3893419857632,1.99999999991309,15.3250303463201));
#5764=CARTESIAN_POINT('Ctrl Pts',(-11.7177827204681,1.99999999992327,15.0905475456984));
#5765=CARTESIAN_POINT('Ctrl Pts',(-12.0388799187744,1.99999999993024,14.84578307871));
#5766=CARTESIAN_POINT('Ctrl Pts',(-12.3131817267335,1.99999999993619,14.6366895824939));
#5767=CARTESIAN_POINT('Ctrl Pts',(-12.5821241521834,1.9999999999398,14.4200920733812));
#5768=CARTESIAN_POINT('Ctrl Pts',(-12.8453453322708,1.99999999994004,14.1961508906681));
#5769=CARTESIAN_POINT('Ctrl Pts',(-12.882840817685,1.99999999994007,14.1642507854134));
#5770=CARTESIAN_POINT('Ctrl Pts',(-12.9202201739994,1.99999999994004,14.1322016335827));
#5771=CARTESIAN_POINT('Ctrl Pts',(-12.9574823186197,1.99999999993993,14.1000038675344));
#5772=CARTESIAN_POINT('Ctrl Pts',(-12.9871134411638,1.99999999993985,14.0743999748668));
#5773=CARTESIAN_POINT('Ctrl Pts',(-13.0166643617846,1.99999999993974,14.0487073462863));
#5774=CARTESIAN_POINT('Ctrl Pts',(-13.0461305597045,1.99999999993963,14.0229299103441));
#5775=CARTESIAN_POINT('Ctrl Pts',(-13.3533977190233,1.99999999993846,13.7541283656724));
#5776=CARTESIAN_POINT('Ctrl Pts',(-13.6515979841299,1.99999999993629,13.4759845527313));
#5777=CARTESIAN_POINT('Ctrl Pts',(-13.9402487427698,1.99999999993325,13.1889061624487));
#5778=CARTESIAN_POINT('Ctrl Pts',(-14.2294354740352,1.9999999999302,12.9012947191461));
#5779=CARTESIAN_POINT('Ctrl Pts',(-14.5090376932438,1.99999999992628,12.6047151911017));
#5780=CARTESIAN_POINT('Ctrl Pts',(-14.7785447314896,1.99999999992176,12.2995320267031));
#5781=CARTESIAN_POINT('Ctrl Pts',(-14.8650037593587,1.99999999992031,12.2016279426849));
#5782=CARTESIAN_POINT('Ctrl Pts',(-14.9504236119359,1.9999999999188,12.1028380805519));
#5783=CARTESIAN_POINT('Ctrl Pts',(-15.0347867493266,1.99999999991724,12.0031735598453));
#5784=CARTESIAN_POINT('Ctrl Pts',(-15.2947134587247,1.99999999991243,11.6961025841527));
#5785=CARTESIAN_POINT('Ctrl Pts',(-15.5446117721714,1.99999999990715,11.3807313568253));
#5786=CARTESIAN_POINT('Ctrl Pts',(-15.7843154026879,1.99999999990182,11.0576535595234));
#5787=CARTESIAN_POINT('Ctrl Pts',(-16.0260964341655,1.99999999989645,10.7317757957582));
#5788=CARTESIAN_POINT('Ctrl Pts',(-16.2575055998757,1.99999999989102,10.3980568622095));
#5789=CARTESIAN_POINT('Ctrl Pts',(-16.4783315685453,1.99999999988609,10.0570723323496));
#5790=CARTESIAN_POINT('Ctrl Pts',(-16.6870805922303,1.99999999988144,9.73473620436248));
#5791=CARTESIAN_POINT('Ctrl Pts',(-16.8863721994158,1.99999999987724,9.40590683968562));
#5792=CARTESIAN_POINT('Ctrl Pts',(-17.0759914330444,1.99999999987405,9.07104866024471));
#5793=CARTESIAN_POINT('Ctrl Pts',(-17.1589498477569,1.99999999987265,8.92454820673931));
#5794=CARTESIAN_POINT('Ctrl Pts',(-17.2400564359899,1.99999999987145,8.77689356217377));
#5795=CARTESIAN_POINT('Ctrl Pts',(-17.3192909239757,1.99999999987051,8.62812263032272));
#5796=CARTESIAN_POINT('Ctrl Pts',(-17.3774550554292,1.99999999986981,8.51891346829457));
#5797=CARTESIAN_POINT('Ctrl Pts',(-17.4346103441189,1.99999999986924,8.40910276322035));
#5798=CARTESIAN_POINT('Ctrl Pts',(-17.4907482752737,1.99999999986884,8.29870534321318));
#5799=CARTESIAN_POINT('Ctrl Pts',(-17.507956133242,1.99999999986871,8.26486542278026));
#5800=CARTESIAN_POINT('Ctrl Pts',(-17.5250693798323,1.99999999986861,8.23096841247462));
#5801=CARTESIAN_POINT('Ctrl Pts',(-17.5420845914135,1.99999999986851,8.1970210687355));
#5802=CARTESIAN_POINT('Ctrl Pts',(-17.7248664823702,1.99999999986743,7.83234974790158));
#5803=CARTESIAN_POINT('Ctrl Pts',(-17.896030096359,1.99999999986554,7.4624923043829));
#5804=CARTESIAN_POINT('Ctrl Pts',(-18.0554438787951,1.99999999986292,7.08807357725974));
#5805=CARTESIAN_POINT('Ctrl Pts',(-18.2162580031932,1.99999999986028,6.71036583555499));
#5806=CARTESIAN_POINT('Ctrl Pts',(-18.3651152370703,1.99999999985691,6.32801586035173));
#5807=CARTESIAN_POINT('Ctrl Pts',(-18.5018394263119,1.99999999985304,5.94163155232846));
#5808=CARTESIAN_POINT('Ctrl Pts',(-18.6390425018615,1.99999999984915,5.55389390547212));
#5809=CARTESIAN_POINT('Ctrl Pts',(-18.7640276448198,1.99999999984476,5.16209311231907));
#5810=CARTESIAN_POINT('Ctrl Pts',(-18.8765716811086,1.99999999984021,4.76681717429042));
#5811=CARTESIAN_POINT('Ctrl Pts',(-18.9887034127452,1.99999999983568,4.37298932816851));
#5812=CARTESIAN_POINT('Ctrl Pts',(-19.0884852315816,1.99999999983101,3.97571122985623));
#5813=CARTESIAN_POINT('Ctrl Pts',(-19.1756482945079,1.99999999982664,3.57554609872348));
#5814=CARTESIAN_POINT('Ctrl Pts',(-19.2616470541609,1.99999999982233,3.18072627736258));
#5815=CARTESIAN_POINT('Ctrl Pts',(-19.3353620433971,1.99999999981833,2.78309552703752));
#5816=CARTESIAN_POINT('Ctrl Pts',(-19.396485839098,1.99999999981519,2.38318459569273));
#5817=CARTESIAN_POINT('Ctrl Pts',(-19.4446395101053,1.99999999981271,2.068132508377));
#5818=CARTESIAN_POINT('Ctrl Pts',(-19.4849776931068,1.99999999981078,1.75166497525019));
#5819=CARTESIAN_POINT('Ctrl Pts',(-19.5173272857023,1.99999999980969,1.43404002251053));
#5820=CARTESIAN_POINT('Ctrl Pts',(-19.5298808594432,1.99999999980927,1.31078257330511));
#5821=CARTESIAN_POINT('Ctrl Pts',(-19.5412312030023,1.99999999980898,1.18735082717459));
#5822=CARTESIAN_POINT('Ctrl Pts',(-19.5513808008844,1.99999999980884,1.06376104936105));
#5823=CARTESIAN_POINT('Ctrl Pts',(-19.5546545836695,1.99999999980879,1.02389680136585));
#5824=CARTESIAN_POINT('Ctrl Pts',(-19.5578035686877,1.99999999980877,0.98401436838998));
#5825=CARTESIAN_POINT('Ctrl Pts',(-19.5608274159723,1.99999999980875,0.944119778192419));
#5826=CARTESIAN_POINT('Ctrl Pts',(-19.5912269067076,1.99999999980857,0.543049515391649));
#5827=CARTESIAN_POINT('Ctrl Pts',(-19.608921571379,1.99999999980769,0.141579191170732));
#5828=CARTESIAN_POINT('Ctrl Pts',(-19.6141865210438,1.99999999980619,-0.259714502973993));
#5829=CARTESIAN_POINT('Ctrl Pts',(-19.6197396422304,1.99999999980461,-0.682972588400936));
#5830=CARTESIAN_POINT('Ctrl Pts',(-19.6114655483656,1.99999999980234,-1.10603460695311));
#5831=CARTESIAN_POINT('Ctrl Pts',(-19.5896282863965,1.99999999979959,-1.52824043420399));
#5832=CARTESIAN_POINT('Ctrl Pts',(-19.5682796369357,1.99999999979691,-1.94099933314493));
#5833=CARTESIAN_POINT('Ctrl Pts',(-19.5339676717657,1.99999999979378,-2.35294052236576));
#5834=CARTESIAN_POINT('Ctrl Pts',(-19.4868850148993,1.9999999997905,-2.76345455162101));
#5835=CARTESIAN_POINT('Ctrl Pts',(-19.4396446385076,1.99999999978722,-3.1753437385693));
#5836=CARTESIAN_POINT('Ctrl Pts',(-19.3795478000398,1.99999999978379,-3.58579674390994));
#5837=CARTESIAN_POINT('Ctrl Pts',(-19.3067364797897,1.99999999978067,-3.99419693424403));
#5838=CARTESIAN_POINT('Ctrl Pts',(-19.2340822442199,1.99999999977754,-4.40171603338018));
#5839=CARTESIAN_POINT('Ctrl Pts',(-19.1487682215111,1.99999999977471,-4.80719172047207));
#5840=CARTESIAN_POINT('Ctrl Pts',(-19.050884584469,1.99999999977271,-5.21000198851995));
#5841=CARTESIAN_POINT('Ctrl Pts',(-18.9493117997328,1.99999999977064,-5.62799381925211));
#5842=CARTESIAN_POINT('Ctrl Pts',(-18.8342043193525,1.99999999976946,-6.04311629665492));
#5843=CARTESIAN_POINT('Ctrl Pts',(-18.7056064951308,1.99999999976988,-6.45465407572477));
#5844=CARTESIAN_POINT('Ctrl Pts',(-18.6910320932669,1.99999999976993,-6.50129496572935));
#5845=CARTESIAN_POINT('Ctrl Pts',(-18.6762843560516,1.99999999977,-6.54788978420577));
#5846=CARTESIAN_POINT('Ctrl Pts',(-18.6613633023335,1.99999999977009,-6.59443746704014));
#5847=CARTESIAN_POINT('Ctrl Pts',(-18.6498775225263,1.99999999977017,-6.63026847774933));
#5848=CARTESIAN_POINT('Ctrl Pts',(-18.6382905716988,1.99999999977026,-6.66606674618531));
#5849=CARTESIAN_POINT('Ctrl Pts',(-18.6266049943235,1.99999999977041,-6.70182443105942));
#5850=CARTESIAN_POINT('Ctrl Pts',(-18.496595137172,1.99999999977208,-7.09965257024811));
#5851=CARTESIAN_POINT('Ctrl Pts',(-18.3542921642077,1.99999999977911,-7.4927367530697));
#5852=CARTESIAN_POINT('Ctrl Pts',(-18.1999099437281,1.99999999978957,-7.88046993988346));
#5853=CARTESIAN_POINT('Ctrl Pts',(-18.0452409364127,1.99999999980005,-8.26892339599639));
#5854=CARTESIAN_POINT('Ctrl Pts',(-17.8784476634395,1.99999999981398,-8.65200651872892));
#5855=CARTESIAN_POINT('Ctrl Pts',(-17.6996932971529,1.9999999998295,-9.0291033876524));
#5856=CARTESIAN_POINT('Ctrl Pts',(-17.5422638476509,1.99999999984318,-9.36121361084212));
#5857=CARTESIAN_POINT('Ctrl Pts',(-17.3755561300529,1.9999999998581,-9.68868083761772));
#5858=CARTESIAN_POINT('Ctrl Pts',(-17.1996492768503,1.99999999987308,-10.0110755871156));
#5859=CARTESIAN_POINT('Ctrl Pts',(-17.0015733425571,1.99999999988994,-10.3741009045231));
#5860=CARTESIAN_POINT('Ctrl Pts',(-16.7918342340255,1.99999999990688,-10.7306954643645));
#5861=CARTESIAN_POINT('Ctrl Pts',(-16.5709136743081,1.99999999992229,-11.080481595764));
#5862=CARTESIAN_POINT('Ctrl Pts',(-16.3484892968971,1.99999999993781,-11.432648739479));
#5863=CARTESIAN_POINT('Ctrl Pts',(-16.1147304033032,1.99999999995178,-11.7779148695249));
#5864=CARTESIAN_POINT('Ctrl Pts',(-15.8700840719965,1.99999999996267,-12.1158665337113));
#5865=CARTESIAN_POINT('Ctrl Pts',(-15.6411437255976,1.99999999997287,-12.4321221286825));
#5866=CARTESIAN_POINT('Ctrl Pts',(-15.4026683369371,1.99999999998037,-12.7419722817801));
#5867=CARTESIAN_POINT('Ctrl Pts',(-15.1549931874545,1.99999999998401,-13.0450512403092));
#5868=CARTESIAN_POINT('Ctrl Pts',(-15.0958825522182,1.99999999998487,-13.1173846568947));
#5869=CARTESIAN_POINT('Ctrl Pts',(-15.0362477789497,1.99999999998552,-13.1893322613909));
#5870=CARTESIAN_POINT('Ctrl Pts',(-14.9760931990772,1.99999999998593,-13.2608888334088));
#5871=CARTESIAN_POINT('Ctrl Pts',(-14.9382834964037,1.99999999998619,-13.305865171338));
#5872=CARTESIAN_POINT('Ctrl Pts',(-14.9002638175633,1.99999999998634,-13.3506923452978));
#5873=CARTESIAN_POINT('Ctrl Pts',(-14.8620598440271,1.99999999998648,-13.3953404850981));
#5874=CARTESIAN_POINT('Ctrl Pts',(-14.5908055322674,1.99999999998752,-13.71234940621));
#5875=CARTESIAN_POINT('Ctrl Pts',(-14.3100913408253,1.99999999998781,-14.0205454046962));
#5876=CARTESIAN_POINT('Ctrl Pts',(-14.0204577047749,1.99999999998742,-14.3195874668257));
#5877=CARTESIAN_POINT('Ctrl Pts',(-13.7281512982396,1.99999999998703,-14.6213891214124));
#5878=CARTESIAN_POINT('Ctrl Pts',(-13.4267597476608,1.99999999998594,-14.9138675271591));
#5879=CARTESIAN_POINT('Ctrl Pts',(-13.116791776348,1.99999999998432,-15.1966467895076));
#5880=CARTESIAN_POINT('Ctrl Pts',(-12.7944492589084,1.99999999998263,-15.4907151699246));
#5881=CARTESIAN_POINT('Ctrl Pts',(-12.4628317301601,1.99999999998037,-15.7742952001655));
#5882=CARTESIAN_POINT('Ctrl Pts',(-12.1224641944993,1.99999999997783,-16.0469282939122));
#5883=CARTESIAN_POINT('Ctrl Pts',(-11.7947053664524,1.99999999997538,-16.3094618611038));
#5884=CARTESIAN_POINT('Ctrl Pts',(-11.4588321602031,1.99999999997267,-16.5618446865928));
#5885=CARTESIAN_POINT('Ctrl Pts',(-11.1152773195226,1.99999999997007,-16.8036292016947));
#5886=CARTESIAN_POINT('Ctrl Pts',(-10.7740903570573,1.99999999996749,-17.0437472687707));
#5887=CARTESIAN_POINT('Ctrl Pts',(-10.4253268745687,1.99999999996501,-17.2734129586664));
#5888=CARTESIAN_POINT('Ctrl Pts',(-10.0693819066479,1.9999999999631,-17.4921455507764));
#5889=CARTESIAN_POINT('Ctrl Pts',(-9.71860813469741,1.99999999996121,-17.7077003789037));
#5890=CARTESIAN_POINT('Ctrl Pts',(-9.36085962077849,1.99999999995986,-17.9126377429434));
#5891=CARTESIAN_POINT('Ctrl Pts',(-8.99649242194451,1.99999999995958,-18.1064518804164));
#5892=CARTESIAN_POINT('Ctrl Pts',(-8.94302166051191,1.99999999995954,-18.1348940386026));
#5893=CARTESIAN_POINT('Ctrl Pts',(-8.88940832968973,1.99999999995952,-18.1630965674673));
#5894=CARTESIAN_POINT('Ctrl Pts',(-8.8356535221799,1.99999999995953,-18.1910577788138));
#5895=CARTESIAN_POINT('Ctrl Pts',(-8.78255877111851,1.99999999995954,-18.2186756538391));
#5896=CARTESIAN_POINT('Ctrl Pts',(-8.72934846436764,1.99999999998647,-18.2460464138712));
#5897=CARTESIAN_POINT('Ctrl Pts',(-8.6760239963536,1.99999999999998,-18.2731690102509));
#5898=CARTESIAN_POINT('Origin',(0.,12.,0.));
#5899=CARTESIAN_POINT('',(-22.5,12.,2.75545529808154E-15));
#5900=CARTESIAN_POINT('Origin',(0.,12.,0.));
#5901=CARTESIAN_POINT('Origin',(0.,2.,0.));
#5902=CARTESIAN_POINT('Origin',(0.,2.,0.));
#5903=CARTESIAN_POINT('',(-22.5,2.,2.75545529808154E-15));
#5904=CARTESIAN_POINT('Origin',(0.,2.,0.));
#5905=UNCERTAINTY_MEASURE_WITH_UNIT(LENGTH_MEASURE(0.01),#5909,
'DISTANCE_ACCURACY_VALUE',
'Maximum model space distance between geometric entities at asserted c
onnectivities');
#5906=UNCERTAINTY_MEASURE_WITH_UNIT(LENGTH_MEASURE(0.01),#5909,
'DISTANCE_ACCURACY_VALUE',
'Maximum model space distance between geometric entities at asserted c
onnectivities');
#5907=(
GEOMETRIC_REPRESENTATION_CONTEXT(3)
GLOBAL_UNCERTAINTY_ASSIGNED_CONTEXT((#5905))
GLOBAL_UNIT_ASSIGNED_CONTEXT((#5909,#5911,#5912))
REPRESENTATION_CONTEXT('','3D')
);
#5908=(
GEOMETRIC_REPRESENTATION_CONTEXT(3)
GLOBAL_UNCERTAINTY_ASSIGNED_CONTEXT((#5906))
GLOBAL_UNIT_ASSIGNED_CONTEXT((#5909,#5911,#5912))
REPRESENTATION_CONTEXT('','3D')
);
#5909=(
LENGTH_UNIT()
NAMED_UNIT(*)
SI_UNIT(.MILLI.,.METRE.)
);
#5910=(
LENGTH_UNIT()
NAMED_UNIT(*)
SI_UNIT($,.METRE.)
);
#5911=(
NAMED_UNIT(*)
PLANE_ANGLE_UNIT()
SI_UNIT($,.RADIAN.)
);
#5912=(
NAMED_UNIT(*)
SI_UNIT($,.STERADIAN.)
SOLID_ANGLE_UNIT()
);
#5913=SHAPE_DEFINITION_REPRESENTATION(#5914,#5915);
#5914=PRODUCT_DEFINITION_SHAPE('',$,#5917);
#5915=SHAPE_REPRESENTATION('',(#819),#5907);
#5916=PRODUCT_DEFINITION_CONTEXT('part definition',#5921,'design');
#5917=PRODUCT_DEFINITION('2026-08-20-09-36-53-323','(Unsaved)',#5918,#5916);
#5918=PRODUCT_DEFINITION_FORMATION('',$,#5923);
#5919=PRODUCT_RELATED_PRODUCT_CATEGORY('(Unsaved)','(Unsaved)',(#5923));
#5920=APPLICATION_PROTOCOL_DEFINITION('international standard',
'automotive_design',2009,#5921);
#5921=APPLICATION_CONTEXT(
'Core Data for Automotive Mechanical Design Process');
#5922=PRODUCT_CONTEXT('part definition',#5921,'mechanical');
#5923=PRODUCT('2026-08-20-09-36-53-323','(Unsaved)',$,(#5922));
#5924=PRESENTATION_STYLE_ASSIGNMENT((#5925));
#5925=SURFACE_STYLE_USAGE(.BOTH.,#5926);
#5926=SURFACE_SIDE_STYLE('',(#5927));
#5927=SURFACE_STYLE_FILL_AREA(#5928);
#5928=FILL_AREA_STYLE('Steel - Satin',(#5929));
#5929=FILL_AREA_STYLE_COLOUR('Steel - Satin',#5930);
#5930=COLOUR_RGB('Steel - Satin',0.627450980392157,0.627450980392157,0.627450980392157);
ENDSEC;
END-ISO-10303-21;
